id,p_same_figure,p_same_paper,p_related_papers,p_unrelated_papers
1,0.9795182347297668,0.016853541135787964,0.0029748270753771067,0.0006534827407449484
3,0.8992355465888977,0.09186269342899323,0.008412090130150318,0.0004896423779428005
5,0.9560077786445618,0.03884739428758621,0.0044969129376113415,0.0006478416617028415
7,0.9196674823760986,0.07091714441776276,0.008338531479239464,0.0010768198408186436
9,0.9567838311195374,0.03173206001520157,0.010464121587574482,0.0010200254619121552
11,0.9394587874412537,0.054683055728673935,0.0053304145112633705,0.0005277825403027236
13,0.7661880850791931,0.2062167227268219,0.025811048224568367,0.0017841241788119078
15,0.5142760872840881,0.43306389451026917,0.04935357719659805,0.0033064833842217922
17,0.9505203366279602,0.043088648468256,0.0058314139023423195,0.0005596238188445568
19,0.9644094705581665,0.028671137988567352,0.005824894644320011,0.0010944652603939176
21,0.9670363664627075,0.028303517028689384,0.004141719546169043,0.0005183970206417143
23,0.9228495955467224,0.07005924731492996,0.0066191451624035835,0.0004720555152744055
25,0.9719702005386353,0.023218516260385513,0.0041628507897257805,0.0006484470795840025
27,0.9568320512771606,0.040115103125572205,0.0029059285297989845,0.00014695599384140223
29,0.8533967137336731,0.13715332746505737,0.009046243503689766,0.0004037233302369714
31,0.3950486481189728,0.4618586301803589,0.11861510574817657,0.024477610364556313
33,0.9830918908119202,0.014243883080780506,0.0022537095937877893,0.0004104310064576566
35,0.9857930541038513,0.012216915376484394,0.0016794167459011078,0.0003106608346570283
37,0.9620990753173828,0.03241082280874252,0.004817438777536154,0.0006726651918143034
39,0.950295627117157,0.039223384112119675,0.009029735811054707,0.0014512105844914913
41,0.9811068773269653,0.015858115628361702,0.0025486310478299856,0.0004864147340413183
43,0.9707631468772888,0.02392580360174179,0.004425828345119953,0.0008852214086800814
45,0.970304548740387,0.025062182918190956,0.003965413197875023,0.0006678845384158194
47,0.41503462195396423,0.47029584646224976,0.10826825350522995,0.006401210092008114
49,0.974840521812439,0.022220691666007042,0.0026956757064908743,0.0002430225576972589
51,0.9816861152648926,0.01490611582994461,0.0028896823059767485,0.0005180915468372405
53,0.9817009568214417,0.016117596998810768,0.0019249727483838797,0.0002564777387306094
55,0.8482940793037415,0.12608765065670013,0.022606272250413895,0.003011994296684861
57,0.9901008009910583,0.008302501402795315,0.0013983693206682801,0.00019833094847854227
59,0.9771027565002441,0.01789626106619835,0.004250734578818083,0.0007502992521040142
61,0.873297929763794,0.11102735996246338,0.014115545898675919,0.0015591670526191592
63,0.8308494091033936,0.15611198544502258,0.01242019236087799,0.0006183650111779571
65,0.9426966905593872,0.04918652027845383,0.0074260542169213295,0.0006907305796630681
67,0.9701851606369019,0.02709534578025341,0.00236756494268775,0.00035190710332244635
69,0.9703055620193481,0.026264969259500504,0.002901161089539528,0.000528340635355562
71,0.9511440992355347,0.04179035872220993,0.006211581639945507,0.0008538844413124025
73,0.9709422588348389,0.0254735816270113,0.0031389612704515457,0.0004451994027476758
75,0.6815929412841797,0.2546926736831665,0.05772455036640167,0.005989796947687864
77,0.9879856705665588,0.009993334300816059,0.001657057087868452,0.0003640071372501552
79,0.9872050285339355,0.0106294434517622,0.001818483229726553,0.0003470635856501758
81,0.05602477118372917,0.49160176515579224,0.38888901472091675,0.06348438560962677
83,0.9656774401664734,0.029160931706428528,0.004334385972470045,0.0008272319682873785
85,0.9875645041465759,0.010633314028382301,0.0015559974126517773,0.00024619456962682307
87,0.974519670009613,0.020867537707090378,0.003982639405876398,0.0006301450193859637
89,0.9728614687919617,0.02116008661687374,0.005105108488351107,0.0008733810973353684
91,0.13588812947273254,0.7461726665496826,0.1144292876124382,0.003509880742058158
93,0.9613730907440186,0.033940620720386505,0.004315066151320934,0.0003712007019203156
95,0.9864901304244995,0.011131493374705315,0.0019043739885091782,0.0004740361764561385
97,0.9874327778816223,0.01079932227730751,0.0014845451805740595,0.00028333038790151477
99,0.9584269523620605,0.03834190592169762,0.0030031700152903795,0.0002279892796650529
101,0.876850962638855,0.09535311907529831,0.023735269904136658,0.004060626029968262
103,0.958274245262146,0.03545481711626053,0.0054371715523302555,0.0008338172920048237
105,0.9856775999069214,0.011839652433991432,0.001994122751057148,0.00048868078738451
107,0.9471609592437744,0.04642527550458908,0.005810804199427366,0.0006029590731486678
109,0.9599054455757141,0.030856112018227577,0.007924504578113556,0.0013140117516741157
111,0.9826095104217529,0.014920136891305447,0.002217680448666215,0.0002527351607568562
113,0.8506377339363098,0.12447579205036163,0.02302570827305317,0.0018607624806463718
115,0.9496871829032898,0.04441746324300766,0.005473305471241474,0.0004220559785608202
117,0.8700935244560242,0.11592873930931091,0.012805191799998283,0.001172602642327547
119,0.932948648929596,0.056910231709480286,0.009290340356528759,0.0008507390739396214
121,0.9254519939422607,0.06396955996751785,0.009810050018131733,0.0007683824514970183
123,0.9782693982124329,0.01877751387655735,0.002581279259175062,0.00037186851841397583
125,0.9230155348777771,0.0658264085650444,0.010415250435471535,0.0007427810924127698
127,0.008779052644968033,0.47188887000083923,0.4502795338630676,0.06905259191989899
129,0.7215719223022461,0.23062825202941895,0.04470932483673096,0.0030904202722012997
131,0.963954508304596,0.030986269935965538,0.004534292966127396,0.000524882460013032
133,0.9707528948783875,0.023554621264338493,0.0048607708886265755,0.00083157978951931
135,0.9553813934326172,0.03822006657719612,0.005592830944806337,0.000805723771918565
137,0.9703649282455444,0.023180171847343445,0.005420414265245199,0.0010345042683184147
139,0.9871786832809448,0.010629159398376942,0.0018761579412966967,0.0003159965854138136
141,0.9858158826828003,0.011657730676233768,0.0021904229652136564,0.0003359121910762042
143,0.9582444429397583,0.03601202741265297,0.005188024137169123,0.0005554247763939202
145,0.9710127115249634,0.02356092445552349,0.004358333069831133,0.0010680552804842591
147,0.9663351774215698,0.027412820607423782,0.00539790466427803,0.0008540725102648139
149,0.9819897413253784,0.01514553651213646,0.0022866339422762394,0.000578151608351618
151,0.964974582195282,0.03101905807852745,0.0035907167475670576,0.00041565560968592763
153,0.957577109336853,0.03487974405288696,0.006553709506988525,0.0009894621325656772
155,0.9591002464294434,0.034935224801301956,0.005192657466977835,0.0007718196138739586
157,0.9808334112167358,0.015853695571422577,0.0025479206815361977,0.0007650245679542422
159,0.9935764670372009,0.005550072994083166,0.0007749638170935214,9.852559014689177e-05
161,0.7836068272590637,0.16946685314178467,0.04025190696120262,0.006674420554190874
163,0.9762042164802551,0.02026047185063362,0.003058874048292637,0.0004764806944876909
165,0.9857574701309204,0.01184061262756586,0.00187345698941499,0.0005284328362904489
167,0.9454604387283325,0.042194802314043045,0.010340279899537563,0.0020045549608767033
169,0.9743068814277649,0.02022109366953373,0.004238571505993605,0.0012334946077317
171,0.2837629020214081,0.5732167959213257,0.13404010236263275,0.008980127051472664
173,0.9669039249420166,0.027003707364201546,0.005153747275471687,0.0009385671000927687
175,0.9910639524459839,0.007807065267115831,0.0009925569174811244,0.0001364433264825493
177,0.9279631972312927,0.06025690212845802,0.010148917324841022,0.0016310794744640589
179,0.19580651819705963,0.4145223796367645,0.3080468773841858,0.08162429183721542
181,0.9776368141174316,0.01790604367852211,0.003872453235089779,0.000584652996622026
183,0.9808252453804016,0.016103221103549004,0.002628778573125601,0.0004427585517987609
185,0.9861406087875366,0.011480776593089104,0.0018741850508376956,0.0005044300924055278
187,0.9080779552459717,0.08059649914503098,0.010738443583250046,0.0005871823523193598
189,0.9873977303504944,0.010304420255124569,0.0019666331354528666,0.00033123503089882433
191,0.1387127786874771,0.6120294332504272,0.22515307366847992,0.024104665964841843
193,0.9735082983970642,0.0228947214782238,0.0031968189869076014,0.000400128832552582
195,0.7596060633659363,0.21425673365592957,0.024802016094326973,0.0013351584784686565
197,0.9825207591056824,0.01401490531861782,0.002937684068456292,0.0005266977241262794
199,0.9114294648170471,0.07481468468904495,0.012799284420907497,0.0009566087392158806
201,0.9697327017784119,0.027942407876253128,0.002121281810104847,0.00020357323228381574
203,0.9692193269729614,0.026648715138435364,0.0037209945730865,0.00041101151145994663
205,0.9560126066207886,0.03945935517549515,0.004158985335379839,0.0003691309248097241
207,0.9749680757522583,0.021205905824899673,0.003252031048759818,0.0005740175838582218
209,0.9897263646125793,0.00869765505194664,0.0013548334827646613,0.0002211704704677686
211,0.9739872217178345,0.02326670102775097,0.0024142730981111526,0.0003318816307000816
213,0.9874193072319031,0.010799175128340721,0.0014845249243080616,0.00029692365205846727
215,0.9829150438308716,0.014241321943700314,0.002324831672012806,0.0005187400965951383
217,0.9867454171180725,0.010961752384901047,0.0019348642090335488,0.00035791387199424207
219,0.987825334072113,0.010149058885872364,0.0017093804199248552,0.0003162035718560219
221,0.7978582382202148,0.18367739021778107,0.017626984044909477,0.0008374078315682709
223,0.81974196434021,0.13174451887607574,0.04624667763710022,0.00226678978651762
225,0.9374979734420776,0.05542825907468796,0.006218878552317619,0.0008548874757252634
227,0.9596171975135803,0.032836295664310455,0.0061697568744421005,0.0013766589108854532
229,0.46162211894989014,0.31726792454719543,0.1807738095521927,0.040336087346076965
231,0.9374985694885254,0.05289005488157272,0.008110951632261276,0.001500375336036086
233,0.8588512539863586,0.12181100994348526,0.01810559071600437,0.0012321008834987879
235,0.9785409569740295,0.017922602593898773,0.00306619587354362,0.00047021638602018356
237,0.9753457307815552,0.019928820431232452,0.0038633779622614384,0.0008620362496003509
239,0.8558179140090942,0.11764629185199738,0.024277685210108757,0.002258176449686289
241,0.9312821626663208,0.057703182101249695,0.009871850721538067,0.0011427495628595352
243,0.9635444283485413,0.029096519574522972,0.006195006426423788,0.001164007349871099
245,0.9509937167167664,0.04244174435734749,0.0058343177661299706,0.0007302506128326058
247,0.9770282506942749,0.0193489957600832,0.0032083778642117977,0.00041432297439314425
249,0.500463604927063,0.4850659668445587,0.01397695578634739,0.0004934468888677657
251,0.0861591175198555,0.5196059942245483,0.3515830338001251,0.04265185818076134
253,0.9609268307685852,0.031375374644994736,0.006275469437241554,0.0014222970930859447
255,0.9508461356163025,0.04243515804409981,0.006113364361226559,0.0006053050165064633
257,0.9728251695632935,0.022878654301166534,0.003676934400573373,0.0006192967412061989
259,0.6265138387680054,0.2959441840648651,0.07139985263347626,0.006142125930637121
261,0.22550491988658905,0.6946040391921997,0.07672417908906937,0.003166785230860114
263,0.9790078401565552,0.017931153997778893,0.0025832275860011578,0.00047784909838810563
265,0.9033348560333252,0.08669041842222214,0.009280991740524769,0.0006936542922630906
267,0.507930338382721,0.36017653346061707,0.11877362430095673,0.013119431212544441
269,0.9865406155586243,0.011132062412798405,0.0018749452428892255,0.00045235161087475717
271,0.9768566489219666,0.019045673310756683,0.0034147012047469616,0.0006829831982031465
273,0.9148815274238586,0.06731745600700378,0.012847761623561382,0.004953253082931042
275,0.9721240401268005,0.022507721558213234,0.004644731059670448,0.0007235095836222172
277,0.9701327681541443,0.025057746097445488,0.004422954749315977,0.0003864734317176044
279,0.9864087104797363,0.0113058565184474,0.001964663155376911,0.00032072243629954755
281,0.0014183077728375793,0.8589531779289246,0.13804633915424347,0.0015822366112843156
283,0.9814774394035339,0.01561815571039915,0.0024328394792973995,0.0004716274270322174
285,0.17688873410224915,0.6780837774276733,0.13993050158023834,0.00509696826338768
287,0.9556044936180115,0.03763630613684654,0.005771714262664318,0.0009874239331111312
289,0.02197190746665001,0.4846925139427185,0.42773962020874023,0.06559599936008453
291,0.9349192380905151,0.05792853981256485,0.006601753178983927,0.0005504385917447507
293,0.9771684408187866,0.018465591594576836,0.0036933505907654762,0.0006726090796291828
295,0.9015918374061584,0.0825609564781189,0.013905534520745277,0.0019416477298364043
297,0.9801346659660339,0.016602693125605583,0.002840386237949133,0.0004221856943331659
299,0.9718519449234009,0.02321569249033928,0.00416234415024519,0.0007699562702327967
301,0.572429358959198,0.34719598293304443,0.07626883685588837,0.004105753730982542
303,0.9725697040557861,0.022518038749694824,0.004165418446063995,0.0007468183757737279
305,0.9658469557762146,0.028268706053495407,0.0049897232092916965,0.000894608092494309
307,0.7513853907585144,0.20865218341350555,0.03625831380486488,0.003704020055010915
309,0.9750869870185852,0.020879685878753662,0.003572093090042472,0.0004612923366948962
311,0.9882565140724182,0.01015348918735981,0.0013318478595465422,0.0002581904409453273
313,0.9512042999267578,0.03987916186451912,0.007730928249657154,0.0011855761986225843
315,0.9747276902198792,0.021200677379965782,0.0035154169891029596,0.0005562197184190154
317,0.9825596809387207,0.01423617172986269,0.00271702092140913,0.00048713499563746154
319,0.9806775450706482,0.015605427324771881,0.0031212817411869764,0.0005957070388831198
321,0.9774249792098999,0.018470438197255135,0.0035806577652692795,0.0005239660385996103
323,0.20274050533771515,0.6052713394165039,0.18173539638519287,0.010252810083329678
325,0.9589681029319763,0.034388866275548935,0.005883240606635809,0.000759748974815011
327,0.9837101697921753,0.013389306142926216,0.0024767727591097355,0.0004237258108332753
329,0.28916433453559875,0.6315929889678955,0.0766209214925766,0.002621823688969016
331,0.12381841987371445,0.8594701290130615,0.016497207805514336,0.00021426132298074663
333,0.963006854057312,0.030475875362753868,0.006001056171953678,0.0005162369343452156
335,0.9325036406517029,0.056001197546720505,0.01019857544451952,0.0012966034701094031
337,0.5768153071403503,0.37241998314857483,0.048093508929014206,0.0026711851824074984
339,0.9767365455627441,0.020590750500559807,0.002383552258834243,0.00028915773145854473
341,0.9838042855262756,0.013390587642788887,0.002400799887254834,0.0004043606750201434
343,0.9826360940933228,0.015636593103408813,0.0015242291847243905,0.00020308388047851622
345,0.9808217883110046,0.016614332795143127,0.002213645726442337,0.0003502496110741049
347,0.9829703569412231,0.014242122881114483,0.002436540089547634,0.0003510168462526053
349,0.9520705342292786,0.039915479719638824,0.0070454999804496765,0.0009685202967375517
351,0.938021183013916,0.05375289544463158,0.00750558590516448,0.0007202892447821796
353,0.9200397729873657,0.07552146166563034,0.0041945744305849075,0.00024415351799689233
355,0.9742592573165894,0.02086196094751358,0.004044275730848312,0.0008345834212377667
357,0.9918270111083984,0.0071138860657811165,0.0009044291800819337,0.00015472958330065012
359,0.7160488367080688,0.2149968296289444,0.06159762665629387,0.007356788031756878
361,0.5188510417938232,0.41690853238105774,0.061007194221019745,0.0032332628034055233
363,0.1986422836780548,0.6312839388847351,0.16212712228298187,0.00794669147580862
365,0.956465482711792,0.03538789600133896,0.007078023161739111,0.001068621757440269
367,0.9511097073554993,0.04050314053893089,0.007492327596992254,0.0008948309114202857
369,0.8483121991157532,0.13848315179347992,0.01268124021589756,0.0005234172567725182
371,0.8709690570831299,0.10901457071304321,0.0183610487729311,0.0016552986344322562
373,0.9698616862297058,0.024280013516545296,0.005169512704014778,0.0006887709023430943
375,0.9819115400314331,0.015144331380724907,0.0024722442030906677,0.00047183604328893125
377,0.823573112487793,0.16731902956962585,0.008730105124413967,0.0003776272642426193
379,0.4069618284702301,0.5307782888412476,0.0604894757270813,0.001770424540154636
381,0.05805496498942375,0.48608827590942383,0.37269681692123413,0.083159901201725
383,0.2905363142490387,0.6861549615859985,0.022756561636924744,0.0005521715502254665
385,0.96518874168396,0.03054492548108101,0.003591513494029641,0.000674825394526124
387,0.9690284729003906,0.02464118041098118,0.005329028703272343,0.0010012948187068105
389,0.7727392911911011,0.1953790932893753,0.02949782833456993,0.002383790211752057
391,0.9811563491821289,0.015858914703130722,0.0025487595703452826,0.0004360413586255163
393,0.948686420917511,0.04577912762761116,0.005056645255535841,0.00047774810809642076
395,0.224483460187912,0.7023466229438782,0.07063685357570648,0.0025330574717372656
397,0.9901896119117737,0.008566818200051785,0.0010891486890614033,0.00015447413898073137
399,0.48521149158477783,0.3334806561470032,0.15752510726451874,0.02378273382782936
401,0.9735209345817566,0.020846150815486908,0.0047990563325583935,0.000833950936794281
403,0.9888929724693298,0.009694766253232956,0.0011946295853704214,0.00021755817579105496
405,0.976895809173584,0.019960492849349976,0.0028310001362115145,0.0003127050295006484
407,0.9842365980148315,0.013188778422772884,0.0020867676939815283,0.0004879663756582886
409,0.9711132049560547,0.023198045790195465,0.00449714669957757,0.0011916251387447119
411,0.43268436193466187,0.5469642281532288,0.019614292308688164,0.0007371296524070203
413,0.9878968000411987,0.01080439705401659,0.0011749237310141325,0.00012383604189381003
415,0.938085675239563,0.05375659093260765,0.007275163661688566,0.0008825775585137308
417,0.9736620783805847,0.02254333160817623,0.003247674787417054,0.000546997704077512
419,0.2965521514415741,0.6084855198860168,0.09186757355928421,0.0030947993509471416
421,0.38548487424850464,0.48729851841926575,0.11756624281406403,0.009650424122810364
423,0.74529629945755,0.21689358353614807,0.03485797345638275,0.002952144481241703
425,0.11748857796192169,0.7661217451095581,0.11387383192777634,0.002515800530090928
427,0.9555622935295105,0.03763464093208313,0.0062404354102909565,0.0005625922931358218
429,0.9836398959159851,0.01277525257319212,0.0029873447492718697,0.0005975064705125988
431,0.9825865030288696,0.01423656102269888,0.0026334989815950394,0.0005434532067738473
433,0.9780208468437195,0.019068371504545212,0.0026212623342871666,0.0002895379438996315
435,0.35853111743927,0.5553038120269775,0.08253854513168335,0.0036264904774725437
437,0.9631854891777039,0.03295839577913284,0.0035840594209730625,0.0002720882184803486
439,0.5960222482681274,0.35590115189552307,0.04596030339598656,0.002116265706717968
441,0.9778713583946228,0.01763266511261463,0.003873382229357958,0.0006225091638043523
443,0.9787853956222534,0.01710614003241062,0.00336839840747416,0.0007399389869533479
445,0.7637441754341125,0.20237207412719727,0.03201990947127342,0.0018637822940945625
447,0.9789627194404602,0.017930326983332634,0.002665105042979121,0.0004419177712406963
449,0.9288793206214905,0.05938126519322395,0.010001438669860363,0.0017379892524331808
451,0.801891028881073,0.18460580706596375,0.012760414741933346,0.0007427451782859862
453,0.9805964231491089,0.01635299250483513,0.002628165064379573,0.0004223845899105072
455,0.9865593910217285,0.01130758412182331,0.001817293930798769,0.0003157983592245728
457,0.9833539724349976,0.014472048729658127,0.0018688889686018229,0.0003050877421628684
459,0.9891940355300903,0.009547368623316288,0.0011402704985812306,0.00011832034942926839
461,0.9746355414390564,0.020546458661556244,0.003983112517744303,0.0008349057752639055
463,0.9182903170585632,0.07537785917520523,0.005904050078243017,0.0004276879772078246
465,0.9743795394897461,0.020864536985754967,0.00417316984385252,0.0005827050772495568
467,0.9870156049728394,0.010627403855323792,0.0020602159202098846,0.0002968022308778018
469,0.9420647621154785,0.04992760345339775,0.006971455179154873,0.0010362142929807305
471,0.957832396030426,0.03599654138088226,0.005607179366052151,0.0005639288574457169
473,0.982032835483551,0.014911380596458912,0.0025912094861268997,0.0004645782755687833
475,0.049270134419202805,0.39364251494407654,0.44605541229248047,0.11103197187185287
477,0.9876147508621216,0.010306685231626034,0.001709015923552215,0.00036960060242563486
479,0.8485803604125977,0.13637927174568176,0.013932019472122192,0.0011084247380495071
481,0.9671497344970703,0.027867978438735008,0.004273693077266216,0.000708647770807147
483,0.08675872534513474,0.5836964249610901,0.29812297224998474,0.031421929597854614
485,0.9869377613067627,0.010963888838887215,0.001762057188898325,0.00033629449899308383
487,0.9887155890464783,0.009693026542663574,0.0013964128447696567,0.000194982931134291
489,0.8900181651115417,0.08812373131513596,0.019358213990926743,0.002499877940863371
491,0.9628103971481323,0.03243478387594223,0.0042545185424387455,0.0005002518882974982
493,0.9845322966575623,0.012988205999135971,0.002087394706904888,0.0003922097967006266
495,0.848307192325592,0.1363353729248047,0.014825784601271152,0.0005316567257978022
497,0.9906176924705505,0.008178049698472023,0.0010236029047518969,0.00018067663768306375
499,0.9342207312583923,0.05610431358218193,0.008739366196095943,0.0009356280788779259
501,0.9826268553733826,0.015155363827943802,0.0019267883617430925,0.0002909015165641904
503,0.9805518388748169,0.01687132567167282,0.002247886499390006,0.00032893847674131393
505,0.9815741181373596,0.015619694255292416,0.0024330790620297194,0.0003731247561518103
507,0.9832794666290283,0.014470953494310379,0.0019584307447075844,0.00029109473689459264
509,0.9707630276679993,0.02430257759988308,0.004223154857754707,0.0007112952880561352
511,0.5821588039398193,0.3700426518917084,0.04559820145368576,0.0022003541234880686
513,0.9706595540046692,0.02546616643667221,0.0033930386416614056,0.00048123515443876386
515,0.9798880815505981,0.016859903931617737,0.0027956461999565363,0.00045637672883458436
517,0.9807717204093933,0.01585269719362259,0.0027981672901660204,0.0005774344899691641
519,0.9901620149612427,0.008303014561533928,0.0013137275818735361,0.00022126782278064638
521,0.7552109360694885,0.2197788953781128,0.02352931536734104,0.0014808587729930878
523,0.7110227942466736,0.26157069206237793,0.025899004191160202,0.0015075028641149402
525,0.9733849167823792,0.02117147110402584,0.0044377814047038555,0.0010057963663712144
527,0.9796825051307678,0.01794351264834404,0.002109822118654847,0.0002640751772560179
529,0.9272449612617493,0.06409349292516708,0.007775422651320696,0.0008861162350513041
531,0.9487561583518982,0.04437391832470894,0.006293559446930885,0.0005763165536336601
533,0.7516536712646484,0.20230484008789062,0.039836183190345764,0.006205280311405659
535,0.9840287566184998,0.0133936433121562,0.0021191819105297327,0.0004583052359521389
537,0.9893799424171448,0.009111873805522919,0.0013333618408069015,0.00017489898891653866
539,0.9780494570732117,0.01819569803774357,0.003262308891862631,0.0004925350076518953
541,0.9881870150566101,0.009995370171964169,0.0017100062686949968,0.00010762223973870277
543,0.96827232837677,0.02540353499352932,0.005242316052317619,0.0010818130103871226
545,0.969477117061615,0.02543514221906662,0.004489569924771786,0.0005981771973893046
547,0.9736843109130859,0.021177982911467552,0.004235863219946623,0.0009018673445098102
549,0.9856823086738586,0.011839709244668484,0.0019327796762809157,0.0005451655015349388
551,0.9683862328529358,0.025406522676348686,0.005581072997301817,0.0006261789822019637
553,0.9909259080886841,0.007107422687113285,0.0017417490016669035,0.00022492567950394005
555,0.20403538644313812,0.6091371774673462,0.18006059527397156,0.00676690274849534
557,0.9847043752670288,0.012990475632250309,0.0019308620830997825,0.00037431466626003385
559,0.9225043654441833,0.07454978674650192,0.0027582382317632437,0.00018770045426208526
561,0.9173182249069214,0.07184991240501404,0.010190485045313835,0.0006413560477085412
563,0.9897762537002563,0.008974200114607811,0.0010718154953792691,0.00017772441788110882
565,0.9902121424674988,0.00830343458801508,0.0012733729090541601,0.00021114593255333602
567,0.9421825408935547,0.05315430462360382,0.004431881010532379,0.0002312395954504609
569,0.9882362484931946,0.009840896353125572,0.0016064821975305676,0.0003163351211696863
571,0.9703187942504883,0.025858120992779732,0.0033918474800884724,0.0004312249948270619
573,0.40878021717071533,0.4632086753845215,0.1171174943447113,0.010893624275922775
575,0.9791535139083862,0.016847265884280205,0.0034227301366627216,0.0005764817469753325
577,0.10701726377010345,0.5026354789733887,0.3348274230957031,0.05551982298493385
579,0.8843842148780823,0.10398707538843155,0.010960157960653305,0.0006685738917440176
581,0.9739181995391846,0.022199667990207672,0.003299686126410961,0.0005824291729368269
583,0.971696138381958,0.023948797956109047,0.003909533843398094,0.0004455450689420104
585,0.9760899543762207,0.01933041401207447,0.0038063842803239822,0.0007733139209449291
587,0.9699162840843201,0.025052154436707497,0.004353411495685577,0.0006781307165510952
589,0.8377425074577332,0.1455778032541275,0.015585418790578842,0.0010942681692540646
591,0.9837805032730103,0.013601129874587059,0.0022203235421329737,0.0003980820474680513
593,0.9134553074836731,0.0749809741973877,0.01063456479460001,0.0009292378090322018
595,0.41320091485977173,0.40679481625556946,0.15440191328525543,0.025602344423532486
597,0.9632123708724976,0.031449999660253525,0.004674625117331743,0.0006630027783103287
599,0.9685326814651489,0.027475159615278244,0.003548082197085023,0.00044409456313587725
601,0.9803588390350342,0.016095563769340515,0.0029312199912965298,0.0006144170183688402
603,0.9769898653030396,0.01904827170073986,0.003310092957690358,0.000651795940939337
605,0.9634766578674316,0.029552645981311798,0.005910900421440601,0.0010597661603242159
607,0.9413937330245972,0.05147578567266464,0.00624472089111805,0.000885689863935113
609,0.97374027967453,0.023999178782105446,0.0020325062796473503,0.00022804086620453745
611,0.9776721596717834,0.018188679590821266,0.0033645671792328358,0.0007745674229227006
613,0.9710866808891296,0.022837771102786064,0.005176042206585407,0.000899461330845952
615,0.969036877155304,0.026230625808238983,0.004085943568497896,0.0006464901380240917
617,0.9702883958816528,0.024290695786476135,0.004858444910496473,0.0005624057957902551
619,0.9813955426216125,0.016112584620714188,0.002146793995052576,0.00034502119524404407
621,0.3294927179813385,0.5782777667045593,0.08868177235126495,0.00354771688580513
623,0.9834302663803101,0.014027878642082214,0.0021851221099495888,0.0003567113890312612
625,0.8995604515075684,0.0773840919137001,0.019262423738837242,0.003792996285483241
627,0.9334728717803955,0.051042668521404266,0.013737947680056095,0.0017465840792283416
629,0.939818263053894,0.05059291422367096,0.008131020702421665,0.0014578117989003658
631,0.9431650638580322,0.04695742204785347,0.008961981162428856,0.000915523967705667
633,0.9589025378227234,0.03603675961494446,0.004440600052475929,0.0006200466305017471
635,0.2965497672557831,0.5627525448799133,0.12955300509929657,0.011144710704684258
637,0.963252067565918,0.029087692499160767,0.006908932235091925,0.0007513115997426212
639,0.9823923707008362,0.014685575850307941,0.002435107249766588,0.00048705204972065985
641,0.9853532910346985,0.012403767555952072,0.0019934666343033314,0.0002495116204954684
643,0.9766221642494202,0.019645528867840767,0.0031573239248245955,0.0005749913980253041
645,0.981374979019165,0.01662370376288891,0.00180774403270334,0.00019353530660737306
647,0.8795682787895203,0.10504945367574692,0.013996484689414501,0.0013858395395800471
649,0.9447450041770935,0.04282684251666069,0.01066044345498085,0.0017676749266684055
651,0.9554969668388367,0.035352062433958054,0.007645418867468834,0.0015054721152409911
653,0.9510867595672607,0.04518342390656471,0.0034301544073969126,0.0002997235569637269
655,0.9611400961875916,0.0339323990046978,0.004450961947441101,0.00047651558998040855
657,0.9790596961975098,0.017654092982411385,0.002837270963937044,0.00044892143341712654
659,0.977491021156311,0.01847168616950512,0.0034707272425293922,0.0005665806238539517
661,0.9808983206748962,0.015128702856600285,0.003171148244291544,0.0008017918444238603
663,0.9734419584274292,0.023253675550222397,0.002910538809373975,0.00039389857556670904
665,0.983214259147644,0.013807364739477634,0.002362161409109831,0.0006162065546959639
667,0.5720372200012207,0.34695810079574585,0.07503494620323181,0.005969744175672531
669,0.29855048656463623,0.48459529876708984,0.1868281215429306,0.030026011168956757
671,0.8194885849952698,0.16390801966190338,0.01572977565228939,0.0008736551972106099
673,0.9215223789215088,0.06780609488487244,0.009467852301895618,0.0012037022970616817
675,0.9658284187316895,0.0300913043320179,0.0035938937216997147,0.000486380624352023
677,0.9778327345848083,0.018191667273640633,0.003312948625534773,0.0006626314134337008
679,0.9309309124946594,0.056787144392728806,0.010838017798960209,0.001444026012904942
681,0.942317008972168,0.04994097352027893,0.00708313612267375,0.0006588342948816717
683,0.9882319569587708,0.010313126258552074,0.0012908391654491425,0.00016411177057307214
685,0.9858821630477905,0.012218019925057888,0.0016795685514807701,0.0002203114127041772
687,0.766435980796814,0.20953193306922913,0.02243228442966938,0.0015997959999367595
689,0.9750890135765076,0.021542521193623543,0.002961375517770648,0.0004070898867212236
691,0.9420294165611267,0.05151054635643959,0.005962777882814407,0.000497162458486855
693,0.9822337031364441,0.014455562457442284,0.002758892485871911,0.0005518132238648832
695,0.9794788956642151,0.018222292885184288,0.001920615672133863,0.0003781916166190058
697,0.9816111326217651,0.015620282851159573,0.0023954478092491627,0.0003731388133019209
699,0.9862655997276306,0.011128959245979786,0.0021239991765469313,0.0004813915875274688
701,0.9827530384063721,0.014922316186130047,0.0020513187628239393,0.00027331177261658013
703,0.9720625281333923,0.02395782805979252,0.003561013378202915,0.00041870868881233037
705,0.9738020300865173,0.022546570748090744,0.0031977836042642593,0.00045354219037108123
707,0.9579798579216003,0.034894414246082306,0.006354744546115398,0.0007709180354140699
709,0.9814113974571228,0.01611284352838993,0.0021806363947689533,0.0002951170317828655
711,0.9666768312454224,0.02742251195013523,0.005072654690593481,0.0008280880865640938
713,0.9764705896377563,0.02026600018143654,0.0028743301518261433,0.00038899824721738696
715,0.9861976504325867,0.012414396740496159,0.0012682104716077447,0.0001198195677716285
717,0.9783350825309753,0.019074497744441032,0.002313998993486166,0.000276367791229859
719,0.8301981091499329,0.1465386599302292,0.02178102731704712,0.0014822175726294518
721,0.9261114001274109,0.06204559653997421,0.009817039594054222,0.002025860594585538
723,0.9648670554161072,0.03200014308094978,0.0029303308110684156,0.000202551789698191
725,0.9798872470855713,0.01712539605796337,0.0026262644678354263,0.00036102341255173087
727,0.9687314629554749,0.025815818458795547,0.0047754463739693165,0.0006773023051209748
729,0.9018184542655945,0.08004093170166016,0.01576099544763565,0.0023795543238520622
731,0.9664167165756226,0.02784685790538788,0.005071289371699095,0.0006652083829976618
733,0.9757980704307556,0.021558186039328575,0.002418761607259512,0.00022497987083625048
735,0.9707412123680115,0.02355433627963066,0.005015007685869932,0.0006893955869600177
737,0.9201580286026001,0.06562262028455734,0.012524296529591084,0.0016949791461229324
739,0.9904831647872925,0.008305707946419716,0.001072581042535603,0.00013851078983861953
741,0.9765300750732422,0.018744127824902534,0.004053702112287283,0.000672169669996947
743,0.9713019132614136,0.02431606873869896,0.003907947335392237,0.00047408786485902965
745,0.8517375588417053,0.13688668608665466,0.01072179339826107,0.0006540336180478334
747,0.9696744680404663,0.0235284510999918,0.0055884975008666515,0.0012085973285138607
749,0.978033185005188,0.01848193071782589,0.003161885542795062,0.00032300694147124887
751,0.9850181937217712,0.012994615361094475,0.0017045227577909827,0.00028263754211366177
753,0.9799920916557312,0.016861695796251297,0.002667907392606139,0.00047832951531745493
755,0.966532289981842,0.027850188314914703,0.004839636851102114,0.0007778004510328174
757,0.02782467007637024,0.6636785864830017,0.29450559616088867,0.013991122134029865
759,0.9519035220146179,0.04248235002160072,0.005234852898865938,0.00037921141483820975
761,0.9705225825309753,0.025462571531534195,0.003668231423944235,0.00034657176001928747
763,0.9867246747016907,0.011309477500617504,0.0016549421707168221,0.00031095443409867585
765,0.9780156016349792,0.018481599166989326,0.002970263594761491,0.0005325388628989458
767,0.9762258529663086,0.020260920748114586,0.0029648279305547476,0.0005484379944391549
769,0.9802591800689697,0.016604803502559662,0.002796705113723874,0.0003392788057681173
771,0.9654950499534607,0.031524527817964554,0.002711876993998885,0.0002685121726244688
773,0.980238676071167,0.01609358936548233,0.0030238961335271597,0.0006438246346078813
775,0.5869148969650269,0.37894076108932495,0.03209274262189865,0.002051620278507471
777,0.9309129118919373,0.0623672753572464,0.006272441707551479,0.0004473297740332782
779,0.07261975854635239,0.6176130175590515,0.2963339686393738,0.01343330554664135
781,0.9569762945175171,0.039499130100011826,0.003293344285339117,0.0002312290744157508
783,0.9709532856941223,0.023930490016937256,0.00442669540643692,0.0006895461119711399
785,0.946143627166748,0.04784752428531647,0.005625975783914328,0.0003828524495474994
787,0.9631562232971191,0.030480602756142616,0.005550931207835674,0.0008122806902974844
789,0.9737599492073059,0.022545598447322845,0.003248001215979457,0.0004464913799893111
791,0.9705257415771484,0.027104856446385384,0.002224902156740427,0.00014447307330556214
793,0.86322420835495,0.11323036998510361,0.020620781928300858,0.0029246488120406866
795,0.9409833550453186,0.05065563693642616,0.007529288064688444,0.000831665878649801
797,0.9489560127258301,0.04369517043232918,0.006596983410418034,0.0007518168422393501
799,0.621792197227478,0.2716408967971802,0.09535492956638336,0.011211958713829517
801,0.9724827408790588,0.023596594110131264,0.0033994116820394993,0.000521316658705473
803,0.9642801880836487,0.03148486465215683,0.00381954712793231,0.0004153565096203238
805,0.939251184463501,0.05216740816831589,0.007515427656471729,0.00106591428630054
807,0.9864128828048706,0.011848485097289085,0.0014600197318941355,0.0002786496770568192
809,0.9733762145042419,0.02117128297686577,0.004507626406848431,0.0009448497439734638
811,0.8682485222816467,0.1138894110918045,0.015902526676654816,0.001959575805813074
813,0.9668523073196411,0.027427490800619125,0.00491747772321105,0.0008027561707422137
815,0.2499013990163803,0.5373724102973938,0.19462339580059052,0.018102794885635376
817,0.007275965064764023,0.5780014991760254,0.3850320279598236,0.02969047985970974
819,0.987999439239502,0.009993473067879677,0.0017366050742566586,0.000270510878181085
821,0.97093665599823,0.02283424139022827,0.005256740842014551,0.0009723993134684861
823,0.9840369820594788,0.01339375413954258,0.0022914009168744087,0.000277978484518826
825,0.6750918030738831,0.27705711126327515,0.0438368059694767,0.004014242440462112
827,0.9769566655158997,0.018752316012978554,0.0037506993394345045,0.0005403394461609423
829,0.9686522483825684,0.027052534744143486,0.003836865071207285,0.0004582481924444437
831,0.991841197013855,0.006895114202052355,0.0010740516008809209,0.0001895813475130126
833,0.02650757133960724,0.4554019570350647,0.40821966528892517,0.10987084358930588
835,0.8989415764808655,0.08626880496740341,0.013438087888062,0.0013515038881450891
837,0.93467116355896,0.05975152552127838,0.005060396157205105,0.0005169520154595375
839,0.8215200901031494,0.14960992336273193,0.025998303666710854,0.002871706383302808
841,0.24915622174739838,0.5614821910858154,0.16858752071857452,0.020774060860276222
843,0.08123789727687836,0.609724223613739,0.2791520953178406,0.029885750263929367
845,0.9697652459144592,0.024659914895892143,0.004633460659533739,0.0009413445950485766
847,0.9312888979911804,0.055928245186805725,0.011012923903763294,0.0017699380405247211
849,0.9741297364234924,0.023270104080438614,0.0022683313582092524,0.0003319302049931139
851,0.953217089176178,0.03638722375035286,0.008917071856558323,0.0014785955427214503
853,0.7472480535507202,0.19493131339550018,0.05165165290236473,0.006168909836560488
855,0.05603978782892227,0.31748703122138977,0.40134119987487793,0.22513200342655182
857,0.9783545732498169,0.01848800666630268,0.00279127131216228,0.00036613515112549067
859,0.9755581617355347,0.020247062668204308,0.003573819063603878,0.0006210365681909025
861,0.563184916973114,0.35243213176727295,0.079876609146595,0.004506330005824566
863,0.9724747538566589,0.023596398532390594,0.003399383742362261,0.000529521785210818
865,0.9768291115760803,0.019045136868953705,0.0035229958593845367,0.0006027134950272739
867,0.9611594080924988,0.035561561584472656,0.0030117318965494633,0.0002673064009286463
869,0.9751156568527222,0.0212091151624918,0.003152453573420644,0.0005227280780673027
871,0.9782575964927673,0.019373342394828796,0.0021399299148470163,0.00022909879044163972
873,0.6854220628738403,0.28129664063453674,0.03205762058496475,0.0012237376067787409
875,0.981255292892456,0.016363980248570442,0.0018942683236673474,0.0004864883085247129
877,0.9827327728271484,0.01539568416774273,0.001622693263925612,0.00024884805316105485
879,0.9735649824142456,0.021508852019906044,0.004105036612600088,0.0008210589294321835
881,0.9381321668624878,0.05210525915026665,0.008374076336622238,0.0013885579537600279
883,0.8471044898033142,0.13828600943088531,0.013692168518900871,0.0009173181606456637
885,0.9828741550445557,0.014240728691220284,0.0024746679700911045,0.00041034011519514024
887,0.9813641905784607,0.01561635360121727,0.002432558685541153,0.0005868820589967072
889,0.9194726943969727,0.0731528028845787,0.006911421660333872,0.000463036383735016
891,0.9835388660430908,0.014250359497964382,0.001928576617501676,0.00028221309185028076
893,0.8238166570663452,0.14315785467624664,0.03000752069056034,0.0030179356690496206
895,0.9489532113075256,0.045792002230882645,0.004826441407203674,0.0004283710732124746
897,0.9688566327095032,0.026225749403238297,0.004281235858798027,0.0006363489083014429
899,0.929615318775177,0.06131478026509285,0.008298052474856377,0.0007718391134403646
901,0.9766570329666138,0.021242640912532806,0.0018853916553780437,0.00021486626064870507
903,0.9427003860473633,0.04767339304089546,0.008818690665066242,0.0008075490477494895
905,0.9831492304801941,0.01446903683245182,0.001958171371370554,0.00042348421993665397
907,0.9339370727539062,0.05877896770834923,0.006698670331388712,0.0005853232578374445
909,0.8839787244796753,0.09764201939105988,0.016445599496364594,0.00193369563203305
911,0.9924098253250122,0.006686804816126823,0.0007986249402165413,0.0001047567930072546
913,0.989632248878479,0.008696828037500381,0.0013337020063772798,0.00033721260842867196
915,0.9859283566474915,0.011842665262520313,0.0019032895797863603,0.00032561441184952855
917,0.9700726270675659,0.02585155889391899,0.0036096866242587566,0.0004661471175495535
919,0.9906052947044373,0.00843754317611456,0.0008619492873549461,9.52087139012292e-05
921,0.8970212340354919,0.0960342139005661,0.006139262113720179,0.000805295945610851
923,0.9883514046669006,0.009842042811214924,0.0015093261608853936,0.00029720395104959607
925,0.9664226770401001,0.027847031131386757,0.004915292374789715,0.0008150354842655361
927,0.3911907970905304,0.4945114850997925,0.1086297556757927,0.0056679099798202515
929,0.6459505558013916,0.2866388261318207,0.059151265770196915,0.008259367197751999
931,0.9699547290802002,0.026255471631884575,0.0033380084205418825,0.0004517503548413515
933,0.9500017166137695,0.041093043982982635,0.007721154019236565,0.0011840773513540626
935,0.9892455339431763,0.009110636077821255,0.0013971613952890038,0.0002466136356815696
937,0.9658541083335876,0.030092105269432068,0.0036505863536149263,0.00040323438588529825
939,0.9869946837425232,0.011137186549603939,0.0016297305701300502,0.00023848227283451706
941,0.9783545136451721,0.018488002941012383,0.0025815037079155445,0.0005760113126598299
943,0.9802120923995972,0.016865480691194534,0.002506829798221588,0.0004156731301918626
945,0.8797003626823425,0.08710213005542755,0.028723234310746193,0.004474216606467962
947,0.973447859287262,0.02325381524860859,0.0029105565045028925,0.0003877940762322396
949,0.842879593372345,0.12334052473306656,0.030225899070501328,0.0035540014505386353
951,0.4374310374259949,0.4306493103504181,0.12147020548582077,0.010449394583702087
953,0.9486819505691528,0.03854971006512642,0.011756997555494308,0.0010113880271092057
955,0.5066919326782227,0.39461207389831543,0.09372858703136444,0.00496743293479085
957,0.9688469171524048,0.026225484907627106,0.004281192552298307,0.0006463634199462831
959,0.9769797325134277,0.01875275932252407,0.003468911862000823,0.000798588793259114
961,0.6230918169021606,0.33351704478263855,0.04046020656824112,0.0029309275560081005
963,0.9852046966552734,0.01202032994478941,0.002330247312784195,0.0004447355167940259
965,0.9862755537033081,0.011304331012070179,0.0019953325390815735,0.00042483085417188704
967,0.9820314645767212,0.015873059630393982,0.001955944811925292,0.00013949148706160486
969,0.9851946234703064,0.012996942736208439,0.0016015376895666122,0.00020681909518316388
971,0.7329115271568298,0.23794153332710266,0.02754373475909233,0.0016032375860959291
973,0.9693177938461304,0.025831444188952446,0.004151490982621908,0.0006992251146584749
975,0.9887250065803528,0.009845763444900513,0.0012517482973635197,0.00017753566498868167
977,0.9733151197433472,0.022535299882292747,0.003510322654619813,0.0006392772193066776
979,0.9833589196205139,0.015894515439867973,0.0006983563071116805,4.8272133426507935e-05
981,0.9822694659233093,0.014456088654696941,0.0028024406637996435,0.00047200804692693055
983,0.9757193922996521,0.02056930772960186,0.003154405392706394,0.0005567856132984161
985,0.8132675290107727,0.16014185547828674,0.024945290759205818,0.0016453203279525042
987,0.8342365622520447,0.14725150167942047,0.01704559661448002,0.0014663363108411431
989,0.9543097615242004,0.03817719593644142,0.006430088542401791,0.0010830035898834467
991,0.5755813121795654,0.3436952829360962,0.07432931661605835,0.006394131109118462
993,0.9766478538513184,0.019646044820547104,0.0031574068125337362,0.0005486750742420554
995,0.1425442099571228,0.6488990783691406,0.19790303707122803,0.010653646662831306
997,0.9746518135070801,0.02153286337852478,0.0033541731536388397,0.0004610864561982453
999,0.7974550724029541,0.16978797316551208,0.029969362542033195,0.0027875849045813084
1001,0.0018132970435544848,0.5970624685287476,0.37363216280937195,0.02749204821884632
1003,0.00015665710088796914,0.9581977128982544,0.04144756868481636,0.00019803314353339374
1005,0.001481965184211731,0.4803999662399292,0.4956494867801666,0.022468606010079384
1007,0.002489497186616063,0.21052002906799316,0.40578797459602356,0.3812025189399719
1009,0.00021902070147916675,0.05034558102488518,0.35497093200683594,0.5944644808769226
1011,0.0013337149284780025,0.8733559846878052,0.12386821955442429,0.0014420897932723165
1013,0.001573096844367683,0.3616027534008026,0.5688809752464294,0.06794314831495285
1015,0.0003569864493329078,0.9539082646369934,0.04531746357679367,0.00041735940612852573
1017,0.00018556830764282495,0.6777597069740295,0.32015103101730347,0.0019036876037716866
1019,0.0031507201492786407,0.31639963388442993,0.48245182633399963,0.1979978233575821
1021,0.00035472738090902567,0.5485861301422119,0.43396738171577454,0.017091725021600723
1023,0.0012091003591194749,0.9700779914855957,0.028392542153596878,0.00032037965138442814
1025,0.001985662616789341,0.6436806321144104,0.3391958773136139,0.01513791736215353
1027,0.0008760936325415969,0.3881794810295105,0.5736920237541199,0.03725245222449303
1029,0.0025620399974286556,0.9121493697166443,0.08352773636579514,0.001760862534865737
1031,0.00022885877115186304,0.7730546593666077,0.2249717265367508,0.0017447300488129258
1033,0.0009990637190639973,0.3727613091468811,0.5773440003395081,0.048895642161369324
1035,0.0049362811259925365,0.43746083974838257,0.45845499634742737,0.09914784878492355
1037,0.0003911190724465996,0.09132108837366104,0.4860233664512634,0.42226442694664
1039,0.0001449554692953825,0.9891008734703064,0.010649856179952621,0.00010440751066198573
1041,0.0004110071749892086,0.9844719767570496,0.01494841743260622,0.0001686770119704306
1043,0.0006662264349870384,0.8812790513038635,0.11741907149553299,0.0006357177044264972
1045,0.0008204842451959848,0.9578004479408264,0.040788065642118454,0.0005909726023674011
1047,0.001739496598020196,0.30657753348350525,0.5638824105262756,0.12780053913593292
1049,0.0010620697867125273,0.8004864454269409,0.19616764783859253,0.0022838087752461433
1051,0.0004002742934972048,0.6798653602600098,0.31616678833961487,0.0035676059778779745
1053,0.001364962663501501,0.7887914776802063,0.20576855540275574,0.004075025673955679
1055,0.0007333694957196712,0.7917687892913818,0.20334303379058838,0.004154821392148733
1057,7.486403046641499e-05,0.9249996542930603,0.07475143671035767,0.00017406410188414156
1059,0.00047779534361325204,0.183929443359375,0.5937315225601196,0.22186127305030823
1061,0.00025560762151144445,0.9632021188735962,0.036198344081640244,0.0003439576248638332
1063,0.00011592940427362919,0.9248219132423401,0.0747370719909668,0.0003251320740673691
1065,0.002883177250623703,0.42126747965812683,0.5081455707550049,0.06770384311676025
1067,0.0015262189554050565,0.8819791078567505,0.11569047719240189,0.0008042608387768269
1069,0.00035379035398364067,0.9907371401786804,0.008843645453453064,6.544463394675404e-05
1071,0.0003567375533748418,0.08200211822986603,0.3912102282047272,0.5264309048652649
1073,0.002353440970182419,0.3082399070262909,0.5082017183303833,0.1812049150466919
1075,0.00027660944033414125,0.9490640163421631,0.050298549234867096,0.00036076674587093294
1077,0.0008455587085336447,0.11788886785507202,0.48863571882247925,0.39262986183166504
1079,0.0002247969969175756,0.9598888754844666,0.03961934521794319,0.0002669530513230711
1081,0.0024434812366962433,0.2098826915025711,0.43065130710601807,0.3570224940776825
1083,0.0003127694653812796,0.14076419174671173,0.6508870124816895,0.20803600549697876
1085,0.0008437887881882489,0.5612390637397766,0.4236454665660858,0.01427160669118166
1087,0.0013841076288372278,0.9648094177246094,0.03353385999798775,0.0002725469530560076
1089,0.0005502862622961402,0.18694384396076202,0.6226180791854858,0.18988777697086334
1091,0.001253451220691204,0.7243507504463196,0.26647377014160156,0.007922055199742317
1093,0.0002973740338347852,0.9735853672027588,0.02594516985118389,0.00017210688383784145
1095,0.00031115009915083647,0.027574602514505386,0.11429355293512344,0.8578206896781921
1097,0.0010322955204173923,0.7424161434173584,0.25259438157081604,0.003957192879170179
1099,0.0009218350169248879,0.9798121452331543,0.01910329796373844,0.00016271353524643928
1101,0.00025633961195126176,0.9659605622291565,0.03357386961579323,0.00020921829855069518
1103,0.00211685081012547,0.7419668436050415,0.24852776527404785,0.007388535421341658
1105,0.002227662829682231,0.7567840814590454,0.23444077372550964,0.006547465454787016
1107,0.0007410293910652399,0.22921492159366608,0.6529725193977356,0.11707153171300888
1109,0.0027486798353493214,0.2803729772567749,0.48444104194641113,0.2324373424053192
1111,0.001529655884951353,0.24546828866004944,0.5036682486534119,0.24933384358882904
1113,0.0017542775021865964,0.2771494686603546,0.5018529295921326,0.21924330294132233
1115,0.0005907111917622387,0.12956683337688446,0.43152347207069397,0.43831896781921387
1117,0.0006918348954059184,0.8203384876251221,0.17741063237190247,0.0015590739203616977
1119,0.0010359601583331823,0.15617132186889648,0.4963114857673645,0.34648123383522034
1121,0.0007373541593551636,0.15922415256500244,0.5733882188796997,0.26665031909942627
1123,0.0018675895407795906,0.9376704692840576,0.05994326248764992,0.0005186108755879104
1125,0.0005953453946858644,0.07920278608798981,0.34404119849205017,0.5761606097221375
1127,0.003826220752671361,0.33908557891845703,0.5503902435302734,0.10669800639152527
1129,0.0006191728753037751,0.9280904531478882,0.07045711576938629,0.0008331881836056709
1131,0.0022323420271277428,0.3016601800918579,0.5131412744522095,0.1829661726951599
1133,0.01081383228302002,0.8590490818023682,0.1276862472295761,0.002450889442116022
1135,0.002250709803774953,0.3726429045200348,0.5337863564491272,0.09132007509469986
1137,0.0006982656195759773,0.9529803991317749,0.04598633572459221,0.0003350315091665834
1139,0.0014718474121764302,0.8116087913513184,0.18394622206687927,0.002973213791847229
1141,0.0006411798531189561,0.6605380773544312,0.33213940262794495,0.0066812485456466675
1143,0.0008040791726671159,0.2300260066986084,0.5693198442459106,0.19985006749629974
1145,0.003943233750760555,0.3132498562335968,0.4928112328052521,0.1899956464767456
1147,0.0013229124015197158,0.20900028944015503,0.4709894359111786,0.31868740916252136
1149,0.0013518747873604298,0.6894314289093018,0.3011902868747711,0.00802644994109869
1151,0.0017365984385833144,0.1358163058757782,0.357828289270401,0.5046188235282898
1153,0.0007693119696341455,0.23064188659191132,0.5889647006988525,0.17962408065795898
1155,0.003345383796840906,0.32056382298469543,0.45918649435043335,0.21690434217453003
1157,0.0022273838985711336,0.9271151423454285,0.07038307189941406,0.00027446754393167794
1159,0.0017810846911743283,0.7769278883934021,0.21914257109165192,0.0021483981981873512
1161,0.00030485406750813127,0.982600748538971,0.016906579956412315,0.0001878151233540848
1163,0.0021385042928159237,0.44758060574531555,0.4915711283683777,0.058709800243377686
1165,0.0018993406556546688,0.8415595293045044,0.15325936675071716,0.0032817658502608538
1167,0.00288085057400167,0.6832327246665955,0.3031826913356781,0.010703657753765583
1169,0.03257624804973602,0.7074792981147766,0.25623202323913574,0.003712510457262397
1171,0.0010293900268152356,0.8004838228225708,0.1961670070886612,0.0023197662085294724
1173,0.0009644167148508132,0.773764967918396,0.22168737649917603,0.0035832428839057684
1175,0.0006714691990055144,0.2466481626033783,0.6397566199302673,0.1129237562417984
1177,0.0006755565409548581,0.8010364770889282,0.19630244374275208,0.001985571114346385
1179,0.0001242206199094653,0.9909646511077881,0.0088456766679883,6.545966607518494e-05
1181,0.0006172707071527839,0.855706512928009,0.1418900340795517,0.0017861321102827787
1183,0.0020145191811025143,0.6530348658561707,0.33353760838508606,0.011413028463721275
1185,0.0032839239574968815,0.45075052976608276,0.47238248586654663,0.07358299940824509
1187,0.0004625860310625285,0.9185784459114075,0.08026448637247086,0.0006944239139556885
1189,0.0023494951892644167,0.8630309104919434,0.1302981823682785,0.004321383312344551
1191,0.0007013099966570735,0.07980368286371231,0.2616662085056305,0.6578287482261658
1193,0.0006600909982807934,0.929477334022522,0.0694684311747551,0.0003941583272535354
1195,0.0019924200605601072,0.5030049681663513,0.45799124240875244,0.037011366337537766
1197,0.0008940142579376698,0.11893671005964279,0.40235769748687744,0.4778115749359131
1199,0.0014558228431269526,0.4036593735218048,0.5102732181549072,0.08461158722639084
1201,0.0012872559018433094,0.883386492729187,0.11407861113548279,0.0012476512929424644
1203,0.0008738539763726294,0.9434401988983154,0.05491480231285095,0.0007711733924224973
1205,0.00030761363450437784,0.976123571395874,0.0233177337795496,0.00025106692919507623
1207,0.00022344446915667504,0.027925286442041397,0.15575474500656128,0.8160965442657471
1209,0.0007406871882267296,0.21189123392105103,0.5582590103149414,0.2291090488433838
1211,0.0008055880898609757,0.41730499267578125,0.5442683100700378,0.037621185183525085
1213,0.0003997292078565806,0.04766903817653656,0.19451943039894104,0.757411777973175
1215,0.031464457511901855,0.750495433807373,0.215020552277565,0.0030195522122085094
1217,0.0006503084441646934,0.9447699785232544,0.0541396327316761,0.00044002069626003504
1219,0.004100237973034382,0.7936718463897705,0.20067165791988373,0.0015562749467790127
1221,0.0008759055635891855,0.3880960941314697,0.5646764636039734,0.04635147005319595
1223,0.0005476150545291603,0.07755150645971298,0.43935921788215637,0.48254168033599854
1225,0.0015113012632355094,0.9152716994285583,0.08251424878835678,0.0007028203108347952
1227,0.00015988468658179045,0.03193084895610809,0.1571691334247589,0.8107401132583618
1229,0.00100288528483361,0.8976283669471741,0.10071110725402832,0.0006577082094736397
1231,0.0006955809076316655,0.21854504942893982,0.5848568081855774,0.1959024965763092
1233,0.001120501896366477,0.19442115724086761,0.4737367331981659,0.33072152733802795
1235,0.00047709085629321635,0.947381317615509,0.051803190261125565,0.0003383080766070634
1237,0.0005263712955638766,0.9666887521743774,0.032565437257289886,0.0002194241969846189
1239,0.003153139026835561,0.3644533157348633,0.4828222095966339,0.14957134425640106
1241,0.0008156595285981894,0.9521682262420654,0.04667070880532265,0.0003453719837125391
1243,0.001196452183648944,0.8210719227790833,0.17481629550457,0.002915338147431612
1245,0.0007283324957825243,0.3489321172237396,0.6123949289321899,0.03794460743665695
1247,0.0011065852595493197,0.7594002485275269,0.23525123298168182,0.004241975490003824
1249,0.0008416959899477661,0.9673289656639099,0.03158440813422203,0.0002449474995955825
1251,0.00047842145431786776,0.7753866314888,0.2221519947052002,0.0019830018281936646
1253,0.00025062976055778563,0.028077585622668266,0.1382027119398117,0.8334690928459167
1255,0.0008937900420278311,0.6038589477539062,0.3838360905647278,0.011411146260797977
1257,0.0005860000383108854,0.9798893332481384,0.019405655562877655,0.00011905313294846565
1259,0.0010909205302596092,0.16190695762634277,0.48336488008499146,0.3536372780799866
1261,0.0009966444922611117,0.4084068238735199,0.5410511493682861,0.049545370042324066
1263,0.006041328888386488,0.869026780128479,0.1232542097568512,0.0016776163829490542
1265,0.0008341515203937888,0.3365207612514496,0.5814557075500488,0.08118940889835358
1267,0.0004930158029310405,0.9790041446685791,0.02031858265399933,0.00018422653374727815
1269,0.007044679950922728,0.6856708526611328,0.299547404050827,0.007737067062407732
1271,0.002448565559461713,0.4666139781475067,0.45937982201576233,0.07155757397413254
1273,0.001767964567989111,0.7833494544029236,0.21083565056324005,0.004046910908073187
1275,0.0005357358022592962,0.1462417095899582,0.518471896648407,0.33475062251091003
1277,0.0032905193511396646,0.2782571017742157,0.6077693104743958,0.11068301647901535
1279,0.005417033098638058,0.5031046271324158,0.4106220602989197,0.08085627853870392
1281,0.0008186704362742603,0.553106963634491,0.4375436305999756,0.00853074248880148
1283,0.0009190479177050292,0.574260413646698,0.41362425684928894,0.011196295730769634
1285,0.0019459284376353025,0.31718629598617554,0.6019138097763062,0.07895390689373016
1287,0.0007803674088791013,0.4726048409938812,0.503085196018219,0.02352960966527462
1289,0.0007919883355498314,0.9245354533195496,0.073555588722229,0.0011168826604261994
1291,0.003508039517328143,0.3634647727012634,0.48151257634162903,0.15151464939117432
1293,0.0013728932244703174,0.3989337384700775,0.562586784362793,0.03710662201046944
1295,0.00014195087715052068,0.01801988296210766,0.12705254554748535,0.8547856211662292
1297,0.00047715211985632777,0.9624240398406982,0.03673867881298065,0.0003601733478717506
1299,0.002233020029962063,0.9440979957580566,0.053262367844581604,0.00040666316635906696
1301,0.0005187043570913374,0.3504450023174286,0.5961270332336426,0.052909281104803085
1303,0.0003229268768336624,0.0450228713452816,0.2049560695886612,0.7496981620788574
1305,0.0019611523021012545,0.3402845859527588,0.5437731742858887,0.11398105323314667
1307,0.0009791463380679488,0.30286914110183716,0.6023272275924683,0.09382448345422745
1309,0.0003479017177596688,0.9591425657272339,0.04021197184920311,0.0002975761017296463
1311,0.0004976624040864408,0.9882311224937439,0.011151138693094254,0.00012006663746433333
1313,0.002013490069657564,0.892136812210083,0.10489863157272339,0.000951105379499495
1315,0.00046933043631725013,0.848569393157959,0.14978139102458954,0.0011798966443166137
1317,0.002518067369237542,0.45788440108299255,0.4874154031276703,0.052182212471961975
1319,0.0021166664082556963,0.8276517391204834,0.16814765334129333,0.0020838507916778326
1321,0.00047474386519752443,0.22744198143482208,0.6897092461585999,0.08237402141094208
1323,0.00029535358771681786,0.9519789218902588,0.04739623889327049,0.0003294906928204
1325,0.0020552324131131172,0.7317133545875549,0.26090046763420105,0.005330866668373346
1327,0.0018042373703792691,0.4212653934955597,0.5325292944908142,0.04440104588866234
1329,0.0007290103239938617,0.9643290638923645,0.03458111360669136,0.0003608863044064492
1331,0.0006667578127235174,0.10209681838750839,0.410159707069397,0.48707666993141174
1333,0.0012616651365533471,0.19623394310474396,0.4634425640106201,0.33906182646751404
1335,0.00014517427189275622,0.1694706231355667,0.8084991574287415,0.021885069087147713
1337,0.00036291859578341246,0.8166195154190063,0.1822124421596527,0.000805170158855617
1339,0.0005792542942799628,0.9686093330383301,0.030653174966573715,0.00015835931117180735
1341,0.0004659063124563545,0.9251716136932373,0.07360620051622391,0.0007562405662611127
1343,0.00045927174505777657,0.9708158373832703,0.028414135798811913,0.00031075882725417614
1345,0.0016357017448171973,0.35321322083473206,0.5470673441886902,0.09808377176523209
1347,0.0014434575568884611,0.5733040571212769,0.40653344988822937,0.018719039857387543
1349,0.000536749663297087,0.22341398894786835,0.7100082039833069,0.06604105234146118
1351,0.002572126453742385,0.347575843334198,0.47507989406585693,0.17477214336395264
1353,0.00039396362262777984,0.9585084319114685,0.040818214416503906,0.00027936205151490867
1355,0.0012644483940675855,0.277344673871994,0.6057764291763306,0.11561445891857147
1357,0.001174342236481607,0.8990450501441956,0.09930621087551117,0.00047447712859138846
1359,0.00014497055963147432,0.8729692697525024,0.1257631480693817,0.001122603309340775
1361,0.0012441615108400583,0.12890644371509552,0.39090394973754883,0.4789455235004425
1363,0.0011632201494649053,0.27159640192985535,0.557279646396637,0.16996067762374878
1365,0.0010873595019802451,0.8588784337043762,0.13803432881832123,0.001999960280954838
1367,0.00021615109289996326,0.9824971556663513,0.017171010375022888,0.00011569735215744004
1369,0.0024537600111216307,0.6194745302200317,0.36417025327682495,0.013901498168706894
1371,0.000806549796834588,0.8439854979515076,0.15370117127895355,0.0015068332431837916
1373,0.001157803344540298,0.20727045834064484,0.5376186370849609,0.25395306944847107
1375,0.001470021321438253,0.8363330960273743,0.15961696207523346,0.0025799679569900036
1377,0.001472699106670916,0.5003069639205933,0.4699949026107788,0.02822539024055004
1379,0.0004452568246051669,0.05146469175815582,0.20354679226875305,0.7445432543754578
1381,0.002354598604142666,0.5412440896034241,0.44175052642822266,0.014650805853307247
1383,0.0019427569350227714,0.8086434006690979,0.18616028130054474,0.0032535053323954344
1385,0.0013604736886918545,0.36561575531959534,0.5488542318344116,0.08416952937841415
1387,0.0021506964694708586,0.6863698959350586,0.29985281825065613,0.01162655558437109
1389,0.0018362071132287383,0.34449413418769836,0.4934650659561157,0.16020464897155762
1391,0.0006876969709992409,0.5431948304176331,0.4433427155017853,0.012774718925356865
1393,0.0008685056236572564,0.173450767993927,0.46417829394340515,0.36150243878364563
1395,0.0014552493812516332,0.37317681312561035,0.5690267086029053,0.056341271847486496
1397,0.0030932764057070017,0.4590829312801361,0.466312438249588,0.07151132822036743
1399,0.00027117584249936044,0.9450730085372925,0.05415700003504753,0.0004987686988897622
1401,0.0010494915768504143,0.9393432140350342,0.05911920964717865,0.000488058925839141
1403,0.0010003753704950213,0.3242858350276947,0.5516287684440613,0.12308502197265625
1405,0.000260105385677889,0.6529213786125183,0.344065397977829,0.0027530428487807512
1407,0.0004178775125183165,0.9550923705101013,0.04397772252559662,0.0005119942361488938
1409,0.000668088614474982,0.2454063892364502,0.6073866486549377,0.1465388536453247
1411,0.0016180960228666663,0.5851540565490723,0.4021701514720917,0.011057679541409016
1413,0.0016158373327925801,0.20835185050964355,0.4622487723827362,0.327783465385437
1415,0.0004117023781873286,0.9263901114463806,0.07256048172712326,0.000637657125480473
1417,0.0009856178658083081,0.8960654139518738,0.10211896151304245,0.000829973490908742
1419,0.00036982103483751416,0.9577999114990234,0.041430361568927765,0.00039987184572964907
1421,0.0017796747852116823,0.48580417037010193,0.4635576009750366,0.048858609050512314
1423,0.0009072197135537863,0.7870205640792847,0.2085396945476532,0.003532495116814971
1425,0.0003467266506049782,0.05651644244790077,0.3984796702861786,0.5446571707725525
1427,0.0008397360215894878,0.2256719470024109,0.6428794860839844,0.13060890138149261
1429,0.0011720762122422457,0.9257939457893372,0.07251378893852234,0.0005201057065278292
1431,0.006500181742012501,0.7396707534790039,0.2439175397157669,0.009911593981087208
1433,0.0011789430864155293,0.7965129017829895,0.20138999819755554,0.0009181618224829435
1435,0.000980917364358902,0.2987128794193268,0.5757841467857361,0.12452206015586853
1437,0.0007853481802158058,0.2884788513183594,0.6012415885925293,0.10949422419071198
1439,0.0001083142269635573,0.9791219830513,0.020641038194298744,0.0001286263286601752
1441,0.00021759115043096244,0.05493290349841118,0.5635395646095276,0.38130995631217957
1443,0.0014040827518329024,0.31774821877479553,0.6029801368713379,0.0778675451874733
1445,0.0008528961916454136,0.6428314447402954,0.3495014011859894,0.006814192980527878
1447,0.00039871083572506905,0.9550189971923828,0.043974343687295914,0.0006079614395275712
1449,0.0005441875546239316,0.7783401608467102,0.21954092383384705,0.0015746589051559567
1451,0.0009303487604483962,0.39334195852279663,0.5904761552810669,0.01525152288377285
1453,0.006074894219636917,0.8876163363456726,0.10436710715293884,0.0019416528521105647
1455,0.0008978074765764177,0.8290871977806091,0.16843928396701813,0.0015757010551169515
1457,0.0011082858545705676,0.9031959772109985,0.09519615769386292,0.0004995435592718422
1459,0.0005880521493963897,0.07464998215436935,0.3094155788421631,0.6153463125228882
1461,0.0009276426862925291,0.40464746952056885,0.5530875325202942,0.04133734107017517
1463,0.0007774944533593953,0.36670994758605957,0.559165894985199,0.07334659993648529
1465,0.0005927816964685917,0.7028868198394775,0.28846418857574463,0.008056232705712318
1467,0.0010070393327623606,0.46036267280578613,0.497770756483078,0.040859512984752655
1469,0.0007282998412847519,0.1303805410861969,0.44801759719848633,0.42087358236312866
1471,0.0011141629656776786,0.24438101053237915,0.5421829223632812,0.21232189238071442
1473,0.005186892114579678,0.679348886013031,0.29678553342819214,0.01867871731519699
1475,0.0005374507745727897,0.7221311926841736,0.27409008145332336,0.0032412430737167597
1477,0.00019064456864725798,0.9819403290748596,0.01770603470504284,0.0001630669430596754
1479,0.002857040148228407,0.8432691693305969,0.15118983387947083,0.0026839410420507193
1481,0.0007527663256041706,0.7399810552597046,0.25573062896728516,0.0035355703439563513
1483,0.0009738168446347117,0.8716108202934265,0.1255674511194229,0.001847979729063809
1485,0.000881766143720597,0.2332933396100998,0.6243253350257874,0.1414995640516281
1487,0.0032989811152219772,0.9737101197242737,0.022544443607330322,0.00044646853348240256
1489,0.0012482141610234976,0.33024632930755615,0.6074159741401672,0.06108943372964859
1491,0.001456335885450244,0.5349502563476562,0.44348931312561035,0.020104100927710533
1493,0.0003326755831949413,0.7485683560371399,0.24685165286064148,0.004247317090630531
1495,0.0008641431923024356,0.8628433346748352,0.13440507650375366,0.0018874622182920575
1497,0.000733396562281996,0.7097631096839905,0.28232425451278687,0.007179152686148882
1499,0.0017271459801122546,0.20277467370033264,0.47146520018577576,0.3240329921245575
1501,0.002583292545750737,0.4846562147140503,0.46974489092826843,0.04301568120718002
1503,0.0008475201320834458,0.12191320210695267,0.5132737159729004,0.36396554112434387
1505,0.004270865581929684,0.2947688400745392,0.4784570634365082,0.22250321507453918
1507,0.002229939913377166,0.20710471272468567,0.5288604497909546,0.26180487871170044
1509,0.0012205749517306685,0.6224709749221802,0.35467323660850525,0.021635208278894424
1511,0.0002508323814254254,0.21759915351867676,0.7477208375930786,0.03442918881773949
1513,0.0006176393362693489,0.579345703125,0.41081759333610535,0.009219071827828884
1515,0.00011182070011273026,0.9797195792198181,0.020018190145492554,0.00015047119813971221
1517,0.0006686182459816337,0.9563107490539551,0.042679041624069214,0.00034149675047956407
1519,0.0008879335364326835,0.628692090511322,0.36385905742645264,0.006560990586876869
1521,0.0005380730726756155,0.9139163494110107,0.08500745892524719,0.0005380730726756155
1523,0.001906542805954814,0.4592829942703247,0.4813244342803955,0.05748600885272026
1525,0.0010462391655892134,0.5012359619140625,0.47828271985054016,0.019435027614235878
1527,0.0006165560916997492,0.9685199856758118,0.030650347471237183,0.00021307608403731138
1529,0.0010953976307064295,0.8518133163452148,0.14572808146476746,0.0013632443733513355
1531,0.006235621403902769,0.8426303267478943,0.146427184343338,0.004706894513219595
1533,0.0001767290523275733,0.02011040784418583,0.09745224565267563,0.8822606205940247
1535,0.0018098673317581415,0.8145440816879272,0.1817493438720703,0.001896724570542574
1537,0.001336935325525701,0.3824622929096222,0.56524258852005,0.050958164036273956
1539,0.0012284276308491826,0.7919394969940186,0.20338688790798187,0.00344521040096879
1541,0.00021970515081193298,0.8951855897903442,0.10362526029348373,0.0009693846222944558
1543,0.0023850472643971443,0.9927400946617126,0.004817927721887827,5.6974236940732226e-05
1545,0.00024722961825318635,0.03669213131070137,0.21447373926639557,0.748586893081665
1547,0.0006289715529419482,0.07500694692134857,0.30607515573501587,0.6182888746261597
1549,0.0004395393771119416,0.8728135824203491,0.12574072182178497,0.0010061156935989857
1551,0.0010373928816989064,0.885994553565979,0.11264155805110931,0.0003264301922172308
1553,0.0006281011155806482,0.7332200407981873,0.26143768429756165,0.004714160691946745
1555,0.00034854470868594944,0.04636923223733902,0.2391906976699829,0.7140915393829346
1557,0.004802462179213762,0.3314588665962219,0.45305055379867554,0.21068808436393738
1559,0.0012209361884742975,0.613001823425293,0.3718043863773346,0.013972874730825424
1561,0.00020885989943053573,0.02376664988696575,0.11162649095058441,0.8643980622291565
1563,0.002275038044899702,0.7037138342857361,0.2888035774230957,0.005207613576203585
1565,0.0010129834990948439,0.9803404808044434,0.018525533378124237,0.00012098362640244886
1567,0.006073133088648319,0.5552951097488403,0.41266030073165894,0.02597150020301342
1569,0.0012337446678429842,0.21744130551815033,0.4977281093597412,0.2835969030857086
1571,0.00030400787363760173,0.9798732995986938,0.019710928201675415,0.00011183824244653806
1573,0.00010420940816402435,0.01131520140916109,0.06116940453648567,0.9274112582206726
1575,0.0017417350318282843,0.4905399680137634,0.46807652711868286,0.03964170813560486
1577,0.0008705508662387729,0.6459653377532959,0.3457603454589844,0.007403818890452385
1579,0.0006461208686232567,0.742561936378479,0.25264400243759155,0.004147917497903109
1581,0.0003137456369586289,0.9801467061042786,0.0194107536226511,0.00012876094842795283
1583,0.0013676793314516544,0.5023843050003052,0.46462953090667725,0.03161843866109848
1585,0.0003113275161013007,0.8319024443626404,0.16639095544815063,0.001395273138768971
1587,0.0008973742369562387,0.9101347327232361,0.08734298497438431,0.0016249347245320678
1589,0.0003999749314971268,0.7578773498535156,0.2384766787290573,0.0032459127251058817
1591,0.0005950341583229601,0.9494317173957825,0.04953793063759804,0.0004353363183327019
1593,0.0002481086412444711,0.04238253831863403,0.2516367435455322,0.7057326436042786
1595,0.000543591973837465,0.14838624000549316,0.5513217449188232,0.29974842071533203
1597,0.00035555960494093597,0.838456392288208,0.16002221405506134,0.0011658350704237819
1599,0.0004774652188643813,0.03095736727118492,0.118671715259552,0.8498934507369995
1601,0.001289905863814056,0.2458125352859497,0.6083918809890747,0.14450573921203613
1603,0.003610706888139248,0.8698132634162903,0.12530848383903503,0.0012674772879108787
1605,0.0010278880363330245,0.2762362062931061,0.6128567457199097,0.10987916588783264
1607,0.0006269037839956582,0.7550528645515442,0.2413294017314911,0.002990790642797947
1609,0.0005900745745748281,0.35181957483291626,0.5984653234481812,0.04912502318620682
1611,0.0007938465569168329,0.13560684025287628,0.4587520658969879,0.40484726428985596
1613,0.0006050790543667972,0.06367893517017365,0.2403218001127243,0.6953941583633423
1615,0.00027261057402938604,0.03741845861077309,0.13687102496623993,0.8254379630088806
1617,0.0005780999199487269,0.31383469700813293,0.6144585013389587,0.0711287334561348
1619,0.0004090712172910571,0.06772862374782562,0.3282035291194916,0.6036587357521057
1621,0.0011024938430637121,0.7107528448104858,0.2827179431915283,0.005426664836704731
1623,0.0013167888391762972,0.977082371711731,0.021251892670989037,0.00034891426912508905
1625,0.004634135402739048,0.5356332659721375,0.44405558705329895,0.015677079558372498
1627,0.002303074114024639,0.4671940505504608,0.4820244014263153,0.048478469252586365
1629,0.0021758570801466703,0.4082164764404297,0.4847690165042877,0.10483865439891815
1631,0.0006425214814953506,0.6936863660812378,0.30304914712905884,0.002621888881549239
1633,0.0017477343790233135,0.29855236411094666,0.5322271585464478,0.167472705245018
1635,0.0006269541918300092,0.9397540092468262,0.058228105306625366,0.001390958554111421
1637,0.0001825321523938328,0.023171450942754745,0.10714370757341385,0.8695023059844971
1639,0.000870634859893471,0.26930442452430725,0.656201183795929,0.07362372428178787
1641,0.0018614011351019144,0.8643298149108887,0.13254927098751068,0.0012594868894666433
1643,0.00038714002585038543,0.7808680534362793,0.21683922410011292,0.001905570039525628
1645,0.0006147903040982783,0.9215213656425476,0.0768342837691307,0.0010295800166204572
1647,0.0013197873486205935,0.3081527650356293,0.5579925775527954,0.13253486156463623
1649,0.001179046113975346,0.7029816508293152,0.28850308060646057,0.0073362719267606735
1651,0.0003526642976794392,0.8447251915931702,0.15383589267730713,0.001086282660253346
1653,0.00021845097944606096,0.9474805593490601,0.051808614283800125,0.0004922868683934212
1655,0.0002106097381329164,0.957309365272522,0.04206123948097229,0.00041884748497977853
1657,0.0003710254386533052,0.06539137661457062,0.2840471863746643,0.6501904726028442
1659,0.001300631440244615,0.47034892439842224,0.4852794110774994,0.043070994317531586
1661,0.005355983041226864,0.28342974185943604,0.4321787357330322,0.2790355682373047
1663,0.0008847807184793055,0.9404274225234985,0.05826982855796814,0.00041794078424572945
1665,0.0021129315719008446,0.4422283470630646,0.5170173048973083,0.03864147886633873
1667,0.000789039593655616,0.4350936710834503,0.5330879092216492,0.031029433012008667
1669,0.0020290741231292486,0.488800585269928,0.47376176714897156,0.03540859743952751
1671,0.0003766437293961644,0.27514398097991943,0.6200464963912964,0.10443287342786789
1673,0.0008830022998154163,0.21606354415416718,0.5264716744422913,0.2565818130970001
1675,0.00018051895312964916,0.9897531270980835,0.010011211037635803,5.505517401616089e-05
1677,0.001292747212573886,0.6193339228630066,0.369821161031723,0.0095521816983819
1679,0.0005497659440152347,0.8112792372703552,0.1867670863866806,0.001403876580297947
1681,0.0008547213510610163,0.5774635076522827,0.41593137383461,0.005750404670834541
1683,0.0023259774316102266,0.7779329419136047,0.21602417528629303,0.003716901410371065
1685,0.0016192714683711529,0.9357527494430542,0.061719585210084915,0.0009083288605324924
1687,0.0023483140394091606,0.9326896667480469,0.0644698441028595,0.0004922333173453808
1689,0.00029370636912062764,0.07414890080690384,0.49885985255241394,0.4266974627971649
1691,0.00635689590126276,0.6484209895133972,0.33639636635780334,0.008825676515698433
1693,0.001144680310972035,0.469069242477417,0.5151717662811279,0.014614298939704895
1695,0.0004703024460468441,0.9635463953018188,0.03564987704157829,0.0003334943321533501
1697,0.0001836006122175604,0.9910426139831543,0.008709222078323364,6.444987957365811e-05
1699,0.0038786958903074265,0.38950392603874207,0.5001329779624939,0.10648444294929504
1701,0.0007023151265457273,0.9146137833595276,0.08375340700149536,0.0009304163395427167
1703,0.0013735665706917644,0.26175543665885925,0.5541362762451172,0.18273475766181946
1705,0.0017309857066720724,0.2231994867324829,0.4651876986026764,0.3098818361759186
1707,0.00029096080106683075,0.1438193917274475,0.6150375008583069,0.24085214734077454
1709,0.00011055287905037403,0.9686115384101868,0.03113596886396408,0.00014195269613992423
1711,0.0013396128779277205,0.1838749349117279,0.4920748174190521,0.3227105438709259
1713,0.0006204890087246895,0.99004727602005,0.009261607192456722,7.071324944263324e-05
1715,0.00016481016064062715,0.9770510792732239,0.022621797397732735,0.00016225501894950867
1717,0.0003555406001396477,0.34408339858055115,0.6328662633895874,0.02269476279616356
1719,0.0006771318730898201,0.6761133670806885,0.31937333941459656,0.003836213145405054
1721,0.00071024737553671,0.8291143178939819,0.16844479739665985,0.0017306257504969835
1723,0.001198314130306244,0.22133241593837738,0.5227172374725342,0.2547520399093628
1725,0.0022836909629404545,0.3336751461029053,0.5249447226524353,0.13909651339054108
1727,0.0005920506664551795,0.8601329326629639,0.138235941529274,0.0010390813695266843
1729,0.0015795585932210088,0.22369207441806793,0.536609411239624,0.238118976354599
1731,0.0019547517877072096,0.8010218143463135,0.19325551390647888,0.0037678827065974474
1733,0.0025027994997799397,0.41438066959381104,0.492089182138443,0.09102734923362732
1735,0.0006106368964537978,0.12981654703617096,0.5380746126174927,0.3314981460571289
1737,0.0009502866305410862,0.3383254408836365,0.5491564273834229,0.1115678921341896
1739,0.0009024328901432455,0.7017582654953003,0.2925363779067993,0.004802871961146593
1741,0.0023694843985140324,0.3743429481983185,0.49592381715774536,0.12736377120018005
1743,0.8028467297554016,0.1656767725944519,0.025807466357946396,0.005669148173183203
1745,0.0011783160734921694,0.2974768579006195,0.5734016299247742,0.12794320285320282
1747,0.0010470369597896934,0.19643649458885193,0.4786474108695984,0.3238690495491028
1749,0.0019068503752350807,0.957382321357727,0.04013817384839058,0.000572540273424238
1751,0.00034002476604655385,0.9374263286590576,0.06182996928691864,0.00040378939593210816
1753,0.0008654267876408994,0.2052476853132248,0.6127563714981079,0.18113043904304504
1755,0.018233606591820717,0.684211015701294,0.28971320390701294,0.007842177525162697
1757,0.006618068553507328,0.7530853748321533,0.23696881532669067,0.0033277738839387894
1759,0.0016940386267378926,0.515875518321991,0.4624277949333191,0.020002663135528564
1761,0.0005043925484642386,0.7102375626564026,0.2869619131088257,0.0022961285430938005
1763,0.000150097839650698,0.9926787614822388,0.007119995076209307,5.1068222091998905e-05
1765,0.00022822253231424838,0.7589538097381592,0.23881539702415466,0.0020025891717523336
1767,0.10465040057897568,0.7494767308235168,0.14304013550281525,0.0028327563777565956
1769,0.0007226045127026737,0.8175865411758423,0.17959992587566376,0.0020909253507852554
1771,0.0038327318616211414,0.9089843034744263,0.0845487043261528,0.0026341956108808517
1773,0.002741228323429823,0.49073588848114014,0.4756375253200531,0.030885323882102966
1775,0.0002994723035953939,0.9355565309524536,0.06366541981697083,0.0004785553610417992
1777,0.00031669370946474373,0.4189199209213257,0.5725956559181213,0.008167638443410397
1779,0.0008576748077757657,0.7676583528518677,0.22691936790943146,0.004564662929624319
1781,0.00166812923271209,0.9343281984329224,0.06358183175325394,0.00042176913120783865
1783,0.002300756284967065,0.29666775465011597,0.5371959209442139,0.16383549571037292
1785,0.0006238649948500097,0.7874530553817749,0.20865429937839508,0.003268818836659193
1787,0.0017655834089964628,0.3933623433113098,0.5211204290390015,0.08375167846679688
1789,0.0007678642286919057,0.27768370509147644,0.6456339359283447,0.07591449469327927
1791,0.00027745828265324235,0.12487214058637619,0.6341530680656433,0.24069736897945404
1793,0.0007518740021623671,0.6522569060325623,0.3383864164352417,0.008604742586612701
1795,0.0006388599285855889,0.8190784454345703,0.17713813483715057,0.003144578542560339
1797,0.0006177749019116163,0.9259949922561646,0.07252953201532364,0.0008576954714953899
1799,0.0010182661935687065,0.9403256773948669,0.05826352536678314,0.0003925765340682119
1801,0.0003500880557112396,0.10015104711055756,0.5499374270439148,0.349561482667923
1803,0.0016844533383846283,0.7944825887680054,0.2008766531944275,0.002956307725980878
1805,0.00029550911858677864,0.04668600484728813,0.2227264642715454,0.730292022228241
1807,0.0013591921888291836,0.9623618721961975,0.03560605272650719,0.0006728489533998072
1809,0.000794874329585582,0.7226527333259583,0.2742880582809448,0.002264386508613825
1811,0.00024922675220295787,0.5521020293235779,0.44362643361091614,0.004022315610200167
1813,0.0016833482077345252,0.5372211337089539,0.44537198543548584,0.01572355255484581
1815,0.0013346726773306727,0.564285933971405,0.41934168338775635,0.015037710778415203
1817,0.00023301613691728562,0.9795589447021484,0.02001490816473961,0.00019317716942168772
1819,0.0025704684667289257,0.7016699314117432,0.28796476125717163,0.0077948495745658875
1821,0.0014680663589388132,0.3706270158290863,0.5477511882781982,0.0801537036895752
1823,0.000784316856879741,0.31641602516174316,0.6195124983787537,0.06328718364238739
1825,0.0005971991922706366,0.9381130933761597,0.060915980488061905,0.0003737176884897053
1827,0.004126606974750757,0.26755642890930176,0.47697094082832336,0.25134602189064026
1829,0.003079014364629984,0.534247636795044,0.44290685653686523,0.019766420125961304
1831,0.0012291125021874905,0.732832670211792,0.2612995505332947,0.004638622049242258
1833,0.0012666776310652494,0.7206456065177917,0.27352622151374817,0.004561481531709433
1835,0.0006086471839807928,0.8842443823814392,0.11418940126895905,0.0009575365111231804
1837,0.0015689217252656817,0.25176942348480225,0.5763059258460999,0.17035570740699768
1839,0.0005547438631765544,0.7690271139144897,0.227323979139328,0.0030941127333790064
1841,0.002190290717408061,0.6774998307228088,0.31018203496932983,0.01012780237942934
1843,0.0009927947539836168,0.406829297542572,0.5560697317123413,0.03610815480351448
1845,0.1632135510444641,0.6455221176147461,0.17925502359867096,0.012009337544441223
1847,0.000825712806545198,0.4210985004901886,0.5407012104988098,0.03737461939454079
1849,0.0025896604638546705,0.21225255727767944,0.45641469955444336,0.32874318957328796
1851,0.0003112462582066655,0.9723385572433472,0.02715548686683178,0.00019477293244563043
1853,0.00062083441298455,0.11114205420017242,0.4129427969455719,0.4752942621707916
1855,0.0010342979803681374,0.7438563108444214,0.25308436155319214,0.0020250568632036448
1857,0.00039419677341356874,0.9442065954208374,0.054959408938884735,0.0004397582961246371
1859,0.0004630381299648434,0.8637679219245911,0.1345490962266922,0.0012199429329484701
1861,0.0005597478011623025,0.38412997126579285,0.5949521660804749,0.020358141511678696
1863,0.004570781718939543,0.46623238921165466,0.45188793540000916,0.07730890810489655
1865,0.002208571182563901,0.23609179258346558,0.4769185483455658,0.2847810685634613
1867,0.0010364643530920148,0.8315697908401489,0.1663244068622589,0.0010693651856854558
1869,0.0017309965332970023,0.2911088466644287,0.5438629388809204,0.16329725086688995
1871,0.0018011927604675293,0.7735181450843811,0.22161667048931122,0.003063932294026017
1873,0.00015069865912664682,0.981200635433197,0.018541786819696426,0.00010686135647119954
1875,0.0007983750547282398,0.1751159280538559,0.5652811527252197,0.2588045597076416
1877,0.0012377656530588865,0.21143820881843567,0.5072138905525208,0.28011012077331543
1879,0.0031121387146413326,0.9477210640907288,0.048682041466236115,0.0004847777308896184
1881,0.014466188848018646,0.8148989677429199,0.16555675864219666,0.005078109912574291
1883,0.001108804834075272,0.17793311178684235,0.4615233540534973,0.35943475365638733
1885,0.004318345338106155,0.932502806186676,0.06247379258275032,0.0007049504201859236
1887,0.0008407133864238858,0.33390966057777405,0.595258355140686,0.06999126821756363
1889,0.0003421741130296141,0.9287266135215759,0.07050541043281555,0.000425842561526224
1891,0.0005063149146735668,0.7129444479942322,0.2835897207260132,0.002959524281322956
1893,0.0035276240669190884,0.5660880208015442,0.4077379107475281,0.02264637127518654
1895,0.0007613207562826574,0.9760847687721252,0.022955313324928284,0.00019860237080138177
1897,0.0004151826724410057,0.14104631543159485,0.540685772895813,0.31785276532173157
1899,0.0011488975724205375,0.5859167575836182,0.40269434452056885,0.010240011848509312
1901,0.0004647512687370181,0.9823985695838928,0.016903100535273552,0.00023369160771835595
1903,0.002114361384883523,0.16279681026935577,0.378513902425766,0.4565749168395996
1905,0.0006503950571641326,0.07635928690433502,0.33168962597846985,0.5913007259368896
1907,0.0007973077008500695,0.4981918931007385,0.4828641414642334,0.018146639689803123
1909,0.0030131980311125517,0.3121946454048157,0.522827684879303,0.16196446120738983
1911,0.0005067314486950636,0.20126065611839294,0.6599082946777344,0.1383242905139923
1913,0.0007531995652243495,0.9214513301849365,0.07682844996452332,0.0009671273874118924
1915,0.00018558450392447412,0.019531043246388435,0.12343999743461609,0.8568433523178101
1917,0.00036931844078935683,0.05396194010972977,0.2236660271883011,0.7220027446746826
1919,0.0035612862557172775,0.32562515139579773,0.4965190589427948,0.1742945909500122
1921,0.0012954954290762544,0.7969310879707336,0.19529636204242706,0.006477070041000843
1923,0.001331361010670662,0.6580801606178284,0.3309035003185272,0.009684985503554344
1925,0.00121887749992311,0.2715592682361603,0.5748909711837769,0.15233094990253448
1927,0.00047172559425234795,0.037473805248737335,0.1482117623090744,0.8138427138328552
1929,0.0006509115919470787,0.12599515914916992,0.41962796449661255,0.45372599363327026
1931,0.003335512476041913,0.4873591661453247,0.4368659257888794,0.07243946939706802
1933,0.001299455645494163,0.19589337706565857,0.4848407506942749,0.3179663419723511
1935,0.0006030885851942003,0.4689793884754181,0.5231842994689941,0.007233216892927885
1937,0.015147191472351551,0.8532606959342957,0.12682588398456573,0.0047662751749157906
1939,0.0008452734909951687,0.3630007803440094,0.5984870791435242,0.03766683489084244
1941,0.0002784691459964961,0.9554447531700134,0.04399394616484642,0.0002828543947543949
1943,0.0005633775144815445,0.9872711300849915,0.0120455427095294,0.00011994999658782035
1945,0.0009610697743482888,0.17205113172531128,0.4901280403137207,0.3368597626686096
1947,0.0004985997802577913,0.8875132203102112,0.11108531057834625,0.0009028475033119321
1949,0.00292957853525877,0.6425750255584717,0.34394562244415283,0.010549817234277725
1951,0.0009358969982713461,0.1549535095691681,0.516074001789093,0.3280365765094757
1953,0.0003601029748097062,0.047164175659418106,0.21470384299755096,0.7377718687057495
1955,0.000195500542758964,0.975970983505249,0.02368123270571232,0.00015225596143864095
1957,0.0011976899113506079,0.506371021270752,0.46105605363845825,0.03137525916099548
1959,0.0008396625053137541,0.20227329432964325,0.603876531124115,0.19301053881645203
1961,0.0017758520552888513,0.9491153359413147,0.04875366389751434,0.0003551927802618593
1963,0.0006109631503932178,0.9748479127883911,0.024404840543866158,0.00013632432091981173
1965,0.0007229517214000225,0.9563148021697998,0.04267922043800354,0.000283111963653937
1967,0.00110315450001508,0.18552204966545105,0.5122427940368652,0.3011319935321808
1969,0.002065718639642,0.25416356325149536,0.4602307677268982,0.28353995084762573
1971,0.0002553319209255278,0.9773150682449341,0.022277096286416054,0.00015246565453708172
1973,0.0011511731427162886,0.1461350917816162,0.5021538138389587,0.35055986046791077
1975,0.008014710620045662,0.3801833689212799,0.49585258960723877,0.11594937741756439
1977,0.0009415951208211482,0.13334570825099945,0.5032414197921753,0.36247122287750244
1979,0.0012762073893100023,0.4543612599372864,0.5148587822914124,0.029503758996725082
1981,0.00019882433116436005,0.01629594713449478,0.09377669543027878,0.8897285461425781
1983,0.0004962169332429767,0.9853608012199402,0.014055415987968445,8.758749027037993e-05
1985,0.0023845918476581573,0.9470983147621155,0.05019437149167061,0.0003227193665225059
1987,0.0011208096984773874,0.6787828803062439,0.3156633675098419,0.004432888235896826
1989,0.0005944531294517219,0.17005746066570282,0.5575969815254211,0.2717510759830475
1991,0.000356515112798661,0.0489351712167263,0.26454102993011475,0.6861672401428223
1993,0.0016587601276114583,0.2349083423614502,0.5461782217025757,0.21725469827651978
1995,0.00026678602444007993,0.6593085527420044,0.3367418646812439,0.0036828673910349607
1997,0.0050607784651219845,0.4849376082420349,0.46273073554039,0.047270916402339935
1999,0.0015422811266034842,0.19578412175178528,0.4481543004512787,0.354519248008728
2001,0.0011728211538866162,0.23791469633579254,0.5036653876304626,0.25724712014198303
2003,0.004654526244848967,0.7706352472305298,0.22079069912433624,0.00391950411722064
2005,0.00039255587034858763,0.043295495212078094,0.3100701570510864,0.6462417244911194
2007,0.3762935996055603,0.4831705391407013,0.1320914775133133,0.008444325998425484
2009,0.0001732392847770825,0.7169768214225769,0.2807721495628357,0.0020777664612978697
2011,0.0002461099938955158,0.34117594361305237,0.6474381685256958,0.01113978773355484
2013,0.290692001581192,0.655084490776062,0.052938949316740036,0.0012845253804698586
2015,0.0015641403151676059,0.23579466342926025,0.5231333374977112,0.23950789868831635
2017,0.000420867872890085,0.24321329593658447,0.66112220287323,0.09524368494749069
2019,0.09706118702888489,0.576278805732727,0.31331732869148254,0.013342661783099174
2021,0.001065029064193368,0.7423917651176453,0.2525860667228699,0.0039570629596710205
2023,0.417049378156662,0.4439467489719391,0.12919585406780243,0.009808060713112354
2025,0.004200021270662546,0.6431253552436829,0.3389032483100891,0.013771340250968933
2027,0.007832535542547703,0.6833698153495789,0.3032435178756714,0.005554099567234516
2029,0.0006432507652789354,0.08557596057653427,0.38956448435783386,0.5242162942886353
2031,0.008749314583837986,0.6038647890090942,0.3720303177833557,0.015355526469647884
2033,0.005739838350564241,0.8128576278686523,0.17856112122535706,0.002841426059603691
2035,0.15159866213798523,0.7820054292678833,0.0652017742395401,0.00119421212002635
2037,0.0006408757180906832,0.8746556639671326,0.12405255436897278,0.0006509680533781648
2039,0.001573080662637949,0.8022424578666687,0.1935500055551529,0.002634414006024599
2041,0.05975618213415146,0.7871333360671997,0.15022702515125275,0.0028835514094680548
2043,0.0006461793673224747,0.0406072624027729,0.21611741185188293,0.7426291704177856
2045,0.0012673832243308425,0.35694414377212524,0.5703951120376587,0.07139332592487335
2047,0.0008505883743055165,0.10967792570590973,0.46903297305107117,0.4204384386539459
2049,0.01038865465670824,0.38983139395713806,0.4629362225532532,0.13684368133544922
2051,0.01003967598080635,0.7610277533531189,0.22147169709205627,0.0074608540162444115
2053,0.0007735751569271088,0.9463784694671631,0.052563268691301346,0.00028458237648010254
2055,0.0031931097619235516,0.6579442620277405,0.33083516359329224,0.008027476258575916
2057,0.5019018054008484,0.42929938435554504,0.06687194108963013,0.0019268846372142434
2059,0.06648235023021698,0.8757331967353821,0.05686536803841591,0.0009191430290229619
2061,0.9128084182739258,0.06716491281986237,0.016981950029730797,0.0030446958262473345
2063,0.05745493993163109,0.5986942052841187,0.3105984628200531,0.03325236588716507
2065,0.07139153778553009,0.5358232259750366,0.362556129693985,0.030229078605771065
2067,0.0012805929873138666,0.1730487197637558,0.585416316986084,0.24025435745716095
2069,0.059072330594062805,0.8956167697906494,0.04459013044834137,0.0007207323797047138
2071,0.00122984335757792,0.3253858685493469,0.598476231098175,0.07490809261798859
2073,0.00032900317455641925,0.1480703204870224,0.8258698582649231,0.025730762630701065
2075,0.022790880873799324,0.6871896982192993,0.2733451724052429,0.016674162819981575
2077,0.000631944218184799,0.7377063632011414,0.2589592933654785,0.002702482743188739
2079,0.893311619758606,0.08309092372655869,0.021008675917983055,0.002588776871562004
2081,0.002362313447520137,0.605779767036438,0.37908729910850525,0.012770547531545162
2083,0.0010264348238706589,0.26735877990722656,0.5839652419090271,0.14764952659606934
2085,0.004035932943224907,0.4965764284133911,0.459258109331131,0.04012953117489815
2087,0.00668376125395298,0.38845640420913696,0.5066426396369934,0.09821715205907822
2089,0.0014402619563043118,0.7008718252182007,0.2921668291091919,0.0055210888385772705
2091,0.002153754001483321,0.868886411190033,0.1271461695432663,0.001813642680644989
2093,0.0008476465009152889,0.3874971568584442,0.5726836323738098,0.038971610367298126
2095,0.011155517771840096,0.8861925005912781,0.1009938046336174,0.0016581197269260883
2097,0.0029633180238306522,0.8884111046791077,0.10777650028467178,0.0008490049513056874
2099,0.0018890139181166887,0.35998231172561646,0.5156508684158325,0.12247782200574875
2101,0.5441365242004395,0.39809876680374146,0.054725248366594315,0.003039521863684058
2103,0.057774338871240616,0.9037427306175232,0.03788933902978897,0.0005935818189755082
2105,0.011258630082011223,0.5774575471878052,0.3787059187889099,0.03257792815566063
2107,0.0009442846057936549,0.942864179611206,0.055745530873537064,0.0004460484196897596
2109,0.0025658048689365387,0.2829859256744385,0.5454696416854858,0.16897861659526825
2111,0.00024523813044652343,0.9684767127037048,0.03113163262605667,0.000146438367664814
2113,0.0023803277872502804,0.9163177609443665,0.08006695657968521,0.0012348978780210018
2115,0.020540691912174225,0.915328323841095,0.06326978653669357,0.0008611668017692864
2117,0.5868349671363831,0.36153852939605713,0.049699436873197556,0.0019270562333986163
2119,0.006900243926793337,0.2549154460430145,0.5396559238433838,0.19852834939956665
2121,0.00038717364077456295,0.37469711899757385,0.6081934571266174,0.016722297295928
2123,0.0013134689070284367,0.41267967224121094,0.5382357239723206,0.047771137207746506
2125,0.011877793818712234,0.6285531520843506,0.34173840284347534,0.017830681055784225
2127,0.0005371810984797776,0.47334763407707214,0.5198706388473511,0.006244524847716093
2129,0.2528713345527649,0.6662272214889526,0.07712139934301376,0.003780120052397251
2131,0.0022900362964719534,0.33987152576446533,0.5691776871681213,0.08866078406572342
2133,0.0054004741832613945,0.6340398192405701,0.3501500189304352,0.010409685783088207
2135,0.002579916501417756,0.9476707577705383,0.04944605007767677,0.00030335006886161864
2137,0.0035071733873337507,0.8993618488311768,0.09628479927778244,0.000846145092509687
2139,0.0006373280775733292,0.030708184465765953,0.11232586950063705,0.8563286066055298
2141,0.8648588061332703,0.11344478279352188,0.01971374824643135,0.001982663758099079
2143,0.0007493368466384709,0.12601909041404724,0.514236569404602,0.3589949607849121
2145,0.00015439934213645756,0.7707870006561279,0.22784419357776642,0.0012144447537139058
2147,0.00022141198860481381,0.9021400809288025,0.09658222645521164,0.0010562973329797387
2149,0.022981803864240646,0.7852112650871277,0.18361254036426544,0.008194414898753166
2151,0.002767649246379733,0.282307893037796,0.5614362955093384,0.1534881442785263
2153,0.00023880309890955687,0.8453570604324341,0.15395094454288483,0.00045316864270716906
2155,0.0032497409265488386,0.7470075488090515,0.24633696675300598,0.003405699273571372
2157,0.004822174087166786,0.3655305504798889,0.4842492938041687,0.14539800584316254
2159,0.0016286717727780342,0.39234429597854614,0.5620072484016418,0.04401981085538864
2161,0.0002764075470622629,0.9483713507652283,0.05105334892868996,0.000298867846140638
2163,0.004199633374810219,0.2990534007549286,0.6041045188903809,0.09264243394136429
2165,0.015885472297668457,0.4096916913986206,0.4570441246032715,0.11737864464521408
2167,0.2388150691986084,0.49001672863960266,0.23511259257793427,0.036055684089660645
2169,0.0005818337667733431,0.14016278088092804,0.6281660199165344,0.23108938336372375
2171,0.0633215680718422,0.8340980410575867,0.0996188074350357,0.0029615890234708786
2173,0.0030574188567698,0.3022701144218445,0.5141788125038147,0.18049374222755432
2175,0.0012942136963829398,0.25846967101097107,0.6200365424156189,0.12019955366849899
2177,0.002890281844884157,0.6439389586448669,0.3446756899356842,0.008495009504258633
2179,0.0016503666993230581,0.938936173915863,0.059093594551086426,0.00031993817538022995
2181,0.003794744610786438,0.27879926562309265,0.5373996496200562,0.18000634014606476
2183,0.002679678378626704,0.4797171652317047,0.4722798764705658,0.04532332345843315
2185,0.00477810762822628,0.9845350980758667,0.010600695386528969,8.615731348982081e-05
2187,0.001248110318556428,0.8565226197242737,0.13982348144054413,0.002405795967206359
2189,0.001466382178477943,0.44654858112335205,0.5220681428909302,0.02991688996553421
2191,0.3440442383289337,0.5761656761169434,0.07676664739847183,0.0030234400182962418
2193,0.37794262170791626,0.5585629343986511,0.06074090301990509,0.0027534847613424063
2195,0.0011586277978494763,0.13817022740840912,0.5726996660232544,0.28797146677970886
2197,0.9848111867904663,0.012790464796125889,0.002087986096739769,0.0003103514318354428
2199,0.09081345796585083,0.7032289505004883,0.19527962803840637,0.010677967220544815
2201,0.004283558111637831,0.5610354542732239,0.4169261157512665,0.017754854634404182
2203,0.0015593440039083362,0.9153121709823608,0.08251789212226868,0.0006106478394940495
2205,0.0007463701185770333,0.2272876501083374,0.6576785445213318,0.11428739130496979
2207,0.0003558587341103703,0.17317083477973938,0.8007338047027588,0.025739546865224838
2209,0.00029596491367556155,0.9842310547828674,0.015419156290590763,5.389921716414392e-05
2211,0.9525057673454285,0.041201360523700714,0.005489549599587917,0.0008032986079342663
2213,0.00011181916488567367,0.006601208820939064,0.043723154813051224,0.9495638012886047
2215,0.9249712824821472,0.06494317203760147,0.009068099781870842,0.0010174125200137496
2217,0.004945333115756512,0.8715901374816895,0.12170125544071198,0.0017633127281442285
2219,0.0009777143131941557,0.2885770797729492,0.6303102970123291,0.08013495802879333
2221,0.9686726331710815,0.027053102850914,0.003836945630609989,0.0004372726834844798
2223,0.0014766869135200977,0.21241694688796997,0.5175861716270447,0.26852017641067505
2225,0.000872704666107893,0.0651271715760231,0.29647618532180786,0.6375239491462708
2227,0.0006971677066758275,0.10843443125486374,0.5771029591560364,0.31376543641090393
2229,0.023158222436904907,0.5108622312545776,0.41695359349250793,0.04902596026659012
2231,0.0020663123577833176,0.887373149394989,0.10934582352638245,0.001214722404256463
2233,0.007179247681051493,0.8561490774154663,0.1354624629020691,0.0012091825483366847
2235,0.08356689661741257,0.7332762479782104,0.1769111454486847,0.006245727185159922
2237,0.0008064395515248179,0.9124411344528198,0.08620676398277283,0.0005456642247736454
2239,0.0006038119317963719,0.42089465260505676,0.5489500761032104,0.029551442712545395
2241,0.15758782625198364,0.5855098366737366,0.2402927428483963,0.016609635204076767
2243,0.0024312082678079605,0.9808194041252136,0.016614293679594994,0.00013503292575478554
2245,0.00019361845625098795,0.8664324879646301,0.13287173211574554,0.0005022080731578171
2247,0.0012504751794040203,0.9278764128684998,0.0704408660531044,0.0004321526503190398
2249,0.0005272110574878752,0.6251368522644043,0.3674989938735962,0.0068369763903319836
2251,0.0011753946309909225,0.5127195119857788,0.46683645248413086,0.019268643110990524
2253,0.006817772518843412,0.3962450623512268,0.47796276211738586,0.11897435039281845
2255,0.3875108063220978,0.46742722392082214,0.12979985773563385,0.015262039378285408
2257,0.0005659886519424617,0.8483715653419495,0.14974647760391235,0.001315962988883257
2259,0.257186621427536,0.6775965094566345,0.06302628666162491,0.0021906031761318445
2261,0.9635790586471558,0.03246067836880684,0.0036419874522835016,0.00031823330209590495
2263,0.0004752973036374897,0.09200198948383331,0.554843008518219,0.35267966985702515
2265,0.0054273479618132114,0.43114766478538513,0.5200633406639099,0.04336166009306908
2267,0.004838970489799976,0.5861507654190063,0.3904606103897095,0.018549669533967972
2269,0.2649678885936737,0.6558018326759338,0.07711005210876465,0.0021201432682573795
2271,0.024451538920402527,0.5924065113067627,0.3649710714817047,0.018170839175581932
2273,0.0004380371537990868,0.06501047313213348,0.34599465131759644,0.5885567665100098
2275,0.0003161155036650598,0.024722836911678314,0.1562531441450119,0.8187078833580017
2277,0.0004003794747404754,0.021187417209148407,0.0775003507733345,0.9009119272232056
2279,0.00040862325113266706,0.9052066802978516,0.09392891824245453,0.0004558521613944322
2281,0.8306353688240051,0.14892472326755524,0.018933653831481934,0.001506352098658681
2283,0.0007456627208739519,0.32526591420173645,0.6468685269355774,0.02711990848183632
2285,0.000307801878079772,0.8619533181190491,0.13638082146644592,0.0013580856611952186
2287,0.025996791198849678,0.681024432182312,0.2794918417930603,0.013486957177519798
2289,0.0022943709045648575,0.36818432807922363,0.5614140629768372,0.0681072548031807
2291,0.22310888767242432,0.6765692830085754,0.09746905416250229,0.0028527542017400265
2293,0.003707617986947298,0.3234807252883911,0.5857479572296143,0.08706366270780563
2295,0.0005171968368813396,0.906343400478363,0.09258880466222763,0.0005505531444214284
2297,0.0008506130543537438,0.3888532817363739,0.5746878981590271,0.035608239471912384
2299,0.00298905442468822,0.8159328699111938,0.17923666536808014,0.0018415029626339674
2301,0.0005602816236205399,0.8013591766357422,0.19638152420520782,0.0016990330768749118
2303,0.011220090091228485,0.6941623687744141,0.2761187255382538,0.018498800694942474
2305,0.00236687483265996,0.19399267435073853,0.5031787157058716,0.30046170949935913
2307,0.00037970609264448285,0.9383680820465088,0.06093253940343857,0.00031974457670003176
2309,0.0011426192941144109,0.9607347249984741,0.03783835470676422,0.00028442047187127173
2311,0.03435148671269417,0.5631355047225952,0.3635876178741455,0.03892533481121063
2313,0.08388729393482208,0.7959004640579224,0.11830004304647446,0.0019121421501040459
2315,0.012094159610569477,0.2795965373516083,0.4330475926399231,0.275261789560318
2317,0.0009911676170304418,0.9592276811599731,0.03959205746650696,0.00018916766566690058
2319,0.0030243501532822847,0.4023495614528656,0.5166270732879639,0.07799901813268661
2321,0.0008719561155885458,0.46602243185043335,0.5198855996131897,0.013220040127635002
2323,0.0006370932678692043,0.24525189399719238,0.6666637063026428,0.08744724094867706
2325,0.11034967750310898,0.7659785747528076,0.12119541317224503,0.0024763336405158043
2327,0.3218810558319092,0.650217592716217,0.027260318398475647,0.0006411012727767229
2329,0.005109787918627262,0.6588743925094604,0.32616645097732544,0.009849374182522297
2331,0.0005809126305393875,0.17690186202526093,0.6781341433525085,0.14438308775424957
2333,0.0029248730279505253,0.3175867795944214,0.5841314792633057,0.09535684436559677
2335,0.00010638625099090859,0.17242217063903809,0.8225802183151245,0.004891240503638983
2337,0.9834620952606201,0.014249247498810291,0.0019587944261729717,0.00032991476473398507
2339,0.0013181120157241821,0.5154037475585938,0.4620048999786377,0.021273253485560417
2341,0.0004440445336513221,0.5265227556228638,0.46465471386909485,0.00837850570678711
2343,0.7818898558616638,0.1828358918428421,0.032272450625896454,0.003001805627718568
2345,0.003403042210265994,0.8197872042655945,0.17454276978969574,0.002266914816573262
2347,0.9678922295570374,0.026199644431471825,0.005079032387584448,0.000829129246994853
2349,0.008314603008329868,0.4006200134754181,0.4832399785518646,0.10782541334629059
2351,0.18616323173046112,0.5557807087898254,0.23903831839561462,0.019017770886421204
2353,0.00020599331764969975,0.7292112112045288,0.2682618498802185,0.00232091941870749
2355,0.000767083081882447,0.2299736738204956,0.7195239663124084,0.04973529279232025
2357,0.008834305219352245,0.4460885524749756,0.5054845213890076,0.03959260880947113
2359,0.4021739661693573,0.44865748286247253,0.13683278858661652,0.012335850857198238
2361,0.030878640711307526,0.46090397238731384,0.4004403054714203,0.10777705162763596
2363,0.002844342729076743,0.2901308238506317,0.5860803723335266,0.12094450742006302
2365,0.008783193305134773,0.6554617881774902,0.32447710633277893,0.01127784326672554
2367,0.0008816784829832613,0.13929197192192078,0.5256823897361755,0.3341440260410309
2369,0.004202152602374554,0.533440113067627,0.435381144285202,0.026976652443408966
2371,0.0004857516032643616,0.5244326591491699,0.4700984060764313,0.0049831741489470005
2373,0.001660335692577064,0.3315885066986084,0.6004292368888855,0.06632187962532043
2375,0.0018828714964911342,0.8474001288414001,0.14957500994205475,0.0011420194059610367
2377,0.007504679262638092,0.8277008533477783,0.1629839390516281,0.0018105882918462157
2379,0.0025084686931222677,0.7064818143844604,0.285444438457489,0.00556528102606535
2381,0.0014525562291964889,0.26003727316856384,0.5679736137390137,0.1705365926027298
2383,0.037408247590065,0.60373854637146,0.3231579661369324,0.03569519892334938
2385,0.005616327282041311,0.460322767496109,0.4824140965938568,0.05164678022265434
2387,0.0002988492778968066,0.20508696138858795,0.7385465502738953,0.056067656725645065
2389,0.0021899843122810125,0.1559474915266037,0.4373655319213867,0.4044969975948334
2391,0.0015441917348653078,0.8515009880065918,0.14567464590072632,0.0012801799457520247
2393,0.0006919666775502264,0.7470689415931702,0.25023674964904785,0.0020022718235850334
2395,0.8574355840682983,0.13780243694782257,0.004570264369249344,0.00019160794909112155
2397,7.963016832945868e-05,0.9686349034309387,0.03113671950995922,0.00014876874047331512
2399,0.0010485026286914945,0.923908531665802,0.07466325908899307,0.00037974247243255377
2401,0.12626542150974274,0.8233539462089539,0.04944624379277229,0.0009343876736238599
2403,0.011987453326582909,0.7894690036773682,0.19346770644187927,0.0050758072175085545
2405,0.0077318474650382996,0.685208261013031,0.294704407453537,0.012355457060039043
2407,0.0012609557015821338,0.763657808303833,0.23290246725082397,0.002178735798224807
2409,0.008941464126110077,0.4514995217323303,0.45860961079597473,0.08094940334558487
2411,0.444969117641449,0.4663236141204834,0.08360722661018372,0.005100072827190161
2413,0.0009330306784249842,0.21447278559207916,0.6503806114196777,0.1342136263847351
2415,0.8566030859947205,0.11775423586368561,0.02355232834815979,0.0020903879776597023
2417,0.23968717455863953,0.4340174198150635,0.2434616982936859,0.0828336775302887
2419,0.001117066596634686,0.8288846611976624,0.16839814186096191,0.0016001238254830241
2421,0.012380219995975494,0.9682352542877197,0.019174858927726746,0.000209710982744582
2423,0.061283037066459656,0.8593085408210754,0.07746901363134384,0.0019393989350646734
2425,0.006828151177614927,0.5424272418022156,0.422442764043808,0.028301902115345
2427,0.0021745916455984116,0.3714691996574402,0.5576412677764893,0.06871488690376282
2429,0.0009874808602035046,0.20993056893348694,0.5887647867202759,0.2003171443939209
2431,0.003026889404281974,0.525203287601471,0.42865845561027527,0.04311131313443184
2433,0.0026022803504019976,0.9709385633468628,0.02628210186958313,0.00017708739324007183
2435,0.010272305458784103,0.5027416944503784,0.4167875051498413,0.07019846886396408
2437,0.0009214988094754517,0.6945375800132751,0.2987169027328491,0.0058240522630512714
2439,0.003857511328533292,0.6589497327804565,0.32620376348495483,0.010989027097821236
2441,0.24010851979255676,0.7057181596755981,0.0519271083176136,0.002246146323159337
2443,0.039202604442834854,0.7998051643371582,0.15264549851417542,0.00834671687334776
2445,0.0030512516386806965,0.2704066336154938,0.5377678275108337,0.18877427279949188
2447,0.0014410605654120445,0.6188601851463318,0.3695383071899414,0.010160466656088829
2449,0.002462510485202074,0.22870464622974396,0.5401281118392944,0.22870464622974396
2451,0.0017167347250506282,0.7971549034118652,0.19842755794525146,0.002700802870094776
2453,0.0030829603783786297,0.23737479746341705,0.4947315752506256,0.2648107409477234
2455,0.6570339202880859,0.3152483105659485,0.026698587462306023,0.0010191671317443252
2457,8.578962297178805e-05,0.4282759726047516,0.567373514175415,0.004264789633452892
2459,0.017254238948225975,0.780986487865448,0.19746431708335876,0.004294919781386852
2461,0.007863587699830532,0.7896721959114075,0.19966040551662445,0.0028038485907018185
2463,0.24120566248893738,0.6871309280395508,0.0691065788269043,0.0025568471755832434
2465,0.0009278453653678298,0.49589279294013977,0.4882047176361084,0.014974665828049183
2467,0.010972402058541775,0.942473828792572,0.046195533126592636,0.0003582616045605391
2469,0.005078036338090897,0.9233881235122681,0.0712040439248085,0.00032974014175124466
2471,0.0003776228113565594,0.8904843926429749,0.10802801698446274,0.001109895296394825
2473,0.001197613077238202,0.9168605804443359,0.08137600123882294,0.0005657123401761055
2475,0.09858907759189606,0.7284802198410034,0.16770566999912262,0.005225029308348894
2477,0.00012410551426000893,0.014344646595418453,0.15182854235172272,0.8337026834487915
2479,0.025303585454821587,0.7629527449607849,0.20534594357013702,0.006397748365998268
2481,0.0004384922212921083,0.7805210947990417,0.2167428731918335,0.00229753484018147
2483,0.24520067870616913,0.43711748719215393,0.24520067870616913,0.0724811777472496
2485,0.033335812389850616,0.8464128971099854,0.11818572133779526,0.0020655207335948944
2487,0.004273066762834787,0.22968453168869019,0.5016771554946899,0.2643652856349945
2489,0.002345629967749119,0.5650583505630493,0.41991567611694336,0.01268035639077425
2491,0.9484022855758667,0.04232609644532204,0.007952838204801083,0.0013187098084017634
2493,0.00037736428203061223,0.7377320528030396,0.258968323469162,0.0029221822042018175
2495,0.005653076805174351,0.7065012454986572,0.28102678060531616,0.006818912457674742
2497,0.009831375442445278,0.7223095893859863,0.2535545229911804,0.014304565265774727
2499,0.0013268654001876712,0.2450762391090393,0.6161215901374817,0.13747531175613403
2501,0.005647170357406139,0.3333788514137268,0.5083420276641846,0.1526319533586502
2503,0.11059258133172989,0.6881301403045654,0.19409601390361786,0.007181283086538315
2505,0.13179749250411987,0.5999771356582642,0.25010767579078674,0.018117740750312805
2507,0.00013971328735351562,0.8680176734924316,0.13105106353759766,0.0007915296591818333
2509,0.013200102373957634,0.7792637944221497,0.20013149082660675,0.007404586300253868
2511,0.09188974648714066,0.5205909013748169,0.3309077024459839,0.05661163479089737
2513,0.0014785807579755783,0.2126893699169159,0.4296443462371826,0.3561876714229584
2515,0.004695087671279907,0.9088152050971985,0.08586418628692627,0.000625559885520488
2517,0.0006096934666857123,0.6582441926002502,0.33619827032089233,0.004947839304804802
2519,0.0004530720179900527,0.6183445453643799,0.37504494190216064,0.006157499738037586
2521,0.015152007341384888,0.6342911124229431,0.3239642381668091,0.02659260295331478
2523,0.004220203496515751,0.8971815705299377,0.0975639671087265,0.0010342051973566413
2525,0.007351079490035772,0.6025057435035706,0.37703847885131836,0.013104716315865517
2527,0.0007726158946752548,0.3879113495349884,0.5823238492012024,0.028992196545004845
2529,0.9758495688438416,0.019629988819360733,0.0038054469041526318,0.0007150223245844245
2531,0.000555356964468956,0.38111671805381775,0.5902851223945618,0.028042765334248543
2533,0.016571037471294403,0.8237824440002441,0.15722163021564484,0.0024248785339295864
2535,0.006277966313064098,0.7143843173980713,0.27114972472190857,0.00818801298737526
2537,0.18478165566921234,0.6973586678504944,0.11384066939353943,0.004019067622721195
2539,0.0011003173422068357,0.47996997833251953,0.5109254121780396,0.008004257455468178
2541,0.9634280204772949,0.027760738506913185,0.007471701595932245,0.0013396022841334343
2543,0.046918950974941254,0.7935739159584045,0.15626396238803864,0.003243155311793089
2545,0.0005052303313277662,0.5044704079627991,0.4813690185546875,0.013655387796461582
2547,0.03528076782822609,0.7662150263786316,0.19372950494289398,0.004774732049554586
2549,0.005361698102205992,0.4064275324344635,0.5218632817268372,0.06634746491909027
2551,0.1858925074338913,0.5816062092781067,0.21064381301403046,0.0218574907630682
2553,0.006670841947197914,0.7710444927215576,0.214111328125,0.00817328691482544
2555,0.003663369221612811,0.12913821637630463,0.34023386240005493,0.526964545249939
2557,0.504224956035614,0.44497695565223694,0.0483890026807785,0.002409146400168538
2559,0.0060118623077869415,0.949783980846405,0.04373329505324364,0.00047088542487472296
2561,0.021043656393885612,0.5599508881568909,0.3848482370376587,0.034157220274209976
2563,0.002644887426868081,0.351867139339447,0.5200258493423462,0.12546208500862122
2565,0.000105294406239409,0.9082366228103638,0.09134376049041748,0.00031435099663212895
2567,0.0007090955041348934,0.5180050134658813,0.4716489017009735,0.009637000039219856
2569,0.016698671504855156,0.32508257031440735,0.47299233078956604,0.1852264553308487
2571,0.0005729112890549004,0.27879467606544495,0.658424973487854,0.062207501381635666
2573,0.005480311345309019,0.6044306755065918,0.36092203855514526,0.029166970402002335
2575,0.06720293313264847,0.8446876406669617,0.08629027009010315,0.0018191001145169139
2577,0.01225972268730402,0.9293118119239807,0.0575810968875885,0.0008474226924590766
2579,0.004342623054981232,0.23342329263687134,0.5098433494567871,0.2523907423019409
2581,0.9493300914764404,0.040427353233098984,0.00888071022927761,0.0013619010569527745
2583,0.12181408703327179,0.4386693835258484,0.341636061668396,0.09788037091493607
2585,0.9618862271308899,0.030919784680008888,0.006184345576912165,0.0010095665929839015
2587,0.0008631033124402165,0.2178984433412552,0.5564231872558594,0.2248152792453766
2589,0.00012788733874913305,0.8070570826530457,0.19169287383556366,0.0011221758322790265
2591,0.00012988278467673808,0.9582676291465759,0.04145059362053871,0.0001518483622930944
2593,0.0007513604941777885,0.26750287413597107,0.6219627857208252,0.10978294909000397
2595,0.03829788416624069,0.858142077922821,0.10249045491218567,0.0010695839300751686
2597,0.0009076767018996179,0.3719494640827179,0.6037335395812988,0.023409290239214897
2599,0.006303012371063232,0.9501811861991882,0.043073274195194244,0.0004425409424584359
2601,0.0020040294621139765,0.49036985635757446,0.47528275847435,0.03234339877963066
2603,0.001989334123209119,0.14845769107341766,0.46448302268981934,0.38506996631622314
2605,0.013484506867825985,0.8085895776748657,0.17486976087093353,0.003056182060390711
2607,0.0004188292659819126,0.9572677612304688,0.042059410363435745,0.00025403278414160013
2609,0.02017940580844879,0.5454097986221313,0.3867534399032593,0.047657378017902374
2611,0.00030155220883898437,0.3465624153614044,0.6374258399009705,0.015710243955254555
2613,0.0013065490638837218,0.28657904267311096,0.6066877841949463,0.10542652755975723
2615,0.031334590166807175,0.564165472984314,0.3421836495399475,0.06231627240777016
2617,0.000994604779407382,0.7979852557182312,0.19863425195217133,0.0023859329521656036
2619,0.17110675573349,0.7911895513534546,0.03700442984700203,0.000699274183716625
2621,0.35346585512161255,0.5648368000984192,0.08011089265346527,0.0015865103341639042
2623,0.0013414978748187423,0.3661935031414032,0.5851755142211914,0.04728943482041359
2625,0.000358092860551551,0.9130467772483826,0.0862639769911766,0.0003311817708890885
2627,0.06144949421286583,0.8221851587295532,0.1148027703166008,0.001562583609484136
2629,0.0007200182299129665,0.8537566065788269,0.14379608631134033,0.0017272337572649121
2631,0.0062260194681584835,0.450332909822464,0.4364776313304901,0.10696344822645187
2633,0.006992340087890625,0.530033528804779,0.4326007664203644,0.030373340472579002
2635,0.025010956451296806,0.8154083490371704,0.1556234061717987,0.003957308363169432
2637,0.5914428234100342,0.33176934719085693,0.07175015658140182,0.005037651862949133
2639,0.022675292566418648,0.8376923203468323,0.1367495059967041,0.002882839646190405
2641,0.0002827248827088624,0.8695440292358398,0.12924619019031525,0.0009270192822441459
2643,0.007512254174798727,0.6762315034866333,0.30480143427848816,0.011454818770289421
2645,0.038685064762830734,0.9084170460700989,0.0520564429461956,0.0008414140320383012
2647,0.0002233593404525891,0.05134289711713791,0.4298888146877289,0.5185449123382568
2649,0.005041704047471285,0.3646705150604248,0.5305924415588379,0.0996953621506691
2651,0.0018840475240722299,0.6603681445121765,0.32690590620040894,0.010841945186257362
2653,0.006134255789220333,0.34555044770240784,0.4949781894683838,0.15333709120750427
2655,0.019338082522153854,0.6607174873352051,0.3072621822357178,0.012682224623858929
2657,0.7561649680137634,0.2132861167192459,0.029319696128368378,0.001229225774295628
2659,0.07913657277822495,0.6944014430046082,0.21850308775901794,0.007958975620567799
2661,0.0012010937789455056,0.5665031671524048,0.42761901021003723,0.004676769487559795
2663,0.0017929658060893416,0.8589804172515869,0.13805072009563446,0.001175855752080679
2665,0.006909296382218599,0.7502210140228271,0.2360675036907196,0.006802177522331476
2667,0.0014313553692772985,0.5865435004234314,0.3968752324581146,0.015149945393204689
2669,0.008718614466488361,0.9320024251937866,0.058657206594944,0.0006217827321961522
2671,0.09596440941095352,0.6557977199554443,0.2302066683769226,0.018031178042292595
2673,0.0005941420677118003,0.07661081105470657,0.3654897212982178,0.5573052763938904
2675,0.06857553124427795,0.7726381421089172,0.1545373499393463,0.004249009303748608
2677,0.0028199634980410337,0.8067177534103394,0.18864160776138306,0.0018207052489742637
2679,0.006874527782201767,0.45274224877357483,0.5211031436920166,0.019280090928077698
2681,0.5623248219490051,0.38647982478141785,0.049135394394397736,0.0020599972922354937
2683,0.0007324242615140975,0.8417471647262573,0.15570756793022156,0.001812767586670816
2685,0.01403376180678606,0.7543383240699768,0.22298197448253632,0.008645950816571712
2687,0.0017049534944817424,0.4043528139591217,0.544116199016571,0.04982604458928108
2689,0.002398517681285739,0.5868979096412659,0.397115021944046,0.013588528148829937
2691,0.0027597963344305754,0.5776146054267883,0.4032399654388428,0.01638566516339779
2693,0.717319130897522,0.2328794151544571,0.045856673270463943,0.003944790456444025
2695,0.007160636596381664,0.5868967771530151,0.38489627838134766,0.021046282723546028
2697,0.7949929237365723,0.17738690972328186,0.02555500715970993,0.002065161010250449
2699,0.0015793497441336513,0.9126825928688049,0.08489270508289337,0.0008453649934381247
2701,0.0022579478099942207,0.3857082724571228,0.5881348848342896,0.02389887347817421
2703,0.0009521101019345224,0.47803089022636414,0.508861243724823,0.012155726552009583
2705,0.019184468314051628,0.8548926711082458,0.12315897643566132,0.0027637844905257225
2707,0.001777371042408049,0.8923739790916443,0.10492651909589767,0.0009220879292115569
2709,0.2651752233505249,0.44408494234085083,0.23770155012607574,0.05303838104009628
2711,0.0035331393592059612,0.8379318714141846,0.15500181913375854,0.0035331393592059612
2713,0.002381626982241869,0.7482849359512329,0.24675820767879486,0.0025751525536179543
2715,0.004413600545376539,0.21940968930721283,0.4363482892513275,0.33982837200164795
2717,0.024086738005280495,0.6409242749214172,0.31236153841018677,0.022627394646406174
2719,0.00445531215518713,0.8759834170341492,0.11855146288871765,0.0010097695048898458
2721,0.003134621772915125,0.5973531603813171,0.37970077991485596,0.019811421632766724
2723,0.26636698842048645,0.5817989706993103,0.14257597923278809,0.009258111007511616
2725,0.00010841701441677287,0.007600618992000818,0.042392849922180176,0.9498980641365051
2727,0.029732778668403625,0.6457258462905884,0.30982261896133423,0.014718791469931602
2729,0.0006140453624539077,0.8380380868911743,0.1599423736333847,0.0014055639039725065
2731,0.0130011523142457,0.8834087252616882,0.102261982858181,0.0013281512074172497
2733,0.0074897767044603825,0.6848254799842834,0.29453977942466736,0.013144968077540398
2735,0.21940229833126068,0.3242555558681488,0.32936182618141174,0.12698030471801758
2737,0.004160407464951277,0.39866167306900024,0.5039555430412292,0.09322240203619003
2739,0.0036711215507239103,0.5363957285881042,0.43779343366622925,0.022139696404337883
2741,0.0014178180135786533,0.9140351414680481,0.08370042592287064,0.0008466177969239652
2743,0.9819085597991943,0.0158710740506649,0.001955700106918812,0.0002646752109285444
2745,0.00043419573921710253,0.4761534333229065,0.5068626999855042,0.016549652442336082
2747,0.0002395922492723912,0.8750737905502319,0.12411186099052429,0.0005747519317083061
2749,0.9462036490440369,0.044951438903808594,0.008059348911046982,0.0007856120355427265
2751,0.02267637476325035,0.78697669506073,0.18692335486412048,0.003423620481044054
2753,0.001424034358933568,0.7610841393470764,0.23211754858493805,0.005374250002205372
2755,0.0010566286509856582,0.4467318058013916,0.5222823619842529,0.029929164797067642
2757,0.0022173915058374405,0.442839115858078,0.5097047090530396,0.045238859951496124
2759,0.0011474412167444825,0.7397293448448181,0.2556436359882355,0.0034795724786818027
2761,0.002082686871290207,0.9670825004577637,0.030604856088757515,0.00023004824470262975
2763,0.003975383937358856,0.5629812479019165,0.4118858575820923,0.021157540380954742
2765,0.007947038859128952,0.8495224714279175,0.14086462557315826,0.0016657899832352996
2767,0.1325044482946396,0.6126943826675415,0.2399345487356186,0.014866587705910206
2769,0.8523956537246704,0.11902110278606415,0.025740118697285652,0.0028431874234229326
2771,0.0021730337757617235,0.4339803457260132,0.5234801769256592,0.040366459637880325
2773,0.005729716271162033,0.28932222723960876,0.5238949060440063,0.18105323612689972
2775,0.008966329507529736,0.8327440619468689,0.1564679741859436,0.0018216202734038234
2777,0.0011084888828918338,0.7489129900932312,0.24696530401706696,0.0030131852254271507
2779,0.08277386426925659,0.8491513133049011,0.06651066988706589,0.0015641810605302453
2781,0.6036513447761536,0.360456645488739,0.034591976553201675,0.0013000097824260592
2783,0.0028230908792465925,0.2705162763595581,0.5464579463005066,0.18020270764827728
2785,0.005815477110445499,0.9628502130508423,0.030950769782066345,0.00038357224548235536
2787,0.0009976188885048032,0.3496704399585724,0.6041762828826904,0.04515567794442177
2789,0.002173950895667076,0.6937912702560425,0.29839593172073364,0.0056387996301054955
2791,0.0001658308901824057,0.9092211723327637,0.09002508968114853,0.0005879215896129608
2793,0.00043802254367619753,0.09607605636119843,0.47290289402008057,0.43058300018310547
2795,0.7764768600463867,0.2057459056377411,0.016369042918086052,0.0014081359840929508
2797,0.15782517194747925,0.6145331263542175,0.2090843766927719,0.018557293340563774
2799,0.00042574392864480615,0.3362846076488495,0.638155996799469,0.025133654475212097
2801,0.00551354605704546,0.30102941393852234,0.45901504158973694,0.23444195091724396
2803,0.0008138298289850354,0.18131685256958008,0.7398859858512878,0.07798340171575546
2805,0.8887557983398438,0.09816969186067581,0.012096880003809929,0.0009775776416063309
2807,0.07032836973667145,0.7561013102531433,0.16870900988578796,0.004861272871494293
2809,0.17686524987220764,0.4587535560131073,0.29619356989860535,0.06818763166666031
2811,0.0028193676844239235,0.2875833213329315,0.5457372665405273,0.163860023021698
2813,0.06376301497220993,0.7767925262451172,0.15536826848983765,0.004076233133673668
2815,0.8133882284164429,0.16785214841365814,0.017970087006688118,0.0007895504822954535
2817,0.006709437817335129,0.7877179980278015,0.2023027092218399,0.003269918728619814
2819,0.005990699864923954,0.40074822306632996,0.5065932273864746,0.08666788041591644
2821,0.00023999821860343218,0.029994113370776176,0.20820041000843048,0.7615655064582825
2823,0.007069238927215338,0.4512415826320648,0.495591938495636,0.04609723016619682
2825,0.000345053878845647,0.7643839716911316,0.23312392830848694,0.0021469974890351295
2827,0.014664988033473492,0.5950157642364502,0.37235134840011597,0.017967918887734413
2829,0.00047803015331737697,0.07552158832550049,0.36596715450286865,0.5580332279205322
2831,0.015169167891144753,0.5872877240180969,0.37330278754234314,0.02424026094377041
2833,0.0017794434679672122,0.8934144973754883,0.10342023521661758,0.0013858319725841284
2835,0.0029294434934854507,0.42802751064300537,0.5162997245788574,0.0527433343231678
2837,0.002551567042246461,0.15785986185073853,0.4427289068698883,0.39685964584350586
2839,0.0012403817381709814,0.5410676002502441,0.4416065216064453,0.016085516661405563
2841,0.9394670128822327,0.05300110578536987,0.0069522312842309475,0.0005796607001684606
2843,0.001714192796498537,0.419449120759964,0.5385833382606506,0.04025331139564514
2845,0.0010850031394511461,0.8437302112579346,0.15365469455718994,0.0015300995437428355
2847,0.001947756507433951,0.32248392701148987,0.6024792790412903,0.07308902591466904
2849,0.9494785666465759,0.043041422963142395,0.006600616034120321,0.0008794469758868217
2851,0.0022334549576044083,0.7707003951072693,0.22428658604621887,0.0027795794885605574
2853,0.00044901896035298705,0.2399810254573822,0.6626088619232178,0.09696108847856522
2855,0.005506998393684626,0.6266540884971619,0.35705673694610596,0.010782179422676563
2857,0.0008594081737101078,0.15385162830352783,0.6477395296096802,0.19754938781261444
2859,0.013033399358391762,0.8190459609031677,0.16381949186325073,0.004101140890270472
2861,0.0023151091299951077,0.863791823387146,0.13246676325798035,0.0014262973563745618
2863,0.003081493778154254,0.3506503403186798,0.5603376030921936,0.08593055605888367
2865,0.0004845334915444255,0.2146870344877243,0.6716963052749634,0.11313211172819138
2867,0.6197030544281006,0.3265605866909027,0.05166938528418541,0.002067035296931863
2869,0.8338266611099243,0.13611845672130585,0.026803314685821533,0.003251610789448023
2871,0.012551246210932732,0.37844470143318176,0.49358493089675903,0.11541911214590073
2873,0.007731055840849876,0.6959273815155029,0.2856080234050751,0.010733507573604584
2875,0.01447973307222128,0.6452416777610779,0.3144656717777252,0.025812914595007896
2877,0.0006407750770449638,0.9022785425186157,0.09659705311059952,0.0004836824373342097
2879,0.0005081005510874093,0.8234881162643433,0.1753307282924652,0.0006731238681823015
2881,0.0060237618163228035,0.6540684103965759,0.3237873315811157,0.01612042263150215
2883,0.008085931651294231,0.42789408564567566,0.48486754298210144,0.07915244996547699
2885,0.0009747521253302693,0.7462441921234131,0.2499604970216751,0.0028205388225615025
2887,0.9750781655311584,0.021881524473428726,0.0028257325757294893,0.00021451889188028872
2889,7.051289139781147e-05,0.9872419834136963,0.012623247690498829,6.42027152935043e-05
2891,0.16634425520896912,0.7225664854049683,0.10909122228622437,0.001998075284063816
2893,0.9727481007575989,0.022172996774315834,0.0043661221861839294,0.0007127497810870409
2895,0.0702272579073906,0.7669038772583008,0.15580597519874573,0.007062940392643213
2897,0.0213580671697855,0.34470173716545105,0.47857096791267395,0.15536923706531525
2899,0.004579648841172457,0.23124954104423523,0.4895552694797516,0.274615615606308
2901,0.01184567529708147,0.6171349883079529,0.35717034339904785,0.01384899765253067
2903,0.0010890106204897165,0.09066257625818253,0.36995992064476013,0.5382884740829468
2905,0.0018918118439614773,0.8922844529151917,0.10491599142551422,0.0009077012073248625
2907,0.0005150731303729117,0.0764436349272728,0.4399026930332184,0.4831385910511017
2909,0.004253847990185022,0.3653840124607086,0.4916779398918152,0.13868413865566254
2911,0.000358996563591063,0.9444072842597961,0.05497109144926071,0.00026264748885296285
2913,0.010183406062424183,0.5142114758491516,0.4196871817111969,0.055917903780937195
2915,0.0029090747702866793,0.375106543302536,0.5457767844200134,0.07620751857757568
2917,0.014260047115385532,0.9391373991966248,0.04603199660778046,0.0005704736686311662
2919,0.13340379297733307,0.744066596031189,0.11958237737417221,0.0029472734313458204
2921,0.002164298202842474,0.4747180938720703,0.4897872507572174,0.033330440521240234
2923,0.004766891244798899,0.26026347279548645,0.5016709566116333,0.2332986742258072
2925,0.006227222736924887,0.47946956753730774,0.45041999220848083,0.06388314068317413
2927,0.003217075252905488,0.7511442303657532,0.2400801181793213,0.005558607168495655
2929,0.0016713753575459123,0.6535355448722839,0.3390497863292694,0.005743230693042278
2931,0.00081001000944525,0.3702917695045471,0.5825507640838623,0.04634745419025421
2933,0.0020858640782535076,0.854749321937561,0.14173132181167603,0.0014335920568555593
2935,0.001002359902486205,0.10883762687444687,0.5702683925628662,0.3198915719985962
2937,0.0015871418872848153,0.7143048048019409,0.2797257900238037,0.00438223872333765
2939,0.029279809445142746,0.6768996715545654,0.282173752784729,0.011646701954305172
2941,0.0020252179820090532,0.19711796939373016,0.49555450677871704,0.30530229210853577
2943,0.0002164434699807316,0.8957838416099548,0.10369450598955154,0.00030523419263772666
2945,0.9575294256210327,0.03542725741863251,0.006156333722174168,0.000886904017534107
2947,0.9860105514526367,0.011479262262582779,0.002123449929058552,0.0003867089399136603
2949,0.002147291786968708,0.2089996188879013,0.5593119263648987,0.22954115271568298
2951,0.011646248400211334,0.8967114090919495,0.09018463641405106,0.0014576988760381937
2953,0.0713270753622055,0.5972142815589905,0.30029821395874023,0.031160492449998856
2955,0.000546474358998239,0.6581824421882629,0.33616670966148376,0.005104421637952328
2957,0.0863938108086586,0.8862871527671814,0.02676355466246605,0.0005554598174057901
2959,0.00201528356410563,0.6635703444480896,0.32849112153053284,0.005923247430473566
2961,0.006705756299197674,0.36612191796302795,0.5083099007606506,0.11886238306760788
2963,0.1919110119342804,0.7019813060760498,0.10434021055698395,0.0017674394184723496
2965,0.0003226079570595175,0.7972613573074341,0.2015792429447174,0.0008367814007215202
2967,0.007449122611433268,0.8745602369308472,0.11652388423681259,0.0014668192015960813
2969,0.022315364331007004,0.5578138828277588,0.3601517379283905,0.05971900746226311
2971,0.0007441415800713003,0.8686810731887817,0.1291179060935974,0.0014569584745913744
2973,0.03184604272246361,0.7960508465766907,0.16948899626731873,0.002614082070067525
2975,0.0003522929619066417,0.024697644636034966,0.11782587319612503,0.8571242094039917
2977,0.014146527275443077,0.610998272895813,0.35361868143081665,0.02123645320534706
2979,0.0005466962466016412,0.6482412815093994,0.3469785749912262,0.004233432002365589
2981,0.0009973532287403941,0.7635470628738403,0.23286867141723633,0.0025869375094771385
2983,0.0006025821785442531,0.4401954412460327,0.5478320717811584,0.011369891464710236
2985,0.003939467947930098,0.6421331763267517,0.34370914101600647,0.010218203067779541
2987,0.0007248374749906361,0.7825573086738586,0.21393924951553345,0.0027785860002040863
2989,0.0006479895673692226,0.4446864128112793,0.5448411703109741,0.009824402630329132
2991,0.009866650216281414,0.9307915568351746,0.058580998331308365,0.0007608343148604035
2993,0.0019670804031193256,0.9134013652801514,0.0836423859000206,0.0009891102090477943
2995,0.01648181490600109,0.845355749130249,0.13586103916168213,0.0023013765458017588
2997,0.0009062139433808625,0.9632086157798767,0.03563738241791725,0.00024774507619440556
2999,0.0005124803283251822,0.8980780839920044,0.10076156258583069,0.0006478358409367502
3001,0.0004473488370422274,0.7839407324790955,0.2143174707889557,0.0012944468762725592
3003,7.557569188065827e-05,0.44109243154525757,0.557593047618866,0.001238937838934362
3005,4.753467146656476e-05,0.5692553520202637,0.4296965003013611,0.0010005793301388621
3007,4.533379615168087e-05,0.938044548034668,0.061870746314525604,3.9386683056363836e-05
3009,7.339930743910372e-05,0.8789994120597839,0.12083297967910767,9.424658492207527e-05
3011,0.00021178041060920805,0.9777897596359253,0.021942375227808952,5.611622691503726e-05
3013,7.088620623108e-05,0.9619337916374207,0.03788558021187782,0.00010979070793837309
3015,6.983264029258862e-05,0.9625597596168518,0.03732249140739441,4.799521775566973e-05
3017,0.0036745236720889807,0.9276676177978516,0.06825826317071915,0.00039958590059541166
3019,0.0007674116641283035,0.47207745909690857,0.5025238394737244,0.024631302803754807
3021,0.0001811054680729285,0.8627062439918518,0.13649995625019073,0.0006126718944869936
3023,0.001642505289055407,0.5667808055877686,0.42119571566581726,0.01038095261901617
3025,0.0008391650044359267,0.49257758259773254,0.48494088649749756,0.021642349660396576
3027,0.017187809571623802,0.8815664052963257,0.10046660155057907,0.0007791516254656017
3029,9.834844240685925e-05,0.8351709246635437,0.1644548922777176,0.0002758250047918409
3031,0.0007692163926549256,0.27386003732681274,0.6075850129127502,0.11778572201728821
3033,0.00010761082376120612,0.2498263269662857,0.6897926330566406,0.06027340516448021
3035,3.693468897836283e-05,0.46354150772094727,0.533532977104187,0.002888596849516034
3037,7.694347732467577e-05,0.415326863527298,0.5766242146492004,0.007972043007612228
3039,0.0002731295535340905,0.5864374041557312,0.4093993008136749,0.0038901236839592457
3041,9.724005940370262e-05,0.7174314856529236,0.2809502184391022,0.0015210905112326145
3043,0.0007508366252295673,0.7380841374397278,0.25909191370010376,0.0020731266122311354
3045,0.0007215027580969036,0.44383636116981506,0.5270686745643616,0.028373507782816887
3047,0.00012246063852217048,0.2356940060853958,0.7036523222923279,0.06053122505545616
3049,2.194363514718134e-05,0.9172195196151733,0.08268984407186508,6.865556497359648e-05
3051,0.00018104116315953434,0.8897754549980164,0.10964184254407883,0.0004016573657281697
3053,4.0711813198868185e-05,0.05822926014661789,0.8556727170944214,0.08605726808309555
3055,0.0017733658896759152,0.9778726100921631,0.020295098423957825,5.881428296561353e-05
3057,4.7516277845716104e-05,0.815105140209198,0.1847386509180069,0.00010876585292862728
3059,0.000353466923115775,0.9012517333030701,0.09800658375024796,0.00038820746704004705
3061,4.8982583393808454e-05,0.8805832862854004,0.11917398869991302,0.00019372986571397632
3063,0.0005779279745183885,0.9078407883644104,0.09130395203828812,0.00027729288558475673
3065,0.0005178299616090953,0.98119056224823,0.01825413480401039,3.751147596631199e-05
3067,4.2432300688233227e-05,0.6034448146820068,0.3957487642765045,0.0007639747927896678
3069,0.0007094791508279741,0.4793354868888855,0.49455124139785767,0.02540385164320469
3071,6.943941843928769e-05,0.6179758310317993,0.38072386384010315,0.0012308431323617697
3073,0.00023565610172227025,0.6396161317825317,0.35879212617874146,0.0013561071828007698
3075,0.0003616256290115416,0.6337181329727173,0.36108168959617615,0.004838497377932072
3077,1.8722352251643315e-05,0.8330450654029846,0.16661949455738068,0.00031666457653045654
3079,0.0001107819625758566,0.8837583661079407,0.11592386662960052,0.00020696794672403485
3081,0.00042338678031228483,0.8949616551399231,0.10359933227300644,0.0010156520875170827
3083,0.0002547324984334409,0.887766420841217,0.11111700534820557,0.0008617488783784211
3085,0.0030782856047153473,0.9671685695648193,0.029665887355804443,8.732423884794116e-05
3087,8.226137288147584e-05,0.2032926082611084,0.7553236484527588,0.04130139946937561
3089,0.00012255899491719902,0.8494485020637512,0.14993657171726227,0.000492363702505827
3091,9.007889275380876e-06,0.903223991394043,0.09669827669858932,6.867264164611697e-05
3093,0.00010477203613845631,0.09982379525899887,0.7851750254631042,0.11489648371934891
3095,4.896027530776337e-05,0.5772376656532288,0.4223160743713379,0.00039732689037919044
3097,7.546565757365897e-05,0.9925698637962341,0.007345202378928661,9.445634532312397e-06
3099,0.00020056217908859253,0.7920456528663635,0.20661747455596924,0.0011362622026354074
3101,0.0002525803283788264,0.9820075631141663,0.01770724728703499,3.2617670512991026e-05
3103,8.314906153827906e-05,0.38994458317756653,0.603958010673523,0.006014237646013498
3105,4.692283982876688e-05,0.9558721780776978,0.044013626873493195,6.72138630761765e-05
3107,0.0021252331789582968,0.1913074105978012,0.5282166600227356,0.2783506512641907
3109,0.00011607367923716083,0.9405547976493835,0.059195466339588165,0.00013359998411033303
3111,3.9787359128240496e-05,0.9776669144630432,0.022285116836428642,8.210586202039849e-06
3113,2.1778681912110187e-05,0.8823169469833374,0.1175573542714119,0.00010390028182882816
3115,0.0006350637995637953,0.7891608476638794,0.20910683274269104,0.0010972919408231974
3117,4.1048468119697645e-05,0.7979118824005127,0.2017437219619751,0.0003033094108104706
3119,8.029318269109353e-05,0.24311982095241547,0.7488617897033691,0.0079381437972188
3121,0.0001534125185571611,0.06797399371862411,0.5022636651992798,0.42960891127586365
3123,0.00022440274187829345,0.0978868380188942,0.7010380029678345,0.20085075497627258
3125,6.558668974321336e-05,0.9182709455490112,0.08150117844343185,0.00016232860798481852
3127,4.95803433295805e-05,0.9488152861595154,0.05107725039124489,5.796529148938134e-05
3129,3.7273413909133524e-05,0.9303168058395386,0.06953117251396179,0.00011481020919745788
3131,4.097965938854031e-05,0.9608522057533264,0.039044249802827835,6.248652789508924e-05
3133,3.777892197831534e-05,0.9283149838447571,0.07158396393060684,6.32677911198698e-05
3135,1.763773980201222e-05,0.6111916899681091,0.3884970545768738,0.00029369472758844495
3137,0.00029093484045006335,0.4789489507675171,0.5178672671318054,0.0028927831444889307
3139,0.002863701432943344,0.8585457801818848,0.1379808634519577,0.000609717215411365
3141,2.1744968762504868e-05,0.9982483386993408,0.001727416762150824,2.4781377305771457e-06
3143,9.072098328033462e-05,0.42545464634895325,0.5636358261108398,0.010818778537213802
3145,0.00046716968063265085,0.32564643025398254,0.6276999115943909,0.04618648439645767
3147,1.5656230971217155e-05,0.8669564127922058,0.13295207917690277,7.586792344227433e-05
3149,0.0001339587033726275,0.9430802464485168,0.05663636699318886,0.00014944173744879663
3151,0.00019820556917693466,0.5296277403831482,0.4673948287963867,0.002779231406748295
3153,7.04683770891279e-05,0.9414381980895996,0.05833245813846588,0.0001588029263075441
3155,4.35300862591248e-05,0.9293143153190613,0.07055002450942993,9.21531900530681e-05
3157,3.251883026678115e-05,0.5846065282821655,0.4145480990409851,0.0008128684712573886
3159,0.0002903699059970677,0.9506542086601257,0.04883271083235741,0.0002226343349320814
3161,0.0007377121364697814,0.9458162784576416,0.05335930362343788,8.674117270857096e-05
3163,6.579055479960516e-05,0.6845221519470215,0.313397079706192,0.002014953177422285
3165,5.580738798016682e-05,0.913493275642395,0.08630616962909698,0.0001447533577447757
3167,6.136215233709663e-05,0.9584218263626099,0.04145726189017296,5.9474237787071615e-05
3169,0.00044971416355110705,0.9506128430366516,0.04883058741688728,0.00010681647836463526
3171,6.075781857362017e-05,0.10985272377729416,0.8244904279708862,0.06559605896472931
3173,7.704857125645503e-05,0.8804478645324707,0.11915566027164459,0.00031935746665112674
3175,2.269892138428986e-05,0.9637308120727539,0.03621821105480194,2.8249261958990246e-05
3177,0.0017673346446827054,0.5216373205184937,0.46034330129623413,0.01625210791826248
3179,5.410895391833037e-05,0.6183127164840698,0.38093143701553345,0.0007016955642029643
3181,0.0001659688277868554,0.8415914177894592,0.15813034772872925,0.00011230012023588642
3183,2.66638417087961e-05,0.7903122901916504,0.20941193401813507,0.0002490574261173606
3185,3.967846714658663e-05,0.9017193913459778,0.09805743396282196,0.00018347137665841728
3187,4.506845652940683e-05,0.977308452129364,0.022627757862210274,1.8787328372127376e-05
3189,0.0008745560189709067,0.9151481986045837,0.08380234986543655,0.00017492218466941267
3191,0.0002221567410742864,0.26342082023620605,0.694021463394165,0.04233557730913162
3193,1.2823677934648003e-05,0.7798978686332703,0.21998028457164764,0.00010906219540629536
3195,5.951355706201866e-05,0.8869813084602356,0.11276701092720032,0.00019211211474612355
3197,0.00035236150142736733,0.857291042804718,0.1421527862548828,0.00020393119484651834
3199,2.839045373548288e-05,0.9838000535964966,0.01615206152200699,1.9512453945935704e-05
3201,5.2800020057475194e-05,0.5493612885475159,0.4483756124973297,0.0022103064693510532
3203,0.00012025483010802418,0.22084978222846985,0.7355421185493469,0.043487902730703354
3205,1.4368235497386195e-05,0.9597182273864746,0.040236104279756546,3.138311149086803e-05
3207,0.00013200417743064463,0.3527301251888275,0.6387117505073547,0.008426051586866379
3209,0.0007042752695269883,0.7142899036407471,0.2797199487686157,0.005285878665745258
3211,0.0005280691548250616,0.9253962635993958,0.07362407445907593,0.0004516815533861518
3213,5.922185300732963e-05,0.08739256858825684,0.8291576504707336,0.08339057862758636
3215,9.419296839041635e-05,0.8648794889450073,0.1347222477197647,0.0003040586016140878
3217,2.251976911793463e-05,0.912340521812439,0.08755466341972351,8.237389556597918e-05
3219,0.00016841352044139057,0.9676950573921204,0.03209393471479416,4.258160333847627e-05
3221,5.727588359150104e-05,0.9672910571098328,0.03258572518825531,6.592413410544395e-05
3223,0.0006108517991378903,0.6099329590797424,0.3757688105106354,0.01368737779557705
3225,0.0012500282609835267,0.8314458727836609,0.16629964113235474,0.0010044260416179895
3227,0.00030967185739427805,0.5776729583740234,0.4160822331905365,0.0059350947849452496
3229,0.00012603313371073455,0.9012560844421387,0.09800705313682556,0.00061073899269104
3231,0.0002799890353344381,0.5647426843643188,0.4330032467842102,0.0019741151481866837
3233,6.576019222848117e-05,0.7398033142089844,0.2596953809261322,0.00043556306627579033
3235,6.79491349728778e-05,0.674606204032898,0.3236795961856842,0.00164625677280128
3237,4.479572453419678e-05,0.9415075182914734,0.05833675339818001,0.00011087047460023314
3239,5.276922456687316e-05,0.7742717266082764,0.22532591223716736,0.0003495173586998135
3241,5.6606084399390966e-05,0.544700562953949,0.4515726566314697,0.0036701636854559183
3243,6.55826588626951e-05,0.12426681816577911,0.8492096066474915,0.026457935571670532
3245,0.0011646745260804892,0.6128171682357788,0.37754571437835693,0.008472424000501633
3247,3.2783278584247455e-05,0.6472859978675842,0.35192328691482544,0.0007578939548693597
3249,3.86199499189388e-05,0.9342683553695679,0.06559593230485916,9.709054575068876e-05
3251,0.0004619428073056042,0.8095154762268066,0.18929581344127655,0.0007267380715347826
3253,8.37976549519226e-05,0.5992324948310852,0.39917492866516113,0.0015087398933246732
3255,5.075438821222633e-05,0.6675522923469543,0.33046236634254456,0.0019345366163179278
3257,8.128339686663821e-05,0.9887450337409973,0.011156938038766384,1.677377804298885e-05
3259,0.00010001994814956561,0.962457001209259,0.03731850907206535,0.0001244768500328064
3261,8.987521141534671e-06,0.9744096398353577,0.02556455321609974,1.6790902009233832e-05
3263,1.766814420989249e-05,0.9631969928741455,0.03676818683743477,1.7124553778558038e-05
3265,0.0008451707544736564,0.5621582865715027,0.41776055097579956,0.019235998392105103
3267,6.794134969823062e-05,0.8264501690864563,0.17323336005210876,0.0002485191507730633
3269,0.00015992276894394308,0.9630070328712463,0.03676093369722366,7.208284660009667e-05
3271,0.0014700235333293676,0.28013694286346436,0.5484814643859863,0.16991162300109863
3273,0.0002177521091653034,0.03662027418613434,0.25025418400764465,0.7129077315330505
3275,3.8284200854832307e-05,0.7212833166122437,0.27807947993278503,0.0005988656776025891
3277,0.00038504975964315236,0.509340763092041,0.47848135232925415,0.011792836710810661
3279,0.00044118170626461506,0.43368852138519287,0.5313662886619568,0.03450404480099678
3281,0.00012535251153167337,0.09901285171508789,0.8161716461181641,0.08469018340110779
3283,1.944974974321667e-05,0.8790386915206909,0.12083837389945984,0.00010351423406973481
3285,0.0018702865345403552,0.8417361974716187,0.1557055413722992,0.000688039930537343
3287,1.711511504254304e-05,0.7980782985687256,0.20178578794002533,0.00011880243982886896
3289,7.785362686263397e-05,0.4990469515323639,0.4990469515323639,0.00182818784378469
3291,0.00011538301623659208,0.9798278212547302,0.02002040296792984,3.63068756996654e-05
3293,2.6924868507194333e-05,0.7980491518974304,0.20177841186523438,0.00014555446978192776
3295,0.0006176324095577002,0.5703573822975159,0.4238536059856415,0.005171372089534998
3297,0.00021708823624067008,0.9563975930213928,0.043355073779821396,3.0312314265756868e-05
3299,0.000215539985219948,0.8122159242630005,0.18698272109031677,0.0005858984077349305
3301,2.371994014538359e-05,0.9313971400260925,0.06853268295526505,4.6441389713436365e-05
3303,5.1297149184392765e-05,0.9816696643829346,0.01826304942369461,1.589111525390763e-05
3305,0.00034165216493420303,0.8848453164100647,0.1142670065164566,0.0005459585809148848
3307,8.60258805914782e-05,0.6651535034179688,0.33446019887924194,0.00030025982414372265
3309,0.0002440968091832474,0.9639694690704346,0.03566553071141243,0.00012083668116247281
3311,4.104528125026263e-05,0.39496442675590515,0.6022487878799438,0.002745726378634572
3313,3.769554678001441e-05,0.8838494420051575,0.1159358099102974,0.0001770473172655329
3315,9.009278437588364e-05,0.13504184782505035,0.8144066333770752,0.05046145245432854
3317,3.506840221234597e-05,0.2355787307024002,0.760457456111908,0.003928647376596928
3319,0.00015343225095421076,0.9095989465713501,0.09006249159574509,0.00018507461936678737
3321,1.4712662050442304e-05,0.07818502932786942,0.8947802782058716,0.02702002413570881
3323,2.9432010705932043e-05,0.9731883406639099,0.026757841929793358,2.4399994799750857e-05
3325,0.0001518961216788739,0.6093035340309143,0.3872968554496765,0.0032476820051670074
3327,0.004596802406013012,0.9180353879928589,0.07654363662004471,0.0008241612813435495
3329,8.606370101915672e-05,0.9238802194595337,0.07583671063184738,0.00019700177654158324
3331,2.1137699150131084e-05,0.7797144651412964,0.2199285626411438,0.0003358561953064054
3333,6.931745883775875e-05,0.779822587966919,0.2199590653181076,0.00014905593707226217
3335,0.00011845950211863965,0.9017306566238403,0.09805865585803986,9.2256348580122e-05
3337,1.5506120689678937e-05,0.7460029721260071,0.2538147270679474,0.000166706508025527
3339,3.352189378347248e-05,0.9480844140052795,0.05184163153171539,4.043511944473721e-05
3341,9.483857138548046e-05,0.7684849500656128,0.2307410091161728,0.0006792072672396898
3343,3.774297147174366e-05,0.7688676714897156,0.23085594177246094,0.00023854291066527367
3345,1.9274659280199558e-05,0.927308201789856,0.07263239473104477,4.0171838918467984e-05
3347,2.5167755666188896e-05,0.9578424692153931,0.04208466038107872,4.776000787387602e-05
3349,1.1796740182035137e-05,0.7518733143806458,0.2479415237903595,0.00017335181473754346
3351,0.00021467066835612059,0.9606400728225708,0.039035629481077194,0.00010964305693050846
3353,0.000280120613751933,0.9611110687255859,0.03844928368926048,0.0001596079091541469
3355,0.000212421829928644,0.3086070716381073,0.6846746802330017,0.006505798082798719
3357,0.0001851833367254585,0.5695468783378601,0.42991653084754944,0.0003514162090141326
3359,0.00034867689828388393,0.27114138007164,0.6923838257789612,0.03612609580159187
3361,0.00037939762114547193,0.3729538023471832,0.5867387056350708,0.039928071200847626
3363,6.315719656413421e-05,0.1882689744234085,0.8051242232322693,0.006543660070747137
3365,7.379198359558359e-05,0.9858406782150269,0.014062261208891869,2.32196780416416e-05
3367,4.75800916319713e-05,0.9248754978179932,0.0747414082288742,0.0003354723157826811
3369,9.744701674208045e-05,0.6753990054130554,0.32405996322631836,0.00044360471656545997
3371,5.701234840671532e-05,0.13871031999588013,0.7267900705337524,0.13444264233112335
3373,0.00030354358023032546,0.40152508020401,0.584215521812439,0.013955796137452126
3375,0.00021114770788699389,0.9158042669296265,0.08386243134737015,0.0001222029241034761
3377,6.801345443818718e-05,0.730113685131073,0.26859381794929504,0.001224552164785564
3379,0.00022546463878825307,0.9331192970275879,0.0665469691157341,0.00010817911970661953
3381,0.000102037432952784,0.6144388318061829,0.3845060169696808,0.0009530950919725001
3383,0.0001932637969730422,0.12075947970151901,0.7998512387275696,0.07919599860906601
3385,1.850144144555088e-05,0.2471742182970047,0.749546468257904,0.0032607861794531345
3387,0.0001201405466417782,0.14929243922233582,0.7822363972663879,0.06835105270147324
3389,0.0002040606486843899,0.9569842219352722,0.042709097266197205,0.00010260813724016771
3391,1.4473039300355595e-05,0.5772539377212524,0.42232799530029297,0.00040359527338296175
3393,0.0003185091773048043,0.7871320843696594,0.2118537276983261,0.0006956880679354072
3395,1.879855517472606e-05,0.672095000743866,0.3275529444217682,0.0003332123451400548
3397,0.001392400125041604,0.970589816570282,0.02796710468828678,5.071817213320173e-05
3399,0.00024018310068640858,0.23610371351242065,0.7503360509872437,0.013320060446858406
3401,0.2719597816467285,0.46261918544769287,0.25950583815574646,0.005915223155170679
3403,8.724005601834506e-05,0.643652081489563,0.35545840859413147,0.0008022447000257671
3405,0.00019467764650471509,0.7000066637992859,0.2964014708995819,0.0033972451929003
3407,0.00021101179299876094,0.4256143569946289,0.5638474225997925,0.010327226482331753
3409,0.00018955976702272892,0.902978777885437,0.09667202085256577,0.00015962531324476004
3411,5.173814497538842e-05,0.9596466422080994,0.040233105421066284,6.854191451566294e-05
3413,0.0004089020658284426,0.7993871569633484,0.19898320734500885,0.0012207559775561094
3415,0.0003393253718968481,0.5946388244628906,0.40235278010368347,0.0026690009981393814
3417,0.000377068790839985,0.8891779780387878,0.10956822335720062,0.0008767112740315497
3419,5.1907500164816156e-05,0.5153431296348572,0.48412010073661804,0.00048484941362403333
3421,2.4761029635556042e-05,0.5805731415748596,0.4181711673736572,0.0012309248559176922
3423,1.9483935830066912e-05,0.908536434173584,0.09137391299009323,7.016434392426163e-05
3425,1.9843000700348057e-05,0.8557437658309937,0.14413076639175415,0.00010560717055341229
3427,7.264540181495249e-05,0.9406629204750061,0.05920226871967316,6.21369035798125e-05
3429,0.0001278338022530079,0.9431502819061279,0.05664057657122612,8.125610474962741e-05
3431,0.003116661449894309,0.9056359529495239,0.09108220785856247,0.00016517699987161905
3433,0.00016965885879471898,0.7244476079940796,0.27496930956840515,0.0004133996262680739
3435,0.00021056909463368356,0.9132946729660034,0.08628740161657333,0.00020730451797135174
3437,0.0007877174066379666,0.3382834196090698,0.6030554175376892,0.057873472571372986
3439,0.00016254099318757653,0.8911832571029663,0.10811279714107513,0.0005413442268036306
3441,0.00010665073932614177,0.20526546239852905,0.7626537084579468,0.0319741927087307
3443,1.600830910319928e-05,0.9584838151931763,0.04145994409918785,4.024488589493558e-05
3445,4.413783972267993e-05,0.9875105619430542,0.012430923990905285,1.4329457371786702e-05
3447,0.00030714983586221933,0.9300194382667542,0.06950894743204117,0.00016440547187812626
3449,4.0507191442884505e-05,0.9799233078956604,0.020022353157401085,1.3781878806184977e-05
3451,4.0622799133416265e-05,0.9524849057197571,0.04742142930626869,5.298212272464298e-05
3453,5.965964010101743e-05,0.9031606912612915,0.09669149667024612,8.817123307380825e-05
3455,2.9307959266589023e-05,0.8686835765838623,0.13115160167217255,0.00013551863958127797
3457,6.921469321241602e-05,0.19687774777412415,0.7430087924003601,0.06004432216286659
3459,2.1597652448690496e-05,0.9314144253730774,0.06853395700454712,2.9985372748342343e-05
3461,0.00012334578786976635,0.4166458249092102,0.57845538854599,0.004775441251695156
3463,0.0004210122278891504,0.7040022611618042,0.2934718132019043,0.0021049287170171738
3465,0.00014861178351566195,0.7535776495933533,0.24465084075927734,0.001622887677513063
3467,3.0018620236660354e-05,0.5149462819099426,0.483747273683548,0.001276424271054566
3469,0.0002639824815560132,0.22545653581619263,0.7508849501609802,0.02339453622698784
3471,9.746818250278011e-05,0.7079657316207886,0.29054853320121765,0.0013882177881896496
3473,2.3969954781932756e-05,0.5620248317718506,0.4377053678035736,0.0002459003299009055
3475,9.522299660602584e-05,0.8474366664886475,0.15193703770637512,0.0005311111453920603
3477,7.894139707786962e-05,0.9602565169334412,0.039634522050619125,2.9962775442982092e-05
3479,4.034068842884153e-05,0.5919104218482971,0.40681371092796326,0.0012355056824162602
3481,2.491104169166647e-05,0.9480723738670349,0.051840975880622864,6.165542436065152e-05
3483,0.00015221128705888987,0.22461532056331635,0.713826060295105,0.06140641123056412
3485,3.0367424187716097e-05,0.7120265960693359,0.28768473863601685,0.00025826742057688534
3487,0.00010098530765390024,0.8575631380081177,0.14219790697097778,0.0001380305620841682
3489,7.1795429903431796e-06,0.8031009435653687,0.1968083679676056,8.345943206222728e-05
3491,0.0005316808237694204,0.46850091218948364,0.5226505398750305,0.0083168875426054
3493,4.258672197465785e-05,0.9678114056587219,0.032097794115543365,4.825707947020419e-05
3495,5.6598040828248486e-05,0.9558433890342712,0.04401230439543724,8.766076643951237e-05
3497,3.1396328267874196e-05,0.5733152031898499,0.42605167627334595,0.0006017342675477266
3499,0.00016127862909343094,0.11067835241556168,0.7330788373947144,0.15608148276805878
3501,0.00015427405014634132,0.4122377634048462,0.5813484191894531,0.00625950051471591
3503,0.0001635192020330578,0.7203953862190247,0.27773717045783997,0.0017039092490449548
3505,1.780581624188926e-05,0.9262505769729614,0.07369204610586166,3.950392419937998e-05
3507,0.00019243972201365978,0.9606907963752747,0.039037689566612244,7.897709292592481e-05
3509,0.00027921615401282907,0.20397163927555084,0.7008935213088989,0.09485562890768051
3511,5.475385842146352e-05,0.8686736822128296,0.13115011155605316,0.00012147674715379253
3513,0.00023151330242399126,0.14693745970726013,0.757961094379425,0.09486996382474899
3515,3.344725337228738e-05,0.8613184690475464,0.13842648267745972,0.00022153811005409807
3517,0.0001282192679354921,0.24295145273208618,0.7483431696891785,0.008577235974371433
3519,9.328073065262288e-05,0.9261009693145752,0.07368014007806778,0.000125522943562828
3521,1.5833878933335654e-05,0.8498175144195557,0.15000168979167938,0.00016499280172865838
3523,0.0005926000885665417,0.874488890171051,0.12402889877557755,0.0008895981591194868
3525,0.0004057888581883162,0.9420682191848755,0.0574665293097496,5.9380032325861976e-05
3527,2.353668060095515e-05,0.4720357656478882,0.5265939831733704,0.0013467303942888975
3529,0.00018652257858775556,0.3646441698074341,0.6300485730171204,0.005120730027556419
3531,0.0002096505486406386,0.7657163739204407,0.23353028297424316,0.0005437921499833465
3533,4.3426032789284363e-05,0.9565219879150391,0.04336071386933327,7.387016376014799e-05
3535,0.0001079562644008547,0.9607563614845276,0.039040353149175644,9.527106885798275e-05
3537,0.0010637451196089387,0.7186833620071411,0.2770771086215973,0.003175756661221385
3539,0.00018664888921193779,0.011192276142537594,0.05683906376361847,0.9317820072174072
3541,8.528655598638579e-05,0.4062674343585968,0.5911155939102173,0.002531688893213868
3543,0.00016797127318568528,0.9501907825469971,0.049577534198760986,6.375470547936857e-05
3545,1.932116902025882e-05,0.9590527415275574,0.040841393172740936,8.659147715661675e-05
3547,9.842173312790692e-05,0.8100786805152893,0.18942750990390778,0.00039539558929391205
3549,5.314674854162149e-05,0.7212073802947998,0.2780502140522003,0.0006892175879329443
3551,0.0003659547073766589,0.24341171979904175,0.7266931533813477,0.029529191553592682
3553,0.0013821747852489352,0.919342041015625,0.07908578962087631,0.00019000274187419564
3555,6.77469142829068e-05,0.4480472803115845,0.548958957195282,0.00292603624984622
3557,8.874879131326452e-05,0.9379339218139648,0.06186344847083092,0.00011395569890737534
3559,0.00014503214333672076,0.9742813110351562,0.02556118555366993,1.2476293704821728e-05
3561,0.00022851870744489133,0.9310963153839111,0.06851054728031158,0.00016459582548122853
3563,1.8218934201286174e-05,0.5659219026565552,0.4339073598384857,0.00015254525351338089
3565,1.827211417548824e-05,0.8790755271911621,0.12084344029426575,6.278719229158014e-05
3567,0.0002941259299404919,0.8366265296936035,0.16218744218349457,0.0008919259416870773
3569,2.1981424652040005e-05,0.9045544266700745,0.095339335501194,8.426341082667932e-05
3571,1.1063715646741912e-05,0.9790087342262268,0.02096366137266159,1.660860471019987e-05
3573,3.408177872188389e-05,0.2514533996582031,0.7390626072883606,0.009449932724237442
3575,5.242840779828839e-05,0.8854255080223083,0.11434192955493927,0.0001801560865715146
3577,0.00022125527902971953,0.3368665874004364,0.6392604112625122,0.023651747032999992
3579,0.00016793652321211994,0.4629901349544525,0.5328983664512634,0.003943547606468201
3581,0.0012077323626726866,0.8685885071754456,0.1291041523218155,0.0010996527271345258
3583,0.00011896814976353198,0.9056025147438049,0.09397000074386597,0.0003085798816755414
3585,0.00023214438988361508,0.6400070786476135,0.3590114116668701,0.0007493712473660707
3587,0.000238312961300835,0.7104009389877319,0.28702792525291443,0.0023328238166868687
3589,0.00012939455336891115,0.2490393966436386,0.7206193208694458,0.030211905017495155
3591,2.764275086519774e-05,0.39930811524391174,0.5994324088096619,0.0012318083317950368
3593,0.0001357996661681682,0.40481314063072205,0.5889996290206909,0.0060514663346111774
3595,0.000150658845086582,0.9657333493232727,0.03409455716609955,2.1367970475694165e-05
3597,5.338474511518143e-05,0.9448439478874207,0.05499650910496712,0.00010616824874887243
3599,0.00011964880104642361,0.8556020855903625,0.1441069096326828,0.00017138899420388043
3601,0.0001395769213559106,0.08721363544464111,0.6967910528182983,0.21585579216480255
3603,0.001576155424118042,0.9108366370201111,0.0874103456735611,0.00017683973419480026
3605,6.973275594646111e-05,0.6402859091758728,0.35916784405708313,0.0004765368939843029
3607,9.304002560384106e-06,0.9184517860412598,0.08151722699403763,2.1632456991937943e-05
3609,2.719724398048129e-05,0.65793776512146,0.34133362770080566,0.0007014262373559177
3611,2.0707151634269394e-05,0.5501680970191956,0.4490341544151306,0.0007770301890559494
3613,8.471489854855463e-05,0.7901012897491455,0.20935600996017456,0.0004579644009936601
3615,0.00023839577625039965,0.48842060565948486,0.5039247274398804,0.007416275329887867
3617,0.0005874141934327781,0.937273383140564,0.061819881200790405,0.00031937158200889826
3619,0.0003902704920619726,0.5082430243492126,0.484968900680542,0.006397835444658995
3621,1.7032352843671106e-05,0.8722790479660034,0.12764261662960052,6.133586430223659e-05
3623,0.0013386098435148597,0.6934170722961426,0.3029314875602722,0.0023129102773964405
3625,0.00011448793520685285,0.7454321980476379,0.25362053513526917,0.0008328424300998449
3627,0.00010245219891658053,0.9261313676834106,0.07368256151676178,8.361905202036723e-05
3629,7.948430720716715e-05,0.9082815051078796,0.09134826809167862,0.0002907415328081697
3631,0.001454039360396564,0.9373862743377686,0.06086878478527069,0.0002908261667471379
3633,7.160328823374584e-05,0.9271689057350159,0.07262147963047028,0.00013801894965581596
3635,0.00014844801626168191,0.2025991827249527,0.7527472376823425,0.04450513422489166
3637,1.805410829547327e-05,0.7089202404022217,0.2909402847290039,0.00012146465451223776
3639,2.0424402464414015e-05,0.8946880102157593,0.10519860684871674,9.297728684032336e-05
3641,2.231257712992374e-05,0.6823347210884094,0.31731513142585754,0.00032788095995783806
3643,0.0003010894579347223,0.7920718193054199,0.20662429928779602,0.0010027809767052531
3645,1.5177985915215686e-05,0.9673793911933899,0.03258870169520378,1.6669755495968275e-05
3647,0.00035401189234107733,0.8748699426651001,0.12408294528722763,0.0006931216339580715
3649,6.765867146896198e-05,0.7150447964668274,0.28442516922950745,0.000462363037513569
3651,8.339231862919405e-05,0.2773210406303406,0.7193160653114319,0.003279450349509716
3653,1.1602201993810013e-05,0.9796444177627563,0.020331870764493942,1.2159002835687716e-05
3655,3.542849299265072e-05,0.9123385548591614,0.08755447715520859,7.156751962611452e-05
3657,0.0008641349268145859,0.16467495262622833,0.5315772891044617,0.3028835952281952
3659,4.348623042460531e-05,0.9882532954216003,0.011686554178595543,1.676543615758419e-05
3661,0.0008051256882026792,0.24137897789478302,0.6769640445709229,0.08085182309150696
3663,0.000568268820643425,0.5946447849273682,0.4023568034172058,0.002430177293717861
3665,0.0005552561488002539,0.4317834973335266,0.5458254814147949,0.02183576673269272
3667,6.827660399721935e-05,0.8703861236572266,0.12937134504318237,0.0001743504253681749
3669,5.478918683365919e-05,0.6068232655525208,0.3917945325374603,0.001327420468442142
3671,0.0002299014595337212,0.8529027104377747,0.1459144502878189,0.0009529150556772947
3673,2.135039903805591e-05,0.9352511763572693,0.0646468997001648,8.057556260609999e-05
3675,0.0002657674776855856,0.7101608514785767,0.2869309186935425,0.002642542589455843
3677,0.00028642566758207977,0.19965659081935883,0.7653618454933167,0.034695111215114594
3679,8.057658124016598e-05,0.04443167895078659,0.48520800471305847,0.470279723405838
3681,5.621987656923011e-05,0.9795957803726196,0.02033086121082306,1.7146094251074828e-05
3683,2.9868895580875687e-05,0.657906174659729,0.34131723642349243,0.0007466284441761672
3685,6.274602492339909e-05,0.03353501111268997,0.5944222807884216,0.3719799816608429
3687,0.0037696845829486847,0.8801711201667786,0.1154533177614212,0.0006058434373699129
3689,0.00011990226630587131,0.8574146628379822,0.14217327535152435,0.0002921600826084614
3691,0.00011352500587236136,0.28497254848480225,0.7053138613700867,0.009600047022104263
3693,1.6492949725943618e-05,0.06615845113992691,0.9276714324951172,0.006153694353997707
3695,0.0007303719758056104,0.3136565685272217,0.6336036920547485,0.05200935900211334
3697,0.00014116142119746655,0.42742279171943665,0.5662431716918945,0.006192869506776333
3699,2.1083018509671092e-05,0.938082218170166,0.06187323108315468,2.3519805836258456e-05
3701,0.00027811748441308737,0.15822818875312805,0.7667519450187683,0.07474170625209808
3703,6.325731374090537e-05,0.8719267249107361,0.1275910586118698,0.00041898523340933025
3705,4.84826450701803e-05,0.9723352193832397,0.027583027258515358,3.332160122226924e-05
3707,0.0002747367834672332,0.34140118956565857,0.6378213763237,0.020502734929323196
3709,0.00010300280700903386,0.8089612126350403,0.18916620314121246,0.0017695954302325845
3711,0.0001133394762291573,0.7979191541671753,0.20174555480480194,0.00022190793242771178
3713,0.00011072643246734515,0.955091655254364,0.0446702316403389,0.00012744533887598664
3715,0.0003838975972030312,0.07315793633460999,0.37737733125686646,0.5490807890892029
3717,9.461544686928391e-05,0.9691703915596008,0.030670931562781334,6.402000872185454e-05
3719,4.817851004190743e-05,0.07335295528173447,0.6745412349700928,0.25205764174461365
3721,6.828112236689776e-05,0.6885776519775391,0.31036627292633057,0.0009878277778625488
3723,0.0004359768354333937,0.5250974297523499,0.4633968472480774,0.011069669388234615
3725,0.00028578293859027326,0.8927907347679138,0.1066286489367485,0.00029485460254363716
3727,7.12828550604172e-05,0.6545189619064331,0.3449072539806366,0.0005025930586270988
3729,2.2591026208829135e-05,0.0920468345284462,0.8870687484741211,0.020861856639385223
3731,1.5903420717222616e-05,0.3342549204826355,0.6647452712059021,0.0009839097037911415
3733,8.101344428723678e-05,0.1766834855079651,0.720978856086731,0.10225655138492584
3735,0.0010088192066177726,0.6815745234489441,0.3120475709438324,0.005369075108319521
3737,2.9005828764638864e-05,0.959096372127533,0.04084325209259987,3.1362778827315196e-05
3739,0.0003611448628362268,0.576239824295044,0.4150499999523163,0.008349060080945492
3741,0.00010227795428363606,0.6764197945594788,0.3195180892944336,0.003959781490266323
3743,0.0003680450899992138,0.23359182476997375,0.6865645051002502,0.07947561144828796
3745,5.270487963571213e-05,0.3596307337284088,0.6311716437339783,0.009144959039986134
3747,0.00011612550588324666,0.8304072618484497,0.168707475066185,0.0007691581267863512
3749,0.00012188755499664694,0.9134408831596375,0.08630121499300003,0.00013597539509646595
3751,8.22219080873765e-05,0.14866070449352264,0.7911927103996277,0.06006435677409172
3753,0.00010681289859348908,0.980755627155304,0.019121691584587097,1.5876319594099186e-05
3755,5.834424155182205e-05,0.6070464849472046,0.3919386863708496,0.0009564568172208965
3757,0.00017587991897016764,0.1649753898382187,0.7393683791160583,0.09548042714595795
3759,0.00041282555321231484,0.7234416007995605,0.274587482213974,0.0015579874161630869
3761,0.000953871407546103,0.9231332540512085,0.0757753923535347,0.0001374182029394433
3763,7.785770139889792e-05,0.31231194734573364,0.6821519732475281,0.005458245985209942
3765,0.0002959277480840683,0.42992469668388367,0.5520342588424683,0.017745113000273705
3767,8.339159103343263e-05,0.4943739175796509,0.5021591782569885,0.0033835219219326973
3769,4.401899059303105e-05,0.5880815982818604,0.410547137260437,0.0013272588839754462
3771,0.0006361311534419656,0.28629550337791443,0.6060875654220581,0.1069808155298233
3773,0.0036154319532215595,0.3105473518371582,0.5801787972450256,0.1056584045290947
3775,0.00010416905570309609,0.7685532569885254,0.23076151311397552,0.0005810083239339292
3777,4.104647086933255e-05,0.9183463454246521,0.08150786906480789,0.0001048158374032937
3779,8.784405508777127e-05,0.8452926278114319,0.15393921732902527,0.0006802348652854562
3781,0.0001975441409740597,0.8048908710479736,0.19418896734714508,0.0007225864101201296
3783,0.00032551196636632085,0.5275633931159973,0.4655730426311493,0.00653808331117034
3785,5.139697532285936e-05,0.766012966632843,0.233620747923851,0.00031484465580433607
3787,1.3305142601893749e-05,0.960923969745636,0.03904716670513153,1.5555287973256782e-05
3789,1.2217297808092553e-05,0.7547205686569214,0.24502187967300415,0.0002453909837640822
3791,2.5754032321856357e-05,0.9352705478668213,0.06464824080467224,5.537986726267263e-05
3793,3.072819163207896e-05,0.8555976748466492,0.1441061645746231,0.00026545106084086
3795,0.00028486535302363336,0.1167326420545578,0.5656702518463135,0.31731224060058594
3797,0.0002080217091133818,0.8609290719032288,0.13836389780044556,0.0004990181187167764
3799,2.9578972316812724e-05,0.904546320438385,0.09533847868442535,8.558960689697415e-05
3801,0.00020145351300016046,0.930110514163971,0.06951574981212616,0.00017231232777703553
3803,0.00023183335724752396,0.5135711431503296,0.48245543241500854,0.003741600550711155
3805,9.935130219673738e-05,0.8306070566177368,0.16874806582927704,0.0005455460050143301
3807,0.00027880683774128556,0.1611183136701584,0.6472702622413635,0.19133271276950836
3809,0.0009417676483280957,0.7555932998657227,0.24150212109088898,0.001962812151759863
3811,8.954707300290465e-05,0.05508537217974663,0.6606730818748474,0.28415197134017944
3813,0.00015198375331237912,0.7239833474159241,0.2747930884361267,0.0010715897660702467
3815,8.259682363132015e-05,0.5462577939033508,0.4528636038303375,0.0007959976210258901
3817,2.6786725356942043e-05,0.988092303276062,0.011868657544255257,1.226385484187631e-05
3819,3.990285040345043e-05,0.9653034806251526,0.034616053104400635,4.053123120684177e-05
3821,3.070760431000963e-05,0.8960579037666321,0.10372623056173325,0.00018519053992349654
3823,7.192040357040241e-05,0.6920648813247681,0.30710193514823914,0.0007612296030856669
3825,0.00012883279123343527,0.5249274373054504,0.47054189443588257,0.004401784855872393
3827,3.3147429348900914e-05,0.65447598695755,0.34488463401794434,0.0006062031607143581
3829,0.00019388213695492595,0.9831337332725525,0.01665349490940571,1.889931081677787e-05
3831,2.8576025215443224e-05,0.9448845982551575,0.05499887466430664,8.802035881672055e-05
3833,7.7104261436034e-05,0.8148697018623352,0.18468528985977173,0.00036784386611543596
3835,7.243963773362339e-05,0.9677736759185791,0.03209654241800308,5.7304463553009555e-05
3837,0.00043928081868216395,0.058440469205379486,0.34159764647483826,0.599522590637207
3839,2.8295724405325018e-05,0.633069634437561,0.3663926124572754,0.0005094520165584981
3841,2.376960765104741e-05,0.08957062661647797,0.8632051944732666,0.04720040410757065
3843,0.0006277381326071918,0.16608384251594543,0.5278133749961853,0.3054749667644501
3845,4.356767749413848e-05,0.9747540950775146,0.025177111849188805,2.5215036657755263e-05
3847,1.9040919141843915e-05,0.9160628914833069,0.08388610929250717,3.188753908034414e-05
3849,0.0001385040523018688,0.7713516354560852,0.2280111014842987,0.0004987722495570779
3851,0.0012074810219928622,0.635340690612793,0.35639384388923645,0.007057998329401016
3853,6.269085133681074e-05,0.22541886568069458,0.750759482383728,0.02375897206366062
3855,0.0001132237448473461,0.7847464680671692,0.21453773975372314,0.0006025924230925739
3857,3.642608498921618e-05,0.9380279779434204,0.061869654804468155,6.595911690965295e-05
3859,0.0007856955635361373,0.3591765761375427,0.5921820402145386,0.04785564914345741
3861,0.0002935692900791764,0.9916382431983948,0.008059555664658546,8.592275662522297e-06
3863,0.00011078811076004058,0.3742276430130005,0.6169970631599426,0.008664543740451336
3865,1.7770575141184963e-05,0.9389748573303223,0.0609719380736351,3.5341006878297776e-05
3867,1.542433528811671e-05,0.9380620718002319,0.06187190115451813,5.0574442866491154e-05
3869,5.181912274565548e-05,0.8350603580474854,0.16443312168121338,0.000454698340035975
3871,3.633127562352456e-05,0.851861298084259,0.1480312943458557,7.113318861229345e-05
3873,6.717572250636294e-05,0.897449254989624,0.10227666795253754,0.00020691577810794115
3875,9.866413165582344e-05,0.9795479774475098,0.020329870283603668,2.3434786271536723e-05
3877,0.0005707004456780851,0.3916463255882263,0.5610074996948242,0.04677548632025719
3879,9.193082223646343e-05,0.617563009262085,0.38046953082084656,0.0018755579367280006
3881,0.00036538412678055465,0.2392643392086029,0.6606300473213196,0.09974021464586258
3883,6.970554386498407e-05,0.5223821997642517,0.4756344258785248,0.0019136732444167137
3885,5.886162762180902e-05,0.3177243173122406,0.6726223826408386,0.009594442322850227
3887,3.176703103235923e-05,0.9415701031684875,0.05834063142538071,5.75226622459013e-05
3889,0.0008154386305250227,0.568411648273468,0.4224076569080353,0.008365330286324024
3891,2.0690835299319588e-05,0.9648141860961914,0.03514335677027702,2.168381070077885e-05
3893,4.9497928557684645e-05,0.6822699904441833,0.31728503108024597,0.00039546244079247117
3895,0.00030899126431904733,0.9804950952529907,0.019116612151265144,7.935550820548087e-05
3897,5.09518722537905e-05,0.37591996788978577,0.6197872161865234,0.004241857677698135
3899,3.639166243374348e-05,0.9371415376663208,0.06278456747531891,3.754685167223215e-05
3901,4.828097007703036e-05,0.9682905673980713,0.03161580488085747,4.535577681963332e-05
3903,2.342048719583545e-05,0.8243587613105774,0.17551609873771667,0.00010173395276069641
3905,3.947800360037945e-05,0.5614306926727295,0.43724268674850464,0.0012870635837316513
3907,9.27378423511982e-05,0.7398121356964111,0.2596985101699829,0.0003965894575230777
3909,0.00030961670563556254,0.16547662019729614,0.6858814358711243,0.14833226799964905
3911,0.00012030271318508312,0.901563823223114,0.09804052114486694,0.00027537564164958894
3913,8.046743459999561e-05,0.5321749448776245,0.4623616337776184,0.005382873583585024
3915,0.00014171017392072827,0.8804240226745605,0.11915243417024612,0.00028182435198687017
3917,9.719820081954822e-05,0.751538097858429,0.24783097207546234,0.0005337230977602303
3919,0.00013322115410119295,0.2951194941997528,0.6861733794212341,0.018573861569166183
3921,6.524858326883987e-05,0.885430634021759,0.1143425926566124,0.00016149180009961128
3923,0.0022326065227389336,0.914881706237793,0.0824790894985199,0.0004065878747496754
3925,3.983904025517404e-05,0.9488180875778198,0.05107739940285683,6.466514605563134e-05
3927,2.444870915496722e-05,0.9751313328742981,0.024796368554234505,4.786825229530223e-05
3929,0.00015577800513710827,0.624875009059906,0.37312987446784973,0.0018393764039501548
3931,0.001598706585355103,0.8153111934661865,0.18192052841186523,0.0011696387082338333
3933,0.00010147240391233936,0.6504449248313904,0.3481580913066864,0.0012955128913745284
3935,0.0001289620267925784,0.14821110665798187,0.7645310759544373,0.08712881803512573
3937,0.9794164896011353,0.018221130594611168,0.002012659329921007,0.000349747744621709
3939,3.446518167038448e-05,0.9747629165649414,0.02517733909189701,2.521526585042011e-05
3941,0.0003151567652821541,0.49506548047065735,0.5028616189956665,0.0017578034894540906
3943,0.0011034451890736818,0.9572477340698242,0.04140647500753403,0.000242394715314731
3945,0.0012457168195396662,0.69773268699646,0.29543861746788025,0.005582915153354406
3947,8.969261398306116e-05,0.4917685389518738,0.5073789358139038,0.0007628133753314614
3949,0.0006387600442394614,0.9426062107086182,0.05660790205001831,0.00014705091598443687
3951,0.0016378187574446201,0.6016136407852173,0.38843095302581787,0.00831753108650446
3953,0.964664876461029,0.02779637835919857,0.005647176876664162,0.0018915674882009625
3955,2.332399890292436e-05,0.944922149181366,0.05500106140971184,5.338916525943205e-05
3957,0.0009137339657172561,0.9561445713043213,0.04267162084579468,0.00027009923360310495
3959,0.00018208664550911635,0.6055290102958679,0.39095890522003174,0.0033300172071903944
3961,0.00010356023267377168,0.32352396845817566,0.6638280749320984,0.01254438515752554
3963,3.983657734352164e-05,0.9487593770027161,0.05107424035668373,0.00012660038191825151
3965,3.6958521377528086e-05,0.9819505214691162,0.01798505149781704,2.7465239327284507e-05
3967,0.00016592172323726118,0.5782526135444641,0.4164997637271881,0.00508164893835783
3969,0.00033485537278465927,0.634488046169281,0.36152034997940063,0.0036567270290106535
3971,4.9103167839348316e-05,0.9251152276992798,0.07476077228784561,7.487338734790683e-05
3973,0.00015918994904495776,0.8865547776222229,0.1127127856016159,0.0005732650170102715
3975,7.011331035755575e-05,0.9816474914550781,0.01826263777911663,1.977636566152796e-05
3977,4.409132816363126e-05,0.9123354554176331,0.08755417913198471,6.618892075493932e-05
3979,6.353955541271716e-05,0.11852895468473434,0.8357105255126953,0.045696984976530075
3981,4.004642687505111e-05,0.9687767624855042,0.03114127926528454,4.1968294681282714e-05
3983,0.0007729437784291804,0.808819591999054,0.18913309276103973,0.0012743687257170677
3985,0.0002856790379155427,0.4418027997016907,0.5413081049919128,0.01660350151360035
3987,0.000244037204538472,0.06766475737094879,0.46240466833114624,0.46968647837638855
3989,3.6403074773261324e-05,0.7771613597869873,0.22266045212745667,0.00014174479292705655
3991,0.00010641428525559604,0.8100407123565674,0.18941862881183624,0.00043423668830655515
3993,8.469291788060218e-05,0.4866410195827484,0.5099954009056091,0.0032789611723273993
3995,0.00010436873708385974,0.18289731442928314,0.770026445388794,0.04697191342711449
3997,0.00016870384570211172,0.9249730110168457,0.07474928349256516,0.00010892339196288958
3999,0.0001291049411520362,0.7896740436553955,0.2092428058385849,0.0009539636666886508
4001,0.0004248973564244807,0.0748860314488411,0.46595653891563416,0.45873257517814636
4003,0.0006131205009296536,0.23602348566055298,0.6723682880401611,0.09099515527486801
4005,0.003810339607298374,0.41373196244239807,0.4762025475502014,0.10625515878200531
4007,0.0010448443936184049,0.20866768062114716,0.6327768564224243,0.15751062333583832
4009,0.000980184762738645,0.25531187653541565,0.593617856502533,0.15009009838104248
4011,0.002758902730420232,0.3786862790584564,0.5257537961006165,0.0928010568022728
4013,0.001668114447966218,0.3178862929344177,0.575617790222168,0.10482778400182724
4015,0.0003852042427752167,0.1934015303850174,0.7074334025382996,0.0987798348069191
4017,0.0038066667038947344,0.5390880107879639,0.4198421835899353,0.037263114005327225
4019,0.0014893633779138327,0.37017419934272766,0.530250072479248,0.0980864018201828
4021,0.0013917024480178952,0.2097996026277542,0.5357420444488525,0.25306662917137146
4023,0.0019167226273566484,0.24714906513690948,0.5151029229164124,0.23583130538463593
4025,0.0022720303386449814,0.30702337622642517,0.5647023916244507,0.12600214779376984
4027,0.0004326215130276978,0.07990654557943344,0.45983046293258667,0.45983046293258667
4029,0.0009481561719439924,0.14518575370311737,0.440270334482193,0.41359570622444153
4031,0.0012777694500982761,0.15001584589481354,0.4409210681915283,0.4077853262424469
4033,0.0006237102206796408,0.25558510422706604,0.6526594758033752,0.09113167971372604
4035,0.0002883128763642162,0.040196944028139114,0.2580532729625702,0.7014614939689636
4037,0.0038419056218117476,0.7096121311187744,0.27788808941841125,0.008657868020236492
4039,0.0007245271117426455,0.07624972611665726,0.3417275547981262,0.5812981724739075
4041,0.0011817887425422668,0.255195289850235,0.6026906967163086,0.14093223214149475
4043,0.0004451206768862903,0.0714297965168953,0.2914781868457794,0.6366468667984009
4045,0.00016362588212359697,0.012598494999110699,0.07597865164279938,0.9112591743469238
4047,0.0009529219241812825,0.2368442416191101,0.5861951112747192,0.1760076880455017
4049,0.0005101283895783126,0.37265652418136597,0.5771816968917847,0.04965167120099068
4051,0.0003090878890361637,0.07803212106227875,0.4284805953502655,0.493178129196167
4053,0.00045134525862522423,0.2691051661968231,0.6557157039642334,0.07472780346870422
4055,0.00025797405396588147,0.26576268672943115,0.7001913785934448,0.03378793224692345
4057,0.0015012120129540563,0.08196339756250381,0.240903839468956,0.6756314635276794
4059,0.0010081576183438301,0.08393137902021408,0.27520039677619934,0.6398600935935974
4061,0.00040868905489332974,0.09105369448661804,0.3330605626106262,0.5754770636558533
4063,0.000938866869546473,0.471381813287735,0.5096852779388428,0.017994090914726257
4065,0.00043306034058332443,0.2582031786441803,0.6193972229957581,0.12196653336286545
4067,0.0002909842587541789,0.22984127700328827,0.6755410432815552,0.09432666748762131
4069,5.06521828356199e-05,0.003550992114469409,0.027071379125118256,0.9693269729614258
4071,0.0010640951804816723,0.2484520524740219,0.5687124133110046,0.1817714124917984
4073,0.005474435165524483,0.3778374493122101,0.508435845375061,0.10825223475694656
4075,0.00022935243032407016,0.07914285361766815,0.7277841567993164,0.19284361600875854
4077,0.0002897132362704724,0.05435362458229065,0.33295631408691406,0.6124004125595093
4079,0.0001947413693415001,0.023589275777339935,0.13157041370868683,0.844645619392395
4081,0.0007469860720448196,0.28755563497543335,0.6183417439460754,0.09335563331842422
4083,0.0023106038570404053,0.4334965944290161,0.514789879322052,0.04940288886427879
4085,0.0017980014672502875,0.1750025898218155,0.44688475131988525,0.3763147294521332
4087,0.012451186776161194,0.4254153370857239,0.44583141803741455,0.11630208045244217
4089,0.0005024040583521128,0.1101975217461586,0.4862142503261566,0.4030857980251312
4091,0.001690044067800045,0.6016973257064819,0.3824620842933655,0.01415056549012661
4093,0.0001558704097988084,0.019178112968802452,0.09892822802066803,0.8817377686500549
4095,0.00025771791115403175,0.0946665108203888,0.5533469915390015,0.35172876715660095
4097,0.0003119866014458239,0.03960498422384262,0.22437749803066254,0.735705554485321
4099,0.0016223815036937594,0.17074054479599,0.4428672790527344,0.3847697675228119
4101,0.0019953041337430477,0.3572002351284027,0.5446653366088867,0.09613914042711258
4103,0.0010956177720800042,0.20555081963539124,0.5167547464370728,0.27659887075424194
4105,0.000523753056768328,0.3650885820388794,0.5834099054336548,0.050977785140275955
4107,0.0004680451238527894,0.820209264755249,0.177382692694664,0.001939993118867278
4109,0.0023582365829497576,0.3904457986354828,0.4935697019100189,0.11362619698047638
4111,0.0011374297318980098,0.14215187728405,0.4517577290534973,0.4049530029296875
4113,0.0004812539555132389,0.35709959268569946,0.6267293095588684,0.01568986289203167
4115,0.0009328523883596063,0.7368370294570923,0.2586541473865509,0.003575989045202732
4117,0.0001638457615626976,0.016198527067899704,0.09922800213098526,0.8844095468521118
4119,0.00021030308562330902,0.05145946517586708,0.3685382306575775,0.5797920227050781
4121,0.0015765998978167772,0.23036052286624908,0.5110771059989929,0.25698572397232056
4123,0.0013437009183689952,0.1787615567445755,0.48592421412467957,0.3339705169200897
4125,0.00040367949986830354,0.2602430284023285,0.6856490969657898,0.05370418727397919
4127,0.00024352659238502383,0.04640795290470123,0.3026178777217865,0.6507306694984436
4129,0.00036821889807470143,0.1462470442056656,0.6977056264877319,0.15567916631698608
4131,0.00037790718488395214,0.3773387670516968,0.593637228012085,0.028646130114793777
4133,0.0013932425063103437,0.1853523701429367,0.4446372389793396,0.3686172366142273
4135,0.0008954335935413837,0.33935704827308655,0.5863564014434814,0.07339111715555191
4137,0.00034896383294835687,0.1894429624080658,0.7149502038955688,0.09525790065526962
4139,0.0006067142821848392,0.2730562090873718,0.634874701499939,0.09146237373352051
4141,0.00015755962522234768,0.0209612138569355,0.12840299308300018,0.8504781723022461
4143,0.000581116764806211,0.1024189218878746,0.4590097665786743,0.4379901885986328
4145,0.0015915525145828724,0.7866905331611633,0.2084522545337677,0.0032656537368893623
4147,0.0012410929193720222,0.17035208642482758,0.5247213840484619,0.3036854565143585
4149,0.0009477619314566255,0.11844789236783981,0.42654722929000854,0.45405715703964233
4151,0.0011957341339439154,0.42571085691452026,0.5381489396095276,0.03494447469711304
4153,0.0009469268261454999,0.7026377320289612,0.28836193680763245,0.008053377270698547
4155,0.0005198539583943784,0.09020118415355682,0.44398581981658936,0.46529313921928406
4157,0.0005508032627403736,0.1871194988489151,0.6952332854270935,0.11709638684988022
4159,0.0005827253917232156,0.13605859875679016,0.6390359997749329,0.22432273626327515
4161,0.0005415758932940662,0.16236598789691925,0.5241238474845886,0.3129686117172241
4163,0.00020049452723469585,0.045372527092695236,0.4511418342590332,0.5032851099967957
4165,0.0004215853114146739,0.8637356758117676,0.13454407453536987,0.0012985740322619677
4167,0.000699587631970644,0.2693093717098236,0.6261630654335022,0.10382800549268723
4169,0.00042034327634610236,0.0813646912574768,0.5647828578948975,0.3534320890903473
4171,0.00083251012256369,0.2784365117549896,0.6274663805961609,0.09326454997062683
4173,0.00097834097687155,0.16712267696857452,0.4835854470729828,0.348313570022583
4175,0.0005906564765609801,0.08766119927167892,0.35771238803863525,0.5540357828140259
4177,0.0007312896195799112,0.12298400700092316,0.5259358286857605,0.3503488302230835
4179,0.00032555402140133083,0.18813279271125793,0.6881611943244934,0.12338051199913025
4181,0.0027935965918004513,0.21848227083683014,0.48472410440444946,0.2940000295639038
4183,0.000568525807466358,0.07682587206363678,0.29914140701293945,0.6234642267227173
4185,0.0008410091395489872,0.3555700182914734,0.595467746257782,0.04812117666006088
4187,0.0009799593826755881,0.32267019152641296,0.5934813022613525,0.0828685611486435
4189,0.0009104670607484877,0.2645624876022339,0.6055895686149597,0.12893745303153992
4191,0.0007505118846893311,0.2510118782520294,0.5836200714111328,0.1646175980567932
4193,0.001312931883148849,0.23139767348766327,0.5464881658554077,0.2208011895418167
4195,0.0009195534512400627,0.15464511513710022,0.4616850018501282,0.38275033235549927
4197,0.0007693000952713192,0.3462291359901428,0.5889556407928467,0.06404595077037811
4199,0.0016592458123341203,0.1447651982307434,0.39351263642311096,0.4600628912448883
4201,0.0015227067051455379,0.33925071358680725,0.485954225063324,0.17327232658863068
4203,0.004504433833062649,0.4453285038471222,0.4523414075374603,0.09782569110393524
4205,0.0004980727680958807,0.5293982028961182,0.45281827449798584,0.017285462468862534
4207,0.0032358840107917786,0.4582556486129761,0.48024776577949524,0.05826066806912422
4209,0.001504826475866139,0.21310876309871674,0.4654723107814789,0.3199141323566437
4211,0.0009272989700548351,0.1511497050523758,0.41733768582344055,0.43058541417121887
4213,0.0004548249125946313,0.0595703050494194,0.43334418535232544,0.5066306591033936
4215,0.0008386977715417743,0.1501440554857254,0.414561003446579,0.4344561994075775
4217,0.0014093401841819286,0.3847126364707947,0.5510754585266113,0.06280261278152466
4219,0.0009622647194191813,0.08798438310623169,0.27101099491119385,0.6400423645973206
4221,0.0001077415217878297,0.014111354947090149,0.11274231225252151,0.8730385899543762
4223,0.0005176365375518799,0.3665071427822113,0.6042681336402893,0.02870705910027027
4225,0.000322515465086326,0.10786665230989456,0.49103763699531555,0.4007732570171356
4227,0.0006918305880390108,0.20741277933120728,0.5908640027046204,0.20103135704994202
4229,0.0006999011966399848,0.10387454926967621,0.4442151188850403,0.45121046900749207
4231,0.0009409052436240017,0.24128098785877228,0.6661981344223022,0.09157992899417877
4233,0.0009359655668959022,0.2254725694656372,0.6033958196640015,0.17019560933113098
4235,0.0017127168830484152,0.1918724626302719,0.4748889207839966,0.33152589201927185
4237,0.0003031332162208855,0.07652879506349564,0.454372376203537,0.4687957167625427
4239,0.0006238907226361334,0.2556591033935547,0.6229522824287415,0.12076479941606522
4241,0.002797422232106328,0.39616209268569946,0.5166927576065063,0.08434776961803436
4243,0.0017269852105528116,0.47142133116722107,0.47142133116722107,0.055430348962545395
4245,0.0009023416205309331,0.9151727557182312,0.08250532299280167,0.0014195825206115842
4247,0.0008273221901617944,0.12471909075975418,0.4780971109867096,0.396356463432312
4249,0.00022609089501202106,0.02825602889060974,0.14575569331645966,0.8257622122764587
4251,0.0007267752662301064,0.3121119737625122,0.6207087635993958,0.06645247340202332
4253,0.0004333069082349539,0.2927491366863251,0.6394228935241699,0.0673946738243103
4255,0.0009251239243894815,0.24097000062465668,0.6250286102294922,0.1330762654542923
4257,0.00039455306250602007,0.1542768031358719,0.7133687138557434,0.1319599449634552
4259,0.00032956383074633777,0.11551377177238464,0.654430091381073,0.22972658276557922
4261,0.0008054174249991775,0.1312830150127411,0.444124698638916,0.42378678917884827
4263,0.0003639557398855686,0.09333095699548721,0.42486733198165894,0.4814377427101135
4265,0.0009155966690741479,0.19464856386184692,0.5545021295547485,0.24993370473384857
4267,0.0006272916798479855,0.14646422863006592,0.5792772769927979,0.27363121509552
4269,0.0010221925331279635,0.6799027919769287,0.3112821877002716,0.0077927978709340096
4271,0.0007611392647959292,0.38214918971061707,0.591884195804596,0.025205470621585846
4273,0.000497904431540519,0.08115839958190918,0.36372673511505127,0.5546170473098755
4275,0.002230765763670206,0.5994993448257446,0.36934083700180054,0.028929008170962334
4277,0.000891179486643523,0.30752018094062805,0.6020952463150024,0.08949346095323563
4279,0.0039186072535812855,0.28343597054481506,0.5052792429924011,0.2073661983013153
4281,0.0006877141422592103,0.13311892747879028,0.43648019433021545,0.4297132194042206
4283,0.0005459504900500178,0.36313438415527344,0.589425265789032,0.046894386410713196
4285,0.0009845111053436995,0.22630642354488373,0.560113787651062,0.21259520947933197
4287,0.002529613673686981,0.4745854139328003,0.4820590317249298,0.040825892239809036
4289,0.00037353066727519035,0.05457740277051926,0.2904684245586395,0.6545807123184204
4291,0.00032113876659423113,0.0715479701757431,0.4314894676208496,0.4966413378715515
4293,0.0001347271609120071,0.010871249251067638,0.055208753794431686,0.9337853193283081
4295,0.0009491605451330543,0.2472309023141861,0.6215384006500244,0.13028152287006378
4297,0.001028961967676878,0.32329022884368896,0.5673920512199402,0.10828867554664612
4299,0.000974611728452146,0.3062138855457306,0.5902427434921265,0.10256879776716232
4301,0.0006635585450567305,0.42778119444847107,0.5323822498321533,0.03917296230792999
4303,0.00046064602793194354,0.11449138075113297,0.5211951732635498,0.363852858543396
4305,0.0026898374781012535,0.17993682622909546,0.4118795096874237,0.40549391508102417
4307,0.000369898829376325,0.05576237291097641,0.25384512543678284,0.6900225281715393
4309,0.0006387800094671547,0.13579954206943512,0.4182920455932617,0.4452695846557617
4311,0.0038170209154486656,0.5239232778549194,0.4481353461742401,0.02412431687116623
4313,0.00145724939648062,0.28651776909828186,0.5787818431854248,0.1332431435585022
4315,0.0005981019930914044,0.4104507267475128,0.5610196590423584,0.027931522578001022
4317,0.0002353074960410595,0.022198239341378212,0.11814206838607788,0.8594244122505188
4319,0.0003138810570817441,0.028254669159650803,0.1327057033777237,0.838725745677948
4321,0.0005115197272971272,0.37955743074417114,0.606531023979187,0.01340001542121172
4323,0.003643052652478218,0.532294511795044,0.41455137729644775,0.049511101096868515
4325,0.00046415498945862055,0.05892191827297211,0.27674269676208496,0.6638712286949158
4327,0.00038798025343567133,0.09949169307947159,0.4746483266353607,0.4254719913005829
4329,0.000570595555473119,0.08468389511108398,0.379526823759079,0.5352186560630798
4331,0.0013996377820149064,0.8476462960243225,0.149618461728096,0.0013355436967685819
4333,0.0018373655620962381,0.4093550145626068,0.5094505548477173,0.0793570876121521
4335,0.00083683937555179,0.3947003483772278,0.565382182598114,0.039080630987882614
4337,0.00017367946566082537,0.03578687459230423,0.3395363986492157,0.6245030164718628
4339,0.00045732082799077034,0.1229010820388794,0.6540964841842651,0.22254513204097748
4341,0.0016324089374393225,0.27452895045280457,0.529168426990509,0.1946702003479004
4343,0.0013269115006551147,0.5971862077713013,0.3855724036693573,0.015914473682641983
4345,0.0010374125558882952,0.7460962533950806,0.24991095066070557,0.0029553130734711885
4347,0.0026406191755086184,0.7673081755638123,0.2268158495426178,0.0032353545539081097
4349,0.000332382507622242,0.7136596441268921,0.28387418389320374,0.0021338036749511957
4351,0.0012273320462554693,0.49514108896255493,0.48746466636657715,0.01616692915558815
4353,0.0019526708638295531,0.6844209432601929,0.3037099540233612,0.00991648156195879
4355,0.0004594800993800163,0.08225633203983307,0.34631210565567017,0.5709720849990845
4357,0.001444757217541337,0.2046019285917282,0.5828566551208496,0.21109668910503387
4359,0.0006809060578234494,0.08643728494644165,0.3313479721546173,0.5815338492393494
4361,0.00029181528952904046,0.046102434396743774,0.3741346597671509,0.5794710516929626
4363,0.00047313657705672085,0.07021969556808472,0.41044989228248596,0.5188572406768799
4365,0.00015010344213806093,0.018468551337718964,0.1322665810585022,0.8491147756576538
4367,0.0016736292745918036,0.2562733292579651,0.5866154432296753,0.155437633395195
4369,0.0009314405033364892,0.22791597247123718,0.6911466121673584,0.08000602573156357
4371,0.0027756018098443747,0.38097840547561646,0.5630495548248291,0.0531965009868145
4373,0.00036315451143309474,0.5194123387336731,0.47293031215667725,0.007294153328984976
4375,0.005568978376686573,0.5336347222328186,0.42213985323905945,0.03865637257695198
4377,0.0004249935445841402,0.6174318194389343,0.3744913339614868,0.007651821710169315
4379,0.0005917996750213206,0.6489871740341187,0.34199219942092896,0.008428871631622314
4381,0.0006070778472349048,0.5025281310081482,0.48706698417663574,0.009797739796340466
4383,0.0007793143158778548,0.6060176491737366,0.38520824909210205,0.007994742132723331
4385,0.0011333859292790294,0.5871084332466125,0.4035133719444275,0.008244816213846207
4387,0.0024418779648840427,0.3739108443260193,0.5440370440483093,0.07961020618677139
4389,0.0013493248261511326,0.1195792630314827,0.3514630198478699,0.5276084542274475
4391,0.00041496564517728984,0.0731356143951416,0.332932710647583,0.5935167670249939
4393,0.0017788202967494726,0.3038625419139862,0.5676898956298828,0.1266687512397766
4395,0.00045747144031338394,0.08318642526865005,0.4224555194377899,0.4939005374908447
4397,0.002506131771951914,0.5943630933761597,0.3897928297519684,0.013337977230548859
4399,0.0008683073683641851,0.4640723168849945,0.5096837282180786,0.02537565678358078
4401,0.00068369583459571,0.22162969410419464,0.6514058709144592,0.1262807846069336
4403,0.0005980904679745436,0.33499372005462646,0.6161477565765381,0.04826042428612709
4405,0.0015299133956432343,0.3152405917644501,0.5708270072937012,0.11240249127149582
4407,0.0019646824803203344,0.2870641350746155,0.5620442628860474,0.14892691373825073
4409,0.0014622443122789264,0.2497842162847519,0.608637273311615,0.14011625945568085
4411,0.0016263655852526426,0.44395485520362854,0.49526742100715637,0.059151262044906616
4413,0.0005972714279778302,0.11205517500638962,0.4228917956352234,0.4644557535648346
4415,0.00021593068959191442,0.04662804678082466,0.2993391752243042,0.653816819190979
4417,0.0016930693527683616,0.34885910153388977,0.5751714110374451,0.0742763876914978
4419,0.0020340727642178535,0.30188313126564026,0.5466398000717163,0.14944300055503845
4421,0.0007829092792235315,0.48161089420318604,0.48161089420318604,0.0359952338039875
4423,0.002757479902356863,0.41569098830223083,0.5093152523040771,0.07223626226186752
4425,0.00010799402662087232,0.01436716876924038,0.09665961563587189,0.8888652324676514
4427,0.0006590733537450433,0.08366574347019196,0.3257741928100586,0.5899009108543396
4429,0.0007320377044379711,0.18194448947906494,0.5873240232467651,0.229999378323555
4431,0.0026116070803254843,0.31634727120399475,0.555206835269928,0.12583425641059875
4433,0.0006866652402095497,0.1706673800945282,0.5684092044830322,0.2602367103099823
4435,0.0009236856712959707,0.3726414144039154,0.5507282614707947,0.07570669054985046
4437,0.0018208703259006143,0.6089977622032166,0.3636491596698761,0.025532180443406105
4439,0.0003454394463915378,0.11197908222675323,0.5686767101287842,0.3189987242221832
4441,0.0008648461662232876,0.2847670316696167,0.6028518080711365,0.11151637136936188
4443,0.000634727708529681,0.19942553341388702,0.623947262763977,0.17599241435527802
4445,0.0009313160553574562,0.15908974409103394,0.513547956943512,0.32643094658851624
4447,0.0003234892210457474,0.06665536016225815,0.38357511162757874,0.5494459867477417
4449,0.0016246087616309524,0.7198313474655151,0.27321717143058777,0.005326886661350727
4451,0.000976283336058259,0.46772125363349915,0.5057272911071777,0.0255751833319664
4453,0.0009778243256732821,0.5145021677017212,0.46119675040245056,0.02332322858273983
4455,0.0006172852008603513,0.15583936870098114,0.5700367093086243,0.27350661158561707
4457,0.0002759075432550162,0.420075923204422,0.5652739405632019,0.014374208636581898
4459,0.0004018296313006431,0.3076300621032715,0.6615085601806641,0.030459502711892128
4461,0.0010910297278314829,0.2754405736923218,0.556405246257782,0.1670631468296051
4463,0.0008589737117290497,0.15377382934093475,0.5042049884796143,0.34116220474243164
4465,0.0016026815865188837,0.41745564341545105,0.5444647669792175,0.03647686541080475
4467,0.0004022419161628932,0.631863534450531,0.36002498865127563,0.0077092694118618965
4469,0.0010539427166804671,0.32095086574554443,0.5721568465232849,0.10583837330341339
4471,0.0015429924242198467,0.3717043399810791,0.5579942464828491,0.06875838339328766
4473,0.00021858059335500002,0.1168217733502388,0.7156201601028442,0.1673394739627838
4475,0.00045470078475773335,0.14511249959468842,0.6709933876991272,0.18343938887119293
4477,0.0005256778094917536,0.17040587961673737,0.613655149936676,0.21541324257850647
4479,0.0005352958687581122,0.3093394935131073,0.6548717021942139,0.035253483802080154
4481,0.0014543157303705812,0.4569323658943176,0.5177721977233887,0.023841088637709618
4483,0.0007854015566408634,0.2177700698375702,0.6920718550682068,0.0893726572394371
4485,0.00043426972115412354,0.3273109495639801,0.6408436894416809,0.031411074101924896
4487,0.0025020260363817215,0.4274023771286011,0.5075528621673584,0.06254278123378754
4489,0.0011157793924212456,0.24094125628471375,0.587090015411377,0.170852929353714
4491,0.00010879219917114824,0.01614619418978691,0.15560322999954224,0.8281417489051819
4493,0.00011212201934540644,0.009630715474486351,0.05288303270936012,0.9373741149902344
4495,0.0006100539467297494,0.09488514065742493,0.3752779960632324,0.5292268395423889
4497,0.0023617176339030266,0.3191429674625397,0.5180201530456543,0.16047514975070953
4499,0.000589074392337352,0.1122577115893364,0.5190743803977966,0.3680788278579712
4501,0.002732121618464589,0.5542292594909668,0.4249423146247864,0.018096227198839188
4503,0.001243162201717496,0.46383699774742126,0.4937519133090973,0.04116787388920784
4505,0.0006396688986569643,0.39969250559806824,0.5815491676330566,0.01811871863901615
4507,0.0003201220533810556,0.26088303327560425,0.6981590986251831,0.04063773155212402
4509,0.0004250790225341916,0.5282236337661743,0.4589286744594574,0.012422630563378334
4511,0.0011627832427620888,0.17528994381427765,0.4406788647174835,0.3828684389591217
4513,0.0007174130878411233,0.13671472668647766,0.507956862449646,0.35461100935935974
4515,0.002229334320873022,0.3467409610748291,0.589826226234436,0.06120342016220093
4517,0.0003988283860962838,0.10718174278736115,0.48791974782943726,0.40449967980384827
4519,0.0004461312491912395,0.10096085071563721,0.43175479769706726,0.4668382406234741
4521,0.00062709825579077,0.45810481905937195,0.5110528469085693,0.03021528758108616
4523,0.0003946330107282847,0.42605823278427124,0.5556846857070923,0.017862455919384956
4525,0.0007074602763168514,0.37810659408569336,0.5501418709754944,0.07104412466287613
4527,0.0007395374123007059,0.6723436713218689,0.32259401679039,0.004322762135416269
4529,0.0009470738004893064,0.7027468085289001,0.292948454618454,0.003357668174430728
4531,0.0005115551757626235,0.7911204695701599,0.2063761204481125,0.0019918729085475206
4533,5.5359698308166116e-05,0.004329584538936615,0.03100726567208767,0.9646077156066895
4535,7.540269143646583e-05,0.005286136642098427,0.03340941295027733,0.9612290263175964
4537,0.007710346020758152,0.19885244965553284,0.33825939893722534,0.45517778396606445
4539,0.004163709469139576,0.26996201276779175,0.42470988631248474,0.3011643886566162
4541,0.0006566200172528625,0.0619436539709568,0.36777642369270325,0.5696232318878174
4543,0.001306483056396246,0.30985015630722046,0.597251832485199,0.09159153699874878
4545,0.0007669255137443542,0.1461501270532608,0.44319477677345276,0.4098881483078003
4547,0.00032211121288128197,0.09071897715330124,0.55572110414505,0.3532378077507019
4549,0.000745872501283884,0.2343461960554123,0.6271429061889648,0.13776500523090363
4551,0.0006930624367669225,0.1260261982679367,0.5142655372619629,0.35901519656181335
4553,0.0005074948421679437,0.7848411202430725,0.2112371325492859,0.0034143300727009773
4555,0.0006806221790611744,0.3364256024360657,0.6285257339477539,0.034368038177490234
4557,0.0014277410227805376,0.31316131353378296,0.5942757725715637,0.09113513678312302
4559,0.00048401669482700527,0.08398297429084778,0.37638556957244873,0.5391474366188049
4561,0.0005050115287303925,0.12357223778963089,0.5452262759208679,0.3306964635848999
4563,0.0002527465403545648,0.06088623031973839,0.6344490647315979,0.30441197752952576
4565,0.0012109339004382491,0.33575838804244995,0.5892743468284607,0.07375633716583252
4567,0.0001470157440053299,0.21358488500118256,0.7339268922805786,0.05234123021364212
4569,0.0004995056078769267,0.2886568307876587,0.6110864877700806,0.0997571274638176
4571,0.000309284107061103,0.04662468284368515,0.21224793791770935,0.7408180236816406
4573,0.0011609755456447601,0.5738601088523865,0.38829320669174194,0.036685649305582047
4575,0.000684616097714752,0.15016397833824158,0.5159980654716492,0.3331533670425415
4577,0.0006774067296646535,0.36774569749832153,0.5876559019088745,0.043920956552028656
4579,0.0004464873927645385,0.09793273359537125,0.3638642728328705,0.5377565026283264
4581,0.0014057363150641322,0.35489121079444885,0.5496662855148315,0.09403681010007858
4583,0.0003493614203762263,0.750115156173706,0.24736173450946808,0.0021737997885793447
4585,0.0024273081216961145,0.2437536120414734,0.5579575896263123,0.19586153328418732
4587,0.0006088753580115736,0.18254254758358002,0.6371360421180725,0.1797124743461609
4589,0.006319390144199133,0.47159600257873535,0.47159600257873535,0.05048860237002373
4591,0.004073434509336948,0.8135126233100891,0.17870500683784485,0.003708904143422842
4593,0.0009242763626389205,0.25230303406715393,0.6052435040473938,0.14152918756008148
4595,0.0006307061412371695,0.19206519424915314,0.5645109415054321,0.24279314279556274
4597,0.0008565872558392584,0.4368438720703125,0.5352323055267334,0.027067285031080246
4599,0.00017334302538074553,0.04731806367635727,0.3388786315917969,0.6136299967765808
4601,0.0011580572463572025,0.12574346363544464,0.4059048593044281,0.467193603515625
4603,0.0005659569869749248,0.1260921210050583,0.4909723401069641,0.38236963748931885
4605,0.0004281825677026063,0.08033211529254913,0.3954085111618042,0.5238311290740967
4607,0.001821903744712472,0.8072487711906433,0.1887657642364502,0.0021635640878230333
4609,0.00039626721991226077,0.09252312034368515,0.41465985774993896,0.4924207329750061
4611,0.0009403802105225623,0.1509055197238922,0.5185461640357971,0.3296079635620117
4613,0.0005265776999294758,0.5424759387969971,0.4497283697128296,0.007269181776791811
4615,0.00032985155121423304,0.03417561948299408,0.1876610666513443,0.7778334617614746
4617,0.0027425477746874094,0.3823694586753845,0.5226370692253113,0.09225092828273773
4619,0.0013018250465393066,0.24045120179653168,0.5251936912536621,0.2330532968044281
4621,0.0031430514063686132,0.34665125608444214,0.5123172998428345,0.1378883421421051
4623,0.002998391631990671,0.4663568139076233,0.45912662148475647,0.07151813805103302
4625,0.00029319431632757187,0.05675281584262848,0.34226325154304504,0.6006907820701599
4627,0.0005608565988950431,0.20282325148582458,0.6755046248435974,0.12111131101846695
4629,0.0020326985977590084,0.4254359006881714,0.5052176117897034,0.06731373071670532
4631,0.0010909345000982285,0.364867627620697,0.55635666847229,0.07768479734659195
4633,0.0004000216431450099,0.16650299727916718,0.6090427041053772,0.22405430674552917
4635,0.0003182640066370368,0.04873394966125488,0.26760202646255493,0.6833457350730896
4637,0.0002643449406605214,0.07215919345617294,0.3233950734138489,0.6041814684867859
4639,0.0005255196592770517,0.7061002254486084,0.28978297114372253,0.0035912746097892523
4641,0.0004945543478243053,0.1964242160320282,0.6242349147796631,0.1788462996482849
4643,0.000396160437958315,0.18110264837741852,0.7051700353622437,0.113331139087677
4645,0.0001282028533751145,0.11655445396900177,0.8347302079200745,0.048587121069431305
4647,0.0005984529852867126,0.3100062906742096,0.6461086273193359,0.043286580592393875
4649,0.000605981913395226,0.09724366664886475,0.38460615277290344,0.517544150352478
4651,0.0008626854978501797,0.41980692744255066,0.5390427708625793,0.04028764367103577
4653,0.00014261252363212407,0.014099313877522945,0.0716022253036499,0.914155900478363
4655,0.0004917944897897542,0.1321655958890915,0.5831419229507446,0.28420066833496094
4657,0.0013937115436419845,0.7806253433227539,0.2134110927581787,0.0045698038302361965
4659,0.0024836347438395023,0.6469202637672424,0.3356178104877472,0.014978233724832535
4661,0.0007355759153142571,0.1976797878742218,0.5631372928619385,0.23844733834266663
4663,0.0003118733875453472,0.13393330574035645,0.5909414887428284,0.27481332421302795
4665,0.0008617651183158159,0.37591102719306946,0.5913910865783691,0.03183615207672119
4667,0.00043086850200779736,0.08740457892417908,0.4169839322566986,0.4951806664466858
4669,0.001287670573219657,0.869970977306366,0.12730486690998077,0.0014365004608407617
4671,0.0016712129581719637,0.4932665228843689,0.4780903160572052,0.026972010731697083
4673,0.0039052062202244997,0.24927599728107452,0.47304269671440125,0.273776113986969
4675,0.004793204367160797,0.7455142140388489,0.24203303456306458,0.0076595195569098
4677,0.0004482956719584763,0.10799368470907211,0.48399409651756287,0.4075639247894287
4679,0.00013471610145643353,0.016318336129188538,0.10640891641378403,0.877138078212738
4681,0.0009478160063736141,0.25471749901771545,0.5922359228134155,0.15209877490997314
4683,0.000583348679356277,0.13201358914375305,0.46077266335487366,0.4066304564476013
4685,0.0007056135218590498,0.5401988625526428,0.44089749455451965,0.018198011443018913
4687,0.00208333320915699,0.30919405817985535,0.5097748637199402,0.1789478063583374
4689,0.0005277196178212762,0.08874878287315369,0.4233967959880829,0.4873267114162445
4691,0.00041316350689157844,0.06840617954730988,0.35842275619506836,0.5727578997612
4693,0.0012102003674954176,0.3152247965335846,0.5889174342155457,0.09464764595031738
4695,0.001270744251087308,0.4250057637691498,0.5289282202720642,0.04479527473449707
4697,0.0026430797297507524,0.44449764490127563,0.47316527366638184,0.07969403266906738
4699,0.00542727205902338,0.5365644097328186,0.3987407982349396,0.05926752835512161
4701,0.0010341734159737825,0.5527204871177673,0.4237855076789856,0.022459808737039566
4703,0.0003976951993536204,0.2950974702835083,0.6445521116256714,0.05995268374681473
4705,0.00015558904851786792,0.017983650788664818,0.1287938356399536,0.8530669212341309
4707,4.464670564630069e-05,0.003895317669957876,0.027897171676158905,0.9681628346443176
4709,0.0006687203422188759,0.15859609842300415,0.5535547733306885,0.28718042373657227
4711,0.0035587430465966463,0.5199758410453796,0.451762855052948,0.02470257133245468
4713,0.0008825105032883584,0.12497834116220474,0.4643508791923523,0.40978819131851196
4715,0.0007445981027558446,0.16850483417510986,0.5109845995903015,0.31976598501205444
4717,0.004881422966718674,0.8082018494606018,0.18317405879497528,0.003742717206478119
4719,0.001166891073808074,0.17318199574947357,0.4353794753551483,0.3902716338634491
4721,0.0005732733989134431,0.5051510334014893,0.48201853036880493,0.012257126159965992
4723,0.0005698094610124826,0.6548601984977722,0.33446988463401794,0.010100115090608597
4725,0.0002913474745582789,0.04531492292881012,0.22304785251617432,0.7313457727432251
4727,0.0011480302782729268,0.2328856736421585,0.5330805778503418,0.2328856736421585
4729,0.0003838406701106578,0.07314708828926086,0.3600425720214844,0.5664264559745789
4731,0.0008508895989507437,0.17808787524700165,0.5659621357917786,0.2550991177558899
4733,0.0015717489877715707,0.1995248943567276,0.5175281763076782,0.2813751995563507
4735,0.0008035061764530838,0.1905623823404312,0.5600939393043518,0.24854019284248352
4737,0.00026520362007431686,0.043908920139074326,0.26897475123405457,0.6868510842323303
4739,0.0016162744723260403,0.4921944737434387,0.4845637083053589,0.021625515073537827
4741,0.0003797366807702929,0.08866345137357712,0.4945250153541565,0.41643184423446655
4743,0.0008998450357466936,0.22365224361419678,0.5985243916511536,0.176923468708992
4745,0.0004343517357483506,0.10463462024927139,0.4474655091762543,0.4474655091762543
4747,0.0008103895816020668,0.37629926204681396,0.5920018553733826,0.030888525769114494
4749,0.0007151308818720281,0.12026652693748474,0.3647036850452423,0.5143146514892578
4751,0.001900418195873499,0.666106104850769,0.3196012079715729,0.012392283417284489
4753,0.0013336213305592537,0.7017120122909546,0.2879820466041565,0.008972354233264923
4755,0.0004996549105271697,0.06751923263072968,0.2284145951271057,0.7035664916038513
4757,0.0001221388520207256,0.012265351600944996,0.08647914975881577,0.9011333584785461
4759,0.00014034562627784908,0.015238923020660877,0.08499588817358017,0.8996248841285706
4761,0.0011937185190618038,0.09335862100124359,0.3061111569404602,0.5993365049362183
4763,0.0014910504687577486,0.13848067820072174,0.44009071588516235,0.41993752121925354
4765,0.000683329242747277,0.2589724063873291,0.6717233657836914,0.06862086057662964
4767,0.0004574143385980278,0.1329149305820465,0.6542302370071411,0.21239745616912842
4769,0.0003811652713920921,0.5042024254798889,0.4811133146286011,0.014303121715784073
4771,0.0007249152404256165,0.13389413058757782,0.45295798778533936,0.41242295503616333
4773,0.0004197625385131687,0.03282888978719711,0.12008309364318848,0.8466682434082031
4775,0.0017337929457426071,0.3462587594985962,0.5447415113449097,0.10726595669984818
4777,0.00041088342550210655,0.05298078432679176,0.22657006978988647,0.7200382351875305
4779,0.0005933970678597689,0.8098576068878174,0.18643981218338013,0.0031091782730072737
4781,0.0007755841943435371,0.09845615178346634,0.3601376712322235,0.5406306385993958
4783,0.001266877050511539,0.25301021337509155,0.6164978742599487,0.1292249858379364
4785,6.563904753420502e-05,0.005379877518862486,0.03144659101963043,0.9631080031394958
4787,8.26642572064884e-05,0.006775288842618465,0.0485227145254612,0.944619357585907
4789,0.0008412487804889679,0.16283820569515228,0.517498791217804,0.3188217580318451
4791,0.0010826712241396308,0.6871525645256042,0.30492210388183594,0.006842692848294973
4793,0.00041462937952019274,0.7496675252914429,0.24721412360668182,0.0027037232648581266
4795,0.00023102313571143895,0.5447829961776733,0.43774545192718506,0.01724052056670189
4797,0.00045501309796236455,0.06443750858306885,0.2843116223812103,0.6507957577705383
4799,0.00023940792016219348,0.41303762793540955,0.5734459161758423,0.013277072459459305
4801,0.0001249501365236938,0.014218365773558617,0.07807417958974838,0.9075825214385986
4803,9.444248280487955e-05,0.01236952468752861,0.09283843636512756,0.8946975469589233
4805,0.0009129511308856308,0.6989310383796692,0.29135778546333313,0.00879824347794056
4807,0.0007169573218561709,0.3329146206378937,0.6028305292129517,0.06353786587715149
4809,0.0011640855809673667,0.19885198771953583,0.5239052176475525,0.2760786712169647
4811,0.00039995985571295023,0.08113454282283783,0.38107025623321533,0.5373952388763428
4813,0.0011126067256554961,0.17854321002960205,0.5166319012641907,0.30371221899986267
4815,0.0008244701311923563,0.14083804190158844,0.5151641368865967,0.3431733250617981
4817,0.00031065300572663546,0.05143383517861366,0.24924124777317047,0.6990143060684204
4819,0.005893699359148741,0.40677446126937866,0.4467543363571167,0.14057748019695282
4821,0.0014266158686950803,0.5938073992729187,0.38942840695381165,0.015337565913796425
4823,0.001257878146134317,0.7045443654060364,0.2891444265842438,0.005053349304944277
4825,0.0031159226782619953,0.3774357736110687,0.5240176320075989,0.09543070197105408
4827,0.0007188613526523113,0.25593236088752747,0.5590076446533203,0.1843411773443222
4829,0.0001960576482815668,0.08552241325378418,0.7388009428977966,0.17548060417175293
4831,0.0009091758984141052,0.24054527282714844,0.6337523460388184,0.12479323148727417
4833,0.0003467850910965353,0.09466315805912018,0.48073920607566833,0.42425087094306946
4835,0.00044057765626348555,0.044243406504392624,0.19521108269691467,0.7601048946380615
4837,0.0005851073656231165,0.1867302656173706,0.715810239315033,0.09687437862157822
4839,0.0008818325586616993,0.33420243859291077,0.6243723630905151,0.04054335877299309
4841,0.0007107299752533436,0.38583600521087646,0.5792083740234375,0.03424488753080368
4843,0.0005428740405477583,0.13705357909202576,0.614231526851654,0.24817197024822235
4845,0.00025156140327453613,0.042972344905138016,0.26323753595352173,0.6935385465621948
4847,0.00016627457807771862,0.014507059007883072,0.07367292791604996,0.9116538166999817
4849,0.0013311493676155806,0.261724591255188,0.5806613564491272,0.15628288686275482
4851,0.001052273903042078,0.26153767108917236,0.617669403553009,0.11974066495895386
4853,0.0004463066579774022,0.35252657532691956,0.5903708934783936,0.05665617808699608
4855,0.0019514682935550809,0.29418450593948364,0.5670554637908936,0.13680849969387054
4857,0.0004806180950254202,0.70923912525177,0.28655850887298584,0.003721745451912284
4859,0.0006731327739544213,0.6514413356781006,0.343285471200943,0.004600028041750193
4861,0.0008210036903619766,0.20089299976825714,0.5634183287620544,0.23486769199371338
4863,0.00024397100787609816,0.06063783913850784,0.46955907344818115,0.46955907344818115
4865,0.0006312965415418148,0.3120443820953369,0.592156171798706,0.09516815841197968
4867,0.0002769213169813156,0.6843559741973877,0.31332099437713623,0.002046187175437808
4869,0.00025801683659665287,0.08363980799913406,0.5044125914573669,0.4116895794868469
4871,0.0002821811067406088,0.08459869772195816,0.4718536138534546,0.44326546788215637
4873,0.0016810798551887274,0.3630121946334839,0.5449457764625549,0.0903608649969101
4875,0.0004092356830369681,0.047301214188337326,0.26797962188720703,0.6843099594116211
4877,0.0003605435776989907,0.1187158077955246,0.6725708842277527,0.208352729678154
4879,0.0005530556663870811,0.20000219345092773,0.6872535943984985,0.11219106614589691
4881,0.0008337133913300931,0.12181571871042252,0.43867525458335876,0.43867525458335876
4883,0.0008353900630027056,0.12398288398981094,0.5219873785972595,0.35319438576698303
4885,0.0002402695536147803,0.023754125460982323,0.09845810383558273,0.877547562122345
4887,0.00045913198846392334,0.030713658779859543,0.11234588921070099,0.8564812541007996
4889,0.002065191511064768,0.609551191329956,0.3755335807800293,0.012850053608417511
4891,0.0016272010980173945,0.20336176455020905,0.5884467363357544,0.20656424760818481
4893,0.00032695161644369364,0.8601070642471313,0.1382317841053009,0.0013341667363420129
4895,0.0018507050117477775,0.43211492896080017,0.5294382572174072,0.03659609705209732
4897,0.0021904371678829193,0.291408509016037,0.5886613726615906,0.11773968487977982
4899,0.00046391136129386723,0.05278955027461052,0.2293073534965515,0.7174392342567444
4901,0.0002721529745031148,0.04367317259311676,0.22883105278015137,0.7272236347198486
4903,0.0006760266842320561,0.17066921293735504,0.5684152841567993,0.26023948192596436
4905,0.0010788353392854333,0.3840920031070709,0.5856703519821167,0.029158808290958405
4907,0.0008703136700205505,0.18215325474739075,0.5972575545310974,0.219718798995018
4909,0.0017097070813179016,0.6182834506034851,0.3578350245952606,0.02217181958258152
4911,0.0021180445328354836,0.5603817701339722,0.41644036769866943,0.021059850230813026
4913,0.0005768269766122103,0.851212739944458,0.14562533795833588,0.002585159381851554
4915,0.0013518083142116666,0.445108562707901,0.504374086856842,0.049165550619363785
4917,0.0011294279247522354,0.9204257130622864,0.07795145362615585,0.0004934105672873557
4919,0.003416991326957941,0.8103857636451721,0.1808215230703354,0.005375681910663843
4921,0.0015314249321818352,0.4313085079193115,0.5202573537826538,0.046902623027563095
4923,7.126943819457665e-05,0.008109914138913155,0.06897280365228653,0.9228459596633911
4925,0.002097153337672353,0.41233280301094055,0.4745921492576599,0.11097787320613861
4927,0.0022458573803305626,0.3438953459262848,0.5082443356513977,0.14561444520950317
4929,0.0024534675758332014,0.30187177658081055,0.497702419757843,0.1979723423719406
4931,0.0037726215086877346,0.6444486379623413,0.3396005928516388,0.012178171426057816
4933,0.0006542281480506063,0.1527535617351532,0.5331622958183289,0.31342992186546326
4935,0.0009505543275736272,0.23259295523166656,0.5579615235328674,0.20849499106407166
4937,0.005420214030891657,0.6363573670387268,0.32501956820487976,0.03320283815264702
4939,0.0005653993575833738,0.16174596548080444,0.6200356483459473,0.21765299141407013
4941,0.0007642548880539834,0.14338324964046478,0.5327333807945251,0.3231191337108612
4943,0.0004403160128276795,0.07760348916053772,0.47537899017333984,0.4465772211551666
4945,0.001234728959389031,0.21424098312854767,0.5220307111740112,0.2624935507774353
4947,0.000884725886862725,0.18516966700553894,0.5528144836425781,0.2611311078071594
4949,0.0012646750546991825,0.09291547536849976,0.2999348044395447,0.6058849692344666
4951,0.0011034300550818443,0.3521469533443451,0.6084553599357605,0.03829420357942581
4953,0.0011416136985644698,0.6295106410980225,0.35868436098098755,0.010663405060768127
4955,0.0006002302980050445,0.7939798831939697,0.20391090214252472,0.001508978777565062
4957,0.0007509382558055222,0.44773125648498535,0.5153355002403259,0.036182232201099396
4959,0.0007245351443998516,0.3364333212375641,0.5722923874855042,0.09054981172084808
4961,0.0003191742580384016,0.06178168207406998,0.3041000962257385,0.6337990760803223
4963,0.0008022437687031925,0.4355163276195526,0.5091701745986938,0.05451125651597977
4965,0.000938525190576911,0.5509005784988403,0.4357982277870178,0.012362644076347351
4967,0.0013751194346696138,0.3160943388938904,0.5905419588088989,0.0919886901974678
4969,0.002056197728961706,0.38576698303222656,0.5191062092781067,0.0930706188082695
4971,0.0011913058115169406,0.6367008686065674,0.34616824984550476,0.01593949645757675
4973,0.0017878749640658498,0.6465514302253723,0.3407086730003357,0.010952061973512173
4975,0.0013091700384393334,0.9714291095733643,0.027130085974931717,0.00013166668941266835
4977,0.000464112963527441,0.0941484346985817,0.4562303125858307,0.44915711879730225
4979,0.0004911841242574155,0.11115647107362747,0.47535592317581177,0.412996381521225
4981,0.0006550099933519959,0.6854119896888733,0.3089393973350525,0.004993540234863758
4983,0.003500142600387335,0.8699439167976379,0.12532730400562286,0.0012286657001823187
4985,0.0011629301588982344,0.18661876022815704,0.5571407079696655,0.255077600479126
4987,0.0007906749378889799,0.1003718376159668,0.37292659282684326,0.5259108543395996
4989,0.0010882309870794415,0.17738161981105804,0.5053131580352783,0.31621691584587097
4991,0.0003347629099152982,0.1003628671169281,0.5597791075706482,0.33952319622039795
4993,0.0006988859386183321,0.6062893271446228,0.3794061839580536,0.013605611398816109
4995,0.0008089665207080543,0.39986515045166016,0.5551577806472778,0.044168081134557724
4997,0.0015910626389086246,0.24746696650981903,0.5936424136161804,0.15729957818984985
4999,0.001052733976393938,0.13574329018592834,0.4450851380825043,0.41811880469322205
5001,0.00048726005479693413,0.6861132383346558,0.3092554807662964,0.0041440255008637905
5003,0.0009863266022875905,0.1510305553674698,0.4799741506576538,0.36800894141197205
5005,0.0009481973829679191,0.11132261902093887,0.4542657732963562,0.433463454246521
5007,0.0036440708208829165,0.8778506517410278,0.11696227639913559,0.0015429967315867543
5009,0.006765894591808319,0.4597323536872864,0.4893825352191925,0.044119175523519516
5011,0.0015223582740873098,0.3040328025817871,0.5860385894775391,0.10840624570846558
5013,0.004109867848455906,0.3817023038864136,0.5641193985939026,0.050068438053131104
5015,0.002138089155778289,0.21138107776641846,0.515062153339386,0.2714186906814575
5017,0.005575261544436216,0.5776476860046387,0.39701107144355774,0.01976601779460907
5019,0.0007585182902403176,0.39292222261428833,0.5898460745811462,0.016473229974508286
5021,0.0007541741942986846,0.16285628080368042,0.5957035422325134,0.24068598449230194
5023,0.0005605866899713874,0.20916084945201874,0.644260823726654,0.14601780474185944
5025,0.005364588461816311,0.18044836819171906,0.42616206407546997,0.3880249559879303
5027,0.0004933669115416706,0.07208693772554398,0.36041200160980225,0.5670077204704285
5029,0.0015399070689454675,0.36520981788635254,0.5745556950569153,0.05869456008076668
5031,0.0021811416372656822,0.38441526889801025,0.5506494641304016,0.0627540722489357
5033,0.0009015831747092307,0.30153828859329224,0.6586201786994934,0.03893999755382538
5035,0.0015361830592155457,0.546919047832489,0.4394617974758148,0.012083014473319054
5037,0.015237378887832165,0.7457396984100342,0.2346573919057846,0.00436558248475194
5039,0.00043019908480346203,0.40352678298950195,0.5871279835700989,0.00891506765037775
5041,0.03956346586346626,0.6092818975448608,0.3312608301639557,0.01989375799894333
5043,0.00027026867610402405,0.0703977420926094,0.5366849303245544,0.3926470875740051
5045,0.003314788220450282,0.5075746178627014,0.46942976117134094,0.019680803641676903
5047,0.0026290875393897295,0.3608678877353668,0.5766652226448059,0.059837762266397476
5049,0.002380142919719219,0.47534242272377014,0.49043142795562744,0.03184596076607704
5051,0.0022824674379080534,0.25972726941108704,0.5853044390678406,0.15268579125404358
5053,0.0016276093665510416,0.46561649441719055,0.5034514665603638,0.02930438704788685
5055,0.03623054921627045,0.6322454214096069,0.30813178420066833,0.023392202332615852
5057,0.0009503245237283409,0.18979094922542572,0.557826578617096,0.2514321506023407
5059,0.0006045866175554693,0.0423847921192646,0.24012620747089386,0.716884434223175
5061,0.00021165555517654866,0.022274775430560112,0.15461759269237518,0.8228960633277893
5063,0.0017966993618756533,0.2044506072998047,0.5471381545066833,0.2466145008802414
5065,0.0008893873891793191,0.31173473596572876,0.6199585199356079,0.06741736084222794
5067,0.0024544282350689173,0.49017810821533203,0.4825786054134369,0.02478884533047676
5069,0.0016286768950521946,0.2782146632671356,0.6269664764404297,0.09319024533033371
5071,0.00019637307559605688,0.20230190455913544,0.7755023837089539,0.021999310702085495
5073,0.0002495702065061778,0.843015193939209,0.1559421271085739,0.0007931325235404074
5075,0.0008536542300134897,0.2810818552970886,0.6742803454399109,0.043784111738204956
5077,0.044748347252607346,0.5121177434921265,0.38656672835350037,0.05656721070408821
5079,0.001485814107581973,0.30615389347076416,0.6281870007514954,0.06417334079742432
5081,0.003161974484100938,0.2632414698600769,0.5317623615264893,0.20183423161506653
5083,0.000974737573415041,0.11091765016317368,0.37522953748703003,0.5128780007362366
5085,0.0001859192707343027,0.015238228254020214,0.08499201387166977,0.8995838761329651
5087,0.0008085252484306693,0.040193550288677216,0.15168887376785278,0.807309091091156
5089,0.0009908888023346663,0.3419269323348999,0.590796709060669,0.06628555059432983
5091,0.00033488101325929165,0.952552318572998,0.046689532697200775,0.0004233292711433023
5093,0.00016467564273625612,0.9462174773216248,0.053381942212581635,0.00023588699696119875
5095,0.0006941142491996288,0.6116322875022888,0.3768157362937927,0.010857773944735527
5097,0.0028219805099070072,0.3112398684024811,0.5294368863105774,0.15650123357772827
5099,0.002137664705514908,0.4202980101108551,0.5396733283996582,0.03789101168513298
5101,0.0006309888558462262,0.4755789339542389,0.5142234563827515,0.009566647931933403
5103,0.001975102350115776,0.3373919129371643,0.5829609632492065,0.07767202705144882
5105,0.0008031843462958932,0.20920801162719727,0.6053634285926819,0.18462540209293365
5107,6.32001319900155e-05,0.007304942701011896,0.05070635676383972,0.9419255256652832
5109,0.001380670815706253,0.1546739637851715,0.5314953923225403,0.31244999170303345
5111,0.0015522995963692665,0.12140262871980667,0.4043325185775757,0.47271257638931274
5113,0.0009527461952529848,0.17874644696712494,0.6046914458274841,0.2156093865633011
5115,0.00027224086807109416,0.06456560641527176,0.5577617287635803,0.3774004876613617
5117,0.014571577310562134,0.659559965133667,0.3164603114128113,0.009408117271959782
5119,0.0005615577101707458,0.11041092872619629,0.5695429444313049,0.3194846212863922
5121,0.0005156098632141948,0.4201955199241638,0.5566686391830444,0.022620240226387978
5123,0.0005927654565311968,0.2839841842651367,0.6500462293624878,0.06537687033414841
5125,0.0009084256016649306,0.6533302068710327,0.3389432430267334,0.006818112451583147
5127,0.0037212956231087446,0.8964539170265198,0.09902000427246094,0.0008047866285778582
5129,0.019701536744832993,0.652425229549408,0.31796666979789734,0.009906553663313389
5131,0.0069165718741714954,0.7166196703910828,0.2719981372356415,0.004465674515813589
5133,0.000538281979970634,0.7579574584960938,0.2385018914937973,0.0030022957362234592
5135,0.0006899842410348356,0.1943262368440628,0.6889463663101196,0.11603749543428421
5137,0.0005712046404369175,0.11955088376998901,0.5793270468711853,0.3005509078502655
5139,0.0003851497604046017,0.05540262162685394,0.5015743970870972,0.4426378309726715
5141,0.00011652893590508029,0.01016686949878931,0.10268174111843109,0.8870348930358887
5143,0.0001036539688357152,0.007615440525114536,0.04053042083978653,0.9517503976821899
5145,0.01159728690981865,0.4705471694469452,0.4489992558956146,0.06885626167058945
5147,0.008608777076005936,0.3385450839996338,0.5243489146232605,0.12849722802639008
5149,0.022689415141940117,0.6229077577590942,0.33341851830482483,0.02098427712917328
5151,0.018797893077135086,0.5241981744766235,0.4082459509372711,0.048758022487163544
5153,0.0030591890681535006,0.6205771565437317,0.3648184537887573,0.01154525950551033
5155,0.0008338970365002751,0.1887134164571762,0.618767499923706,0.19168522953987122
5157,0.0013029350666329265,0.3341180682182312,0.595629870891571,0.06894916296005249
5159,0.0013606655411422253,0.23609258234500885,0.5843347311019897,0.1782120168209076
5161,0.003724029054865241,0.4237658977508545,0.4877515733242035,0.08475850522518158
5163,0.0003957637818530202,0.03675639629364014,0.24729013442993164,0.7155576944351196
5165,0.0006779592367820442,0.25693729519844055,0.6984279155731201,0.043956782668828964
5167,0.0007134743500500917,0.7124011516571045,0.2833735942840576,0.00351184350438416
5169,0.000812175334431231,0.23600099980831146,0.6828915476799011,0.08029529452323914
5171,0.00035183667205274105,0.1534748673439026,0.6878265738487244,0.15834668278694153
5173,0.0005936424131505191,0.3325023055076599,0.6211960315704346,0.045707929879426956
5175,0.057941459119319916,0.6528244614601135,0.2679186165332794,0.021315472200512886
5177,0.0008452964248135686,0.10239185392856598,0.4588884115219116,0.4378744065761566
5179,0.0023688410874456167,0.4375324249267578,0.5035967230796814,0.05650198459625244
5181,0.0015646415995433927,0.4476030468940735,0.5072007179260254,0.043631602078676224
5183,0.005164104513823986,0.5695558190345764,0.40387552976608276,0.02140462026000023
5185,0.005330786108970642,0.7091901302337646,0.2777228355407715,0.0077562471851706505
5187,0.00578698655590415,0.757945716381073,0.23116037249565125,0.0051069981418550014
5189,0.005471355747431517,0.395747572183609,0.500271737575531,0.09850934892892838
5191,0.0009364769794046879,0.7282319664955139,0.26790159940719604,0.0029299769084900618
5193,0.003930896054953337,0.4136902093887329,0.5148457884788513,0.06753306835889816
5195,0.002068665809929371,0.18914781510829926,0.4608874022960663,0.3478960692882538
5197,0.0074788471683859825,0.441511332988739,0.4555264115333557,0.09548351913690567
5199,0.001767410198226571,0.1831197440624237,0.4676126539707184,0.347500205039978
5201,0.0005103729199618101,0.2407204806804657,0.7075167894363403,0.051252346485853195
5203,0.0005071295308880508,0.2586268484592438,0.7030205726623535,0.037845466285943985
5205,0.001120374072343111,0.512173056602478,0.4736826419830322,0.01302391942590475
5207,0.0021681415382772684,0.6500149369239807,0.34253382682800293,0.0052830069325864315
5209,0.009023234248161316,0.5082903504371643,0.44161027669906616,0.04107615724205971
5211,0.005808997433632612,0.6714287996292114,0.31224340200424194,0.010518735274672508
5213,0.017755582928657532,0.5188941955566406,0.4301784038543701,0.033171795308589935
5215,0.0020759946200996637,0.3546265959739685,0.5756157636642456,0.06768167018890381
5217,0.007616124115884304,0.30422499775886536,0.5175041556358337,0.1706547737121582
5219,0.024112943559885025,0.5842031240463257,0.35433709621429443,0.03734685480594635
5221,0.001292300526984036,0.28791749477386475,0.5907683372497559,0.12002187222242355
5223,0.0011943303979933262,0.2311832457780838,0.6901856660842896,0.07743668556213379
5225,0.003729072632268071,0.41128429770469666,0.5199120044708252,0.0650746300816536
5227,0.0013477811589837074,0.38556498289108276,0.5698280334472656,0.043259188532829285
5229,0.0007221868145279586,0.34062376618385315,0.6072275638580322,0.05142649635672569
5231,0.0015302971005439758,0.4377780258655548,0.5363768339157104,0.024314843118190765
5233,0.0005639189039357007,0.05575155094265938,0.253795862197876,0.689888596534729
5235,0.0008277369197458029,0.14818182587623596,0.6141965389251709,0.2367938607931137
5237,0.0019923108629882336,0.3456909656524658,0.5271157622337341,0.12520097196102142
5239,0.0008195648551918566,0.11789193004369736,0.39264005422592163,0.4886484146118164
5241,0.0008275357540696859,0.10024047642946243,0.4635072648525238,0.4354247748851776
5243,0.0013102269731462002,0.2309209555387497,0.6277081966400146,0.1400606334209442
5245,0.0008099052356556058,0.3424196243286133,0.6104289889335632,0.046341460198163986
5247,0.00014300592010840774,0.008442308753728867,0.045638687908649445,0.9457760453224182
5249,0.02421846240758896,0.6753562092781067,0.2859638035297394,0.01446150429546833
5251,0.00036731697036884725,0.9077508449554443,0.09129489958286285,0.0005869708256796002
5253,0.0035726302303373814,0.5385751724243164,0.4194427728652954,0.03840939700603485
5255,0.0013942188816145062,0.5121330618858337,0.46630242466926575,0.020170263946056366
5257,0.02749873511493206,0.4040910005569458,0.4724302291870117,0.09598002582788467
5259,0.0009159360197372735,0.1075349897146225,0.4527391791343689,0.438809871673584
5261,0.029516423121094704,0.5397989749908447,0.3827747702598572,0.04790987819433212
5263,0.0014135657111182809,0.9550278186798096,0.043292976915836334,0.0002656011492945254
5265,0.0006789699546061456,0.2573202848434448,0.6779486536979675,0.06405208259820938
5267,0.0055742282420396805,0.6544392704963684,0.3290727436542511,0.010913807898759842
5269,0.00032344216015189886,0.5002034902572632,0.4924485981464386,0.0070244017988443375
5271,0.0004892271826975048,0.23807166516780853,0.7107506990432739,0.05068838223814964
5273,0.0010464857332408428,0.19029255211353302,0.5681086182594299,0.24055233597755432
5275,0.001090959063731134,0.4833819568157196,0.49872615933418274,0.0168008953332901
5277,0.004269635770469904,0.415571004152298,0.47831931710243225,0.1018400490283966
5279,0.0005027521401643753,0.21930578351020813,0.6969524025917053,0.08323909342288971
5281,0.0018480316502973437,0.3012290596961975,0.5454553961753845,0.15146750211715698
5283,0.009055658243596554,0.3790866434574127,0.49442216753959656,0.11743556708097458
5285,0.0005620855372399092,0.23395965993404388,0.6459833383560181,0.11949490755796432
5287,0.00023506795696448535,0.01500478945672512,0.0850079208612442,0.8997522592544556
5289,0.007095875218510628,0.44591957330703735,0.44591957330703735,0.10106497257947922
5291,0.0012402399443089962,0.17291580140590668,0.5495253205299377,0.27631866931915283
5293,0.002414172748103738,0.28789812326431274,0.5295256972312927,0.18016204237937927
5295,0.0010595795465633273,0.9191939234733582,0.07907304912805557,0.0006735097267664969
5297,0.0004686265019699931,0.41944220662117004,0.5733095407485962,0.006779651623219252
5299,0.001715832855552435,0.468377023935318,0.4908548891544342,0.03905217722058296
5301,0.000850750133395195,0.43386709690093994,0.5484593510627747,0.016822852194309235
5303,0.0013667535968124866,0.13302847743034363,0.4361836016178131,0.42942121624946594
5305,0.00010020256013376638,0.005644538905471563,0.030041014775633812,0.9642142653465271
5307,0.00047328334767371416,0.22674225270748138,0.7205854058265686,0.05219903588294983
5309,0.0006691831513307989,0.2699677348136902,0.6681765913963318,0.06118655577301979
5311,0.02710496075451374,0.7441307306289673,0.2199646234512329,0.008799691684544086
5313,0.00531069515272975,0.2681637108325958,0.47064200043678284,0.2558836042881012
5315,0.0003584168152883649,0.03434447944164276,0.15880724787712097,0.8064898252487183
5317,0.009824118576943874,0.5799636244773865,0.3924230635166168,0.01778917945921421
5319,0.0001342434698017314,0.01730983518064022,0.12204622477293015,0.8605096936225891
5321,0.0020880531519651413,0.28216221928596497,0.5524467825889587,0.163302943110466
5323,0.0009489190415479243,0.10630562156438828,0.401193231344223,0.4915522336959839
5325,0.0006405356689356267,0.08521474152803421,0.40023404359817505,0.5139106512069702
5327,0.0037551303394138813,0.12631110846996307,0.312622994184494,0.5573107600212097
5329,0.0008844887488521636,0.13126976788043976,0.5273579359054565,0.34048786759376526
5331,0.0007013170979917049,0.10408467799425125,0.5203906893730164,0.37482336163520813
5333,0.0006929051014594734,0.23539447784423828,0.6398684978485107,0.12404415756464005
5335,0.0016773856477811933,0.24128682911396027,0.6258504390716553,0.1311853677034378
5337,0.0019605159759521484,0.27333760261535645,0.6159757375717163,0.10872618108987808
5339,0.011321146041154861,0.61811363697052,0.357736736536026,0.012828539125621319
5341,0.00027398308156989515,0.024663172662258148,0.15833072364330292,0.8167321085929871
5343,0.0024692430160939693,0.17042352259159088,0.44900617003440857,0.378101110458374
5345,0.0014163028681650758,0.49642127752304077,0.4887249767780304,0.01343750860542059
5347,0.002166803926229477,0.38790223002433777,0.5732823014259338,0.0366487093269825
5349,0.029726361855864525,0.9104229807853699,0.059117935597896576,0.0007326474296860397
5351,0.0012392193311825395,0.5754236578941345,0.414462149143219,0.008874940685927868
5353,0.7506242990493774,0.22892746329307556,0.019388020038604736,0.0010601446265354753
5355,0.016891371458768845,0.8138719201087952,0.1653481125831604,0.0038886149413883686
5357,0.0015309301670640707,0.4885786473751068,0.48100394010543823,0.02888653054833412
5359,0.2400830090045929,0.6526132225990295,0.10165753215551376,0.005646210629492998
5361,0.0013680183328688145,0.16570983827114105,0.5184601545333862,0.31446200609207153
5363,0.002103256992995739,0.5393486022949219,0.42665988206863403,0.03188823536038399
5365,0.002783432835713029,0.25851017236709595,0.5141088366508484,0.2245975285768509
5367,0.0016070872079581022,0.41860315203666687,0.5459614396095276,0.03382832184433937
5369,0.0014916583895683289,0.28425976634025574,0.6713317632675171,0.04291680455207825
5371,0.0007600241806358099,0.846592903137207,0.151785746216774,0.000861220178194344
5373,7.550723967142403e-05,0.013946425169706345,0.13652029633522034,0.8494578003883362
5375,6.20718055870384e-05,0.0070632947608828545,0.08210809528827667,0.9107665419578552
5377,0.00027971446979790926,0.030371785163879395,0.18604975938796997,0.783298671245575
5379,0.00027030156343244016,0.06614061444997787,0.4051603376865387,0.5284286737442017
5381,0.0003078266163356602,0.046404965221881866,0.30259838700294495,0.6506887674331665
5383,0.0003852574445772916,0.08319243788719177,0.4939362406730652,0.4224860668182373
5385,0.0011548860929906368,0.41764289140701294,0.5447090268135071,0.03649322688579559
5387,0.0010303084272891283,0.4636978507041931,0.517292320728302,0.017979517579078674
5389,0.0003595408925320953,0.27958953380584717,0.6707004308700562,0.04935048520565033
5391,0.0015034399693831801,0.15577003359794617,0.6160824298858643,0.22664408385753632
5393,0.00034547303221188486,0.29505425691604614,0.6753859519958496,0.02921433001756668
5395,0.00018366418953519315,0.3119533956050873,0.6708051562309265,0.017057735472917557
5397,0.00010478298645466566,0.011377480812370777,0.056001923978328705,0.9325157999992371
5399,0.0005189127405174077,0.2263551950454712,0.6757717728614807,0.09735415875911713
5401,0.0006082294275984168,0.8564508557319641,0.14201346039772034,0.0009274392505176365
5403,3.83101541956421e-05,0.00605242932215333,0.067135289311409,0.9267740249633789
5405,0.00012512617104221135,0.01717478595674038,0.12890392541885376,0.8537960648536682
5407,0.0002602582680992782,0.7758190035820007,0.22227586805820465,0.0016448829555884004
5409,0.0001833858696045354,0.023279830813407898,0.12984447181224823,0.8466922640800476
5411,0.002344002714380622,0.2667295038700104,0.5388084053993225,0.1921180635690689
5413,0.002697386546060443,0.12020014971494675,0.2666757106781006,0.6104267835617065
5415,0.0010512280277907848,0.23057681322097778,0.5887985229492188,0.1795734018087387
5417,0.028346795588731766,0.5783267617225647,0.3507729172706604,0.042553581297397614
5419,0.0002729626721702516,0.07335640490055084,0.6538185477256775,0.27255210280418396
5421,0.0019165033008903265,0.35955867171287537,0.5928120613098145,0.04571275785565376
5423,0.014619922265410423,0.1925797164440155,0.33798789978027344,0.4548124372959137
5425,0.0014737051678821445,0.3084407448768616,0.5945350527763367,0.09555048495531082
5427,0.0011300251353532076,0.272221177816391,0.6039490699768066,0.12269970029592514
5429,0.0018401551060378551,0.181925967335701,0.54313063621521,0.2731032371520996
5431,0.0020017658825963736,0.2924824655056,0.5816708207130432,0.12384486198425293
5433,0.005467390641570091,0.46234044432640076,0.4696212112903595,0.0625709742307663
5435,0.001584246987476945,0.4062562882900238,0.5298580527305603,0.06230141595005989
5437,0.0011085905134677887,0.30738139152526855,0.5653609037399292,0.12614907324314117
5439,0.0017643911996856332,0.22750692069530487,0.50474613904953,0.2659825384616852
5441,0.0005862985854037106,0.3839256465435028,0.5854166746139526,0.030071381479501724
5443,0.0019066737731918693,0.18850231170654297,0.4889377951622009,0.3206532299518585
5445,0.003370067337527871,0.3716890811920166,0.5324200391769409,0.09252072125673294
5447,0.0006407800246961415,0.5387792587280273,0.4466637074947357,0.01391623355448246
5449,0.0053311605006456375,0.13119621574878693,0.31967946887016296,0.5437931418418884
5451,0.0007622074335813522,0.2394784539937973,0.6211598515510559,0.13859950006008148
5453,0.05163212865591049,0.41251352429389954,0.39982181787490845,0.13603253662586212
5455,0.0012061791494488716,0.2905665636062622,0.5962038636207581,0.11202338337898254
5457,0.001611024490557611,0.18332219123840332,0.6105561256408691,0.20451068878173828
5459,0.0009668161510489881,0.6136213541030884,0.37804117798805237,0.007370629347860813
5461,0.0012244043173268437,0.42915982007980347,0.5510520935058594,0.018563631922006607
5463,0.00163673993665725,0.5736855268478394,0.4068039655685425,0.017873719334602356
5465,0.00219689030200243,0.7121530175209045,0.2788831293582916,0.006766898091882467
5467,0.0017740470357239246,0.45492762327194214,0.49964025616645813,0.04365807771682739
5469,0.001202985760755837,0.37210705876350403,0.5763307213783264,0.05035921186208725
5471,0.0018510872032493353,0.3814188838005066,0.5725775361061096,0.04415243864059448
5473,0.0007563949329778552,0.17117448151111603,0.6770082116127014,0.15106095373630524
5475,0.08748478442430496,0.39207959175109863,0.35699254274368286,0.16344308853149414
5477,0.007573083974421024,0.3121083080768585,0.49101531505584717,0.18930327892303467
5479,0.007650571409612894,0.3409225642681122,0.4446468651294708,0.20678000152111053
5481,0.0022959469351917505,0.2416270524263382,0.5360730290412903,0.22000393271446228
5483,0.0008803406963124871,0.16776324808597565,0.5947723388671875,0.23658409714698792
5485,0.0006928621442057192,0.5222131013870239,0.46810880303382874,0.00898517295718193
5487,0.0012907420750707388,0.3061169683933258,0.5900559425354004,0.10253633558750153
5489,0.0004958979552611709,0.41049546003341675,0.5788914561271667,0.01011723093688488
5491,0.0031546959653496742,0.3022916316986084,0.5223130583763123,0.17224058508872986
5493,0.006043257657438517,0.6164289712905884,0.35676175355911255,0.02076602168381214
5495,0.004149153362959623,0.21616226434707642,0.4795769155025482,0.3001115918159485
5497,0.0018118243897333741,0.36754077672958374,0.5347686409950256,0.09587874263525009
5499,0.023343155160546303,0.7261842489242554,0.24324125051498413,0.0072313714772462845
5501,0.0009254548931494355,0.35625797510147095,0.5692986249923706,0.07351798564195633
5503,0.00032867849222384393,0.08561193197965622,0.4926626980304718,0.42139676213264465
5505,0.0027689794078469276,0.27375367283821106,0.5035101175308228,0.21996727585792542
5507,0.0011756238527595997,0.11442549526691437,0.452561616897583,0.4318373203277588
5509,0.0018364936113357544,0.24816855788230896,0.5505859851837158,0.19940902292728424
5511,0.04417738690972328,0.5640190243721008,0.3641580641269684,0.027645502239465714
5513,0.0007498667109757662,0.2145172357559204,0.692470133304596,0.09226271510124207
5515,0.0009361932752653956,0.1702370047569275,0.5849735736846924,0.24385325610637665
5517,0.003099661087617278,0.467274934053421,0.5052446722984314,0.024380724877119064
5519,0.00015311305469367653,0.08575945347547531,0.7408486008644104,0.1732388585805893
5521,0.0008126634056679904,0.3715047836303711,0.5936629176139832,0.0340195968747139
5523,0.0008098373073153198,0.08656997233629227,0.4065992534160614,0.5060209035873413
5525,0.0018329820595681667,0.17840729653835297,0.5759057998657227,0.2438538819551468
5527,0.5227627754211426,0.3706943094730377,0.0982242152094841,0.008318673819303513
5529,0.003764199558645487,0.2990274131298065,0.5763903856277466,0.12081799656152725
5531,0.0005436102510429919,0.20282675325870514,0.6755162477493286,0.12111339718103409
5533,0.0003821585269179195,0.06841418147087097,0.42568737268447876,0.5055162310600281
5535,0.00031111197313293815,0.08103632926940918,0.4449769854545593,0.47367551922798157
5537,0.00031426147324964404,0.21905983984470367,0.6961708068847656,0.08445510268211365
5539,0.009441299363970757,0.3030335605144501,0.49187204241752625,0.19565318524837494
5541,0.011236879043281078,0.49297139048576355,0.4350457191467285,0.06074599176645279
5543,0.2488449364900589,0.6255961060523987,0.1212773248553276,0.004281613510102034
5545,0.0017097721574828029,0.6280439496040344,0.3634839653968811,0.006762281060218811
5547,0.0020191401708871126,0.4160463809967041,0.5426267385482788,0.03930775076150894
5549,0.11548132449388504,0.5864626169204712,0.27702534198760986,0.021030714735388756
5551,0.0041563790291547775,0.38003724813461304,0.5034675598144531,0.11233880370855331
5553,0.0004401344049256295,0.32152485847473145,0.6494981050491333,0.028536954894661903
5555,0.0045854332856833935,0.19804804027080536,0.46047547459602356,0.3368910551071167
5557,0.0015611646231263876,0.4130452573299408,0.5303605794906616,0.05503295734524727
5559,0.0010276566026732326,0.37163272500038147,0.5666722655296326,0.06066737323999405
5561,0.0003554469731170684,0.034596268087625504,0.15264588594436646,0.8124024271965027
5563,0.03001648560166359,0.42751818895339966,0.40794071555137634,0.13452455401420593
5565,0.006895262282341719,0.3823970556259155,0.5226748585700989,0.0880328044295311
5567,0.01870157942175865,0.5054670572280884,0.43234890699386597,0.0434824675321579
5569,0.008949222974479198,0.3805306851863861,0.45189133286476135,0.15862879157066345
5571,0.0005207837675698102,0.22364938259124756,0.699737012386322,0.07609286904335022
5573,0.0009679733775556087,0.5093188881874084,0.47846081852912903,0.011252319440245628
5575,0.0007038681651465595,0.33198368549346924,0.6202271580696106,0.047085296362638474
5577,0.00029458198696374893,0.1675952970981598,0.7056025266647339,0.12650756537914276
5579,0.00042903434950858355,0.10663445293903351,0.740189790725708,0.1527467966079712
5581,0.0002640971797518432,0.047278791666030884,0.5244299173355103,0.4280272424221039
5583,0.00034003204200416803,0.05125994235277176,0.42254021763801575,0.5258597731590271
5585,0.0005149056669324636,0.3217350244522095,0.6601574420928955,0.017592599615454674
5587,0.026341577991843224,0.4525502026081085,0.41854050755500793,0.10256776213645935
5589,0.17836003005504608,0.3437979519367218,0.3179611265659332,0.15988090634346008
5591,0.1125483587384224,0.4451373815536499,0.32062044739723206,0.12169378995895386
5593,0.0002443274424877018,0.027802586555480957,0.208669975399971,0.7632830739021301
5595,0.005064333789050579,0.6737422347068787,0.30846166610717773,0.012731733731925488
5597,0.0057867481373250484,0.25386956334114075,0.47429075837135315,0.2660529911518097
5599,0.03665580973029137,0.44655919075012207,0.4002930521965027,0.11649192869663239
5601,0.0007862859056331217,0.3074508309364319,0.6407825946807861,0.050980351865291595
5603,0.002157829701900482,0.12541183829307556,0.3686058521270752,0.5038244724273682
5605,0.0007629907922819257,0.12831532955169678,0.4996289312839508,0.37129268050193787
5607,0.0022954014129936695,0.8045497536659241,0.19109731912612915,0.0020575844682753086
5609,8.073322533164173e-05,0.017986923456192017,0.4223755896091461,0.559556782245636
5611,0.0023352806456387043,0.7933440804481506,0.20058880746364594,0.003731768112629652
5613,0.02262745052576065,0.715004563331604,0.25099021196365356,0.011377798393368721
5615,0.16625946760177612,0.6177288293838501,0.20054718852043152,0.015464539639651775
5617,0.006414794363081455,0.8804929852485657,0.1119421124458313,0.001150109339505434
5619,0.000676729017868638,0.41629353165626526,0.5690057873725891,0.014023937284946442
5621,0.005303576122969389,0.5082032084465027,0.4627242684364319,0.02376898005604744
5623,0.0018010098719969392,0.38890984654426575,0.5747714638710022,0.03451770916581154
5625,0.0033097066916525364,0.4403124749660492,0.514777421951294,0.04160039499402046
5627,0.00020609474449884146,0.4565534293651581,0.5337650179862976,0.009475463069975376
5629,0.0017365971580147743,0.26591524481773376,0.6086860299110413,0.1236620768904686
5631,0.00034617248456925154,0.08470561355352402,0.5108402371406555,0.404107928276062
5633,0.0007621661643497646,0.1985238492488861,0.6309074759483337,0.16980645060539246
5635,0.008770188316702843,0.38475558161735535,0.47141239047050476,0.13506191968917847
5637,0.11777591705322266,0.5445903539657593,0.28697896003723145,0.05065479129552841
5639,0.006566202733665705,0.34747257828712463,0.505569577217102,0.14039160311222076
5641,0.005753491539508104,0.5777735114097595,0.3848801553249359,0.03159288689494133
5643,0.00236909044906497,0.6170845627784729,0.36276528239250183,0.017781009897589684
5645,0.0023902286775410175,0.2850427031517029,0.5758020877838135,0.1367649883031845
5647,0.0005210145027376711,0.17155389487743378,0.5537827610969543,0.274142324924469
5649,0.00023529485042672604,0.54625403881073,0.4458395540714264,0.0076710935682058334
5651,0.0005738852778449655,0.220919668674469,0.7243677377700806,0.05413869395852089
5653,0.0006070241797715425,0.2647903263568878,0.6976295709609985,0.0369730144739151
5655,0.0053290980868041515,0.24121339619159698,0.5268584489822388,0.22659902274608612
5657,0.000544324517250061,0.29091769456863403,0.6764038801193237,0.03213402256369591
5659,0.003924733493477106,0.7363263964653015,0.25446760654449463,0.005281305871903896
5661,0.0030864181462675333,0.6261007189750671,0.3457656502723694,0.0250471830368042
5663,0.726435124874115,0.24332529306411743,0.02816694788634777,0.0020725384820252657
5665,0.0011099394178017974,0.37122389674186707,0.5840172171592712,0.04364899918437004
5667,0.0005083957803435624,0.054346490651369095,0.25129562616348267,0.6938494443893433
5669,0.0010103232925757766,0.0644906535744667,0.3597000241279602,0.5747989416122437
5671,0.0006475448608398438,0.07368562370538712,0.3460844159126282,0.5795823931694031
5673,0.9069188237190247,0.07444442808628082,0.016353270038962364,0.002283428329974413
5675,0.001139286207035184,0.5631392598152161,0.4250798225402832,0.010641665197908878
5677,0.006281006149947643,0.8894960880279541,0.10296664386987686,0.0012562802294269204
5679,0.004505949094891548,0.5373493432998657,0.4385717809200287,0.019572949036955833
5681,0.0014971955679357052,0.7172817587852478,0.276536762714386,0.004684310406446457
5683,0.00016254214278887957,0.042337868362665176,0.35449063777923584,0.6030089259147644
5685,0.0012686321279034019,0.1661580204963684,0.5363646745681763,0.2962086796760559
5687,0.000774828833527863,0.22869446873664856,0.6721704006195068,0.09836025536060333
5689,0.0021299568470567465,0.22768808901309967,0.5814219117164612,0.18876005709171295
5691,0.010593565180897713,0.8682648539543152,0.11935733258724213,0.0017842474626377225
5693,0.0015095123089849949,0.2384803146123886,0.6382063627243042,0.12180382013320923
5695,0.003249835455790162,0.48231834173202515,0.4748407006263733,0.03959110006690025
5697,0.00047260563587769866,0.25656476616859436,0.6866028308868408,0.05635979399085045
5699,0.0003534005954861641,0.01702779345214367,0.0673462301492691,0.91527259349823
5701,0.0008847606950439513,0.12529700994491577,0.4878763258457184,0.3859419524669647
5703,0.00018998299492523074,0.0790775716304779,0.5663313269615173,0.3544011116027832
5705,0.0001907219848362729,0.01716824620962143,0.15542860329151154,0.827212393283844
5707,0.0032897961791604757,0.4959378242492676,0.47322720289230347,0.027545126155018806
5709,0.0007741410518065095,0.09524939954280853,0.4837163984775543,0.42026010155677795
5711,0.0006588400574401021,0.14678595960140228,0.6179919838905334,0.23456329107284546
5713,0.0017886327113956213,0.30080175399780273,0.5982156991958618,0.09919388592243195
5715,0.0004108796129003167,0.0735558494925499,0.356441468000412,0.5695918202400208
5717,0.0003458238788880408,0.03418969735503197,0.22294481098651886,0.7425196170806885
5719,0.0020051575265824795,0.207752525806427,0.5473549962043762,0.24288731813430786
5721,0.0003926150966435671,0.0347941555082798,0.18517929315567017,0.7796338796615601
5723,0.0012973085977137089,0.08815016597509384,0.28903329372406006,0.6215192079544067
5725,0.0030992296524345875,0.18584324419498444,0.452835351228714,0.35822224617004395
5727,0.0016646032454445958,0.07189536094665527,0.25489118695259094,0.6715488433837891
5729,0.0013487610267475247,0.12924198806285858,0.4954351484775543,0.373974084854126
5731,0.0008680364699102938,0.6440995931625366,0.3501908481121063,0.004841518122702837
5733,0.0031905467621982098,0.7334007620811462,0.25744789838790894,0.005960726644843817
5735,0.0061690774746239185,0.7590360045433044,0.23149289190769196,0.003302068915218115
5737,0.0004042360233142972,0.02580307424068451,0.11931220442056656,0.8544804453849792
5739,0.0001376236614305526,0.006631080061197281,0.03937053680419922,0.9538607001304626
5741,0.0009314987692050636,0.2279302328824997,0.6804739832878113,0.09066437929868698
5743,0.00015646083920728415,0.016466049477458,0.12553071975708008,0.8578468561172485
5745,0.0008599505526944995,0.06318042427301407,0.24600936472415924,0.6899502873420715
5747,0.0005061824340373278,0.18305139243602753,0.7469639182090759,0.06947846710681915
5749,0.0005710246041417122,0.16082261502742767,0.7672417759895325,0.07136459648609161
5751,0.0003037025162484497,0.20200517773628235,0.7389042973518372,0.05878686159849167
5753,0.00045712210703641176,0.24052412807941437,0.7293803691864014,0.02963838540017605
5755,0.0006974749267101288,0.08993490785360336,0.3669906258583069,0.5423769354820251
5757,0.0009155837469734251,0.06418737769126892,0.26604926586151123,0.6688477993011475
5759,0.0006121576298028231,0.10457029193639755,0.43343183398246765,0.4613857865333557
5761,0.000634266238193959,0.07682949304580688,0.3723050653934479,0.5502312183380127
5763,0.00214166147634387,0.44824138283729553,0.5079240202903748,0.04169294238090515
5765,0.0005452345358207822,0.10553955286741257,0.5979222655296326,0.29599297046661377
5767,0.0002499446854926646,0.05070296674966812,0.504142701625824,0.4449043869972229
5769,0.0004318237479310483,0.15373991429805756,0.6574621796607971,0.18836607038974762
5771,0.008445251733064651,0.5649455189704895,0.41332298517227173,0.013286245986819267
5773,0.0010795093839988112,0.23310913145542145,0.5952650308609009,0.170546293258667
5775,0.00228060781955719,0.32297244668006897,0.6524222493171692,0.022324662655591965
5777,0.0009333959314972162,0.3323119878768921,0.6306173205375671,0.03613725304603577
5779,0.2364138662815094,0.5943443775177002,0.15504400432109833,0.014197755604982376
5781,0.0014575980603694916,0.8555887341499329,0.14187051355838776,0.0010831947438418865
5783,0.012602419592440128,0.8834978342056274,0.10227230191230774,0.0016274491790682077
5785,0.00082418043166399,0.3767697215080261,0.5745052099227905,0.04790089651942253
5787,0.006282506510615349,0.24706314504146576,0.5481334924697876,0.19852080941200256
5789,0.0015428077895194292,0.32290366291999817,0.5939107537269592,0.08164283633232117
5791,0.9417449235916138,0.04913686215877533,0.008406325243413448,0.0007119372603483498
5793,0.0008724448271095753,0.19743689894676208,0.6274532079696655,0.1742374449968338
5795,0.0009684028918854892,0.2903299331665039,0.634138822555542,0.07456288486719131
5797,0.0009049457730725408,0.1545850932598114,0.5068650245666504,0.33764490485191345
5799,0.0010506145190447569,0.41080769896507263,0.5528022050857544,0.03533945977687836
5801,0.0005666908109560609,0.10799215734004974,0.5838000774383545,0.30764102935791016
5803,0.0007401629700325429,0.5492150187492371,0.43446487188339233,0.015580031089484692
5805,0.0007720754947513342,0.406243234872818,0.5640128254890442,0.028971917927265167
5807,0.0016158227808773518,0.8240401148796082,0.17272819578647614,0.0016158227808773518
5809,0.0015348310116678476,0.32629281282424927,0.5296255350112915,0.14254678785800934
5811,0.002402119804173708,0.15574601292610168,0.4797315001487732,0.3621203303337097
5813,9.726085409056395e-05,0.007488671690225601,0.041768454015254974,0.9506456255912781
5815,0.0018868758343160152,0.1302293837070465,0.4203856289386749,0.4474981427192688
5817,0.0005248942179605365,0.15015849471092224,0.5938884019851685,0.2554282248020172
5819,0.06039740890264511,0.68049556016922,0.23887641727924347,0.020230600610375404
5821,0.011666146107017994,0.41124579310417175,0.45166516304016113,0.1254228800535202
5823,0.006838241126388311,0.3143966794013977,0.5024044513702393,0.17636056244373322
5825,0.6681481599807739,0.27852559089660645,0.04916268587112427,0.004163620062172413
5827,0.0016853288980200887,0.3582874834537506,0.5549265146255493,0.08510074019432068
5829,0.001146836206316948,0.15989333391189575,0.5494303703308105,0.2895294725894928
5831,0.0012275025947019458,0.0821138471364975,0.30035996437072754,0.6162986755371094
5833,0.0014742567436769605,0.11175164580345154,0.37805092334747314,0.5087231397628784
5835,0.0003118082240689546,0.24247123301029205,0.7238853573799133,0.033331673592329025
5837,0.015163365751504898,0.43626824021339417,0.4866923987865448,0.06187599152326584
5839,0.0006661012303084135,0.2604566216468811,0.697018027305603,0.04185918718576431
5841,0.0021320374216884375,0.4532541334629059,0.5216923356056213,0.02292156033217907
5843,0.004126223735511303,0.312776118516922,0.5156806707382202,0.1674169898033142
5845,0.001180951832793653,0.2935199439525604,0.602263867855072,0.10303519666194916
5847,0.15403732657432556,0.41222524642944336,0.3210413455963135,0.1126961037516594
5849,0.003023919416591525,0.3036660850048065,0.5498682856559753,0.14344172179698944
5851,0.002532761776819825,0.2837405502796173,0.5469242334365845,0.16680246591567993
5853,0.0020826971158385277,0.2814384698867798,0.5510297417640686,0.1654491126537323
5855,0.025899535045027733,0.5283981561660767,0.38059091567993164,0.0651114284992218
5857,0.0003251575108151883,0.09901827573776245,0.6356699466705322,0.26498663425445557
5859,0.00040656785131432116,0.43213823437690735,0.5462738871574402,0.021181337535381317
5861,0.000565912458114326,0.062415219843387604,0.4611895680427551,0.4758293032646179
5863,0.003501501167193055,0.5116121172904968,0.45860612392425537,0.026280224323272705
5865,0.0007697883411310613,0.11247547715902328,0.6372169852256775,0.24953775107860565
5867,0.00016356456035282463,0.022102758288383484,0.17385166883468628,0.8038819432258606
5869,0.00620086956769228,0.44851383566856384,0.4555768668651581,0.08970840275287628
5871,0.0011962667340412736,0.10601501166820526,0.4394199848175049,0.4533686637878418
5873,0.00013808920630253851,0.009094271808862686,0.06312675029039383,0.9276408553123474
5875,0.0019187304424121976,0.2892492413520813,0.6219835877418518,0.08684837073087692
5877,0.005629219580441713,0.4988701343536377,0.4686451256275177,0.026855504140257835
5879,0.006660422310233116,0.29679977893829346,0.4893401265144348,0.20719964802265167
5881,0.0035010508727282286,0.3684530258178711,0.5445382595062256,0.08350764960050583
5883,0.00013774157559964806,0.3051333725452423,0.676967978477478,0.01776089146733284
5885,0.000920620805118233,0.15726275742053986,0.41433215141296387,0.4274844527244568
5887,0.0005694858264178038,0.07695560157299042,0.3448910415172577,0.5775838494300842
5889,0.001180987455882132,0.44063901901245117,0.5071724057197571,0.05100766941905022
5891,0.0035835844464600086,0.4273543357849121,0.5074958205223083,0.06156622990965843
5893,0.007108317222446203,0.29756730794906616,0.5061790347099304,0.1891453117132187
5895,0.0018317213980481029,0.7624265551567078,0.23252694308757782,0.0032147711608558893
5897,0.01942720077931881,0.5677460432052612,0.3723369538784027,0.040489763021469116
5899,0.00031593957100994885,0.26983097195625305,0.6783549785614014,0.05149814113974571
5901,0.0002084779553115368,0.05871546268463135,0.43385186791419983,0.5072242021560669
5903,0.09246145188808441,0.612419068813324,0.27603891491889954,0.019080501049757004
5905,0.0003931951941922307,0.1537458449602127,0.6574875712394714,0.1883733570575714
5907,0.03592697158455849,0.5037667155265808,0.36856359243392944,0.09174273163080215
5909,0.07732786238193512,0.5121816396713257,0.325562447309494,0.08492803573608398
5911,0.0012391074560582638,0.17275792360305786,0.5321319103240967,0.293871134519577
5913,0.0014177736593410373,0.2039424180984497,0.6281868815422058,0.16645297408103943
5915,0.0007051622378639877,0.06447629630565643,0.39496517181396484,0.5398533940315247
5917,0.0013054065639153123,0.1212390884757042,0.5266385674476624,0.3508169651031494
5919,0.0024357400834560394,0.27716851234436035,0.6246088743209839,0.09578687697649002
5921,0.011318116448819637,0.32058727741241455,0.5043545961380005,0.16373996436595917
5923,0.0034991735592484474,0.5703651905059814,0.3981790840625763,0.027956558391451836
5925,0.002032275777310133,0.900460422039032,0.09640240669250488,0.0011049291351810098
5927,0.0006258874200284481,0.18473368883132935,0.5100660920143127,0.3045743703842163
5929,0.0011174309765920043,0.2302480787038803,0.5523364543914795,0.21629804372787476
5931,0.15378373861312866,0.6178046464920044,0.20693862438201904,0.021473020315170288
5933,0.009404541924595833,0.6097614169120789,0.36983901262283325,0.01099502295255661
5935,0.006559343542903662,0.3210238814353943,0.4895029366016388,0.1829138994216919
5937,0.005466972477734089,0.32782334089279175,0.47698014974594116,0.18972960114479065
5939,0.0019011172698810697,0.1632963865995407,0.47251373529434204,0.36228886246681213
5941,9.502632747171447e-05,0.006161212921142578,0.03545533865690231,0.9582883715629578
5943,0.0004290515498723835,0.03252297639846802,0.1412733793258667,0.825774610042572
5945,0.0017999791307374835,0.14524181187152863,0.3767286241054535,0.47622957825660706
5947,0.00042896269587799907,0.06074833869934082,0.34416279196739197,0.5946599245071411
5949,0.0004993733600713313,0.08398168534040451,0.3763797879219055,0.5391391515731812
5951,0.00033588692895136774,0.053065087646245956,0.32002347707748413,0.6265755295753479
5953,0.00020514160860329866,0.024084540084004402,0.21466317772865295,0.7610470652580261
5955,0.018018124625086784,0.4297713041305542,0.4365392029285431,0.11567138135433197
5957,0.018212510272860527,0.5937650799751282,0.3436448872089386,0.04437755048274994
5959,0.008300772868096828,0.30665507912635803,0.46759316325187683,0.21745102107524872
5961,0.0015404392033815384,0.46182799339294434,0.49161335825920105,0.04501822963356972
5963,0.0008594604441896081,0.5716629028320312,0.41823750734329224,0.00924007035791874
5965,0.022036587819457054,0.5015503764152527,0.3906078338623047,0.08580515533685684
5967,0.0017483880510553718,0.3033672571182251,0.5493271350860596,0.1455572098493576
5969,0.003057224676012993,0.4466979205608368,0.5141461491584778,0.036098722368478775
5971,0.002746724057942629,0.3889823257923126,0.5316758155822754,0.07659516483545303
5973,0.00038632776704616845,0.5700966119766235,0.4236598312854767,0.005857253912836313
5975,0.00019069213885813951,0.02830122411251068,0.2858322262763977,0.685675859451294
5977,0.0007887484971433878,0.49284377694129944,0.4776805341243744,0.028686944395303726
5979,8.512672502547503e-05,0.005104567389935255,0.037133172154426575,0.9576771259307861
5981,4.031498610856943e-05,0.0024555311538279057,0.022230563685297966,0.975273609161377
5983,0.00014383193047251552,0.0068227676674723625,0.04179452359676361,0.9512389302253723
5985,4.308769348426722e-05,0.002543667796999216,0.01821703463792801,0.9791962504386902
5987,0.00016051997954491526,0.016119634732604027,0.11726228147745132,0.8664575815200806
5989,0.0004884445806965232,0.13333246111869812,0.5882903933525085,0.2778887152671814
5991,0.0011075212387368083,0.18336878716945648,0.6203286647796631,0.1951950639486313
5993,0.00024313549511134624,0.022581106051802635,0.1164822056889534,0.8606935739517212
5995,0.0018804405117407441,0.7705704569816589,0.22424878180027008,0.0033002758864313364
5997,0.0836159884929657,0.7223318815231323,0.18551017343997955,0.008541909977793694
5999,0.00693555036559701,0.5774000883102417,0.3906884491443634,0.02497587725520134
6001,0.0003048789512831718,0.7302665114402771,0.2686500549316406,0.0007785357302054763
6003,0.0001274753303732723,0.07366608828306198,0.49561160802841187,0.4305948317050934
6005,9.010532812681049e-05,0.6752607822418213,0.32399365305900574,0.0006554710562340915
6007,3.354275759193115e-05,0.5844613909721375,0.414445161819458,0.0010599170345813036
6009,0.00013267881877254695,0.8372946381568909,0.1623169630765915,0.00025574510800652206
6011,0.0003992978308815509,0.5801010727882385,0.4113532304763794,0.008146409876644611
6013,0.0004607894516084343,0.1917967051267624,0.6799783706665039,0.12776415050029755
6015,0.0003609508858062327,0.1812245100736618,0.7167568206787109,0.10165773332118988
6017,0.00010368500807089731,0.14829851686954498,0.7770286798477173,0.07456918060779572
6019,4.332825119490735e-05,0.39167192578315735,0.6066333055496216,0.0016514842864125967
6021,0.00045289270929060876,0.27002784609794617,0.7114285826683044,0.018090737983584404
6023,0.0003484389162622392,0.19213680922985077,0.7138748168945312,0.09363999217748642
6025,6.557161395903677e-05,0.054279010742902756,0.6612537503242493,0.28440168499946594
6027,5.1708721002796665e-05,0.1830475926399231,0.8076438307762146,0.009256918914616108
6029,6.779366231057793e-05,0.1433032900094986,0.8246535658836365,0.031975287944078445
6031,5.423214679467492e-05,0.724526584148407,0.2749992907047272,0.00041995549690909684
6033,0.00013218332605902106,0.33180898427963257,0.6598809361457825,0.008177893236279488
6035,0.0004113967588637024,0.27794626355171204,0.6879236102104187,0.03371870890259743
6037,1.481458093621768e-05,0.004043989349156618,0.0949624553322792,0.900978684425354
6039,1.6375126506318338e-05,0.01941669173538685,0.6952406764030457,0.285326212644577
6041,0.00018542980251368135,0.06705720722675323,0.4954894781112671,0.437267929315567
6043,0.0007845766958780587,0.6700746417045593,0.3265683054924011,0.002572528086602688
6045,2.1982890757499263e-05,0.5154340267181396,0.4842054545879364,0.00033853910281322896
6047,0.00012544271885417402,0.4727037847042084,0.5191635489463806,0.008007222786545753
6049,8.655060082674026e-05,0.029866095632314682,0.31121188402175903,0.6588355302810669
6051,6.223658419912681e-05,0.12358605861663818,0.7689782977104187,0.1073734238743782
6053,0.00023580998822581023,0.33204516768455505,0.6400338411331177,0.027685148641467094
6055,6.289045995799825e-05,0.07457192987203598,0.7650102376937866,0.1603548526763916
6057,1.36684684548527e-05,0.1315268874168396,0.8576629757881165,0.010796383954584599
6059,0.000157462534843944,0.621839702129364,0.3771648406982422,0.0008380373474210501
6061,0.0004211551568005234,0.10145556926727295,0.5152339339256287,0.3828893303871155
6063,8.052646444411948e-05,0.01105304155498743,0.09698735177516937,0.8918790817260742
6065,0.00018124589405488223,0.08819933235645294,0.5402863621711731,0.3713330626487732
6067,0.00029336928855627775,0.16953374445438385,0.691803514957428,0.13836941123008728
6069,0.00041113223414868116,0.12134765088558197,0.5271101593971252,0.3511310815811157
6071,2.221596696472261e-05,0.3062206506729126,0.6900789141654968,0.0036782273091375828
6073,4.3566895328694955e-05,0.0190043393522501,0.3316374719142914,0.6493146419525146
6075,2.248454802611377e-05,0.41058090329170227,0.5881300568580627,0.0012665834510698915
6077,8.873931074049324e-05,0.08194699883460999,0.7303856611251831,0.18757855892181396
6079,0.00020531473273877054,0.29365742206573486,0.6827739477157593,0.02336324006319046
6081,4.815867214347236e-05,0.366590678691864,0.6235917806625366,0.009769311174750328
6083,3.7273461202858016e-05,0.14951568841934204,0.8082741498947144,0.042172838002443314
6085,8.270474063465372e-05,0.37009939551353455,0.6197998523712158,0.01001813169568777
6087,9.893143578665331e-05,0.6542874574661255,0.34478530287742615,0.0008283428032882512
6089,0.0005323211080394685,0.09832139313220978,0.5837609767913818,0.31738534569740295
6091,8.837868517730385e-05,0.15731504559516907,0.7989117503166199,0.043684814125299454
6093,4.4223943405086175e-05,0.10592815279960632,0.8596377372741699,0.034389838576316833
6095,7.130515587050468e-05,0.04742802679538727,0.5427850484848022,0.4097156226634979
6097,4.8047160817077383e-05,0.043004415929317474,0.4411689043045044,0.515778660774231
6099,1.1685945537465159e-05,0.03026544488966465,0.8572731614112854,0.1124497577548027
6101,0.0007599674863740802,0.283551961183548,0.6097325086593628,0.10595560818910599
6103,0.00033905275631695986,0.12454291433095932,0.6424412727355957,0.23267680406570435
6105,0.0006954970303922892,0.28500208258628845,0.5493559241294861,0.1649465411901474
6107,0.0007411029655486345,0.2897835969924927,0.6737669706344604,0.035708341747522354
6109,7.169479795265943e-05,0.07158695161342621,0.8065677881240845,0.12177351862192154
6111,0.00016587389109190553,0.1310196816921234,0.7082856893539429,0.16052867472171783
6113,0.00048013910418376327,0.26892852783203125,0.6252775192260742,0.10531391948461533
6115,0.00030767181306146085,0.9611719250679016,0.03845171630382538,6.865085742902011e-05
6117,0.0001456121972296387,0.12436137348413467,0.682878315448761,0.19261465966701508
6119,2.9709473892580718e-05,0.9085371494293213,0.0913739874958992,5.908435196033679e-05
6121,0.0003185959067195654,0.17295706272125244,0.7281764149665833,0.09854795783758163
6123,0.0006213394808582962,0.5306604504585266,0.45389795303344727,0.014820292592048645
6125,0.00013813040277455002,0.30599474906921387,0.6683539748191833,0.025513121858239174
6127,2.308374132553581e-05,0.008479260839521885,0.25170260667800903,0.7397950887680054
6129,0.00013894237054046243,0.3598470091819763,0.631551206111908,0.008462791331112385
6131,3.787980313063599e-05,0.538702130317688,0.46077635884284973,0.0004836168955080211
6133,9.539334132568911e-05,0.2980104386806488,0.6928949952125549,0.008999135345220566
6135,0.00023221517039928585,0.3219138979911804,0.6605244278907776,0.01732947863638401
6137,0.000376022479031235,0.4254484176635742,0.5548893213272095,0.019286274909973145
6139,0.00034017988946288824,0.26869967579841614,0.6755108833312988,0.055449310690164566
6141,0.00014355871826410294,0.42794254422187805,0.5669317841529846,0.0049821618013083935
6143,0.0005404675030149519,0.49909886717796326,0.4913610517978668,0.008999591693282127
6145,0.00010434223804622889,0.5208936333656311,0.4742790758609772,0.004722889978438616
6147,0.00036864637513644993,0.30515891313552856,0.6665282845497131,0.02794414386153221
6149,0.00011017220822395757,0.03355008736252785,0.32332706451416016,0.6430126428604126
6151,5.017382500227541e-05,0.46795082092285156,0.5302577614784241,0.0017412671586498618
6153,0.0002718260802794248,0.22152423858642578,0.7040026187896729,0.07420133054256439
6155,0.00011379591160221025,0.4288153052330017,0.5592805743217468,0.011790290474891663
6157,7.221884879982099e-05,0.09703490883111954,0.8382536768913269,0.06463918089866638
6159,4.473451917874627e-05,0.230411097407341,0.7554889917373657,0.014055168256163597
6161,1.40486963573494e-05,0.002254434861242771,0.04457951709628105,0.9531520009040833
6163,7.544840627815574e-05,0.5566539764404297,0.4403495490550995,0.002921051811426878
6165,5.2844276069663465e-05,0.38988199830055237,0.6038610339164734,0.006204154808074236
6167,5.718090324080549e-05,0.32346460223197937,0.6741581559181213,0.0023200521245598793
6169,0.00032698665745556355,0.3214329779148102,0.6392458081245422,0.03899424150586128
6171,0.00024357579241041094,0.03788472339510918,0.24703943729400635,0.7148322463035583
6173,2.799706271616742e-05,0.2491597682237625,0.7438536286354065,0.006958536803722382
6175,2.5392675524926744e-05,0.5770652890205383,0.42218998074531555,0.0007192512857727706
6177,4.088427886017598e-05,0.010484157130122185,0.19475460052490234,0.7947203516960144
6179,0.0001686272444203496,0.07241658121347427,0.645442008972168,0.281972736120224
6181,0.00012311848695389926,0.5684378743171692,0.42907941341400146,0.0023596587125211954
6183,3.8603018765570596e-05,0.056082576513290405,0.8772791624069214,0.06659971177577972
6185,1.0311669029761106e-05,0.12740817666053772,0.8706768751144409,0.0019045979715883732
6187,1.5919737052172422e-05,0.08328799158334732,0.90953129529953,0.00716479541733861
6189,5.0759012083290145e-05,0.830858051776886,0.16879905760288239,0.0002920979750342667
6191,2.7462807338451967e-05,0.6439219117164612,0.35560742020606995,0.00044322729809209704
6193,0.00015372478810604662,0.16857971251010895,0.7438085675239563,0.08745799958705902
6195,9.443455201108009e-05,0.05289330706000328,0.4292445480823517,0.5177677273750305
6197,0.0001617419911781326,0.18016484379768372,0.7015184164047241,0.11815498024225235
6199,7.002697384450585e-05,0.24789375066757202,0.7400740385055542,0.011962181888520718
6201,4.596470535034314e-05,0.18437902629375458,0.8009059429168701,0.014669104479253292
6203,7.639070827281103e-05,0.22771748900413513,0.7466569542884827,0.02554919570684433
6205,6.275692430790514e-05,0.29894623160362244,0.695070743560791,0.005920309107750654
6207,3.418721826164983e-05,0.6856358051300049,0.3139069676399231,0.00042304425733163953
6209,4.6468059736071154e-05,0.08668318390846252,0.8224271535873413,0.09084319323301315
6211,8.908785821404308e-05,0.7928370833396912,0.2068239152431488,0.00024985309573821723
6213,0.00014058574743103236,0.13819798827171326,0.7470912337303162,0.11457015573978424
6215,7.5022348028142e-05,0.6471193432807922,0.35183268785476685,0.000972904555965215
6217,2.308663351868745e-05,0.0029768734239041805,0.032004404813051224,0.9649955630302429
6219,0.0004413892747834325,0.27152302861213684,0.6412516236305237,0.08678396791219711
6221,7.735093095107004e-05,0.010452563874423504,0.10556715726852417,0.8839029669761658
6223,0.00011997368710581213,0.014532568864524364,0.1538175642490387,0.8315298557281494
6225,0.00013115486945025623,0.2951175272464752,0.675530731678009,0.029220592230558395
6227,4.0899321902543306e-05,0.04083780199289322,0.8596137762069702,0.09950751811265945
6229,6.190615386003628e-05,0.01255807839334011,0.16033078730106354,0.827049195766449
6231,4.482236909097992e-05,0.09929320216178894,0.793300449848175,0.10736154019832611
6233,0.00010067271068692207,0.11213959753513336,0.803112268447876,0.08464740961790085
6235,2.9196036848588847e-05,0.004470622632652521,0.05981626734137535,0.9356838464736938
6237,1.9223816707381047e-05,0.0023652759846299887,0.028368225321173668,0.9692472219467163
6239,5.007073195884004e-05,0.017550041899085045,0.2922344505786896,0.6901654005050659
6241,3.4406399208819494e-05,0.015244781970977783,0.3159194588661194,0.6688014268875122
6243,1.7820742868934758e-05,0.006968206260353327,0.1356540471315384,0.8573598861694336
6245,0.00016519412747584283,0.6128474473953247,0.38351014256477356,0.003477247431874275
6247,0.00074288051109761,0.42264387011528015,0.5512315034866333,0.02538173831999302
6249,5.081584458821453e-05,0.03175191208720207,0.4053812325000763,0.5628160834312439
6251,6.030503209331073e-05,0.10903405398130417,0.7931681275367737,0.09773749113082886
6253,0.00026074142078869045,0.28593766689300537,0.6859288215637207,0.027872731909155846
6255,0.0014777377946302295,0.4500066637992859,0.5261110663414001,0.022404512390494347
6257,2.1747317077824846e-05,0.005664593540132046,0.1269267350435257,0.8673868775367737
6259,5.489067189046182e-05,0.01985018141567707,0.41783562302589417,0.562259316444397
6261,4.419123433763161e-05,0.0455254390835762,0.7121376991271973,0.24229265749454498
6263,3.975025538238697e-05,0.1984398514032364,0.797204315662384,0.004316138103604317
6265,1.7119138647103682e-05,0.12434585392475128,0.8631312847137451,0.0125057902187109
6267,7.437882595695555e-05,0.3078279495239258,0.6829460859298706,0.009151482954621315
6269,0.00042241535265929997,0.08568979799747467,0.4284220337867737,0.48546579480171204
6271,0.0005161442677490413,0.2982720732688904,0.5931848287582397,0.10802698135375977
6273,2.284325091750361e-05,0.00865727849304676,0.13542261719703674,0.8558972477912903
6275,7.531791197834536e-05,0.08792310953140259,0.771500825881958,0.1405007392168045
6277,8.485198486596346e-05,0.3680257797241211,0.6260330080986023,0.0058563584461808205
6279,5.2459286962402984e-05,0.005268033593893051,0.06621500849723816,0.9284644722938538
6281,0.00015322402759920806,0.190403550863266,0.764919638633728,0.044523656368255615
6283,4.720341894426383e-05,0.5228062868118286,0.47602054476737976,0.0011259038001298904
6285,2.7705214961315505e-05,0.3266422152519226,0.6702262759208679,0.003103763796389103
6287,1.2101436368538998e-05,0.2837429642677307,0.7133297324180603,0.00291521567851305
6289,3.117599044344388e-05,0.09439781308174133,0.8956215381622314,0.0099494569003582
6291,3.09645474771969e-05,0.5229378342628479,0.4761403203010559,0.0008908873423933983
6293,4.902996079181321e-05,0.8025557398796082,0.19667474925518036,0.0007204900612123311
6295,5.139662607689388e-05,0.8412949442863464,0.15807463228702545,0.0005790840368717909
6297,0.00010987437417497858,0.04573356360197067,0.45473164319992065,0.4994249939918518
6299,0.00013032507558818907,0.2319801300764084,0.7034710049629211,0.06441854685544968
6301,0.00011803607048932463,0.9270291328430176,0.0726105347275734,0.00024219427723437548
6303,3.646377444965765e-05,0.8959988355636597,0.10371939092874527,0.00024532145471312106
6305,0.00014719225873705,0.5460630059242249,0.4527021646499634,0.0010876120068132877
6307,0.00031123042572289705,0.16633908450603485,0.7225440144538879,0.11080571264028549
6309,0.00010633173951646313,0.04711345210671425,0.6205980181694031,0.3321821987628937
6311,0.00047340025776065886,0.2610432207584381,0.62621009349823,0.11227329075336456
6313,5.6925102398963645e-05,0.03669832646846771,0.660737156867981,0.30250751972198486
6315,9.970356586563867e-06,0.001757225370965898,0.029260430485010147,0.968972384929657
6317,2.4984972696984187e-05,0.13486434519290924,0.8523687720298767,0.012741881422698498
6319,0.00011605769395828247,0.27798914909362793,0.7098702192306519,0.012024630792438984
6321,5.397490895120427e-05,0.0760023295879364,0.8430396914482117,0.08090406656265259
6323,2.291300734214019e-05,0.1108662486076355,0.8857629895210266,0.0033478704281151295
6325,0.00011905086284969002,0.16763609647750854,0.799747109413147,0.03249773755669594
6327,0.0002078089746646583,0.05584689602255821,0.49775800108909607,0.4461873769760132
6329,3.294939233455807e-05,0.007814395241439342,0.10293447226285934,0.8892180919647217
6331,1.068130586645566e-05,0.001882526557892561,0.022933868691325188,0.9751728773117065
6333,1.528408392914571e-05,0.2277917116880417,0.770609438419342,0.0015835697995498776
6335,2.7128553483635187e-05,0.36243006587028503,0.6360846161842346,0.0014582055155187845
6337,3.0333387257996947e-05,0.6786589622497559,0.3205758035182953,0.000734910776372999
6339,3.1472420232603326e-05,0.22156840562820435,0.7733497023582458,0.005050470121204853
6341,0.00011828496644739062,0.2746071219444275,0.6903622150421143,0.03491237759590149
6343,5.2264920668676496e-05,0.08739561587572098,0.7912153005599976,0.12133680284023285
6345,0.00033238809555768967,0.17489276826381683,0.670432448387146,0.15434232354164124
6347,0.00013570795999839902,0.926000714302063,0.07367216795682907,0.00019137890194542706
6349,0.00012209262058604509,0.5295484662055969,0.4673248827457428,0.00300461589358747
6351,1.686721407168079e-05,0.22534134984016418,0.7623199820518494,0.012321755290031433
6353,0.0003556383599061519,0.47784388065338135,0.5086621642112732,0.013138332404196262
6355,2.9839566195732914e-05,0.030263880267739296,0.7928071022033691,0.17689917981624603
6357,0.00012022679584333673,0.10930308699607849,0.6591820120811462,0.2313946634531021
6359,0.00031080670305527747,0.4445403814315796,0.5362180471420288,0.018930813297629356
6361,2.8243526685400866e-05,0.2848204970359802,0.7049374580383301,0.010213742032647133
6363,6.252744060475379e-05,0.24310056865215302,0.7034347653388977,0.05340210720896721
6365,0.0003677995118778199,0.49418386816978455,0.49418386816978455,0.011264516972005367
6367,0.00026801778585650027,0.3128732442855835,0.6623526215553284,0.02450612746179104
6369,1.4982930224505253e-05,0.25303587317466736,0.7437137961387634,0.003235412063077092
6371,0.00011745675874408334,0.07454776763916016,0.6439943909645081,0.2813403308391571
6373,3.433441088418476e-05,0.045417286455631256,0.7445409297943115,0.2100074142217636
6375,1.7490021491539665e-05,0.09893867373466492,0.8957176208496094,0.005326131358742714
6377,1.3724555174121633e-05,0.002418884076178074,0.06640725582838058,0.9311602115631104
6379,2.7991807655780576e-05,0.058252185583114624,0.8041465878486633,0.1375732570886612
6381,0.00072480458766222,0.25804832577705383,0.6094286441802979,0.13179819285869598
6383,0.00018941820599138737,0.028112154453992844,0.24667634069919586,0.72502201795578
6385,8.821515802992508e-05,0.548067569732666,0.44731971621513367,0.004524574615061283
6387,0.00028150813886895776,0.4089758098125458,0.5767483711242676,0.013994383625686169
6389,0.00030512738157995045,0.23727601766586304,0.6865808963775635,0.07583796232938766
6391,0.0004630320181604475,0.18105320632457733,0.6940478682518005,0.12443593144416809
6393,0.00021767533326055855,0.2462874799966812,0.7126563787460327,0.040838465094566345
6395,0.00025268711033277214,0.21920815110206604,0.7300746440887451,0.05046458542346954
6397,4.880762935499661e-05,0.8242768049240112,0.17549864947795868,0.0001757630379870534
6399,0.00014590579667128623,0.7875728607177734,0.21197237074375153,0.00030888256151229143
6401,0.0001771588867995888,0.29623904824256897,0.6470455527305603,0.056538209319114685
6403,0.00010673377255443484,0.3083798885345459,0.6735635995864868,0.01794986054301262
6405,6.981250771787018e-05,0.024090267717838287,0.2934795320034027,0.6823603510856628
6407,0.00010619440581649542,0.20438718795776367,0.7360265851020813,0.05948006734251976
6409,7.851878763176501e-05,0.03761705756187439,0.5703256726264954,0.39197874069213867
6411,0.0001608384627616033,0.1819797307252884,0.6867843270301819,0.13107508420944214
6413,7.703871233388782e-06,0.0005485881119966507,0.0075730253010988235,0.991870641708374
6415,5.304688784235623e-06,0.0003604456433095038,0.00590890645980835,0.9937253594398499
6417,0.0005181478336453438,0.9223089218139648,0.076899953186512,0.00027304471586830914
6419,2.6743153284769505e-05,0.0917574092745781,0.8842794895172119,0.023936349898576736
6421,3.542384729371406e-05,0.010133836418390274,0.19728118181228638,0.7925494909286499
6423,0.00017375418974552304,0.021378513425588608,0.1762249618768692,0.8022227883338928
6425,8.934413926908746e-05,0.20741888880729675,0.7827906608581543,0.009701110422611237
6427,6.676478369627148e-05,0.1305224895477295,0.7995471358299255,0.06986364722251892
6429,0.00011640696902759373,0.043432679027318954,0.3932073414325714,0.563243567943573
6431,1.1641698620223906e-05,0.001623100251890719,0.03062565252184868,0.9677396416664124
6433,6.494890112662688e-05,0.19360995292663574,0.7657422423362732,0.04058285057544708
6435,0.00012260052608326077,0.04364880919456482,0.44083741307258606,0.5153911113739014
6437,3.0055372917558998e-05,0.03853381797671318,0.9191150069236755,0.04232112318277359
6439,3.086300421273336e-05,0.7824482917785645,0.21727804839611053,0.0002427563158562407
6441,0.000304046698147431,0.33342769742012024,0.6327345371246338,0.03353370353579521
6443,8.10184792499058e-05,0.2304529845714569,0.7556263208389282,0.013839778490364552
6445,0.00017825554823502898,0.17522798478603363,0.7262997627258301,0.0982939824461937
6447,3.38144127454143e-05,0.07147744297981262,0.7928483486175537,0.13564035296440125
6449,5.685443466063589e-05,0.015519759617745876,0.29283636808395386,0.6915870308876038
6451,6.75342816975899e-05,0.011536375619471073,0.16689755022525787,0.8214985132217407
6453,3.7340872950153425e-05,0.016544990241527557,0.3428637981414795,0.640553891658783
6455,0.002237441949546337,0.2318193018436432,0.5737583041191101,0.1921849548816681
6457,6.25124157522805e-05,0.483347088098526,0.5145202875137329,0.0020701270550489426
6459,8.165659528458491e-05,0.04099775478243828,0.6313701272010803,0.3275505006313324
6461,0.0001444512017769739,0.688101589679718,0.31015169620513916,0.0016022941563278437
6463,2.950611997221131e-05,0.14501574635505676,0.8215702176094055,0.033384520560503006
6465,3.8167054299265146e-05,0.22626736760139465,0.7654526829719543,0.008241789415478706
6467,2.248853888886515e-05,0.4876634478569031,0.5110669136047363,0.0012471681693568826
6469,0.00017593936354387552,0.05192934721708298,0.462841272354126,0.48505347967147827
6471,4.0172988519771025e-05,0.30580252408981323,0.6891366243362427,0.005020675715059042
6473,0.00023829404381103814,0.22351984679698944,0.6673069596290588,0.10893487185239792
6475,4.4990567403147e-05,0.008985145017504692,0.12998870015144348,0.8609811067581177
6477,2.9690650990232825e-05,0.1034746766090393,0.8663828372955322,0.030112847685813904
6479,0.00013557181227952242,0.17933332920074463,0.7912557721138,0.02927536517381668
6481,8.242529293056577e-05,0.024711335077881813,0.3575006127357483,0.6177056431770325
6483,3.4503904316807166e-05,0.04091276973485947,0.8478402495384216,0.11121243983507156
6485,0.0005529359914362431,0.37357237935066223,0.5877118706703186,0.038162823766469955
6487,0.00013458775356411934,0.2800830602645874,0.6824649572372437,0.03731745481491089
6489,3.360062328283675e-05,0.19919604063034058,0.7878355979919434,0.012934710830450058
6491,0.0001653490326134488,0.2764910161495209,0.695098340511322,0.028245335444808006
6493,0.00028365483740344644,0.2008388638496399,0.7009965181350708,0.09788104891777039
6495,4.508518395596184e-05,0.09093758463859558,0.7614110708236694,0.1476062536239624
6497,0.00011090005864389241,0.10732632875442505,0.8441870212554932,0.04837577044963837
6499,0.00015202033682726324,0.19797366857528687,0.7355614304542542,0.06631287187337875
6501,4.2720421333797276e-05,0.5531735420227051,0.44448745250701904,0.0022962945513427258
6503,0.000301576335914433,0.5368092656135559,0.4591573178768158,0.003731808392331004
6505,0.003907795064151287,0.6780514717102051,0.3056217432022095,0.012418946251273155
6507,9.059625881491229e-05,0.5455435514450073,0.4522714912891388,0.0020944324787706137
6509,0.00023988320026546717,0.07080268114805222,0.6116418242454529,0.31731560826301575
6511,0.0003862005250994116,0.9107117652893066,0.088774673640728,0.00012735542259179056
6513,0.00043376744724810123,0.40687382221221924,0.5828198790550232,0.009872500784695148
6515,5.868738662684336e-05,0.013702722266316414,0.21434663236141205,0.7718918919563293
6517,0.00035667780321091413,0.18476366996765137,0.7539511322975159,0.0609285943210125
6519,0.00029223147430457175,0.2615605890750885,0.7221919298171997,0.015955297276377678
6521,2.5023477064678445e-05,0.32402127981185913,0.6753183603286743,0.000635358621366322
6523,0.00015309637819882482,0.12283136695623398,0.7885434031486511,0.08847211301326752
6525,5.3112893510842696e-05,0.1558726727962494,0.829575777053833,0.014498417265713215
6527,0.0001132668912759982,0.06245783716440201,0.7728744745254517,0.16455446183681488
6529,0.0004956011543981731,0.12511910498142242,0.625556230545044,0.24882906675338745
6531,0.00020130375924054533,0.9589219689369202,0.040835823863744736,4.0897335566114634e-05
6533,0.00012111832620576024,0.2224355936050415,0.7293382883071899,0.04810507223010063
6535,0.00013197724183555692,0.4320858120918274,0.5635461211204529,0.0042360201478004456
6537,5.573900489252992e-05,0.07258801907300949,0.8438079357147217,0.08354830741882324
6539,5.040127143729478e-05,0.12455670535564423,0.8379941582679749,0.03739870712161064
6541,0.00011604593601077795,0.2736516296863556,0.7097983360290527,0.01643405854701996
6543,0.00048441896797157824,0.24321478605270386,0.6928544044494629,0.06344636529684067
6545,0.0002877393562812358,0.0565740130841732,0.3806193470954895,0.5625188946723938
6547,0.00014217814896255732,0.16339990496635437,0.804282546043396,0.032175350934267044
6549,0.0002930057526100427,0.250244140625,0.6909462213516235,0.05851668491959572
6551,0.0001341433235211298,0.08251900225877762,0.5909779071807861,0.32636895775794983
6553,2.2189575247466564e-05,0.05837380886077881,0.8850262761116028,0.056577831506729126
6555,3.479002771200612e-05,0.08870581537485123,0.882007360458374,0.029252072796225548
6557,0.0001721559965517372,0.11450811475515366,0.8200749158859253,0.06524476408958435
6559,4.812727638636716e-05,0.024544036015868187,0.5854283571243286,0.38997939229011536
6561,4.2883977585006505e-05,0.7954182624816895,0.2042803019285202,0.0002586235059425235
6563,0.0001096610794775188,0.4756295084953308,0.5223768353462219,0.0018839850090444088
6565,6.123283674241975e-05,0.6781905293464661,0.32035455107688904,0.0013936528703197837
6567,4.946221088175662e-05,0.4759575426578522,0.5227370858192444,0.001255870214663446
6569,7.692196959396824e-05,0.10498172789812088,0.8387487530708313,0.05619266256690025
6571,0.0002764844393823296,0.20515675842761993,0.7742534279823303,0.020313266664743423
6573,0.00022407935466617346,0.26158127188682556,0.7110515832901001,0.027143020182847977
6575,0.0002738755429163575,0.14637452363967896,0.6874874830245972,0.16586408019065857
6577,8.823414100334048e-05,0.058688197284936905,0.661237895488739,0.2799857556819916
6579,9.393902291776612e-05,0.09527483582496643,0.6613383889198303,0.24329282343387604
6581,7.77310342527926e-05,0.04856967553496361,0.49053633213043213,0.46081626415252686
6583,4.672569048125297e-05,0.04451889917254448,0.7184986472129822,0.23693571984767914
6585,0.002885956782847643,0.549966037273407,0.4151361286640167,0.032011859118938446
6587,3.490229937597178e-05,0.17976897954940796,0.8056686520576477,0.014527559280395508
6589,2.498122375982348e-05,0.005742353852838278,0.15520459413528442,0.8390281200408936
6591,2.6646845071809366e-05,0.09142697602510452,0.8810950517654419,0.027451355010271072
6593,0.000543885282240808,0.6758580207824707,0.31925272941589355,0.004345357418060303
6595,0.00011635296687018126,0.33617207407951355,0.6479886174201965,0.015722976997494698
6597,0.0002684165956452489,0.2087286114692688,0.6843948364257812,0.10660815238952637
6599,0.0002450191241223365,0.12892179191112518,0.6445684432983398,0.2262648046016693
6601,9.018449782161042e-05,0.10203871876001358,0.7422806024551392,0.1555904597043991
6603,9.10600065253675e-05,0.11674750596284866,0.7378668785095215,0.14529459178447723
6605,0.00011857708886964247,0.1202632337808609,0.6813376545906067,0.19828055799007416
6607,0.0002623098262120038,0.22402799129486084,0.6793564558029175,0.09635324031114578
6609,5.815907206851989e-05,0.5257372856140137,0.47126781940460205,0.002936744363978505
6611,8.678293670527637e-05,0.2627701759338379,0.7032094597816467,0.03393356874585152
6613,8.46795373945497e-05,0.6650543212890625,0.33441030979156494,0.00045067613245919347
6615,0.00019579225045163184,0.28892695903778076,0.671775221824646,0.03910200670361519
6617,0.00028455129358917475,0.07183761894702911,0.5144808292388916,0.4133969843387604
6619,0.00014178866695147008,0.4161132276058197,0.5777159929275513,0.006029007490724325
6621,0.0016566450940445065,0.18271353840827942,0.5370249152183533,0.2786048650741577
6623,0.00034405809128656983,0.11688379943370819,0.7621780633926392,0.1205940917134285
6625,9.587351087247953e-05,0.10513807088136673,0.8141539096832275,0.08061215281486511
6627,4.7222016291925684e-05,0.15460215508937836,0.8357712626457214,0.009579305537045002
6629,0.00015787484881002456,0.2121242880821228,0.7403864860534668,0.047331325709819794
6631,8.647148933960125e-05,0.02323847822844982,0.2071223109960556,0.7695527076721191
6633,1.0508321793167852e-05,0.4531790316104889,0.5466382503509521,0.00017226647469215095
6635,8.464350685244426e-05,0.09576939046382904,0.8403497338294983,0.06379617005586624
6637,0.003361709415912628,0.6306964159011841,0.3593599796295166,0.006581908091902733
6639,6.306896830210462e-05,0.43712687492370605,0.5612820386886597,0.0015280209481716156
6641,6.227512494660914e-05,0.07738607376813889,0.806381344795227,0.1161702573299408
6643,9.705173579277471e-05,0.08686575293540955,0.7742260694503784,0.13881109654903412
6645,3.554450086085126e-05,0.38757336139678955,0.6097385287284851,0.0026525731664150953
6647,3.595310772652738e-05,0.5033748745918274,0.4955708086490631,0.0010183770209550858
6649,8.018458902370185e-05,0.053334109485149384,0.6396691203117371,0.30691659450531006
6651,0.00016804985352791846,0.1171412393450737,0.6954995393753052,0.1871911734342575
6653,2.5252136765629984e-05,0.08139228820800781,0.7843892574310303,0.13419318199157715
6655,8.58511048136279e-05,0.11716804653406143,0.7760633826255798,0.10668271780014038
6657,7.527125944761792e-06,0.006134220864623785,0.8687088489532471,0.12514938414096832
6659,1.6719870473025367e-05,0.020454801619052887,0.8834570050239563,0.09607149660587311
6661,0.0005815652548335493,0.22040529549121857,0.5991236567497253,0.1798895299434662
6663,0.0021020746789872646,0.9609522819519043,0.03668249770998955,0.00026310549583286047
6665,0.00014435431512538344,0.24518561363220215,0.6876400113105774,0.06703001260757446
6667,7.308520434889942e-05,0.2468721866607666,0.737024188041687,0.01603054068982601
6669,3.138954707537778e-05,0.7022887468338013,0.29736778140068054,0.00031210819724947214
6671,7.740085857221857e-05,0.7928369045257568,0.20682388544082642,0.0002618436992634088
6673,2.1394122086348943e-05,0.0038299851585179567,0.05898221582174301,0.9371664524078369
6675,0.0030411789193749428,0.4045884311199188,0.5114476680755615,0.08092277497053146
6677,2.7295864128973335e-05,0.062386877834796906,0.8347272276878357,0.10285857319831848
6679,2.4111923266900703e-05,0.1724230796098709,0.8225845098495483,0.0049682920798659325
6681,8.240353054134175e-05,0.27834823727607727,0.6997674107551575,0.021801920607686043
6683,0.00010186344297835603,0.0897589772939682,0.7171269655227661,0.19301211833953857
6685,4.269503551768139e-05,0.41083934903144836,0.5885002017021179,0.0006176719907671213
6687,5.237984805717133e-05,0.09470498561859131,0.8440963625907898,0.06114614009857178
6689,9.023256279760972e-05,0.2863271236419678,0.6976796388626099,0.015903035178780556
6691,4.117554999538697e-05,0.0699366107583046,0.8520023226737976,0.07801992446184158
6693,3.314741843496449e-05,0.8806933760643005,0.11918888986110687,8.464489656034857e-05
6695,0.00028231798205524683,0.3734480142593384,0.6061659455299377,0.0201036985963583
6697,8.779851486906409e-05,0.15628233551979065,0.7573225498199463,0.08630730211734772
6699,0.00016704799782019109,0.9749643802642822,0.024792123585939407,7.648014434380457e-05
6701,0.00011448626173660159,0.2382509857416153,0.7454213500022888,0.016213182359933853
6703,5.318021067068912e-05,0.06818202883005142,0.7682045698165894,0.1635601818561554
6705,9.36261858441867e-06,0.002220472088083625,0.07353193312883377,0.9242381453514099
6707,4.2401516111567616e-05,0.019688880071043968,0.44811683893203735,0.5321518778800964
6709,2.0620253053493798e-05,0.6111812591552734,0.3884904086589813,0.0003077841829508543
6711,0.00019328572670929134,0.6842266917228699,0.31326180696487427,0.0023181959986686707
6713,2.2605816411669366e-05,0.011349822394549847,0.29732537269592285,0.6913021802902222
6715,4.928194539388642e-05,0.04208967462182045,0.7231036424636841,0.23475737869739532
6717,5.881745892111212e-05,0.6721176505088806,0.327564001083374,0.00025951481075026095
6719,4.9116351874545217e-05,0.5031114816665649,0.4953114688396454,0.0015279650688171387
6721,0.0006147510721348226,0.16012617945671082,0.7065098285675049,0.1327492594718933
6723,2.566252078395337e-05,0.06965303421020508,0.8224406242370605,0.10788072645664215
6725,6.611289427382872e-05,0.06705300509929657,0.5976369380950928,0.33524394035339355
6727,6.321835098788142e-05,0.053992193192243576,0.7453392148017883,0.2006053328514099
6729,0.0005251719267107546,0.36607763171195984,0.6130646467208862,0.020332498475909233
6731,0.00023590111231897026,0.2586970329284668,0.7032113075256348,0.037855733186006546
6733,0.0001256111718248576,0.14436011016368866,0.817855715751648,0.03765858709812164
6735,3.0767565476708114e-05,0.009973742067813873,0.25722619891166687,0.732769250869751
6737,0.00010680848208721727,0.5249390006065369,0.4705522656440735,0.004401881713420153
6739,0.0006443275487981737,0.6433583498001099,0.3497878611087799,0.006209478247910738
6741,0.00038425184902735054,0.27206552028656006,0.6629289984703064,0.0646212175488472
6743,1.6411715478170663e-05,0.1681094467639923,0.8274636268615723,0.004410509020090103
6745,1.1780944987549447e-05,0.0012791914632543921,0.019394278526306152,0.9793148040771484
6747,0.0007194873760454357,0.07812293618917465,0.44259658455848694,0.47856101393699646
6749,4.020830601803027e-05,0.010805641300976276,0.18276356160640717,0.8063907027244568
6751,5.0475719035603106e-05,0.01662008836865425,0.34984391927719116,0.6334855556488037
6753,9.857078839559108e-05,0.2398214340209961,0.7503348588943481,0.009745148941874504
6755,9.810344636207446e-05,0.0799492597579956,0.7125800251960754,0.20737259089946747
6757,0.0004788423830177635,0.1704796999692917,0.6638068556785583,0.16523459553718567
6759,0.00040332035860046744,0.5252376794815063,0.47081997990608215,0.003539023455232382
6761,6.210368155734614e-05,0.17121584713459015,0.7916940450668335,0.03702802583575249
6763,2.460638825141359e-05,0.004544876981526613,0.10183722525835037,0.8935933113098145
6765,0.0001029286504490301,0.3215508759021759,0.6701695919036865,0.008176635950803757
6767,4.121409438084811e-05,0.3843871057033539,0.6142488121986389,0.0013228323077782989
6769,0.00014338984328787774,0.28921976685523987,0.6938021779060364,0.01683460921049118
6771,0.00017887758440338075,0.09266088157892227,0.6431939601898193,0.26396626234054565
6773,0.00019395677372813225,0.2731114625930786,0.7083972692489624,0.018297329545021057
6775,0.00015738123329356313,0.322439581155777,0.6513458490371704,0.026057114824652672
6777,0.00022197711223270744,0.34869375824928284,0.6413459777832031,0.009738324210047722
6779,0.00022886291844770312,0.2080686241388321,0.726230800151825,0.06547169387340546
6781,6.98858784744516e-05,0.05350276827812195,0.6830775141716003,0.26334986090660095
6783,3.0637569579994306e-05,0.00862872414290905,0.12483236193656921,0.8665083050727844
6785,0.00018854431982617825,0.12938956916332245,0.6570945382118225,0.21332736313343048
6787,0.00040493387496098876,0.295810341835022,0.6771166324615479,0.026668110862374306
6789,4.0355869714403525e-05,0.1670188307762146,0.8220954537391663,0.010845297016203403
6791,6.499798473669216e-05,0.5266841650009155,0.472116619348526,0.0011342549696564674
6793,9.04739645193331e-05,0.5280451774597168,0.46599826216697693,0.005866052582859993
6795,0.00015857603284530342,0.7793645262718201,0.21982984244823456,0.0006470891530625522
6797,8.040777174755931e-05,0.42067286372184753,0.5749916434288025,0.004255045671015978
6799,0.0002467816520947963,0.6492050290107727,0.3474944233894348,0.0030537601560354233
6801,7.016112067503855e-05,0.41593924164772034,0.5774744153022766,0.006516185123473406
6803,8.881994290277362e-05,0.5183916091918945,0.4794338643550873,0.002085702959448099
6805,5.754691665060818e-05,0.08625821024179459,0.8443738222122192,0.06931041926145554
6807,7.160945824580267e-05,0.689072847366333,0.310589462518692,0.0002660614554770291
6809,0.00011381709919078276,0.6438478827476501,0.3555665612220764,0.0004717587726190686
6811,0.00020144262816756964,0.8737107515335083,0.1258699744939804,0.0002178114518756047
6813,3.073864718317054e-05,0.01472637988626957,0.28668680787086487,0.6985560059547424
6815,3.340137118357234e-05,0.006465410813689232,0.09208542108535767,0.9014158248901367
6817,1.2054189028276596e-05,0.43775391578674316,0.5620871782302856,0.00014685007045045495
6819,2.848540862032678e-05,0.08898890018463135,0.8312134742736816,0.07976914197206497
6821,2.5400233425898477e-05,0.11545468866825104,0.8665355443954468,0.01798436976969242
6823,1.8142844055546448e-05,0.1493280977010727,0.8460013270378113,0.0046524591743946075
6825,0.00016059241897892207,0.3394628167152405,0.6342000365257263,0.026176562532782555
6827,6.939472950762138e-05,0.14217457175254822,0.8310422897338867,0.026713810861110687
6829,0.00036520109279081225,0.034994568675756454,0.18051572144031525,0.784124493598938
6831,7.645061850780621e-05,0.03387372940778732,0.33680859208106995,0.6292412877082825
6833,0.0006002205773256719,0.4316723346710205,0.5542782545089722,0.013449163176119328
6835,3.3589596569072455e-05,0.19604340195655823,0.7999794483184814,0.0039435685612261295
6837,2.206214048783295e-05,0.07809942960739136,0.9078760147094727,0.01400245726108551
6839,3.1364317692350596e-05,0.2502075135707855,0.7469816207885742,0.0027795543428510427
6841,3.4523920476203784e-05,0.6110306978225708,0.38839471340179443,0.000540045031812042
6843,0.00021187406673561782,0.7738373875617981,0.22519952058792114,0.0007511587464250624
6845,0.0002617535355966538,0.29156795144081116,0.6779157519340515,0.03025459311902523
6847,5.4292868298944086e-05,0.092216357588768,0.8613600134849548,0.04636929929256439
6849,6.610340642509982e-05,0.5882869958877563,0.4106905162334442,0.0009563225321471691
6851,0.0005555289681069553,0.2789173424243927,0.6285499334335327,0.09197717159986496
6853,0.00031364127062261105,0.4850464165210724,0.5004434585571289,0.014196489006280899
6855,0.00012473182869143784,0.22907182574272156,0.7510976791381836,0.01970575377345085
6857,7.500308129237965e-05,0.6469531655311584,0.35174232721328735,0.001229550689458847
6859,0.00016565807163715363,0.06477504968643188,0.40939095616340637,0.5256683826446533
6861,0.00047936185728758574,0.15783898532390594,0.5773510336875916,0.26433056592941284
6863,0.0032565363217145205,0.44699132442474365,0.48331284523010254,0.06643933057785034
6865,4.6704553824383765e-05,0.04246101528406143,0.6337860226631165,0.3237062394618988
6867,0.00010138165816897526,0.16431114077568054,0.7838846445083618,0.051702797412872314
6869,5.949666228843853e-05,0.2313172072172165,0.7584599256515503,0.010163369588553905
6871,3.076187931583263e-05,0.241596981883049,0.7558900713920593,0.0024822016712278128
6873,7.778379949741066e-05,0.03340407460927963,0.48325905203819275,0.48325905203819275
6875,8.88826180016622e-05,0.08207933604717255,0.6765871644020081,0.2412445992231369
6877,0.0004146820865571499,0.4765782356262207,0.515303909778595,0.0077031697146594524
6879,2.924779437307734e-05,0.27707797288894653,0.7186855673789978,0.004207206889986992
6881,0.00020661494636442512,0.48722532391548157,0.5106077194213867,0.0019603080581873655
6883,0.0001549784792587161,0.4206415116786957,0.574948787689209,0.004254728555679321
6885,0.0002937130630016327,0.6608970165252686,0.3375532031059265,0.0012560514733195305
6887,2.35216757573653e-05,0.08590930700302124,0.8951954245567322,0.018871769309043884
6889,0.012592658400535583,0.910836935043335,0.07594344764947891,0.0006269515142776072
6891,6.151501293061301e-05,0.9608092904090881,0.039042506366968155,8.67500712047331e-05
6893,0.00014839561481494457,0.5335893034934998,0.46359044313430786,0.0026717977598309517
6895,0.0010073258308693767,0.6005970239639282,0.3938811421394348,0.004514521453529596
6897,0.00016242385026998818,0.7044758200645447,0.2936692237854004,0.0016924955416470766
6899,7.315801485674456e-05,0.35398033261299133,0.6409755945205688,0.004970977082848549
6901,0.014410823583602905,0.9056061506271362,0.07913097739219666,0.0008520198753103614
6903,0.0001948933204403147,0.22398343682289124,0.7459787726402283,0.029842907562851906
6905,1.1433288818807341e-05,0.1171141266822815,0.8789902925491333,0.003884129459038377
6907,3.5578828828874975e-05,0.19204804301261902,0.7960169315338135,0.011899488978087902
6909,3.2601008570054546e-05,0.6436872482299805,0.35547783970832825,0.0008022885303944349
6911,0.0002127001207554713,0.5864005088806152,0.40937352180480957,0.004013356752693653
6913,8.783936937106773e-05,0.3579002916812897,0.6281346082687378,0.013877300545573235
6915,0.00019849585078191012,0.40667444467544556,0.5735028982162476,0.019624190405011177
6917,8.09874982223846e-05,0.032166145741939545,0.35126447677612305,0.6164883971214294
6919,1.903615520859603e-05,0.0034078608732670546,0.05166780203580856,0.9449053406715393
6921,0.00024426079471595585,0.343944787979126,0.6228035688400269,0.03300737962126732
6923,0.0002704972284846008,0.22391277551651,0.6378681063652039,0.1379486620426178
6925,4.161338438279927e-05,0.03185809776186943,0.6201997399330139,0.34790053963661194
6927,2.7119569494971074e-05,0.017212320119142532,0.4952191412448883,0.4875414967536926
6929,3.809991540038027e-05,0.0206834077835083,0.4781654477119446,0.5011130571365356
6931,7.367930084001273e-05,0.021077720448374748,0.4436747133731842,0.5351738333702087
6933,0.0001607790618436411,0.8411549925804138,0.1580483317375183,0.0006358935497701168
6935,5.464528294396587e-05,0.10035686939954758,0.7893679738044739,0.11022046953439713
6937,9.951475658454001e-05,0.1379547417163849,0.7457762956619263,0.11616954207420349
6939,4.5239561586640775e-05,0.18147026002407074,0.776049792766571,0.04243471473455429
6941,0.00022089038975536823,0.3993792235851288,0.5902441740036011,0.010155711323022842
6943,0.00023345713270828128,0.40277099609375,0.5769428610801697,0.02005278877913952
6945,1.8265358448843472e-05,0.8651267290115356,0.1347607523202896,9.421989670954645e-05
6947,4.579131564241834e-05,0.9183596968650818,0.0815090537071228,8.554943633498624e-05
6949,7.149873999878764e-05,0.5033569931983948,0.4955531656742096,0.0010183406993746758
6951,7.335555710596964e-05,0.632742166519165,0.36620306968688965,0.0009814865188673139
6953,0.0003334775392431766,0.46229133009910583,0.5238447189331055,0.013530485332012177
6955,8.290696132462472e-05,0.054289933294057846,0.5746228098869324,0.3710043728351593
6957,7.413268758682534e-05,0.17481465637683868,0.8083347678184509,0.016776451840996742
6959,0.0004435526207089424,0.2950253188610077,0.6753196716308594,0.029211463406682014
6961,6.544099596794695e-05,0.08005937188863754,0.7247983813285828,0.1950768530368805
6963,0.0002317402104381472,0.2501940429210663,0.6800978779792786,0.06947637349367142
6965,8.769983833190054e-05,0.09321557730436325,0.5710146427154541,0.3356821537017822
6967,0.0019937020260840654,0.4044358730316162,0.5033285617828369,0.09024184942245483
6969,1.190236616821494e-05,0.4529840648174286,0.5464030504226685,0.0006010103388689458
6971,1.5792558770044707e-05,0.3880594074726105,0.6105031967163086,0.001421600696630776
6973,7.137186912586913e-05,0.014253800734877586,0.1174953281879425,0.8681795597076416
6975,6.652323645539582e-05,0.03611365333199501,0.4331335425376892,0.5306862592697144
6977,9.583303472027183e-05,0.28124526143074036,0.7070505023002625,0.011608378030359745
6979,2.553300146246329e-05,0.07731140404939651,0.8575603365898132,0.06510273367166519
6981,0.0003684359835460782,0.23752234876155853,0.7091107368469238,0.05299840122461319
6983,5.4364332754630595e-05,0.6612970232963562,0.3377574682235718,0.0008912129560485482
6985,1.5872132280492224e-05,0.851870596408844,0.14803288877010345,8.060533582465723e-05
6987,6.69576256768778e-05,0.14602892100811005,0.8273102045059204,0.026593845337629318
6989,7.81639973865822e-05,0.68483567237854,0.31354060769081116,0.0015456258552148938
6991,3.051372550544329e-05,0.17809130251407623,0.798149824142456,0.023728368803858757
6993,0.0005498643149621785,0.2717931568622589,0.6832879185676575,0.044369012117385864
6995,4.096028351341374e-05,0.06849239021539688,0.8475480675697327,0.08391862362623215
6997,0.0004927549744024873,0.18100175261497498,0.6317581534385681,0.18674735724925995
6999,9.718767978483811e-05,0.5761618614196777,0.42152902483940125,0.002211981453001499
7001,0.00044094942859373987,0.05096682533621788,0.2112516164779663,0.7373405694961548
7003,0.0004946322296746075,0.09279885143041611,0.35573434829711914,0.5509721040725708
7005,0.0003572765563149005,0.0370170958340168,0.1711653172969818,0.791460394859314
7007,0.0009618306066840887,0.11470149457454681,0.3371264338493347,0.5472102165222168
7009,0.0004439881013240665,0.12504424154758453,0.5182939171791077,0.3562178611755371
7011,0.0007264150772243738,0.03288005664944649,0.11840563267469406,0.8479878902435303
7013,9.348274761578068e-05,0.006352012045681477,0.03598660230636597,0.9575679302215576
7015,7.092467421898618e-05,0.005050504580140114,0.03242284059524536,0.9624558091163635
7017,0.0005008933949284256,0.09397351741790771,0.3895094096660614,0.5160161256790161
7019,9.246033005183563e-05,0.00781874731183052,0.04499378800392151,0.9470950365066528
7021,0.0003859107964672148,0.03528563305735588,0.17368197441101074,0.790646493434906
7023,0.0007257433026097715,0.1361580193042755,0.47523820400238037,0.3878781199455261
7025,0.00019108393462374806,0.022434109821915627,0.1485924869775772,0.828782320022583
7027,0.00013360942830331624,0.016184283420443535,0.08613498508930206,0.8975471258163452
7029,0.0009040918084792793,0.08012201637029648,0.3269478380680084,0.5920260548591614
7031,0.0018355143256485462,0.4421723186969757,0.4932788908481598,0.0627133697271347
7033,0.0001751090312609449,0.0218844972550869,0.15673062205314636,0.821209728717804
7035,0.0004186270816717297,0.07040224969387054,0.29180923104286194,0.6373699307441711
7037,7.203358109109104e-05,0.008590243756771088,0.07305788993835449,0.918279767036438
7039,0.000596105819568038,0.21222838759422302,0.643574595451355,0.14360091090202332
7041,0.0005981161957606673,0.059132445603609085,0.252877414226532,0.6873920559883118
7043,3.165279485983774e-05,0.0025144924875348806,0.014245571568608284,0.9832083582878113
7045,0.0007185531430877745,0.10832212120294571,0.3900829553604126,0.5008764266967773
7047,0.00011655389243969694,0.009703372605144978,0.06037641316652298,0.9298036694526672
7049,0.0006546229706145823,0.08985337615013123,0.32357439398765564,0.585917592048645
7051,5.4905987781239673e-05,0.0038492069579660892,0.02432773821055889,0.9717680811882019
7053,7.237284444272518e-05,0.006514796055853367,0.056279245764017105,0.9371336102485657
7055,7.809058297425508e-05,0.0059194243513047695,0.029136430472135544,0.964866042137146
7057,6.898515857756138e-05,0.004912392236292362,0.029166216030716896,0.9658524394035339
7059,0.0002423667610855773,0.042715925723314285,0.23455658555030823,0.7224851250648499
7061,0.0004196619847789407,0.1163606271147728,0.5465191006660461,0.3367006480693817
7063,5.4307241953210905e-05,0.0036900953855365515,0.01994846574962139,0.9763071537017822
7065,9.906518971547484e-05,0.012974978424608707,0.10529572516679764,0.8816302418708801
7067,8.678853191668168e-05,0.009722757153213024,0.0729733482003212,0.9172170758247375
7069,0.00025160302175208926,0.04870210587978363,0.2891577184200287,0.661888599395752
7071,4.562084359349683e-05,0.003099867608398199,0.022905096411705017,0.9739494323730469
7073,0.0008594942046329379,0.22040435671806335,0.5716853737831116,0.20705072581768036
7075,0.00041363053605891764,0.09809808433055878,0.47536972165107727,0.4261186718940735
7077,0.00011998634727206081,0.00998913124203682,0.062154460698366165,0.9277363419532776
7079,5.086555756861344e-05,0.005698373541235924,0.05078905448317528,0.9434617161750793
7081,0.0004301596782170236,0.09887941926717758,0.46441391110420227,0.43627649545669556
7083,0.0014610681682825089,0.194375678896904,0.48866039514541626,0.3155028522014618
7085,0.0016969131538644433,0.2853768765926361,0.5008520483970642,0.21207411587238312
7087,0.0003886676859110594,0.10445114225149155,0.5472848415374756,0.3478753864765167
7089,0.0002500583650544286,0.04271559417247772,0.23455476760864258,0.722479522228241
7091,0.0025428489316254854,0.49996352195739746,0.462390661239624,0.03510294854640961
7093,0.00025320376153104007,0.025032857432961464,0.11942508071660995,0.8552888631820679
7095,0.00022623135009780526,0.031052453443408012,0.167867973446846,0.8008533120155334
7097,0.00025294366059824824,0.03365078940987587,0.15081237256526947,0.8152839541435242
7099,5.426145435194485e-05,0.0035735475830733776,0.0208881888538599,0.9754840731620789
7101,7.305159670067951e-05,0.005713236518204212,0.033395152539014816,0.9608186483383179
7103,6.005502291372977e-05,0.0038334145210683346,0.028325315564870834,0.967781126499176
7105,0.00020963288261555135,0.03581001237034798,0.24471703171730042,0.7192633748054504
7107,0.0003033021930605173,0.0248591136187315,0.1386529952287674,0.8361846208572388
7109,0.0017921986291185021,0.27875077724456787,0.563092052936554,0.15636500716209412
7111,5.7187316997442394e-05,0.006018432322889566,0.04310232028365135,0.9508219957351685
7113,8.690857794135809e-05,0.015317200683057308,0.1866016983985901,0.7979942560195923
7115,5.424206756288186e-05,0.004959607031196356,0.03496863692998886,0.9600175023078918
7117,0.00012097585567971691,0.010889898985624313,0.053601957857608795,0.9353872537612915
7119,9.055552072823048e-05,0.006348432041704655,0.036532703787088394,0.9570282101631165
7121,0.0015519357984885573,0.3680626153945923,0.5612284541130066,0.06915691494941711
7123,0.0005527096218429506,0.1121208667755127,0.4575231373310089,0.4298032224178314
7125,0.0003013813402503729,0.04614880308508873,0.29626259207725525,0.6572872400283813
7127,0.00010897619358729571,0.010442398488521576,0.07837454229593277,0.9110741019248962
7129,0.0007190005853772163,0.2811411917209625,0.6045485138893127,0.11359129846096039
7131,0.0010331436060369015,0.26493412256240845,0.6557182669639587,0.0783143863081932
7133,0.0005542310536839068,0.08097992837429047,0.3985971510410309,0.5198686718940735
7135,0.00013877528544981033,0.014834798872470856,0.08145907521247864,0.9035674333572388
7137,0.0002975749084725976,0.030353467911481857,0.1360348016023636,0.8333141803741455
7139,0.0003297950606793165,0.06795468926429749,0.39721041917800903,0.5345050692558289
7141,0.000174395609064959,0.02248719520866871,0.13351263105869293,0.8438257575035095
7143,0.0002274819853482768,0.041365232318639755,0.3409772217273712,0.6174300312995911
7145,0.00013147751451469958,0.01804656907916069,0.11228953301906586,0.8695324063301086
7147,0.0023492106702178717,0.21818196773529053,0.47655320167541504,0.30291563272476196
7149,3.554591603460722e-05,0.0030058787669986486,0.022560372948646545,0.974398136138916
7151,0.0031882296316325665,0.2696071267127991,0.5036924481391907,0.22351215779781342
7153,5.9482194046722725e-05,0.004799668211489916,0.03659079596400261,0.9585500359535217
7155,0.0011381705990061164,0.20696450769901276,0.48120686411857605,0.3106905221939087
7157,0.0023952110204845667,0.1627509891986847,0.45644643902778625,0.37840738892555237
7159,0.00047945379628799856,0.10681969672441483,0.4568098783493042,0.4358910322189331
7161,0.0009683500975370407,0.1706668585538864,0.5095170736312866,0.31884765625
7163,0.00042251881677657366,0.05890810862183571,0.25588518381118774,0.6847842335700989
7165,0.0002236519067082554,0.014054751954972744,0.06010455638170242,0.9256170392036438
7167,0.0004209802718833089,0.056005824357271194,0.22853873670101166,0.7150344252586365
7169,0.0004675967211369425,0.16135405004024506,0.6793258786201477,0.1588524878025055
7171,0.00023408564447890967,0.021740607917308807,0.09592405706644058,0.8821012377738953
7173,0.00021423470752779394,0.033321138471364975,0.2540273666381836,0.7124373316764832
7175,0.0005606066551990807,0.1817285716533661,0.6052485704421997,0.21246224641799927
7177,9.363939898321405e-05,0.007098056375980377,0.04850641265511513,0.9443019032478333
7179,0.0004686177708208561,0.06432235240936279,0.254399836063385,0.6808092594146729
7181,5.577445335802622e-05,0.0033971460070461035,0.024712536484003067,0.9718345999717712
7183,5.330775093170814e-05,0.003978188149631023,0.022537970915436745,0.9734305739402771
7185,3.798709440161474e-05,0.0026631008367985487,0.019072381779551506,0.9782264828681946
7187,0.0005569488275796175,0.09078263491392136,0.3943417966365814,0.5143186450004578
7189,9.761263208929449e-05,0.0057625300250947475,0.02503129281103611,0.9691085815429688
7191,0.00011352584988344461,0.011223673820495605,0.06875333935022354,0.9199095368385315
7193,3.3534943213453516e-05,0.002622708911076188,0.018783103674650192,0.9785606265068054
7195,0.00039308267878368497,0.03026569075882435,0.15131892263889313,0.8180223107337952
7197,4.2318159103160724e-05,0.0028308758046478033,0.020273935049772263,0.9768528938293457
7199,8.219077426474541e-05,0.009352678433060646,0.05135631188750267,0.9392088055610657
7201,6.392378418240696e-05,0.004770429339259863,0.027451926842331886,0.9677137136459351
7203,0.0004923359956592321,0.08279817551374435,0.3596588969230652,0.5570505857467651
7205,0.0005940560949966311,0.06551922112703323,0.2511608600616455,0.6827259063720703
7207,5.4697211453458294e-05,0.007163920905441046,0.06903974711894989,0.9237416386604309
7209,0.0010757994605228305,0.21151885390281677,0.6120500564575195,0.17535528540611267
7211,0.0009753545164130628,0.2790234386920929,0.5999946594238281,0.12000647932291031
7213,0.0006035891710780561,0.12437030673027039,0.4340950548648834,0.4409310221672058
7215,0.000819051347207278,0.17412379384040833,0.4733175039291382,0.35173970460891724
7217,5.5445812904508784e-05,0.004202904645353556,0.02963336370885372,0.9661082625389099
7219,0.0002687036176212132,0.05450833961367607,0.2811754047870636,0.6640474796295166
7221,0.00015899387653917074,0.022167127579450607,0.15875472128391266,0.8189192414283752
7223,0.0018117037834599614,0.2817845046520233,0.5102458596229553,0.20615795254707336
7225,0.0012763692066073418,0.10626059770584106,0.27134594321250916,0.6211170554161072
7227,4.517351771937683e-05,0.004066390451043844,0.03148876130580902,0.9643995761871338
7229,0.0001541886304039508,0.01303869392722845,0.07272400707006454,0.9140830636024475
7231,4.415146031533368e-05,0.004230713937431574,0.03830175846815109,0.9574234485626221
7233,0.0002765077515505254,0.02231164090335369,0.09999382495880127,0.8774179816246033
7235,0.000526433577761054,0.08853251487016678,0.40937021374702454,0.5015708804130554
7237,0.025016402825713158,0.5184179544448853,0.39748483896255493,0.05908084288239479
7239,3.6417197406990454e-05,0.0031773129012435675,0.029218027368187904,0.9675681591033936
7241,0.0006102508050389588,0.11449025571346283,0.4320817291736603,0.45281773805618286
7243,0.0009163788054138422,0.16925805807113647,0.5463716983795166,0.28345391154289246
7245,0.000435066845966503,0.07667834311723709,0.3383207321166992,0.5845658183097839
7247,0.0005286878440529108,0.09464593231678009,0.48065173625946045,0.42417365312576294
7249,0.00020790769485756755,0.03284629434347153,0.20759496092796326,0.7593508362770081
7251,0.00011070656182710081,0.014499697834253311,0.10223282873630524,0.8831568360328674
7253,4.084954707650468e-05,0.0030964785255491734,0.023978089913725853,0.9728845953941345
7255,0.0003573973663151264,0.0670519694685936,0.3798753023147583,0.5527153015136719
7257,0.0005938103422522545,0.08278977870941162,0.35962241888046265,0.5569940805435181
7259,0.00023333272838499397,0.040486160665750504,0.21886609494686127,0.7404145002365112
7261,0.0030454250518232584,0.2741404175758362,0.5284194946289062,0.19439467787742615
7263,0.00017545625451020896,0.025238851085305214,0.18942809104919434,0.7851575613021851
7265,8.546929166186601e-05,0.00599185936152935,0.032391685992479324,0.9615309834480286
7267,0.002505206037312746,0.3776606321334839,0.5081979632377625,0.11163627356290817
7269,6.300860695773736e-05,0.004417244344949722,0.026639392599463463,0.968880295753479
7271,0.0005927184829488397,0.12213040143251419,0.4830351173877716,0.3942417800426483
7273,0.00012663209054153413,0.01440975908190012,0.09396342933177948,0.8915002346038818
7275,0.00023866361880209297,0.01956123486161232,0.09479103237390518,0.8854091763496399
7277,8.972903742687777e-05,0.007951926440000534,0.04366466775536537,0.9482936263084412
7279,0.00010079806088469923,0.008391663432121277,0.051405176520347595,0.9401023983955383
7281,0.000220602989429608,0.050709303468465805,0.3865879774093628,0.5624821782112122
7283,0.00019265887385699898,0.01654842495918274,0.09375321120023727,0.8895056843757629
7285,9.259401122108102e-05,0.006491341162472963,0.03001565858721733,0.9634004235267639
7287,7.281277794390917e-05,0.008548545651137829,0.06316568702459335,0.9282130002975464
7289,0.0017900577513501048,0.19135357439517975,0.4380126893520355,0.368843674659729
7291,0.00019355301628820598,0.02005385048687458,0.11361280083656311,0.8661397099494934
7293,0.0005206976784393191,0.0889468714594841,0.45882290601730347,0.4517095386981964
7295,0.0003752121119759977,0.034847669303417206,0.13358476758003235,0.8311923146247864
7297,0.00038508381112478673,0.06681688129901886,0.39055967330932617,0.5422384142875671
7299,0.00045286721433512866,0.10740359127521515,0.5454404950141907,0.34670305252075195
7301,0.00025122417719103396,0.03139709681272507,0.1835230588912964,0.7848285436630249
7303,0.0001893645676318556,0.018145430833101273,0.09360124915838242,0.8880639672279358
7305,0.004210628569126129,0.2861059010028839,0.4571959376335144,0.25248754024505615
7307,0.0006391911883838475,0.12567488849163055,0.4742920398712158,0.3993939757347107
7309,0.00016228413733188063,0.01707889512181282,0.07897200435400009,0.9037867784500122
7311,7.666638703085482e-05,0.009885639883577824,0.07191307842731476,0.9181246161460876
7313,0.00011177392298122868,0.009305429644882679,0.0561189204454422,0.9344639182090759
7315,0.00010724410094553605,0.010117103345692158,0.1070827916264534,0.8826928734779358
7317,0.0018343438860028982,0.42165476083755493,0.48532164096832275,0.09118923544883728
7319,0.0006107272929511964,0.14712318778038025,0.4823983907699585,0.3698676824569702
7321,0.0017996038077399135,0.26708489656448364,0.5925537347793579,0.13856181502342224
7323,0.0036082277074456215,0.2376304417848587,0.4439520835876465,0.3148091733455658
7325,0.00011342529614921659,0.009296511299908161,0.04232018440961838,0.9482699036598206
7327,9.586704254616052e-05,0.014451987110078335,0.09133937209844589,0.894112765789032
7329,0.00036230418481864035,0.059985559433698654,0.32427889108657837,0.6153731942176819
7331,6.258128996705636e-05,0.005210032220929861,0.0324179083108902,0.9623094201087952
7333,0.00026619364507496357,0.025507403537631035,0.12953728437423706,0.844689130783081
7335,7.565649138996378e-05,0.005303930025547743,0.0451086051762104,0.9495118856430054
7337,0.0002483646967448294,0.025732839480042458,0.14808227121829987,0.8259365558624268
7339,0.0017049259040504694,0.23770292103290558,0.49541544914245605,0.26517677307128906
7341,0.0007915916503407061,0.1193327009677887,0.4365009069442749,0.44337475299835205
7343,0.000564537534955889,0.11452024430036545,0.44591423869132996,0.4390009939670563
7345,0.0006295327912084758,0.09791480004787445,0.3637976348400116,0.5376580357551575
7347,0.00029503178666345775,0.06997078657150269,0.4286230802536011,0.5011110901832581
7349,0.0002433525660308078,0.03340250998735428,0.1696319282054901,0.7967221736907959
7351,0.002653150586411357,0.29722750186920166,0.5640386343002319,0.13608066737651825
7353,0.0004605045833159238,0.09789959341287613,0.48946717381477356,0.41217270493507385
7355,6.759037205483764e-05,0.003928313497453928,0.019640332087874413,0.9763637781143188
7357,0.00015087268548086286,0.017438510432839394,0.11550410836935043,0.866906464099884
7359,0.0005462957778945565,0.0810774713754654,0.34672439098358154,0.5716518759727478
7361,0.0007372915861196816,0.1920447051525116,0.564450740814209,0.24276725947856903
7363,0.0001792393159121275,0.015157061628997326,0.07578054070472717,0.9088831543922424
7365,0.0005538017139770091,0.11773384362459183,0.49567797780036926,0.38603439927101135
7367,0.0001311980449827388,0.02172204665839672,0.16303300857543945,0.8151137828826904
7369,0.00023759939358569682,0.04671572148799896,0.24477289617061615,0.7082738280296326
7371,4.019924745080061e-05,0.00423059705644846,0.05317525565624237,0.9425538778305054
7373,0.0005242196493782103,0.0510232038795948,0.1986720710992813,0.7497804760932922
7375,0.0003588250547181815,0.045550864189863205,0.20735962688922882,0.7467307448387146
7377,2.486090852471534e-05,0.001179294427856803,0.007224054075777531,0.9915717840194702
7379,0.0001774779666448012,0.014098822139203548,0.07159972935914993,0.9141240119934082
7381,0.0005251359543763101,0.06461211293935776,0.2720271646976471,0.6628355383872986
7383,0.001700080931186676,0.25628775358200073,0.5685992240905762,0.17341294884681702
7385,0.0001663733273744583,0.01750924438238144,0.12539628148078918,0.8569281101226807
7387,7.581933459732682e-05,0.005232939496636391,0.04313557967543602,0.951555609703064
7389,0.00021587613446172327,0.02534482441842556,0.14814619719982147,0.8262931108474731
7391,5.113001316203736e-05,0.005818202625960112,0.045763712376356125,0.9483669400215149
7393,5.3006293455837294e-05,0.005159194115549326,0.041868358850479126,0.9529194235801697
7395,0.00030433127540163696,0.09712380915880203,0.5417130589485168,0.3608587384223938
7397,0.0006913178949616849,0.15402184426784515,0.5292544960975647,0.3160322904586792
7399,0.00014936234219931066,0.02216733992099762,0.15875624120235443,0.8189270496368408
7401,0.0006062648026272655,0.11920104920864105,0.41605252027511597,0.4641401469707489
7403,0.0007799198501743376,0.2031482309103012,0.5352243185043335,0.2608474791049957
7405,0.00012002320727333426,0.014091260731220245,0.0863194391131401,0.8994691967964172
7407,0.0011120510753244162,0.13470418751239777,0.40848538279533386,0.4556984007358551
7409,0.00036629525129683316,0.038549162447452545,0.1868039220571518,0.7742806673049927
7411,0.00013493021833710372,0.019714955240488052,0.11523834615945816,0.8649117946624756
7413,0.00031019499874673784,0.027922863140702248,0.15574122965335846,0.8160257339477539
7415,0.00030142211471684277,0.033767759799957275,0.19738012552261353,0.7685506343841553
7417,0.000717618502676487,0.09546959400177002,0.39571046829223633,0.508102297782898
7419,0.0004716183466371149,0.06575362384319305,0.29011860489845276,0.6436561942100525
7421,0.0011661122553050518,0.2557755708694458,0.6330506205558777,0.11000768840312958
7423,0.00012642721412703395,0.010201516561210155,0.05689949169754982,0.9327726364135742
7425,7.175255450420082e-05,0.009545722976326942,0.06128089874982834,0.9291016459465027
7427,0.0006507331854663789,0.06742186844348907,0.30216383934020996,0.6297635436058044
7429,0.0011375274043530226,0.26559749245643616,0.5535527467727661,0.17971226572990417
7431,0.00021750517771579325,0.01868259534239769,0.09487804025411606,0.8862218260765076
7433,0.0002955982054118067,0.02922416292130947,0.1555350124835968,0.8149451613426208
7435,0.00039631029358133674,0.09109857678413391,0.4082754850387573,0.5002295970916748
7437,0.00018197456665802747,0.018274134024977684,0.08718101680278778,0.8943629264831543
7439,6.298650259850547e-05,0.004347235895693302,0.027049409225583076,0.9685403108596802
7441,0.00040416730917058885,0.07465098053216934,0.2998998761177063,0.6250450015068054
7443,7.7739343396388e-05,0.010342185385525227,0.10123870521783829,0.8883414268493652
7445,0.0002639215672388673,0.031969159841537476,0.2052331566810608,0.7625336647033691
7447,0.00012512918328866363,0.014017987996339798,0.07697389274835587,0.9088829755783081
7449,0.0048810257576406,0.33688119053840637,0.47507864236831665,0.18315912783145905
7451,0.0004757654096465558,0.10936268419027328,0.4901295304298401,0.40003207325935364
7453,0.00020535568182822317,0.03619290888309479,0.2251998335123062,0.7384018898010254
7455,0.0002728444815147668,0.024560676887631416,0.12279566377401352,0.8523707985877991
7457,0.0008568823686800897,0.46517810225486755,0.49517950415611267,0.038785453885793686
7459,0.00033898293622769415,0.06068487465381622,0.389580100774765,0.5493960380554199
7461,0.0017417770577594638,0.11293142288923264,0.31181368231773376,0.5735131502151489
7463,0.00025720836129039526,0.026649124920368195,0.1440637856721878,0.82902991771698
7465,0.000152075823280029,0.014572321437299252,0.06952065229415894,0.915755033493042
7467,0.0013055138988420367,0.29544174671173096,0.5875560641288757,0.11569664627313614
7469,0.00026144456933252513,0.0231696218252182,0.10713524371385574,0.8694336414337158
7471,0.0010006242664530873,0.13105593621730804,0.3733435869216919,0.4945998787879944
7473,0.00014961414854042232,0.013053474016487598,0.07167767733335495,0.9151192307472229
7475,0.002344621578231454,0.271001398563385,0.49844783544540405,0.22820605337619781
7477,4.1689705540193245e-05,0.003637326881289482,0.033974967896938324,0.9623459577560425
7479,9.443805902265012e-05,0.007862179540097713,0.06898843497037888,0.9230550527572632
7481,0.0002503292344044894,0.024748669937253,0.10258037596940994,0.8724206686019897
7483,9.512886754237115e-05,0.010657111182808876,0.05944058299064636,0.929807186126709
7485,0.0009690106380730867,0.13938923180103302,0.40968775749206543,0.44995397329330444
7487,0.0005703138886019588,0.11936447769403458,0.4947519898414612,0.3853132426738739
7489,0.0010906581301242113,0.5307448506355286,0.44693198800086975,0.021232467144727707
7491,0.0005198119906708598,0.13969506323337555,0.5030612945556641,0.3567238450050354
7493,0.0002904006978496909,0.04377799853682518,0.21548286080360413,0.7404487133026123
7495,0.0018972503021359444,0.30925172567367554,0.5098698735237122,0.17898117005825043
7497,3.1673404009779915e-05,0.002085945103317499,0.014033845625817776,0.9838485717773438
7499,0.0002749747654888779,0.04145253077149391,0.246115043759346,0.7121574282646179
7501,0.0004831433470826596,0.1641339808702469,0.5381746292114258,0.2972082197666168
7503,0.0007834468851797283,0.11996475607156754,0.35814860463142395,0.5211031436920166
7505,2.893260716518853e-05,0.0017899969825521111,0.011137736029922962,0.9870433211326599
7507,0.0011823015520349145,0.2675584554672241,0.5664212703704834,0.16483797132968903
7509,0.0011449998710304499,0.2286699116230011,0.5485506057739258,0.22163447737693787
7511,0.00029711611568927765,0.023602858185768127,0.10414069145917892,0.8719593286514282
7513,5.79358747927472e-05,0.0035843655932694674,0.01792070083320141,0.9784371256828308
7515,0.0006075320998206735,0.04394327849149704,0.176535964012146,0.7789131999015808
7517,0.0001588916638866067,0.011314582079648972,0.061166055500507355,0.927360475063324
7519,0.00032388148247264326,0.018244659528136253,0.07444960623979568,0.9069818258285522
7521,0.0006147941458038986,0.20562048256397247,0.6433295607566833,0.15043514966964722
7523,4.246790922479704e-05,0.003822839120402932,0.031023452058434486,0.965111255645752
7525,0.0003361497074365616,0.02670367807149887,0.1023656576871872,0.8705945014953613
7527,0.00019175413763150573,0.023593205958604813,0.14452588558197021,0.8316891193389893
7529,0.00017913160263560712,0.01562880165874958,0.08993753790855408,0.8942545056343079
7531,0.0007571776513941586,0.3684638738632202,0.5980759263038635,0.03270303085446358
7533,0.0017839543288573623,0.2487211674451828,0.5265426635742188,0.2229522168636322
7535,0.0008063995046541095,0.08097974956035614,0.31042709946632385,0.6077867150306702
7537,0.00020391648286022246,0.03221574425697327,0.23435340821743011,0.7332268953323364
7539,9.246242552762851e-05,0.008067124523222446,0.08809555321931839,0.9037448763847351
7541,0.0002223239280283451,0.02735447697341442,0.13464345037937164,0.837779700756073
7543,0.00036044963053427637,0.07662872225046158,0.3655751943588257,0.5574355721473694
7545,0.0008674627169966698,0.37839633226394653,0.5336244106292725,0.08711178600788116
7547,0.00020015913469251245,0.023135250434279442,0.13523073494434357,0.8414338827133179
7549,0.00033646542578935623,0.04075649380683899,0.21354874968528748,0.7453583478927612
7551,0.000842059263959527,0.11924976855516434,0.42277708649635315,0.4571310579776764
7553,4.49592262157239e-05,0.005707325879484415,0.049303777515888214,0.9449439644813538
7555,0.0007816317956894636,0.11069222539663315,0.39243802428245544,0.4960881173610687
7557,0.0014576183166354895,0.1510225087404251,0.4369981288909912,0.4105217456817627
7559,0.0016508899861946702,0.2733326256275177,0.5186941623687744,0.20632228255271912
7561,0.0010348623618483543,0.07967998832464218,0.24162660539150238,0.6776584982872009
7563,0.0002547129988670349,0.043510712683200836,0.3067804276943207,0.6494541168212891
7565,0.0002064142026938498,0.03111700713634491,0.20290839672088623,0.7657682299613953
7567,0.0024396940134465694,0.3794594407081604,0.4949083924293518,0.1231924444437027
7569,0.00012996449368074536,0.012649670243263245,0.08644481003284454,0.9007754921913147
7571,0.0005379031645134091,0.06515689939260483,0.26588085293769836,0.6684243679046631
7573,0.0005531753995455801,0.11577745527029037,0.527049720287323,0.3566196858882904
7575,0.0008929279283620417,0.10648462176322937,0.3602328598499298,0.5323895812034607
7577,9.924838377628475e-05,0.008262650109827518,0.051411937922239304,0.9402260780334473
7579,8.733681897865608e-05,0.007047280203551054,0.04055430367588997,0.9523111581802368
7581,0.0001580064999870956,0.025755053386092186,0.16025333106517792,0.8138336539268494
7583,0.0007044905796647072,0.2978513836860657,0.601676344871521,0.09976771473884583
7585,5.725563460146077e-05,0.004692759830504656,0.02830096334218979,0.9669490456581116
7587,3.5983084671897814e-05,0.0029956726357340813,0.0258786603808403,0.9710896015167236
7589,0.0005712226848118007,0.11770117282867432,0.4511946737766266,0.4305329918861389
7591,0.00035502787795849144,0.040399447083473206,0.17276650667190552,0.7864789962768555
7593,3.882461169268936e-05,0.0024782412219792604,0.013189539313316345,0.9842934012413025
7595,0.00011491393524920568,0.01136090699583292,0.07180313766002655,0.9167210459709167
7597,0.00010294817911926657,0.006886722519993782,0.03285471722483635,0.9601556062698364
7599,0.0006674416945315897,0.12136732786893845,0.4800170958042145,0.39794817566871643
7601,2.0250281522748992e-05,0.0014196542324498296,0.008972491137683392,0.989587664604187
7603,0.0004132560861762613,0.045578546822071075,0.1831054538488388,0.770902693271637
7605,0.0014735356671735644,0.2364625334739685,0.5328765511512756,0.22918735444545746
7607,0.00021913200907874852,0.016872230917215347,0.06171605363488197,0.9211925864219666
7609,9.930947999237105e-05,0.0066433134488761425,0.037636931985616684,0.9556204080581665
7611,0.0005484931753017008,0.10784225910902023,0.40068262815475464,0.490926593542099
7613,0.0009692069725133479,0.11202509701251984,0.38494402170181274,0.502061665058136
7615,7.365084456978366e-05,0.00500446418300271,0.026221517473459244,0.9687003493309021
7617,0.00022684842406306416,0.04822617024183273,0.3453822135925293,0.6061646938323975
7619,3.6200013710185885e-05,0.002744034631177783,0.020275823771953583,0.9769439101219177
7621,5.522293213289231e-05,0.005811699200421572,0.06151296943426132,0.9326201677322388
7623,0.0003573299036361277,0.034779537469148636,0.160818949341774,0.8040441870689392
7625,0.0008154870592989028,0.47867900133132935,0.47867900133132935,0.04182650148868561
7627,8.256921864813194e-05,0.006066347472369671,0.035459164530038834,0.9583917856216431
7629,0.00028888709493912756,0.06238224729895592,0.5305455327033997,0.4067833721637726
7631,0.0003458242863416672,0.09893128275871277,0.4503614604473114,0.4503614604473114
7633,6.883093737997115e-05,0.006804933771491051,0.04437374696135521,0.9487525224685669
7635,5.553330629481934e-05,0.003544785548001528,0.028766965493559837,0.9676327705383301
7637,5.161108492757194e-05,0.00361821660771966,0.02396528236567974,0.9723649621009827
7639,9.921903983922675e-05,0.00695579219609499,0.038194816559553146,0.9547501802444458
7641,0.00015830734628252685,0.023494891822338104,0.1736050844192505,0.8027417659759521
7643,0.00016983288514893502,0.014587786979973316,0.06851547211408615,0.9167269468307495
7645,0.0013540292857214808,0.3112463355064392,0.5635943412780762,0.12380524724721909
7647,0.0007372219697572291,0.18323303759098053,0.5732854008674622,0.2427443265914917
7649,0.00037576150498352945,0.07273512333631516,0.3636527359485626,0.5632363557815552
7651,0.0007904688245616853,0.13293640315532684,0.4094729721546173,0.4568001329898834
7653,0.0001652476203162223,0.022681845352053642,0.1649990677833557,0.8121538758277893
7655,0.0001575454807607457,0.020959332585334778,0.11508937180042267,0.863793671131134
7657,0.00015020575665403157,0.018481142818927765,0.10470280051231384,0.8766657710075378
7659,0.00011011561582563445,0.014880112372338772,0.10656718164682388,0.878442645072937
7661,0.0019546905532479286,0.41555163264274597,0.5091444849967957,0.07334922254085541
7663,3.342312265885994e-05,0.0027825497090816498,0.021886451169848442,0.9752976298332214
7665,0.0006472476525232196,0.1105644628405571,0.43051132559776306,0.4582769274711609
7667,0.0007456131279468536,0.14208871126174927,0.45866796374320984,0.39849764108657837
7669,7.602127152495086e-05,0.007634161040186882,0.052991580218076706,0.939298152923584
7671,0.0002420851233182475,0.03428332507610321,0.197286918759346,0.7681877017021179
7673,0.00043579746852628887,0.07561632990837097,0.4152153730392456,0.5087324976921082
7675,0.00021359071251936257,0.035363540053367615,0.22003933787345886,0.7443835139274597
7677,0.0009944695048034191,0.11859380453824997,0.38885411620140076,0.49155762791633606
7679,0.0005371086299419403,0.05310096591711044,0.21332567930221558,0.7330361604690552
7681,0.00012558030721265823,0.01953221671283245,0.12344741076231003,0.856894850730896
7683,5.5299708037637174e-05,0.007356890477240086,0.07315001636743546,0.9194377660751343
7685,3.089259553235024e-05,0.00269530457444489,0.02256750874221325,0.9747062921524048
7687,0.0001602929551154375,0.01941649429500103,0.12860527634620667,0.8518179655075073
7689,0.0007407298544421792,0.10327348113059998,0.3548714518547058,0.541114330291748
7691,0.00020745626534335315,0.02149435132741928,0.17172858119010925,0.8065696358680725
7693,0.0002849927986972034,0.045024577528238297,0.2049638330936432,0.7497265338897705
7695,5.7670240494189784e-05,0.006164832506328821,0.0349261537194252,0.9588512778282166
7697,3.1807838240638375e-05,0.0025268099270761013,0.02473471313714981,0.97270667552948
7699,0.00012055907427566126,0.010852381587028503,0.05686241015791893,0.93216472864151
7701,0.00018383811402600259,0.05426069721579552,0.49123626947402954,0.4543192684650421
7703,0.0004424757498782128,0.07441297918558121,0.2721913754940033,0.6529531478881836
7705,0.00020083782146684825,0.024327747523784637,0.11788888275623322,0.8575826287269592
7707,0.000573112047277391,0.17182061076164246,0.7233917713165283,0.10421447455883026
7709,3.5842294892063364e-05,0.002287874696776271,0.015153755433857441,0.9825226068496704
7711,0.0001824915234465152,0.023901673033833504,0.14641550183296204,0.8295003175735474
7713,0.00018289676518179476,0.010143080726265907,0.04763970896601677,0.9420343041419983
7715,0.00037128798430785537,0.06543764472007751,0.26288658380508423,0.6713044047355652
7717,0.0003355533699505031,0.032153643667697906,0.12519854307174683,0.8423122763633728
7719,0.0020695833954960108,0.18923170864582062,0.4264402389526367,0.3822585344314575
7721,0.0001350802049273625,0.01314758975058794,0.07929010689258575,0.9074272513389587
7723,8.288921526400372e-05,0.005902491509914398,0.03190857172012329,0.9621059894561768
7725,5.8556390285957605e-05,0.004508592188358307,0.021848013624548912,0.973584771156311
7727,0.0006470324005931616,0.2822423577308655,0.6164739727973938,0.10063660889863968
7729,3.839890632661991e-05,0.0035662823356688023,0.022894546389579773,0.9735008478164673
7731,0.00017952971393242478,0.009208118543028831,0.05135875940322876,0.939253568649292
7733,0.00010492949513718486,0.01194017007946968,0.09689795225858688,0.8910569548606873
7735,0.00021748470317106694,0.033302191644907,0.14693617820739746,0.8195441365242004
7737,0.0003639405476860702,0.05486416071653366,0.2658641040325165,0.6789077520370483
7739,0.0002669795067049563,0.06431491672992706,0.3531583845615387,0.5822597742080688
7741,6.625919922953472e-05,0.004502213094383478,0.023224180564284325,0.9722073078155518
7743,0.00024631244014017284,0.01926366239786148,0.0948190689086914,0.8856710195541382
7745,6.601276982109994e-05,0.009348519146442413,0.10867293924093246,0.8819125294685364
7747,0.00024631244014017284,0.01926366239786148,0.0948190689086914,0.8856710195541382
7749,6.21054059593007e-05,0.006140017881989479,0.03880610689520836,0.9549916982650757
7751,0.0002076329110423103,0.02594921551644802,0.1665867567062378,0.8072564005851746
7753,0.0002890627074521035,0.031386829912662506,0.20789086818695068,0.7604331970214844
7755,0.00039435410872101784,0.047768618911504745,0.23882807791233063,0.7130089402198792
7757,0.0005929272156208754,0.13210095465183258,0.5649240612983704,0.30238208174705505
7759,0.0006251892191357911,0.19338324666023254,0.6645093560218811,0.14148220419883728
7761,8.731136040296406e-05,0.012757256627082825,0.09280266612768173,0.8943527936935425
7763,0.00018664897652342916,0.023326721042394638,0.12808889150619507,0.8483977317810059
7765,0.0003590353881008923,0.08785305917263031,0.4062284529209137,0.505559504032135
7767,0.0004009736585430801,0.07883762568235397,0.40667545795440674,0.5140858888626099
7769,0.0004747798666357994,0.05318870022892952,0.23467956483364105,0.7116569876670837
7771,0.0054141138680279255,0.5609513521194458,0.3977740705013275,0.035860419273376465
7773,7.164983981056139e-05,0.008026797324419022,0.06412989646196365,0.9277716875076294
7775,0.0045024012215435505,0.2742350995540619,0.42474365234375,0.29651883244514465
7777,0.00013112665328662843,0.010916587896645069,0.05127269774675369,0.937679648399353
7779,5.62518325750716e-05,0.006204087287187576,0.0437430813908577,0.9499965310096741
7781,0.0003320627729408443,0.053287070244550705,0.2972114384174347,0.649169385433197
7783,0.0015974517446011305,0.2092249095439911,0.4941231310367584,0.2950544059276581
7785,3.587940591387451e-05,0.0033322847448289394,0.028340255841612816,0.9682915806770325
7787,0.00021385401487350464,0.029815800487995148,0.15141712129116058,0.8185532093048096
7789,0.0010817870497703552,0.168256476521492,0.4573684632778168,0.37329328060150146
7791,6.072804535506293e-05,0.007356066722422838,0.058771103620529175,0.933812141418457
7793,0.00017351662972941995,0.029640546068549156,0.20574617385864258,0.7644397616386414
7795,0.000274052144959569,0.046088483184576035,0.20980700850486755,0.7438304424285889
7797,0.0007610928732901812,0.1862332671880722,0.5918481349945068,0.221157506108284
7799,0.0006642859079875052,0.12659049034118652,0.5006750822067261,0.3720701336860657
7801,8.017595246201381e-05,0.00792655348777771,0.06138056889176369,0.9306128025054932
7803,0.0004682461149059236,0.08923191577196121,0.4976956248283386,0.4126041829586029
7805,0.0006124059436842799,0.17795222997665405,0.6715846657752991,0.14985080063343048
7807,0.00016663939459249377,0.016474716365337372,0.0978148877620697,0.8855437636375427
7809,0.00020131967903580517,0.034389935433864594,0.19483225047588348,0.7705764770507812
7811,0.0001433750439900905,0.012124262750148773,0.06868862360715866,0.9190436601638794
7813,0.00035653566010296345,0.04057101905345917,0.19355350732803345,0.7655189633369446
7815,0.0012243530945852399,0.1733890026807785,0.464013010263443,0.3613736927509308
7817,0.00045757825137116015,0.07458524405956268,0.3907987177371979,0.5341585278511047
7819,0.001773015595972538,0.20175553858280182,0.48398637771606445,0.31248509883880615
7821,0.0006393723888322711,0.6285130381584167,0.363755464553833,0.0070921024307608604
7823,0.00014167373592499644,0.02070026658475399,0.13926748931407928,0.8398904800415039
7825,0.0010222449200227857,0.23868057131767273,0.5463452339172363,0.21395187079906464
7827,0.00013601510727312416,0.011501884087920189,0.06026555970311165,0.9280965328216553
7829,0.00019988439453300089,0.026179688051342964,0.19648948311805725,0.7771309614181519
7831,7.135611667763442e-05,0.00603410555049777,0.040596332401037216,0.9532981514930725
7833,6.41200240352191e-05,0.007646525278687477,0.06605590134859085,0.9262335300445557
7835,0.00022869360691402107,0.02123982459306717,0.13010969758033752,0.8484217524528503
7837,0.0001926497061504051,0.02091817371547222,0.1301572620868683,0.8487318754196167
7839,0.0002842495159711689,0.039016008377075195,0.22452162206172943,0.7361781001091003
7841,0.0003317579685244709,0.03279908373951912,0.14699529111385345,0.8198738098144531
7843,0.0010825267527252436,0.13742081820964813,0.51058030128479,0.3509163558483124
7845,0.00045607006177306175,0.3229156732559204,0.6322381496429443,0.044390082359313965
7847,0.00029541258118115366,0.2483881711959839,0.7187349796295166,0.03258143737912178
7849,0.0007366054342128336,0.28355953097343445,0.5639254450798035,0.1517784744501114
7851,0.0003008911735378206,0.03532596677541733,0.18509483337402344,0.7792783379554749
7853,0.00040401588194072247,0.05291564017534256,0.26045989990234375,0.6862204670906067
7855,0.0005430667079053819,0.12483300268650055,0.6144495606422424,0.26017433404922485
7857,0.0004937484627589583,0.03922329843044281,0.16005554795265198,0.8002274036407471
7859,0.00010738174023572356,0.010783420875668526,0.07722782343626022,0.9118813276290894
7861,0.00011347942927386612,0.03097688965499401,0.21840831637382507,0.750501275062561
7863,7.427822129102424e-05,0.005719105713069439,0.032400939613580704,0.9618057608604431
7865,0.0005380235379561782,0.09783399105072021,0.3809419870376587,0.5206859707832336
7867,0.0003671366721391678,0.036296773701906204,0.19930851459503174,0.7640275955200195
7869,0.00019840680761262774,0.027662131935358047,0.22448620200157166,0.7476532459259033
7871,0.0004143861588090658,0.08672939985990524,0.49909326434135437,0.4137628674507141
7873,9.184056398225948e-05,0.007295799441635609,0.03705112636089325,0.9555612206459045
7875,0.00011491073382785544,0.00733494758605957,0.031861562281847,0.960688591003418
7877,0.0003768782189581543,0.09078934043645859,0.47570210695266724,0.43313169479370117
7879,0.0010159926023334265,0.26463887095451355,0.5345852375030518,0.19975991547107697
7881,0.00010781524906633422,0.007558432873338461,0.03283233195543289,0.9595013856887817
7883,0.0008830959559418261,0.12121351808309555,0.36757543683052063,0.510327935218811
7885,0.0002745247329585254,0.03768119588494301,0.16887539625167847,0.7931689023971558
7887,0.00032850296702235937,0.04580029845237732,0.25947636365890503,0.6943947672843933
7889,0.00013158044021110982,0.014512177556753159,0.08751963078975677,0.8978366255760193
7891,0.00010459131590323523,0.010503202676773071,0.058582160621881485,0.9308100342750549
7893,0.0008285666699521244,0.15789686143398285,0.5597929954528809,0.2814815938472748
7895,0.00014866462151985615,0.012376663275063038,0.06384368240833282,0.9236310124397278
7897,0.00030734733445569873,0.08930864185094833,0.5733367204666138,0.337047278881073
7899,6.328418385237455e-05,0.007546850014477968,0.049211643636226654,0.9431781768798828
7901,9.642053191782907e-05,0.006654803641140461,0.03597553074359894,0.9572733044624329
7903,8.738251926843077e-05,0.007274790201336145,0.05460032820701599,0.9380375146865845
7905,0.0006015691324137151,0.05764399841427803,0.2503941059112549,0.6913602948188782
7907,0.00048827403225004673,0.06295980513095856,0.2490108758211136,0.6875410676002502
7909,0.0001412172132404521,0.019082924351096153,0.1304081231355667,0.8503677248954773
7911,0.001431514392606914,0.2522972524166107,0.4939740002155304,0.2522972524166107
7913,0.0017667511710897088,0.24250377714633942,0.4975854456424713,0.25814393162727356
7915,0.00018261399236507714,0.01862713322043419,0.09759919345378876,0.8835909962654114
7917,0.0006289114244282246,0.08768361061811447,0.3309144973754883,0.5807730555534363
7919,9.172980207949877e-05,0.007287000771611929,0.053009286522865295,0.9396120309829712
7921,0.0005306689417921007,0.11823015660047531,0.47497308254241943,0.4062660336494446
7923,0.00011515698861330748,0.006189882289618254,0.03094746731221676,0.9627474546432495
7925,0.00010513752204133198,0.020997194573283195,0.17857593297958374,0.8003217577934265
7927,7.654893124708906e-05,0.011721501126885414,0.09968844801187515,0.8885135054588318
7929,2.2613668988924474e-05,0.002166903577744961,0.022579653188586235,0.9752308130264282
7931,0.0009087658836506307,0.27674105763435364,0.6139768362045288,0.10837335139513016
7933,0.0016433729324489832,0.2556031048297882,0.5670801997184753,0.17567326128482819
7935,0.00013356456474866718,0.014277784153819084,0.10225347429513931,0.8833352327346802
7937,0.00042210257379338145,0.039202600717544556,0.1729699820280075,0.787405252456665
7939,0.00283362646587193,0.22510282695293427,0.46915459632873535,0.3029089868068695
7941,0.0007028519175946712,0.12780632078647614,0.4899316728115082,0.3815591633319855
7943,3.067017314606346e-05,0.0021168102975934744,0.014924965798854828,0.9829275012016296
7945,0.0002989314089063555,0.02690894342958927,0.12249667197465897,0.8502954244613647
7947,0.0004790177335962653,0.07807987183332443,0.34450453519821167,0.5769365429878235
7949,0.0002601314918138087,0.04584687575697899,0.247845858335495,0.7060471177101135
7951,0.0003863942401949316,0.07716746628284454,0.32488715648651123,0.5975589752197266
7953,0.0005681312759406865,0.19604559242725372,0.6133723855018616,0.19001388549804688
7955,0.0010609416058287024,0.12455929070711136,0.36610013246536255,0.5082796812057495
7957,0.00030467199394479394,0.019753990694880486,0.0858074352145195,0.8941339254379272
7959,4.190239269519225e-05,0.0025522178038954735,0.014918286353349686,0.9824876189231873
7961,0.0008927104063332081,0.13248997926712036,0.6031295657157898,0.2634877860546112
7963,0.00022238699602894485,0.029126949608325958,0.14562559127807617,0.8250251412391663
7965,0.000283126748399809,0.04614964872598648,0.2962679862976074,0.6572992205619812
7967,0.0005584799218922853,0.20196376740932465,0.5576398372650146,0.2398379147052765
7969,0.000622906256467104,0.08417439460754395,0.3488931655883789,0.5663095116615295
7971,0.00015717875794507563,0.011192606762051582,0.056840743869543076,0.9318095445632935
7973,0.00012332358164712787,0.008781798183918,0.037554990500211716,0.9535399079322815
7975,0.0002169778454117477,0.034279242157936096,0.18531183898448944,0.7801918983459473
7977,0.00023767113452777267,0.026213059201836586,0.1580849587917328,0.8154643177986145
7979,0.0010306502226740122,0.4785759150981903,0.4785759150981903,0.041817497462034225
7981,3.302135883131996e-05,0.003421312663704157,0.032971687614917755,0.9635739326477051
7983,9.072760440176353e-05,0.004106645006686449,0.02185612916946411,0.9739465117454529
7985,0.00031204152037389576,0.04419033229351044,0.2749614715576172,0.680536150932312
7987,8.490354230161756e-05,0.008935307152569294,0.050621964037418365,0.9403578639030457
7989,0.0005884161219000816,0.1791868656873703,0.6762440800666809,0.14398066699504852
7991,0.00013115564070176333,0.014924504794180393,0.09000629186630249,0.894938051700592
7993,4.4852546125184745e-05,0.00410107895731926,0.03830671310424805,0.9575472474098206
7995,0.0002349557908019051,0.032249968498945236,0.13577744364738464,0.8317376375198364
7997,0.00017133766959886998,0.025428766384720802,0.15822307765483856,0.8161767721176147
7999,0.0007484396919608116,0.16161797940731049,0.4901004433631897,0.3475332260131836
8001,7.297129923244938e-05,0.004175298381596804,0.020875178277492523,0.9748765230178833
8003,0.002565716626122594,0.2273777723312378,0.5124037265777588,0.25765275955200195
8005,0.0029654218815267086,0.17234863340854645,0.45407813787460327,0.37060779333114624
8007,0.004338114522397518,0.15777814388275146,0.36684516072273254,0.4710385203361511
8009,0.0012945387279614806,0.09363502264022827,0.4067319929599762,0.4983384609222412
8011,0.00019603539840318263,0.022658610716462135,0.2149789035320282,0.762166440486908
8013,0.004226094111800194,0.32034650444984436,0.5892074108123779,0.08622008562088013
8015,0.002722533419728279,0.19692303240299225,0.4437728822231293,0.35658153891563416
8017,0.00010818964074132964,0.007948675192892551,0.05873320624232292,0.933210015296936
8019,0.00022876716684550047,0.017341013997793198,0.12037049978971481,0.8620597124099731
8021,0.0001114939950639382,0.006280599161982536,0.03189551457762718,0.9617123603820801
8023,0.0007518367492593825,0.03679599240422249,0.21174630522727966,0.7507058382034302
8025,0.00013326990301720798,0.009791319258511066,0.08071070164442062,0.909364640712738
8027,0.0003263484104536474,0.03713594004511833,0.26183390617370605,0.7007037997245789
8029,0.00013789358490612358,0.007647295948117971,0.03648320585489273,0.9557315707206726
8031,8.060760592343286e-05,0.004987016320228577,0.029609279707074165,0.9653230309486389
8033,3.66567874152679e-05,0.0012921963352710009,0.009400081820786,0.9892710447311401
8035,3.537829252309166e-05,0.002293818863108754,0.012595543637871742,0.9850753545761108
8037,0.00035683406167663634,0.03366271033883095,0.1877555102109909,0.7782249450683594
8039,0.0004975036135874689,0.0651601180434227,0.4452885687351227,0.4890538156032562
8041,0.0016263483557850122,0.054705388844013214,0.176591157913208,0.7670770287513733
8043,0.0011126067256554961,0.17854321002960205,0.5166319012641907,0.30371221899986267
8045,0.0003849657659884542,0.035753536969423294,0.19941721856594086,0.7644442915916443
8047,7.785002526361495e-05,0.0045958515256643295,0.03343251720070839,0.9618937373161316
8049,0.004388789180666208,0.43389537930488586,0.5152634978294373,0.04645241051912308
8051,0.0001014357985695824,0.013707193545997143,0.11123784631490707,0.8749535083770752
8053,0.0006805453449487686,0.07866034656763077,0.320983350276947,0.5996757745742798
8055,0.005592310335487127,0.43058401346206665,0.48035117983818054,0.08347251266241074
8057,0.000553334888536483,0.03477272018790245,0.1607874184846878,0.8038865327835083
8059,0.00010885133087867871,0.01163598895072937,0.06389414519071579,0.9243610501289368
8061,0.00033754153992049396,0.029449690133333206,0.16171060502529144,0.808502197265625
8063,8.33602316561155e-05,0.005321025848388672,0.02702239900827408,0.9675731658935547
8065,0.0010750897927209735,0.21808919310569763,0.6212782859802246,0.15955746173858643
8067,0.025563836097717285,0.6002994775772095,0.32637715339660645,0.0477595329284668
8069,0.0001385808427585289,0.014135629869997501,0.11118533462285995,0.8745404481887817
8071,0.004409208428114653,0.2685588598251343,0.4862973093986511,0.24073462188243866
8073,0.0004018940671812743,0.02525586076080799,0.11143408715724945,0.862908124923706
8075,0.000690818706061691,0.06516987085342407,0.306087851524353,0.6280514597892761
8077,0.0005086136516183615,0.043010033667087555,0.2514033317565918,0.7050780057907104
8079,8.926061855163425e-05,0.004437339957803488,0.022185303270816803,0.9732880592346191
8081,0.0004955209442414343,0.052970197051763535,0.24878883361816406,0.6977455019950867
8083,2.7203741410630755e-05,0.0012507259380072355,0.010804623365402222,0.9879174828529358
8085,0.0018320688977837563,0.42113184928894043,0.5492594838142395,0.027776654809713364
8087,0.00044087774585932493,0.039686545729637146,0.1751052737236023,0.7847673296928406
8089,0.00010081309301313013,0.007178840227425098,0.06705497950315475,0.9256654381752014
8091,0.0011457903310656548,0.09538961201906204,0.3714241087436676,0.5320404767990112
8093,2.9919279768364504e-05,0.0015587322413921356,0.009111139923334122,0.9893002510070801
8095,8.258692832896486e-05,0.0036802152171730995,0.022544050589203835,0.9736931324005127
8097,0.06356744468212128,0.5937607884407043,0.2939329147338867,0.04873885586857796
8099,0.0005278696771711111,0.0475173145532608,0.19695378839969635,0.7550010085105896
8101,0.0004647208843380213,0.057178713381290436,0.35577791929244995,0.5865786075592041
8103,0.00011223350156797096,0.011270641349256039,0.06485806405544281,0.9237590432167053
8105,0.00036236108280718327,0.021060220897197723,0.13732987642288208,0.8412474989891052
8107,4.0298251406056806e-05,0.002869614865630865,0.022221334278583527,0.9748687148094177
8109,4.8287180106854066e-05,0.0022550243884325027,0.01403123326599598,0.983665406703949
8111,0.00033329479629173875,0.011037208139896393,0.06975730508565903,0.9188722372055054
8113,0.0005464339628815651,0.07500337809324265,0.3157760202884674,0.6086742281913757
8115,0.00027456844691187143,0.012045550160109997,0.06022396311163902,0.9274559617042542
8117,0.00026752505800686777,0.03396083414554596,0.2048100382089615,0.7609615921974182
8119,5.748217154177837e-05,0.004093271680176258,0.02507432922720909,0.9707748293876648
8121,0.00022778630955144763,0.02512284740805626,0.12959350645542145,0.8450558185577393
8123,5.5314241762971506e-05,0.0030200553592294455,0.01793089509010315,0.9789936542510986
8125,0.0002773496671579778,0.011793208308517933,0.03632563725113869,0.9516037702560425
8127,0.0011858397629112005,0.14141534268856049,0.5336958765983582,0.32370293140411377
8129,0.0003057783469557762,0.026678424328565598,0.15594138205051422,0.8170744180679321
8131,0.0004476104222703725,0.030893413349986076,0.1593603491783142,0.8092986345291138
8133,0.00129733607172966,0.2758032977581024,0.6024097800254822,0.12048953771591187
8135,0.00016286529717035592,0.013558899983763695,0.07925481349229813,0.9070233106613159
8137,0.001615098211914301,0.35983508825302124,0.5401763916015625,0.09837343543767929
8139,8.514367800671607e-05,0.004435808397829533,0.022526893764734268,0.9729520678520203
8141,0.0003172100114170462,0.06434819102287292,0.388069212436676,0.547265350818634
8143,3.4269047318957746e-05,0.002087281085550785,0.013399766758084297,0.9844787120819092
8145,5.747143950429745e-05,0.0024058609269559383,0.011658468283712864,0.9858782291412354
8147,0.0001908226404339075,0.16044704616069794,0.7775042057037354,0.061857856810092926
8149,8.325263479491696e-05,0.006116557400673628,0.042457327246665955,0.9513428211212158
8151,0.008274407126009464,0.22716288268566132,0.4588816463947296,0.30568110942840576
8153,0.00010140081576537341,0.00589335709810257,0.03338814526796341,0.9606171250343323
8155,0.0005445359274744987,0.04000696912407875,0.21627561748027802,0.743172824382782
8157,3.305266363895498e-05,0.00262569822371006,0.017665205523371696,0.9796760082244873
8159,3.9463262510253116e-05,0.0019926989916712046,0.012994029559195042,0.9849737882614136
8161,0.0021065426990389824,0.1431364119052887,0.43405577540397644,0.420701265335083
8163,0.0004787726793438196,0.07217513024806976,0.31351450085639954,0.6138315796852112
8165,8.112145587801933e-05,0.0044988300651311874,0.02394339069724083,0.971476674079895
8167,0.0024367470759898424,0.4571624994277954,0.48664695024490356,0.053753774613142014
8169,0.00015625308151356876,0.015208382159471512,0.10073283314704895,0.8839025497436523
8171,4.595866266754456e-05,0.00293361977674067,0.015858998522162437,0.9811614751815796
8173,0.0001355186541331932,0.00920828990638256,0.06594718247652054,0.9247090220451355
8175,0.0007203689310699701,0.07581212371587753,0.39722710847854614,0.5262404084205627
8177,7.140582602005452e-05,0.01011226698756218,0.07953913509845734,0.910277247428894
8179,0.00022373431420419365,0.032690320163965225,0.2571292519569397,0.7099566459655762
8181,0.0008118179976008832,0.11496708542108536,0.5072585940361023,0.3769625425338745
8183,0.00019825041817966849,0.012458469718694687,0.05760737881064415,0.9297359585762024
8185,4.995699418941513e-05,0.0033945024479180574,0.025477154180407524,0.9710783362388611
8187,0.0011257253354415298,0.07413794845342636,0.2213350236415863,0.7034012675285339
8189,0.0030349139124155045,0.4946908950805664,0.46471908688545227,0.037555061280727386
8191,0.0002522653085179627,0.02067605033516884,0.11353384703397751,0.8655378222465515
8193,0.0006608267431147397,0.07288343459367752,0.3531830310821533,0.5732726454734802
8195,7.202274719020352e-05,0.0038113242480903864,0.018759995698928833,0.9773567318916321
8197,0.0007036562892608345,0.1383497267961502,0.6104276180267334,0.2505189776420593
8199,0.00550096994265914,0.27346518635749817,0.5271179676055908,0.19391588866710663
8201,0.0008294315775856376,0.09586924314498901,0.4164370596408844,0.48686420917510986
8203,0.006954798009246588,0.3299056589603424,0.5190144777297974,0.1441251039505005
8205,0.001841684803366661,0.09155416488647461,0.30019453167915344,0.6064096689224243
8207,0.0005327705293893814,0.1477224975824356,0.5842538475990295,0.2674909234046936
8209,0.0022694109939038754,0.1774866282939911,0.5135746002197266,0.3066693842411041
8211,0.00010999858932336792,0.006699864286929369,0.04437660053372383,0.9488134980201721
8213,0.0012917339336127043,0.1887381225824356,0.5130433440208435,0.29692673683166504
8215,0.0015105691272765398,0.05848301947116852,0.3112546503543854,0.6287516951560974
8217,5.720736226066947e-05,0.0049912044778466225,0.04379643499851227,0.9511552453041077
8219,1.765955676091835e-05,0.0007869399851188064,0.005906312260776758,0.993289053440094
8221,0.0011532730422914028,0.03819115832448006,0.13123361766338348,0.829421877861023
8223,5.900903488509357e-05,0.003947412595152855,0.030093535780906677,0.9659000039100647
8225,0.12792037427425385,0.5556607842445374,0.2708074450492859,0.045611415058374405
8227,5.4038988309912384e-05,0.0020277979783713818,0.011134802363812923,0.9867833852767944
8229,0.0047889528796076775,0.21009543538093567,0.3986910581588745,0.38642460107803345
8231,0.00020180577121209353,0.029486291110515594,0.2886386215686798,0.6816732287406921
8233,0.00011074030044255778,0.014279251918196678,0.11588028073310852,0.86972975730896
8235,0.0006122739869169891,0.1385594606399536,0.6714399456977844,0.18938833475112915
8237,6.45228210487403e-05,0.003809083951637149,0.01934412308037281,0.9767822623252869
8239,0.008417381905019283,0.27442389726638794,0.4250360429286957,0.2921227216720581
8241,5.6950244470499456e-05,0.0052892304956912994,0.06245352700352669,0.9322003126144409
8243,0.00010611640027491376,0.006773591041564941,0.03386582434177399,0.9592544436454773
8245,0.0007372447289526463,0.05332549288868904,0.25440171360969543,0.6915355324745178
8247,0.00010449322871863842,0.007920797914266586,0.09064873307943344,0.9013259410858154
8249,0.0007963921525515616,0.13818404078483582,0.5638771653175354,0.2971423864364624
8251,0.0007085893303155899,0.0658099353313446,0.3090941309928894,0.6243873238563538
8253,0.000467261066660285,0.05234638601541519,0.2576579451560974,0.6895284056663513
8255,0.00024408705940004438,0.01122220791876316,0.06874436140060425,0.9197893738746643
8257,0.0051658242009580135,0.3565375506877899,0.4873290956020355,0.15096750855445862
8259,0.0004000303742941469,0.18003658950328827,0.7120585441589355,0.10750476270914078
8261,0.00015314739721361548,0.01008597295731306,0.08185059577226639,0.9079102873802185
8263,0.048441220074892044,0.43855100870132446,0.3931145668029785,0.11989317089319229
8265,0.00048638577573001385,0.03356963396072388,0.1652355045080185,0.8007084131240845
8267,4.466953396331519e-05,0.003386041382327676,0.027911435812711716,0.9686578512191772
8269,0.000392691174056381,0.02885095775127411,0.15354876220226288,0.8172075748443604
8271,0.00047588296001777053,0.042173489928245544,0.18607816100120544,0.7712724804878235
8273,0.0012390009360387921,0.26340171694755554,0.6220716238021851,0.11328765749931335
8275,0.00027404032880440354,0.012999293394386768,0.061054687947034836,0.9256719946861267
8277,0.00014818759518675506,0.014199741184711456,0.12076526880264282,0.8648868799209595
8279,0.00019016950682271272,0.013971722684800625,0.09399912506341934,0.8918389081954956
8281,0.0003839070850517601,0.02000075951218605,0.07431184500455856,0.9053035378456116
8283,5.034107016399503e-05,0.0026226649060845375,0.018782788887619972,0.9785441756248474
8285,2.6684127078624442e-05,0.0016252938657999039,0.014040394686162472,0.9843077063560486
8287,0.0012831949861720204,0.1995825618505478,0.5176777839660645,0.28145653009414673
8289,0.02563619799911976,0.29339075088500977,0.4010176360607147,0.2799554169178009
8291,8.38644991745241e-05,0.0043014283291995525,0.022188454866409302,0.9734262824058533
8293,0.002438978059217334,0.15568414330482483,0.450486958026886,0.3913898766040802
8295,0.00047539715887978673,0.025553395971655846,0.1277589499950409,0.8462122678756714
8297,0.002203857060521841,0.3374640941619873,0.5651460289955139,0.09518612176179886
8299,8.025189163163304e-05,0.005452995654195547,0.03340364992618561,0.9610631465911865
8301,0.0003674512554425746,0.05539339780807495,0.3393256962299347,0.6049134731292725
8303,0.00010727098560892045,0.016947204247117043,0.1271958351135254,0.8557497262954712
8305,0.00014309861580841243,0.0066827451810240746,0.03188159316778183,0.961292564868927
8307,5.8899786381516606e-05,0.0035318864975124598,0.01711503230035305,0.9792942404747009
8309,0.0015906797489151359,0.10153579711914062,0.389226496219635,0.5076470375061035
8311,0.001261384692043066,0.08307219296693802,0.2723832428455353,0.6432831883430481
8313,7.456348976120353e-05,0.006305332761257887,0.0430891290307045,0.950531005859375
8315,0.14758461713790894,0.4915318191051483,0.2889566421508789,0.07192699611186981
8317,0.0015635740710422397,0.06245674565434456,0.24319152534008026,0.6927881240844727
8319,0.0002755774767138064,0.01931947097182274,0.09216805547475815,0.888236939907074
8321,7.770059892209247e-05,0.005447233095765114,0.034427572041749954,0.9600474834442139
8323,5.298224277794361e-05,0.004143647849559784,0.028316695243120193,0.9674866199493408
8325,0.0009911695960909128,0.14036628603935242,0.4460831582546234,0.41255947947502136
8327,0.00010480165656190366,0.0061869313940405846,0.03141982853412628,0.9622884392738342
8329,0.010464843362569809,0.31064364314079285,0.520230233669281,0.15866124629974365
8331,0.00017965100414585322,0.010119972750544548,0.04981224611401558,0.9398881793022156
8333,0.007308116648346186,0.1422712802886963,0.40529313683509827,0.4451274275779724
8335,0.0004163103294558823,0.022377382963895798,0.09720291197299957,0.8800033330917358
8337,0.0003616195754148066,0.07931780070066452,0.5592449307441711,0.36107566952705383
8339,0.004918074235320091,0.2522490918636322,0.5774039030075073,0.1654289960861206
8341,0.0005943235591985285,0.21492595970630646,0.6620185375213623,0.12246112525463104
8343,0.000168276674230583,0.017709551379084587,0.12882812321186066,0.8532940149307251
8345,0.00017489443416707218,0.009111636318266392,0.061301376670598984,0.9294121265411377
8347,2.676516305655241e-05,0.0017084659775719047,0.010967879556119442,0.9872969388961792
8349,0.00018092061509378254,0.11304694414138794,0.8223599195480347,0.0644122064113617
8351,0.0004649222828447819,0.03014412522315979,0.11555423587560654,0.8538367748260498
8353,0.00019175592751707882,0.01808970794081688,0.12362071871757507,0.8580977916717529
8355,6.282951653702185e-05,0.0032225390896201134,0.015373875387012959,0.9813406467437744
8357,0.0001473712472943589,0.026797929778695107,0.29264190793037415,0.6804128289222717
8359,3.878156348946504e-05,0.002289456780999899,0.01446981355547905,0.9832020401954651
8361,5.517737736226991e-05,0.0027861834969371557,0.020587267354130745,0.9765713214874268
8363,0.00012161988706793636,0.010446533560752869,0.049064960330724716,0.9403669238090515
8365,0.0006592833669856191,0.21708154678344727,0.7117830514907837,0.07047607004642487
8367,0.0010829881066456437,0.11046779155731201,0.3855704665184021,0.5028786659240723
8369,0.005297008436173201,0.2149202823638916,0.4621511995792389,0.3176315724849701
8371,0.00010212582856183872,0.010096616111695766,0.052082307636737823,0.9377189874649048
8373,0.009147223085165024,0.25112488865852356,0.47655126452445984,0.2631765902042389
8375,0.00022230870672501624,0.009452806785702705,0.041061125695705414,0.9492638111114502
8377,5.862427860847674e-05,0.003354385495185852,0.021873343735933304,0.9747135639190674
8379,0.00023876666091382504,0.06517698615789413,0.48918044567108154,0.4454038441181183
8381,3.431613004067913e-05,0.0015291855670511723,0.012605209834873676,0.9858312606811523
8383,0.00040280009852722287,0.02868315763771534,0.14566507935523987,0.8252488970756531
8385,4.8103800509124994e-05,0.002626378322020173,0.017395835369825363,0.9799297451972961
8387,7.439379260176793e-05,0.004675061907619238,0.03194824978709221,0.9633023142814636
8389,0.0003697887877933681,0.038313478231430054,0.23839448392391205,0.7229222655296326
8391,0.0056408424861729145,0.41443178057670593,0.4845198094844818,0.09540760517120361
8393,0.01130009163171053,0.29602259397506714,0.4657089114189148,0.22696839272975922
8395,0.0013646428706124425,0.074506975710392,0.26005491614341736,0.6640734672546387
8397,0.0029383522924035788,0.29972007870674133,0.5512695908546448,0.1460719108581543
8399,0.0002989006752613932,0.019079340621829033,0.08961126953363419,0.8910104036331177
8401,0.002080993028357625,0.09718294441699982,0.2768484354019165,0.6238875985145569
8403,0.00014776941679883748,0.015796255320310593,0.08021999895572662,0.9038359522819519
8405,0.0002385030675213784,0.02395080402493477,0.13151578605175018,0.8442949652671814
8407,0.00044253995292820036,0.10999121516942978,0.6530479192733765,0.2365182787179947
8409,0.0004643624124582857,0.03465389832854271,0.21228083968162537,0.752600908279419
8411,0.00011691868712659925,0.01309818122535944,0.09678319841623306,0.8900017142295837
8413,8.275388245237991e-05,0.0036876548547297716,0.020568087697029114,0.9756615161895752
8415,0.00310047366656363,0.17194589972496033,0.4124767780303955,0.4124767780303955
8417,0.007655635941773653,0.4179835319519043,0.481096088886261,0.09326472878456116
8419,0.001665013376623392,0.18652833998203278,0.6310172080993652,0.18078947067260742
8421,0.00016150643932633102,0.015475990250706673,0.1125800833106041,0.8717823624610901
8423,0.04864883795380592,0.3651297986507416,0.41374626755714417,0.17247509956359863
8425,8.878776134224609e-05,0.005160294007509947,0.026618821546435356,0.9681320786476135
8427,9.672363376012072e-05,0.009866077452898026,0.08793539553880692,0.9021018147468567
8429,3.453845056355931e-05,0.002537534339353442,0.02059282921254635,0.9768351316452026
8431,0.00016953909653238952,0.01899314858019352,0.107603520154953,0.8732337951660156
8433,4.4052194425603375e-05,0.0037838604766875505,0.025857994332909584,0.970314085483551
8435,0.0002936653036158532,0.02296704426407814,0.10133536159992218,0.8754039406776428
8437,4.9694095650920644e-05,0.0038864873349666595,0.03009565733373165,0.9659680724143982
8439,0.0027409603353589773,0.2281910926103592,0.5223345756530762,0.2467333972454071
8441,0.0006860952125862241,0.05450328812003136,0.21556468307971954,0.7292459607124329
8443,0.0003826516040135175,0.021221071481704712,0.1568036824464798,0.8215925693511963
8445,0.000301163672702387,0.09916385263204575,0.6267347931861877,0.27380016446113586
8447,0.0006989762187004089,0.14179202914237976,0.7200793623924255,0.13742955029010773
8449,5.43493551958818e-05,0.004595959559082985,0.033433303236961365,0.9619163274765015
8451,6.700884114252403e-05,0.005755720194429159,0.041220854967832565,0.9529564380645752
8453,4.044653906021267e-05,0.004391741938889027,0.047215670347213745,0.9483521580696106
8455,0.00029875460313633084,0.02160915918648243,0.12829947471618652,0.8497925400733948
8457,0.00023303147463593632,0.015109039843082428,0.1065291091799736,0.8781287670135498
8459,5.141610381542705e-05,0.0037775326054543257,0.027479661628603935,0.9686914086341858
8461,0.0003516746510285884,0.01832151785492897,0.11223289370536804,0.8690938949584961
8463,0.00021005205053370446,0.010773615911602974,0.04904435575008392,0.9399719834327698
8465,0.0015275718178600073,0.14868119359016418,0.4875068962574005,0.3622843325138092
8467,0.0012645880924537778,0.19363915920257568,0.5603134632110596,0.24478282034397125
8469,0.0012878432171419263,0.09028477966785431,0.29144287109375,0.6169845461845398
8471,2.435146780044306e-05,0.0017613611416891217,0.01166638731956482,0.9865478873252869
8473,0.0001240737474290654,0.009115678258240223,0.0462932325899601,0.9444670677185059
8475,0.00021121151803527027,0.013067193329334259,0.07064058631658554,0.9160810112953186
8477,2.8468892196542583e-05,0.0016036891611292958,0.011849748902022839,0.9865180850028992
8479,0.00029826603713445365,0.037276215851306915,0.3220174014568329,0.6404080986976624
8481,0.0008448677253909409,0.09919124841690063,0.3802388906478882,0.51972496509552
8483,7.714008825132623e-05,0.003895191242918372,0.02789626643061638,0.968131422996521
8485,0.0015733320033177733,0.12498524785041809,0.41626444458961487,0.4571770429611206
8487,3.9395028579747304e-05,0.0022191728930920362,0.014470824040472507,0.9832707047462463
8489,0.00016643073468003422,0.012420197948813438,0.07490337640047073,0.9125099182128906
8491,3.3959477150347084e-05,0.00282720266841352,0.021553488448262215,0.975585401058197
8493,0.00010631427721818909,0.007933896966278553,0.060484934598207474,0.9314749240875244
8495,0.00406466331332922,0.2761877477169037,0.5079870223999023,0.2117605060338974
8497,8.236501162173226e-05,0.006243434268981218,0.03765272721648216,0.9560215473175049
8499,5.8667243138188496e-05,0.0051991818472743034,0.03443681821227074,0.9603053331375122
8501,2.9479473596438766e-05,0.0015600047772750258,0.00830256100744009,0.9901078939437866
8503,9.214114834321663e-05,0.00519042881205678,0.03602872043848038,0.9586886167526245
8505,0.00018361971888225526,0.009128137491643429,0.044930264353752136,0.9457579255104065
8507,5.197001519263722e-05,0.003165422473102808,0.017655309289693832,0.9791272282600403
8509,0.00010701889550546184,0.013167480006814003,0.13298682868480682,0.8537386655807495
8511,3.802030551014468e-05,0.0026654289104044437,0.01821490190923214,0.9790816307067871
8513,0.0001762936735758558,0.02203254960477352,0.32376596331596375,0.6540251970291138
8515,5.412568134488538e-05,0.0017372502479702234,0.009842192754149437,0.988366425037384
8517,0.0006472584209404886,0.03589562326669693,0.14647655189037323,0.8169806003570557
8519,0.0002455271314829588,0.016945920884609222,0.08605849742889404,0.8967500329017639
8521,0.0002559568383730948,0.013758111745119095,0.0656362771987915,0.9203495383262634
8523,8.960262493928894e-05,0.005126915872097015,0.03291338309645653,0.961870014667511
8525,0.00010427405504742637,0.006552799604833126,0.050742678344249725,0.9426002502441406
8527,0.00043918550363741815,0.03226689249277115,0.19765867292881012,0.7696352005004883
8529,0.0011131524806842208,0.12086765468120575,0.42186951637268066,0.45614972710609436
8531,6.643012602580711e-05,0.0036840783432126045,0.021534264087677002,0.9747152328491211
8533,0.00013776379637420177,0.009657986462116241,0.10712917149066925,0.8830751180648804
8535,0.0010839290916919708,0.15350261330604553,0.4654909074306488,0.37992262840270996
8537,0.00017845825641416013,0.013317772187292576,0.0815812423825264,0.904922604560852
8539,0.0001664969458943233,0.010463016107678413,0.062121786177158356,0.9272486567497253
8541,0.00010284101153956726,0.006987891625612974,0.06326320767402649,0.9296460151672363
8543,3.434153404668905e-05,0.0015544163761660457,0.011850263923406601,0.9865610003471375
8545,0.0009024615865200758,0.18595334887504578,0.649040937423706,0.16410323977470398
8547,0.0015809308970347047,0.14455191791057587,0.5124810934066772,0.34138602018356323
8549,0.0010857152519747615,0.1294751614332199,0.4245327115058899,0.44490644335746765
8551,0.00021864207519683987,0.02337239682674408,0.12634998559951782,0.8500589728355408
8553,6.339461833704263e-05,0.007442811504006386,0.062317896634340286,0.9301759004592896
8555,0.0004951896844431758,0.060927558690309525,0.43634602427482605,0.5022311806678772
8557,0.0018285210244357586,0.19546525180339813,0.5313295722007751,0.2713766098022461
8559,0.0002362193336011842,0.01580190472304821,0.0938202291727066,0.8901416063308716
8561,0.00023701506142970175,0.021335413679480553,0.16521430015563965,0.8132132887840271
8563,9.469617361901328e-05,0.00674325879663229,0.038203164935112,0.9549588561058044
8565,0.00012144448555773124,0.007058283314108849,0.053809598088264465,0.9390106797218323
8567,5.150377546669915e-05,0.003339345334097743,0.026265986263751984,0.9703431725502014
8569,6.266970740398392e-05,0.00316450884565711,0.017928164452314377,0.9788445830345154
8571,0.001052569947205484,0.12950696051120758,0.4313240647315979,0.4381164014339447
8573,0.0006012469530105591,0.022916922345757484,0.08923296630382538,0.8872488737106323
8575,0.0002589508658275008,0.020571015775203705,0.10446823388338089,0.8747017979621887
8577,0.0001957743224920705,0.02446717396378517,0.1262112855911255,0.8491258025169373
8579,0.01531159970909357,0.2549610137939453,0.40742650628089905,0.32230091094970703
8581,5.000359669793397e-05,0.0020288408268243074,0.010630366392433643,0.9872907996177673
8583,0.0012080032611265779,0.058204859495162964,0.3049716353416443,0.6356155276298523
8585,0.005846583750098944,0.4791949689388275,0.4644516706466675,0.05050677806138992
8587,2.0108160242671147e-05,0.0014544391306117177,0.015882937237620354,0.9826425313949585
8589,0.002447863109409809,0.17160844802856445,0.4738261103630066,0.352117657661438
8591,0.0005153223755769432,0.06145390868186951,0.4470463991165161,0.49098441004753113
8593,0.00030085406615398824,0.023899801075458527,0.13330239057540894,0.8424969911575317
8595,8.58039129525423e-05,0.006504110526293516,0.04308002069592476,0.9503300189971924
8597,0.0033502185251563787,0.17183341085910797,0.39952465891838074,0.4252917766571045
8599,0.00467134453356266,0.376934677362442,0.4839937090873718,0.13440018892288208
8601,0.000736319343559444,0.09059587866067886,0.48975667357444763,0.4189110994338989
8603,5.1142200391041115e-05,0.004462033975869417,0.03195583447813988,0.9635310173034668
8605,0.0026556069497019053,0.5824819803237915,0.38200101256370544,0.032861385494470596
8607,0.0008836404304020107,0.12513834238052368,0.42333757877349854,0.4506404995918274
8609,0.0019617562647908926,0.27351051568984985,0.5612071752548218,0.16332058608531952
8611,0.00016996596241369843,0.010352395474910736,0.04290948808193207,0.9465681314468384
8613,5.119607158121653e-05,0.004397483542561531,0.03100528009235859,0.9645459651947021
8615,0.00017093424685299397,0.019757313653826714,0.15299400687217712,0.8270777463912964
8617,6.930495146661997e-05,0.0024815567303448915,0.011838844045996666,0.98561030626297
8619,0.0018651628633961082,0.07807917147874832,0.2560117542743683,0.6640439033508301
8621,0.00020562180725391954,0.027786029502749443,0.2326495498418808,0.7393587827682495
8623,0.017612187191843987,0.6608924269676208,0.3073435425758362,0.01415179017931223
8625,2.5931976779247634e-05,0.0017347208922728896,0.011311802081763744,0.9869274497032166
8627,0.00010579222725937143,0.0045692394487559795,0.023941103368997574,0.9713838696479797
8629,0.017730198800563812,0.5780407190322876,0.3850581645965576,0.019170917570590973
8631,0.0006106554064899683,0.047758281230926514,0.23877638578414917,0.7128546237945557
8633,0.00044521925156004727,0.17961429059505463,0.6885319352149963,0.13140861690044403
8635,8.683856867719442e-05,0.003930613398551941,0.01904720813035965,0.9769353866577148
8637,2.9237540729809552e-05,0.0018662819638848305,0.01612221635878086,0.9819822311401367
8639,0.0003084648633375764,0.07315663248300552,0.4343509078025818,0.4921840727329254
8641,9.087970829568803e-05,0.008309558033943176,0.08933617174625397,0.9022634029388428
8643,0.00019833598344121128,0.010828778147697449,0.04418817535042763,0.9447847604751587
8645,0.00809275172650814,0.1625472754240036,0.366305947303772,0.4630540907382965
8647,8.160422294167802e-05,0.008723326958715916,0.05868890881538391,0.9325061440467834
8649,0.0003706410061568022,0.014127223752439022,0.06953663378953934,0.9159654974937439
8651,0.00038006139220669866,0.01298542506992817,0.061949994415044785,0.924684464931488
8653,0.0003750046016648412,0.03825151175260544,0.21670955419540405,0.7446639537811279
8655,0.00016619412053842098,0.014275234192609787,0.155890092253685,0.8296684622764587
8657,0.00010141921666217968,0.005713074002414942,0.03339420258998871,0.9607913494110107
8659,0.0001318158901995048,0.011865688487887383,0.10250390321016312,0.885498583316803
8661,0.00016741995932534337,0.022272998467087746,0.19240935146808624,0.7851502299308777
8663,0.0027030366472899914,0.1808197796344757,0.483898788690567,0.3325784504413605
8665,0.0001474857417633757,0.011179718188941479,0.08657198399305344,0.9021007418632507
8667,0.00045346582191996276,0.03716675564646721,0.25005096197128296,0.7123288512229919
8669,0.009935453534126282,0.2727647125720978,0.435876727104187,0.2814231812953949
8671,0.0006181815988384187,0.05066710710525513,0.22707422077655792,0.721640408039093
8673,9.888401837088168e-05,0.0030284998938441277,0.015141546726226807,0.9817310571670532
8675,5.55064034415409e-05,0.0026329848915338516,0.014916874468326569,0.9823946356773376
8677,8.130176865961403e-05,0.005354367662221193,0.036023180931806564,0.958541214466095
8679,0.00043819521670229733,0.02885863371193409,0.12733027338981628,0.8433729410171509
8681,0.18061256408691406,0.6710570454597473,0.1428762823343277,0.005454027093946934
8683,0.00011432799510657787,0.004711782559752464,0.024305222555994987,0.9708686470985413
8685,0.000495320011395961,0.06287814676761627,0.26062270998954773,0.6760038137435913
8687,0.015461520291864872,0.26562997698783875,0.4448465406894684,0.27406200766563416
8689,4.901688953395933e-05,0.004624113440513611,0.042522553354501724,0.9528043866157532
8691,3.5628941986942664e-05,0.0027007460594177246,0.02058943547308445,0.9766740798950195
8693,0.0002236875589005649,0.027955668047070503,0.14197060465812683,0.8298500180244446
8695,0.00020961050176993012,0.03159885108470917,0.19056548178195953,0.777626097202301
8697,0.0011872577015310526,0.08860126882791519,0.31411880254745483,0.596092700958252
8699,6.007825140841305e-05,0.0022899217437952757,0.014248372055590153,0.9834016561508179
8701,7.572169852210209e-05,0.0072558606043457985,0.05707176402211189,0.9355967044830322
8703,0.0005533803487196565,0.057335227727890015,0.2651154100894928,0.6769959330558777
8705,0.0009305765852332115,0.05847936496138573,0.2500845491886139,0.6905055642127991
8707,0.00024564869818277657,0.01592710241675377,0.07250440120697021,0.911322832107544
8709,2.0246476196916774e-05,0.0011767135001718998,0.009401323273777962,0.9894017577171326
8711,0.0008002661052159965,0.07092081755399704,0.34367242455482483,0.5846064686775208
8713,0.009956225752830505,0.3736046254634857,0.45065319538116455,0.16578605771064758
8715,6.632543954765424e-05,0.005268882494419813,0.03657329082489014,0.9580914378166199
8717,0.00324375182390213,0.23831792175769806,0.49669721722602844,0.261741042137146
8719,0.0003245161205995828,0.08065695315599442,0.6545546054840088,0.26446396112442017
8721,0.0018415446393191814,0.11754893511533737,0.3454955518245697,0.5351139307022095
8723,7.0234811573755e-05,0.0025544543750584126,0.014026714488863945,0.9833486676216125
8725,0.0002094191440846771,0.022739021107554436,0.16285045444965363,0.8142011165618896
8727,0.001826403895393014,0.17229774594306946,0.4832209348678589,0.3426549434661865
8729,0.0005688631790690124,0.07808201014995575,0.48584261536598206,0.4355064928531647
8731,0.0007554373005405068,0.21611087024211884,0.6761510372161865,0.10698264092206955
8733,8.04264418547973e-05,0.004822718445211649,0.03194331005215645,0.9631534218788147
8735,0.0007254272350110114,0.18895433843135834,0.6699013113975525,0.14041894674301147
8737,3.013959212694317e-05,0.0019541580695658922,0.016881346702575684,0.981134295463562
8739,0.0001451739517506212,0.01135380007326603,0.08655694872140884,0.9019440412521362
8741,0.0005293791764415801,0.02715197019279003,0.16632597148418427,0.8059926629066467
8743,5.9370813687564805e-05,0.0037897401489317417,0.024329084903001785,0.9718218445777893
8745,0.002703214529901743,0.25105994939804077,0.5314939022064209,0.21474294364452362
8747,4.518464993452653e-05,0.0038209615740925074,0.03149652108550072,0.9646372199058533
8749,4.9622041842667386e-05,0.0030700070783495903,0.01712312363088131,0.9797572493553162
8751,0.00021869927877560258,0.011573203839361668,0.05435666814446449,0.933851420879364
8753,4.9292266339762136e-05,0.0034556547179818153,0.02324899472296238,0.9732460379600525
8755,0.00014735461445525289,0.011524345725774765,0.07283610850572586,0.9154921770095825
8757,0.0007787247886881232,0.10041157156229019,0.355989933013916,0.5428197979927063
8759,0.00019429938402026892,0.013202350586652756,0.06104705482721329,0.9255562424659729
8761,0.0005589201464317739,0.15020504593849182,0.6129303574562073,0.23630571365356445
8763,0.0002639410085976124,0.018795086070895195,0.10320532321929932,0.8777356147766113
8765,0.00047885553794912994,0.03804020583629608,0.1731691211462021,0.788311779499054
8767,0.001855584909208119,0.08940707892179489,0.3072233498096466,0.6015140414237976
8769,6.476119597209617e-05,0.004198915790766478,0.030545007437467575,0.9651913046836853
8771,0.0006322452099993825,0.09237876534461975,0.4075942039489746,0.49939486384391785
8773,0.0001621644478291273,0.006085176020860672,0.03238614276051521,0.9613664746284485
8775,2.980947283504065e-05,0.0029014074243605137,0.026680845767259598,0.9703879356384277
8777,0.0012617072788998485,0.09867590665817261,0.36662548780441284,0.5334368944168091
8779,0.005631565116345882,0.39480313658714294,0.5230292081832886,0.07653608173131943
8781,0.00030363196856342256,0.06556624919176102,0.4998514950275421,0.4342785179615021
8783,0.0038582230918109417,0.30649662017822266,0.5379183292388916,0.1517268419265747
8785,0.002940370701253414,0.1174527034163475,0.38511258363723755,0.49449434876441956
8787,0.0018003422301262617,0.21807777881622314,0.6021320223808289,0.1779898852109909
8789,0.00015086538041941822,0.008109268732368946,0.0689673125743866,0.9227724671363831
8791,6.354074866976589e-05,0.003523839171975851,0.019349683076143265,0.9770629405975342
8793,3.556792944436893e-05,0.002738578710705042,0.022224361076951027,0.9750015139579773
8795,6.786726589780301e-05,0.003219330683350563,0.01634911075234413,0.980363667011261
8797,0.00017024710541591048,0.027750268578529358,0.2891644537448883,0.6829150915145874
8799,8.874830382410437e-05,0.007388495374470949,0.054593998938798904,0.9379287958145142
8801,0.0007059590425342321,0.05268348008394241,0.2634008228778839,0.6832097768783569
8803,0.0002624899207148701,0.06944829225540161,0.5548553466796875,0.37543392181396484
8805,0.005617023445665836,0.1494634598493576,0.3699256181716919,0.47499391436576843
8807,0.00012506359780672938,0.009188402444124222,0.03868461772799492,0.9520019292831421
8809,0.00013847251830156893,0.007214129902422428,0.04778284206986427,0.9448645710945129
8811,4.7785557399038225e-05,0.0016326723853126168,0.009543335996568203,0.9887762665748596
8813,1.2966360372956842e-05,0.001167194452136755,0.017421899363398552,0.9813979864120483
8815,3.349996768520214e-05,0.002138360170647502,0.020288195461034775,0.9775400161743164
8817,0.0003429616044741124,0.02404346875846386,0.11470497399568558,0.860908567905426
8819,2.95231475320179e-05,0.002535889158025384,0.021232740953564644,0.9762018322944641
8821,3.953992199967615e-05,0.0017619668506085873,0.011311340145766735,0.9868871569633484
8823,0.0005685076466761529,0.1083383858203888,0.3901415169239044,0.5009515881538391
8825,0.0002294566947966814,0.0129255885258317,0.05192674323916435,0.9349181056022644
8827,0.0003900809970218688,0.16492225229740143,0.6127604842185974,0.22192715108394623
8829,0.0013047674437984824,0.11207292973995209,0.4363849461078644,0.45023730397224426
8831,0.0002179422735935077,0.05502154678106308,0.35322311520576477,0.5915374159812927
8833,3.81331228709314e-05,0.002591088181361556,0.015383998863399029,0.9819868803024292
8835,0.002226438606157899,0.06926248222589493,0.20677955448627472,0.7217315435409546
8837,0.0004309839860070497,0.0522056482732296,0.29117971658706665,0.6561836004257202
8839,0.003687093500047922,0.1891118288040161,0.39414289593696594,0.41305819153785706
8841,9.482696623308584e-05,0.007772163022309542,0.050680872052907944,0.941452145576477
8843,0.0025687944144010544,0.270341694355011,0.5293033123016357,0.19778621196746826
8845,0.0006302280817180872,0.04418240115046501,0.17203561961650848,0.7831517457962036
8847,0.00039873734931461513,0.025452084839344025,0.13129185140132904,0.842857301235199
8849,0.00010515853500692174,0.0032713860273361206,0.015852682292461395,0.9807707667350769
8851,0.00021181728516239673,0.0324343740940094,0.40135395526885986,0.5659998059272766
8853,0.0014648064970970154,0.22782966494560242,0.5727637410163879,0.197941854596138
8855,8.359433559235185e-05,0.0045640962198376656,0.025061817839741707,0.9702904224395752
8857,0.0007790006347931921,0.28614726662635803,0.6348454356193542,0.07822830975055695
8859,0.001534021575935185,0.27462124824523926,0.5813731551170349,0.14247162640094757
8861,3.0167617296683602e-05,0.0020498442463576794,0.01587330549955368,0.9820466637611389
8863,0.00010716672841226682,0.005327492021024227,0.025816285982728004,0.9687490463256836
8865,0.00025141131482087076,0.01394275575876236,0.06756466627120972,0.9182412028312683
8867,0.0008102298597805202,0.04221128672361374,0.2317855805158615,0.7251929044723511
8869,0.00013143618707545102,0.016947854310274124,0.08606830984354019,0.8968523740768433
8871,0.0004506370169110596,0.022754933685064316,0.08194366097450256,0.8948507308959961
8873,0.0001328976941294968,0.006304094567894936,0.028252990916371346,0.9653100371360779
8875,4.135179551667534e-05,0.003722370369359851,0.026658568531274796,0.9695777297019958
8877,0.0012332454789429903,0.08249801397323608,0.2970867455005646,0.6191819906234741
8879,4.917290061712265e-05,0.003188218455761671,0.025873320177197456,0.9708892107009888
8881,0.0004840809851884842,0.055084701627492905,0.2627943754196167,0.6816367506980896
8883,0.000115746064693667,0.007273723836988211,0.03994060680270195,0.9526698589324951
8885,0.000273788784397766,0.0066332947462797165,0.02388741262257099,0.9692054390907288
8887,0.00011882379476446658,0.009738980792462826,0.05692652240395546,0.9332157373428345
8889,0.00014306347293313593,0.019946089014410973,0.1184253841638565,0.8614853620529175
8891,0.0002021007239818573,0.018192527815699577,0.11863017827272415,0.8629751801490784
8893,0.0004514020401984453,0.026648374274373055,0.11757813394069672,0.8553220629692078
8895,0.00042158953147009015,0.012129637412726879,0.053518470376729965,0.9339303374290466
8897,0.0009443425224162638,0.1945829540491104,0.6686318516731262,0.13584080338478088
8899,5.4530704801436514e-05,0.002753529930487275,0.016867414116859436,0.9803244471549988
8901,2.548932025092654e-05,0.0014135852688923478,0.01320379413664341,0.9853572249412537
8903,0.0030489719938486814,0.34694957733154297,0.5458282828330994,0.10417315363883972
8905,0.00028446048963814974,0.03499968722462654,0.25065794587135315,0.714057981967926
8907,0.00011185468611074612,0.017127668485045433,0.1575031280517578,0.8252573609352112
8909,0.00034551063436083496,0.05127832293510437,0.3970821797847748,0.5512939691543579
8911,0.0002294075529789552,0.03351924940943718,0.2151843011379242,0.7510669827461243
8913,0.0005818135687150061,0.07158566266298294,0.34689417481422424,0.580938458442688
8915,6.767502782167867e-05,0.0035812503192573786,0.01876441016793251,0.9775866866111755
8917,7.382567855529487e-05,0.003846163861453533,0.025080140680074692,0.9709997773170471
8919,0.0022909645922482014,0.4365805983543396,0.534909725189209,0.026218701153993607
8921,0.00013172035687603056,0.008022908121347427,0.049920208752155304,0.9419252276420593
8923,0.022288288921117783,0.5316239595413208,0.3950693607330322,0.051018405705690384
8925,5.86399546591565e-05,0.004881907720118761,0.05008196830749512,0.9449774026870728
8927,0.00016759760910645127,0.015324235893785954,0.0938723236322403,0.8906358480453491
8929,0.0008615810656920075,0.06429706513881683,0.2542998194694519,0.6805415749549866
8931,0.001591979991644621,0.1898489147424698,0.5408291816711426,0.26772984862327576
8933,0.00011843154061352834,0.006567970383912325,0.048531100153923035,0.944782555103302
8935,0.0009144193609245121,0.09182724356651306,0.3358900547027588,0.5713682770729065
8937,0.0027958147693425417,0.3605023920536041,0.5411781668663025,0.09552361816167831
8939,9.339430835098028e-05,0.006150756496936083,0.03709380701184273,0.9566619396209717
8941,1.821473051677458e-05,0.0007990956655703485,0.0061879283748567104,0.9929947257041931
8943,7.826319051673636e-05,0.007155971601605415,0.07004915922880173,0.9227166175842285
8945,0.0003423550515435636,0.03492116555571556,0.1317911148071289,0.8329454064369202
8947,0.0005594516405835748,0.04585351049900055,0.19005753099918365,0.7635295391082764
8949,0.00044917516061104834,0.08831480145454407,0.46273645758628845,0.44849956035614014
8951,0.0002441539545543492,0.025296568870544434,0.1367519497871399,0.8377072811126709
8953,0.0010912432335317135,0.4835078716278076,0.4988560676574707,0.016544731333851814
8955,0.0003221251245122403,0.03552759811282158,0.1804240345954895,0.7837262749671936
8957,7.430814730469137e-05,0.0035248587373644114,0.019055206328630447,0.9773455858230591
8959,0.00013224914437159896,0.007807285059243441,0.046353984624147415,0.9457065463066101
8961,0.002312795724719763,0.19254541397094727,0.4618924558162689,0.3432493209838867
8963,0.0011071376502513885,0.27950718998908997,0.6010348796844482,0.11835078150033951
8965,0.00012568444071803242,0.007191458251327276,0.0359550304710865,0.9567278623580933
8967,6.708414730383083e-05,0.0051651932299137115,0.055531058460474014,0.9392366409301758
8969,4.5497123210225254e-05,0.0035582499112933874,0.025088105350732803,0.971308171749115
8971,0.00024931959342211485,0.021083278581500053,0.12323649972677231,0.8554308414459229
8973,0.10299009829759598,0.43360450863838196,0.3651316165924072,0.09827383607625961
8975,0.0006228250567801297,0.033477894961833954,0.16737894713878632,0.7985202670097351
8977,7.131478196242824e-05,0.005321995355188847,0.04186073690652847,0.9527459740638733
8979,0.00015611307753715664,0.008523485623300076,0.03645032271742821,0.9548701643943787
8981,0.00027083081658929586,0.01811724156141281,0.09492755681276321,0.8866844177246094
8983,0.0027057749684900045,0.3892175257205963,0.5156294703483582,0.09244727343320847
8985,0.00011033811460947618,0.00836385227739811,0.054539162665605545,0.9369867444038391
8987,2.9655875550815836e-05,0.0025077976752072573,0.016871992498636246,0.9805905818939209
8989,4.531912418315187e-05,0.002288390649482608,0.014922182075679302,0.9827441573143005
8991,0.0001758555881679058,0.04509551450610161,0.48482248187065125,0.4699060618877411
8993,0.0006379604456014931,0.06927061825990677,0.3409619629383087,0.5891294479370117
8995,0.000979181844741106,0.03617387264966965,0.15229769051074982,0.8105491995811462
8997,0.00010198204108746722,0.007610595319420099,0.04114249348640442,0.9511448740959167
8999,0.0013364730402827263,0.2627713084220886,0.6606069803237915,0.07528523355722427
9001,4.07139259550604e-06,0.0002766450052149594,0.004980870988219976,0.9947383999824524
9003,0.0002580186992418021,0.24202154576778412,0.6894551515579224,0.06826531141996384
9005,9.71668941929238e-06,0.001822965918108821,0.03897672891616821,0.9591906070709229
9007,4.952288236381719e-06,0.0005905768484808505,0.011862052604556084,0.987542450428009
9009,5.868133484909777e-06,0.000986868399195373,0.013623297214508057,0.985383927822113
9011,7.2762559284456074e-06,0.0007900659693405032,0.017428575083613396,0.9817740321159363
9013,0.0004287221818231046,0.06167038530111313,0.28516098856925964,0.652739942073822
9015,4.692844595410861e-05,0.007299046963453293,0.06608016788959503,0.9265738129615784
9017,3.691311803777353e-06,0.0004988133441656828,0.00898091308772564,0.9905166029930115
9019,0.00012961226457264274,0.22713446617126465,0.7106408476829529,0.06209510564804077
9021,2.9529562652896857e-06,0.00043146300595253706,0.013422422111034393,0.986143171787262
9023,1.2973649972991552e-05,0.004140390548855066,0.0733901783823967,0.9224563837051392
9025,0.0001094648105208762,0.00804236251860857,0.062277354300022125,0.929570734500885
9027,1.091862577595748e-05,0.0014525778824463487,0.017151571810245514,0.9813849925994873
9029,0.0001558786170789972,0.19370228052139282,0.6552863717079163,0.15085549652576447
9031,0.0003791311464738101,0.13498003780841827,0.5508028268814087,0.3138379752635956
9033,2.7175676677870797e-06,0.0001905161770991981,0.003074775682762265,0.9967319965362549
9035,9.660864452598616e-05,0.14256355166435242,0.7353987693786621,0.12194106727838516
9037,7.679653936065733e-05,0.03622155264019966,0.41453367471694946,0.5491679310798645
9039,6.82543623042875e-06,0.00039054034277796745,0.0038229639176279306,0.9957796335220337
9041,5.505454737431137e-06,0.0007098930655047297,0.01517818309366703,0.9841064214706421
9043,4.688496846938506e-05,0.009075394831597805,0.17393675446510315,0.81694096326828
9045,1.328344842477236e-05,0.000916804070584476,0.009259392507374287,0.9898104667663574
9047,5.148295713297557e-06,0.0003443955210968852,0.004607961513102055,0.9950425624847412
9049,8.98342659638729e-06,0.0006809618789702654,0.010006662458181381,0.9893033504486084
9051,0.000380570359993726,0.7919836640357971,0.20660129189491272,0.0010344975162297487
9053,0.0003182379878126085,0.04723070561885834,0.24747121334075928,0.7049798369407654
9055,0.0001162402331829071,0.017251580953598022,0.17697858810424805,0.8056535124778748
9057,2.08348114938417e-06,0.00016551143198739737,0.003172151045873761,0.9966602325439453
9059,1.7008283066388685e-06,0.0001579637173563242,0.0029805568046867847,0.9968597888946533
9061,3.8112790207378566e-05,0.004203509539365768,0.044491350650787354,0.9512670040130615
9063,2.9313705454114825e-05,0.005946483463048935,0.1251702755689621,0.8688539266586304
9065,6.790643510612426e-06,0.0005832819733768702,0.008706243708729744,0.9907037019729614
9067,8.005693962331861e-05,0.018402433022856712,0.30167728662490845,0.6798402667045593
9069,4.670632733905222e-06,0.0004915405879728496,0.008057991974055767,0.991445779800415
9071,6.814819244027603e-06,0.00046305672731250525,0.005299403332173824,0.9942307472229004
9073,1.7352444046991877e-05,0.0024192999117076397,0.03667987138032913,0.9608834981918335
9075,0.0001809191599022597,0.10619691759347916,0.650534987449646,0.24308717250823975
9077,1.1157736480527092e-05,0.0016559551004320383,0.026311414316296577,0.9720214009284973
9079,0.00025114670279435813,0.1644582748413086,0.5922369956970215,0.2430535852909088
9081,1.3997384485264774e-05,0.0013623896520584822,0.01880720816552639,0.9798163771629333
9083,1.1299648576823529e-05,0.001117133884690702,0.014487212523818016,0.984384298324585
9085,1.0178619959333446e-05,0.0007715600659139454,0.010005743242800236,0.9892125129699707
9087,3.3538923162268475e-05,0.005466843023896217,0.060639798641204834,0.9338598251342773
9089,0.00010090585419675335,0.020469434559345245,0.14890488982200623,0.830524742603302
9091,5.319568117556628e-06,0.00026034744223579764,0.0032216280233114958,0.9965127110481262
9093,3.165501038893126e-05,0.006223865319043398,0.13945837318897247,0.8542861342430115
9095,8.343986701220274e-05,0.06000908091664314,0.6351561546325684,0.3047512471675873
9097,2.7808742743218318e-05,0.002836568746715784,0.0334932915866375,0.9636422395706177
9099,9.372726344736293e-05,0.08389019966125488,0.691514253616333,0.2245018035173416
9101,4.007644020020962e-05,0.0017858747160062194,0.013403736054897308,0.9847702980041504
9103,1.0512198059586808e-05,0.0006710115121677518,0.009119417518377304,0.990199089050293
9105,1.2491062989283819e-05,0.0018538382137194276,0.037821706384420395,0.9603119492530823
9107,1.3659939213539474e-05,0.0010193978669121861,0.012418808415532112,0.986548125743866
9109,2.6710906240623444e-05,0.018619168549776077,0.4372222423553467,0.544131875038147
9111,7.403896597679704e-05,0.0164954774081707,0.2009560614824295,0.7824744582176208
9113,6.3980137383623514e-06,0.0004627734306268394,0.0059082950465381145,0.9936224818229675
9115,3.273568609074573e-06,0.0002856109931599349,0.004330250900238752,0.9953808784484863
9117,4.3420477595645934e-06,0.00028152496088296175,0.0031227555591613054,0.996591329574585
9119,3.5743960324907675e-05,0.021988090127706528,0.47752952575683594,0.500446617603302
9121,5.258871169644408e-06,0.0010179452365264297,0.013834440149366856,0.9851422905921936
9123,4.483412340050563e-05,0.012431259267032146,0.1295366883277893,0.8579872250556946
9125,1.4880524759064429e-05,0.0017745520453900099,0.01968383975327015,0.9785267114639282
9127,6.724490958731622e-05,0.020800167694687843,0.23435473442077637,0.7447778582572937
9129,4.134006758249598e-06,0.00031830091029405594,0.005300185643136501,0.9943774342536926
9131,4.1389580474060494e-06,0.0002947328030131757,0.0041327327489852905,0.9955684542655945
9133,2.549593318690313e-06,0.0002331212890567258,0.004330480936914682,0.9954337477684021
9135,2.2398866349249147e-05,0.0024703997187316418,0.031539950519800186,0.9659672975540161
9137,0.00024481615400873125,0.031078066676855087,0.21572454273700714,0.7529525756835938
9139,3.710923920152709e-06,0.00027264098753221333,0.003944316413253546,0.995779275894165
9141,1.6935549865593202e-05,0.0017823087982833385,0.015396798960864544,0.9828039407730103
9143,1.2476471056288574e-05,0.0009457418927922845,0.00940356869250536,0.989638090133667
9145,1.1194360013178084e-05,0.0007145550334826112,0.008705062791705132,0.9905692338943481
9147,2.5339334115415113e-06,0.00035328418016433716,0.010324478149414062,0.9893196821212769
9149,3.654960437415866e-06,0.0002522599825169891,0.0035371806006878614,0.9962068796157837
9151,3.998853571829386e-06,0.0004768765938933939,0.007118003908544779,0.992401123046875
9153,4.410216206451878e-05,0.012815156020224094,0.19429518282413483,0.792845606803894
9155,4.9675581976771355e-06,0.0005652699037455022,0.00884230900555849,0.9905874133110046
9157,1.4545954627465107e-06,0.00010358088184148073,0.0031723498832434416,0.9967226386070251
9159,1.810914727684576e-05,0.003241907572373748,0.06931503862142563,0.927424967288971
9161,6.4107866819540504e-06,0.001300471369177103,0.01852232590317726,0.980170726776123
9163,2.626625973789487e-05,0.003605299862101674,0.057284485548734665,0.939083993434906
9165,6.013818710925989e-05,0.0490095317363739,0.6160109639167786,0.3349193334579468
9167,8.007174074009527e-06,0.0008694301941432059,0.015411017462611198,0.9837115406990051
9169,1.011704262054991e-05,0.0011158217675983906,0.015646014362573624,0.9832280874252319
9171,1.8132104742107913e-05,0.001175629673525691,0.01031582336872816,0.9884903430938721
9173,1.4089129763306119e-05,0.0011368636041879654,0.012610417790710926,0.9862385988235474
9175,6.39917743683327e-06,0.0004628575989045203,0.005727557931095362,0.9938031435012817
9177,9.31879912968725e-06,0.000500901194754988,0.004827258177101612,0.9946625828742981
9179,3.2391646527685225e-05,0.003802924184128642,0.03608114272356033,0.960083544254303
9181,8.85861118149478e-06,0.0007609099266119301,0.008309378288686275,0.990920901298523
9183,6.837355613242835e-06,0.002396527212113142,0.11728956550359726,0.8803070783615112
9185,8.307753159897402e-05,0.01510678417980671,0.2219925820827484,0.7628176212310791
9187,3.451042721280828e-05,0.008444423787295818,0.16961076855659485,0.8219103217124939
9189,0.00013030927220825106,0.01964416541159153,0.24308359622955322,0.7371418476104736
9191,8.40368647914147e-06,0.0007927797851152718,0.014052357524633408,0.9851463437080383
9193,1.6022660929593258e-05,0.003406290430575609,0.10933032631874084,0.8872473835945129
9195,4.7164361603790894e-05,0.021900475025177002,0.41323164105415344,0.5648207068443298
9197,2.2269341570790857e-05,0.007448074873536825,0.14499591290950775,0.8475337028503418
9199,8.480413271172438e-06,0.0013397778384387493,0.03509746119379997,0.9635542631149292
9201,3.0600494937971234e-05,0.014660194516181946,0.28989270329475403,0.6954164505004883
9203,9.244376087735873e-06,0.002262023976072669,0.04136810079216957,0.9563605785369873
9205,6.6786979004973546e-06,0.0007251822971738875,0.00955240335315466,0.9897157549858093
9207,6.523125193780288e-05,0.16632328927516937,0.793484091758728,0.040127359330654144
9209,4.306866230763262e-06,0.0004978060605935752,0.010981426574289799,0.9885164499282837
9211,2.651781505846884e-05,0.007126438431441784,0.08818496763706207,0.9046621322631836
9213,5.918173428653972e-06,0.00038975870120339096,0.005817656870931387,0.9937866926193237
9215,2.5774043024284765e-05,0.010897001251578331,0.1758686900138855,0.8132085204124451
9217,4.754598649014952e-06,0.00037184878601692617,0.0060013351030647755,0.9936221241950989
9219,0.0002761258219834417,0.14990119636058807,0.6718105673789978,0.17801208794116974
9221,6.341374682961032e-05,0.013481257483363152,0.12592360377311707,0.8605316281318665
9223,6.651147486991249e-06,0.0007335637928918004,0.01362674217671156,0.9856330752372742
9225,2.611666059237905e-05,0.003114498220384121,0.03348401561379433,0.9633753299713135
9227,3.3210644687642343e-06,0.0002764860400930047,0.0055533708073198795,0.9941668510437012
9229,4.6686409405083396e-06,0.0005312554421834648,0.00844110082834959,0.9910229444503784
9231,1.2476654774218332e-05,0.0009310932364314795,0.009403707459568977,0.989652693271637
9233,0.00010598753578960896,0.24993260204792023,0.7232039570808411,0.026757540181279182
9235,1.743341636029072e-05,0.006504593417048454,0.16775566339492798,0.825722336769104
9237,2.2841795725980774e-06,0.0002088532637571916,0.0049043698236346245,0.9948844313621521
9239,3.3276389785896754e-06,0.00021240887872409075,0.0036491993814706802,0.9961349964141846
9241,1.659826739341952e-05,0.0012779957614839077,0.02030603215098381,0.9783994555473328
9243,0.00022348588390741497,0.15823684632778168,0.7667938470840454,0.0747457966208458
9245,1.6293441149173304e-05,0.005119246896356344,0.14728687703609467,0.8475775122642517
9247,1.3224538633949123e-05,0.0022590486332774162,0.042625121772289276,0.9551026225090027
9249,3.855947215924971e-05,0.3768874406814575,0.6213823556900024,0.0016916366294026375
9251,6.749464955646545e-05,0.09960059076547623,0.7022525072097778,0.1980794221162796
9253,2.138838453902281e-06,0.0002757894981186837,0.008059751242399216,0.9916622638702393
9255,0.0007097331690602005,0.3047932982444763,0.5875044465065002,0.10699250549077988
9257,2.147485474779387e-06,0.00019331046496517956,0.004133160226047039,0.9956713914871216
9259,1.0453532013343647e-05,0.0010497580515220761,0.014266792684793472,0.9846730828285217
9261,4.263688879291294e-06,0.00033870674087665975,0.005639974027872086,0.9940171241760254
9263,3.306464714114554e-05,0.002626650035381317,0.03250306099653244,0.9648371934890747
9265,8.540483577235136e-06,0.0013492682483047247,0.04330691695213318,0.955335259437561
9267,2.0591613065334968e-05,0.033373214304447174,0.7715322375297546,0.1950739026069641
9269,3.1722790936328238e-06,0.0003286768915131688,0.004466901533305645,0.9952012300491333
9271,3.883709359797649e-05,0.03817746788263321,0.6161531209945679,0.34563055634498596
9273,0.0005050454055890441,0.1275033950805664,0.6374768614768982,0.23451466858386993
9275,4.733265450340696e-05,0.016333123669028282,0.3895803987979889,0.5940391421318054
9277,0.00017223080794792622,0.0787343978881836,0.6096927523612976,0.3114006221294403
9279,4.600733063853113e-06,0.0004340200393926352,0.007573917042464018,0.9919874668121338
9281,4.412308044265956e-06,0.0002645811182446778,0.0027142551261931658,0.9970167875289917
9283,4.387410172057571e-06,0.00042041364940814674,0.008184432052075863,0.9913908243179321
9285,9.345298167318106e-05,0.29654625058174133,0.6894906759262085,0.013869650661945343
9287,4.588459341903217e-05,0.0045363567769527435,0.06069577857851982,0.9347219467163086
9289,8.211183012463152e-05,0.014931182377040386,0.1438939869403839,0.8410926461219788
9291,0.00018519091827329248,0.13318738341331482,0.731342613697052,0.13528478145599365
9293,1.9518718545441516e-05,0.005164166446775198,0.08465791493654251,0.9101583957672119
9295,5.057674115960253e-06,0.0003833819355349988,0.006690250709652901,0.9929212927818298
9297,2.5198149160132743e-05,0.002610757015645504,0.038364797830581665,0.9589992165565491
9299,8.817708476271946e-06,0.0012293760664761066,0.01241625752300024,0.9863454699516296
9301,6.678262434434146e-05,0.06463058292865753,0.7873616814613342,0.14794087409973145
9303,1.7843400200945325e-05,0.0017098033567890525,0.025521043688058853,0.972751259803772
9305,6.873710844956804e-06,0.0008590517099946737,0.011858843266963959,0.987275242805481
9307,0.0004316077393013984,0.03482678905129433,0.22011207044124603,0.7446295619010925
9309,2.59105163422646e-05,0.003501332364976406,0.04070165008306503,0.9557712078094482
9311,5.586345287156291e-05,0.0025683920830488205,0.023990431800484657,0.9733853936195374
9313,6.862368172733113e-05,0.0623885914683342,0.6707406044006348,0.26680219173431396
9315,1.1365975296939723e-05,0.0029605322051793337,0.08127748221158981,0.9157506227493286
9317,6.195752212079242e-05,0.04386838153004646,0.6055843234062195,0.35048532485961914
9319,1.0226751328445971e-05,0.001200666418299079,0.02030773274600506,0.9784814119338989
9321,1.5565969079034403e-05,0.002346574794501066,0.05096207559108734,0.9466758370399475
9323,0.0004737719427794218,0.11960813403129578,0.5114991068840027,0.36841899156570435
9325,1.8100727174896747e-05,0.0009729447192512453,0.012229143641889095,0.9867798089981079
9327,8.345356036443263e-06,0.0010593971237540245,0.020623886957764626,0.978308379650116
9329,1.457153121009469e-05,0.0019385485211387277,0.02474972791969776,0.9732971787452698
9331,3.179882696713321e-05,0.01408941950649023,0.48138824105262756,0.5044905543327332
9333,2.7497596875036834e-06,0.0002985726750921458,0.00679548317566514,0.9929031729698181
9335,4.2395113268867135e-05,0.029093876481056213,0.5935685634613037,0.3772951364517212
9337,0.00010882502829190344,0.014253266155719757,0.11749092489480972,0.868147075176239
9339,4.997712676413357e-05,0.18253377079963684,0.8053767681121826,0.012039407156407833
9341,1.162641910923412e-05,0.0014083231799304485,0.01689089462161064,0.9816892147064209
9343,2.8661248506978154e-05,0.002206793986260891,0.019978679716587067,0.9777858853340149
9345,4.976199761586031e-06,0.00045499729458242655,0.007229437120258808,0.992310643196106
9347,4.98957797390176e-06,0.00040895340498536825,0.004607664421200752,0.9949783682823181
9349,3.039256807824131e-05,0.003858169075101614,0.03718173876404762,0.958929717540741
9351,1.3304336789587978e-05,0.0008103490108624101,0.007809452246874571,0.9913669228553772
9353,4.292088488000445e-05,0.11116084456443787,0.8213737607002258,0.06742246448993683
9355,3.671119702630676e-05,0.007447114214301109,0.1044231578707695,0.8880930542945862
9357,3.014936510226107e-06,0.00032229063799604774,0.00844288058578968,0.9912318587303162
9359,7.489306153729558e-05,0.2232530564069748,0.7320186495780945,0.04465342313051224
9361,0.00022277493553701788,0.095670185983181,0.59527987241745,0.30882713198661804
9363,8.260883987531997e-06,0.0009254515753127635,0.015410150401294231,0.9836561679840088
9365,0.00010170319001190364,0.05268355458974838,0.49209824204444885,0.45511648058891296
9367,4.684704890678404e-06,0.00034418448922224343,0.005218304693698883,0.9944328665733337
9369,6.511554965982214e-05,0.01568622700870037,0.21654169261455536,0.7677069306373596
9371,2.5742410798557103e-05,0.00736423023045063,0.1676091104745865,0.8250009417533875
9373,0.0001280876313103363,0.0633126050233841,0.5301099419593811,0.40644940733909607
9375,1.652298669796437e-05,0.003299834206700325,0.06732268631458282,0.9293609261512756
9377,1.418966076016659e-05,0.0027466537430882454,0.034523263573646545,0.9627159237861633
9379,5.975693511572899e-06,0.000782661372795701,0.011322817765176296,0.987888514995575
9381,0.00012733727635350078,0.05218050256371498,0.5107901692390442,0.4369020164012909
9383,6.9764855652465485e-06,0.0006790333427488804,0.012812419794499874,0.9865016341209412
9385,1.2630513083422557e-05,0.0010515186004340649,0.012611514888703823,0.9863243699073792
9387,6.43681560177356e-05,0.021528203040361404,0.18309201300144196,0.7953154444694519
9389,9.658897397457622e-06,0.0010652923956513405,0.01517272274941206,0.9837523698806763
9391,2.1663407096639276e-05,0.001803527120500803,0.01908913441002369,0.9790857434272766
9393,6.96371807862306e-06,0.0008048963500186801,0.01449180394411087,0.9846962690353394
9395,2.340114224352874e-05,0.007949862629175186,0.21825292706489563,0.7737737894058228
9397,5.49399101146264e-06,0.0010972145246341825,0.03206530958414078,0.9668319225311279
9399,3.333307404318475e-06,0.00014623500464949757,0.002018711995333433,0.9978317618370056
9401,6.8811509663646575e-06,0.0006697542848996818,0.010979508981108665,0.9883438348770142
9403,4.092282324563712e-05,0.005617055110633373,0.07876215130090714,0.9155799150466919
9405,1.985329254239332e-05,0.0011010227026417851,0.01341320388019085,0.9854658842086792
9407,5.06462856719736e-06,0.0004086690896656364,0.005299701355397701,0.9942865967750549
9409,5.8267371059628204e-05,0.1121443584561348,0.8031463027000427,0.08465100079774857
9411,2.6741779493022477e-06,0.0001964714319910854,0.0035373815335333347,0.9962634444236755
9413,6.756489892723039e-05,0.16438451409339905,0.8091289401054382,0.02641899511218071
9415,4.0185695979744196e-05,0.11610626429319382,0.8315203785896301,0.05233319476246834
9417,0.0004922696389257908,0.013943610712885857,0.08150353282690048,0.9040605425834656
9419,3.864265818265267e-05,0.003880548756569624,0.04654183238744736,0.9495389461517334
9421,1.842935489548836e-05,0.0025694440118968487,0.023628167808055878,0.9737840294837952
9423,2.911596129706595e-05,0.0034721752163022757,0.048686716705560684,0.9478120803833008
9425,2.9814389108651085e-06,0.0002090150082949549,0.004133091773837805,0.9956549406051636
9427,2.455413414281793e-05,0.005139084532856941,0.11696503311395645,0.8778712749481201
9429,7.263061706908047e-05,0.01643652841448784,0.15352773666381836,0.8299630880355835
9431,1.0014800864155404e-05,0.0010539647191762924,0.010317164473235607,0.9886188507080078
9433,6.9699249252153095e-06,0.0007931239088065922,0.013625924475491047,0.985573947429657
9435,1.8429496776661836e-05,0.0011581479338929057,0.009697054512798786,0.9891263842582703
9437,0.00011398583592381328,0.01162687037140131,0.10691871494054794,0.8813403248786926
9439,1.0404615750303492e-05,0.0011122325668111444,0.018811987712979317,0.9800654053688049
9441,2.2067895770305768e-05,0.001699133776128292,0.016374798491597176,0.9819039702415466
9443,2.1809239115100354e-05,0.003725508227944374,0.07029518485069275,0.925957441329956
9445,3.608115730457939e-05,0.004580304957926273,0.051606133580207825,0.9437775015830994
9447,5.658720965584507e-06,0.0003500926832202822,0.00382312317378819,0.9958211183547974
9449,7.351823569479166e-06,0.0005660590250045061,0.007456365507096052,0.9919702410697937
9451,0.0009481502347625792,0.19844414293766022,0.6112509965896606,0.1893567144870758
9453,1.5182246897893492e-05,0.0014548045583069324,0.01564062386751175,0.9828893542289734
9455,0.00013866645167581737,0.005368595477193594,0.03340452164411545,0.961088240146637
9457,4.098764111404307e-05,0.0060831052251160145,0.06240467727184296,0.9314712285995483
9459,1.1223744877497666e-05,0.002312666969373822,0.03506317362189293,0.9626128673553467
9461,6.2560848164139315e-06,0.0006899916916154325,0.012422995641827583,0.9868807792663574
9463,1.8313709006179124e-05,0.014924729242920876,0.41619110107421875,0.5688658356666565
9465,2.085537289531203e-06,0.00013734919775743037,0.002216703724116087,0.997643768787384
9467,0.0001395169529132545,0.056285154074430466,0.4496888220310211,0.4938865602016449
9469,9.737664186104666e-06,0.0018848930485546589,0.051747240126132965,0.9463580846786499
9471,9.842132385529112e-06,0.0008859605877660215,0.012230309657752514,0.9868738055229187
9473,0.00015172574785538018,0.048421528190374374,0.3522423207759857,0.5991843938827515
9475,3.05840112559963e-05,0.02165469154715538,0.5006198883056641,0.4776948392391205
9477,4.254925443092361e-06,0.0004477913025766611,0.0075738150626420975,0.9919740557670593
9479,6.209906860021874e-05,0.06397393345832825,0.6666236519813538,0.26934030652046204
9481,1.1824553439510055e-05,0.0009104401688091457,0.01613793708384037,0.9829398393630981
9483,4.463539153221063e-05,0.03872156888246536,0.5180888772010803,0.44314491748809814
9485,6.7182627390138805e-06,0.00047098658978939056,0.003943522460758686,0.9955788254737854
9487,0.0001120998858823441,0.031082192435860634,0.21575318276882172,0.7530525922775269
9489,1.0510653737583198e-05,0.0016347814816981554,0.02365049719810486,0.9747042655944824
9491,4.913278098683804e-05,0.0096602663397789,0.09309739619493484,0.8971931338310242
9493,2.7932812372455373e-05,0.006321280729025602,0.1394452303647995,0.8542055487632751
9495,8.392596100748051e-06,0.0007322339224629104,0.015413128770887852,0.9838463068008423
9497,2.41104844462825e-05,0.020272526890039444,0.4402714669704437,0.5394318699836731
9499,3.563712380127981e-05,0.007695476058870554,0.13015910983085632,0.8621098399162292
9501,0.00014530443877447397,0.061433229595422745,0.5561710596084595,0.38225042819976807
9503,7.268368062796071e-05,0.03945799171924591,0.4242134094238281,0.536255955696106
9505,2.2418096705223434e-05,0.003951077349483967,0.0589749813079834,0.93705153465271
9507,0.0005859869997948408,0.05357953906059265,0.3131844401359558,0.6326500177383423
9509,2.1157147784833796e-06,0.0002333449083380401,0.0033758170902729034,0.9963886737823486
9511,3.715939965331927e-05,0.06718576699495316,0.818490207195282,0.11428683996200562
9513,2.273786230944097e-05,0.003536548465490341,0.06075815111398697,0.9356825351715088
9515,7.2131756496673916e-06,0.0007591196335852146,0.01064434926956892,0.9885894060134888
9517,0.00010649515024852008,0.05346858128905296,0.45473697781562805,0.49168792366981506
9519,2.0364155716379173e-05,0.0014501194236800075,0.01880543678998947,0.9797240495681763
9521,0.0002637573634274304,0.29842668771743774,0.68310546875,0.01820414327085018
9523,2.1254358216538094e-05,0.004518506582826376,0.07885073125362396,0.916609525680542
9525,6.454987669712864e-06,0.0012301028473302722,0.027135636657476425,0.9716278314590454
9527,2.692079397093039e-05,0.002040650462731719,0.02029031328856945,0.9776420593261719
9529,0.0001591485779499635,0.19776570796966553,0.734788715839386,0.06728638708591461
9531,5.072246949566761e-06,0.00026841487851925194,0.0039443280547857285,0.9957822561264038
9533,1.899388053061557e-06,0.00011212975368835032,0.0019875476136803627,0.9978983402252197
9535,0.00015676509065087885,0.02400454320013523,0.21731941401958466,0.7585192918777466
9537,1.3274890989123378e-05,0.0008085555164143443,0.010005341842770576,0.9891728162765503
9539,8.069739124039188e-06,0.0006614082376472652,0.00793267972767353,0.9913978576660156
9541,4.8100891945068724e-06,0.0005062170675955713,0.009854815900325775,0.9896341562271118
9543,5.5572090786881745e-06,0.0003492266114335507,0.006287670694291592,0.9933575987815857
9545,2.225474781880621e-05,0.0018240330973640084,0.023287693038582802,0.9748660326004028
9547,0.00032445136457681656,0.11733174324035645,0.6052432060241699,0.277100533246994
9549,5.6448252507834695e-06,0.0005242608021944761,0.006094330456107855,0.9933757185935974
9551,3.9944056879903655e-06,0.0005150529323145747,0.008183659054338932,0.9912972450256348
9553,1.7087011656258255e-05,0.006475742440670729,0.11842896789312363,0.8750782608985901
9555,1.9722043361980468e-05,0.0031648532021790743,0.047983475029468536,0.9488319158554077
9557,4.678851109929383e-05,0.005241629667580128,0.056352827697992325,0.9383588433265686
9559,7.758389983791858e-06,0.0009397839312441647,0.01564880646765232,0.9834036231040955
9561,0.0002810126170516014,0.09696927666664124,0.5847996473312378,0.317950040102005
9563,0.00026015861658379436,0.10332828760147095,0.6843956708908081,0.21201588213443756
9565,1.081710524886148e-05,0.0018191573908552527,0.025909854099154472,0.9722601175308228
9567,8.755671842664015e-06,0.0003337280941195786,0.00482806796208024,0.9948294758796692
9569,3.4822887755581178e-06,0.00024412730999756604,0.005059078801423311,0.9946933388710022
9571,3.481471139821224e-06,0.0003183272492606193,0.005218445789068937,0.9944597482681274
9573,9.77882791630691e-06,0.0012221229262650013,0.018241778016090393,0.9805262684822083
9575,2.763153133855667e-05,0.0035629088524729013,0.03890809044241905,0.9575014710426331
9577,0.00015574922144878656,0.165544793009758,0.8022071719169617,0.03209232538938522
9579,4.360399907454848e-05,0.017868127673864365,0.19819840788841248,0.783889889717102
9581,5.1494655053829774e-05,0.017769310623407364,0.3459252715110779,0.6362539529800415
9583,3.5989337447972503e-06,0.00023701836471445858,0.0033758003264665604,0.9963836669921875
9585,1.8063587049255148e-05,0.002257522428408265,0.04326711595058441,0.9544573426246643
9587,1.2393715223879553e-05,0.0028937673196196556,0.05903817340731621,0.9380555748939514
9589,0.00014363737136591226,0.04656209051609039,0.3494679033756256,0.6038263440132141
9591,3.074356527577038e-06,0.0002189231017837301,0.004680783022195101,0.9950971007347107
9593,3.1259266961569665e-06,0.00018744412227533758,0.0037065462674945593,0.9961028099060059
9595,5.021602919441648e-05,0.005042762029916048,0.03392675891518593,0.9609803557395935
9597,2.9917806386947632e-05,0.03603348135948181,0.6000113487243652,0.3639252781867981
9599,3.641791408881545e-05,0.005490011535584927,0.0711955577135086,0.9232780337333679
9601,2.672642267498304e-06,0.00023685368068981916,0.0040691629983484745,0.9956913590431213
9603,2.173521716031246e-05,0.00621787691488862,0.12685611844062805,0.8669042587280273
9605,2.1991741959936917e-05,0.0026225880719721317,0.03401024267077446,0.9633451104164124
9607,5.542792678170372e-06,0.0005068035679869354,0.00870692078024149,0.9907806515693665
9609,8.724374310986605e-06,0.0006613252335228026,0.008056591264903545,0.9912734627723694
9611,1.888795850391034e-05,0.0031272193882614374,0.044540297240018845,0.9523135423660278
9613,5.6021090131253004e-05,0.02190517634153366,0.3071536123752594,0.6708851456642151
9615,4.910060852125753e-06,0.00039619681774638593,0.005058302078396082,0.9945406317710876
9617,4.308288225729484e-06,0.0005058123497292399,0.010647078044712543,0.9888428449630737
9619,2.0182608295726823e-06,0.00012486537161748856,0.0037649357691407204,0.9961081147193909
9621,8.053861165535636e-06,0.000691786059178412,0.009852955117821693,0.9894472360610962
9623,4.227638328302419e-06,0.0007568337023258209,0.013626457192003727,0.9856125116348267
9625,2.784144635370467e-05,0.006706958636641502,0.15505355596542358,0.8382115960121155
9627,7.76570595917292e-05,0.05085214599967003,0.5298914909362793,0.41917869448661804
9629,2.220994974777568e-05,0.0014400242362171412,0.010313049890100956,0.9882246255874634
9631,3.871591616189107e-06,0.000365234911441803,0.0083127086982131,0.9913181066513062
9633,7.723904855083674e-05,0.11398021131753922,0.6662399172782898,0.2197026163339615
9635,6.0873433540109545e-05,0.06675582379102707,0.7176927924156189,0.2154904454946518
9637,3.350009865243919e-05,0.0030630710534751415,0.04943546652793884,0.9474679231643677
9639,1.1915849427168723e-05,0.0008892420446500182,0.008569755591452122,0.9905290007591248
9641,3.857346200675238e-06,0.000482077244669199,0.027156030759215355,0.9723580479621887
9643,2.0219672478560824e-06,0.00010370711970608681,0.00195681001059711,0.9979374408721924
9645,4.836351308767917e-06,0.0003498171572573483,0.004607937764376402,0.9950373768806458
9647,3.231528899050318e-05,0.004366820678114891,0.06724954396486282,0.9283512830734253
9649,2.4104243493638933e-05,0.002203964162617922,0.02123992331326008,0.9765321016311646
9651,7.675786036998034e-06,0.0013528189156204462,0.040790148079395294,0.9578493237495422
9653,2.9830456696799956e-05,0.008142925798892975,0.17410343885421753,0.81772381067276
9655,0.00015332330076489598,0.05374058336019516,0.5427606701850891,0.4033454656600952
9657,7.03565456205979e-05,0.08880522847175598,0.7552664279937744,0.15585802495479584
9659,0.00011401474330341443,0.009344822727143764,0.05212124064564705,0.9384199380874634
9661,0.00032708392245694995,0.12396031618118286,0.6006945371627808,0.27501800656318665
9663,1.3240662156022154e-05,0.0011373059824109077,0.012227192521095276,0.9866222739219666
9665,6.768167077098042e-05,0.011382308788597584,0.1522935926914215,0.8362563848495483
9667,6.815881533839274e-06,0.00047042215010151267,0.005137159023433924,0.9943857192993164
9669,3.7612198866554536e-06,0.00027205204241909087,0.006095879711210728,0.9936282634735107
9671,2.0144083464401774e-05,0.0024785043206065893,0.028364982455968857,0.9691363573074341
9673,7.949286555231083e-06,0.0006722176913172007,0.007340829819440842,0.9919790029525757
9675,1.0155818927159999e-05,0.0011377374175935984,0.01185549609363079,0.9869965314865112
9677,6.862862392154057e-06,0.0010674198856577277,0.013208616524934769,0.9857170581817627
9679,9.916557246469893e-06,0.0005166320479474962,0.005136904306709766,0.9943364262580872
9681,9.551160474075004e-06,0.0009152183192782104,0.010976782999932766,0.9880984425544739
9683,1.428272753400961e-05,0.0014342910144478083,0.014261244796216488,0.9842901825904846
9685,9.16975477593951e-06,0.0005246784421615303,0.005299064330756664,0.9941670894622803
9687,5.469227471621707e-05,0.011269413866102695,0.17355026304721832,0.8151256442070007
9689,4.622592678060755e-05,0.0032917209900915623,0.02509479783475399,0.9715672731399536
9691,1.782588333298918e-05,0.004294225480407476,0.15137667953968048,0.8443112373352051
9693,5.696801054000389e-06,0.0005902403499931097,0.012424242682754993,0.9869798421859741
9695,0.0003993771388195455,0.1537420153617859,0.5802162289619446,0.265642374753952
9697,3.534660663717659e-06,0.0002679344324860722,0.005728691350668669,0.9939998388290405
9699,6.0381553339539096e-05,0.004367446526885033,0.022529002279043198,0.9730431437492371
9701,8.314594197145198e-06,0.0008220180170610547,0.009118059650063515,0.9900515675544739
9703,9.50885169004323e-06,0.0013466133968904614,0.030173616483807564,0.9684703350067139
9705,3.204240056220442e-05,0.005388702731579542,0.08833882212638855,0.9062405228614807
9707,0.00011773541336879134,0.032644763588905334,0.3794828951358795,0.5877546072006226
9709,5.2819821576122195e-05,0.03513266518712044,0.5162707567214966,0.4485437870025635
9711,3.5066659620497376e-05,0.0036904397420585155,0.035013917833566666,0.9612606167793274
9713,8.805278412182815e-06,0.0009864389430731535,0.014049630612134933,0.9849551320075989
9715,1.446892747480888e-05,0.003274362301453948,0.07452414184808731,0.9221870303153992
9717,1.4951927369111218e-05,0.0015983311459422112,0.015164543874561787,0.9832220673561096
9719,2.185287712563877e-06,0.0001484870008425787,0.002359305042773485,0.9974900484085083
9721,0.00011378130875527859,0.02698477916419506,0.30882447957992554,0.6640769243240356
9723,3.2027357519837096e-05,0.0017486345022916794,0.018799593672156334,0.9794196486473083
9725,0.0008384422399103642,0.13881824910640717,0.5664650797843933,0.2938781976699829
9727,0.0003874932008329779,0.12758949398994446,0.6182810068130493,0.2537420094013214
9729,2.2208228074305225e-06,0.0001070052312570624,0.001896713045425713,0.9979941844940186
9731,0.00015494362742174417,0.011207195930182934,0.09834001958370209,0.8902978301048279
9733,1.3163693438400514e-05,0.002284066053107381,0.06173384189605713,0.9359688758850098
9735,2.278424744872609e-06,0.00027598851011134684,0.0073437816463410854,0.9923778772354126
9737,0.00012613198487088084,0.007563420571386814,0.04706118255853653,0.9452491402626038
9739,3.543054617693997e-06,0.0002603076572995633,0.0033757213968783617,0.9963603615760803
9741,1.7797085547499591e-06,0.00020570633932948112,0.004467457067221403,0.995324969291687
9743,8.702824743522797e-06,0.0008470608736388385,0.01031931396573782,0.9888249039649963
9745,9.026929910760373e-05,0.3509581983089447,0.6455109119415283,0.0034406729973852634
9747,4.0617956074129324e-06,0.00048438264639116824,0.007117949891835451,0.9923936128616333
9749,5.438180596684106e-05,0.03293462097644806,0.4271026849746704,0.5399083495140076
9751,3.3262072975048795e-05,0.01618625596165657,0.49573302268981934,0.48804742097854614
9753,1.0858042514882982e-05,0.0009928018553182483,0.007687923964112997,0.9913085103034973
9755,1.2507481187640224e-05,0.0007738105487078428,0.007115828339010477,0.9920978546142578
9757,2.1823927454533987e-05,0.001603400451131165,0.012034188024699688,0.9863405227661133
9759,3.8487323763547465e-05,0.0038050292059779167,0.03554142266511917,0.9606149792671204
9761,6.944691995158792e-05,0.034327007830142975,0.4451594352722168,0.5204440355300903
9763,1.0403478881926276e-05,0.0012214150046929717,0.018809931352734566,0.9799582362174988
9765,6.586892413906753e-05,0.09873224794864655,0.8266749382019043,0.07452700287103653
9767,2.398274091319763e-06,0.00022624633857049048,0.0030271427240222692,0.9967441558837891
9769,1.0241983545711264e-05,0.002667762339115143,0.07675473392009735,0.9205672144889832
9771,3.098953311564401e-05,0.010527798905968666,0.31743380427360535,0.6720073819160461
9773,1.8434257071930915e-05,0.003739513223990798,0.08121340721845627,0.9150286912918091
9775,4.141846147831529e-06,0.00030430080369114876,0.0034285462461411953,0.9962630867958069
9777,6.919783572811866e-06,0.0015906286425888538,0.03508870303630829,0.9633138179779053
9779,0.00026356795569881797,0.13441486656665802,0.7266398668289185,0.13868165016174316
9781,2.474988150424906e-06,0.00017351006681565195,0.002844408852979541,0.9969795942306519
9783,2.250111174362246e-05,0.05142808333039284,0.8835381269454956,0.06501119583845139
9785,5.139357381267473e-05,0.03365403041243553,0.6974165439605713,0.2688780426979065
9787,4.247339165885933e-05,0.004611819516867399,0.05980698764324188,0.9355387091636658
9789,0.000153572007548064,0.039381228387355804,0.416824072599411,0.5436410903930664
9791,8.163237362168729e-05,0.14991909265518188,0.7855198383331299,0.06447939574718475
9793,1.2373955541988835e-05,0.003484984626993537,0.04519396647810936,0.9513087272644043
9795,2.6642688681022264e-05,0.01296507753431797,0.39092254638671875,0.5960857272148132
9797,0.0009147142991423607,0.6682126522064209,0.315641313791275,0.015231360681355
9799,3.656726676126709e-06,0.0002334150776732713,0.0030746408738195896,0.9966883063316345
9801,4.916680154565256e-06,0.0002902545966207981,0.003823354607447982,0.9958814382553101
9803,1.701975088508334e-05,0.0020940902177244425,0.02551124058663845,0.972377598285675
9805,1.7627606212045066e-05,0.010510092601180077,0.2753274142742157,0.7141449451446533
9807,1.4750130503671244e-05,0.0013486738316714764,0.013409947976469994,0.9852266907691956
9809,2.5122863007709384e-05,0.03649856522679329,0.7217277884483337,0.24174852669239044
9811,7.092361556715332e-06,0.0007945440011098981,0.011859605088829994,0.987338662147522
9813,1.9774781321757473e-05,0.0015225737588480115,0.016888823360204697,0.9815688133239746
9815,5.186537237023003e-06,0.0006793023203499615,0.012423141859471798,0.9868924021720886
9817,4.946611170453252e-06,0.000571750511880964,0.013012981042265892,0.9864103198051453
9819,4.099482612218708e-05,0.005043955519795418,0.04860933870077133,0.9463056921958923
9821,8.503980643581599e-05,0.03430750593543053,0.3574923872947693,0.6081150770187378
9823,4.054918099427596e-05,0.007607504725456238,0.12667632102966309,0.8656756281852722
9825,0.010992647148668766,0.5054007172584534,0.40610089898109436,0.07750571519136429
9827,3.5157238016836345e-05,0.00521779665723443,0.0606548897922039,0.9340922236442566
9829,2.5825107513810508e-05,0.004343115258961916,0.07231935858726501,0.923311710357666
9831,0.00027237064205110073,0.08165748417377472,0.46262118220329285,0.4554489254951477
9833,2.359871132284752e-06,0.0001761096646077931,0.003592961234971881,0.9962285757064819
9835,5.656994744640542e-06,0.00034455981221981347,0.004132520407438278,0.9955173134803772
9837,2.3674127078265883e-05,0.004107758402824402,0.051631271839141846,0.9442372918128967
9839,1.4269152416090947e-05,0.0012256482150405645,0.015405426733195782,0.9833546280860901
9841,6.459895666921511e-05,0.08282193541526794,0.7498086094856262,0.16730491816997528
9843,3.834084054687992e-05,0.1216636672616005,0.8445132374763489,0.03378478065133095
9845,1.9386576241231523e-05,0.002240783767774701,0.020286398008465767,0.9774534106254578
9847,5.566676918533631e-05,0.11404898762702942,0.8694649934768677,0.016430314630270004
9849,1.1646827260847203e-05,0.0011695902794599533,0.015406331047415733,0.9834123849868774
9851,9.286144631914794e-06,0.0006309795426204801,0.008182667195796967,0.9911770820617676
9853,2.4405630028923042e-05,0.001232363167218864,0.010000985115766525,0.9887421727180481
9855,3.190409188391641e-05,0.007806673180311918,0.18331919610500336,0.8088422417640686
9857,4.182075826975051e-06,0.0005308915860950947,0.009120753966271877,0.9903441071510315
9859,3.5242712328908965e-05,0.007730151992291212,0.1787080615758896,0.8135265111923218
9861,3.023967110493686e-05,0.0032834650482982397,0.04258062690496445,0.9541056156158447
9863,5.239597521722317e-05,0.011138967238366604,0.14445233345031738,0.8443562984466553
9865,5.9792506363010034e-05,0.016321774572134018,0.2675683796405792,0.7160500288009644
9867,6.401244263543049e-06,0.0027922901790589094,0.3031907379627228,0.6940105557441711
9869,6.169080279505579e-06,0.0007019939366728067,0.010810786858201027,0.9884810447692871
9871,3.644552862169803e-06,0.00033848630846478045,0.006287750322371721,0.9933701753616333
9873,8.785654245002661e-06,0.0013664824655279517,0.03110099770128727,0.9675236344337463
9875,2.8173129976494238e-05,0.010348725132644176,0.2753693759441376,0.7142537832260132
9877,6.326810398604721e-05,0.022879721596837044,0.38698115944862366,0.5900757908821106
9879,6.815830602135975e-06,0.0004778266593348235,0.005137120373547077,0.9943782687187195
9881,1.0788406143547036e-05,0.0014808137202635407,0.02882784605026245,0.9696806073188782
9883,8.0787740444066e-06,0.00058434420498088,0.0068997484631836414,0.9925078749656677
9885,4.626870941137895e-05,0.012051759287714958,0.2874605655670166,0.7004414200782776
9887,3.6507515233097365e-06,0.0003286301507614553,0.004608041141182184,0.9950597286224365
9889,1.4778066542930901e-05,0.0010360224405303597,0.011856649070978165,0.9870926141738892
9891,0.00020037508511450142,0.028376486152410507,0.3050759732723236,0.6663472056388855
9893,0.00044352267286740243,0.21922940015792847,0.614844024181366,0.1654830276966095
9895,0.00011540669947862625,0.08299929648637772,0.6132864356040955,0.3035987913608551
9897,4.001218258053996e-06,0.0004210909246467054,0.006586970295757055,0.9929879307746887
9899,3.3799713037296897e-06,0.0002332806179765612,0.0036491230130195618,0.9961141347885132
9901,7.16188587830402e-05,0.061166711151599884,0.6891632676124573,0.24959838390350342
9903,1.755555672389164e-06,0.00012898040586151183,0.0025906404480338097,0.99727863073349
9905,0.0014288643142208457,0.12082944065332413,0.4217361509799957,0.4560055136680603
9907,1.7264535472349962e-06,0.00015785775030963123,0.003649404738098383,0.9961910247802734
9909,4.259451452526264e-05,0.00540713919326663,0.0563436821103096,0.9382065534591675
9911,2.0235538613633253e-05,0.002821264322847128,0.02362215705215931,0.9735363125801086
9913,1.0925970855168998e-05,0.001046956516802311,0.016897018998861313,0.9820451140403748
9915,4.7644471123931e-06,0.00030891201458871365,0.004006031434983015,0.9956802129745483
9917,8.06745738373138e-05,0.005655724089592695,0.043117038905620575,0.9511466026306152
9919,2.8508819013950415e-05,0.0022647359874099493,0.02512110210955143,0.9725856781005859
9921,4.688757599069504e-06,0.00030400455580092967,0.004398054908961058,0.9952932000160217
9923,8.250586688518524e-05,0.016736870631575584,0.21368204057216644,0.7694985866546631
9925,5.7368284615222365e-05,0.05215584859251976,0.5968920588493347,0.3508947491645813
9927,1.2771338333550375e-05,0.0030765938572585583,0.07453905791044235,0.9223715662956238
9929,8.585414434492122e-06,0.003863929072394967,0.16175121068954468,0.8343762755393982
9931,3.6011683732795063e-06,0.00023716552823316306,0.002756958594545722,0.9970023036003113
9933,3.900388765032403e-05,0.005610590800642967,0.05079414322972298,0.9435563087463379
9935,5.847059946972877e-05,0.02017650380730629,0.3520924150943756,0.6276726126670837
9937,3.543492312019225e-06,0.00024077498528640717,0.0032722651958465576,0.9964834451675415
9939,5.8053947213920765e-06,0.0005308144609443843,0.00926303956657648,0.9902003407478333
9941,0.00016755604883655906,0.008866787888109684,0.05781872197985649,0.9331468939781189
9943,1.0295729225617833e-05,0.0008571425569243729,0.014051427133381367,0.985081136226654
9945,8.558421541238204e-05,0.03562314435839653,0.44081294536590576,0.5234783291816711
9947,6.198322353156982e-06,0.0005407886346802115,0.006286460906267166,0.9931665062904358
9949,1.2405323104758281e-05,0.0019598547369241714,0.05909346789121628,0.9389342069625854
9951,1.9082861399510875e-05,0.003871086984872818,0.10627555847167969,0.8898343443870544
9953,4.0398088458459824e-05,0.009885086677968502,0.19243861734867096,0.7976358532905579
9955,0.00039296713657677174,0.039462294429540634,0.22708982229232788,0.7330549359321594
9957,1.1854831427626777e-05,0.0011183510068804026,0.01341307908296585,0.9854567646980286
9959,2.7398682505008765e-05,0.0040032826364040375,0.04653662443161011,0.9494326710700989
9961,9.719488298287615e-05,0.01584276184439659,0.1456873118877411,0.8383727073669434
9963,9.007932931126561e-06,0.0007617402006871998,0.007227189373224974,0.9920021295547485
9965,3.3395557693438604e-05,0.017848465591669083,0.35293805599212646,0.6291801333427429
9967,1.0888869837799575e-05,0.001590997097082436,0.019687537103891373,0.9787105321884155
9969,6.553703133249655e-05,0.10294913500547409,0.797203540802002,0.09978173673152924
9971,0.002248181961476803,0.24032612144947052,0.5948128700256348,0.16261279582977295
9973,4.817624358111061e-06,0.0004991496098227799,0.008311588317155838,0.991184413433075
9975,1.0229850886389613e-05,0.0018313523614779115,0.03455508500337601,0.9636033177375793
9977,3.116438165307045e-05,0.01829303614795208,0.29523468017578125,0.6864411234855652
9979,6.6416887420928106e-06,0.0008171856170520186,0.014944763854146004,0.9842313528060913
9981,1.0023490176536143e-05,0.0006601265049539506,0.009853248484432697,0.9894766807556152
9983,3.90233144571539e-05,0.008970164693892002,0.14477111399173737,0.8462197184562683
9985,4.3368600017856807e-05,0.003391781821846962,0.026264820247888565,0.9703000783920288
9987,4.007547886430984e-06,0.0002990705252159387,0.005138053093105555,0.9945587515830994
9989,0.0002584389003459364,0.09201062470674515,0.5815249681472778,0.32620593905448914
9991,2.8083344659535214e-05,0.0041679381392896175,0.03773342818021774,0.9580705761909485
9993,4.826535132451681e-06,0.00049231993034482,0.0064850435592234135,0.9930177927017212
9995,1.8245753381052054e-05,0.004534895531833172,0.07551278918981552,0.9199341535568237
9997,2.6312970931030577e-06,0.00020259864686522633,0.004069302696734667,0.9957255125045776
9999,1.2867621990153566e-05,0.0008743355865590274,0.009851107373833656,0.9892617464065552
