id,p_same_figure,p_same_paper,p_related_papers,p_unrelated_papers
0,0.969253420829773,0.0246469005942344,0.0048532621003687,0.0012464207829907
1,0.9687925577163696,0.0227838177233934,0.006132180802524,0.002291428623721
2,0.958816647529602,0.0317994803190231,0.0076719806529581,0.0017118502873927
3,0.9590668678283693,0.0366105251014232,0.0037400005385279,0.0005825797561556
4,0.968336820602417,0.0238660033792257,0.0066273501142859,0.0011697968002408
5,0.9412908554077148,0.0522806942462921,0.005424914881587,0.001003508339636
6,0.9753100872039796,0.0205606799572706,0.0033564383629709,0.0007726960466243
7,0.8328467011451721,0.1470061838626861,0.0181147158145904,0.0020324147772043
8,0.976223349571228,0.0190333258360624,0.0038668543566018,0.0008763991645537
9,0.9524222016334534,0.0336246155202388,0.0114401988685131,0.0025130782742053
10,0.9156173467636108,0.0632897615432739,0.0181328188627958,0.0029601014684885
11,0.9303743839263916,0.0613648444414138,0.0073289857245981,0.0009317759540863
12,0.8337827324867249,0.1518431156873703,0.0132679045200347,0.0011062466073781
13,0.7077812552452087,0.2563413977622986,0.0336246713995933,0.0022527126129716
14,0.8884652256965637,0.0893552973866462,0.0190248396247625,0.0031546279788017
15,0.3719619512557983,0.5671742558479309,0.0570422150194644,0.0038215899839997
16,0.9851390719413756,0.0124010713770985,0.0019317143596708,0.0005281012854538
17,0.9494801759719848,0.0410704836249351,0.0080872578546404,0.0013621164252981
18,0.9687105417251588,0.0246330965310335,0.0052446885965764,0.0014115886297076
19,0.8903515934944153,0.0742354243993759,0.028176587074995,0.0072363470681011
20,0.8524297475814819,0.1307243406772613,0.0153707414865493,0.0014750853879377
21,0.9668529033660888,0.0270022824406623,0.004994919989258,0.0011498958338052
22,0.9269234538078308,0.0548030547797679,0.014982322230935,0.0032911794260144
23,0.9648898839950562,0.0315047688782215,0.0031193946488201,0.0004859079781454
24,0.932790756225586,0.0534531697630882,0.0119270142167806,0.0018290670122951
25,0.9738366007804872,0.019897986203432,0.004953000228852,0.0013124145334586
26,0.9754260182380676,0.019621467217803,0.0040491190738976,0.000903480569832
27,0.922357976436615,0.0722446590662002,0.0049937316216528,0.0004035553720314
28,0.9732660055160522,0.0218408592045307,0.0039775157347321,0.0009156761807389
29,0.6608441472053528,0.3170764744281769,0.0212428011000156,0.0008366436813957
30,0.97614187002182,0.0178786627948284,0.0046639279462397,0.0013155213091522
31,0.3240289092063904,0.5177966952323914,0.0972911193966865,0.0608832240104675
32,0.9540215134620668,0.0336810797452926,0.0090651391074061,0.0032322749029845
33,0.9754738807678224,0.0190187133848667,0.0043104761280119,0.0011969759361818
34,0.9560316801071168,0.0353718437254428,0.0067508341744542,0.0018455752870067
35,0.9744656682014464,0.0218677818775177,0.0030060873832553,0.0006603497313335
36,0.9623608589172364,0.030455432832241,0.0060914703644812,0.001092140446417
37,0.971732258796692,0.0235783830285072,0.0037893906701356,0.0009000592399388
38,0.9873637557029724,0.0109686218202114,0.0013515993487089,0.0003160558117087
39,0.9384225606918336,0.0467213056981563,0.0123799135908484,0.0024761385284364
40,0.9761831164360046,0.0205790847539901,0.0026163368020206,0.0006214344175532
41,0.9799562692642212,0.0155939497053623,0.0033201433252543,0.0011296218726783
42,0.960956335067749,0.0294753406196832,0.007223242893815,0.0023450434673577
43,0.9474380612373352,0.0403467789292335,0.0100431079044938,0.0021719741635024
44,0.9620805978775024,0.0329205878078937,0.0043862438760697,0.0006124568171799
45,0.9689837098121644,0.0250280648469924,0.004702634178102,0.0012856285320594
46,0.8062633872032166,0.1799016892910003,0.0128299919888377,0.0010049226693809
47,0.174921229481697,0.5825766324996948,0.2176930010318756,0.02480910718441
48,0.9715397953987122,0.0214641094207763,0.0055124396458268,0.0014836529735475
49,0.9784368872642516,0.018202906474471,0.0029254732653498,0.0004348327929619
50,0.9583585262298584,0.0349082089960575,0.0057883481495082,0.0009449219214729
51,0.9699583053588868,0.0228112339973449,0.0056781647726893,0.0015523240435868
52,0.3680123388767242,0.5611518025398254,0.0659809708595275,0.0048549142666161
53,0.9599548578262328,0.0338905528187751,0.0052791298367083,0.0008753655711188
54,0.9176740646362304,0.0765135064721107,0.0052888048812747,0.0005236625438556
55,0.7609042525291443,0.1894040554761886,0.0436032861471176,0.0060883830301463
56,0.8173969388008118,0.1512032300233841,0.0266889557242393,0.0047108805738389
57,0.9839522242546082,0.0129805533215403,0.0025560224894434,0.0005112366634421
58,0.9732773303985596,0.0208409335464239,0.004507168661803,0.0013746086042374
59,0.9695055484771729,0.0224470943212509,0.0062333331443369,0.001814003335312
60,0.9692482352256776,0.0238884668797254,0.00576336029917,0.0010999566875398
61,0.9279470443725586,0.0612047463655471,0.0093860514461994,0.0014620647998526
62,0.7334750890731812,0.2344327270984649,0.0302741341292858,0.0018181030172854
63,0.9101397395133972,0.0782941654324531,0.0104316901415586,0.0011343936203047
64,0.8243849873542786,0.1598143130540847,0.0148650472983717,0.0009355578222312
65,0.924920380115509,0.0619658008217811,0.011462521739304,0.0016513327136635
66,0.9686114192008972,0.0250184517353773,0.0051628486253321,0.0012072724057361
67,0.9689924120903016,0.027488199993968,0.0028523174114525,0.0006669813301414
68,0.9775533080101012,0.0170846059918403,0.0042526950128376,0.0011093816719949
69,0.9312680959701538,0.0623910725116729,0.0052839410491287,0.0010568547295406
70,0.7515802383422852,0.2022850811481475,0.0398322939872741,0.0063023846596479
71,0.909365177154541,0.0770147293806076,0.0119965812191367,0.0016235606744885
72,0.946313977241516,0.0442596971988678,0.0079353265464305,0.001491003553383
73,0.957820475101471,0.0365629456937313,0.0047960150986909,0.0008205014164559
74,0.8478718400001526,0.134152814745903,0.0165308695286512,0.0014444513944908
75,0.7731993198394775,0.1865430325269699,0.0367324985563755,0.0035251108929514
76,0.976356029510498,0.0173323955386877,0.0048888265155255,0.0014227295760065
77,0.980674922466278,0.0151252578943967,0.0031704260036349,0.0010292866500094
78,0.9201687574386596,0.0616474635899066,0.0153452670201659,0.0028385890182107
79,0.987086296081543,0.0101414658129215,0.0020928096491843,0.000679435848724
80,0.9537826180458068,0.0342029146850109,0.0094978054985404,0.0025166680570691
81,0.0373881123960018,0.3492289781570434,0.4484188854694366,0.1649641096591949
82,0.972114324569702,0.020493309944868,0.0055156992748379,0.0018766222056001
83,0.9386839270591736,0.0497484244406223,0.0093474518507719,0.0022202143445611
84,0.920072078704834,0.0626116916537284,0.0151057727634906,0.0022104631643742
85,0.9754300713539124,0.0199305452406406,0.0038038108032196,0.0008355863974429
86,0.8362101912498474,0.1323076784610748,0.0281699262559413,0.0033122573513537
87,0.8878512978553772,0.0879091843962669,0.0215430725365877,0.0026964317075908
88,0.806885838508606,0.1828757971525192,0.00924823153764,0.0009901064913719
89,0.9467183351516724,0.0372863225638866,0.0126860328018665,0.0033093495294451
90,0.9672285914421082,0.0261816792190074,0.0054028946906328,0.0011868583969771
91,0.1775585263967514,0.747549295425415,0.0717401355504989,0.0031520412303507
92,0.9763597846031188,0.0178826544433832,0.0045214430429041,0.0012360936962068
93,0.9376975893974304,0.0504787527024745,0.0100963860750198,0.0017272878903895
94,0.9619582891464232,0.0304426923394203,0.0063811354339122,0.0012178609613329
95,0.9803580045700072,0.014655165374279,0.0035357233136892,0.0014510578475892
96,0.9545630812644958,0.0375952869653701,0.0061372620984911,0.0017042561667039
97,0.9789984822273254,0.0165834482759237,0.0034221881069242,0.00099591340404
98,0.9779321551322936,0.0170912276953458,0.0038135680370032,0.0011630725348368
99,0.9456235766410828,0.0456313304603099,0.0075664166361093,0.0011786204995587
100,0.8527607917785645,0.1287476271390915,0.0166261903941631,0.0018654067534953
101,0.6772741675376892,0.2233413308858871,0.0834565535187721,0.0159279610961675
102,0.9751811623573304,0.0212105400860309,0.0029157390817999,0.0006925486959517
103,0.9564035534858704,0.0359428450465202,0.0063442885875701,0.0013092180015519
104,0.9254587292671204,0.0620018690824508,0.0102809183299541,0.0022584178950637
105,0.9845808148384094,0.0123940436169505,0.0022571231238543,0.000767947465647
106,0.9785352349281312,0.0171017684042453,0.0033675376325845,0.0009954422712326
107,0.918916642665863,0.0676143616437912,0.0117496140301227,0.0017193484818562
108,0.9345553517341614,0.0495296195149421,0.0133307157084345,0.0025842771865427
109,0.9346138834953308,0.0480087585747242,0.014872420579195,0.0025049240794032
110,0.9143202900886536,0.0738884136080741,0.0104796057567,0.0013116763439029
111,0.9627851247787476,0.0304688587784767,0.0056361723691225,0.0011098282411694
112,0.9494365453720092,0.0437172949314117,0.0057344604283571,0.0011116758687421
113,0.417829692363739,0.3986958861351013,0.1636244505643844,0.0198498982936143
114,0.9639036059379578,0.0319681875407695,0.0035867313854396,0.000541515473742
115,0.8900545835494995,0.1014339402318,0.0079449201002717,0.0005666053621098
116,0.7487984895706177,0.2179127633571624,0.0318876877427101,0.0014010471059009
117,0.7750605344772339,0.2053706049919128,0.0182276777923107,0.0013412019470706
118,0.9740492105484008,0.021519549190998,0.003739537205547,0.0006917447899468
119,0.8478304147720337,0.1320665031671524,0.0184406153857707,0.0016624721465632
120,0.791740894317627,0.1712259799242019,0.0326790511608123,0.0043540620245039
121,0.824205219745636,0.1500989198684692,0.0233809016644954,0.0023150229826569
122,0.3648609519004822,0.3823709785938263,0.1922681927680969,0.0604998767375946
123,0.9360302686691284,0.0528072193264961,0.0096169086173176,0.0015455778921023
124,0.9538291692733764,0.0347432270646095,0.0090633118525147,0.0023643062449991
125,0.9362002611160278,0.0528168082237243,0.009618654847145,0.0013642152771353
126,0.9825555086135864,0.0142361121252179,0.0025925887748599,0.0006157937459647
127,0.0495800599455833,0.4631096124649048,0.3961186408996582,0.091191679239273
128,0.9449281096458436,0.0500793568789958,0.0044447956606745,0.0005477063241414
129,0.5440415143966675,0.3404525220394134,0.099077321588993,0.0164286307990551
130,0.9735926985740662,0.020524475723505,0.0047250026836991,0.0011579116107895
131,0.9411755204200744,0.0506659783422946,0.007185963448137,0.0009725144482217
132,0.7007865905761719,0.2310948967933654,0.0584299378097057,0.0096886334940791
133,0.9336714744567872,0.0502620190382003,0.013318108394742,0.0027483471203595
134,0.763063371181488,0.2053757160902023,0.0286768767982721,0.0028841092716902
135,0.963813304901123,0.0309817306697368,0.0043260189704597,0.0008788839913904
136,0.9151851534843444,0.0763059854507446,0.0077951471321284,0.0007138206274248
137,0.972197949886322,0.0204950720071792,0.0055161737836897,0.0017908393638208
138,0.952997088432312,0.0387250557541847,0.0070523563772439,0.0012255158508196
139,0.9799880981445312,0.0153526859357953,0.0036465825978666,0.0010126193519681
140,0.8119034171104431,0.167545735836029,0.0185066740959882,0.0020441999658942
141,0.9832466244697572,0.012971244752407,0.0029398542828857,0.0008422823157161
142,0.7534933090209961,0.1965604871511459,0.0452507920563221,0.0046954555436968
143,0.9238646626472472,0.0658869594335556,0.0091998809948563,0.0010484528029337
144,0.8753753304481506,0.0937168225646019,0.0256207548081874,0.0052871415391564
145,0.9582557082176208,0.0303255189210176,0.0085537061095237,0.0028651328757405
146,0.0408097617328166,0.3580943048000335,0.4319441616535187,0.1691517680883407
147,0.9742031693458556,0.0195968691259622,0.0048024193383753,0.0013975837500765
148,0.95033198595047,0.0404700189828872,0.0077238385565578,0.0014741203049197
149,0.982348084449768,0.0137952007353305,0.0027592137921601,0.001097539323382
150,0.9856475591659546,0.0114750368520617,0.0022595685441046,0.0006177315954118
151,0.94021338224411,0.0514112412929534,0.0072916643694043,0.0010838091839104
152,0.001799194724299,0.2508459985256195,0.6506450176239014,0.0967097431421279
153,0.9491639733314514,0.0410568080842494,0.0082118771970272,0.0015672643203288
154,0.8337126970291138,0.1566499769687652,0.0089767593890428,0.0006605145754292
155,0.9721011519432068,0.0232216455042362,0.0037908293306827,0.0008864415576681
156,0.9586981534957886,0.03332145139575,0.0065613826736807,0.0014189983485266
157,0.9549961686134338,0.0331927798688411,0.0085246097296476,0.0032865300308912
158,0.9851909279823304,0.0114697199314832,0.0026820604689419,0.0006572672864422
159,0.989221215248108,0.008693216368556,0.0016852570697665,0.0004002836067229
160,0.9697667956352234,0.0246599558740854,0.0047805500216782,0.0007926929392851
161,0.6549409627914429,0.229905903339386,0.0872624367475509,0.0278907511383295
162,0.8553495407104492,0.1175819113850593,0.0235178619623184,0.0035506661515682
163,0.969309628009796,0.0258312262594699,0.0039613470435142,0.0008978153346106
164,0.9133885502815248,0.0682659670710563,0.014309324324131,0.0040361303836107
165,0.976595401763916,0.0173366442322731,0.0041826600208878,0.0018852726789191
166,0.9505471587181092,0.0411166362464427,0.0072575164958834,0.0010787335922941
167,0.8775383234024048,0.0855409801006317,0.0295621715486049,0.0073586073704063
168,0.9657336473464966,0.0238018445670604,0.0069267312064766,0.0035378285683691
169,0.8883378505706787,0.0764186754822731,0.0276770126074552,0.0075664739124476
170,0.9729456305503844,0.0214951690286397,0.0045056324452161,0.00105358986184
171,0.1407617479562759,0.5148850679397583,0.2933726608753204,0.0509805269539356
172,0.967093288898468,0.0242107082158327,0.0068289441987872,0.0018669293494895
173,0.9574456214904784,0.032761987298727,0.0080286711454391,0.0017636647680774
174,0.8297215700149536,0.1534830629825592,0.0145009653642773,0.002294385805726
175,0.9907664060592652,0.0078047215938568,0.0011968926992267,0.0002320282219443
176,0.9531702995300292,0.0412301048636436,0.0050805453211069,0.0005190103547647
177,0.8174222707748413,0.1512079238891601,0.0262759961187839,0.0050938338972628
178,0.9742434024810792,0.0199062973260879,0.0046548568643629,0.001195466145873
179,0.1098107248544693,0.3600555062294006,0.3600555062294006,0.1700781881809234
180,0.9491798877716064,0.043705478310585,0.0061026513576507,0.0010119188809767
181,0.9851598739624025,0.0114693585783243,0.0026819761842489,0.0006887884810566
182,0.9659990072250366,0.0278348214924335,0.0053123687393963,0.0008537753601558
183,0.9789757132530212,0.0165830627083778,0.0034759987611323,0.0009652500739321
184,0.9776294231414796,0.0187652297317981,0.0028777411207556,0.0007276069954968
185,0.977685809135437,0.017086923122406,0.003638015827164,0.0015893313102424
186,0.917203962802887,0.0696306526660919,0.0113668916746974,0.0017985035665333
187,0.5291033983230591,0.445549726486206,0.0247464943677186,0.000600455852691
188,0.9573367834091188,0.0327582620084285,0.008027758449316,0.0018771981121972
189,0.9835186004638672,0.0127736767753958,0.0029406673274934,0.0007671189378015
190,0.9646831750869752,0.0286792758852243,0.0055597312748432,0.0010778029682114
191,0.235106736421585,0.5381646752357483,0.1949103325605392,0.0318182371556758
192,0.9382123351097108,0.054610501974821,0.0063216248527169,0.0008555388776585
193,0.9561558961868286,0.0376580208539962,0.0053410432301461,0.000845075759571
194,0.8909490704536438,0.0910161733627319,0.0155710326507687,0.0024636948946863
195,0.8645080924034119,0.1226133182644844,0.0117668434977531,0.0011117225512862
196,0.7477880716323853,0.2142448723316192,0.0323461405932903,0.0056209159083664
197,0.9788224101066588,0.0158211905509233,0.0041921981610357,0.0011641313321888
198,0.0258850809186697,0.7927768230438232,0.1741499602794647,0.0071880272589623
199,0.8824535608291626,0.0944746136665344,0.0210801362991333,0.0019916356541216
200,0.977991223335266,0.0170922596007585,0.0038738569710403,0.0010426345979794
201,0.9504063725471495,0.0444510988891124,0.0044012549333274,0.0007412923150695
202,0.96290123462677,0.0309524107724428,0.0052953329868614,0.0008510375046171
203,0.959474503993988,0.0354992225766181,0.004109333269298,0.000916916236747
204,0.9372317790985109,0.0489013828337192,0.011615096591413,0.0022516890894621
205,0.9269673824310304,0.0601922385394573,0.0113097857683897,0.0015306131681427
206,0.8443396091461182,0.1444494873285293,0.0101419454440474,0.0010689530754461
207,0.9660406112670898,0.0274044647812843,0.0053125978447496,0.0012422893196344
208,0.9719650149345398,0.02395542524755,0.0034511061385273,0.0006284930859692
209,0.976292848587036,0.0187395755201578,0.0039898860268294,0.0009777635568752
210,0.9466803073883056,0.0435903817415237,0.0081903897225856,0.0015389285981655
211,0.9034271240234376,0.0853551179170608,0.0098805716261267,0.0013371900422498
212,0.7962920069694519,0.161776527762413,0.0402693599462509,0.0016621151007711
213,0.979074239730835,0.0173806492239236,0.002793324412778,0.000751813116949
214,0.9136329889297484,0.06828423589468,0.0154762091115117,0.0026066186837852
215,0.9783074855804444,0.0170977860689163,0.003583890851587,0.0010108827846124
216,0.9724369645118712,0.0205001104623079,0.0054319887422025,0.0016309787752106
217,0.9785045385360718,0.0165750812739133,0.0037566421087831,0.0011637533316388
218,0.979819357395172,0.0165973529219627,0.0029296069405972,0.0006536836735904
219,0.9818503260612488,0.0144499195739626,0.0028453581035137,0.0008543313597328
220,0.8639014959335327,0.103178322315216,0.0291027799248695,0.0038174542132765
221,0.8689202070236206,0.1157724186778068,0.0138270435854792,0.0014803098747506
222,0.5958765149116516,0.355814129114151,0.0459490641951561,0.0023602875880897
223,0.4849978983402252,0.3493309020996094,0.1574557572603225,0.0082154748961329
224,0.9657930731773376,0.0291644241660833,0.0043349047191441,0.000707653700374
225,0.867804765701294,0.1174446046352386,0.0131769189611077,0.0015737585490569
226,0.9852950572967528,0.0120214326307177,0.0021553242113441,0.0005281849298626
227,0.9464487433433532,0.0422389097511768,0.008853755891323,0.0024585991632193
228,0.7460664510726929,0.197687953710556,0.0476944334805011,0.0085511412471532
229,0.3424032926559448,0.3477953374385834,0.2176447808742523,0.0921565964818
230,0.3874500095844269,0.5213710069656372,0.0864517837762832,0.0047272178344428
231,0.9469205141067504,0.0449854992330074,0.0064807757735252,0.0016131927259266
232,0.939238429069519,0.0505617000162601,0.0090652136132121,0.0011346444953233
233,0.6644396781921387,0.2994864284992218,0.0336014442145824,0.002472411841154
234,0.9610058069229126,0.02994105219841,0.0073373694904148,0.0017157588154077
235,0.973320245742798,0.0208418536931276,0.0049503738991916,0.0008875531493686
236,0.0514020174741745,0.6164963841438293,0.3099938333034515,0.022107733413577
237,0.965281069278717,0.0261289607733488,0.006606435868889,0.0019836116116493
238,0.7863355278968811,0.1810247302055359,0.030016841366887,0.002622842323035
239,0.6428526043891907,0.2638261616230011,0.0817295312881469,0.0115917129442095
240,0.9669494032859802,0.0257683284580707,0.0056605506688356,0.001621774979867
241,0.8302593231201172,0.1465494781732559,0.0207851361483335,0.0024060541763901
242,0.9386672973632812,0.0474694371223449,0.0111001776531338,0.0027630527038127
243,0.8544055819511414,0.0973712503910064,0.0387316085398197,0.0094915898516774
244,0.9871394038200378,0.0111388200893998,0.0014384429669007,0.0002832462196238
245,0.9527842402458192,0.039945401251316,0.0062222927808761,0.001048005069606
246,0.9427129626274108,0.0469349138438701,0.0084149660542607,0.0019372352398931
247,0.9746147990226746,0.0196051485836505,0.0046566314995288,0.0011234646663069
248,0.4121417999267578,0.4252246022224426,0.1424324065446853,0.0202012099325656
249,0.0820171236991882,0.8956530094146729,0.0217323750257492,0.000597532314714
250,0.9715770483016968,0.0214649327099323,0.0054271854460239,0.0015308078145608
251,0.0696112215518951,0.4331355988979339,0.3943744301795959,0.1028787270188331
252,0.939190149307251,0.0538198836147785,0.0061335149221122,0.000856430560816
253,0.9566361904144288,0.0332497842609882,0.0081482091918587,0.0019658468663692
254,0.7776206731796265,0.1905641555786132,0.028324831277132,0.0034903043415397
255,0.9386982321739196,0.04747099801898,0.0112753510475158,0.0025554900057613
256,0.9430782794952391,0.0420884899795055,0.0116875525563955,0.0031456616707146
257,0.9324753284454346,0.0577771104872226,0.0083235818892717,0.0014239969896152
258,0.9564228653907776,0.0353863164782524,0.0063444166444242,0.0018463304731994
259,0.3379937708377838,0.4548203349113464,0.17811019718647,0.0290756896138191
260,0.9530385136604308,0.0363804064691066,0.0090557988733053,0.0015252454904839
261,0.1795726418495178,0.5980682373046875,0.1911540925502777,0.0312050487846136
262,0.9791807532310486,0.015581608749926,0.0041937329806387,0.0010439027100801
263,0.9740595817565918,0.0208576843142509,0.0041071218438446,0.0009755269857123
264,0.978686273097992,0.0182075463235378,0.0026643525343388,0.0004417930031195
265,0.8728636503219604,0.1162978261709213,0.0100044449791312,0.0008341470384038
266,0.9871516227722168,0.0107962470501661,0.0017901932587847,0.0002619631704874
267,0.6617714166641235,0.2511801123619079,0.0730975717306137,0.0139509169384837
268,0.9713957905769348,0.0232047960162162,0.0042259073816239,0.0011734921718016
269,0.9775377511978148,0.0173533726483583,0.0038120299577713,0.0012969778617843
270,0.8900524377822876,0.0983129069209098,0.0105252834036946,0.0011093568755313
271,0.9590361714363098,0.033333197236061,0.0061660213395953,0.0014645584160462
272,0.9837750792503356,0.0125789185985922,0.0027203820645809,0.000925563450437
273,0.7658999562263489,0.1708953827619552,0.039342351257801,0.0238623432815074
274,0.949819266796112,0.0392037257552146,0.009025209583342,0.0019518383778631
275,0.96866375207901,0.0235039293766021,0.0065268049947917,0.0013054432347416
276,0.1416046321392059,0.6755579113960266,0.1734976321458816,0.0093398382887244
277,0.972920835018158,0.0214946195483207,0.004871625918895,0.0007128763245418
278,0.9666795134544371,0.0257611367851495,0.0062151630409061,0.0013441233895719
279,0.9766987562179564,0.0170696713030338,0.0047400770708918,0.0014915312640368
280,0.6505392789840698,0.317047506570816,0.0299544148147106,0.0024588080123066
281,0.003372153500095,0.8123461604118347,0.1812589317560196,0.0030227790120989
282,0.1806377470493316,0.5831058025360107,0.1953159868717193,0.0409404523670673
283,0.977568507194519,0.017627203837037,0.0036948625929653,0.0011093989014625
284,0.9769428968429564,0.0202758014202117,0.0023470947053283,0.0004341688472777
285,0.1363435536623001,0.6607019901275635,0.1922752261161804,0.0106792524456977
286,0.9813172221183776,0.0144420750439167,0.0032732086256146,0.0009675587643869
287,0.9473468661308287,0.0429447889328002,0.0080690868198871,0.0016393344849348
288,0.9484604001045228,0.0443600863218307,0.005818776320666,0.0013606534339487
289,0.1123896092176437,0.4658419489860534,0.340817242860794,0.0809511840343475
290,0.9819886088371276,0.0153840258717536,0.002148091327399,0.0004793039988726
291,0.93730890750885,0.0554170794785022,0.0066186268813908,0.0006553328130394
292,0.8420730829238892,0.1311696916818618,0.0217500664293766,0.0050071491859853
293,0.9722355604171752,0.0214794818311929,0.0048681944608688,0.0014167253393679
294,0.310514748096466,0.4962011575698852,0.1714825332164764,0.0218015573918819
295,0.8091467618942261,0.1568602472543716,0.0294731687754392,0.0045198570005595
296,0.9576637744903564,0.0343420915305614,0.0065543032251298,0.0014397891936823
297,0.9830847382545472,0.0131733436137437,0.0030326759442687,0.0007091560401022
298,0.9461610317230223,0.0415714159607887,0.0100295711308717,0.0022378996945917
299,0.9737677574157716,0.0195881109684705,0.0051098642870783,0.0015342594124376
300,0.970122456550598,0.0250574797391891,0.0040271030738949,0.0007929836283437
301,0.4343687295913696,0.4276344776153564,0.1206198409199714,0.0173769369721412
302,0.9710408449172974,0.0228366926312446,0.004639555234462,0.0014828909188508
303,0.9729112386703492,0.020510109141469,0.0052674314938485,0.0013111674925312
304,0.4228422939777374,0.4501132667064667,0.1155986487865448,0.0114458166062831
305,0.9667357802391052,0.0257626362144947,0.0057484209537506,0.0017531693447381
306,0.9855981469154358,0.011838698759675,0.0020896543283015,0.0004736075352411
307,0.5595211386680603,0.3556532561779022,0.0733931958675384,0.0114324549213051
308,0.7316739559173584,0.2231479287147522,0.0412782207131385,0.0038999351672828
309,0.9658892154693604,0.0278316587209701,0.0053117652423679,0.0009673443273641
310,0.9579527378082277,0.0354429185390472,0.0051864446140825,0.0014178949641063
311,0.9830007553100586,0.0135903488844633,0.0025535507593303,0.0008553324150852
312,0.2220002561807632,0.6034591794013977,0.1574217528104782,0.0171188209205865
313,0.8220363259315491,0.1363069862127304,0.0361177586019039,0.005538837518543
314,0.9623926281929016,0.0304564386606216,0.0058127134107053,0.0013381626922637
315,0.9544145464897156,0.0381813868880271,0.0062329396605491,0.0011711346451193
316,0.9718745946884156,0.0225019454956054,0.0044308956712484,0.0011925593717023
317,0.9804835915565492,0.0151223074644804,0.0034273795317858,0.0009667368140071
318,0.0740149840712547,0.3939178884029388,0.4001211822032928,0.1319459676742553
319,0.9754759073257446,0.0184336062520742,0.0047341422177851,0.001356354332529
320,0.9585046172142028,0.0354633405804634,0.0047994405031204,0.0012325983261689
321,0.97569739818573,0.0193226393312215,0.003987452480942,0.0009925552876666
322,0.5812954902648926,0.3525735437870025,0.0584624260663986,0.0076686013489961
323,0.4094711244106293,0.4224691390991211,0.1483006179332733,0.0197591446340084
324,0.8869885206222534,0.0995173528790474,0.0118856532499194,0.001608548220247
325,0.9329190254211426,0.0534605160355567,0.0119286533445119,0.0016918428009375
326,0.8230329155921936,0.1364722251892089,0.0356009118258953,0.0048939320258796
327,0.9791258573532104,0.0160753205418586,0.0038182230200618,0.0009806008310988
328,0.052323792129755,0.7810007929801941,0.1562099903821945,0.0104654170572757
329,0.29242604970932,0.6190658807754517,0.0837814584374427,0.0047266264446079
330,0.8338466882705688,0.1298882663249969,0.0280903056263923,0.0081747462972998
331,0.2711891829967499,0.7034112215042114,0.0248334538191556,0.0005660582683049
332,0.7616890668869019,0.1699558049440384,0.0578245520591735,0.0105306329205632
333,0.9508755803108216,0.0374500565230846,0.0100795459002256,0.001594815752469
334,0.4358834624290466,0.5095993876457214,0.0496749021112918,0.0048422273248434
335,0.9382102489471436,0.0513017103075981,0.009055289439857,0.0014327547978609
336,0.9059461355209352,0.0804072842001915,0.0119514763355255,0.0016950798453763
337,0.7043187022209167,0.2511325776576996,0.0403606742620468,0.0041880318894982
338,0.95603746175766,0.0382463112473487,0.0047128698788583,0.0010034278966486
339,0.9690074324607848,0.0266428887844085,0.0036057229153811,0.0007440829649567
340,0.986154854297638,0.0114809423685073,0.001995088532567,0.0003690542653203
341,0.9798392057418824,0.015837624669075,0.003372024744749,0.0009511232492513
342,0.959797739982605,0.0349606312811374,0.0044447453692555,0.0007968989084474
343,0.9718536138534546,0.0243298802524805,0.0030931972432881,0.0007233083015307
344,0.8011494278907776,0.1844350695610046,0.0131532968953251,0.0012622835347428
345,0.9748072028160096,0.0202314779162406,0.0039220508188009,0.0010392401600256
346,0.9823526740074158,0.0142331728711724,0.002716448623687,0.0006976416916586
347,0.9776237607002258,0.0173549000173807,0.0039953249506652,0.0010260842973366
348,0.8923866748809814,0.0755768120288848,0.0213174186646938,0.0107190711423754
349,0.9486624002456664,0.0416813194751739,0.008207538165152,0.0014487165026366
350,0.950854241847992,0.0424355193972587,0.0057430230081081,0.0009672829182818
351,0.8754775524139404,0.1095788776874542,0.01308732945472,0.0018561780452728
352,0.9737420678138732,0.0198960546404123,0.0051097297109663,0.0012521931203082
353,0.852410614490509,0.1391522139310836,0.0078504299744963,0.0005867352010682
354,0.9735422730445862,0.0195835754275321,0.0051086810417473,0.0017655128613114
355,0.9691330194473268,0.0231507420539855,0.0060392320156097,0.0016770343063399
356,0.7240697145462036,0.2425329685211181,0.0318134017288684,0.0015838959952816
357,0.9855166077613832,0.0120241362601518,0.0019628864247351,0.0004962953971698
358,0.9662268757820128,0.0265664383769035,0.0060211224481463,0.0011856292840093
359,0.513733446598053,0.3476094603538513,0.1146294251084327,0.0240276344120502
360,0.839748740196228,0.1392439901828766,0.0191413853317499,0.0018658706685528
361,0.3471368253231048,0.5376560091972351,0.1075379624962806,0.0076692509464919
362,0.8299708962440491,0.1313204765319824,0.0332030169665813,0.0055055990815162
363,0.1000621318817138,0.575817883014679,0.2895393967628479,0.0345805510878562
364,0.9696094393730164,0.0224495008587837,0.0059485249221324,0.0019925064407289
365,0.9376487731933594,0.0489231385290622,0.0114401075989007,0.001987992785871
366,0.9845831394195556,0.012201921083033,0.0025979387573897,0.0006170644774101
367,0.9381569027900696,0.0505034811794757,0.0097905462607741,0.0015490894438698
368,0.976518452167511,0.0190390795469284,0.0037490171380341,0.0006934984121471
369,0.8511987328529358,0.1368000954389572,0.0114060705527663,0.000595127698034
370,0.9771857261657716,0.019352113828063,0.0029217326082289,0.0005404661642387
371,0.5514793992042542,0.3673644959926605,0.0746346190571785,0.0065214997157454
372,0.9667991995811462,0.0242033451795578,0.0074978461489081,0.0014996635727584
373,0.947026789188385,0.0378858409821987,0.0122997313737869,0.0027876594103872
374,0.9793200492858888,0.01658889465034,0.0034772215876728,0.0006137660238891
375,0.9589418768882751,0.030825138092041,0.0081678479909896,0.002065155422315
376,0.7040842771530151,0.2800653874874115,0.0146128023043274,0.0012375678634271
377,0.9162511229515076,0.0752104744315147,0.0079271253198385,0.0006112742703408
378,0.9142764210700988,0.0762302204966545,0.0081611322239041,0.0013322682352736
379,0.6178796291351318,0.3465990424156189,0.033785905689001,0.0017354968003928
380,0.920288383960724,0.0616554766893386,0.0153472619131207,0.0027089526411145
381,0.0410257428884506,0.4844187498092651,0.3714167475700378,0.1031387001276016
382,0.959735870361328,0.031336486339569,0.0072140689007937,0.0017134915105998
383,0.3613609075546264,0.6051656603813171,0.0325776748359203,0.0008957241661846
384,0.9726656675338744,0.0218273866921663,0.004647318739444,0.0008596675470471
385,0.9638442993164062,0.0305023789405822,0.004394284915179,0.0012589837424457
386,0.9833252429962158,0.0131765659898519,0.0027191380504518,0.0007790460949763
387,0.9750993251800536,0.0187166668474674,0.004806837067008,0.0013771819649264
388,0.717424213886261,0.255805492401123,0.0249354969710111,0.0018347664736211
389,0.6129201650619507,0.3034174740314483,0.0743556544184684,0.009306700900197
390,0.0227390173822641,0.3188457190990448,0.4426734149456024,0.2157417833805084
391,0.97425776720047,0.0199065916240215,0.0045827580615878,0.0012528563383966
392,0.9840092658996582,0.0129813058301806,0.0024391151964664,0.0005703587667085
393,0.9506308436393738,0.0437722876667976,0.0049111139960587,0.0006857451517134
394,0.98005473613739,0.0166013408452272,0.0027100942097604,0.0006337240920402
395,0.3353547751903534,0.6072490811347961,0.0538964159786701,0.0034997414331883
396,0.9783685207366944,0.0170988533645868,0.0036405560094863,0.0008921566186472
397,0.9428544640541076,0.0507563613355159,0.0056064170785248,0.0007828312809579
398,0.977020800113678,0.0178947616368532,0.0039928606711328,0.001091587357223
399,0.4298345148563385,0.3347554504871368,0.1848695278167724,0.0505405105650424
400,0.9726850390434264,0.0218278225511312,0.0043658390641212,0.0011212400859221
401,0.9719441533088684,0.0204897224903106,0.0056897900067269,0.0018762936815619
402,0.316022515296936,0.5997053384780884,0.0799030065536499,0.0043691275641322
403,0.984975516796112,0.0127925984561443,0.0017585537862032,0.000473308347864
404,0.9109511971473694,0.0747754275798797,0.0127925677224993,0.0014808471314609
405,0.9484657645225524,0.0457684807479381,0.0052159475162625,0.0005497568054124
406,0.9718686938285828,0.0232160929590463,0.0039718053303658,0.000943386403378
407,0.97463721036911,0.0199143439531326,0.0039831195026636,0.0014653077814728
408,0.9139578938484192,0.0672494918107986,0.0159731544554233,0.0028194293845444
409,0.9421753287315368,0.0427103526890277,0.0111416606232523,0.0039726817049086
410,0.9518662691116332,0.0386791042983531,0.0078581366688013,0.0015964773483574
411,0.0995966419577598,0.8082557320594788,0.0892778560519218,0.0028698320966213
412,0.9482794404029846,0.0423206128180027,0.0079518081620335,0.0014481316320598
413,0.980525553226471,0.0168708730489015,0.0022478264290839,0.0003556578012648
414,0.9622548818588256,0.0329265519976615,0.004252063576132,0.0005665326025336
415,0.8990141153335571,0.0836213380098342,0.0149924792349338,0.002372154733166
416,0.93827623128891,0.0459897890686988,0.0129720158874988,0.0027619013562798
417,0.9694889783859252,0.0246528908610343,0.0047050863504409,0.001153030898422
418,0.9858353734016418,0.0116579607129096,0.0019944419618695,0.0005122150760143
419,0.3924978971481323,0.5281636714935303,0.0749095380306243,0.0044289221987128
420,0.8236504197120667,0.1453829407691955,0.0290784183889627,0.0018881948199123
421,0.6419979333877563,0.3032583594322204,0.0487380512058734,0.0060057057999074
422,0.9800081253051758,0.0163431819528341,0.0027959889266639,0.0008527284371666
423,0.5162892937660217,0.3958527445793152,0.0779480263590812,0.0099099790677428
424,0.9761823415756226,0.0190325267612934,0.0038666918408125,0.000918419973459
425,0.4838862717151642,0.4545691013336181,0.0577919743955135,0.0037526974920183
426,0.9846755862236024,0.013402447104454,0.0016259013209491,0.0002960985875688
427,0.9399927258491516,0.0490454398095607,0.0093604857102036,0.0016013904241845
428,0.0244018025696277,0.1747588366270065,0.3475494682788849,0.4532899260520935
429,0.9803624749183656,0.0144280241802334,0.0040065175853669,0.0012029747013002
430,0.9841889142990112,0.0125842094421386,0.002517000073567,0.0007099524955265
431,0.9774540066719056,0.0170828700065612,0.0041863373480737,0.0012767608277499
432,0.987828254699707,0.0092408489435911,0.0022294588852673,0.0007015303126536
433,0.9693748950958252,0.0262397769838571,0.0036638937890529,0.0007214635261334
434,0.315433531999588,0.6175888180732727,0.0621125437319278,0.0048650307580828
435,0.404716819524765,0.5446060299873352,0.0475871413946151,0.0030900512356311
436,0.6669132709503174,0.2531317472457886,0.0702921375632286,0.0096628153696656
437,0.907570779323578,0.0831084698438644,0.008623762987554,0.0006969069363549
438,0.9750012755393982,0.0184246376156806,0.005196907557547,0.0013770435471087
439,0.941078782081604,0.053092036396265,0.0050950874574482,0.0007340170559473
440,0.8749921321868896,0.1045029088854789,0.018159881234169,0.0023451277520507
441,0.9770336747169496,0.0176175590604543,0.00438535772264,0.0009633352747187
442,0.9855651259422302,0.0116547653451561,0.0021224906668066,0.0006575169390998
443,0.9637035727500916,0.0282059721648693,0.0065956399776041,0.001494861789979
444,0.9562353491783142,0.0365024358034133,0.00644306326285,0.0008191435481421
445,0.9234390258789062,0.0618665590882301,0.0127668865025043,0.0019275114173069
446,0.9841896891593932,0.0133958337828516,0.0020224682521075,0.0003920732997357
447,0.9870972633361816,0.0104635059833526,0.0018760031089186,0.0005632782704196
448,0.9622021317481996,0.0334432385861873,0.0035804002545773,0.0007743157912045
449,0.963327407836914,0.0300133842974901,0.0053811031393706,0.0012781239347532
450,0.7132590413093567,0.2352078706026077,0.041516650468111,0.0100163593888282
451,0.8855452537536621,0.1041235849261283,0.009387026540935,0.0009440780850127
452,0.791900634765625,0.1686053574085235,0.0376209430396556,0.0018730363808572
453,0.9774043560028076,0.0173510052263736,0.0041861245408654,0.0010584181873127
454,0.9653977155685424,0.0282555576413869,0.0050659421831369,0.0012808707542717
455,0.9844021797180176,0.0118243331089615,0.0029433092568069,0.0008301985217258
456,0.8542891144752502,0.1174361333250999,0.0246159508824348,0.0036588343791663
457,0.9724652767181396,0.0232303440570831,0.0036755742039531,0.0006288165459409
458,0.9083807468414308,0.0831826329231262,0.0072684176266193,0.0011681410251185
459,0.960070013999939,0.0360806360840797,0.0035170805640518,0.0003322911215946
460,0.9748202562332152,0.0190059710294008,0.0047309598885476,0.0014428611611947
461,0.9661738276481628,0.0253484789282083,0.0066125462763011,0.0018651542486622
462,0.5589485168457031,0.3184792697429657,0.0721814036369323,0.0503907389938831
463,0.8953378200531006,0.0929048806428909,0.0105877853929996,0.0011694998247548
464,0.5541421175003052,0.3929455876350403,0.0454867556691169,0.0074255089275538
465,0.9743760228157043,0.01929647102952,0.0051130563952028,0.0012144573265686
466,0.9828590750694276,0.0149239264428615,0.0018973643891513,0.0003195683239027
467,0.989531397819519,0.0079177450388669,0.0019403271144255,0.0006105509237386
468,0.8794264793395996,0.0941505283117294,0.0227148756384849,0.0037081013433635
469,0.812288224697113,0.1650263667106628,0.0197095889598131,0.0029757029842585
470,0.9722887873649596,0.020819766446948,0.0051824497058987,0.001708990545012
471,0.9716862440109252,0.0228518694639205,0.0047157499939203,0.0007461400236934
472,0.001289035892114,0.4885269403457641,0.5040344595909119,0.0061496463604271
473,0.962648868560791,0.0304645486176013,0.0055480073206126,0.0013385190395638
474,0.9789209961891174,0.0173779278993606,0.0031156910117715,0.0005854209885001
475,0.0910806953907013,0.4698300063610077,0.3659039735794067,0.0731853991746902
476,0.8711841702461243,0.0992833971977233,0.0254980865865945,0.0040343832224607
477,0.9798995852470398,0.0160880237817764,0.0031188058201223,0.0008935527876019
478,0.4754538834095001,0.4397229552268982,0.0788379833102226,0.0059850811958312
479,0.8865137696266174,0.0994640812277793,0.0122563801705837,0.0017656991258263
480,0.7013947367668152,0.2312954515218734,0.0584806464612484,0.0088292565196752
481,0.9137517213821412,0.0704609677195549,0.0136594818904995,0.0021277368068695
482,0.9452008008956908,0.0442076325416564,0.0089813247323036,0.0016102629015222
483,0.1830689311027526,0.5134294629096985,0.2502255439758301,0.0532760955393314
484,0.977715253829956,0.0165617112070322,0.0043203807435929,0.0014026222052052
485,0.9847469329833984,0.0122039504349231,0.0022930542472749,0.0007561690872535
486,0.9733902215957642,0.0198888648301363,0.003855632385239,0.0028652627952396
487,0.9697061777114868,0.0254411529749631,0.0041531543247401,0.0006995052681304
488,0.9778373837471008,0.0173586923629045,0.0035266324412077,0.0012772616464644
489,0.7411951422691345,0.1874034851789474,0.0627723038196563,0.0086290892213583
490,0.9695550799369812,0.025042824447155,0.0044899312779307,0.0009121848270297
491,0.9765216708183287,0.0196435060352087,0.0031080543994903,0.00072678248398
492,0.9324485063552856,0.0596094354987144,0.0069002932868897,0.0010417884914204
493,0.96610826253891,0.0278379693627357,0.0049910731613636,0.0010626607108861
494,0.9661484360694884,0.0301012750715017,0.003377269487828,0.000373044545995
495,0.7656047344207764,0.2159487307071685,0.0177261512726545,0.0007203026325441
496,0.9103536009788512,0.0669842883944511,0.0183124840259552,0.0043495967984199
497,0.9909345507621764,0.0074485810473561,0.0012159473262727,0.0004009768890682
498,0.982790231704712,0.013376785442233,0.0031772647053003,0.0006556656444445
499,0.6416180729866028,0.3030789196491241,0.0510468184947967,0.0042561637237668
500,0.035038411617279,0.2888246774673462,0.4404050409793854,0.235731840133667
501,0.9670750498771667,0.0287503842264413,0.0034878172446042,0.0006867919000796
502,0.9777498841285706,0.0168231148272752,0.0039338902570307,0.0014931363984942
503,0.9772582650184632,0.0187581069767475,0.0031593802850693,0.0008241736795753
504,0.4968759715557098,0.4316933453083038,0.0651759430766105,0.0062547456473112
505,0.9701160192489624,0.0242863819003105,0.0045632757246494,0.0010342388413846
506,0.8854781985282898,0.0993478968739509,0.0132368272170424,0.0019369757501408
507,0.9578807353973388,0.0327768772840499,0.0077851912938058,0.0015571360709145
508,0.9823148250579834,0.0161276757717132,0.0013238404644653,0.0002336716861464
509,0.9372532963752748,0.0473979264497756,0.0127569809556007,0.0025917375460267
510,0.964120388031006,0.0249024499207735,0.0084726316854357,0.0025045049842447
511,0.3255866765975952,0.5452550649642944,0.1197766438126564,0.0093816313892602
512,0.9592134952545166,0.0354895666241645,0.004583045374602,0.0007139008375816
513,0.972091019153595,0.022506957873702,0.0045016747899353,0.000900391547475
514,0.2557884752750397,0.6232675313949585,0.1152928993105888,0.0056511033326387
515,0.9504539966583252,0.0386217162013053,0.0090312408283352,0.001893050968647
516,0.9859986305236816,0.0116598913446068,0.0018448629416525,0.0004965381231158
517,0.9554016590118408,0.0359051935374736,0.0069605382159352,0.001732614939101
518,0.94625985622406,0.0471115037798881,0.0058052758686244,0.00082336331252
519,0.9840505719184875,0.0125824408605694,0.00267895613797,0.0006880129221826
520,0.903908371925354,0.0867454633116722,0.008861606940627,0.0004845561634283
521,0.7499217391014099,0.2182396501302719,0.0286268126219511,0.0032118395902216
522,0.9188427329063416,0.0719693303108215,0.0079495478421449,0.001238300697878
523,0.6235897541046143,0.3184984922409057,0.0536438934504985,0.0042678820900619
524,0.8931894898414612,0.0805234760046005,0.02167259901762,0.0046143624931573
525,0.9294809103012084,0.0500364266335964,0.0170240364968776,0.0034586430992931
526,0.0549384206533432,0.5635961294174194,0.3211273849010467,0.0603380501270294
527,0.9683343768119812,0.0262116100639104,0.0044842781499028,0.0009697931236587
528,0.9369417428970336,0.0536910369992256,0.0079804603010416,0.0013867960078641
529,0.8614628314971924,0.1165863126516342,0.0190321914851665,0.0029186813626438
530,0.979150116443634,0.0171125140041112,0.0029737090226262,0.0007637116359546
531,0.9002422094345093,0.0863936245441436,0.0113323768600821,0.0020317833404988
532,0.4667431116104126,0.4118993580341339,0.1143803223967552,0.0069772442802786
533,0.8070105314254761,0.1540206521749496,0.0308060683310031,0.0081627955660223
534,0.9581953883171082,0.0338284373283386,0.0065579414367675,0.0014182542217895
535,0.9817133545875548,0.0142239099368453,0.0031245786231011,0.0009381686686538
536,0.9163243770599364,0.0643360689282417,0.0157662313431501,0.0035733208060264
537,0.9847278594970704,0.0123958941549062,0.0024030536878854,0.0004731893423013
538,0.9816369414329528,0.0146742835640907,0.0029350414406508,0.0007537810015492
539,0.9820299744606018,0.0140079045668244,0.0032755860593169,0.0006866001640446
540,0.6118907332420349,0.3486447930335998,0.0373255722224712,0.0021389257162809
541,0.9865841269493104,0.0111325541511178,0.0020593153312802,0.000223940151045
542,0.97108656167984,0.0221351236104965,0.005509867798537,0.0012684436514973
543,0.8996974229812622,0.083684891462326,0.0143167981877923,0.0023009185679256
544,0.8994972705841064,0.0876815021038055,0.0116824302822351,0.0011387838749215
545,0.9624698162078856,0.0295217633247375,0.0066909291781485,0.0013175221392884
546,0.8355758190155029,0.1364040076732635,0.0237034615129232,0.004316721111536
547,0.9613037705421448,0.0290288589894771,0.0076918820850551,0.0019754385575652
548,0.9673874974250792,0.0249868389219045,0.0060283550992608,0.001597355119884
549,0.97845721244812,0.016317319124937,0.0035844391677528,0.0016410758253186
550,0.9465489983558656,0.0390687473118305,0.0113696521148085,0.0030126580968499
551,0.9407172203063964,0.0475731045007705,0.0107821580022573,0.0009275279589928
552,0.9803536534309388,0.0148858837783336,0.0036479430273175,0.0011125596938654
553,0.9821739196777344,0.0119833517819643,0.0046927481889724,0.0011500073596835
554,0.7422530651092529,0.187670961022377,0.0638518258929252,0.0062241712585091
555,0.079143039882183,0.6128571033477783,0.289493203163147,0.0185066815465688
556,0.7636818885803223,0.2120667994022369,0.0216639880090951,0.0025873943231999
557,0.9777268767356871,0.0173567309975624,0.0037536562886089,0.0011628284119069
558,0.5166388154029846,0.3133572936058044,0.1434654146432876,0.0265384353697299
559,0.8470345139503479,0.1471925228834152,0.005445918533951,0.000327052839566
560,0.0605288371443748,0.601841926574707,0.2979333698749542,0.039695780724287
561,0.8482051491737366,0.1300764828920364,0.0199478734284639,0.0017704743659123
562,0.9439358711242676,0.0441484712064266,0.0100059835240244,0.0019096753094345
563,0.9855166077613832,0.0120241362601518,0.0019628864247351,0.0004962953971698
564,0.8428356051445007,0.1397558450698852,0.0159270986914634,0.0014814508613198
565,0.984046757221222,0.0129818003624677,0.0023641616571694,0.0006071668467484
566,0.9633910655975342,0.0277596749365329,0.0071292733773589,0.0017200174042955
567,0.9037635922431946,0.0894847139716148,0.0060895113274455,0.0006622036453336
568,0.9270905256271362,0.0661170184612274,0.006246686913073,0.0005458294181153
569,0.9797601103782654,0.0153491143137216,0.003761462168768,0.0011293957941234
570,0.9658055305480956,0.0282674934715032,0.0049895090050995,0.0009375008521601
571,0.9607980847358704,0.0313711687922477,0.0064738066866993,0.0013569835573434
572,0.9789414405822754,0.017108866944909,0.0032652842346578,0.00068444077624
573,0.2410598993301391,0.5604810118675232,0.168286919593811,0.0301721841096878
574,0.980340301990509,0.0146548999473452,0.0037636896595358,0.0012411329662427
575,0.9652276039123536,0.028250578790903,0.0053917174227535,0.0011301652994006
576,0.9681249260902404,0.0262059420347213,0.0047724563628435,0.0008967180037871
577,0.0323271825909614,0.4063270390033722,0.4393442869186401,0.1220014989376068
578,0.9783783555030824,0.0168339293450117,0.0039364187978208,0.0008513103239238
579,0.8708119988441467,0.1107113137841224,0.0167149100452661,0.0017617385601624
580,0.9719735383987428,0.0214736927300691,0.00502137420699,0.0015314324991777
581,0.9604801535606384,0.0318546518683433,0.0061753052286803,0.0014898617519065
582,0.6646835803985596,0.2858768701553345,0.0452322848141193,0.0042072576470673
583,0.9539409875869752,0.0387634113430976,0.0062298472039401,0.001065801247023
584,0.9741175174713136,0.0199037250131368,0.0048019969835877,0.0011767800897359
585,0.9705538749694824,0.0224713683128356,0.0054214699193835,0.0015532771358266
586,0.9443039298057556,0.0485065132379531,0.0061669112183153,0.0010225741425529
587,0.9598642587661744,0.0328447483479976,0.0060756676830351,0.0012152099516242
588,0.9487084150314332,0.0356536507606506,0.0123215718194842,0.0033163060434162
589,0.9080184698104858,0.0793417692184448,0.0112530570477247,0.0013866485096514
590,0.05386184155941,0.4303277730941772,0.36237233877182,0.1534381061792373
591,0.9852312803268432,0.0111172888427972,0.0027244086377322,0.0009269334841519
592,0.92763489484787,0.0593017116189003,0.0107996454462409,0.0022637285292148
593,0.939171552658081,0.0460336729884147,0.0121977096423506,0.002597042126581
594,0.9578115940093994,0.0312736555933952,0.0086843809112906,0.0022303333971649
595,0.5005021691322327,0.3386567234992981,0.1245848461985588,0.0362562574446201
596,0.4268389046192169,0.3324224948883056,0.1864721179008484,0.0542664751410484
597,0.908294677734375,0.0757314786314964,0.0137917259708046,0.0021821679547429
598,0.9730855822563172,0.0218368098139762,0.0041030151769518,0.0009745515417307
599,0.9760059118270874,0.019328748807311,0.0037470494862645,0.0009182540234178
600,0.958556830883026,0.0308127608150243,0.0086911376565694,0.0019392549293115
601,0.9508306980133056,0.039863497018814,0.0076080816797912,0.0016975924372673
602,0.9822040796279908,0.0151488417759537,0.0021823975257575,0.0004646592715289
603,0.9644365906715392,0.0277898032218217,0.0061046089977025,0.0016689073527231
604,0.9378201365470886,0.0529081933200359,0.007987942546606,0.0012837791582569
605,0.931382179260254,0.05173035338521,0.0139230350032448,0.0029643853195011
606,0.9502646923065186,0.0404671542346477,0.0077232918702065,0.0015447554178535
607,0.8311453461647034,0.1421921998262405,0.0232122410088777,0.0034501913469284
608,0.9076623320579528,0.0745054632425308,0.0156171927228569,0.0022149889264255
609,0.9465197324752808,0.0486203357577323,0.0043832561932504,0.0004766569763887
610,0.8852582573890686,0.0933055281639099,0.0186622813344001,0.0027739005163311
611,0.9798808693885804,0.015838298946619,0.0032684174366295,0.0010125085245817
612,0.9454411268234252,0.0408957712352275,0.0108363013714551,0.0028268177993595
613,0.9658080339431764,0.0269731022417545,0.005833342205733,0.0013855402357876
614,0.4288108050823211,0.4935581982135772,0.073360875248909,0.0042701149359345
615,0.94315505027771,0.0492104366421699,0.0066599086858332,0.0009745599236339
616,0.9656071662902832,0.024554181843996,0.007726315408945,0.0021122570615261
617,0.964255154132843,0.0277845729142427,0.0069161267019808,0.0010441790800541
618,0.4497913420200348,0.5096803903579712,0.0380931235849857,0.0024352120235562
619,0.9791353344917296,0.0168469529598951,0.0032659310381859,0.0007518600323237
620,0.9765270948410034,0.0196436159312725,0.0031570165883749,0.0006721676327288
621,0.4969080090522766,0.4250279664993286,0.072713702917099,0.00535031221807
622,0.9640005826950072,0.0309877507388591,0.0042597777210175,0.0007518954807892
623,0.9400629997253418,0.0490491054952144,0.0090731717646121,0.001814748509787
624,0.9428810477256776,0.0491961389780044,0.0068693198263645,0.0010534443426877
625,0.8198500871658325,0.1218598410487175,0.0448297336697578,0.0134603260084986
626,0.9873457551002502,0.0099868606775999,0.0020289537496864,0.0006384386215358
627,0.9461434483528136,0.0409261509776115,0.0105107044801115,0.0024197013117372
628,0.9301170110702516,0.0603967569768428,0.0077995061874389,0.0016867613885551
629,0.8851684927940369,0.0904256552457809,0.0204944275319576,0.00391143001616
630,0.940985143184662,0.0468488931655883,0.009974705055356,0.0021911517251282
631,0.9340713620185852,0.05436946824193,0.0103765958920121,0.0011825554538518
632,0.9723387956619264,0.0201802477240562,0.0056038526818156,0.0018770555034279
633,0.8357717990875244,0.1498456299304962,0.0128903714939951,0.0014921687543392
634,0.9638057947158812,0.0295627396553754,0.0055546746589243,0.0010768227512016
635,0.4870718121528625,0.4037967324256897,0.0944231748580932,0.0147082945331931
636,0.6535615921020508,0.3135822713375091,0.0310488492250442,0.0018072597449645
637,0.9777840375900269,0.0173577461391687,0.0040589072741568,0.0007992462487891
638,0.9332067966461182,0.0526479259133338,0.0125049781054258,0.0016402961919084
639,0.9722782969474792,0.0228657945990562,0.003851227927953,0.0010046528186649
640,0.9757061004638672,0.0187283139675855,0.0046618459746241,0.0009037400013767
641,0.9833311438560486,0.0127712422981858,0.0030812055338174,0.0008164381724782
642,0.977220892906189,0.018757389858365,0.0032595451921224,0.00076220696792
643,0.9677661061286926,0.0261962283402681,0.0049221250228583,0.0011155699612572
644,0.9825534224510192,0.015154231339693,0.0020191057119518,0.000273256242508
645,0.9667310118675232,0.0287401545792818,0.0039508086629211,0.0005781310028396
646,0.9640371799468994,0.0305084828287363,0.0046786279417574,0.0007757925195619
647,0.8032161593437195,0.1820440888404846,0.0129827801138162,0.001757028279826
648,0.8441470265388489,0.1216109171509742,0.0302713494747877,0.0039707371033728
649,0.9349377155303956,0.0511227659881114,0.0112301809713244,0.0027094073593616
650,0.9738271236419678,0.0205294173210859,0.0046528680250048,0.000990652712062
651,0.9037712812423706,0.0707888379693031,0.021254664286971,0.0041852914728224
652,0.9858579635620116,0.0116582280024886,0.0019635662902146,0.0005202932516112
653,0.9735621809959412,0.0225410182029008,0.0032473416067659,0.0006495091947726
654,0.963310718536377,0.0277573596686124,0.0063901068642735,0.0025418091099709
655,0.9596083164215088,0.0344118252396583,0.0051954081282019,0.0007843893254175
656,0.0336623787879943,0.5605289340019226,0.3619046807289123,0.0439040176570415
657,0.9717490077018738,0.0228533465415239,0.0043616378679871,0.0010359798325225
658,0.9414561986923218,0.0498953498899936,0.0071881059557199,0.0014603524468839
659,0.961230218410492,0.0304196514189243,0.0067875427193939,0.001562581048347
660,0.988490343093872,0.0092470431700348,0.0017648291541263,0.0004977929056622
661,0.9746468663215636,0.018417939543724,0.0051950183697044,0.0017401132499799
662,0.892922043800354,0.0955953598022461,0.0100756771862506,0.0014068796299397
663,0.9742695689201356,0.02186338044703,0.0033528574276715,0.0005141773726791
664,0.5989925265312195,0.3521295487880707,0.0461893454194068,0.0026885424740612
665,0.9806345701217652,0.0144320279359817,0.0034818889107555,0.0014514671638607
666,0.8616699576377869,0.1078506559133529,0.0268461499363183,0.0036332311574369
667,0.595413327217102,0.3088963627815246,0.0831383243203163,0.0125520108267664
668,0.988663136959076,0.009105272591114,0.0018498484278097,0.0003817378019448
669,0.2938551604747772,0.4998644888401031,0.1700703352689743,0.0362100638449192
670,0.9519580602645874,0.0399107635021209,0.0067220693454146,0.0014090221375226
671,0.5679804086685181,0.3965142071247101,0.0335810482501983,0.001924347365275
672,0.6071103811264038,0.3682310581207275,0.0235402230173349,0.0011183290043845
673,0.783690333366394,0.1804157644510269,0.0318452715873718,0.0040486720390617
674,0.0871036052703857,0.4782929122447967,0.3136721551418304,0.1209313869476318
675,0.9516692757606506,0.0411651767790317,0.0061186566017568,0.0010467787506058
676,0.9727931022644044,0.0232381746172904,0.0032447762787342,0.0007240074919536
677,0.9663083553314208,0.0265686772763729,0.0053977547213435,0.0017252259422093
678,0.9857321381568908,0.01202676538378,0.0017599046695977,0.0004811311955563
679,0.9473420977592468,0.0409779995679855,0.0097331283614039,0.0019467478850856
680,0.9307900071144104,0.0595034100115299,0.0088443923741579,0.0008621368324384
681,0.9712543487548828,0.0239379089325666,0.0041597848758101,0.0006479694857262
682,0.9436472654342652,0.0414609685540199,0.0116946035996079,0.0031971265561878
683,0.9788323640823364,0.0179279409348964,0.0027067139744758,0.0005329835694283
684,0.9777936339378356,0.0170888062566518,0.0041228663176298,0.0009946877835318
685,0.9682305455207824,0.0270407572388649,0.0040192496962845,0.0007094396860338
686,0.9663004875183104,0.0305801089853048,0.002800295362249,0.000319132086588
687,0.5344057679176331,0.4294071197509765,0.0336337648332119,0.0025533479638397
688,0.967028558254242,0.0270071886479854,0.0049958270974457,0.0009684853139333
689,0.9683703780174256,0.0266253724694252,0.0042127459309995,0.000791551428847
690,0.9702643752098083,0.0250611454248428,0.0038432506844401,0.0008311612764373
691,0.7925361394882202,0.1882438361644745,0.0180652122944593,0.0011548702605068
692,0.9657822847366332,0.0291640982031822,0.0043348562903702,0.000718789640814
693,0.956501841545105,0.0348405763506889,0.0070782918483018,0.0015793805941939
694,0.9661750197410583,0.0269833505153656,0.0056560174562036,0.0011855656048282
695,0.9797875881195068,0.0165968146175146,0.0028393801767379,0.0007762433378957
696,0.981676697731018,0.0140028651803731,0.003223642706871,0.0010967892594635
697,0.9461106657981871,0.0435641556978225,0.0087133776396512,0.0016118129715323
698,0.9701818227767944,0.0246705077588558,0.004354603588581,0.0007930321153253
699,0.974614441394806,0.0196051429957151,0.0045844358392059,0.0011959214461967
700,0.9763971567153932,0.0199503041803836,0.0030594784766435,0.0005931069026701
701,0.983244240283966,0.0138077847659587,0.0024372187908738,0.0005108687910251
702,0.985959768295288,0.0122189819812774,0.0015056738629937,0.0003156064194627
703,0.9201183915138244,0.0666531547904014,0.0110521763563156,0.0021763024851679
704,0.9800889492034912,0.0153542663902044,0.0035904170945286,0.0009663476957939
705,0.9717769622802734,0.023579467087984,0.0038492421153932,0.0007943360251374
706,0.6968017220497131,0.2603757977485657,0.0399299189448356,0.0028925137594342
707,0.9486538171768188,0.0423373207449913,0.0077101993374526,0.0012986094225198
708,0.9769556522369384,0.0193475577980279,0.0030137684661895,0.0006830523489043
709,0.97318834066391,0.0221830308437347,0.003795068943873,0.0008336660102941
710,0.9472156167030334,0.0390962585806846,0.0110276071354746,0.0026605338789522
711,0.9680333137512208,0.024234240874648,0.0063218791037797,0.0014106018934398
712,0.9499382972717284,0.0451288633048534,0.004399087280035,0.0005336698377504
713,0.9802346229553224,0.0166043881326913,0.0026271955575793,0.0005337471375241
714,0.2193179577589035,0.5261164307594299,0.2193179577589035,0.0352476052939891
715,0.9737350940704346,0.022900054231286,0.0029114151839166,0.0004535110201686
716,0.9826309084892272,0.0140164764598011,0.0027172178961336,0.0006353898788802
717,0.9614858031272888,0.0339446030557155,0.0040541044436395,0.0005154215614311
718,0.9717249274253844,0.02180627733469,0.0051794443279504,0.001289265579544
719,0.705738365650177,0.2516387701034546,0.0391977578401565,0.0034250621683895
720,0.1246695294976234,0.7636934518814087,0.1083147600293159,0.0033223303034901
721,0.8793635964393616,0.1017937213182449,0.0148957129567861,0.0039469711482524
722,0.9836879968643188,0.0131814274936914,0.0023632997181266,0.0007672511273995
723,0.9713732004165648,0.0250897854566574,0.0030916680116206,0.0004453969886526
724,0.9781288504600524,0.0173638667911291,0.0035276834387332,0.0009796023368835
725,0.963545858860016,0.0290965642780065,0.0060989707708358,0.0012585938675329
726,0.1463959664106369,0.7434601187705994,0.1071055904030799,0.003038351656869
727,0.943497598171234,0.0462457165122032,0.0089651411399245,0.0012915510451421
728,0.9747445583343506,0.0199165381491184,0.0039835581555962,0.0013553375611081
729,0.3577603697776794,0.496701031923294,0.1295722126960754,0.0159664303064346
730,0.9847455620765686,0.0125913266092538,0.0020554775837808,0.0006075979908928
731,0.9746406078338624,0.0193017106503248,0.0048802373930811,0.0011774119921028
732,0.979522466659546,0.0168536156415939,0.0028833134565502,0.0007404962088912
733,0.9855208992958068,0.0127996820956468,0.0014138200785964,0.0002656489086803
734,0.9850786924362184,0.0127939386293292,0.0017587380716577,0.0003686515265144
735,0.7901355624198914,0.1847640424966812,0.0220669191330671,0.0030334622133523
736,0.9808401465415956,0.0139909330755472,0.0039463238790631,0.0012225141981616
737,0.9240502119064332,0.0537861660122871,0.0180161111056804,0.0041475445032119
738,0.976877212524414,0.0193460043519735,0.0030609827954322,0.000715775298886
739,0.9809423685073853,0.0156096406280994,0.0028427268844097,0.0006052514072507
740,0.9852495789527892,0.0112925712019205,0.0025593924801796,0.000898431346286
741,0.96097993850708,0.0285691805183887,0.0084450328722596,0.0020058711525052
742,0.9720981121063232,0.0208156835287809,0.0054300958290696,0.0016560857184231
743,0.9576610326766968,0.0359901040792465,0.0054336925968527,0.0009151832200586
744,0.9739063382148744,0.0211828127503395,0.0039801327511668,0.0009307079599238
745,0.5517722368240356,0.4164995551109314,0.0306462533771991,0.0010819451417773
746,0.969641387462616,0.0258400663733482,0.0039012664929032,0.0006172700086608
747,0.957538366317749,0.0307800229638814,0.0088186236098408,0.0028629880398511
748,0.3409356772899627,0.5621078610420227,0.0889383926987648,0.0080180382356047
749,0.9842814803123474,0.0125853940844535,0.0025971429422497,0.0005359507049433
750,0.1158266812562942,0.6068884134292603,0.2414035201072693,0.0358814299106597
751,0.9798808693885804,0.015838298946619,0.0032684174366295,0.0010125085245817
752,0.9577326774597168,0.0343445613980293,0.0068693440407514,0.001053448067978
753,0.9874901175498962,0.0099883209913969,0.0019668170716613,0.0005547662149183
754,0.9499439001083374,0.0430625192821025,0.0058278776705265,0.0011656489223241
755,0.8962945342063904,0.0833683758974075,0.017204038798809,0.0031330881174653
756,0.9627517461776732,0.0304678026586771,0.0054625766351819,0.0013179080560803
757,0.0650991722941398,0.5450686812400818,0.3464667201042175,0.0433653965592384
758,0.155808612704277,0.3566494584083557,0.3456765115261078,0.1418653577566146
759,0.9159889817237854,0.0717458054423332,0.0111758401617407,0.0010894024744629
760,0.7741691470146179,0.2051344215869903,0.0190804712474346,0.0016159375663846
761,0.9352067112922668,0.0561635307967662,0.0079656830057501,0.0006641598884016
762,0.976024091243744,0.019942682236433,0.003306820988655,0.0007264122250489
763,0.9794951677322388,0.0158320646733045,0.0036447483580559,0.0010280484566465
764,0.9712475538253784,0.0232012551277875,0.0043593873269855,0.0011917899828404
765,0.9511771202087402,0.0380518734455108,0.0086242267861962,0.0021467397455126
766,0.8696595430374146,0.117695614695549,0.011472774669528,0.0011720177717506
767,0.972740113735199,0.0214906278997659,0.004575619008392,0.0011936214286834
768,0.9849427938461304,0.0120171345770359,0.0023296277504414,0.0007104963297024
769,0.9763177633285522,0.0184495151042938,0.0043142051436007,0.0009185473318211
770,0.1517680436372757,0.4530956745147705,0.2971473932266235,0.0979888141155242
771,0.9225663542747498,0.0689519047737121,0.0074981730431318,0.0009835462551563
772,0.9566776752471924,0.0307523552328348,0.0093789380043745,0.0031910226680338
773,0.973295032978058,0.0195786003023386,0.0051878131926059,0.0019385443301871
774,0.9179360270500184,0.0730305463075637,0.0079417023807764,0.0010917180916294
775,0.4721036553382873,0.4647843837738037,0.0590907074511051,0.0040211728774011
776,0.0677389875054359,0.6229161024093628,0.2851917743682861,0.0241530779749155
777,0.9454210996627808,0.0485639013350009,0.0053642438724637,0.0006507566431537
778,0.9721310138702391,0.0225078836083412,0.0045018601231276,0.0008591950172558
779,0.1014106273651123,0.6409348845481873,0.2432714402675628,0.0143830850720405
780,0.9559665322303772,0.0382434725761413,0.0048621115274727,0.0009279502555727
781,0.958690583705902,0.0354702211916446,0.0050307465717196,0.0008085145964287
782,0.7796586751937866,0.1712682843208313,0.0433034040033817,0.005769619718194
783,0.9539401531219482,0.0352944582700729,0.0089238360524177,0.0018415376543998
784,0.8099724054336548,0.1620046645402908,0.0252354629337787,0.0027874442748725
785,0.9295536279678344,0.0622762106359005,0.0073225204832851,0.0008476431830786
786,0.9616104960441588,0.0318921394646167,0.0053715123794972,0.0011259301099926
787,0.9335898160934448,0.0534989573061466,0.0108689730986952,0.0020422195084393
788,0.9796141982078552,0.0179422609508037,0.0020769673865288,0.0003666065458673
789,0.9736464619636536,0.0211771596223115,0.0041053798049688,0.0010709522757679
790,0.0557164251804351,0.8060534000396729,0.1336567401885986,0.0045734825544059
791,0.9656076431274414,0.0300844255834817,0.0037655069027096,0.0005424727569334
792,0.6289023756980896,0.3262702524662018,0.0421338304877281,0.0026935257483273
793,0.6835074424743652,0.2676653563976288,0.0416942164301872,0.0071330405771732
794,0.951481282711029,0.0398907735943794,0.0071520213969051,0.0014759029727429
795,0.912375032901764,0.0703548118472099,0.0147471688687801,0.0025229430757462
796,0.6982755661010742,0.2777548432350158,0.0220980364829301,0.0018714973703026
797,0.8665081262588501,0.1154510378837585,0.0166322980076074,0.0014086002483963
798,0.4171795547008514,0.5111390948295593,0.0670468509197235,0.0046344459988176
799,0.387048602104187,0.3469481170177459,0.1976850926876068,0.068318136036396
800,0.9824041724205016,0.0142339197918772,0.0027165911160409,0.0006452469388023
801,0.8505955338478088,0.1345837712287902,0.0133255962282419,0.0014950904296711
802,0.9755302667617798,0.0208891760557889,0.002783213276416,0.0007974039763212
803,0.9601490497589112,0.0344312153756618,0.0045163924805819,0.0009033353999257
804,0.8988850116729736,0.0890016704797744,0.0111398659646511,0.0009733906481415
805,0.6822026968002319,0.2756347954273224,0.0350430347025394,0.0071194246411323
806,0.9602463245391846,0.0355277806520462,0.0036865456495434,0.0005394608015194
807,0.9792344570159912,0.0179353058338165,0.0022802180610597,0.0005501282284967
808,0.9260260462760924,0.0601311139762401,0.0120269786566495,0.0018158024176955
809,0.9228470921516418,0.0647940337657928,0.010577336885035,0.0017815140308812
810,0.9839613437652588,0.0121942153200507,0.0029883210081607,0.0008561682188883
811,0.6906459927558899,0.2662677466869354,0.0383595041930675,0.0047268187627196
812,0.8729690909385681,0.110985554754734,0.0145581383258104,0.0014872075989842
813,0.9524522423744202,0.0387029163539409,0.007272062357515,0.0015726939309388
814,0.0311367865651845,0.8415663242340088,0.1231483593583107,0.0041485745459795
815,0.2352642267942428,0.5385251641273499,0.198112353682518,0.0280983038246631
816,0.976535141468048,0.0181675273925066,0.0041175601072609,0.0011797007173299
817,0.0098599689081311,0.4604632556438446,0.4533244371414184,0.0763522908091545
818,0.6901782155036926,0.2832485437393188,0.0255356337875127,0.0010376409627497
819,0.9702178239822388,0.0224635861814022,0.0058599761687219,0.0014586634933948
820,0.695136547088623,0.2022962570190429,0.0843296274542808,0.0182375609874725
821,0.9120497107505798,0.0640359371900558,0.0204671174287796,0.0034472248516976
822,0.9854782819747924,0.0116537390276789,0.0021896727848798,0.0006783289718441
823,0.9776805639266968,0.0179068446159362,0.0036379962693899,0.000774574058596
824,0.9831220507621764,0.01402348279953,0.0022188373841345,0.0006357074598781
825,0.7255718111991882,0.217856153845787,0.0478566512465477,0.0087153436616063
826,0.965711772441864,0.0278265457600355,0.0054793716408312,0.0009823971195146
827,0.9048346281051636,0.0803086385130882,0.0131100248545408,0.0017467418219894
828,0.973642647266388,0.0232584681361913,0.0026923632249236,0.0004064860404469
829,0.88460373878479,0.1040128841996193,0.0106255849823355,0.0007577814976684
830,0.9175658226013184,0.0595817528665065,0.0190434716641902,0.0038089337758719
831,0.9609780311584472,0.029019022360444,0.0079333586618304,0.0020695405546575
832,0.9498994946479796,0.0417356714606285,0.0072525716386735,0.0011122178984805
833,0.0355812720954418,0.4835691750049591,0.3885587453842163,0.0922907963395118
834,0.9489403367042542,0.0457913801074028,0.0047515504993498,0.0005167070776224
835,0.8476678729057312,0.1240412145853042,0.0240464881062507,0.0042444574646651
836,0.5614960789680481,0.3799273073673248,0.0547337122261524,0.0038429098203778
837,0.8995249271392822,0.0918922573328018,0.0074260327965021,0.0011567528126761
838,0.8042767643928528,0.1608654707670211,0.0321751199662685,0.0026826856192201
839,0.8658941984176636,0.1118196994066238,0.0197373498231172,0.0025488382671028
840,0.9697405695915222,0.0239006001502275,0.0051688672974705,0.0011899408418685
841,0.06809052079916,0.5974753499031067,0.2822273671627044,0.0522068105638027
842,0.8002932071685791,0.165149837732315,0.0305496472865343,0.00400724215433
843,0.0329647846519947,0.4695101380348205,0.4079174697399139,0.0896075814962387
844,0.9664400815963744,0.0261603351682424,0.0061172903515398,0.001282253768295
845,0.958170771598816,0.0308003518730402,0.0084203463047742,0.0026085015852004
846,0.9709655046463012,0.0221323650330305,0.0055091809481382,0.0013929391279816
847,0.9305363893508912,0.0508821010589599,0.0152775766327977,0.0033040079288184
848,0.9624817371368408,0.0295221284031867,0.0067963805049657,0.0011996324174106
849,0.8668857216835022,0.1119477450847625,0.0182749666273593,0.0028915195725858
850,0.9253031611442566,0.0573327168822288,0.0147242601960897,0.0026399141643196
851,0.8220707178115845,0.1384593099355697,0.0339309126138687,0.0055390689522027
852,0.9694119691848756,0.0214170999825,0.0065318467095494,0.002639104379341
853,0.4401536285877228,0.3592429161071777,0.1644733995199203,0.0361300110816955
854,0.8692541122436523,0.1194933205842971,0.0106056351214647,0.0006469479412771
855,0.0616932399570941,0.289758950471878,0.3720578849315643,0.2764899134635925
856,0.9558442831039428,0.038840752094984,0.0044961436651647,0.0008188085630536
857,0.9727980494499208,0.0218303576111793,0.0043663466349244,0.0010051899589598
858,0.9772425293922424,0.0162970628589391,0.004742715973407,0.0017176977125927
859,0.9771072268486024,0.0181781686842441,0.0037512774579226,0.0009634077432565
860,0.9602974057197572,0.0339026451110839,0.0050391783006489,0.0007608021260239
861,0.3955408930778503,0.4412577450275421,0.1524946093559265,0.0107068009674549
862,0.8979253172874451,0.0889066532254219,0.011662014760077,0.0015060072764754
863,0.9762915968894958,0.0187395513057708,0.0039280233904719,0.0010408225934952
864,0.7935131192207336,0.1743116974830627,0.0271525252610445,0.0050227120518684
865,0.9704485535621644,0.0228227637708187,0.0054208817891776,0.0013078486081212
866,0.978164553642273,0.0181978400796651,0.0031132835429161,0.000524362490978
867,0.9628208875656128,0.0329459197819232,0.003639122005552,0.0005940702976658
868,0.8353394865989685,0.1342512816190719,0.0260257981717586,0.0043834596872329
869,0.9529371857643129,0.0412200205028057,0.005000555422157,0.0008422309765592
870,0.9464128613471984,0.0409378036856651,0.0100322403013706,0.0026170660275965
871,0.9711451530456544,0.0258801411837339,0.0026438226923346,0.0003309132298454
872,0.9638473987579346,0.0291056707501411,0.0056423912756145,0.0014045021962374
873,0.600068986415863,0.3755135834217071,0.0236336048692464,0.0007838165038265
874,0.3049222528934479,0.552142858505249,0.1291122138500213,0.0138226272538304
875,0.9742934107780457,0.021191231906414,0.0033009573817253,0.0012143544154241
876,0.8808421492576599,0.0972955673933029,0.0177188385277986,0.004143345169723
877,0.9772096276283264,0.0187571737915277,0.0032089736778289,0.000824132701382
878,0.9652701616287231,0.0265401322394609,0.0062061022035777,0.0019835892599076
879,0.9770846962928772,0.0170764159411191,0.0042506558820605,0.0015883541200309
880,0.6410173177719116,0.3173265755176544,0.03849608451128,0.0031599509529769
881,0.8224607706069946,0.1474591046571731,0.0244511142373085,0.0056289662607014
882,0.982285499572754,0.0131626334041357,0.0035984637215733,0.000953497888986
883,0.8159375786781311,0.1606676280498504,0.0217439997941255,0.0016507221153005
884,0.970382809638977,0.0239164289087057,0.0045645306818187,0.0011362014338374
885,0.9595767855644226,0.0323258526623249,0.0068825711496174,0.0012148460373282
886,0.8057155013084412,0.1636910438537597,0.0271426327526569,0.0034507988020777
887,0.974641740322113,0.01991443708539,0.00410957634449,0.0013341841986402
888,0.8615044951438904,0.1321160048246383,0.0058047715574502,0.0005747502436861
889,0.9462682008743286,0.0471119172871112,0.0056267161853611,0.000993174384348
890,0.7006673812866211,0.2383900880813598,0.0548805110156536,0.0060619609430432
891,0.9500539898872375,0.0423998050391674,0.0062044626101851,0.0013418091693893
892,0.1008087247610092,0.6272529363632202,0.261477917432785,0.0104604326188564
893,0.663507878780365,0.2518391907215118,0.0768066123127937,0.0078462893143296
894,0.616119921207428,0.3349785804748535,0.0460483320057392,0.0028532014694064
895,0.8528952598571777,0.1392313241958618,0.0073789898306131,0.0004943615058436
896,0.9102850556373596,0.0712990388274192,0.0161594953387975,0.0022563710808753
897,0.9646189212799072,0.0295876823365688,0.0046814517118036,0.0011119421105831
898,0.956600546836853,0.0337721295654773,0.0082762166857719,0.0013510552234947
899,0.9169250726699828,0.0729501098394393,0.0088498517870903,0.001274942071177
900,0.688805878162384,0.2783027291297912,0.0293328929692506,0.0035584836732596
901,0.9594812989234924,0.0360585115849971,0.0039211809635162,0.0005390310543589
902,0.7718367576599121,0.1891467273235321,0.0360992848873138,0.0029172694776207
903,0.9155644178390504,0.0717125460505485,0.011346573010087,0.0013764953473582
904,0.9836559295654296,0.0125773949548602,0.0029873934108763,0.0007793080876581
905,0.9819516539573668,0.0144514115527272,0.0027153396513313,0.0008815417531877
906,0.9457395076751708,0.0409086793661117,0.0111838085576891,0.0021680803038179
907,0.9377424716949464,0.0529038123786449,0.0079872803762555,0.0013664625585079
908,0.9659590721130372,0.0241823140531778,0.0076093031093478,0.0022493053693324
909,0.4415042996406555,0.3957618772983551,0.1433354616165161,0.0193983446806669
910,0.969551146030426,0.0270776394754648,0.0029909266158938,0.0003802536230068
911,0.9847011566162108,0.0134027944877743,0.0015759184025228,0.0003201672516297
912,0.9262763857841492,0.0506491623818874,0.0180595144629478,0.0050149457529187
913,0.9852331280708312,0.0120206773281097,0.0020888806320726,0.0006572954589501
914,0.97955322265625,0.0160823371261358,0.0035884545650333,0.000776057713665
915,0.973937213420868,0.020213421434164,0.0047266748733818,0.0011226835194975
916,0.1905362159013748,0.4570726156234741,0.290533035993576,0.0618580505251884
917,0.9733777046203612,0.0225367471575737,0.0034561222419142,0.0006294065387919
918,0.4507032632827759,0.4507032632827759,0.0930078700184822,0.0055855573154985
919,0.990606427192688,0.0080511700361967,0.0011067660525441,0.0002356440963922
920,0.9759759306907654,0.0193281564861536,0.0038059395737946,0.0008899748791009
921,0.6322854161262512,0.3331910371780395,0.0309915915131568,0.0035319176968187
922,0.0920821130275726,0.6594662070274353,0.2279054373502731,0.0205462984740734
923,0.9721896052360536,0.0228637084364891,0.0039731166325509,0.0009736541542224
924,0.9750899076461792,0.0205560382455587,0.0036283563822507,0.0007257169345393
925,0.9748724699020386,0.0196103323251009,0.0043756570667028,0.0011414582841098
926,0.6285042762756348,0.2539386749267578,0.0963842496275901,0.0211728084832429
927,0.6705899834632874,0.2795434892177582,0.0470828041434288,0.0027837052475661
928,0.9796234965324402,0.0160834901034832,0.0033712824806571,0.0009216574835591
929,0.7020456790924072,0.207524299621582,0.0751603171229362,0.0152697451412677
930,0.9798505306243896,0.0168592594563961,0.0026261659804731,0.0006639987695962
931,0.9593861699104308,0.0333453640341758,0.0060726413503289,0.0011957740643993
932,0.1018675491213798,0.4936360418796539,0.3187153935432434,0.0857810750603675
933,0.7155571579933167,0.2216692566871643,0.0534801967442035,0.0092934649437665
934,0.678490936756134,0.2657008469104767,0.0483877211809158,0.0074204970151185
935,0.9846887588500975,0.0122032305225729,0.0024407994933426,0.0006672774325124
936,0.9606284499168396,0.0318595692515373,0.0061762584373354,0.0013357097050175
937,0.9656020402908324,0.0278233829885721,0.0054787490516901,0.0010958187049254
938,0.9817641377449036,0.0149073004722595,0.0026312947738915,0.0006972237606532
939,0.9826620817184448,0.0149209350347518,0.0020193289965391,0.0003976294538006
940,0.9674316048622132,0.0301412530243396,0.0021495742257684,0.0002775913162622
941,0.957862913608551,0.0338166989386081,0.0061584776267409,0.0021618292666971
942,0.9450899362564088,0.0421782694756984,0.0106643363833427,0.0020673759281635
943,0.9627622365951538,0.0314352996647357,0.0048966752365231,0.0009057939751073
944,0.9644615650177002,0.0277905203402042,0.0066008274443447,0.0011470516910776
945,0.7804128527641296,0.1489444077014923,0.0574231818318367,0.013219567015767
946,0.5430002808570862,0.2817048132419586,0.1416500955820083,0.0336448438465595
947,0.9674108624458312,0.0278755035251379,0.0040158471092581,0.0006978495512157
948,0.9742476940155028,0.0205382835119962,0.004238314460963,0.0009757154039107
949,0.8205154538154602,0.125830128788948,0.043485727161169,0.0101686334237456
950,0.9657678008079528,0.0269719772040843,0.0060182614251971,0.0012419385602697
951,0.232522964477539,0.500002920627594,0.2289180308580398,0.038556084036827
952,0.3615563809871673,0.5098762512207031,0.1192286536097526,0.0093387095257639
953,0.9279218316078186,0.0515381582081317,0.0180915966629982,0.0024484312161803
954,0.9184240698814392,0.0686423182487487,0.0108607914298772,0.0020728185772895
955,0.338370680809021,0.492326408624649,0.1573569774627685,0.0119459461420774
956,0.9841293096542358,0.0116377864032983,0.0032316965516656,0.0010011328849941
957,0.9529762864112854,0.0393340289592742,0.0066249314695596,0.0010647233575582
958,0.9791311025619508,0.0165856946259737,0.0035312983673065,0.0007518568309023
959,0.9464314579963684,0.0372750237584114,0.0124855693429708,0.0038078834768384
960,0.976942539215088,0.0178933274000883,0.0040554143488407,0.0011086885351687
961,0.3027572631835937,0.4763040542602539,0.1836315691471099,0.0373070165514946
962,0.9807212352752686,0.0151259722188115,0.0031705757137387,0.0009821986313909
963,0.9775829315185548,0.0165594704449176,0.004387822933495,0.0014697364531457
964,0.913345992565155,0.0715387910604476,0.0136534161865711,0.0014617214910686
965,0.9825761318206788,0.0131665281951427,0.0031765724997967,0.0010807743528857
966,0.9180951714515686,0.0665065944194793,0.0135116335004568,0.0018866467289626
967,0.9818034172058104,0.0153811248019337,0.002510899445042,0.0003046066849492
968,0.3555936217308044,0.4710850119590759,0.1436728090047836,0.0296485610306262
969,0.9846062660217284,0.0125895459204912,0.0022927266545593,0.0005115764797665
970,0.9686393737792968,0.0227802153676748,0.0065266410820186,0.0020536987576633
971,0.5733731389045715,0.3701975047588348,0.0525051727890968,0.0039241965860128
972,0.2907662689685821,0.6155521273612976,0.088678702712059,0.0050029098056256
973,0.9338887333869934,0.0560843795537948,0.0086008179932832,0.0014261554460972
974,0.8385770916938782,0.0986010134220123,0.0588773488998413,0.0039445371367037
975,0.983226478099823,0.0135934697464108,0.0025541370268911,0.000625918211881
976,0.9838364720344543,0.0123846735805273,0.0030349949374794,0.0007437574677169
977,0.952498197555542,0.0381047241389751,0.0079871844500303,0.001409821677953
978,0.937583029270172,0.0474146045744419,0.0123688392341136,0.0026334780268371
979,0.982662558555603,0.0161333847790956,0.0010808694642037,0.0001231799251399
980,0.9618208408355712,0.0264452937990427,0.0088580632582306,0.0028757923282682
981,0.9827516674995422,0.0138008678331971,0.0027603474445641,0.0006871047662571
982,0.9432123303413392,0.0455149747431278,0.009690698236227,0.0015819629188627
983,0.9735199213027954,0.020522940903902,0.004724649246782,0.0012324983254075
984,0.4607481062412262,0.4753738045692444,0.059500016272068,0.0043780412524938
985,0.7314512729644775,0.2196214944124221,0.0453214570879936,0.0036057529505342
986,0.5832704901695251,0.353771448135376,0.0577515996992588,0.0052064643241465
987,0.8311119079589844,0.1466999650001526,0.0198536813259124,0.0023344224318861
988,0.8084985017776489,0.1279230564832687,0.0500953830778598,0.0134829897433519
989,0.928661048412323,0.0540545508265495,0.0138823576271533,0.0034020179882645
990,0.9710572361946106,0.0228370781987905,0.004712697584182,0.0013930706772953
991,0.6166790723800659,0.3149688839912414,0.0610595010221004,0.0072925169952213
992,0.9834955334663392,0.0133863845840096,0.0023628373164683,0.0007552081369794
993,0.976469337940216,0.0184523798525333,0.0040534497238695,0.001024872646667
994,0.8949267864227295,0.0900051593780517,0.0131706641986966,0.0018974140984937
995,0.20676851272583,0.5533411502838135,0.2166915088891983,0.0231987833976745
996,0.0279615484178066,0.3353602290153503,0.5113632678985596,0.1253149658441543
997,0.9736421704292296,0.0211770664900541,0.0042356797493994,0.0009451078949496
998,0.9830736517906188,0.0146957607939839,0.0018683562520891,0.0003621974028646
999,0.5752959847450256,0.3381990492343902,0.0754624083638191,0.011042590253055
1000,0.0019846148788928,0.5677464008331299,0.4089324176311493,0.0213366206735372
1001,0.0021177644375711,0.6349117755889893,0.3398438096046448,0.0231266599148511
1002,0.0276539754122495,0.7358449101448059,0.2244200110435485,0.0120811257511377
1003,0.0003164470836054,0.9286907315254213,0.070502683520317,0.0004901228821836
1004,0.000969654880464,0.1052864715456962,0.4364003241062164,0.457343578338623
1005,0.002595625584945,0.5265401601791382,0.4433912634849548,0.0274729691445827
1006,0.0034860204905271,0.3500709533691406,0.5507389307022095,0.0957040637731552
1007,0.004722629673779,0.2008113116025924,0.425117552280426,0.3693485260009765
1008,0.0035254738759249,0.7264282703399658,0.2590160071849823,0.0110302306711673
1009,0.0003797571116592,0.0628751888871193,0.3675195872783661,0.5692254900932312
1010,0.003333386266604,0.9388105273246764,0.0572678036987781,0.0005883775884285
1011,0.0036611584946513,0.8548316955566406,0.1395474374294281,0.0019596768543124
1012,0.0009153367718681,0.1945932954549789,0.63804692029953,0.1664444804191589
1013,0.0016315914690494,0.253770649433136,0.6087641716003418,0.1358336508274078
1014,0.0011711460538208,0.6874456405639648,0.3050521314144134,0.0063311550766229
1015,0.0007408509263768,0.9206170439720154,0.0779676586389541,0.0006745524005964
1016,0.0004866021045017,0.7525305151939392,0.2443108856678009,0.0026719714514911
1017,0.0004701395810116,0.7157989144325256,0.2803108692169189,0.0034200299996882
1018,0.0030814406927675,0.8152723908424377,0.1790915727615356,0.0025546040851622
1019,0.0052747461013495,0.2502112686634063,0.4822948276996612,0.2622191607952118
1020,0.0011991551145911,0.4010624885559082,0.5149744153022766,0.0827639251947403
1021,0.0007285792962647,0.54913330078125,0.4210351109504699,0.0291029978543519
1022,0.017698124051094,0.9220353960990906,0.058943748474121,0.0013227442977949
1023,0.0009709904552437,0.954498827457428,0.0439503900706768,0.0005798048805445
1024,0.0157419610768556,0.873016893863678,0.1092708855867385,0.001970337703824
1025,0.0029508266597986,0.6782971024513245,0.3057324588298797,0.0130196586251258
1026,0.0013435557484626,0.7643835544586182,0.2295095473527908,0.0047633191570639
1027,0.001336348708719,0.2668845355510711,0.620525062084198,0.111254021525383
1028,0.0023214805405586,0.63370281457901,0.3445382416248321,0.0194375179708004
1029,0.0048056836239993,0.887624979019165,0.1043681204319,0.0032012755982577
1030,0.0035661691799759,0.2105276435613632,0.4598346352577209,0.326071560382843
1031,0.0006198220071382,0.7823498845100403,0.2138825505971908,0.0031477157026529
1032,0.0011523241410031,0.7664588093757629,0.2301326543092727,0.0022561412770301
1033,0.0014907966833561,0.3944275975227356,0.5562320947647095,0.0478494986891746
1034,0.9778412580490112,0.0133094247430562,0.0043209376744925,0.00452830363065
1035,0.0043947910889983,0.2849446833133697,0.5323467254638672,0.1783138215541839
1036,0.0043777502141892,0.3216325938701629,0.5220612287521362,0.1519284695386886
1037,0.0029266504570841,0.2051740437746048,0.5158075094223022,0.2760918736457824
1038,0.0005617234273813,0.9247323870658876,0.0735712572932243,0.0011347124818712
1039,0.0001552921748952,0.9800004959106444,0.0197134856134653,0.0001307691272813
1040,0.0002781886141747,0.5438476204872131,0.4508655369281769,0.0050086630508303
1041,0.0005046834703534,0.9562803506851196,0.0426776818931102,0.0005372327868826
1042,0.000893481017556,0.92045658826828,0.0779540687799453,0.0006958437734283
1043,0.0017437511123716,0.917510151863098,0.080171138048172,0.0005750280688516
1044,0.0007147144642658,0.8608134388923645,0.1362004727125167,0.0022713579237461
1045,0.0006022317102178,0.946018397808075,0.0525432713329792,0.0008361159707419
1046,0.0011854923795908,0.2725053429603576,0.6335938572883606,0.0927152633666992
1047,0.0019050246337428,0.3804557919502258,0.5535598993301392,0.0640792101621627
1048,0.0013109472347423,0.8996447324752808,0.0978318303823471,0.0012124280910938
1049,0.0007834384450688,0.782260000705719,0.2138579785823822,0.0030985588673502
1050,0.0005734913866035,0.929468274116516,0.0694677531719207,0.0004905331879854
1051,0.0012590223923325,0.662460207939148,0.3279415965080261,0.0083391433581709
1052,0.0041736080311238,0.3018803596496582,0.5298165082931519,0.1641295105218887
1053,0.0028063249774277,0.719639778137207,0.268909752368927,0.0086440900340676
1054,0.0011496291263028,0.5507684350013733,0.4289388954639435,0.0191430449485778
1055,0.0010400438914075,0.6600977778434753,0.3267720639705658,0.0120901120826601
1056,0.0010732687078416,0.3022739887237549,0.6202259659767151,0.0764268338680267
1057,0.0001493715244578,0.9280229210853576,0.0715614482760429,0.0002662835468072
1058,0.0005727453972212,0.8584994077682495,0.1379734128713607,0.0029544453136622
1059,0.0009932575048878,0.254705935716629,0.592208981513977,0.1520918607711792
1060,0.0008705359068699,0.5700526237487793,0.4170594215393066,0.0120173776522278
1061,0.0003555807634256,0.9501520991325378,0.0488069206476211,0.0006853998056612
1062,0.0021891768556088,0.5526780486106873,0.4171832799911499,0.0279495362192392
1063,0.000421942124376,0.8919079303741455,0.1065232157707214,0.0011469576274976
1064,0.0002713343710638,0.71379554271698,0.283928245306015,0.0020049049053341
1065,0.0028898362070322,0.48599573969841,0.4637403786182403,0.0473740585148334
1066,0.0027822202537208,0.7835808396339417,0.2108979225158691,0.0027390858158469
1067,0.0051891743205487,0.8864277601242065,0.1075358912348747,0.0008471095352433
1068,0.0104382913559675,0.9250574707984924,0.0639422833919525,0.0005619209259748
1069,0.0009103296906687,0.9828205108642578,0.0161359794437885,0.0001332106621703
1070,0.0022074659354984,0.2472982853651046,0.5486552119255066,0.2018389999866485
1071,0.0013649794273078,0.1392316818237304,0.4565231204032898,0.4028802514076233
1072,0.003404404502362,0.2139399051666259,0.5549178719520569,0.2277378290891647
1073,0.0064007323235273,0.2897192537784576,0.4851884841918945,0.2186915874481201
1074,0.0013945630053058,0.3466120362281799,0.5804659128189087,0.0715274363756179
1075,0.0012778608361259,0.9047759771347046,0.0924286842346191,0.0015174972359091
1076,0.0024675703607499,0.3494494557380676,0.5328468084335327,0.1152362003922462
1077,0.0015032821102067,0.1374521404504776,0.4506882429122925,0.4103563129901886
1078,0.0030632419511675,0.2590377628803253,0.5483829379081726,0.1895160675048828
1079,0.0007496873731724,0.9611696600914,0.0378554873168468,0.0002250969409942
1080,0.0096481870859861,0.334837406873703,0.4948575794696808,0.1606567353010177
1081,0.009311793372035,0.2942432463169098,0.4486673474311828,0.2477776259183883
1082,0.0013374043628573,0.1645526587963104,0.5068578720092773,0.327252060174942
1083,0.0005942350253462,0.1523826271295547,0.6218162178993225,0.2252069115638733
1084,0.0010238719405606,0.9755159616470336,0.0233032181859016,0.000157015849254
1085,0.0017912376206368,0.5044817924499512,0.4665693640708923,0.0271575953811407
1086,0.0013946089893579,0.8186150789260864,0.1770379245281219,0.0029523868579417
1087,0.0031559655908495,0.9461674690246582,0.050145037472248,0.0005315513699315
1088,0.0002561470028012,0.9355374574661256,0.0636641234159469,0.0005422632093541
1089,0.0008276627631857,0.2294879704713821,0.6238129138946533,0.145871415734291
1090,0.0009998341556638,0.707922101020813,0.2815919518470764,0.0094861621037125
1091,0.0014280359027907,0.6132667660713196,0.3661983013153076,0.0191069096326828
1092,0.0022513868752866,0.9225775003433228,0.0745556950569152,0.0006154949078336
1093,0.0004152384935878,0.9490606784820556,0.050298374146223,0.0002257612504763
1094,0.0030396478250622,0.7097172141075134,0.2736203670501709,0.0136227561160922
1095,0.0006861187284812,0.0589341297745704,0.2224150747060775,0.7179646492004395
1096,0.0012285384582355,0.970392107963562,0.0279614068567752,0.0004179891548119
1097,0.0010525900870561,0.7001215219497681,0.291854053735733,0.006971837952733
1098,0.0005275729345157,0.9538742899894714,0.0453158505260944,0.0002823894610628
1099,0.0013863107888028,0.966345191001892,0.0320491679012775,0.0002193462132709
1100,0.0002328861301066,0.9638342261314392,0.0356605276465415,0.0002722714853007
1101,0.0004844309587497,0.9323606491088868,0.0664928629994392,0.0006621386273764
1102,0.0085778497159481,0.7030537128448486,0.2796554565429687,0.0087129324674606
1103,0.0032737136352807,0.6436628103256226,0.3339278697967529,0.0191355925053358
1104,0.0016406495124101,0.3830697536468506,0.5487220883369446,0.0665675476193428
1105,0.0020017516799271,0.6907463073730469,0.2970862984657287,0.0101657332852482
1106,0.0012693626340478,0.1688718050718307,0.58028244972229,0.2495763748884201
1107,0.0014777780743315,0.2334667593240738,0.6547736525535583,0.1102818772196769
1108,0.0013491853605955,0.1397878527641296,0.3859666585922241,0.4728962481021881
1109,0.0062800864689052,0.3649950325489044,0.4835398495197296,0.1451849788427353
1110,0.0004595759673975,0.5984984636306763,0.392504870891571,0.008537121117115
1111,0.0028195451013743,0.2659878432750702,0.5207788944244385,0.2104136943817138
1112,0.0024386532604694,0.1508741378784179,0.41011843085289,0.4365687668323517
1113,0.0034585481043905,0.2790731191635132,0.5132940411567688,0.2041742652654647
1114,0.0023362273350358,0.3577331900596618,0.5716559886932373,0.0682745724916458
1115,0.0008585968753322,0.1008031070232391,0.3864178359508514,0.5119204521179199
1116,0.0008633746183477,0.2887592613697052,0.6609765291213989,0.0494008846580982
1117,0.0020910499151796,0.8176352977752686,0.1768260449171066,0.0034475589636713
1118,0.0008450198802165,0.956092655658722,0.0426693074405193,0.0003929707163479
1119,0.0022959385532885,0.1634924262762069,0.4880982041358948,0.3461134433746338
1120,0.0006550931720994,0.0757184773683548,0.2994723916053772,0.6241540312767029
1121,0.0010294103994965,0.1677938401699066,0.5501748323440552,0.2810018360614776
1122,0.0022923666983842,0.5107267498970032,0.4437270760536194,0.0432537794113159
1123,0.0026198532432317,0.8360958099365234,0.1570977568626403,0.0041865133680403
1124,0.0031655561178922,0.2554313838481903,0.5159856081008911,0.2254174202680587
1125,0.002058615675196,0.1635361015796661,0.4658709764480591,0.3685342967510223
1126,0.0051922630518674,0.9590274095535278,0.035482682287693,0.0002975403913296
1127,0.0048730825074017,0.3363329768180847,0.5291260480880737,0.1296679228544235
1128,0.0029479039367288,0.1488545089960098,0.4307247698307037,0.4174727499485016
1129,0.0027721645310521,0.8847042322158813,0.110733725130558,0.0017898437799885
1130,0.0084514822810888,0.9468038082122804,0.0442826077342033,0.0004621304688043
1131,0.0055622244253754,0.3084695339202881,0.492932915687561,0.193035289645195
1132,0.0283440109342336,0.6252588629722595,0.3193509876728058,0.0270460452884435
1133,0.0141801247373223,0.8503018021583557,0.1324514746665954,0.0030666671227663
1134,0.0030012782663106,0.2137192636728286,0.5372901558876038,0.2459893673658371
1135,0.0028250031173229,0.2749624252319336,0.5554394125938416,0.1667731404304504
1136,0.0015808343887329,0.1975670307874679,0.6181325316429138,0.1827196180820465
1137,0.0009486979106441,0.8898786306381226,0.1079545244574546,0.0012181522324681
1138,0.000427599356044,0.0373070165514946,0.1646062582731247,0.797659158706665
1139,0.0013944602105766,0.7810447216033936,0.2135257422924041,0.004035004414618
1140,0.0024886853061616,0.8454589247703552,0.1492323577404022,0.0028200498782098
1141,0.0012866358738392,0.791481077671051,0.2032691538333892,0.0039631174877285
1142,0.0025732822250574,0.0813131108880043,0.2352872937917709,0.6808263063430786
1143,0.0017014204058796,0.2263513505458831,0.569047212600708,0.2029000520706176
1144,0.0046933344565331,0.2333159148693084,0.5017080307006836,0.2602826952934265
1145,0.0073869237676262,0.2686639428138733,0.4941486418247223,0.2298004776239395
1146,0.0039662350900471,0.3570290803909302,0.5034916996955872,0.135512962937355
1147,0.0048944540321826,0.2844628393650055,0.4992478489875793,0.2113948464393615
1148,0.0043465485796332,0.2300121486186981,0.4793865084648132,0.286254733800888
1149,0.0033272129949182,0.6644834876060486,0.3188226521015167,0.0133666116744279
1150,0.0028508058749139,0.2487259358167648,0.5183894038200378,0.2300338894128799
1151,0.0030844830907881,0.1251495033502578,0.319580465555191,0.5521855354309082
1152,0.0009880803991109,0.898304283618927,0.0992243885993957,0.0014832845190539
1153,0.0015607149107381,0.2389833927154541,0.5644032955169678,0.1950525641441345
1154,0.0040894378907978,0.2693219482898712,0.5356106758117676,0.1909778863191604
1155,0.0055990014225244,0.2614748775959015,0.4589027464389801,0.2740233242511749
1156,0.002291569719091,0.8158553242683411,0.1764410883188247,0.0054119639098644
1157,0.0056215575896203,0.9163137674331664,0.0776032134890556,0.000461445597466
1158,0.0017785783857107,0.838877260684967,0.157620370388031,0.0017238572472706
1159,0.0014587874757125,0.8299418091773987,0.1659988015890121,0.0026005699764937
1160,0.0037018014118075,0.3438032269477844,0.540878415107727,0.1116165667772293
1161,0.0005050247418694,0.9719964265823364,0.0271459314972162,0.0003525640931911
1162,0.0026751693803817,0.7077831029891968,0.2771718502044678,0.0123698581010103
1163,0.0018917409470304,0.4701832830905914,0.4775875806808471,0.0503373593091964
1164,0.0011053895577788,0.8731198310852051,0.1238347291946411,0.0019400191958993
1165,0.0021454507950693,0.8389069437980652,0.1551821827888488,0.0037653839681297
1166,0.0032377913594245,0.1609576791524887,0.362723708152771,0.4730809032917022
1167,0.0037202138919383,0.6063948273658752,0.3677970468997955,0.0220879297703504
1168,0.0049938960000872,0.4937188923358917,0.4638059735298157,0.0374812707304954
1169,0.0891460701823234,0.6903172135353088,0.210534855723381,0.0100019117817282
1170,0.0017945725703611,0.7127578854560852,0.2747926414012909,0.0106548676267266
1171,0.0011557838879525,0.7335559129714966,0.2615574300289154,0.0037309159524738
1172,0.0010590737219899,0.395151674747467,0.5486137270927429,0.0551755353808403
1173,0.0014326330274343,0.8812919855117798,0.1156003549695015,0.0016749176429584
1174,0.002069083508104,0.1722558438777923,0.4831034243106842,0.3425716161727905
1175,0.0011227730428799,0.2704741954803467,0.6191215515136719,0.1092814430594444
1176,0.0043851216323673,0.8895514607429504,0.1045946404337883,0.0014688317896798
1177,0.000961371930316,0.847131609916687,0.1495276093482971,0.0023794185835868
1178,0.0015606469241902,0.9160768985748292,0.08130644261837,0.0010559863876551
1179,0.0002625351771712,0.9893071055412292,0.010324346832931,0.000106073806819
1180,0.0004398796590976,0.7953211069107056,0.2010886669158935,0.0031502943020313
1181,0.0013058388140052,0.8822457790374756,0.113931305706501,0.0025170701555907
1182,0.0016585937701165,0.2620329260826111,0.572332501411438,0.1639760136604309
1183,0.0016712209908291,0.6637657880783081,0.323493629693985,0.0110693424940109
1184,0.0016001192852854,0.1332135200500488,0.3854660987854004,0.4797202944755554
1185,0.0063835540786385,0.4763843417167663,0.4475216865539551,0.0697104260325431
1186,0.0032713583204895,0.2899128496646881,0.5416284799575806,0.1651873439550399
1187,0.0007255022064782,0.8738064169883728,0.1239321082830429,0.0015358881792053
1188,0.0033200110774487,0.4628801047801971,0.4701693952083587,0.0636305063962936
1189,0.0116888964548707,0.6089671850204468,0.3209031522274017,0.0584408082067966
1190,0.0009344221907667,0.056032009422779,0.2049565762281417,0.7380769848823547
1191,0.0013784597394987,0.1061355248093605,0.3534852862358093,0.5390006899833679
1192,0.0036342074163258,0.4071334302425384,0.5227696895599365,0.0664627030491828
1193,0.0007332233362831,0.9111385941505432,0.0874393209815025,0.0006887995405122
1194,0.0036063867155462,0.5269371867179871,0.4300735890865326,0.0393828824162483
1195,0.0036606278736144,0.5103694200515747,0.4434166252613067,0.0425534024834632
1196,0.0012124475324526,0.1041431054472923,0.4055081903934479,0.4891362190246582
1197,0.0032236340921372,0.1653409004211425,0.409222662448883,0.4222127795219421
1198,0.004086582455784,0.8963527679443359,0.0944748818874359,0.0050858343020081
1199,0.0031192884780466,0.4085461795330047,0.4928007423877716,0.0955337733030319
1200,0.0012676547048613,0.8836344480514526,0.1141106337308883,0.0009872504742816
1201,0.0013209328753873,0.9064974784851074,0.0911688506603241,0.0010127944406121
1202,0.0023194660898298,0.1083196997642517,0.3037901222705841,0.585570752620697
1203,0.0008190036169253,0.9266567230224608,0.0714560896158218,0.0010681820567697
1204,0.0011831569718196,0.0969733446836471,0.3438003957271576,0.5580431222915649
1205,0.0003381330170668,0.9618024230003356,0.0372931249439716,0.0005662662442773
1206,0.002298338804394,0.2784007489681244,0.545082151889801,0.1742187291383743
1207,0.0003699669032357,0.0408041253685951,0.2008449584245681,0.7579808831214905
1208,0.0010119682410731,0.276240587234497,0.6128665208816528,0.1098809167742729
1209,0.0016163608524948,0.2150353044271469,0.5239661931991577,0.2593820691108703
1210,0.0054883803240954,0.6859180927276611,0.2950097024440765,0.0135838715359568
1211,0.0009017190313898,0.3063329756259918,0.6285544633865356,0.0642108768224716
1212,0.0021273107267916,0.320692777633667,0.5628333687782288,0.1143465340137481
1213,0.0016204142011702,0.0941775515675544,0.2900872826576233,0.6141147613525391
1214,0.0031981728971004,0.1493555307388305,0.4600474238395691,0.3873988091945648
1215,0.0344488397240638,0.6811961531639099,0.2667602598667145,0.0175947472453117
1216,0.0023600051645189,0.1460083574056625,0.422489196062088,0.429142415523529
1217,0.0012751372996717,0.8750700354576111,0.1221871599555015,0.0014676741557195
1218,0.0045385668054223,0.377845823764801,0.5005643963813782,0.1170511841773986
1219,0.0073878746479749,0.8276497721672058,0.1629738956689834,0.0019884195644408
1220,0.001183214597404,0.1728821098804474,0.5409002900123596,0.2850344181060791
1221,0.0014724514912813,0.4626304805278778,0.5002228617668152,0.0356742329895496
1222,0.0012738534715026,0.1094175726175308,0.4065356254577636,0.4827729761600494
1223,0.0017913167830556,0.1514796018600464,0.4889821410179138,0.357746958732605
1224,0.0041863610967993,0.8899869918823242,0.1046458557248115,0.0011808172566816
1225,0.0025647811125963,0.9275049567222596,0.0693210139870643,0.0006091889226809
1226,0.005153989419341,0.4712534844875335,0.4567545354366302,0.0668379589915275
1227,0.0011832010932266,0.10005534440279,0.3229826390743255,0.5757788419723511
1228,0.002192293992266,0.941475749015808,0.0556634403765201,0.0006686119595542
1229,0.0021953384857624,0.8191041946411133,0.177143707871437,0.0015567281516268
1230,0.0012575124856084,0.3174707293510437,0.593113362789154,0.0881584286689758
1231,0.0014725398505106,0.243803784251213,0.5494202971458435,0.2053033858537674
1232,0.0028255740180611,0.3422654271125793,0.5384591221809387,0.1164499521255493
1233,0.002292645163834,0.2031777650117874,0.4798417091369629,0.3146878778934479
1234,0.0042333491146564,0.9580197930336,0.0371464565396308,0.0006004165625199
1235,0.0009333195048384,0.9465910792350768,0.0517599806189537,0.0007156008505262
1236,0.0004129622248001,0.9891548752784728,0.0103227579966187,0.000109424101538
1237,0.0008785450481809,0.9337995648384094,0.064546562731266,0.0007753131794743
1238,0.0013088795822113,0.8843001127243042,0.1124261394143104,0.001964861061424
1239,0.0067194057628512,0.3392965793609619,0.4860199391841888,0.1679640114307403
1240,0.0025541770737618,0.409876137971878,0.5429976582527161,0.0445719622075557
1241,0.0011650889646261,0.9347670674324036,0.0636116936802864,0.0004562553949654
1242,0.0035620890557765,0.1975461393594741,0.4521875977516174,0.3467042744159698
1243,0.00148068042472,0.7670114636421204,0.226728156208992,0.0047796950675547
1244,0.0003933371626771,0.8445355892181396,0.1538013517856598,0.001269707805477
1245,0.0015769976889714,0.3981277644634247,0.5527456402778625,0.0475495755672454
1246,0.0273187141865491,0.8632436990737915,0.1063724979758262,0.0030650752596557
1247,0.0011313598370179,0.7525145411491394,0.240518108010292,0.0058359983377158
1248,0.0012045917101204,0.966460645198822,0.0320529974997043,0.0002816797932609
1249,0.0083474516868591,0.9648341536521912,0.0265281442552804,0.000290132156806
1250,0.0016430709511041,0.4213408529758453,0.5082340836524963,0.0687820017337799
1251,0.0010290964273735,0.7173445224761963,0.2765609323978424,0.0050653908401727
1252,0.0024764805566519,0.5873309373855591,0.3851810395717621,0.0250115692615509
1253,0.0014534399379044,0.0818741247057914,0.2726824879646301,0.6439899206161499
1254,0.0020962764974683,0.3994795680046081,0.5460238456726074,0.0524003207683563
1255,0.0014540251577273,0.6342611312866211,0.3502722382545471,0.0140126524493098
1256,0.0016756267286837,0.9533072113990784,0.0445867739617824,0.0004303365421947
1257,0.0043520429171621,0.9696113467216492,0.0258392672985792,0.0001972852332983
1258,0.0050523038953542,0.2082198113203048,0.469230592250824,0.3174973130226135
1259,0.0040694028139114,0.2022988945245742,0.4703589975833893,0.323272705078125
1260,0.0032860254868865,0.4440462589263916,0.4876894056797027,0.0649783238768577
1261,0.0016864809440448,0.3937708139419555,0.5382208824157715,0.0663218274712562
1262,0.0057548815384507,0.3505219519138336,0.5020995140075684,0.1416236758232116
1263,0.0065029789693653,0.8127189874649048,0.1785306632518768,0.0022473693825304
1264,0.0004485239915084,0.4273408353328705,0.5573574900627136,0.0148530742153525
1265,0.0010200185934081,0.4380446374416351,0.5201908349990845,0.0407444946467876
1266,0.006166395265609,0.7587060332298279,0.2278048396110534,0.0073227752000093
1267,0.0006767429877072,0.9679314494132996,0.0311141069978475,0.0002777347399387
1268,0.0005620656884275,0.7914474010467529,0.2001092433929443,0.0078812651336193
1269,0.01290232129395,0.7155362367630005,0.263231098651886,0.0083303656429052
1270,0.0003921817697118,0.0254278518259525,0.1053955182433128,0.8687845468521118
1271,0.0027416497468948,0.6604588627815247,0.311978667974472,0.0248208716511726
1272,0.0004746500053443,0.9425343871116638,0.0566035881638526,0.0003873980313073
1273,0.0013700242852792,0.8832235932350159,0.1140575781464576,0.0013487839605659
1274,0.0004516479966696,0.0342358350753784,0.1487136781215667,0.8165987730026245
1275,0.0012242408702149,0.1654337793588638,0.4938940107822418,0.3394480645656585
1276,0.0007959635113365,0.6692603230476379,0.3211145997047424,0.0088290562853217
1277,0.0084977820515632,0.3447881639003753,0.5509698987007141,0.0957442000508308
1278,0.0054978234693408,0.5186489224433899,0.4167461395263672,0.0591071657836437
1279,0.0067131440155208,0.5250232219696045,0.4025492668151855,0.0657143667340278
1280,0.00136591529008,0.952128291130066,0.0459452159702777,0.0005605705082416
1281,0.0010740545112639,0.6711151003837585,0.3220045268535614,0.0058062835596501
1282,0.0019476228626444,0.3711512386798858,0.5571639537811279,0.0697372481226921
1283,0.0006789531325921,0.6570741534233093,0.3356006443500519,0.0066462107934057
1284,0.0164283048361539,0.8426112532615662,0.133320465683937,0.0076398705132305
1285,0.0069453506730496,0.3562285602092743,0.5264716148376465,0.1103544533252716
1286,0.0002296754391863,0.9505462646484376,0.0488271676003932,0.0003968435339629
1287,0.0013875345466658,0.4428156316280365,0.5177038908004761,0.0380929224193096
1288,0.0018994220299646,0.1937463134527206,0.4947485327720642,0.3096057474613189
1289,0.0010227933526039,0.8078792095184326,0.1859843581914901,0.0051136454567313
1290,0.0013807248324155,0.4764479696750641,0.4764479696750641,0.0457233265042305
1291,0.0093044228851795,0.2986403107643127,0.4483121931552887,0.2437431067228317
1292,0.0014099985128268,0.4361401796340942,0.5260854959487915,0.0363643430173397
1293,0.0015907754423096,0.4844293892383575,0.4844293892383575,0.0295503810048103
1294,0.0025443397462368,0.4554888308048248,0.5002565979957581,0.0417102202773094
1295,0.0002916869998443,0.0321705378592014,0.1633754670619964,0.8041622638702393
1296,0.000758986105211,0.97309148311615,0.0259320084005594,0.0002174531400669
1297,0.0009889083448797,0.9570411443710328,0.041397538036108,0.0005723362555727
1298,0.0009242361411452,0.551056444644928,0.4291632175445556,0.0188561156392097
1299,0.0024935519322752,0.9303707480430604,0.0663509592413902,0.000784630945418
1300,0.0019340929575264,0.4111727774143219,0.5197710394859314,0.067122109234333
1301,0.0010863961651921,0.4247989356517792,0.5369961261749268,0.0371185168623924
1302,0.0007423768402077,0.8399577736854553,0.1578233987092971,0.0014763924991711
1303,0.0008162570884451,0.0734771192073822,0.2604990303516388,0.66520756483078
1304,0.0017529448959976,0.7527981996536255,0.2406087666749954,0.0048400359228253
1305,0.0041424138471484,0.290405660867691,0.5425491333007812,0.1629027873277664
1306,0.0040228636935353,0.910386323928833,0.0846791118383407,0.0009117577574215
1307,0.0015726436395198,0.4032807946205139,0.5342602133750916,0.0608862899243831
1308,0.0005118870176374,0.9548923373222352,0.0439685098826885,0.0006271770689636
1309,0.0011736763408407,0.9416568875312804,0.0565508902072906,0.0006184839294292
1310,0.0050131366588175,0.3406350612640381,0.4803724586963653,0.1739793866872787
1311,0.0005713225109502,0.985671877861023,0.0136272786185145,0.0001294867834076
1312,0.0019452272681519,0.4266669750213623,0.5227633118629456,0.0486245602369308
1313,0.0044435765594244,0.6698706746101379,0.3164245188236236,0.0092612095177173
1314,0.0029494047630578,0.5363185405731201,0.4309440851211548,0.0297879315912723
1315,0.0005542036960832,0.8178279995918274,0.1796529591083526,0.0019648228771984
1316,0.0010926836403086,0.8904809951782227,0.1063527911901474,0.0020735491998493
1317,0.0033599650487303,0.376410573720932,0.5308240652084351,0.089405357837677
1318,0.0198770202696323,0.7576255798339844,0.2170633822679519,0.0054340749047696
1319,0.0040240352973341,0.8689495921134949,0.1251840591430664,0.0018423374276608
1320,0.0007864681538194,0.376783937215805,0.5745269060134888,0.0479027032852172
1321,0.0008484742138534,0.2707807123661041,0.6495692133903503,0.0788016840815544
1322,0.0003373532672412,0.3642171919345855,0.6004925966262817,0.0349528603255748
1323,0.0006245587719604,0.9216496348381042,0.0768449828028678,0.0008807691046968
1324,0.0023212076630443,0.9364420175552368,0.0608074702322483,0.0004293802485335
1325,0.0035078029613941,0.7227872014045715,0.2700858414173126,0.0036191523540765
1326,0.001317010493949,0.9324955940246582,0.0654714629054069,0.0007160461973398
1327,0.0020547900348901,0.4103656709194183,0.5436462163925171,0.0439333505928516
1328,0.0007117355125956,0.9125118255615234,0.0862134397029876,0.0005630290834233
1329,0.0024495811667293,0.9429771900177002,0.0531991347670555,0.0013740904396399
1330,0.0033533831592649,0.538127064704895,0.4256935715675354,0.0328259617090225
1331,0.0015067164786159,0.1489607393741607,0.4808511435985565,0.3686813712120056
1332,0.0010650276672095,0.8027158975601196,0.1936642229557037,0.0025548688136041
1333,0.0033008633181452,0.2242887020111084,0.4976062178611755,0.2748042345046997
1334,0.0005149034550413,0.945627987384796,0.0525215864181518,0.0013355581322684
1335,0.0003714576305355,0.348427265882492,0.6309202909469604,0.0202809013426303
1336,0.0006458027637563,0.9529989957809448,0.0459872335195541,0.000367967353668
1337,0.0004018663312308,0.8233358263969421,0.1752983033657074,0.0009640270727686
1338,0.0009942713659256,0.9622313976287842,0.0361618623137474,0.0006125528016127
1339,0.0040777772665023,0.922813355922699,0.0722803324460983,0.0008284506620839
1340,0.0009287575958296,0.3746875524520874,0.5803274512290955,0.044056262820959
1341,0.0007811990217305,0.9119403958320618,0.0861594527959823,0.0011190158547833
1342,0.0021872415672987,0.8034309148788452,0.1908315867185592,0.0035502437967807
1343,0.0006837136461399,0.9044109582901,0.09384635835886,0.0010589563753455
1344,0.0011712647974491,0.1375117152929306,0.4875213801860809,0.3737956285476684
1345,0.0030438252724707,0.3573586642742157,0.5449069142341614,0.0946906134486198
1346,0.0011924748541787,0.8987733125686646,0.0992761924862861,0.0007579831290058
1347,0.0013057236792519,0.5105596780776978,0.4505673348903656,0.0375672467052936
1348,0.001093637663871,0.1366789191961288,0.5239438414573669,0.3382835686206817
1349,0.000631762552075,0.3483676314353943,0.6210324764251709,0.0299680959433317
1350,0.0003519277088344,0.9702419638633728,0.0292987674474716,0.0001073318853741
1351,0.0051488843746483,0.3498589396476745,0.4634877741336822,0.181504413485527
1352,0.001868798979558,0.95305335521698,0.0445749014616012,0.0005029804306104
1353,0.0004742347518913,0.9565396904945374,0.0426892563700675,0.0002967685577459
1354,0.0017632944509387,0.8580684661865234,0.1379041522741317,0.0022641150280833
1355,0.0023943129926919,0.3286427557468414,0.5858690738677979,0.0830939039587974
1356,0.001333272899501,0.22775299847126,0.5907463431358337,0.1801674365997314
1357,0.001577231218107,0.8973275423049927,0.1006773561239242,0.0004179246607236
1358,0.0006842483999207,0.7621861100196838,0.2324536144733429,0.0046759890392422
1359,0.0001028538681566,0.8465582132339478,0.1517795324325561,0.0015594044234603
1360,0.0013381196185946,0.9623616337776184,0.0356060452759265,0.0006942072650417
1361,0.0026114434003829,0.1278078705072403,0.3640907704830169,0.5054899454116821
1362,0.0007956142653711,0.5129144787788391,0.4670139849185943,0.0192759707570076
1363,0.0026756550651043,0.3190807402133941,0.5513221025466919,0.1269215494394302
1364,0.0004750980006065,0.0837336331605911,0.4186418652534485,0.4971494674682617
1365,0.00375786726363,0.8242522478103638,0.1674569994211197,0.0045328536070883
1366,0.0002591378579381,0.931787610054016,0.067498467862606,0.0004548011347651
1367,0.00036635203287,0.9637571573257446,0.0356576777994632,0.000218758767005
1368,0.0040968642570078,0.4885646402835846,0.4589640200138092,0.0483744516968727
1369,0.0019299110863357,0.6659561991691589,0.319529265165329,0.01258460059762
1370,0.0003608633123803,0.9642676711082458,0.035123448818922,0.0002480174880474
1371,0.0012952123070135,0.7368796467781067,0.2586691081523895,0.0031559816561639
1372,0.0033067611511796,0.7140615582466125,0.2752952575683594,0.0073363706469535
1373,0.0027803340926766,0.2278804332017898,0.5552653670310974,0.2140738666057586
1374,0.0062747858464717,0.2796151638031006,0.506317675113678,0.2077923566102981
1375,0.00211848388426,0.8283624649047852,0.1656829118728637,0.0038360795006155
1376,0.0030120725277811,0.4540709257125854,0.4833559691905975,0.0595611408352851
1377,0.0031452716793864,0.4816175401210785,0.4667997062206268,0.048437550663948
1378,0.000846845912747,0.0492182001471519,0.1800327003002166,0.769902229309082
1379,0.0009858453413471,0.0564084574580192,0.1878688633441925,0.7547368407249451
1380,0.0033000011462718,0.521350622177124,0.4600903391838074,0.0152590507641434
1381,0.0052767200395464,0.6911139488220215,0.2972444295883178,0.0063649392686784
1382,0.0012710936134681,0.8454573154449463,0.1492320746183395,0.0040395273827016
1383,0.0011902814731001,0.767347514629364,0.2268275022506714,0.0046346690505743
1384,0.0004708312044385,0.5850775241851807,0.402117520570755,0.012334119528532
1385,0.0013510736171156,0.3746153116226196,0.5536454916000366,0.0703881233930587
1386,0.007473720703274,0.9340388178825378,0.0578739829361438,0.000613480398897
1387,0.0023033507168293,0.572486937046051,0.3996602594852447,0.0255494266748428
1388,0.0017884703120216,0.5361884832382202,0.4445158541202545,0.0175071731209754
1389,0.0033107092604041,0.3222370743751526,0.5149333477020264,0.1595188975334167
1390,0.0007523846579715,0.9204543828964232,0.0779538825154304,0.000839345739223
1391,0.0008494690991938,0.5144540667533875,0.4684157371520996,0.0162807125598192
1392,0.000394898437662,0.0349965095520019,0.142807587981224,0.8218010067939758
1393,0.0023834474850445,0.1619516760110855,0.4471628963947296,0.3885018825531006
1394,0.0039427727460861,0.2764097452163696,0.5411839485168457,0.1784635484218597
1395,0.001930953352712,0.3796553909778595,0.5610942244529724,0.0573193840682506
1396,0.0006103417836129,0.073931485414505,0.3064374625682831,0.6190207004547119
1397,0.0056078038178384,0.4668622016906738,0.4524983465671539,0.0750315859913826
1398,0.0010159802623093,0.2228455394506454,0.6549794673919678,0.121159017086029
1399,0.00071854039561,0.9069539308547974,0.0912147536873817,0.0011128970654681
1400,0.0007637767121195,0.7746374607086182,0.2184965312480926,0.0061021745204925
1401,0.0026724075432866,0.922170102596283,0.074522778391838,0.0006347523885779
1402,0.0039008921012282,0.6067278385162354,0.3622937202453613,0.0270775593817234
1403,0.0018859341507777,0.2629393339157104,0.5654084086418152,0.1697663813829422
1404,0.0025859198067337,0.4085365235805511,0.5084319114685059,0.0804456174373626
1405,0.0007351101376116,0.7936480045318604,0.2038256675004959,0.0017912077018991
1406,0.0005738179897889,0.2623178362846374,0.6492429375648499,0.0878654718399047
1407,0.0011774118756875,0.9446539282798768,0.0532937310636043,0.0008749781409278
1408,0.0012531816028058,0.9594024419784546,0.0389853380620479,0.0003590425476431
1409,0.0010145800188183,0.2190882712602615,0.6339529156684875,0.1459442526102066
1410,0.0008680690662004,0.95195335149765,0.0466601736843586,0.0005183476605452
1411,0.0027378012891858,0.5730111598968506,0.4127244651317596,0.0115265734493732
1412,0.0005437605432234,0.0296883210539817,0.1155991628766059,0.854168713092804
1413,0.0038697130512446,0.3221622705459595,0.5068324208259583,0.1671355962753296
1414,0.004827291239053,0.4146399199962616,0.5001512169837952,0.0803816169500351
1415,0.0005866005667485,0.9071782231330872,0.0912373140454292,0.0009978412417694
1416,0.0007713682134635,0.8865039348602295,0.1109589859843254,0.0017656794516369
1417,0.0019201994873583,0.8778089880943298,0.1187985315918922,0.0014722680207341
1418,0.0029789118561893,0.493209034204483,0.463327020406723,0.0404850654304027
1419,0.0011426021810621,0.9458256363868712,0.0525325648486614,0.0004991659079678
1420,0.0018972044344991,0.3141141235828399,0.5260421633720398,0.1579464972019195
1421,0.0025724656879901,0.4259150326251983,0.4902251958847046,0.0812873020768165
1422,0.0008375319885089,0.9042258262634276,0.0938271433115005,0.0011095495428889
1423,0.0005691687110811,0.7412193417549133,0.2521871924400329,0.0060242717154324
1424,0.0007247478934004,0.7236577272415161,0.2662188410758972,0.0093986736610531
1425,0.0005867626750841,0.0792902335524559,0.3782725632190704,0.5418504476547241
1426,0.001194889191538,0.2041139602661132,0.5999242663383484,0.1947668939828872
1427,0.0012805770384147,0.2557462751865387,0.632978081703186,0.1099950894713401
1428,0.0008733546128496,0.0662020444869995,0.2537783980369568,0.6791461110115051
1429,0.0039825341664254,0.9154524207115172,0.0799913331866264,0.0005737384199164
1430,0.0034318016842007,0.3340232074260711,0.5337675213813782,0.128777414560318
1431,0.0065269223414361,0.655442476272583,0.3194371461868286,0.0185934733599424
1432,0.001554845017381,0.2271818667650222,0.6175442934036255,0.1537189334630966
1433,0.0014286100631579,0.7635296583175659,0.2328633815050125,0.0021783700212836
1434,0.0030611157417297,0.2214129567146301,0.4912260770797729,0.2842998504638672
1435,0.0019990722648799,0.3013607859611511,0.5542873740196228,0.1423527598381042
1436,0.0050830356776714,0.2300757765769958,0.4647658467292785,0.3000753819942474
1437,0.0007879595505073,0.2676864862442016,0.6127404570579529,0.1187851503491401
1438,0.0005507071618922,0.1703445166349411,0.7634311318397522,0.0656736567616462
1439,0.0002431951288599,0.9755327701568604,0.0240433569997549,0.0001807272492442
1440,0.0001749863586155,0.9898741245269777,0.0098572056740522,9.366345329908654e-05
1441,0.0004329168004915,0.0864585638046264,0.5133281350135803,0.3997803330421448
1442,0.0013051946880295,0.7425589561462402,0.252642959356308,0.0034928824752569
1443,0.0033017334062606,0.3163811266422272,0.5910777449607849,0.0892393961548805
1444,0.0010772371897473,0.9057602286338806,0.0925292372703552,0.0006332751363515
1445,0.0006610348355025,0.6498075723648071,0.3424245715141296,0.0071067940443754
1446,0.0020072830375283,0.8097957968711853,0.18642558157444,0.0017714210553094
1447,0.0003935316344723,0.9279994964599608,0.0704502090811729,0.0011566538596525
1448,0.0012135846773162,0.5635203719139099,0.4187727570533752,0.0164932869374752
1449,0.0006378928082995,0.884294331073761,0.1141958534717559,0.0008718961616978
1450,0.0018364188726991,0.8936529159545898,0.1034478321671485,0.0010628376621752
1451,0.0011498891981318,0.4223842918872833,0.5595682859420776,0.0168974976986646
1452,0.0002957207616418,0.9383849501609802,0.0609336346387863,0.0003856925468426
1453,0.0107490438967943,0.7654330134391785,0.2125530689954757,0.0112649006769061
1454,0.0032041354570537,0.2354073524475097,0.5222740173339844,0.2391144782304763
1455,0.0026514346245676,0.8074256181716919,0.1858799308538437,0.0040429555810987
1456,0.0015767208533361,0.5191652774810791,0.4581617414951324,0.0210962910205125
1457,0.0049088499508798,0.8926233053207397,0.1017266809940338,0.0007411254919134
1458,0.0048768022097647,0.8461863994598389,0.1447654217481613,0.0041713495738804
1459,0.0016968604177236,0.1100191697478294,0.3551462888717651,0.5331376791000366
1460,0.0016632811166346,0.1922491639852523,0.5391760468482971,0.266911506652832
1461,0.0010905901435762,0.4264388978481293,0.5390692353248596,0.0334012731909751
1462,0.0026665364857763,0.7748391628265381,0.2185534238815307,0.0039408854208886
1463,0.0013793079415336,0.293229877948761,0.5923406481742859,0.1130501925945282
1464,0.0011717680608853,0.8694742321968079,0.1272321790456771,0.0021217975299805
1465,0.0009525890927761,0.6045917272567749,0.3783438503742218,0.0161118227988481
1466,0.0006830990314483,0.7491090893745422,0.2432001084089279,0.0070076999254524
1467,0.0013463040813803,0.3973681032657623,0.543137788772583,0.0581477992236614
1468,0.0022538341581821,0.9092615842819214,0.0872591882944107,0.0012253883760422
1469,0.0017848684219643,0.1374272555112838,0.4872219264507293,0.3735660016536712
1470,0.0031177245546132,0.3082321584224701,0.5581364035606384,0.1305137276649475
1471,0.002727078506723,0.2493495941162109,0.5278730988502502,0.2200502306222915
1472,0.00130189221818,0.8134778738021851,0.1815114468336105,0.0037087455857545
1473,0.0072737354785203,0.6650717854499817,0.2997713685035705,0.0278830807656049
1474,0.0002961544669233,0.030684296041727,0.1396830528974533,0.8293364644050598
1475,0.0008005274576134,0.7747307419776917,0.2219640910625457,0.0025046286173164
1476,0.0002112632791977,0.9163056015968324,0.0826074481010437,0.0008756620809435
1477,0.0004680829879362,0.9589992165565492,0.0402059629559516,0.0003267745487391
1478,0.0002862055553123,0.6963344216346741,0.2994897365570068,0.0038896924816071
1479,0.0083582811057567,0.8393500447273254,0.148154079914093,0.0041376492008566
1480,0.0032655431423336,0.7990520000457764,0.1927802860736847,0.0049021602608263
1481,0.0008287544478662,0.7302731275558472,0.2644874155521393,0.0044107451103627
1482,0.0015267299022525,0.9689889550209044,0.0292609315365552,0.0002234099520137
1483,0.0039158086292445,0.845579206943512,0.1469396203756332,0.0035653843078762
1484,0.0021214259322732,0.7206931710243225,0.2693033814430237,0.0078820530325174
1485,0.001589911407791,0.1837687790393829,0.5749616622924805,0.2396796643733978
1486,0.0001677751861279,0.9343673586845398,0.06458580493927,0.0008790792198851
1487,0.0027481829747557,0.9483180642127992,0.0472139753401279,0.0017197688575834
1488,0.0052068871445953,0.2755398750305176,0.4760901629924774,0.2431630790233612
1489,0.0030055241659283,0.3314831256866455,0.6002384424209595,0.0652728974819183
1490,0.0016103778034448,0.960154116153717,0.0378154888749122,0.000420092139393
1491,0.0021710358560085,0.6308571696281433,0.3538787961006164,0.0130930226296186
1492,0.0005462894914671,0.8853816986083984,0.1125636398792266,0.0015083538601174
1493,0.0008253051782958,0.7621343731880188,0.2288342267274856,0.0082060601562261
1494,0.0007824043859727,0.8316122889518738,0.1637541651725769,0.00385112920776
1495,0.0008619629079475,0.7595354318618774,0.2352931052446365,0.0043095434084534
1496,0.0018113555852323,0.93830543756485,0.0590538941323757,0.0008292990387417
1497,0.0019455360015854,0.6926587820053101,0.2932901680469513,0.0121055310592055
1498,0.0019899702165275,0.2229326367378235,0.5873492956161499,0.1877281069755554
1499,0.0021481306757777,0.1371188461780548,0.366949051618576,0.493783950805664
1500,0.0022844620980322,0.2855038642883301,0.5950411558151245,0.1171705424785614
1501,0.0045182509347796,0.4196307063102722,0.4905979633331299,0.0852531343698501
1502,0.0030638233292847,0.1672790795564651,0.4407216608524322,0.3889355063438415
1503,0.001516728545539,0.1523119658231735,0.5571340322494507,0.2890373170375824
1504,0.0036409546155482,0.3543803989887237,0.5156204104423523,0.126358225941658
1505,0.0073797390796244,0.2123239636421203,0.4356604814529419,0.3446358442306518
1506,0.0028237872757017,0.1517833322286605,0.4391995966434479,0.4061932265758514
1507,0.0039515332318842,0.1995327770709991,0.5016253590583801,0.2948903143405914
1508,0.0049571623094379,0.2706519067287445,0.5136070251464844,0.2107838988304138
1509,0.0023478420916944,0.4913941919803619,0.4544653296470642,0.0517925657331943
1510,0.0011710120597854,0.8689132928848267,0.1271501034498214,0.0027655607555061
1511,0.0005488110473379,0.2588500678539276,0.6927186250686646,0.0478824451565742
1512,0.0026490679010748,0.4525204002857208,0.5208477973937988,0.0239827055484056
1513,0.0007956809131428,0.5292405486106873,0.4526834487915039,0.0172803159803152
1514,0.0026497959624975,0.7944163084030151,0.1977458596229553,0.005188048351556
1515,0.0002465209690853,0.973542869091034,0.0259440373629331,0.0002665527281351
1516,0.0013812420656904,0.1523389816284179,0.4692370891571045,0.3770426213741302
1517,0.0019008899107575,0.8965662121772766,0.1005919352173805,0.0009410087368451
1518,0.0022405013442039,0.9181168675422668,0.0789803937077522,0.000662290956825
1519,0.0015369052998721,0.5645454525947571,0.4130302667617798,0.0208873972296714
1520,0.0017827752744778,0.9091828465461732,0.0872516334056854,0.0017827752744778
1521,0.0014561348361894,0.8547298908233643,0.1417281031608581,0.0020858168136328
1522,0.0025892828125506,0.7884988784790039,0.2025032639503479,0.0064085377380251
1523,0.0035214521922171,0.490965336561203,0.4400984644889831,0.0654148012399673
1524,0.0016327359480783,0.886367917060852,0.1092219576239585,0.0027773773763328
1525,0.001623828546144,0.5781229734420776,0.4035948514938354,0.0166583489626646
1526,0.0026236632838845,0.2253594100475311,0.5937429666519165,0.1782739609479904
1527,0.0009737217915244,0.9571837186813354,0.0414037071168422,0.0004388907982502
1528,0.0003224828396923,0.976446270942688,0.0229638163000345,0.0002673476701602
1529,0.0012363774003461,0.8754041194915771,0.1222338005900383,0.0011257344158366
1530,0.0006338583771139,0.4929068386554718,0.4929068386554718,0.01355248875916
1531,0.0123258735984563,0.7867815494537354,0.1928091198205948,0.0080835055559873
1532,0.0028133972082287,0.3516082763671875,0.5707165598869324,0.0748617202043533
1533,0.0005461777909658,0.0531604290008544,0.2238137573003769,0.7224796414375305
1534,0.0045117205008864,0.381525844335556,0.4976035058498382,0.1163588166236877
1535,0.004016070626676,0.8405478596687317,0.1530751436948776,0.0023609260097146
1536,0.0016408814117312,0.904817759990692,0.0909999161958694,0.00254144705832
1537,0.0021299479994922,0.4820137023925781,0.4820137023925781,0.033842671662569
1538,0.002112676622346,0.8260916471481323,0.1704736351966858,0.0013220793334767
1539,0.0016953102312982,0.5759326815605164,0.4083974063396454,0.0139745911583304
1540,0.0043207262642681,0.3076763749122619,0.5748150944709778,0.1131877973675727
1541,0.000318083068123,0.9047713875770568,0.0938837528228759,0.001026784768328
1542,0.0005160981090739,0.9044179916381836,0.0938470810651779,0.001218860852532
1543,0.0049321362748742,0.985005497932434,0.0099631892517209,9.9213830253575e-05
1544,0.0075337388552725,0.8844946026802063,0.1056378185749054,0.0023338433820754
1545,0.0004308564239181,0.0432671830058097,0.212968572974205,0.7433333396911621
1546,0.0024632115382701,0.8769640326499939,0.11868417263031,0.0018886097241193
1547,0.000724708661437,0.0716479420661926,0.2789798378944397,0.6486474871635437
1548,0.002173266140744,0.8497832417488098,0.1453807651996612,0.002662741811946
1549,0.001639821450226,0.8764129281044006,0.1204774156212806,0.0014699264429509
1550,0.0020354550797492,0.6102352142333984,0.3587387502193451,0.0289905369281768
1551,0.0080304807052016,0.8191313147544861,0.1716992408037185,0.0011389644350856
1552,0.0005098872352391,0.6237872242927551,0.3724803328514099,0.0032225865870714
1553,0.000810491212178,0.7254268527030945,0.2668696343898773,0.00689302617684
1554,0.0021397231612354,0.1896255761384964,0.5235729813575745,0.2846617102622986
1555,0.0008901245892047,0.0893875285983085,0.3535345196723938,0.5561878681182861
1556,0.0056038070470094,0.3577005863189697,0.4966180622577667,0.1400775462388992
1557,0.0040600169450044,0.2115184217691421,0.476664125919342,0.3077574968338012
1558,0.0043791062198579,0.1383753269910812,0.3267987966537475,0.5304468274116516
1559,0.001027462654747,0.593755304813385,0.3893942236900329,0.0158230420202016
1560,0.0017957780510187,0.573101818561554,0.4063900113105774,0.0187124367803335
1561,0.0002608282666187,0.0213778838515281,0.0973177924752235,0.8810433745384216
1562,0.0067986291833221,0.5931639671325684,0.3770379424095154,0.0229994636029005
1563,0.0072660353034734,0.6049137115478516,0.3726765215396881,0.0151437185704708
1564,0.0086056860163807,0.811835765838623,0.1598599255084991,0.0196986105293035
1565,0.0026163076981902,0.9610381722450256,0.0361170172691345,0.0002286104281665
1566,0.0021863833535462,0.9389373660087584,0.058177500963211,0.0006988101522438
1567,0.0087995249778032,0.4306616485118866,0.4880035817623138,0.072535254061222
1568,0.009484214708209,0.6968036890029907,0.2815341353416443,0.0121779721230268
1569,0.0029919547960162,0.2001469731330871,0.4510381519794464,0.3458229601383209
1570,0.0029535342473536,0.3157268762588501,0.5455271005630493,0.1357924491167068
1571,0.0005362110678106,0.9694923162460328,0.0297371633350849,0.0002342532679904
1572,0.0026602949947118,0.9620457291603088,0.0350425131618976,0.0002513426588848
1573,0.0002363215608056,0.0196742974221706,0.0895626321434974,0.8905267715454102
1574,0.0226877201348543,0.7751633524894714,0.1990784257650375,0.0030704489909112
1575,0.0026794986333698,0.4299868941307068,0.4949118793010711,0.0724216029047966
1576,0.0089714648202061,0.75865638256073,0.2277899533510208,0.0045821759849786
1577,0.0007732394151389,0.6301503777503967,0.359048843383789,0.0100275222212076
1578,0.002176459878683,0.2941087782382965,0.5581203699111938,0.1455944031476974
1579,0.0008850879967212,0.7559171915054321,0.2378598898649215,0.0053377640433609
1580,0.0013903344515711,0.26912322640419,0.6257302165031433,0.103756234049797
1581,0.0013067673426121,0.9696463346481324,0.0288268253207206,0.0002200955204898
1582,0.002366574248299,0.2451985776424408,0.5110377073287964,0.2413971275091171
1583,0.0012354287318885,0.5918735861778259,0.3881601989269256,0.0187307763844728
1584,0.0011527963215485,0.7788477540016174,0.2162782102823257,0.0037212723400443
1585,0.000748231075704,0.7708213329315186,0.2243217825889587,0.0041085970588028
1586,0.0013429375831037,0.7177414298057556,0.2767139673233032,0.0042016794905066
1587,0.001402553752996,0.8627886176109314,0.1302616000175476,0.0055472077801823
1588,0.0488890744745731,0.8140761852264404,0.1328942775726318,0.0041404473595321
1589,0.0005894759087823,0.8171752691268921,0.1795095801353454,0.002725708996877
1590,0.002409977838397,0.1770606935024261,0.528605580329895,0.2919237017631531
1591,0.0008024970302358,0.936802864074707,0.0617888495326042,0.0006057565333321
1592,0.0019644694402813,0.1768359243869781,0.4959485828876495,0.3252510130405426
1593,0.0013884799554944,0.1269552558660507,0.3849870562553406,0.4866692125797272
1594,0.0018346349243074,0.3551252484321594,0.5586904287338257,0.0843496397137641
1595,0.001273815985769,0.2210230529308319,0.5732901692390442,0.2044129222631454
1596,0.0033602167386561,0.5740005970001221,0.3945044875144958,0.0281347502022981
1597,0.0006225170218385,0.8496000170707703,0.1476383358240127,0.0021391119807958
1598,0.0032614960800856,0.1925413608551025,0.491671621799469,0.3125254809856415
1599,0.0010027087992057,0.0506318174302578,0.1686296910047531,0.779735803604126
1600,0.001655354280956,0.1636557430028915,0.504095196723938,0.3305937051773071
1601,0.0028176046907901,0.2536326944828033,0.5897136926651001,0.1538360118865966
1602,0.0052487379871308,0.2956681549549103,0.5699152946472168,0.1291678547859192
1603,0.0099048791453242,0.8118190765380859,0.1755681931972503,0.0027078434359282
1604,0.0130319660529494,0.8189558982849121,0.1663809865713119,0.0016311418730765
1605,0.0013486156240105,0.3004641830921173,0.5975443720817566,0.1006428897380828
1606,0.0011499864049255,0.3289810419082641,0.6050887703895569,0.0647802054882049
1607,0.0010775238042697,0.8645123243331909,0.1325772702693939,0.0018329296726733
1608,0.0012243932578712,0.8534786105155945,0.143749251961708,0.0015477781416848
1609,0.0014302220661193,0.4028058648109436,0.5505703687667847,0.0451935678720474
1610,0.0010373394470661,0.7344774007797241,0.2578258216381073,0.006659431848675
1611,0.0024906417820602,0.1829870492219925,0.4672738313674927,0.3472484052181244
1612,0.0061957910656929,0.3227878212928772,0.5321871042251587,0.138829305768013
1613,0.0008424675324931,0.0513135492801666,0.1819223463535308,0.7659216523170471
1614,0.0013202052796259,0.2763138115406036,0.6035248637199402,0.1188410818576812
1615,0.0004034517332911,0.0352001935243606,0.1247955188155174,0.8396008014678955
1616,0.0048163556493818,0.288809597492218,0.5312021374702454,0.1751718819141388
1617,0.0008848475990816,0.2066001296043396,0.6265071034431458,0.166007861495018
1618,0.0012460040161386,0.5186304450035095,0.4576897621154785,0.0224337540566921
1619,0.000226821648539,0.0311334785073995,0.1656966358423233,0.8029429912567139
1620,0.0021999625023454,0.4325467050075531,0.5217509269714355,0.0435023680329322
1621,0.0016352604143321,0.7133178114891052,0.2793392539024353,0.0057076197117567
1622,0.0008496112423017,0.7604410648345947,0.2319214046001434,0.0067879473790526
1623,0.0046500796452164,0.9581546783447266,0.0365757048130035,0.0006195630412548
1624,0.0041480539366602,0.9534999132156372,0.0418938621878623,0.0004581834364216
1625,0.0066990619525313,0.4481340944766998,0.507802426815033,0.0373643673956394
1626,0.0074430098757147,0.6805493831634521,0.3019919395446777,0.0100156646221876
1627,0.003853972768411,0.4595990777015686,0.4816556870937347,0.0548912808299064
1628,0.0061827357858419,0.3707436025142669,0.498890072107315,0.124183565378189
1629,0.0040311622433364,0.3802883327007293,0.4882998764514923,0.1273806393146515
1630,0.0006255241460166,0.8404686450958252,0.155471071600914,0.0034348031040281
1631,0.0012966202339157,0.6211894154548645,0.3709291517734527,0.0065847812220454
1632,0.0018798725213855,0.5635911226272583,0.4123320579528808,0.0221969299018383
1633,0.0022717446554452,0.3069847226142883,0.5387750267982483,0.1519684642553329
1634,0.0059988345019519,0.2181788831949234,0.4271734654903412,0.3486488461494446
1635,0.0009973924607038,0.8652461171150208,0.1266134828329086,0.0071430439129471
1636,0.0006806693272665,0.8198089599609375,0.1718412935733795,0.0076690767891705
1637,0.0002159237483283,0.0197429209947586,0.1002628207206726,0.8797783255577087
1638,0.0008209660300053,0.6484608054161072,0.3470960557460785,0.0036222725175321
1639,0.0013318175915628,0.3061406314373016,0.6088333129882812,0.083694189786911
1640,0.0004930250579491,0.7866668105125427,0.2084459662437439,0.004394284915179
1641,0.0051797688938677,0.8183257579803467,0.1742315888404846,0.0022628735750913
1642,0.0012099622981622,0.1334483176469802,0.4731153547763824,0.3922264277935028
1643,0.0005795558681711,0.828926682472229,0.168406680226326,0.0020870608277618
1644,0.0010728692868724,0.945379674434662,0.0516937375068664,0.0018537519499659
1645,0.0005448525771498,0.8830528259277344,0.1140355244278907,0.0023667318746447
1646,0.0011567298788577,0.1091226041316986,0.3929656147956848,0.4967550337314605
1647,0.002121111145243,0.2692634165287018,0.5973869562149048,0.1312284916639328
1648,0.0031399719882756,0.6780450940132141,0.2871023714542389,0.0317125953733921
1649,0.0012844938319176,0.719451904296875,0.268839567899704,0.0104240402579307
1650,0.0122957983985543,0.2978999316692352,0.4613964259624481,0.2284078001976013
1651,0.0006185151869431,0.7929945588111877,0.2036578506231308,0.0027290165890008
1652,0.0003704526170622,0.8873329758644104,0.1110627502202987,0.0012337956577539
1653,0.0003918229485861,0.9239701628684998,0.0746682435274124,0.0009697711211629
1654,0.0005803305539302,0.9405527114868164,0.0582775920629501,0.0005894694477319
1655,0.0005093569634482,0.906661093235016,0.0911853089928627,0.0016442242776975
1656,0.0019958387129008,0.0620887279510498,0.191246747970581,0.74466872215271
1657,0.0020783597137778,0.1757528930902481,0.4558683335781097,0.366300493478775
1658,0.0009120772010646,0.4041230082511902,0.5523706674575806,0.0425942540168762
1659,0.0020161285065114,0.501099169254303,0.4707391262054443,0.0261455532163381
1660,0.0025462387129664,0.421572744846344,0.492868423461914,0.0830125883221626
1661,0.0093120243400335,0.2721372246742248,0.4149596989154815,0.3035909831523895
1662,0.0009348656167276,0.0766230076551437,0.2287540733814239,0.6936880946159363
1663,0.0014838697388768,0.884726345539093,0.1124803200364112,0.0013095104368403
1664,0.0043243151158094,0.307931900024414,0.5489479899406433,0.1387957781553268
1665,0.0032656861003488,0.5000559091567993,0.469759076833725,0.0269193388521671
1666,0.0015853850636631,0.4395833313465118,0.5139249563217163,0.0449062623083591
1667,0.001987055176869,0.4712570309638977,0.4862163364887237,0.0405395776033401
1668,0.0010535574983805,0.8192772269248962,0.1771811246871948,0.0024881700519472
1669,0.0015936064301058,0.4630683660507202,0.4929337203502655,0.0424042977392673
1670,0.0005920988623984,0.3530265390872955,0.6195809245109558,0.0268004406243562
1671,0.0009019111166708,0.2703955173492431,0.5905980467796326,0.1381045132875442
1672,0.0072365798987448,0.7981318235397339,0.1925582736730575,0.0020733149722218
1673,0.0023153531365096,0.2051901817321777,0.4696850180625915,0.322809487581253
1674,0.0014631256926804,0.9580979943275452,0.0401681773364543,0.0002706510713323
1675,0.0006769939209334,0.9835387468338012,0.0156509578227996,0.0001333080144831
1676,0.002332042902708,0.5530755519866943,0.4174833297729492,0.0271091032773256
1677,0.0014014567714184,0.5742915868759155,0.4072336852550506,0.0170732382684946
1678,0.0010781541932374,0.6842857003211975,0.3084317445755005,0.006204348988831
1679,0.0020214607939124,0.7781703472137451,0.2160900980234146,0.0037180357612669
1680,0.0034505911171436,0.9567532539367676,0.0394899249076843,0.000306257396005
1681,0.0007903945515863,0.5773952007293701,0.4158821702003479,0.0059322407469153
1682,0.0056236237287521,0.4609208405017853,0.4398137629032135,0.0936417505145073
1683,0.0019391061505302,0.758222758769989,0.2348864525556564,0.0049516814760863
1684,0.0014661784516647,0.1427056640386581,0.4679138958454132,0.3879142701625824
1685,0.0034685779828578,0.8756747841835022,0.1185096949338913,0.0023469573352485
1686,0.0015221184585243,0.8796095252037048,0.1171966269612312,0.0016717200633138
1687,0.0063337213359773,0.9400075674057008,0.053031601011753,0.0006271233432926
1688,0.0006459087599068,0.066922016441822,0.3452100157737732,0.5872220396995544
1689,0.0006422073347494,0.1030568554997444,0.4271588027477264,0.4691421687602997
1690,0.0090732602402567,0.4877030253410339,0.4440586566925049,0.0591650903224945
1691,0.0109837036579847,0.6586304903030396,0.3209908604621887,0.0093948589637875
1692,0.0005967185134068,0.3290435671806335,0.6244149208068848,0.0459447726607322
1693,0.0030137358698993,0.5833605527877808,0.4009374678134918,0.0126883015036582
1694,0.0007015290902927,0.3522203862667084,0.6181660294532776,0.0289120133966207
1695,0.0006514500710181,0.931755542755127,0.0664497092366218,0.0011433304753154
1696,0.0009103639167733,0.9526180624961852,0.0459688529372215,0.0005027506849728
1697,0.0006000390858389,0.9878091812133788,0.0115002021193504,9.059235890163107e-05
1698,0.0021800878457725,0.3724080622196197,0.5251795649528503,0.1002322733402252
1699,0.0083726281300187,0.4430655837059021,0.4571300148963928,0.0914317518472671
1700,0.0020473045296967,0.2518979609012604,0.5588600635528564,0.187194675207138
1701,0.0015961749013513,0.6540835499763489,0.3340732157230377,0.0102470014244318
1702,0.0006973855197429,0.2332435399293899,0.6541476249694824,0.1119114682078361
1703,0.002681080950424,0.2866021394729614,0.5524400472640991,0.1582767367362976
1704,0.0040672668255865,0.408440500497818,0.5083124041557312,0.0791798010468483
1705,0.0033318467903882,0.2409951090812683,0.4868235290050506,0.2688494622707367
1706,0.0015065339393913,0.7331216335296631,0.2614025771617889,0.0039691883139312
1707,0.0009201276698149,0.2148375511169433,0.5660215616226196,0.2182207405567169
1708,0.000220949499635,0.943459928035736,0.055780753493309,0.0005383770330809
1709,0.0003090091340709,0.9653497934341432,0.0340810194611549,0.0002602117601782
1710,0.0042232177220284,0.8701992630958557,0.1234205067157745,0.0021570085082203
1711,0.0025789593346416,0.1430237889289856,0.4405442774295807,0.4138530492782593
1712,0.0018491032533347,0.1009576171636581,0.2787529230117798,0.6184403896331787
1713,0.001546292216517,0.981404721736908,0.0168860014528036,0.0001629780017537
1714,0.0006619061459787,0.407175213098526,0.5653067827224731,0.0268561150878667
1715,0.0002523400180507,0.9658632278442384,0.0335704870522022,0.0003140422340948
1716,0.0037215321790426,0.9543309211730956,0.0412803068757057,0.0006672340095974
1717,0.0006548620876856,0.4355760216712951,0.5420830845832825,0.0216860529035329
1718,0.0010199318639934,0.2615461647510528,0.6176893711090088,0.1197445467114448
1719,0.0024342080578207,0.6340459585189819,0.3501534163951874,0.013366431929171
1720,0.0155749600380659,0.704976499080658,0.255325585603714,0.0241229701787233
1721,0.0011997764231637,0.8494892120361328,0.1476190686225891,0.0016919560730457
1722,0.0002846010320354,0.028136933222413,0.1363476812839508,0.835230827331543
1723,0.0042231227271258,0.2572246491909027,0.5115522742271423,0.2269999533891677
1724,0.0060875671915709,0.2979344427585602,0.4912108480930328,0.2047671377658844
1725,0.0041593597270548,0.3304188549518585,0.5117627382278442,0.1536590307950973
1726,0.0022521293722093,0.6147717833518982,0.3670969903469085,0.0158790592104196
1727,0.0009404121083207,0.8031672239303589,0.1937731355428695,0.0021192515268921
1728,0.0019804928451776,0.2475148737430572,0.5665671825408936,0.1839374303817749
1729,0.0038027949631214,0.2108951956033706,0.5059112906455994,0.2793907225131988
1730,0.0007432099664583,0.6971309185028076,0.2951838374137878,0.0069420579820871
1731,0.0025979301426559,0.8162453174591064,0.1765254437923431,0.0046313111670315
1732,0.0016724081942811,0.141424298286438,0.4784322381019592,0.3784710764884949
1733,0.0051997918635606,0.331911563873291,0.5061047077178955,0.1567839235067367
1734,0.0022932298015803,0.1632995456457138,0.404170274734497,0.4302369952201843
1735,0.0017017421778291,0.1508110165596008,0.5022773742675781,0.3452098667621612
1736,0.0007046004175208,0.7489149570465088,0.2469659596681594,0.0034143954981118
1737,0.0018651338759809,0.3338970839977264,0.5591724514961243,0.1050653830170631
1738,0.0038113482296466,0.2889079451560974,0.4991881251335144,0.2080925703048706
1739,0.0018308898434042,0.6725336909294128,0.3176824152469635,0.0079530235379934
1740,0.0027618443127721,0.3046073615550995,0.5346025824546814,0.1580282151699066
1741,0.0042609390802681,0.2438039630651474,0.5081310868263245,0.2438039630651474
1742,0.0021154440473765,0.3502474427223205,0.5424738526344299,0.1051633432507515
1743,0.8290844559669495,0.1213218569755554,0.032653335481882,0.016940327361226
1744,0.00386981992051,0.4201904237270355,0.483636200428009,0.0923035889863967
1745,0.0021057440899312,0.2322452366352081,0.5930590033531189,0.1725900024175644
1746,0.0020611663348972,0.114308051764965,0.3632702231407165,0.5203605890274048
1747,0.0030959520954638,0.245941936969757,0.5125870108604431,0.23837511241436
1748,0.0024207269307225,0.9174222350120544,0.0789206400513649,0.0012363863643258
1749,0.0025664432905614,0.9281060695648192,0.0682905241847038,0.0010369368828833
1750,0.0004666165914386,0.7802603840827942,0.2166704684495926,0.0026025783736258
1751,0.0005732055869884,0.9004226326942444,0.0979164168238639,0.0010877532185986
1752,0.0063640535809099,0.8078815340995789,0.1831014603376388,0.0026529317256063
1753,0.0025754682719707,0.2247034162282943,0.5649043321609497,0.2078167200088501
1754,0.0115753412246704,0.4552068710327148,0.4696567058563232,0.063561126589775
1755,0.0183185935020446,0.6982251405715942,0.2691897749900818,0.0142665347084403
1756,0.0015829297481104,0.2969763576984405,0.581451416015625,0.119989275932312
1757,0.0033151130191981,0.7740346789360046,0.2183265089988708,0.0043237227946519
1758,0.0010427054949104,0.0983658507466316,0.3770748674869537,0.5235165953636169
1759,0.0017227577045559,0.5164876580238342,0.4629765152931213,0.0188130624592304
1760,0.0002774961176328,0.0292038861662149,0.1934321373701095,0.7770865559577942
1761,0.0015938656870275,0.6040531992912292,0.3839595913887024,0.0103933094069361
1762,0.0010788136860355,0.3442909121513366,0.6042493581771851,0.0503808930516243
1763,0.0005674186977557,0.9789368510246276,0.0203171856701374,0.0001785461936378
1764,0.0008865707786753,0.8852372169494629,0.1125452741980552,0.0013309003552421
1765,0.0003964984498452,0.838124692440033,0.1599588990211486,0.0015199339250102
1766,0.0046430169604718,0.7221546769142151,0.2656658887863159,0.00753636052832
1767,0.1611930727958679,0.7001907229423523,0.1295222640037536,0.0090938908979296
1768,0.0012206381652504,0.5324552059173584,0.4414209127426147,0.0249032638967037
1769,0.0006553127313964,0.9084432125091552,0.0899480581283569,0.0009534744312986
1770,0.0020195883698761,0.2997334599494934,0.5427472591400146,0.1554996967315673
1771,0.0054628448560833,0.8904435634613037,0.0999049916863441,0.0041885087266564
1772,0.0162851735949516,0.9031423330307008,0.0801584348082542,0.0004141115641687
1773,0.0033821442630141,0.4941726326942444,0.4789685308933258,0.0234767347574234
1774,0.0007512602605856,0.9482535123825072,0.0502555929124355,0.0007396131404675
1775,0.0006140667828731,0.9204367995262146,0.077952392399311,0.0009967287769541
1776,0.0016838380834087,0.7460746765136719,0.2499037235975265,0.0023377777542918
1777,0.0005432617035694,0.5774291753768921,0.4159066379070282,0.0061209104023873
1778,0.0006938985898159,0.5229942798614502,0.4543853104114532,0.0219264905899763
1779,0.0017631369410082,0.8315941691398621,0.1612118780612945,0.005430843681097
1780,0.0024563209153711,0.7026891112327576,0.2883830368518829,0.0064715431071817
1781,0.0053202975541353,0.8274959921836853,0.1655095964670181,0.0016741058789193
1782,0.0028514717705547,0.2449270188808441,0.5185105204582214,0.2337110042572021
1783,0.0027227329555898,0.1969374716281891,0.5353314876556396,0.2650083005428314
1784,0.0006241261144168,0.9067322611808776,0.0911924615502357,0.0014511367771774
1785,0.0007283118320629,0.8370208740234375,0.15974822640419,0.0025026472285389
1786,0.0023886326234787,0.3032237887382507,0.5577138662338257,0.1366736739873886
1787,0.0027479238342493,0.4694072008132934,0.4767992794513702,0.0510456599295139
1788,0.0010726699838414,0.8741708993911743,0.1239838004112243,0.0007726153125986
1789,0.0010036661988124,0.3744784891605377,0.5891373753547668,0.0353804491460323
1790,0.0007138248765841,0.5464853048324585,0.4460282921791076,0.0067725819535553
1791,0.0007784992922097,0.173445388674736,0.5959982872009277,0.2297778129577636
1792,0.0004657181270886,0.0564130395650863,0.2450470775365829,0.6980741024017334
1793,0.0016337392153218,0.6694766879081726,0.3162384033203125,0.0126511277630925
1794,0.0017498063389211,0.3440390229225158,0.5672244429588318,0.0869866907596588
1795,0.0012465587351471,0.8421951532363892,0.1533751338720321,0.0031831993255764
1796,0.0016579492948949,0.2578702270984649,0.5632403492927551,0.1772314310073852
1797,0.0014822577359154,0.8976824283599854,0.0991557016968727,0.0016796180279925
1798,0.0007556888740509,0.645402729511261,0.3454592227935791,0.0083823185414075
1799,0.0034509303513914,0.9420127868652344,0.0539816319942474,0.0005546149914152
1800,0.0029583512805402,0.9150760173797609,0.0812176093459129,0.000747988349758
1801,0.0006147571839392,0.0941342487931251,0.4561615288257599,0.4490894079208374
1802,0.0010666507296264,0.6984744071960449,0.2957527041435241,0.0047062835656106
1803,0.0019990233704447,0.7939605116844177,0.2007446587085724,0.0032958323135972
1804,0.0012589676771312,0.1525003612041473,0.5079038143157959,0.3383368849754333
1805,0.0011630961671471,0.0828233957290649,0.2846002578735351,0.6314132809638977
1806,0.0014325083466246,0.4643678367137909,0.5021013617515564,0.0320982635021209
1807,0.0023988867178559,0.9527758359909058,0.0438710525631904,0.0009542111656628
1808,0.0043732849881052,0.3936705589294433,0.5054830312728882,0.0964731276035308
1809,0.0038832586724311,0.7061302065849304,0.2853024005889892,0.0046841041184961
1810,0.0060015246272087,0.4077945947647095,0.4693686962127685,0.1168351098895073
1811,0.0002549085184,0.6705843210220337,0.3268166780471802,0.0023440951481461
1812,0.0077147567644715,0.5002009272575378,0.4483772218227386,0.0437070690095424
1813,0.003174961078912,0.6050404906272888,0.378624677658081,0.013159847818315
1814,0.0068753012455999,0.5905536413192749,0.3753786981105804,0.0271923448890447
1815,0.001781522645615,0.5510598421096802,0.4291658699512481,0.0179927423596382
1816,0.0011580378049984,0.8728179335594177,0.1237919107079505,0.0022321760188788
1817,0.0009467377094551,0.9602001309394836,0.0384128391742706,0.000440273899585
1818,0.0015250557335093,0.2605138719081878,0.5963221788406372,0.1416389346122741
1819,0.0052014081738889,0.7482067346572876,0.2391412407159805,0.0074506723321974
1820,0.0022734636440873,0.539182722568512,0.4469981789588928,0.0115456013008952
1821,0.0025468268431723,0.3441570699214935,0.5499613881111145,0.1033346876502037
1822,0.0011222818866372,0.1564699411392212,0.5634699463844299,0.2789378464221954
1823,0.0014430355513468,0.4064146280288696,0.5555029511451721,0.036639392375946
1824,0.000782192160841,0.3689256906509399,0.5895415544509888,0.0407505854964256
1825,0.0008759021875448,0.9309905171394348,0.0674407258629798,0.0006928956718184
1826,0.0007230361225083,0.9270002841949464,0.0714825838804245,0.0007940997602418
1827,0.0040636993944644,0.1573297381401062,0.3833578526973724,0.4552486836910248
1828,0.0018916769186034,0.94976407289505,0.0480306148529052,0.0003136707528028
1829,0.0052724685519933,0.5636163353919983,0.4059576392173767,0.0251535438001155
1830,0.0025414058472961,0.2217315584421157,0.5574330687522888,0.2182939201593399
1831,0.0032533071935176,0.7362332940101624,0.2544354200363159,0.0060779773630201
1832,0.0033066130708903,0.5474655032157898,0.4197563827037811,0.0294715221971273
1833,0.0027203811332583,0.6253252625465393,0.3562995791435241,0.0156547129154205
1834,0.0018636059248819,0.8129245042800903,0.1813879907131195,0.0038238712586462
1835,0.0012874148087576,0.7796819806098938,0.2165098637342453,0.0025206357240676
1836,0.0007218131795525,0.8830537796020508,0.1140356436371803,0.0021888716146349
1837,0.0023934300988912,0.215449720621109,0.5765733122825623,0.2055835723876953
1838,0.0112790148705244,0.8286673426628113,0.1581539362668991,0.0018996959552168
1839,0.0016514270100742,0.7549411058425903,0.2375527471303939,0.0058548166416585
1840,0.007407930213958,0.4373247623443603,0.5112844109535217,0.0439829044044017
1841,0.0031481217592954,0.5724532008171082,0.3996367454528808,0.0247618965804576
1842,0.0041032922454178,0.6089825630187988,0.3693665862083435,0.0175475552678108
1843,0.0015007084002718,0.3848341107368469,0.5599302649497986,0.0537348799407482
1844,0.0001548572472529,0.9471887946128844,0.0517926625907421,0.0008637243881821
1845,0.4461539387702942,0.4324272274971008,0.0995504036545753,0.0218683201819658
1846,0.0008317825268022,0.7924985885620117,0.2035304754972458,0.003139114473015
1847,0.0026752075646072,0.4641821086406708,0.4864586591720581,0.0466840229928493
1848,0.0020134598016738,0.8921234011650085,0.1048970595002174,0.0009660685900598
1849,0.0059113870374858,0.2513585984706878,0.4623191952705383,0.2804107666015625
1850,0.0026742990594357,0.1628879159688949,0.4497479498386383,0.3846898376941681
1851,0.0015499748988077,0.9684905409812928,0.029706435278058,0.000253026431892
1852,0.046370729804039,0.834884524345398,0.1165759935975074,0.0021687876433134
1853,0.0010216733207926,0.1058546230196952,0.3470839560031891,0.5460397601127625
1854,0.0006361073465086,0.0537913180887699,0.2030062973499298,0.7425662279129028
1855,0.0017300667241215,0.6979587078094482,0.2955343127250671,0.0047768675722181
1856,0.0013477399479597,0.2528519332408905,0.5971564054489136,0.1486439853906631
1857,0.0008131671347655,0.9057890176773072,0.0925321727991104,0.0008656120044179
1858,0.0004068814741913,0.820686936378479,0.1774860024452209,0.0014201560989022
1859,0.0006773733766749,0.8821325898170471,0.1157106086611747,0.0014795195311307
1860,0.0007760912412777,0.116996020078659,0.492571622133255,0.3896562457084656
1861,0.0012021772563457,0.3836610019207001,0.5759433507919312,0.0391934365034103
1862,0.0004374458803795,0.0591128133237361,0.3049270808696747,0.6355226635932922
1863,0.0056574349291622,0.415650874376297,0.4784112274646759,0.1002804413437843
1864,0.0043894094415009,0.7498099207878113,0.2322802692651748,0.0135203329846262
1865,0.0062258201651275,0.2410381287336349,0.4574099779129028,0.2953260838985443
1866,0.0102872960269451,0.8564404249191284,0.1313394010066986,0.0019329257775098
1867,0.0008870167075656,0.7116658091545105,0.2830811142921448,0.0043660486117005
1868,0.0012642565416172,0.6056845188140869,0.3790276944637298,0.0140234967693686
1869,0.0035049342550337,0.3155041337013244,0.5121137499809265,0.1688771992921829
1870,0.0016448466340079,0.892942488193512,0.1033656001091003,0.0020470446906983
1871,0.0021430735941976,0.8249858021736145,0.170245423913002,0.0026257489807903
1872,0.0021380011457949,0.34849414229393,0.5231516361236572,0.1262162178754806
1873,0.0002972116635646,0.9579679369926452,0.0414376296103,0.0002972116635646
1874,0.0013487997930496,0.6878632307052612,0.3005052208900451,0.0102827223017811
1875,0.0015016432153061,0.2029196470975875,0.5430411100387573,0.2525375783443451
1876,0.0016468754038214,0.8801829218864441,0.1154548674821853,0.0027152383700013
1877,0.0026136103551834,0.1890445202589035,0.4606357514858246,0.3477061092853546
1878,0.0018134510610252,0.1440602540969848,0.4103894829750061,0.4437368512153625
1879,0.0048077963292598,0.94528728723526,0.0493216887116432,0.0005832518800161
1880,0.0151373110711574,0.3499490618705749,0.4355186223983764,0.1993949711322784
1881,0.0307014137506485,0.7097647786140442,0.2414853274822235,0.0180484298616647
1882,0.0017182993469759,0.9475077390670776,0.0502160713076591,0.0005578501150012
1883,0.0025821479503065,0.1926975101232528,0.4769309163093567,0.3277895152568817
1884,0.0022671991027891,0.4457665085792541,0.5211538076400757,0.0308124925941228
1885,0.0128445941954851,0.8865149617195129,0.0994642153382301,0.0011762107023969
1886,0.0004756646230816,0.0684229135513305,0.3018960356712341,0.6292054057121277
1887,0.0009881812147796,0.3463624119758606,0.5800479054450989,0.0726015120744705
1888,0.0005010686581954,0.9059534668922424,0.0925489738583564,0.0009964940836653
1889,0.000619851052761,0.914702534675598,0.0837615355849266,0.0009160804911516
1890,0.0028652143664658,0.8862669467926025,0.1092095151543617,0.0016582589596509
1891,0.0007405147771351,0.7394008636474609,0.2555301189422607,0.0043284748680889
1892,0.0041638747788965,0.2420020252466201,0.5369049310684204,0.2169291973114013
1893,0.0044759670272469,0.6048451066017151,0.36685711145401,0.0238217115402221
1894,0.0016834457637742,0.8192119002342224,0.1771670132875442,0.001937634195201
1895,0.0016865466022863,0.9446439146995544,0.0532931648194789,0.0003763193963095
1896,0.0032569793984293,0.9317365884780884,0.0644039660692215,0.0006024805479682
1897,0.000949872599449,0.186759665608406,0.5489171743392944,0.26337331533432
1898,0.000235257204622,0.9889800548553468,0.0106485551223158,0.0001361564354738
1899,0.0014224651968106,0.5829004645347595,0.400621235370636,0.0150558482855558
1900,0.000541195156984,0.9049680829048156,0.0924483090639114,0.0020424493122845
1901,0.0002618975122459,0.9716037511825562,0.0275622773915529,0.0005720367771573
1902,0.0035869816783815,0.2939944863319397,0.5241018533706665,0.1783166825771331
1903,0.0066988673061132,0.2019839882850647,0.4080188870429992,0.3832982778549194
1904,0.0017680302262306,0.2793222665786743,0.6006371974945068,0.1182724684476852
1905,0.0007965593249537,0.0477651469409465,0.2042656242847442,0.7471726536750793
1906,0.0013926159590482,0.3742536902427673,0.5796554684638977,0.0446982309222221
1907,0.0011950117768719,0.3365615308284759,0.5999858379364014,0.0622576288878917
1908,0.0014668720541521,0.3589317500591278,0.5917783975601196,0.047823030501604
1909,0.0044938796199858,0.2066117376089096,0.5194218754768372,0.2694725096225738
1910,0.0077576800249516,0.2267126441001892,0.4651841521263122,0.3003454506397247
1911,0.0014459778321906,0.2887787222862243,0.6018665432929993,0.1079087331891059
1912,0.0005602239398285,0.6853682994842529,0.3089197278022766,0.0051517239771783
1913,0.0007073683664202,0.879010021686554,0.1189610660076141,0.0013215381186455
1914,0.0128181101754307,0.3357893526554107,0.4379518628120422,0.2134406864643097
1915,0.0005408181459642,0.0479281395673751,0.2472321689128875,0.7042988538742065
1916,0.0001072639133781,0.0095058940351009,0.0505916737020015,0.939795196056366
1917,0.0005051799234934,0.0476572290062904,0.18268883228302,0.7691487073898315
1918,0.0049042287282645,0.5242522358894348,0.4147176742553711,0.0561259277164936
1919,0.0030568719375878,0.3069752156734466,0.5558603405952454,0.1341075599193573
1920,0.002852963283658,0.9393923282623292,0.0573032945394516,0.000451404339401
1921,0.0008643851033411,0.8766764998435974,0.1186452582478523,0.0038138458039611
1922,0.0023418618366122,0.6392663717269897,0.347563087940216,0.0108286589384078
1923,0.0028070351108908,0.6868588328361511,0.3000663816928863,0.0102677075192332
1924,0.0005047446466051,0.6370972990989685,0.3573791980743408,0.0050187078304588
1925,0.001975656254217,0.2978308498859405,0.5740839838981628,0.1261095106601715
1926,0.0009114832500927,0.0538091138005256,0.1907698810100555,0.7545095086097717
1927,0.0009287171997129,0.0447481051087379,0.1611441075801849,0.7931790947914124
1928,0.0017703067278489,0.3321304321289062,0.5738699436187744,0.0922292917966842
1929,0.0013576982310041,0.1428850889205932,0.3945184051990509,0.4612387418746948
1930,0.001049694023095,0.9543197751045228,0.0439421460032463,0.0006884061731398
1931,0.0071145221590995,0.4266175925731659,0.4401599168777466,0.1261079311370849
1932,0.003795834025368,0.6902329325675964,0.2968654930591583,0.0091057326644659
1933,0.0055734664201736,0.2333156615495681,0.4568098783493042,0.304300993680954
1934,0.0007770042866468,0.2023887932300567,0.6533190608024597,0.1435151398181915
1935,0.0006140646873973,0.4214052855968475,0.5582712888717651,0.019709387794137
1936,0.0042673107236623,0.6955716013908386,0.2810363173484802,0.019124761223793
1937,0.0188794583082199,0.8154168128967285,0.158075749874115,0.0076279900968074
1938,0.0018819528631865,0.5057588219642639,0.4533592760562897,0.0389999337494373
1939,0.0012118135346099,0.3748376667499542,0.5805599093437195,0.0433906093239784
1940,0.0009475140250287,0.2247158139944076,0.6502367258071899,0.1240998581051826
1941,0.00041416901513,0.9174919724464417,0.0814320370554924,0.0006618401966989
1942,0.0032326967921108,0.9541459679603576,0.0419222488999366,0.0006991197005845
1943,0.000610178685747,0.973596215248108,0.0255432110279798,0.0002504168660379
1944,0.0005489786271937,0.8489958643913269,0.1475333422422409,0.0029217398259788
1945,0.00176589761395,0.1470149308443069,0.4389055073261261,0.4123135805130005
1946,0.0003556980809662,0.9504656195640564,0.0488230250775814,0.0003556980809662
1947,0.0009094949928112,0.9081268906593324,0.089916743338108,0.0010468222899362
1948,0.0014870365848764,0.2172742486000061,0.6093606352806091,0.1718780547380447
1949,0.0042075226083397,0.6966262459754944,0.2903970181941986,0.0087692299857735
1950,0.0163214243948459,0.5664300322532654,0.3714739084243774,0.0457745678722858
1951,0.0022605278063565,0.1911576390266418,0.5196202993392944,0.286961555480957
1952,0.0006681465893052,0.8977370858192444,0.1007233038544654,0.0008714273571968
1953,0.0009449701756238,0.06942680478096,0.2500155568122864,0.6796126961708069
1954,0.00048291994608,0.94408917427063,0.0549525767564773,0.0004754329565912
1955,0.00034090821282,0.9546626210212708,0.0446501672267913,0.0003462767344899
1956,0.0010036129970103,0.9562137722969056,0.0420131012797355,0.0007694967789575
1957,0.001148501294665,0.5332992672920227,0.4421206414699554,0.0234315358102321
1958,0.0054790084250271,0.567674994468689,0.4088809788227081,0.0179649740457534
1959,0.002254185732454,0.2160022407770156,0.5690901279449463,0.2126534581184387
1960,0.0018392906058579,0.6346856951713562,0.3505067229270935,0.012968260794878
1961,0.0040879277512431,0.925110399723053,0.0702308788895607,0.0005708025419153
1962,0.0040487512014806,0.4260933399200439,0.5139666795730591,0.0558912828564643
1963,0.0032816950697451,0.9686080813407898,0.0279100015759468,0.0002001846878556
1964,0.0008334693266078,0.6184501051902771,0.3751089572906494,0.0056074243038892
1965,0.0007867188542149,0.9624582529067992,0.0361703857779502,0.0005846397834829
1966,0.0009931022068485,0.9610998034477234,0.0372658818960189,0.0006411949871107
1967,0.0027745629195123,0.1945118606090545,0.4967034459114074,0.3060101270675659
1968,0.003609261708334,0.9111916422843932,0.0834400355815887,0.0017590137431398
1969,0.0035031384322792,0.2100633531808853,0.4177608489990234,0.3686726689338684
1970,0.0005285621737129,0.7922723293304443,0.2034723609685897,0.0037267266307026
1971,0.000264283560682,0.965255081653595,0.0340776741504669,0.0004029842966701
1972,0.0072895674966275,0.9547449946403505,0.0376024506986141,0.0003629262209869
1973,0.0023915239144116,0.1650594621896743,0.4776153564453125,0.3549335896968841
1974,0.0007716232794336,0.8730484843254089,0.1200149282813072,0.0061648646369576
1975,0.0133463824167847,0.3607265949249267,0.4778851270675659,0.1480419039726257
1976,0.0024405599106103,0.8421662449836731,0.1533698588609695,0.0020232950337231
1977,0.0029069511219859,0.1855556517839431,0.5285988450050354,0.2829385697841644
1978,0.0010954703902825,0.5586698651313782,0.4217061400413513,0.01852847635746
1979,0.001959501998499,0.4946945011615753,0.4794743359088897,0.0238716211169958
1980,0.0017341721104457,0.2004430592060089,0.5280970931053162,0.2697256207466125
1981,0.0003674199979286,0.0269942916929721,0.1328705698251724,0.8397677540779114
1982,0.0005377723136916,0.8853030800819397,0.1125536486506462,0.0016054916195571
1983,0.0021099655423313,0.9797491431236268,0.0179447308182716,0.0001962573587661
1984,0.0103065818548202,0.3690409958362579,0.4738580286502838,0.1467943638563156
1985,0.0020163396839052,0.9510188102722168,0.0466143675148487,0.0003503873012959
1986,0.0032484307885169,0.8594537377357483,0.1359853446483612,0.0013124846154823
1987,0.0021135124843567,0.6141420602798462,0.3724959790706634,0.0112484041601419
1988,0.0026452720630913,0.1611199378967285,0.4311793148517608,0.4050554633140564
1989,0.0011454353807494,0.1781560480594635,0.5574009418487549,0.2632975876331329
1990,0.0015284684486687,0.2033423781394958,0.6070681810379028,0.1880609542131424
1991,0.0003743352426681,0.0387845262885093,0.1939104348421096,0.7669306993484497
1992,0.0020842307712882,0.1531280875205993,0.4716677367687225,0.3731199204921722
1993,0.003536156611517,0.2257189005613327,0.5414714813232422,0.2292734682559967
1994,0.0046360925771296,0.4955889880657196,0.4305751919746399,0.069199725985527
1995,0.0004480563511606,0.7492245435714722,0.2470680475234985,0.0032593857031315
1996,0.0005161514854989,0.4477656781673431,0.5317348837852478,0.0199832636862993
1997,0.0065103345550596,0.4155657589435577,0.4934965372085571,0.0844273045659065
1998,0.0024086509365588,0.3519333004951477,0.5366342067718506,0.1090238541364669
1999,0.0027439324185252,0.1779080927371978,0.4543042480945587,0.3650437295436859
2000,0.0507851280272007,0.8456482887268066,0.1009982898831367,0.0025682600680738
2001,0.0036977776326239,0.2360354661941528,0.4843133091926574,0.2759534120559692
2002,0.0054821008816361,0.633644700050354,0.3445066511631012,0.0163665302097797
2003,0.014577442780137,0.795901358127594,0.1861123144626617,0.0034087658859789
2004,0.002937224227935,0.3907586336135864,0.5425145626068115,0.0637895837426185
2005,0.0007213377393782,0.0724377185106277,0.3915945887565613,0.5352463722229004
2006,0.0374065414071083,0.3494011163711548,0.4557049572467804,0.1574874371290207
2007,0.5925960540771484,0.2979759871959686,0.0967386439442634,0.0126893483102321
2008,0.00544512597844,0.7473965883255005,0.2426441460847854,0.0045141680166125
2009,0.0004521388909779,0.5888132452964783,0.4046850502490997,0.0060495515353977
2010,0.0040523507632315,0.6605331301689148,0.3219181299209595,0.0134963896125555
2011,0.0006990610272623,0.2733444571495056,0.687187910079956,0.0387684926390647
2012,0.5048765540122986,0.4318438470363617,0.0593640580773353,0.0039154840633273
2013,0.2177584320306778,0.6813058257102966,0.0981514155864715,0.0027843413408845
2014,0.0011061478871852,0.4063169658184051,0.5553694367408752,0.0372074320912361
2015,0.0045267748646438,0.2017208337783813,0.4764008820056915,0.3173514306545257
2016,0.0120731480419635,0.2173717021942138,0.4391029179096222,0.3314522802829742
2017,0.0016295274253934,0.2167869657278061,0.6371723413467407,0.1444112509489059
2018,0.0078452648594975,0.5414686799049377,0.4283370077610016,0.0223490819334983
2019,0.5222662687301636,0.3589480221271515,0.1077757328748703,0.0110099855810403
2020,0.0018559674499556,0.3706585168838501,0.5740871429443359,0.0533984191715717
2021,0.0068671596236526,0.6377845406532288,0.3360888659954071,0.0192594248801469
2022,0.425092875957489,0.4317871034145355,0.1276360303163528,0.0154840070754289
2023,0.2482439130544662,0.4860379695892334,0.2190744876861572,0.0466436482965946
2024,0.7803777456283569,0.1824822872877121,0.033232495188713,0.003907520789653
2025,0.0145689658820629,0.5729328989982605,0.3816556334495544,0.0308425016701221
2026,0.0022036123555153,0.8890005946159363,0.107848010957241,0.0009477618732489
2027,0.023101245984435,0.6442014575004578,0.318902850151062,0.0137943839654326
2028,0.0007926666876301,0.3623633682727813,0.6164008378982544,0.0204431433230638
2029,0.0021534198895096,0.1232151687145233,0.4168315529823303,0.457799881696701
2030,0.0015821197303012,0.8324644565582275,0.1639219671487808,0.0020314818248152
2031,0.0407487004995346,0.6178056001663208,0.3155442476272583,0.0259014498442411
2032,0.0053149699233472,0.8799828290939331,0.1136390715837478,0.0010630609467625
2033,0.0160406921058893,0.7728838324546814,0.2047938406467437,0.0062816254794597
2034,0.0759508907794952,0.8557360768318176,0.0670264288783073,0.001286547165364
2035,0.1929468810558319,0.751288652420044,0.0544231683015823,0.0013413343112915
2036,0.0567479990422725,0.8739256858825684,0.0684511512517929,0.0008752422290854
2037,0.0040243780240416,0.7789878249168396,0.2129634022712707,0.0040243780240416
2038,0.0035860487259924,0.7161759734153748,0.27611044049263,0.0041275168769061
2039,0.0033702368382364,0.6730758547782898,0.3130093514919281,0.0105445375666022
2040,0.1779770851135254,0.7611114382743835,0.0596148557960987,0.0012966446811333
2041,0.1677175611257553,0.7172369956970215,0.1117239743471145,0.0033214665018022
2042,0.0036487099714577,0.2853591740131378,0.5675045251846313,0.1434876024723053
2043,0.0011657276190817,0.0561679005622863,0.2897360920906067,0.6529303193092346
2044,0.0014909117016941,0.3169559240341186,0.5921515822410583,0.0894015207886695
2045,0.0011830421863123,0.4211921691894531,0.5408214330673218,0.0368033610284328
2046,0.0301366411149501,0.6053106188774109,0.3239994645118713,0.0405532829463481
2047,0.0014501634286716,0.0897184312343597,0.4084221124649048,0.5004092454910278
2048,0.0045586703345179,0.1737566888332367,0.5352082848548889,0.2864763736724853
2049,0.013001593761146,0.3053082525730133,0.4583219587802887,0.2233682721853256
2050,0.0070883273147046,0.6281785368919373,0.3469130992889404,0.0178200528025627
2051,0.005338511429727,0.5796629786491394,0.3861388266086578,0.028859719634056
2052,0.006008475087583,0.8779116272926331,0.1133716031908989,0.0027082317974418
2053,0.0061245770193636,0.937821626663208,0.0554473958909511,0.0006064152694307
2054,0.003013044828549,0.2932648658752441,0.5924112796783447,0.1113107874989509
2055,0.0124160395935177,0.5279434323310852,0.4176376461982727,0.0420029200613498
2056,0.9569965600967408,0.0332623086869716,0.0082796430215239,0.0014614437241107
2057,0.6165302395820618,0.3352016806602478,0.0460790023207664,0.0021890823263674
2058,0.0038596163503825,0.5055100321769714,0.4602721035480499,0.0303582362830638
2059,0.0443751253187656,0.8774799108505249,0.0766733363270759,0.001471715979278
2060,0.0207250267267227,0.644736647605896,0.2998304069042206,0.0347078889608383
2061,0.8908316493034363,0.0828602463006973,0.0203057788312435,0.0060023763217031
2062,0.0007774961995892,0.7885520458221436,0.2089455127716064,0.0017249506199732
2063,0.1583319306373596,0.5273258686065674,0.2569981217384338,0.0573440305888652
2064,0.3669910132884979,0.4290559291839599,0.1733542680740356,0.0305988453328609
2065,0.0554968938231468,0.4433909952640533,0.4037120938301086,0.0974000692367553
2066,0.0006774223293177,0.0690989568829536,0.4796417951583862,0.4505817890167236
2067,0.0032556566875427,0.1473622620105743,0.5224446058273315,0.3269374966621399
2068,0.0926588848233223,0.8791230320930481,0.0278212409466505,0.0003968487435486
2069,0.0206135474145412,0.9330403804779052,0.0457331538200378,0.0006128246313892
2070,0.0045858933590352,0.2011870294809341,0.4826225936412811,0.3116045594215393
2071,0.0027225201483815,0.3402507901191711,0.5879006385803223,0.0691261366009712
2072,0.0018871604697778,0.413930594921112,0.5398672819137573,0.0443150028586387
2073,0.0003199656785,0.1270821243524551,0.8286795020103455,0.0439184047281742
2074,0.0053485231474041,0.6580759882926941,0.3257712423801422,0.0108043132349848
2075,0.0285286363214254,0.6392421722412109,0.2972752153873443,0.0349540151655674
2076,0.0520412176847457,0.7528838515281677,0.1845021396875381,0.0105728143826127
2077,0.0011857030913233,0.7764334678649902,0.2190031111240387,0.0033777537755668
2078,0.0070062545128166,0.8098129034042358,0.1778922826051712,0.0052885981276631
2079,0.7217006683349609,0.1973019689321518,0.0681857392191886,0.0128117203712463
2080,0.0027356152422726,0.8595046997070312,0.135993406176567,0.0017662458121776
2081,0.0113093499094247,0.5199615359306335,0.4310632646083832,0.0376658886671066
2082,0.0036443106364458,0.6837157011032104,0.3081748187541961,0.0044651026837527
2083,0.0032757567241787,0.2643235325813293,0.5864273905754089,0.1459733247756958
2084,0.0270486008375883,0.4869981408119201,0.4100935459136963,0.0758596807718277
2085,0.0195189975202083,0.4239066243171692,0.4442503154277801,0.1123240664601326
2086,0.0016825307393446,0.1179545074701309,0.4813280403614044,0.3990349769592285
2087,0.0108329355716705,0.3215702772140503,0.505901038646698,0.1616956889629364
2088,0.0088046668097376,0.2825998365879059,0.5708673596382141,0.1377281695604324
2089,0.0043381126597523,0.6438329815864563,0.3392761647701263,0.0125527456402778
2090,0.0052811196073889,0.9163405299186708,0.0776054784655571,0.0007727984921075
2091,0.0022382927127182,0.8482822179794312,0.1474093347787857,0.0020700823515653
2092,0.0008487624581903,0.2142779529094696,0.7363083958625793,0.0485648065805435
2093,0.0033154047559946,0.5156636834144592,0.4622378945350647,0.0187830477952957
2094,0.0092743365094065,0.5475074648857117,0.4132803082466125,0.0299379266798496
2095,0.0309503246098756,0.9045010805130004,0.0635059401392936,0.0010426426306366
2096,0.001298215589486,0.8501099944114685,0.1477269530296325,0.0008647980284877
2097,0.0043574413284659,0.7923554182052612,0.2003388255834579,0.0029483924154192
2098,0.000358990044333,0.6490692496299744,0.3474217355251312,0.0031500379554927
2099,0.0054950937628746,0.4165392518043518,0.4946525692939758,0.0833130851387977
2100,0.0043715042993426,0.3696686923503876,0.5295259952545166,0.0964338406920433
2101,0.5390629172325134,0.3704921901226043,0.083969809114933,0.0064750565215945
2102,0.2336802035570144,0.6156653165817261,0.1417342126369476,0.0089202905073761
2103,0.094571866095066,0.8561837673187256,0.048302587121725,0.0009417504188604
2104,0.0018579023890197,0.6932031512260437,0.2981429696083069,0.0067959250882267
2105,0.0116915265098214,0.5291988849639893,0.4121405184268951,0.0469690710306167
2106,0.0086092855781316,0.824965238571167,0.1599268019199371,0.0064986296929419
2107,0.0021340830717235,0.8882799744606018,0.1077605932950973,0.0018253778107464
2108,0.0025262783747166,0.2103183269500732,0.6181598901748657,0.168995514512062
2109,0.0118275294080376,0.3098396062850952,0.4874461591243744,0.1908866465091705
2110,0.0096685169264674,0.3802199959754944,0.5278831720352173,0.0822283327579498
2111,0.0005754100275225,0.932577908039093,0.0665083602070808,0.0003382661379873
2112,0.0030798274092376,0.9526509642601012,0.0438653044402599,0.000403985439334
2113,0.0111983101814985,0.8488546013832092,0.1364233493804931,0.0035237048286944
2114,0.0738614872097969,0.8192927837371826,0.1025465279817581,0.0042992541566491
2115,0.08152586966753,0.8764857053756714,0.0409937836229801,0.0009946845239028
2116,0.5163134336471558,0.4556449949741363,0.0265217199921607,0.0015198156470432
2117,0.2468846887350082,0.6403701305389404,0.1078559309244155,0.0048892861232161
2118,0.0008253371925093,0.1345299482345581,0.7048864960670471,0.1597582548856735
2119,0.0083366408944129,0.2361365854740142,0.5405219793319702,0.2150048017501831
2120,0.0034111195709556,0.670678973197937,0.3217952847480774,0.0041145957075059
2121,0.000886736321263,0.3749030530452728,0.5990933179855347,0.0251169372349977
2122,0.0108900517225265,0.6039398908615112,0.3606289625167846,0.0245411098003387
2123,0.0027602342888712,0.2815515697002411,0.6054310202598572,0.1102571785449981
2124,0.2010526955127716,0.6801525354385376,0.1145563721656799,0.0042384262196719
2125,0.0239781681448221,0.679185152053833,0.2787370085716247,0.0180996693670749
2126,0.0016721915453672,0.4783703088760376,0.5092225074768066,0.0107350079342722
2127,0.000422210781835,0.3334938883781433,0.6529492735862732,0.0131345922127366
2128,0.9537675976753236,0.0352880768477916,0.0089222211390733,0.0020221676677465
2129,0.377345323562622,0.5490341782569885,0.0687196925282478,0.0049008596688508
2130,0.4687311947345733,0.4761126041412353,0.0509721487760543,0.0041840486228466
2131,0.0039231232367455,0.2504196166992187,0.6007254719734192,0.1449317783117294
2132,0.2801864743232727,0.5931547284126282,0.122404396533966,0.0042544063180685
2133,0.012642839923501,0.638400673866272,0.3260631859302521,0.0228932276368141
2134,0.0008805720717646,0.6138137578964233,0.3781596720218658,0.0071460986509919
2135,0.0609282702207565,0.9094338417053224,0.0292337052524089,0.0004041667561978
2136,0.003924461081624,0.8607929348945618,0.1340856850147247,0.0011968930484727
2137,0.009817611426115,0.9118065237998962,0.0772214904427528,0.0011543676955625
2138,0.0013031696435064,0.4712668657302856,0.501660943031311,0.0257690586149692
2139,0.0035611002240329,0.0962495878338813,0.2918732166290283,0.6083160638809204
2140,0.9019370675086976,0.0663649961352348,0.0259889047592878,0.0057090045884251
2141,0.7574872970581055,0.1716799139976501,0.0593309886753559,0.0115018365904688
2142,0.0176407098770141,0.3831146359443664,0.4767938554286957,0.1224507912993431
2143,0.0022797896526753,0.1573477238416671,0.5323005318641663,0.3080719113349914
2144,0.0159999467432498,0.3066509962081909,0.4824297428131103,0.1949192285537719
2145,0.0004173200577497,0.6158313751220703,0.3794026970863342,0.0043485751375555
2146,0.0017154422821477,0.7720473408699036,0.2211952805519104,0.0050419648177921
2147,0.0006369721377268,0.9110480546951294,0.0874306336045265,0.000884348177351
2148,0.1616932600736618,0.5058934092521667,0.2927886545658111,0.039624635130167
2149,0.1543865352869033,0.6399143934249878,0.1804961264133453,0.0252029076218605
2150,0.0013184045674279,0.5402582883834839,0.447889894247055,0.0105333607643842
2151,0.0059567592106759,0.2696234881877899,0.5707929134368896,0.1536268293857574
2152,0.0660623684525489,0.7560437917709351,0.171352744102478,0.00654106028378
2153,0.0010326369665563,0.7783028483390808,0.219530388712883,0.0011341298231855
2154,0.0586255602538585,0.5391106009483337,0.3269871175289154,0.0752767100930213
2155,0.0051214839331805,0.7720654010772705,0.2177710384130478,0.0050420826300978
2156,0.0021964395418763,0.1946518570184707,0.6584987640380859,0.1446529775857925
2157,0.0184935629367828,0.3079454600811004,0.4411115050315857,0.2324494421482086
2158,0.0015834013465791,0.1666382551193237,0.5816246867179871,0.2501536607742309
2159,0.0025595747865736,0.3568591475486755,0.5883612632751465,0.0522200278937816
2160,0.0013287781039252,0.8433523178100586,0.1535858660936355,0.001733053359203
2161,0.001993533456698,0.9113333225250244,0.0861020907759666,0.0005711568519473
2162,0.3191465139389038,0.5020879507064819,0.160476952791214,0.0182885527610778
2163,0.0198079645633697,0.3796345293521881,0.4951367676258087,0.1054206937551498
2164,0.0011734660947695,0.1912749111652374,0.6781284809112549,0.1294230818748474
2165,0.0133797265589237,0.3241611123085022,0.4942866563796997,0.1681725680828094
2166,0.6367097496986389,0.278157889842987,0.0772416517138481,0.0078907320275902
2167,0.1972984373569488,0.480747640132904,0.2696749866008758,0.052278883755207
2168,0.0017756142187863,0.1000226289033889,0.3658675849437713,0.5323341488838196
2169,0.0011489220196381,0.1327973306179046,0.6140486598014832,0.2520050406455993
2170,0.0816509276628494,0.727746844291687,0.1811505109071731,0.009451781399548
2171,0.0952230244874954,0.7972925901412964,0.1029606312513351,0.0045237746089696
2172,0.0020357884932309,0.1543168872594833,0.6008727550506592,0.2427745461463928
2173,0.0081781549379229,0.4535436630249023,0.4606859385967254,0.0775921717286109
2174,0.0032679843716323,0.40208899974823,0.5410698652267456,0.0535731762647628
2175,0.0023778406903147,0.2581892311573028,0.6193637847900391,0.1200691387057304
2176,0.0035793383140116,0.5567147731781006,0.4073011875152588,0.0324046835303306
2177,0.0049380855634808,0.5036984086036682,0.4445122480392456,0.046851247549057
2178,0.0826763957738876,0.3480806350708008,0.337371289730072,0.2318716943264007
2179,0.0177479870617389,0.8822912573814392,0.0989903286099433,0.0009704670519568
2180,0.0040561803616583,0.2180265337228775,0.523018479347229,0.2548988461494446
2181,0.0071198097430169,0.2214908003807068,0.491398811340332,0.2799905836582184
2182,0.1222220882773399,0.565149188041687,0.2669575810432434,0.045671060681343
2183,0.0047591081820428,0.4632121920585632,0.485442191362381,0.0465864762663841
2184,0.0215688161551952,0.9171293377876282,0.0604912377893924,0.0008105830638669
2185,0.0525738671422004,0.9318940043449402,0.0152998659759759,0.0002323162188986
2186,0.0038264598697423,0.5590925812721252,0.3842583298683166,0.0528226494789123
2187,0.0077262725681066,0.8389294147491455,0.150411769747734,0.0029325624927878
2188,0.0037677220534533,0.6141386032104492,0.3667189180850982,0.0153746604919433
2189,0.003429141594097,0.4089365303516388,0.5417528748512268,0.0458814054727554
2190,0.1291913390159607,0.7434449195861816,0.1232752501964569,0.0040884655900299
2191,0.6166306734085083,0.335256278514862,0.0446685776114463,0.0034444709308445
2192,0.3134450912475586,0.6233600378036499,0.0607641004025936,0.0024308699648827
2193,0.2057285904884338,0.7180632948875427,0.0699956193566322,0.0062124649994075
2194,0.0143130905926227,0.7227400541305542,0.253705620765686,0.0092412261292338
2195,0.0049382750876247,0.1609978526830673,0.5037177205085754,0.3303461372852325
2196,0.7156825065612793,0.2592030465602875,0.0233678612858057,0.0017464963020756
2197,0.9826008677482604,0.0140160480514168,0.0027171350084245,0.000665862520691
2198,0.0992269143462181,0.744739294052124,0.148957222700119,0.0070765339769423
2199,0.174521654844284,0.6902465224266052,0.1276827752590179,0.0075490651652216
2200,0.9597548842430116,0.0303729623556137,0.0080480352044105,0.0018240383360534
2201,0.0145931048318743,0.7031351923942566,0.2710827589035034,0.0111889224499464
2202,0.9230101704597472,0.0628116279840469,0.0123683437705039,0.001809888635762
2203,0.0032818887848407,0.9099767804145812,0.0859739258885383,0.0007674316293559
2204,0.0019330198410898,0.458441823720932,0.5194826722145081,0.0201425272971391
2205,0.0023347602691501,0.2134781181812286,0.5987141728401184,0.1854729950428009
2206,0.0049780798144638,0.276074081659317,0.5321467518806458,0.1868010908365249
2207,0.0004309797659516,0.1685202419757843,0.8039650917053223,0.0270836651325225
2208,0.1175046265125274,0.8682483434677124,0.0140339266508817,0.0002130939392372
2209,0.0028306378517299,0.9767707586288452,0.0202722307294607,0.0001263280864804
2210,0.0031301726121455,0.1763266324996948,0.5516772270202637,0.2688660025596618
2211,0.9429076313972472,0.0462167970836162,0.0092439418658614,0.0016316525870934
2212,0.0041197943501174,0.154594138264656,0.4761834740638733,0.3651025295257568
2213,0.0001503255625721,0.0117566967383027,0.0969114899635315,0.8911814093589783
2214,0.0043539442121982,0.3739818334579468,0.5702542066574097,0.051409974694252
2215,0.5893420577049255,0.3574540615081787,0.0499117672443389,0.0032920381054282
2216,0.0018373159691691,0.8531460762023926,0.1436932384967804,0.0013233689824119
2217,0.0239346772432327,0.843726396560669,0.1293896436691284,0.0029493309557437
2218,0.0027138253208249,0.493480920791626,0.4858302175998688,0.017975041642785
2219,0.0021240597125142,0.253301203250885,0.617206871509552,0.1273678243160247
2220,0.9691227078437804,0.0242615137249231,0.005498724989593,0.0011171337682753
2221,0.9745540022850036,0.0199126433581113,0.004374227952212,0.0011590548092499
2222,0.0065842396579682,0.2756284475326538,0.5312877297401428,0.1864995509386062
2223,0.0042755845934152,0.2524077296257019,0.509877622127533,0.2334390133619308
2224,0.0192514210939407,0.4965007305145263,0.4180955290794372,0.0661523193120956
2225,0.0030028142500668,0.1218358874320983,0.3932910859584808,0.4818702936172485
2226,0.0026130713522434,0.4534007012844085,0.5300791263580322,0.0139071233570575
2227,0.0012664202367886,0.1711335331201553,0.597314715385437,0.2302853465080261
2228,0.0383758954703807,0.3815739452838897,0.4461051225662231,0.1339450478553772
2229,0.0368441082537174,0.5086172223091125,0.4086854159832001,0.0458532311022281
2230,0.0022603552788496,0.2099295556545257,0.6366034746170044,0.1512065827846527
2231,0.0087048932909965,0.8341266512870789,0.1542979180812835,0.0028705687727779
2232,0.2329698801040649,0.4561328589916229,0.2441503405570984,0.0667469799518585
2233,0.0124851297587156,0.8222449421882629,0.1619096249341964,0.0033603273332118
2234,0.0373850874602794,0.811915934085846,0.1478608697652816,0.002838134067133
2235,0.1711958795785904,0.6262085437774658,0.1851068884134292,0.0174887608736753
2236,0.8625676035881042,0.1242646500468254,0.0123038655146956,0.000863867055159
2237,0.0024530801456421,0.8871103525161743,0.1093134433031082,0.0011231017997488
2238,0.0034764793235808,0.2362215518951416,0.5240803956985474,0.2362215518951416
2239,0.0014654260594397,0.4325275421142578,0.5299438238143921,0.0360631309449672
2240,0.0012932992540299,0.9015103578567504,0.0965148136019706,0.000681520847138
2241,0.1429619789123535,0.5148258805274963,0.28879114985466,0.0534209944307804
2242,0.0174643956124782,0.9098586440086364,0.0712656378746032,0.0014113395009189
2243,0.0450389496982097,0.9333475828170776,0.0212748944759368,0.0003385453310329
2244,0.0016230543842539,0.3849293887615204,0.5688887238502502,0.0445588082075119
2245,0.0009837858378887,0.8271846771240234,0.170699194073677,0.0011323306243866
2246,0.0061174887232482,0.1529179811477661,0.384435772895813,0.456528753042221
2247,0.0085639311000704,0.846668541431427,0.1426022499799728,0.0021653005387634
2248,0.0021244033705443,0.3008512556552887,0.6173067092895508,0.0797176510095596
2249,0.0029114023782312,0.6286877989768982,0.3526619076728821,0.0157388933002948
2250,0.0087572699412703,0.6848906874656677,0.2945678234100342,0.0117841940373182
2251,0.0025343631859868,0.5222086906433105,0.4537027776241302,0.0215541273355484
2252,0.0102336490526795,0.2944343984127044,0.5167484879493713,0.1785835027694702
2253,0.032287161797285,0.4598588943481445,0.4187062978744507,0.0891477093100547
2254,0.9247196316719056,0.0649255067110061,0.0093534067273139,0.0010013666469603
2255,0.2443900853395462,0.6438820958137512,0.1002974882721901,0.0114302756264805
2256,0.0088815297931432,0.8918954133987427,0.0985164791345596,0.0007066102116368
2257,0.0133771048858761,0.80214923620224,0.1789836883544922,0.0054899528622627
2258,0.8260459303855896,0.1528031378984451,0.0194267388433218,0.0017242210451513
2259,0.3046807050704956,0.6450090408325195,0.0474600978195667,0.0028502005152404
2260,0.0036273782607167,0.9015676975250244,0.0935513228178024,0.0012535884743556
2261,0.8591893315315247,0.1277070939540863,0.0120656713843345,0.0010379414306953
2262,0.0062806769274175,0.3429132997989654,0.5394783616065979,0.1113276481628418
2263,0.0010306924814358,0.1067891046404838,0.5683462619781494,0.3238339424133301
2264,0.0319908410310745,0.4701019823551178,0.4280327260494232,0.069874420762062
2265,0.0314360149204731,0.3829690515995025,0.4841182231903076,0.1014766916632652
2266,0.0027589197270572,0.8668267726898193,0.128842294216156,0.0015719849616289
2267,0.0047337990254163,0.573411226272583,0.4003055095672607,0.0215495117008686
2268,0.9609131217002868,0.0304096154868602,0.0075695533305406,0.0011076702503487
2269,0.3344469964504242,0.5869728326797485,0.0746252164244651,0.003954991698265
2270,0.0560211241245269,0.5747032761573792,0.3378506004810333,0.0314250029623508
2271,0.0978168174624443,0.5541700124740601,0.3157565593719482,0.0322565622627735
2272,0.0792754366993904,0.4932683408260345,0.3390180468559265,0.0884381458163261
2273,0.0016523371450603,0.1158377826213836,0.4653620421886444,0.4171478450298309
2274,0.007046022452414,0.2685637176036834,0.5017430782318115,0.2226471453905105
2275,0.0016086163232102,0.090615414083004,0.3697674870491028,0.5380085110664368
2276,0.017140818759799,0.2723499238491058,0.3608050346374511,0.3497042059898376
2277,0.0009090781095437,0.0386549867689609,0.1209407448768615,0.8394951224327087
2278,0.0236627850681543,0.3477221131324768,0.4395619034767151,0.1890532225370407
2279,0.0004919156781397,0.8894044160842896,0.1095961257815361,0.0005075307562947
2280,0.5876030921936035,0.3245052397251129,0.0747053474187851,0.0131862787529826
2281,0.8454344868659973,0.1296515762805938,0.0221807677298784,0.0027332068420946
2282,0.0210425499826669,0.3190336227416992,0.4864681959152221,0.1734555959701538
2283,0.002147871768102,0.3138303458690643,0.6241261959075928,0.0598955750465393
2284,0.0188463274389505,0.8530499339103699,0.1248287782073021,0.0032750007230788
2285,0.0059266034513711,0.8008721470832825,0.1872746646404266,0.0059266034513711
2286,0.0878586769104003,0.7954075336456299,0.1128127798438072,0.0039210310205817
2287,0.0128335701301693,0.6280937790870667,0.3361943662166595,0.0228783134371042
2288,0.0064451382495462,0.2271989732980728,0.5282533764839172,0.2381024658679962
2289,0.0029983625281602,0.3866196274757385,0.5538070797920227,0.0565749518573284
2290,0.0038896966725587,0.6855395436286926,0.2994900643825531,0.0110807148739695
2291,0.1598847806453704,0.7054447531700134,0.1284710317850113,0.0061994055286049
2292,0.0197526905685663,0.268449991941452,0.4785638451576233,0.2332333922386169
2293,0.0050680330023169,0.2724153101444244,0.5767032504081726,0.1458134055137634
2294,0.0054251113906502,0.9267311096191406,0.0671321824193,0.0007116197957657
2295,0.0012182050850242,0.8899171948432922,0.1079592108726501,0.0009052930399775
2296,0.0243459474295377,0.6181557178497314,0.3257451951503753,0.0317531004548072
2297,0.0006963600753806,0.2222352623939514,0.6953126192092896,0.0817557796835899
2298,0.002749741077423,0.8243801593780518,0.1701204478740692,0.002749741077423
2299,0.0085736801847815,0.6601367592811584,0.3217249512672424,0.0095646306872367
2300,0.0015466676559299,0.5770781636238098,0.409209668636322,0.0121654840186238
2301,0.0016587796853855,0.8072087168693542,0.1887563914060592,0.0023760921321809
2302,0.0069110509939491,0.3657214045524597,0.5405011177062988,0.0868664383888244
2303,0.0478451363742351,0.5920519828796387,0.3023905754089355,0.0577122457325458
2304,0.0020922273397445,0.1797117590904235,0.5801166296005249,0.2380793839693069
2305,0.0063004065304994,0.2364210337400436,0.5245229601860046,0.232755646109581
2306,0.0052475752308964,0.8161850571632385,0.1765124052762985,0.002054980257526
2307,0.0020284771453589,0.8183460831642151,0.1769797652959823,0.002645632950589
2308,0.2983396649360657,0.5573718547821045,0.1303349435329437,0.0139535320922732
2309,0.0065227430313825,0.9094091057777404,0.0832768082618713,0.000791298574768
2310,0.0118846958503127,0.3366357386112213,0.4822084307670593,0.1692710965871811
2311,0.0174512881785631,0.4097976088523865,0.4571622908115387,0.1155887246131897
2312,0.0715102106332779,0.7451534271240234,0.1769894659519195,0.0063468916341662
2313,0.2337975054979324,0.6455355882644653,0.1157381609082222,0.0049287248402833
2314,0.0014403649838641,0.7119598388671875,0.2831980586051941,0.0034016871359199
2315,0.0153509462252259,0.2596415877342224,0.4486204385757446,0.2763870358467102
2316,0.0167239066213369,0.5202654600143433,0.3989013433456421,0.0641092807054519
2317,0.0090959062799811,0.8715946078300476,0.1179574951529502,0.0013519857311621
2318,0.0117624504491686,0.4345396757125854,0.5001521110534668,0.0535457916557788
2319,0.0083899628371,0.3197889029979706,0.5110211968421936,0.1607999503612518
2320,0.0064390208572149,0.7799668908119202,0.2099252492189407,0.003668843768537
2321,0.0008204192272387,0.4741079807281494,0.5126329660415649,0.0124386698007583
2322,0.0046887155622243,0.2682806253433227,0.5591448545455933,0.167885735630989
2323,0.0014044288545846,0.3228316009044647,0.6320735216140747,0.0436905026435852
2324,0.6953622102737427,0.2365850955247879,0.0579776689410209,0.0100750075653195
2325,0.0940945297479629,0.851862370967865,0.0527822487056255,0.0012608674587681
2326,0.0052832686342298,0.1044720932841301,0.2795818150043487,0.6106628179550171
2327,0.4954744279384613,0.4802302718162536,0.0235385783016681,0.000756646390073
2328,0.0009275972261093,0.4443965554237366,0.5360445380210876,0.0186312887817621
2329,0.009624408558011,0.4784503579139709,0.4565405547618866,0.0553846508264541
2330,0.1495660692453384,0.4981310665607452,0.2838265299797058,0.0684763416647911
2331,0.0016438496531918,0.1870574653148651,0.6328072547912598,0.178491473197937
2332,0.0196213517338037,0.5645298957824707,0.3702277243137359,0.0456210114061832
2333,0.0060651963576674,0.2499639838933944,0.5721732378005981,0.1717975586652755
2334,0.0012991589028388,0.5667067766189575,0.4146115183830261,0.0173825528472661
2335,0.0004281357105355,0.2803559303283691,0.7048147320747375,0.0144011778756976
2336,0.9131194353103638,0.0726473331451416,0.0122358072549104,0.0019974405877292
2337,0.9831777215003968,0.013806851580739,0.0023992708884179,0.0006161836790852
2338,0.0405654944479465,0.3559508919715881,0.3909355700016022,0.2125479876995086
2339,0.0015719691291451,0.4567809700965881,0.5095760226249695,0.0320710577070713
2340,0.0209600515663623,0.3545123934745788,0.4696525931358337,0.1548749953508377
2341,0.0009941111784428,0.5396758913993835,0.4474070370197296,0.0119229927659034
2342,0.0146861746907234,0.6858483552932739,0.2814716100692749,0.017993876710534
2343,0.5660085082054138,0.3433015346527099,0.0815412625670433,0.0091486759483814
2344,0.0550811253488063,0.4006876051425934,0.3823387920856476,0.1618924289941787
2345,0.0078057465143501,0.8475587964057922,0.1427521854639053,0.0018832240020856
2346,0.9635833501815796,0.0295559186488389,0.0056408457458019,0.0012199183693155
2347,0.9538073539733888,0.0364097543060779,0.0079981619492173,0.0017846311675384
2348,0.0014776603784412,0.665031909942627,0.3292146623134613,0.0042757517658174
2349,0.0225056298077106,0.2873326241970062,0.4663868844509125,0.2237748652696609
2350,0.0175805576145648,0.5137791633605957,0.4193343818187713,0.0493058934807777
2351,0.1162346079945564,0.537463366985321,0.3014896214008331,0.0448124334216117
2352,0.0003537760640028,0.0264011844992637,0.1519283205270767,0.8213167190551758
2353,0.0004298853164073,0.6859215497970581,0.3091690838336944,0.0044795083813369
2354,0.0139445541426539,0.6824669241905212,0.2889747023582458,0.0146137680858373
2355,0.0013684679288417,0.2230602204799652,0.7200472354888916,0.0555240809917449
2356,0.0041412017308175,0.4358229339122772,0.5175524950027466,0.0424832962453365
2357,0.0104764848947525,0.5208089351654053,0.4454714953899383,0.0232430975884199
2358,0.0287148784846067,0.4154201447963714,0.4491762816905975,0.1066887229681015
2359,0.1637090444564819,0.4737077951431274,0.2964387834072113,0.0661444291472435
2360,0.0565190911293029,0.7925087213516235,0.1443265527486801,0.006645590532571
2361,0.0705296695232391,0.4058702886104584,0.3695490956306457,0.1540509760379791
2362,0.0166821554303169,0.3622971177101135,0.4651986956596374,0.1558220386505127
2363,0.0042982185259461,0.1827649027109146,0.599263072013855,0.2136738449335098
2364,0.0007923590601421,0.5879455208778381,0.4040886759757995,0.0071734325028955
2365,0.0281967613846063,0.6318058371543884,0.3176919221878052,0.0223054755479097
2366,0.0076992567628622,0.2800236046314239,0.5397595763206482,0.1725175380706787
2367,0.0020345526281744,0.1382447928190231,0.538291871547699,0.3214287757873535
2368,0.0005076993838883,0.7610006928443909,0.2357470095157623,0.0027445971500128
2369,0.0045438259840011,0.6044955849647522,0.3724189102649688,0.018541645258665
2370,0.0161810088902711,0.6167497038841248,0.3459652364253998,0.0211040154099464
2371,0.0038901069201529,0.5423636436462402,0.4426643252372741,0.0110818836838006
2372,0.0020286790095269,0.2828410267829895,0.6275101900100708,0.0876200571656227
2373,0.01152138505131,0.4391450583934784,0.4899017214775085,0.0594318248331546
2374,0.059009201824665,0.6148899793624878,0.3043926060199737,0.021708270534873
2375,0.0047497549094259,0.7742099165916443,0.2183759361505508,0.0026643709279596
2376,0.54156494140625,0.4217711985111236,0.0351662933826446,0.0014975612284615
2377,0.0088166035711765,0.7936453223228455,0.1944911628961563,0.0030469365883618
2378,0.004151583649218,0.7549223303794861,0.2338640242815017,0.0070620812475681
2379,0.0076174885034561,0.6146615147590637,0.3613408207893371,0.0163801740854978
2380,0.0023199047427624,0.7288923859596252,0.2598946094512939,0.008893103338778
2381,0.0044129439629614,0.2816857099533081,0.5262581706047058,0.1876431405544281
2382,0.8352232575416565,0.1342325955629348,0.0260221753269433,0.0045219757594168
2383,0.0332951322197914,0.5290253162384033,0.3810426294803619,0.0566369257867336
2384,0.0007041437202133,0.0893871784210205,0.6302409768104553,0.2796677350997925
2385,0.0107574220746755,0.3792122304439544,0.4869181215763092,0.123112179338932
2386,0.012012637220323,0.7788622379302979,0.2031783610582351,0.0059466860257089
2387,0.000423905585194,0.2488264143466949,0.7088404893875122,0.0419092029333114
2388,0.0040870532393455,0.1271445006132125,0.3736984431743622,0.4950700104236603
2389,0.0043554129078984,0.1177182793617248,0.3250305950641632,0.5528956651687622
2390,0.0013147264253348,0.7363854050636292,0.2584955990314483,0.0038042871747165
2391,0.0046582166105508,0.8339159488677979,0.1591556370258331,0.0022702331189066
2392,0.0152113065123558,0.3355560600757599,0.4882311522960663,0.1610015630722046
2393,0.0015112848486751,0.6389557719230652,0.3528648614883423,0.0066681019961833
2394,0.6560547947883606,0.3147785365581512,0.0270786173641681,0.0020880787633359
2395,0.8235282897949219,0.1726209074258804,0.0036390509922057,0.0002118181582773
2396,0.8796908855438232,0.1083991825580596,0.0105665735900402,0.0013433890417218
2397,0.0005483893328346,0.9314385056495668,0.06747318059206,0.0005398873472586
2398,0.0169821567833423,0.3105711936950683,0.458994448184967,0.2134522497653961
2399,0.0039322599768638,0.7853184342384338,0.208088681101799,0.0026607001200318
2400,0.010611061938107,0.9257895946502686,0.0630007684230804,0.00059863505885
2401,0.1448215693235397,0.8077498078346252,0.046287752687931,0.0011408257996663
2402,0.243241012096405,0.6611975431442261,0.0908925160765647,0.0046689198352396
2403,0.0298780854791402,0.758619487285614,0.2010141611099243,0.0104881953448057
2404,0.0027348233852535,0.2105697244405746,0.6486003994941711,0.1380949914455413
2405,0.018668744713068,0.6279595494270325,0.3257811069488525,0.0275906156748533
2406,0.1168300285935401,0.6415230631828308,0.2287421077489853,0.0129047445952892
2407,0.0071070315316319,0.7026329040527344,0.2838893532752991,0.0063707013614475
2408,0.002001779153943,0.6095898747444153,0.3755574524402618,0.0128508694469928
2409,0.0062945964746177,0.3490853607654571,0.5079162120819092,0.1367037892341613
2410,0.028521729633212,0.6003670692443848,0.3474658131599426,0.023645345121622
2411,0.3739953935146332,0.5032658576965332,0.1122937873005867,0.0104449484497308
2412,0.0027947169728577,0.349273681640625,0.5758549571037292,0.0720767080783844
2413,0.0039865751750767,0.2466406673192978,0.5824873447418213,0.166885420680046
2414,0.0168033298105001,0.4135184288024902,0.4759567975997925,0.0937214419245719
2415,0.4846330285072326,0.401774913072586,0.1064597442746162,0.0071323583833873
2416,0.0338138341903686,0.6480675935745239,0.3013794422149658,0.0167390629649162
2417,0.1780432164669037,0.4139628708362579,0.2714834809303283,0.1365104764699936
2418,0.0766029208898544,0.7267882823944092,0.1895940601825714,0.0070147160440683
2419,0.0023608254268765,0.8405119776725769,0.1554790884256363,0.0016481217462569
2420,0.0377415418624877,0.7699968218803406,0.1886958479881286,0.0035657929256558
2421,0.0397899411618709,0.8915746212005615,0.0676849707961082,0.000950506015215
2422,0.0211460534483194,0.9133126735687256,0.0641246140003204,0.0014166972832754
2423,0.091046966612339,0.8242719173431396,0.0816139727830886,0.0030671553686261
2424,0.0086919190362095,0.2312833964824676,0.489626944065094,0.2703976631164551
2425,0.0167625173926353,0.3640423417091369,0.4674396216869354,0.1517554223537445
2426,0.0090400483459234,0.6337563395500183,0.3392253220081329,0.0179782845079898
2427,0.0082098953425884,0.2985956072807312,0.540686845779419,0.1525077223777771
2428,0.001618911512196,0.1347779929637909,0.4419200718402862,0.4216831028461456
2429,0.0033181502949446,0.2362835258245468,0.5848073363304138,0.1755909919738769
2430,0.0110108377411961,0.283973217010498,0.4906617105007171,0.2143542319536209
2431,0.0114013766869902,0.3437738716602325,0.4772827625274658,0.1675420105457306
2432,0.078170858323574,0.7652074694633484,0.1460423916578292,0.0105792758986353
2433,0.0108273029327392,0.9300105571746826,0.0585318468511104,0.0006302245892584
2434,0.0024602110497653,0.0853808745741844,0.271339863538742,0.6408190131187439
2435,0.0132663771510124,0.4258055388927459,0.4532676339149475,0.1076605096459388
2436,0.0039437287487089,0.4703028202056885,0.4777089953422546,0.0480444580316543
2437,0.0035961777903139,0.6437892913818359,0.3392531275749206,0.013361420482397
2438,0.005290362983942,0.4615715146064758,0.4837227761745453,0.0494153909385204
2439,0.0067373346537351,0.6064755320549011,0.3621430695056915,0.0246441438794136
2440,0.2409349679946899,0.6757187843322754,0.0794519111514091,0.0038943509571254
2441,0.1975705772638321,0.7573654055595398,0.0427276343107223,0.0023363640066236
2442,0.0266419071704149,0.4949023127555847,0.3976651728153229,0.0807905793190002
2443,0.0285995546728372,0.8623326420783997,0.1046128198504448,0.0044549512676894
2444,0.0099803041666746,0.4660829305648803,0.458856999874115,0.0650797560811042
2445,0.0038413924630731,0.1822191327810287,0.5272685289382935,0.2866709232330322
2446,0.0087269656360149,0.4406684339046478,0.4690891206264496,0.0815154612064361
2447,0.0171944200992584,0.5967271327972412,0.3507977724075317,0.0352806597948074
2448,0.0182766932994127,0.1934466511011123,0.3787501156330108,0.409526526927948
2449,0.0055689658038318,0.1873229742050171,0.4783459901809692,0.3287620842456817
2450,0.0110134221613407,0.4005604684352875,0.5143298506736755,0.0740962401032447
2451,0.0023199813440442,0.7064900994300842,0.2854478061199188,0.0057420097291469
2452,0.0179438702762126,0.3281590938568115,0.4485403001308441,0.2053567320108413
2453,0.009368922561407,0.2738000452518463,0.5035953521728516,0.2132357060909271
2454,0.8033939599990845,0.1792614161968231,0.0159103535115718,0.0014343620277941
2455,0.7176663875579834,0.2599215507507324,0.021004881709814,0.0014072393532842
2456,0.0035092341713607,0.6481666564941406,0.3415598571300506,0.0067642265930771
2457,0.0004683172446675,0.4977712333202362,0.4900540113449096,0.0117064574733376
2458,0.0005863324040547,0.62320876121521,0.3721349239349365,0.004069953225553
2459,0.0486391298472881,0.7973576784133911,0.1498190760612487,0.0041841492056846
2460,0.0906328409910202,0.6193631291389465,0.258188933134079,0.0318151228129863
2461,0.0160583537071943,0.6515499949455261,0.3175401091575622,0.0148515496402978
2462,0.0051284520886838,0.5656236410140991,0.4010871946811676,0.0281607415527105
2463,0.1483380645513534,0.7894755601882935,0.0599339976906776,0.0022523943334817
2464,0.0001919211936183,0.958102285861969,0.0414434410631656,0.0002623251639306
2465,0.0031092262361198,0.6018443703651428,0.3825555443763733,0.0124908816069364
2466,0.0167834591120481,0.9021391868591307,0.080069400370121,0.0010079250205308
2467,0.0036583135370165,0.9528926014900208,0.0431961864233017,0.0002528717450331
2468,0.1181949600577354,0.7707279324531555,0.1076177284121513,0.0034593665041029
2469,0.0456151813268661,0.834214448928833,0.1183167770504951,0.0018535738345235
2470,0.0212001632899045,0.7243385314941406,0.2351582944393158,0.0193029679358005
2471,0.0004447050450835,0.7793077230453491,0.2164059430360794,0.0038416655734181
2472,0.0075312270782887,0.8841997385025024,0.1072655990719795,0.0010034388396888
2473,0.0048886584118008,0.8616015911102295,0.132130891084671,0.0013789095683023
2474,0.0275300666689872,0.6265814304351807,0.3200264871120453,0.0258621051907539
2475,0.0773974880576133,0.6183651685714722,0.2743978798389435,0.0298393853008747
2476,0.0031359179411083,0.2233068495988845,0.5702340602874756,0.2033232152462005
2477,0.0002895046782214,0.0324326679110527,0.2845876216888428,0.6826902031898499
2478,0.0123858228325843,0.443490982055664,0.5104550123214722,0.0336681567132473
2479,0.0444182455539703,0.6948183178901672,0.243904173374176,0.0168592650443315
2480,0.0768710002303123,0.6959332227706909,0.2155900597572326,0.011605785228312
2481,0.0016959819477051,0.632788896560669,0.354962408542633,0.0105527536943554
2482,0.0032795167062431,0.1086026802659034,0.3451386094093323,0.5429792404174805
2483,0.1200173422694206,0.3527505695819855,0.3262409269809723,0.2009911984205246
2484,0.3810217082500458,0.5719813108444214,0.0448010377585887,0.0021959315054118
2485,0.0320462435483932,0.7408549785614014,0.2189963012933731,0.0081025576218962
2486,0.0050558079965412,0.4275356829166412,0.5077111721038818,0.0596973560750484
2487,0.0091876965016126,0.2191464602947235,0.4426880478858948,0.3289777934551239
2488,0.0004767478094436,0.1521485596895218,0.7972014546394348,0.0501732714474201
2489,0.0070860795676708,0.7115938067436218,0.2743438482284546,0.0069762207567691
2490,0.2283845841884613,0.5652573108673096,0.1864020824432373,0.0199560243636369
2491,0.9652186036109924,0.0269566401839256,0.0062057706527411,0.0016188720474019
2492,0.0009823474101722,0.5676838755607605,0.4218668043613434,0.0094670243561267
2493,0.0004292700323276,0.8133860230445862,0.1843490302562713,0.001835755072534
2494,0.0032920239027589,0.5365998148918152,0.4379600286483764,0.0221481211483478
2495,0.0127481520175933,0.6852346062660217,0.2856482863426208,0.0163689497858285
2496,0.6253700852394104,0.2818763852119446,0.0782742500305175,0.0144792795181274
2497,0.0035227942280471,0.7489179372787476,0.2393685579299926,0.0081907408311963
2498,0.0020448076538741,0.8645237684249878,0.1325790137052536,0.0008524027653038
2499,0.0024605889338999,0.2394933700561523,0.5656076669692993,0.1924383342266082
2500,0.0027373360935598,0.482441782951355,0.4900391101837158,0.0247818157076835
2501,0.0148153444752097,0.3070201575756073,0.4830105304718017,0.1951538920402526
2502,0.0167876072227954,0.7138271927833557,0.2626023888587951,0.0067828060127794
2503,0.0897758826613426,0.6738054156303406,0.2256965488195419,0.0107222003862261
2504,0.1100655347108841,0.4421728551387787,0.3443645536899566,0.1033969968557357
2505,0.167433276772499,0.5404812097549438,0.2553052604198456,0.0367802083492279
2506,0.001377445878461,0.8473433256149292,0.1495649814605713,0.0017142590368166
2507,0.0004160709795542,0.8658620119094849,0.1327842473983764,0.000937630480621
2508,0.1138387694954872,0.7423219680786133,0.1373157650232315,0.0065234806388616
2509,0.0289377383887767,0.7580668926239014,0.2040309309959411,0.0089644929394125
2510,0.0031394918914884,0.0903269574046135,0.2696664929389953,0.6368670463562012
2511,0.060801800340414,0.4090631008148193,0.3842792212963104,0.1458559483289718
2512,0.0087797380983829,0.8282554149627686,0.1605646312236786,0.0024002469144761
2513,0.0019786371849477,0.130308985710144,0.3275967240333557,0.5401157140731812
2514,0.0013084382517263,0.756126880645752,0.2379258722066879,0.0046388157643377
2515,0.0286229569464921,0.8364854454994202,0.1323512196540832,0.0025404319167137
2516,0.0145896039903163,0.364694207906723,0.4756509065628052,0.1450653225183487
2517,0.0024024466983973,0.5609392523765564,0.4168546795845032,0.0198035798966884
2518,0.0128144519403576,0.8308494091033936,0.1536916941404342,0.002644411753863
2519,0.000632150331512,0.5837640762329102,0.4075329899787903,0.0080707538872957
2520,0.0055582006461918,0.3332937955856323,0.5495085716247559,0.1116394400596618
2521,0.0184469036757946,0.660516083240509,0.2977179288864136,0.0233190711587667
2522,0.0105458674952387,0.9345910549163818,0.0543997175991535,0.0004633530334103
2523,0.0112540759146213,0.8801615238189697,0.1067757084965705,0.0018086946802213
2524,0.0144525542855262,0.6541725993156433,0.3188182413578033,0.0125565975904464
2525,0.034570001065731,0.6032678484916687,0.3384025692939758,0.0237595904618501
2526,0.2128330320119857,0.5876508355140686,0.1820457279682159,0.0174703989177942
2527,0.0025552958250045,0.3974395990371704,0.551790177822113,0.0482148863375186
2528,0.0757891982793808,0.3141374886035919,0.3615700304508209,0.2485032230615615
2529,0.9449348449707032,0.0390021204948425,0.0128615349531173,0.0032014888711273
2530,0.0021122454199939,0.2723605036735534,0.6533588767051697,0.0721683502197265
2531,0.0010592795442789,0.3328157365322113,0.621781587600708,0.0443434007465839
2532,0.0170620772987604,0.7968036532402039,0.1834346204996109,0.0026996126398444
2533,0.0380699224770069,0.8801122903823853,0.0805940255522728,0.0012237556511536
2534,0.0013398356968536,0.8371865749359131,0.1597798615694046,0.0016937109176069
2535,0.0061104306951165,0.6739273071289062,0.3085464239120483,0.0114157879725098
2536,0.0440083295106887,0.8303762674331665,0.1234244108200073,0.0021910457871854
2537,0.0928504541516304,0.7653744220733643,0.1372240781784057,0.0045510823838412
2538,0.0054354583844542,0.8999316692352295,0.0933815613389015,0.0012513136025518
2539,0.0019407426007092,0.5134720802307129,0.4748840630054474,0.0097031025215983
2540,0.0025819074362516,0.8112111687660217,0.1838560998439788,0.0023508535232394
2541,0.9648714661598206,0.0261178743094205,0.0073668840341269,0.0016437743324786
2542,0.034110888838768,0.6537608504295349,0.2901046276092529,0.0220236424356699
2543,0.0411074869334697,0.8256660103797913,0.1306393444538116,0.0025871719699352
2544,0.0869284942746162,0.5002389550209045,0.3384786546230316,0.074353888630867
2545,0.0019148673163726,0.5227081775665283,0.4541367292404175,0.0212402567267417
2546,0.7471721768379211,0.2174394875764846,0.0318184308707714,0.003569928696379
2547,0.0206484515219926,0.7870292663574219,0.1869358420372009,0.0053864712826907
2548,0.0015155944274738,0.0840517580509185,0.2933694720268249,0.6210631728172302
2549,0.0153329828754067,0.3714841604232788,0.4998866021633148,0.1132962703704834
2550,0.0564795322716236,0.5033966302871704,0.3740925788879394,0.0660312622785568
2551,0.2830961942672729,0.5456822514533997,0.1468683779239654,0.024353165179491
2552,0.0067259925417602,0.3504101932048797,0.5343117713928223,0.1085520163178443
2553,0.0296346135437488,0.6640238761901855,0.2682898938655853,0.0380515977740287
2554,0.3031990528106689,0.5664504170417786,0.1206042394042015,0.009746316820383
2555,0.0065650376491248,0.1219526976346969,0.3163212239742279,0.5551610589027405
2556,0.5566026568412781,0.4072192013263702,0.0344876609742641,0.0016904195072129
2557,0.2998903393745422,0.60579514503479,0.0886474177241325,0.0056670396588742
2558,0.0270734224468469,0.8965485692024231,0.0747521147131919,0.0016258852556347
2559,0.0181070622056722,0.9287151098251344,0.0523945242166519,0.000783234660048
2560,0.0188353136181831,0.4422978162765503,0.4354406297206878,0.1034262180328369
2561,0.0972830504179,0.5775960683822632,0.2904335558414459,0.034687340259552
2562,0.0317507162690162,0.769249439239502,0.1944967061281204,0.004503209143877
2563,0.0075051444582641,0.3789725601673126,0.4942733645439148,0.1192490085959434
2564,0.0049393759109079,0.3985624015331268,0.5363243222236633,0.0601739175617694
2565,0.0003494101692922,0.8909081220626831,0.1080794185400009,0.0006630640709772
2566,0.0070833847858011,0.3748409450054168,0.5123468637466431,0.1057287454605102
2567,0.0025108808185905,0.4710709154605865,0.5014523863792419,0.0249658413231372
2568,0.0016869785031303,0.3817683458328247,0.5821272134780884,0.0344174616038799
2569,0.0191682260483503,0.2447234988212585,0.4362668097019195,0.2998415231704712
2570,0.0112627455964684,0.6444358825683594,0.3291456699371338,0.0151556804776191
2571,0.0013450856786221,0.2059652656316757,0.6753341555595398,0.1173554733395576
2572,0.0007297730771824,0.604093074798584,0.3900318145751953,0.0051454012282192
2573,0.0164059810340404,0.6553345918655396,0.3047589063644409,0.023500483483076
2574,0.1238308176398277,0.7238188982009888,0.1318172216415405,0.020533163100481
2575,0.0806161165237426,0.8270156383514404,0.0899337753653526,0.0024343957193195
2576,0.7792819738388062,0.1970333307981491,0.0214263815432786,0.0022583240643143
2577,0.0821915864944458,0.8699432015419006,0.0461052991449832,0.0017599808052182
2578,0.004161340650171,0.278373122215271,0.520069420337677,0.1973960846662521
2579,0.0060003302060067,0.228706493973732,0.540132462978363,0.2251607179641723
2580,0.6876671314239502,0.2822180092334747,0.0283834133297204,0.0017313994467258
2581,0.7406045794487,0.2223698049783706,0.0320354104042053,0.0049901544116437
2582,0.5164037942886353,0.308358758687973,0.1411769390106201,0.0340605229139328
2583,0.0717540234327316,0.2837926745414734,0.3940070867538452,0.2504461407661438
2584,0.7647279500961304,0.2157014161348343,0.0182678941637277,0.0013028057292103
2585,0.947153091430664,0.0416150018572807,0.0092855626717209,0.001946359523572
2586,0.0154631873592734,0.5283253192901611,0.4179397225379944,0.0382717587053775
2587,0.0061148055829107,0.240468218922615,0.493408739566803,0.260008156299591
2588,0.0069978670217096,0.5061612725257874,0.4397605657577514,0.0470803305506706
2589,0.000263893220108,0.6834573745727539,0.3129096031188965,0.0033691627904772
2590,0.004810981452465,0.4468178749084472,0.4682610929012298,0.080110028386116
2591,0.0001994063786696,0.9498836994171144,0.0495615117251873,0.0003554802970029
2592,0.0037993395235389,0.3314832150936126,0.5465234518051147,0.1181939840316772
2593,0.0014178798301145,0.1886300444602966,0.6583835482597351,0.1515685021877288
2594,0.2905550897121429,0.6547759771347046,0.0529140159487724,0.0017549110343679
2595,0.1761460751295089,0.765143632888794,0.0571862533688545,0.0015239622443914
2596,0.0031508251558989,0.8600919842720032,0.1339764893054962,0.002780593233183
2597,0.001201294013299,0.2849031686782837,0.6728513240814209,0.0410441905260086
2598,0.0027604000642895,0.226246640086174,0.6054673790931702,0.1655255556106567
2599,0.0120132379233837,0.9249680042266846,0.0619689933955669,0.0010497049661353
2600,0.002256667939946,0.7666376829147339,0.2266176640987396,0.0044879200868308
2601,0.0137831643223762,0.6238736510276794,0.3287583291530609,0.0335847772657871
2602,0.0173578634858131,0.4476652145385742,0.4547149240970611,0.0802619457244873
2603,0.0052476204000413,0.1271381974220276,0.4168700873851776,0.4507440328598022
2604,0.0197576880455017,0.7299073934555054,0.2369662225246429,0.0133687201887369
2605,0.0065850806422531,0.6310003995895386,0.3539591431617737,0.0084554105997085
2606,0.0035440111532807,0.233401283621788,0.5259779095649719,0.2370768189430236
2607,0.0031134102027863,0.8768567442893982,0.1186696588993072,0.001360148191452
2608,0.1219197213649749,0.648873507976532,0.1978952288627624,0.0313115715980529
2609,0.0371288359165191,0.4523218274116516,0.3868913948535919,0.1236579045653343
2610,0.001047832891345,0.6547307372093201,0.3396698236465454,0.0045515787787735
2611,0.0009303344413638,0.4457079172134399,0.537626326084137,0.0157354138791561
2612,0.029008574783802,0.522286593914032,0.4131627380847931,0.0355420485138893
2613,0.0031909104436635,0.3358135819435119,0.5536630153656006,0.1073324605822563
2614,0.3676478564739227,0.5104284882545471,0.1121262535452842,0.0097974827513098
2615,0.0259417090564966,0.5210531949996948,0.3581142723560333,0.0948908329010009
2616,0.0007964002434164,0.8333648443222046,0.1640992611646652,0.0017394978785887
2617,0.0122495973482728,0.7461062669754028,0.2347727417945861,0.0068714008666574
2618,0.9508913159370422,0.038639485836029,0.0083563746884465,0.0021128226071596
2619,0.3108617067337036,0.637846827507019,0.0499600246548652,0.0013313895324245
2620,0.0069407639093697,0.2159208506345749,0.4865851402282715,0.2905532419681549
2621,0.4438714683055877,0.4951744079589844,0.0591401495039463,0.0018140012398362
2622,0.0023545541334897,0.0869841873645782,0.2679301500320434,0.6427310109138489
2623,0.002042818814516,0.2513460218906402,0.641834557056427,0.1047766059637069
2624,0.0211554113775491,0.3013118505477905,0.4316093027591705,0.2459235489368438
2625,0.0006154350121505,0.789045512676239,0.2090762555599212,0.0012627906398847
2626,0.5750604271888733,0.3952328860759735,0.0273194834589958,0.0023871499579399
2627,0.0907117500901222,0.771480917930603,0.1340632736682891,0.0037441214080899
2628,0.0014450515154749,0.7723168730735779,0.2212724983692169,0.0049655293114483
2629,0.0013963785022497,0.8862571120262146,0.1109280958771705,0.0014183683088049
2630,0.0241900365799665,0.6745635271072388,0.2856281697750091,0.0156182618811726
2631,0.0095666218549013,0.3118914365768432,0.4467638731002807,0.2317780405282974
2632,0.0360351130366325,0.7351825833320618,0.2207418233156204,0.0080405203625559
2633,0.0033483607694506,0.4969407916069031,0.4741842448711395,0.0255265962332487
2634,0.0446288250386714,0.7667264342308044,0.17929008603096,0.0093547105789184
2635,0.104496344923973,0.7721293568611145,0.1184098795056343,0.0049643237143754
2636,0.4392241239547729,0.3937179446220398,0.1517917960882187,0.0152661027386784
2637,0.4895852208137512,0.3933927714824676,0.0994652733206749,0.0175566636025905
2638,0.2791057825088501,0.5296496748924255,0.1719520688056945,0.0192924886941909
2639,0.045270774513483,0.6863664388656616,0.2485854476690292,0.0197773370891809
2640,0.0199535023421049,0.620735228061676,0.3220331966876983,0.0372780486941337
2641,0.0023744299542158,0.6184753179550171,0.3693084716796875,0.009841738268733
2642,0.0026030191220343,0.2380062490701675,0.5983476638793945,0.1610430926084518
2643,0.0053738378919661,0.4073477983474731,0.5312816500663757,0.0559966713190078
2644,0.0147030735388398,0.895544171333313,0.0886708870530128,0.0010818598093464
2645,0.1114389449357986,0.8363956809043884,0.0510204620659351,0.0011449395678937
2646,0.0037879920564591,0.1466554403305053,0.3686917722225189,0.4808647036552429
2647,0.0007872765418142,0.0983909964561462,0.5236504077911377,0.3771712779998779
2648,0.0367890633642673,0.7989716529846191,0.1573268324136734,0.0069124591536819
2649,0.0072953174822032,0.2612186372280121,0.5705539584159851,0.1609321236610412
2650,0.0097670974209904,0.299134761095047,0.5009564757347107,0.1901416331529617
2651,0.0022313906811177,0.5375382900238037,0.438726007938385,0.0215042401105165
2652,0.0037221733946353,0.1418730616569519,0.4438815116882324,0.4105232954025268
2653,0.0087719028815627,0.2523781955242157,0.4864716827869415,0.2523781955242157
2654,0.7964628338813782,0.1777148842811584,0.0229497142136096,0.002872493583709
2655,0.0460068359971046,0.5604779720306396,0.3453004658222198,0.0482147485017776
2656,0.1146516874432563,0.7593962550163269,0.1201539486646652,0.0057980618439614
2657,0.5830590128898621,0.3648690283298492,0.0501572676002979,0.0019146568374708
2658,0.8476678729057312,0.1240412145853042,0.0240464881062507,0.0042444574646651
2659,0.3254737555980682,0.5201056003570557,0.1421889513731002,0.0122317112982273
2660,0.0092572420835495,0.7127681374549866,0.2705362737178802,0.0074384030885994
2661,0.0030627679079771,0.5482980608940125,0.4405698478221893,0.0080693187192082
2662,0.0236151255667209,0.5903038382530212,0.3580373525619507,0.0280436538159847
2663,0.0226527787744998,0.7861577868461609,0.1867288500070572,0.0044605964794754
2664,0.0409138686954975,0.5647985339164734,0.3425676226615906,0.0517199747264385
2665,0.0037120950873941,0.614599883556366,0.3613046109676361,0.0203834138810634
2666,0.0076436903327703,0.7099044919013977,0.2694493532180786,0.0130023546516895
2667,0.0025460051838308,0.5672360062599182,0.408564805984497,0.021653139963746
2668,0.0128678940236568,0.7837659120559692,0.1981670558452606,0.0051990989595651
2669,0.0041565173305571,0.9554452896118164,0.0400569625198841,0.0003411876969039
2670,0.0027424597647041,0.7370128035545349,0.2547048032283783,0.0055399211123585
2671,0.0609795115888118,0.535078227519989,0.3348433971405029,0.069098837673664
2672,0.0085189659148454,0.7789290547370911,0.2031957954168319,0.0093562537804245
2673,0.0019038113532587,0.1159585639834404,0.4376230239868164,0.4445145726203918
2674,0.015348338522017,0.7280591130256653,0.247709646821022,0.0088829360902309
2675,0.1864456385374069,0.6610072255134583,0.145204022526741,0.0073431273922324
2676,0.0322734117507934,0.7345394492149353,0.2205487340688705,0.0126384487375617
2677,0.0191370733082294,0.7886931896209717,0.1873310655355453,0.004838609136641
2678,0.0188276190310716,0.5250270962715149,0.3963112533092499,0.0598340481519699
2679,0.0584314800798893,0.5901370644569397,0.3259046077728271,0.025526825338602
2680,0.276981770992279,0.6749081611633301,0.0459280796349048,0.0021819120738655
2681,0.3767600953578949,0.5568152666091919,0.0634567439556121,0.0029679115395992
2682,0.017228428274393,0.9116998910903932,0.0703027471899986,0.0007688848418183
2683,0.0019316575489938,0.911077916622162,0.0860779657959938,0.0009124504285864
2684,0.021956417709589,0.890857458114624,0.0854929983615875,0.0016930970596149
2685,0.0291555449366569,0.7063741683959961,0.2441163957118988,0.0203538499772548
2686,0.0121429013088345,0.2596266865730285,0.516329288482666,0.2119011133909225
2687,0.0124268652871251,0.4736580848693847,0.4590851664543152,0.0548299066722393
2688,0.0023959050886332,0.696199357509613,0.2947893738746643,0.006615306250751
2689,0.0102321896702051,0.4704377651214599,0.463144302368164,0.0561857782304286
2690,0.0295822769403457,0.6424573063850403,0.3082543611526489,0.0197060424834489
2691,0.006560668349266,0.5130982995033264,0.4388762712478637,0.0414647050201892
2692,0.1027697846293449,0.6101723313331604,0.2504142224788666,0.0366436950862407
2693,0.4847025871276855,0.4145881235599518,0.0896609649062156,0.0110483989119529
2694,0.0015530668897554,0.2531498670578003,0.6364187002182007,0.1088784039020538
2695,0.0142108304426074,0.4352320730686188,0.4352320730686188,0.1153250262141227
2696,0.0292789060622453,0.4952151477336883,0.4105477929115295,0.0649580880999565
2697,0.1546646654605865,0.4764007329940796,0.2981239855289459,0.0708106458187103
2698,0.0015953250695019,0.921914517879486,0.0756753534078598,0.0008148123160935
2699,0.0082224952057003,0.921150803565979,0.0699302852153778,0.0006963685736991
2700,0.0126220379024744,0.3519782423973083,0.4886733591556549,0.1467263400554657
2701,0.0036455257795751,0.3604130446910858,0.5942206382751465,0.0417208336293697
2702,0.0055661192163825,0.5767005085945129,0.3841653764247894,0.0335679911077022
2703,0.0011723636416718,0.368345707654953,0.6072993874549866,0.0231824815273284
2704,0.0010537190828472,0.6687771081924438,0.3259359300136566,0.0042331689037382
2705,0.023270808160305,0.8732306361198425,0.1010837852954864,0.002414699178189
2706,0.0162288919091224,0.5995432138442993,0.3524532616138458,0.031774628907442
2707,0.0043312362395226,0.7999930381774902,0.1930073201656341,0.0026683972682803
2708,0.2766725122928619,0.5250321626663208,0.1843036264181137,0.0139916334301233
2709,0.2215528190135955,0.4764133989810943,0.2433281689882278,0.0587056502699852
2710,0.0010037339525297,0.756518542766571,0.238049104809761,0.0044286819174885
2711,0.0050266031175851,0.7460140585899353,0.2421952933073043,0.0067640338093042
2712,0.1226634308695793,0.7514045834541321,0.1170462593436241,0.0088857086375355
2713,0.0208461377769708,0.6587168574333191,0.3063317835330963,0.0141052026301622
2714,0.0051087834872305,0.8864380717277527,0.1075371354818344,0.0009159543551504
2715,0.0082803117111325,0.1855372339487075,0.4313869774341583,0.3747954964637756
2716,0.0159105025231838,0.2608262300491333,0.4368017315864563,0.286461591720581
2717,0.0308252871036529,0.6799949407577515,0.2704833149909973,0.0186964813619852
2718,0.0304727591574192,0.5660645365715027,0.3598124980926513,0.0436502136290073
2719,0.0795650780200958,0.7667802572250366,0.1486471146345138,0.0050075673498213
2720,0.0263699293136596,0.7127275466918945,0.2424933463335037,0.018409177660942
2721,0.0062470035627484,0.5536190867424011,0.3987568914890289,0.0413770712912082
2722,0.0024005244486033,0.6975417137145996,0.2953577637672424,0.0046999990008771
2723,0.0564966201782226,0.6775990724563599,0.2416054010391235,0.0242988932877779
2724,0.0005745935486629,0.034997709095478,0.2391659617424011,0.7252617478370667
2725,0.0001046690740622,0.0106765367090702,0.0577168017625808,0.9315020442008972
2726,0.9412475228309632,0.0468619540333747,0.0095205847173929,0.0023698608856648
2727,0.0501498542726039,0.5476523041725159,0.3535909056663513,0.0486069060862064
2728,0.0080341519787907,0.5545053482055664,0.4056847691535949,0.0317756868898868
2729,0.0014214902184903,0.7363501787185669,0.2584832310676574,0.0037451277021318
2730,0.0458372682332992,0.8514769673347473,0.0970374941825866,0.0056482595391571
2731,0.0426475740969181,0.7442264556884766,0.2034601867198944,0.0096658142283558
2732,0.0264305341988801,0.3706080317497253,0.4332846701145172,0.1696767061948776
2733,0.0145591031759977,0.6387201547622681,0.3211686611175537,0.0255520213395357
2734,0.0143339103087782,0.3639450967311859,0.4746738970279693,0.1470471173524856
2735,0.0301399547606706,0.244594469666481,0.4160692393779754,0.3091963827610016
2736,0.0220188796520233,0.6536194086074829,0.3087479770183563,0.0156137235462665
2737,0.0048508122563362,0.3793734908103943,0.5350024104118347,0.0807732790708541
2738,0.0542919933795928,0.5071220993995667,0.3710184395313263,0.0675674825906753
2739,0.0096451174467802,0.4947001039981842,0.4365713000297546,0.0590835027396678
2740,0.0039690220728516,0.4516442120075226,0.4960341453552246,0.048352587968111
2741,0.0069845970720052,0.8729098439216614,0.1181355044245719,0.0019700962584465
2742,0.9714444279670716,0.022143280133605,0.0050186403095722,0.0013936260947957
2743,0.9781685471534728,0.0181979145854711,0.0029707278590649,0.0006628589471802
2744,0.0062314392998814,0.5697697997093201,0.3977634012699127,0.0262353438884019
2745,0.0008856914355419,0.3924320638179779,0.5799769759178162,0.0267053376883268
2746,0.0109882866963744,0.381345123052597,0.5212370157241821,0.0864295661449432
2747,0.0013568635331466,0.7719546556472778,0.2246516048908233,0.0020368935074657
2748,0.0800282284617424,0.8209846615791321,0.0965324714779853,0.0024546997155994
2749,0.935525357723236,0.0519604720175266,0.0110630225390195,0.0014511528424918
2750,0.001628809957765,0.744601845741272,0.2494103908538818,0.0043589216656982
2751,0.0495475605130195,0.7750542759895325,0.1702568382024765,0.0051413108594715
2752,0.0014609465142711,0.7567890286445618,0.2381342202425003,0.0036158773582428
2753,0.0056074727326631,0.7818009853363037,0.2071566581726074,0.0054349494166672
2754,0.0055803721770644,0.6654778718948364,0.3192997574806213,0.0096420170739293
2755,0.0022913683205842,0.4366575181484222,0.5105043053627014,0.0505467727780342
2756,0.0020236778073012,0.3917177319526672,0.5524105429649353,0.0538480691611766
2757,0.0091351931914687,0.3170340955257416,0.5309322476387024,0.1428984701633453
2758,0.0073600704781711,0.584682822227478,0.3834443390369415,0.0245127771049737
2759,0.0061390050686895,0.5882562398910522,0.3857878744602203,0.0198169481009244
2760,0.0065347021445631,0.8166835904121399,0.1738819628953933,0.0028997564222663
2761,0.0064604361541569,0.9588137865066528,0.0343833304941654,0.0003423905582167
2762,0.0029154701624065,0.6914432644844055,0.3020691871643066,0.0035721086896955
2763,0.0111528579145669,0.4454993009567261,0.4596409797668457,0.0837068408727645
2764,0.0042052851058542,0.2769514322280884,0.5682674050331116,0.1505758911371231
2765,0.00681659206748,0.8002983331680298,0.1900875270366668,0.0027975237462669
2766,0.007059808820486,0.3245835304260254,0.5351477861404419,0.1332088261842727
2767,0.0561109669506549,0.5846896767616272,0.3081098198890686,0.0510896109044551
2768,0.0034569737035781,0.91462904214859,0.0811779350042343,0.0007360322051681
2769,0.8313307166099548,0.1378481388092041,0.0267230831086635,0.0040981173515319
2770,0.0026575664523988,0.2111166566610336,0.5649774074554443,0.2212483286857605
2771,0.0067397910170257,0.4724958539009094,0.4724958539009094,0.0482684895396232
2772,0.2057278156280517,0.4287735819816589,0.2683196663856506,0.0971789434552192
2773,0.0091725336387753,0.4351055026054382,0.4930391311645508,0.062682881951332
2774,0.0011370518477633,0.5362973213195801,0.4516076743602752,0.0109579330310225
2775,0.0169582106173038,0.8170924186706543,0.1634287536144256,0.0025206131394952
2776,0.0005177216953597,0.4932704269886017,0.4932704269886017,0.0129414126276969
2777,0.0008478426025249,0.8598987460136414,0.1381983011960983,0.0010551570449024
2778,0.2141106724739074,0.6392163634300232,0.138240247964859,0.0084327086806297
2779,0.0388283990323543,0.8046455979347229,0.1511884182691574,0.0053376043215394
2780,0.0205231569707393,0.7822535634040833,0.1916994899511337,0.0055237337946891
2781,0.1083655282855033,0.8007189631462097,0.0884453654289245,0.0024701035581529
2782,0.0033215847797691,0.0926257371902465,0.2808840870857239,0.6231685876846313
2783,0.0055520292371511,0.2552615106105804,0.5403885841369629,0.1987978667020797
2784,0.3664189279079437,0.6041226387023926,0.0282551944255828,0.0012032513041049
2785,0.0483476594090461,0.884186327457428,0.0650588870048523,0.0024070879444479
2786,0.0094839017838239,0.5598790645599365,0.3970136940479278,0.0336233489215374
2787,0.0018588844686746,0.3433418571949005,0.5932415127754211,0.0615578033030033
2788,0.0976326540112495,0.780033528804779,0.1177674531936645,0.0045663397759199
2789,0.0477302111685276,0.6486800312995911,0.287850022315979,0.0157397538423538
2790,0.0004318860883358,0.8711216449737549,0.1274732500314712,0.000973270391114
2791,0.0014015524648129,0.88954097032547,0.1079135686159133,0.0011439138324931
2792,0.0079961456358432,0.6553763747215271,0.3244348168373108,0.0121926665306091
2793,0.0009433689992874,0.1008442416787147,0.4245701134204864,0.4736422002315521
2794,0.9026733040809632,0.0907842442393302,0.0054520172998309,0.0010904720984399
2795,0.677300751209259,0.2958907783031463,0.0242881942540407,0.0025202685501426
2796,0.0145108522847294,0.4657489359378814,0.4375306367874145,0.0822095721960067
2797,0.2385272681713104,0.5375295281410217,0.1916620582342147,0.0322811566293239
2798,0.0023356529418379,0.8315500020980835,0.1637418866157531,0.0023724338971078
2799,0.0015212005237117,0.2990915775299072,0.6136960983276367,0.0856911763548851
2800,0.0003964739735238,0.025307610630989,0.1869993507862091,0.7872966527938843
2801,0.0089687006548047,0.2073412090539932,0.4254365563392639,0.3582535088062286
2802,0.0077904043719172,0.8071566820144653,0.180100992321968,0.0049518821761012
2803,0.0045589255169034,0.2568100988864898,0.6456205248832703,0.0930104553699493
2804,0.0084288083016872,0.7951496839523315,0.191838800907135,0.0045826635323464
2805,0.8209424018859863,0.1616531312465667,0.0160058308392763,0.0013985738623887
2806,0.0144485086202621,0.5254952907562256,0.4029112160205841,0.0571449622511863
2807,0.1016135588288307,0.7508282661437988,0.1432980895042419,0.0042601400054991
2808,0.0135103408247232,0.312336266040802,0.5069718360900879,0.1671815663576126
2809,0.0879090651869773,0.4128886759281158,0.358723908662796,0.1404782980680465
2810,0.0064977700822055,0.1869486570358276,0.4627023637294769,0.3438512086868286
2811,0.0051206783391535,0.2752451002597809,0.5473902821540833,0.172243982553482
2812,0.0030607595108449,0.2047496885061264,0.574234664440155,0.2179548889398574
2813,0.0719199627637863,0.810319721698761,0.1149277761578559,0.0028325545135885
2814,0.5597904920578003,0.361427903175354,0.0545674487948417,0.0242141615599393
2815,0.7531799077987671,0.2191878259181976,0.0261782556772232,0.0014539792900905
2816,0.0037350421771407,0.722981870174408,0.2659702003002167,0.0073128580115735
2817,0.0048015872016549,0.820219099521637,0.1719272583723068,0.0030520744621753
2818,0.919685423374176,0.0687365904450416,0.0102167828008532,0.00136125436984
2819,0.0093515589833259,0.3401181995868683,0.5435072779655457,0.1070229262113571
2820,0.0043827127665281,0.640367865562439,0.3427642583847046,0.0124851865693926
2821,0.0010680891573429,0.0797081068158149,0.3572269380092621,0.5619968771934509
2822,0.0014646002091467,0.3997971415519714,0.5638043880462646,0.0349338874220848
2823,0.016608016565442,0.3899956047534942,0.5007643103599548,0.0926320776343345
2824,0.0098547050729393,0.2107028812170028,0.4823037087917328,0.2971386909484863
2825,0.0013898737961426,0.778475821018219,0.2161749303340912,0.0039593819528818
2826,0.0442523807287216,0.5225178599357605,0.3591209352016449,0.0741087943315506
2827,0.0224193111062049,0.4945620894432068,0.4230214059352875,0.0599971897900104
2828,0.0032683440949767,0.1729553341865539,0.5760292410850525,0.2477471083402633
2829,0.0014720389153808,0.1031979024410247,0.3546117544174194,0.5407183170318604
2830,0.0032813646830618,0.4231109917163849,0.5348623394966125,0.0387453027069568
2831,0.0212365016341209,0.5830199718475342,0.3648445904254913,0.0308989267796278
2832,0.0020469080191105,0.9357331395149232,0.0617182925343513,0.0005016163922846
2833,0.0056564277037978,0.9077032804489136,0.0857591331005096,0.0008811014704406
2834,0.0022233391646295,0.08213672041893,0.2490765452384948,0.6665633916854858
2835,0.0041073714382946,0.3162500560283661,0.5816728472709656,0.0979696959257125
2836,0.005257180891931,0.3202077448368072,0.5279332995414734,0.1466017812490463
2837,0.0062927766703069,0.1648485958576202,0.4144293069839477,0.4144293069839477
2838,0.0016562633682042,0.2309183627367019,0.647626519203186,0.119798868894577
2839,0.0033355941995978,0.5787674784660339,0.3977806866168976,0.0201162062585353
2840,0.0031235828064382,0.5419808030128479,0.4287421405315399,0.0261534359306097
2841,0.9557430148124696,0.0370581783354282,0.0062416153959929,0.0009571827831678
2842,0.0026424713432788,0.926199436187744,0.0703135579824447,0.0008445846033282
2843,0.0031464269850403,0.4455870389938354,0.5209439992904663,0.0303225740790367
2844,0.0038586920127272,0.7239362001419067,0.2663212716579437,0.0058838031254708
2845,0.0150835253298282,0.7981951236724854,0.1809061020612716,0.0058152168057858
2846,0.0129639990627765,0.3970456421375274,0.4569967091083526,0.1329936236143112
2847,0.0037557492032647,0.3434057831764221,0.5841529369354248,0.0686854794621467
2848,0.9772473573684692,0.0170792583376169,0.0044553908519446,0.0012180361663922
2849,0.9719131588935852,0.0214723590761423,0.0053448928520083,0.0012695234036073
2850,0.1769414991140365,0.8054846525192261,0.0172479655593633,0.0003259354853071
2851,0.0110580492764711,0.7752291560173035,0.2086500972509384,0.0050627440214157
2852,0.0023376317694783,0.8998817801475525,0.096340462565422,0.001440173247829
2853,0.0011252333642914,0.2144315242767334,0.6502555012702942,0.1341878026723861
2854,0.00145726185292,0.2129237800836563,0.6661795377731323,0.1194394156336784
2855,0.0115804467350244,0.6944138407707214,0.2849868535995483,0.0090188616886734
2856,0.0078807901591062,0.6260486841201782,0.3567117750644684,0.0093586696311831
2857,0.0034064140636473,0.1517956405878067,0.5381622910499573,0.3066356182098388
2858,0.0022497768513858,0.7885580658912659,0.2057076692581176,0.0034845226909965
2859,0.0273627452552318,0.7630376815795898,0.1990502774715423,0.010549277998507
2860,0.0195349138230085,0.926652193069458,0.0531014017760753,0.0007115592015907
2861,0.0033623955678194,0.8099954724311829,0.1835805773735046,0.0030614959541708
2862,0.0007026573293842,0.8331710696220398,0.1640610992908477,0.0020652248058468
2863,0.0077780648134648,0.368957906961441,0.5285078287124634,0.0947562307119369
2864,0.0006989045068621,0.1037266254425048,0.5607408285140991,0.3348336219787597
2865,0.000968023261521,0.2295798510313034,0.654012143611908,0.1154399961233139
2866,0.000478814006783,0.355289101600647,0.6235518455505371,0.0206803083419799
2867,0.5967602133750916,0.3563417792320251,0.0439099259674549,0.0029881079681217
2868,0.8130437135696411,0.1480662673711776,0.0346235781908035,0.0042664618231356
2869,0.7511138319969177,0.1959397494792938,0.0451078899204731,0.0078385761007666
2870,0.0077819097787141,0.3691402673721313,0.520571231842041,0.102506548166275
2871,0.0058589298278093,0.3858570158481598,0.5274040102958679,0.0808800309896469
2872,0.0022698091343045,0.8468899130821228,0.1494849473237991,0.0013553649187088
2873,0.0115052871406078,0.6583137512207031,0.3158623874187469,0.014318561181426
2874,0.0573355853557586,0.9110032320022584,0.0311728157103061,0.0004883594810962
2875,0.0191269256174564,0.6043914556503296,0.3390328884124756,0.0374487042427063
2876,0.4534248411655426,0.4678180813789367,0.0751852095127105,0.0035718348808586
2877,0.0018701590597629,0.910071849822998,0.0873369500041008,0.0007210106123238
2878,0.0247125122696161,0.3926563262939453,0.4312486052513122,0.1513825058937072
2879,0.0017653737450018,0.8197401165962219,0.1772812306880951,0.0012133222771808
2880,0.0029324265196919,0.3497015833854675,0.5856399536132812,0.0617259964346885
2881,0.014338556677103,0.5465234518051147,0.3815348446369171,0.0576031468808651
2882,0.0079645114019513,0.5760794281959534,0.3959332406520843,0.0200227797031402
2883,0.0091422060504555,0.3430587649345398,0.5070079565048218,0.1407910287380218
2884,0.0034969584085047,0.6067661643028259,0.3738178014755249,0.0159190818667411
2885,0.0039968527853488,0.6617463231086731,0.3225094079971313,0.0117474040016531
2886,0.3405681550502777,0.5527967214584351,0.0991109907627105,0.0075241313315927
2887,0.855492353439331,0.1353585571050644,0.0086531825363636,0.0004958668723702
2888,0.0045269671827554,0.8626872897148132,0.1302462965250015,0.0025393983814865
2889,0.0006628866540268,0.978209376335144,0.0209465455263853,0.0001812231203075
2890,0.3435145318508148,0.612380862236023,0.03509221971035,0.0090124271810054
2891,0.1352027356624603,0.7780380845069885,0.0846077129244804,0.0021514680702239
2892,0.969173014163971,0.023516284301877,0.0058536655269563,0.0014570925850421
2893,0.9751078486442566,0.0190115775913,0.0045867566950619,0.001293753972277
2894,0.2058931291103363,0.7414496541023254,0.049674030393362,0.0029831572901457
2895,0.1334975510835647,0.7104923129081726,0.1443452686071396,0.0116648860275745
2896,0.013476250693202,0.4325417876243591,0.4604383409023285,0.0935437232255935
2897,0.0660428181290626,0.3406747877597809,0.4109322428703308,0.1823500692844391
2898,0.0041232691146433,0.2472490817308426,0.5839242339134216,0.1647033840417862
2899,0.0099121564999222,0.2477727234363556,0.4701899886131286,0.272125095129013
2900,0.0019910503178834,0.4722045660018921,0.5026591420173645,0.0231451988220214
2901,0.0803821831941604,0.6523247361183167,0.2475945502519607,0.0196985006332397
2902,0.0915022939443588,0.3453260362148285,0.3295124173164367,0.2336592972278595
2903,0.0019999116193503,0.087737813591957,0.3470097780227661,0.5632524490356445
2904,0.008599679917097,0.3127721548080444,0.5237947702407837,0.154833436012268
2905,0.0092111611738801,0.7432562708854675,0.2412999719381332,0.0062325838953256
2906,0.0006328315939754,0.039151906967163,0.2553024888038635,0.7049127817153931
2907,0.0021120274905115,0.1412842124700546,0.5332009792327881,0.3234027624130249
2908,0.0015669519780203,0.0803693011403083,0.360190212726593,0.557873547077179
2909,0.0212625339627265,0.3710443675518036,0.4690439999103546,0.1386491358280182
2910,0.0025330688804388,0.7835278511047363,0.2108836621046066,0.0030554642435163
2911,0.0014504422433674,0.96474951505661,0.0335317775607109,0.0002683048369362
2912,0.001380756846629,0.3173901438713074,0.6512423157691956,0.0299867875874042
2913,0.0080862343311309,0.5409290790557861,0.4147447049617767,0.0362399891018867
2914,0.018096175044775,0.3361560702323913,0.47405606508255,0.1716917306184768
2915,0.0078516062349081,0.366672158241272,0.5252336263656616,0.1002425923943519
2916,0.0128794265910983,0.5829674005508423,0.3427088260650635,0.0614443086087703
2917,0.048086043447256,0.8391310572624207,0.1100700423121452,0.0027128285728394
2918,0.0068168779835104,0.6041222810745239,0.372188925743103,0.0168719366192817
2919,0.0920547172427177,0.8077545166015625,0.0979917421936988,0.0021990118548274
2920,0.0023323965724557,0.7328171730041504,0.2612940371036529,0.0035564801655709
2921,0.0076795332133769,0.4325979351997375,0.4901976883411407,0.0695248171687126
2922,0.0056031933054327,0.2238188087940216,0.5989701151847839,0.1716078221797943
2923,0.0077736899256706,0.2307581156492233,0.5119591951370239,0.2495089918375015
2924,0.0115535771474242,0.8099683523178101,0.1751679480075836,0.0033101555891335
2925,0.0107492785900831,0.4033637046813965,0.4790062308311462,0.1068807393312454
2926,0.0141110187396407,0.387399286031723,0.4974305331707001,0.1010591462254524
2927,0.0068177762441337,0.6954320669174194,0.2854047417640686,0.012345396913588
2928,0.12152761220932,0.8049389719963074,0.0714423954486846,0.002090997993946
2929,0.0041058678179979,0.6692563891410828,0.321112722158432,0.0055250492878258
2930,0.0012329757446423,0.144756868481636,0.6190465688705444,0.2349635809659958
2931,0.0010760861914604,0.4078218638896942,0.5487843155860901,0.0423177033662796
2932,0.0651806443929672,0.7459529638290405,0.1828036457300186,0.0060627446509897
2933,0.0073931124061346,0.8153960108757019,0.1736078113317489,0.0036031154450029
2934,0.3638695478439331,0.6189630031585693,0.0167545601725578,0.0004129393782932
2935,0.0020688162185251,0.1221318766474723,0.5918341875076294,0.283965140581131
2936,0.0032839486375451,0.4104161262512207,0.5437130331993103,0.0425868965685367
2937,0.0125529067590832,0.7527267336845398,0.229568675160408,0.0051517025567591
2938,0.0093854293227195,0.2420534193515777,0.5540657639503479,0.1944953948259353
2939,0.0266594886779785,0.6768977046012878,0.2821729481220245,0.0142697971314191
2940,0.0057372013106942,0.5084396600723267,0.4557623565196991,0.0300607848912477
2941,0.0062299636192619,0.237459123134613,0.4872344732284546,0.269076406955719
2942,0.8734486699104309,0.1163757741451263,0.0092587992548942,0.0009167452226392
2943,0.0008963988511823,0.8675127625465393,0.1309748291969299,0.0006160853081382
2944,0.9523596167564392,0.0357908681035041,0.0093366056680679,0.0025129131972789
2945,0.9567903876304626,0.0343107730150222,0.0070804273709654,0.001818404183723
2946,0.9835718870162964,0.0125763202086091,0.0029408265836536,0.0009110256214626
2947,0.9712724089622498,0.0221393592655658,0.0052585587836802,0.0013295719400048
2948,0.0210772883147001,0.8160258531570435,0.158193826675415,0.0047029787674546
2949,0.0072128721512854,0.2749233245849609,0.5729894042015076,0.1448744088411331
2950,0.1818749606609344,0.7657221555709839,0.0505048520863056,0.0018980355234816
2951,0.0234189443290233,0.8926283717155457,0.0817401483654975,0.0022126045078039
2952,0.0598569773137569,0.4286788403987884,0.3609837889671325,0.1504804342985153
2953,0.0474784076213836,0.4720807075500488,0.3734466135501861,0.1069942340254783
2954,0.011397267691791,0.5406372547149658,0.4210487306118011,0.0269167441874742
2955,0.0021439255215227,0.6427549123764038,0.3440419435501098,0.0110592087730765
2956,0.2530174851417541,0.7096050381660461,0.0364506244659423,0.0009268936701118
2957,0.2413192987442016,0.7317916750907898,0.0262422561645507,0.000646776810754
2958,0.0135052585974335,0.2798711061477661,0.4267524778842926,0.2798711061477661
2959,0.0032338120508939,0.3796639740467071,0.57891845703125,0.0381838120520114
2960,0.0560939982533454,0.349028617143631,0.4080557525157928,0.1868215501308441
2961,0.0108541250228881,0.2933657467365265,0.5312168002128601,0.1645632833242416
2962,0.0532236211001873,0.7944319248199463,0.1446768045425415,0.0076675899326801
2963,0.2898431122303009,0.6232606172561646,0.0843491479754448,0.0025471237022429
2964,0.4238870143890381,0.5275359153747559,0.046095572412014,0.0024814472999423
2965,0.001978984568268,0.8366944193840027,0.1596859246492386,0.0016406360082328
2966,0.0014410057337954,0.2877857387065887,0.6485351920127869,0.0622380338609218
2967,0.01769326813519,0.695797860622406,0.2682539820671081,0.0182549115270376
2968,0.0017567615723237,0.6554664373397827,0.3347795307636261,0.0079972445964813
2969,0.0286790467798709,0.5583113431930542,0.3493823409080505,0.0636272430419921
2970,0.3924574255943298,0.5448731184005737,0.0601852908730506,0.0024841437116265
2971,0.0041023599915206,0.8858630061149597,0.1074673756957054,0.0025671911425888
2972,0.001588987535797,0.8900005221366882,0.1079693138599395,0.0004412458802107
2973,0.067672312259674,0.6942291855812073,0.2253832221031189,0.0127152511849999
2974,0.0014935171930119,0.1408941596746444,0.540102481842041,0.3175098598003387
2975,0.0007782993488945,0.0341446474194526,0.1506532579660415,0.8144237995147705
2976,0.0062536098994314,0.819061279296875,0.1716845780611038,0.0030005150474607
2977,0.0241825096309185,0.5951150059700012,0.3553594052791595,0.0253430549055337
2978,0.0131787927821278,0.7195376753807068,0.2525815069675445,0.0147020053118467
2979,0.0012660414213314,0.6981228590011597,0.2956038415431976,0.0050072907470166
2980,0.0063027557916939,0.4488155543804168,0.4929274618625641,0.0519541688263416
2981,0.0055125271901488,0.6573871374130249,0.3254302442073822,0.0116700194776058
2982,0.0013543509412556,0.2540922462940216,0.6694439053535461,0.0751095190644264
2983,0.0015876237303018,0.4135334193706512,0.5652331709861755,0.0196457970887422
2984,0.0142408991232514,0.3672776222229004,0.5099144577980042,0.1085670515894889
2985,0.0118481144309043,0.6368560791015625,0.3355996012687683,0.0156962014734745
2986,0.0493857488036155,0.7970456480979919,0.149760439991951,0.0038082201499491
2987,0.0012941127642989,0.747848391532898,0.2466142475605011,0.0042432323098182
2988,0.0086397295817732,0.2028813511133194,0.4034777283668518,0.3850011527538299
2989,0.001301230979152,0.3389358222484588,0.6332154870033264,0.0265475045889616
2990,0.007436481770128,0.8868250846862793,0.104274071753025,0.0014643300091847
2991,0.0220769885927438,0.9241836667060852,0.0529599413275718,0.0007794130360707
2992,0.63612961769104,0.3100247979164123,0.0506101623177528,0.003235399024561
2993,0.0048992140218615,0.9336249232292176,0.0606245435774326,0.0008513557841069
2994,0.6490008234977722,0.3162977397441864,0.0328206829726696,0.0018807750893756
2995,0.0288511384278535,0.7797897458076477,0.1852163076400756,0.0061427620239555
2996,0.0064030042849481,0.2440546751022339,0.5166637301445007,0.2328785955905914
2997,0.0073259617201983,0.9746217131614684,0.0178508199751377,0.0002014275378314
2998,0.0426278114318847,0.8562024831771851,0.0991126373410224,0.0020570170599967
2999,0.0019087285036221,0.8326075077056885,0.1639501303434372,0.0015337064396589
3000,0.0007180898101069,0.9351568818092346,0.0626516044139862,0.0014734244905412
3001,0.0011110652703791,0.7506536245346069,0.2437015324831009,0.0045338398776948
3002,0.0002049276081379,0.8750460743904114,0.1241079196333885,0.0006411617505364
3003,0.0003934869600925,0.520501434803009,0.473921924829483,0.0051831738092005
3004,0.0009417471010237,0.6462791562080383,0.3459283411502838,0.0068507394753396
3005,0.0002574351383373,0.5976543426513672,0.3981236517429352,0.0039645307697355
3006,0.0002150055224774,0.9180790185928344,0.0814841389656066,0.0002218305307906
3007,8.07668111519888e-05,0.8945410847663879,0.1051813289523124,0.0001968005963135
3008,0.0001031779174809,0.8492253422737122,0.1498971730470657,0.0007743932656012
3009,0.0003509142261464,0.7896078824996948,0.2092252820730209,0.0008158999844454
3010,0.0001820433244574,0.5867591500282288,0.4096238911151886,0.0034349055495113
3011,0.0002960672718472,0.9693070650100708,0.030199684202671,0.0001972233294509
3012,0.0001804015337256,0.9586775898933412,0.0408254154026508,0.000316614517942
3013,0.0001468494447181,0.9267210960388184,0.0725864097476005,0.0005456118960864
3014,0.0011070623295381,0.8343974947929382,0.1617553234100341,0.0027400052640587
3015,0.0002096618700306,0.9093598127365112,0.0900388211011886,0.0003916999557986
3016,0.0001644510484766,0.974922239780426,0.0247910507023334,0.0001222096470883
3017,0.0103919431567192,0.9209500551223756,0.0677639842033386,0.0008939600083976
3018,0.0008675297140143,0.9077957272529602,0.089883953332901,0.0014528387691825
3019,0.0028149408753961,0.5800220966339111,0.3924626111984253,0.0247003212571144
3020,0.0007178818923421,0.2596084773540497,0.6629334688186646,0.0767401233315467
3021,0.0008601634763181,0.8324450850486755,0.163918137550354,0.0027766416314989
3022,0.0004041948122903,0.9383675456047058,0.0609325021505355,0.0002957152610179
3023,0.0019108997657895,0.4461696147918701,0.5135380625724792,0.0383814461529254
3024,0.0004635916557163,0.6527856588363647,0.3386607468128204,0.0080899614840745
3025,0.0011675714049488,0.3726169466972351,0.5681729912757874,0.0580425225198268
3026,0.0002174096152884,0.425027072429657,0.5630694031715393,0.0116861322894692
3027,0.0099550001323223,0.841827392578125,0.1462876498699188,0.001929864869453
3028,0.0017994499066844,0.9034591913223268,0.0937475934624672,0.0009937505237758
3029,0.000181070936378,0.8491693139076233,0.149887278676033,0.0007623371202498
3030,0.0016501593636348,0.9242631793022156,0.0735339298844337,0.0005527341272681
3031,0.0017030638409778,0.1683725118637085,0.5435131192207336,0.286411315202713
3032,0.0051243426278233,0.4987610876560211,0.4401551187038421,0.055959440767765
3033,0.0002719177864491,0.2472115904092788,0.6615724563598633,0.0909440591931343
3034,2.8521941203507595e-05,0.8453860878944397,0.1539562493562698,0.0006291840109042
3035,0.0001536497875349,0.4170351922512054,0.570019543170929,0.0127916894853115
3036,0.0004158637893851,0.1100271865725517,0.6041681170463562,0.2853888273239136
3037,0.0003172933647874,0.2884643375873565,0.6603014469146729,0.0509169809520244
3038,0.001852094894275,0.8600085973739624,0.1360731273889541,0.0020661612506955
3039,0.0004956782213412,0.6159536242485046,0.3735947608947754,0.0099559621885418
3040,0.0043674018234014,0.6687553524971008,0.315897673368454,0.0109796468168497
3041,0.0002107254695147,0.6792069673538208,0.3158605992794037,0.0047217332758009
3042,0.0002962616563308,0.8427014946937561,0.155884101986885,0.0011180798755958
3043,0.0007679707487113,0.6873690485954285,0.3050181865692138,0.0068448483943939
3044,0.0006442688754759,0.8522337675094604,0.1458000093698501,0.0013219539541751
3045,0.0012243970995768,0.3139781951904297,0.6147394180297852,0.0700579956173896
3046,0.0008463954436592,0.94280207157135,0.0557418577373027,0.000609635724686
3047,0.0005101534770801,0.2482549548149109,0.6854538917541504,0.0657810196280479
3048,8.579972927691415e-05,0.8927088975906372,0.1066188812255859,0.0005863347323611
3049,0.0001115239210776,0.9179187417030334,0.0814699158072471,0.0004998155636712
3050,0.000666708976496,0.2161231338977813,0.6657060980796814,0.1175041049718856
3051,0.0003461802843958,0.8422521352767944,0.1558009833097458,0.0016007213853299
3052,0.0003700214147102,0.7463395595550537,0.2499924302101135,0.0032979652751237
3053,8.732235437491909e-05,0.0711632296442985,0.8805979490280151,0.0481514483690261
3054,0.0068208812735974,0.7641305923461914,0.2258765697479248,0.0031720043625682
3055,0.00239845411852,0.9526039958000184,0.0445538833737373,0.0004436693561729
3056,0.0016361608868464,0.902214765548706,0.095092736184597,0.0010563848773017
3057,0.0002084642037516,0.9041652083396912,0.0952983126044273,0.000327960238792
3058,0.001817509997636,0.7332358360290527,0.2614433169364929,0.0035033421590924
3059,0.0004539962974376,0.860237717628479,0.138252779841423,0.0010555729968473
3060,0.0014922256814315,0.5655330419540405,0.4073381721973419,0.0256365407258272
3061,0.000215978725464,0.8800023198127747,0.1190953627228736,0.0006863789749331
3062,5.066299854661338e-05,0.939704656600952,0.0600733049213886,0.0001713907113298
3063,0.0020133338402956,0.9061155915260316,0.0911304429173469,0.0007406640797853
3064,0.0022251550108194,0.2416104078292846,0.6365586519241333,0.1196058243513107
3065,0.0011129429331049,0.9505187273025512,0.0480687767267227,0.0002995445684064
3066,9.83049103524536e-05,0.9026353359222412,0.0966352522373199,0.0006310902535915
3067,9.633925219532102e-05,0.7107853889465332,0.2871832549571991,0.0019350254442542
3068,8.99962687981315e-05,0.6744434833526611,0.3236015141010284,0.0018650033744052
3069,0.0023665491025894,0.5110322833061218,0.4439925253391266,0.0426086708903312
3070,0.000784664764069,0.915986180305481,0.0825786590576171,0.0006505099590867
3071,7.764157635392621e-05,0.5639540553092957,0.4323985874652862,0.0035696686245501
3072,0.0004884033696725,0.2569833695888519,0.6665641069412231,0.0759641304612159
3073,0.0007475892780348,0.6587528586387634,0.3364580869674682,0.004041429143399
3074,0.0002696399751584,0.6875141263008118,0.3098869025707245,0.0023293339181691
3075,0.0011269857641309,0.7265422344207764,0.2672799825668335,0.0050508002750575
3076,8.461140532745048e-05,0.5339562296867371,0.4639092087745666,0.0020499469246715
3077,0.000108953572635,0.8424307703971863,0.1558340340852737,0.0016262739663943
3078,0.0011456158244982,0.9784232974052428,0.0203065276145935,0.0001245799503521
3079,0.0003600732889026,0.7493283748626709,0.2471022754907608,0.0032092982437461
3080,0.0002013644552789,0.7587984800338745,0.2387665212154388,0.0022335923276841
3081,0.0013258110266178,0.8284233212471008,0.1656950861215591,0.0045557916164398
3082,0.0001407180679962,0.9453006982803344,0.0541700460016727,0.0003885350306518
3083,0.0011642494937404,0.8373160362243652,0.1573270261287689,0.004192623309791
3084,0.0021597088780254,0.8989464044570923,0.0977558866143226,0.0011380865471437
3085,0.020046591758728,0.9509239792823792,0.0287154149264097,0.0003140537883155
3086,0.0033798534423112,0.568403959274292,0.415853202342987,0.0123629905283451
3087,0.0001859992044046,0.227548211812973,0.7345346212387085,0.0377311930060386
3088,0.000912137213163,0.2529103457927704,0.6559995412826538,0.0901779681444168
3089,0.0004633516946341,0.6945270299911499,0.2987123727798462,0.0062972060404717
3090,0.0004955847980454,0.7907510995864868,0.2030816823244094,0.0056716678664088
3091,2.313587356184144e-05,0.8805124759674072,0.1191644072532653,0.0003000305441673
3092,0.0001355502026854,0.939489722251892,0.0600595660507679,0.0003151636919938
3093,0.0003543108468875,0.1185007616877555,0.74894779920578,0.1321971416473388
3094,0.0002250742254545,0.6014238595962524,0.3944233953952789,0.0039276839233934
3095,0.0001217789467773,0.6782068014144897,0.3203622102737427,0.0013092471053823
3096,0.0008046678267419,0.4103659093379974,0.5609037280082703,0.0279257521033287
3097,0.0004078359343111,0.9768759608268738,0.022617744281888,9.83950012596324e-05
3098,0.0001889668346848,0.8861986994743347,0.112667515873909,0.0009447747725062
3099,0.0004271588404662,0.8615866899490356,0.1363228261470794,0.0016632536426186
3100,7.86638556746766e-05,0.956880509853363,0.0427044667303562,0.000336402648827
3101,0.0007351032691076,0.9877015948295592,0.0114989494904875,6.423260492738336e-05
3102,0.0002250270044896,0.4538833498954773,0.5389997959136963,0.0068918541073799
3103,0.0002044504799414,0.4059867262840271,0.5815491676330566,0.0122597375884652
3104,0.0001999312371481,0.6245885491371155,0.3729588687419891,0.0022526180837303
3105,0.0002537399413995,0.8982331156730652,0.1007789596915245,0.0007342208409681
3106,0.0002567688934504,0.923269510269165,0.0757865756750106,0.0006871492951177
3107,0.0044479151256382,0.239082932472229,0.5387817025184631,0.2176874876022339
3108,0.0001329233782598,0.9212833046913148,0.0780240893363952,0.0005596283008344
3109,0.0002050074544968,0.9318446516990662,0.0675026029348373,0.0004477774782571
3110,0.0002737016766332,0.7664607763290405,0.2301332354545593,0.0031323500443249
3111,9.15699201868847e-05,0.967748761177063,0.0320957154035568,6.392610521288589e-05
3112,8.642012835480273e-05,0.7571718692779541,0.2420066744089126,0.0007349816150963
3113,8.082645945250988e-05,0.9529373049736024,0.0467084050178527,0.0002734323788899
3114,7.133078179322183e-05,0.518115222454071,0.479178249835968,0.0026351697742938
3115,0.00116643961519,0.6332283020019531,0.3552088737487793,0.0103963632136583
3116,0.0030920971184968,0.5711200833320618,0.4049847722053528,0.0208030492067337
3117,0.000170696832356,0.7758885025978088,0.2222957909107208,0.0016450304538011
3118,0.0002083111612591,0.8621270060539246,0.1364083141088485,0.0012562769697979
3119,0.0005566158215515,0.3819806277751922,0.600939929485321,0.0165228620171546
3120,0.0002277344610774,0.8188697099685669,0.1798818111419677,0.0010206351289525
3121,0.0005494831129908,0.0968436375260353,0.5074244141578674,0.3951825201511383
3122,0.0032634963281452,0.3772088885307312,0.575174868106842,0.0443527251482009
3123,0.0024903547018766,0.1947662383317947,0.6486706137657166,0.1540727913379669
3124,0.0004126833227928,0.8860738277435303,0.1109051555395126,0.0026082389522343
3125,0.0002184953482355,0.947672963142395,0.0518191382288932,0.0002894593344535
3126,0.0001302858145209,0.9030026197433472,0.0966745689511299,0.0001925499818753
3127,0.0001735699333949,0.8801349997520447,0.1191133186221122,0.000578076171223
3128,0.0006366453017108,0.5522950291633606,0.4301277995109558,0.0169405024498701
3129,0.0001889122358988,0.9140655398368835,0.0850213393568992,0.0007241746061481
3130,0.0005718872998841,0.5984311699867249,0.3924607634544372,0.0085361618548631
3131,0.0001221627317136,0.959438979625702,0.0402243994176387,0.0002144022582797
3132,0.0008521496201865,0.5757260322570801,0.4146799147129059,0.0087419375777244
3133,0.0002157633134629,0.921314775943756,0.0780267491936683,0.0004427176027093
3134,9.451886580791324e-05,0.9238449335098268,0.0758338123559951,0.0002267390082124
3135,4.5891367335570976e-05,0.6325578689575195,0.3660964071750641,0.0012998796300962
3136,0.0004184836579952,0.176930621266365,0.6782443523406982,0.1444065421819687
3137,0.0009282729588449,0.4884296953678131,0.4961213171482086,0.0145206321030855
3138,0.0001295043330173,0.843204140663147,0.1559770852327346,0.000689239881467
3139,0.002858547726646,0.8437141180038452,0.1512696146965026,0.0021577447187155
3140,6.00065104663372e-05,0.6543044447898865,0.34479421377182,0.0008414091425947
3141,0.0001474314049119,0.99039888381958,0.0094107976183295,4.290498327463865e-05
3142,0.0003057189460378,0.1970900744199752,0.6987450122833252,0.1038591712713241
3143,0.0002730414562392,0.290213942527771,0.6643063426017761,0.0452066138386726
3144,0.0002203910698881,0.3152208030223846,0.6673224568367004,0.0172363985329866
3145,0.0023999393451958,0.3851251900196075,0.5603538155555725,0.0521210245788097
3146,0.000375843810616,0.943450093269348,0.0557801686227321,0.0003938809386454
3147,3.530045069055632e-05,0.9378973245620728,0.0618610344827175,0.0002063390420516
3148,0.0002205727359978,0.912873387336731,0.0862476006150245,0.0006585085066035
3149,0.0002271016855956,0.8968535661697388,0.1022087782621383,0.0007105383556336
3150,5.450855678645894e-05,0.935052216053009,0.0646331459283828,0.0002600457810331
3151,0.000872484233696,0.5202004909515381,0.4663046896457672,0.0126222902908921
3152,0.0008873128681443,0.3810545206069946,0.5631620287895203,0.0548961050808429
3153,0.000118197996926,0.8997399806976318,0.0993829742074012,0.0007587984437122
3154,0.02522799000144,0.7488802671432495,0.2213685810565948,0.0045231296680867
3155,0.0001841633929871,0.9051204919815063,0.0939199775457382,0.00077535683522
3156,0.0002451508189551,0.895375669002533,0.1036472544074058,0.0007318851421587
3157,9.411694918526337e-05,0.57566899061203,0.4211684465408325,0.0030684049706906
3158,0.0035263423342257,0.8902578949928284,0.103054828941822,0.0031609928701072
3159,0.0002323350781807,0.9615535736083984,0.0378706082701683,0.0003433689416851
3160,6.178092007758096e-05,0.8786083459854126,0.1207792162895202,0.0005506472662091
3161,0.0004548300348687,0.931846797466278,0.0675027593970298,0.0001956199412234
3162,0.0005697532906197,0.6346496939659119,0.3560062050819397,0.008774266578257
3163,0.0004849479009862,0.6936109066009521,0.2983183562755584,0.0075858607888221
3164,0.0001359341404167,0.913163721561432,0.0862750336527824,0.0004253002989571
3165,9.669514111010358e-05,0.9599996209144592,0.0396239161491394,0.0002797966590151
3166,0.0001303885946981,0.6020039319992065,0.3948038220405578,0.0030618335586041
3167,0.000102876809251,0.9594900012016296,0.04022653773427,0.000180554416147
3168,0.0003036784182768,0.4999279975891113,0.4921773672103882,0.0075910054147243
3169,0.0002463028940837,0.9427553415298462,0.0566168613731861,0.0003814813971985
3170,0.0003065136552322,0.0383069775998592,0.2497928738594055,0.7115936279296875
3171,0.0002863053523469,0.1371641904115677,0.7415025234222412,0.1210469678044319
3172,0.0010426648659631,0.5749481320381165,0.4076992571353912,0.0163100231438875
3173,0.0002648951485753,0.8672513365745544,0.1309353709220886,0.0015483716269955
3174,0.0009206783142872,0.8502073884010315,0.1477438807487487,0.0011280385078862
3175,8.441583486273885e-05,0.9204610586166382,0.0791820511221885,0.0002724976511672
3176,0.0001229172339662,0.8928163647651672,0.1066317111253738,0.0004290233191568
3177,0.0038397447206079,0.6161749362945557,0.3622305393218994,0.0177548006176948
3178,0.0002649685193318,0.6756031513214111,0.3191323280334472,0.0049995891749858
3179,0.0001559150114189,0.443492442369461,0.5519352555274963,0.0044163153506815
3180,0.0008189900545403,0.3103859722614288,0.6570870876312256,0.0317079238593578
3181,0.0004079069476574,0.8896105885505676,0.1096215322613716,0.0003599766350816
3182,0.0008306669769808,0.6876112818717957,0.3051256537437439,0.0064324056729674
3183,6.516666326206177e-05,0.8571112751960754,0.1421229690313339,0.0007006076630204
3184,0.0002901415573433,0.949906587600708,0.0495627075433731,0.0002405357954557
3185,0.0001425013178959,0.8447966575622559,0.1538489013910293,0.0012119383318349
3186,0.0006901156739331,0.8311862945556641,0.1662477105855941,0.0018759289523586
3187,0.000276281411061,0.9780293107032776,0.0216074809432029,8.693580457475036e-05
3188,0.0002498249523341,0.7564453482627869,0.2417744547128677,0.0015303634572774
3189,0.0004531540907919,0.8586418628692627,0.1401694267988205,0.0007355416310019
3190,0.0001997364743147,0.9367051720619202,0.0627553313970565,0.0003397631808184
3191,0.0006973921554163,0.2157170474529266,0.6644552946090698,0.1191302761435508
3192,0.0001527177810203,0.8913270831108093,0.1081302464008331,0.0003899785515386
3193,8.427295688306913e-05,0.7737939953804016,0.2251868844032287,0.0009347798186354
3194,0.0026837545447051,0.5795295834541321,0.4045768082141876,0.0132099017500877
3195,0.0003367319586686,0.8321660161018372,0.1664436757564544,0.0010535410838201
3196,0.0003845858736895,0.9356924295425416,0.0636746659874916,0.0002483073039911
3197,0.0003475190023891,0.8588240742683411,0.1401991844177246,0.0006292756297625
3198,6.592973659280688e-05,0.8146098852157593,0.1846264004707336,0.0006978223682381
3199,8.760901255300269e-05,0.9404688477516174,0.0591900572180748,0.0002535050734877
3200,0.0004196786903776,0.9443379640579224,0.0549670569598674,0.0002752320142462
3201,0.0002356900513404,0.4828771948814392,0.5060509443283081,0.0108361449092626
3202,0.000482225761516,0.5808004140853882,0.4118491113185882,0.0068682343699038
3203,0.0006441844161599,0.2366257458925247,0.6846992373466492,0.0780308842658996
3204,0.000215325737372,0.8503488302230835,0.1477684527635574,0.0016674103680998
3205,0.0001028844490065,0.9300387501716614,0.0695103853940963,0.0003480536106508
3206,0.0003912398824468,0.9668715000152588,0.0325715951621532,0.0001656613749219
3207,0.0007683510775677,0.3980157375335693,0.5791094899177551,0.022106384858489
3208,0.0006059657316654,0.9371264576911926,0.0618101917207241,0.0004574070044327
3209,0.0022669329773634,0.5904752612113953,0.3695099949836731,0.0377478189766407
3210,0.0016792627284303,0.1105927899479866,0.4956424534320831,0.3920854926109314
3211,0.0008189715445041,0.9412125945091248,0.0574143342673778,0.0005541438586078
3212,0.0001375981228193,0.9536837339401244,0.0460202768445014,0.0001583744888193
3213,0.0003051153325941,0.1036541163921356,0.7083473801612854,0.1876933872699737
3214,0.0005578087293542,0.5151127576828003,0.4690154790878296,0.0153138991445302
3215,0.0007053970475681,0.8106858134269714,0.1866304725408554,0.0019783349707722
3216,0.0001685998577158,0.7784252762794495,0.2195649296045303,0.0018411639612168
3217,0.0001053160449373,0.8943395614624023,0.1051576361060142,0.0003974586143158
3218,0.0001772285468177,0.9717124700546264,0.0279994513839483,0.0001109068034566
3219,0.0002460995165165,0.9419769644737244,0.0574609600007534,0.0003159980697091
3220,0.0006187370745465,0.8444411754608154,0.1537841707468032,0.0011559530394151
3221,0.0001565393904456,0.9574777483940125,0.042068637907505,0.0002970595960505
3222,0.0008359206840395,0.239135056734085,0.6706708073616028,0.0893582329154014
3223,0.0021744456607848,0.6939492225646973,0.2847961783409118,0.0190801545977592
3224,0.0002057301608147,0.9498558044433594,0.0495600588619709,0.0003783956635743
3225,0.0036672430578619,0.7098581194877625,0.2736746966838836,0.0127999354153871
3226,0.0021044712048023,0.7975656986236572,0.1985298097133636,0.0018000496784225
3227,0.0008183442405425,0.6774107217788696,0.315025269985199,0.006745683029294
3228,0.0003629764833021,0.804087221622467,0.1909874677658081,0.0045623267069458
3229,0.0003796953824348,0.8678240776062012,0.1289905309677124,0.0028055903967469
3230,0.0004032635770272,0.3444108068943023,0.6236474514007568,0.0315385349094867
3231,0.0003838998964056,0.4921957850456238,0.4999467134475708,0.0074735982343554
3232,0.0002990791981574,0.0755053237080574,0.540747880935669,0.3834476470947265
3233,0.0002208314108429,0.7229892015457153,0.2744157612323761,0.0023741612676531
3234,0.0005283355130814,0.4583353996276855,0.5193620324134827,0.0217742100358009
3235,0.0003600398486014,0.7975817918777466,0.1985338181257248,0.0035243972670286
3236,0.0001019933697534,0.7643513083457947,0.2331139594316482,0.0024327626451849
3237,0.0001221607381012,0.9154881834983826,0.0838334783911705,0.0005561080761253
3238,0.0008147853659465,0.7407546639442444,0.2559979856014251,0.0024324997793883
3239,0.0004753749817609,0.7467449307441711,0.2501282393932342,0.0026514290366321
3240,0.0001681952708167,0.7070633769035339,0.2901782393455505,0.0025902264751493
3241,0.0001327959471382,0.5410752892494202,0.4485671520233154,0.0102247204631567
3242,0.0001088508215616,0.9536989331245422,0.0460210070013999,0.0001712463708827
3243,0.0002389929722994,0.1218820661306381,0.770318329334259,0.1075605377554893
3244,0.0002598935388959,0.5757316946983337,0.4212143123149872,0.0027941190637648
3245,0.0025418656878173,0.4274761080741882,0.5156345963478088,0.0543474853038787
3246,0.0033705460373312,0.3835422396659851,0.5161125063896179,0.0969746708869934
3247,0.0001538621727377,0.7103813886642456,0.2870200276374817,0.002444711048156
3248,0.0002520208945497,0.8251017332077026,0.1729507148265838,0.0016955491155385
3249,0.0003510803217068,0.8676251769065857,0.1309918016195297,0.0010318824788555
3250,0.0001054104795912,0.5100362300872803,0.4866800010204315,0.0031783329322934
3251,0.0012812438653782,0.838996410369873,0.1576427519321441,0.0020796642638742
3252,0.0005210635717958,0.261613130569458,0.6785728335380554,0.0592930279672145
3253,0.0001822079502744,0.3791828155517578,0.6059324145317078,0.0147025128826498
3254,0.0003835139505099,0.583909273147583,0.4076343774795532,0.0080727618187665
3255,0.0003073404950555,0.6702836155891418,0.3216055929660797,0.0078035281039774
3256,0.0019493917934596,0.7387927174568176,0.2553199529647827,0.003937879577279
3257,0.0002047342568403,0.9752633571624756,0.0244152415543794,0.0001166540605481
3258,0.0008246729848906,0.947765052318573,0.0510207116603851,0.0003895479312632
3259,0.0002659123565535,0.9123616814613342,0.0861992537975311,0.0011732603888958
3260,0.0008076365338638,0.5899906754493713,0.3992077112197876,0.0099939685314893
3261,9.791541378945112e-05,0.9570434093475342,0.0427117384970188,0.0001469884446123
3262,5.7543522416381165e-05,0.756847083568573,0.2419028729200363,0.0011924812570214
3263,6.210886931512505e-05,0.9700848460197448,0.0297553371638059,9.771096665645018e-05
3264,0.0005386748816817,0.399707019329071,0.5725538730621338,0.0272004045546054
3265,0.0055016353726387,0.3738278448581695,0.5030403733253479,0.117630161345005
3266,9.040026634465904e-05,0.6669679284095764,0.3301730453968048,0.0027686695102602
3267,0.0004721260338556,0.8273606300354004,0.1707355082035064,0.0014317046152427
3268,0.000168693906744,0.5437315106391907,0.4507692456245422,0.0053305565379559
3269,0.0006603772053495,0.9593979120254515,0.0395990833640098,0.0003425991744734
3270,0.0001448717084713,0.9000661969184875,0.099419005215168,0.0003699428634718
3271,0.005013988353312,0.2959991693496704,0.5276756286621094,0.1713111847639084
3272,0.0057386741973459,0.2679976224899292,0.5585550665855408,0.167708620429039
3273,0.0009573956485837,0.1089442744851112,0.4658955633640289,0.4242027401924133
3274,0.0004951056325808,0.8951719403266907,0.1036236733198165,0.0007092060404829
3275,8.134062954923138e-05,0.7352902889251709,0.2621758580207824,0.0024525795597583
3276,0.0004077789199072,0.8486058712005615,0.1497878283262252,0.0011985288001596
3277,0.0005768715054728,0.5083215832710266,0.4701206088066101,0.0209809392690658
3278,0.0033830781467258,0.6447005867958069,0.339733362197876,0.0121829323470592
3279,0.0010027470998466,0.4239511787891388,0.5194358229637146,0.0556102879345417
3280,0.0014138962142169,0.8562813997268677,0.1397840976715088,0.0025205423589795
3281,0.0003884319157805,0.1694380939006805,0.7475959062576294,0.0825775265693664
3282,0.0017800397472456,0.8662172555923462,0.1307792365550995,0.0012234023306518
3283,0.0001632782368687,0.8279480338096619,0.1708567291498184,0.0010319502325728
3284,0.0001708375639282,0.1505368500947952,0.8011777997016907,0.0481144674122333
3285,0.0055193025618791,0.7695081830024719,0.2204677909612655,0.0045047239400446
3286,0.001003099605441,0.5796762704849243,0.4110520184040069,0.0082686375826597
3287,3.7415826227515936e-05,0.8241384029388428,0.1754691749811172,0.0003549914690665
3288,9.834324009716512e-05,0.8752052783966064,0.1241305023431778,0.0005659261951223
3289,0.0002948188630398,0.4559375643730163,0.5330449938774109,0.0107226222753524
3290,6.445951294153929e-05,0.9311375617980956,0.0685135871171951,0.0002844087139237
3291,0.0012271973537281,0.9693328142166138,0.0292713139206171,0.000168698534253
3292,3.435167673160322e-05,0.956490159034729,0.0433592684566974,0.0001162102125817
3293,0.0001399243192281,0.720698893070221,0.277854174375534,0.0013069829437881
3294,0.0002641357132233,0.8783830404281616,0.1207482442259788,0.0006046126945875
3295,0.0038261334411799,0.5503776669502258,0.4219892024993896,0.0238070022314786
3296,7.256236858665943e-05,0.9395877122879028,0.0600658319890499,0.0002738475159276
3297,0.0006861385190859,0.9661549925804138,0.0330600067973136,9.884762403089552e-05
3298,0.0002274006837978,0.6570159792900085,0.3355709612369537,0.0071856305003166
3299,0.0006012003868818,0.7240952849388123,0.2705746591091156,0.0047288071364164
3300,0.0001259929413208,0.8732489943504333,0.125803455710411,0.0008215773850679
3301,0.0002323423104826,0.9319986701011658,0.0675137639045715,0.0002551780780777
3302,0.0005141558940522,0.2010434567928314,0.6908316016197205,0.1076108142733573
3303,0.000263803085545,0.9786730408668518,0.0209564734250307,0.0001065860851667
3304,8.462870755465701e-05,0.9227822422981262,0.0769394114613533,0.0001937170454766
3305,0.0009002498700283,0.8849596977233887,0.1125099882483482,0.0016301419818773
3306,0.001195078715682,0.3874016404151916,0.563666045665741,0.0477372482419014
3307,0.0002358838828513,0.6605576872825623,0.3373798727989197,0.0018266056431457
3308,0.0008547285106033,0.2091451734304428,0.7650212645530701,0.0249788276851177
3309,0.0003781080304179,0.9344187378883362,0.0645893588662147,0.0006137299351394
3310,7.469238335033879e-05,0.8018109798431396,0.1964922398328781,0.0016221426194533
3311,7.803791959304363e-05,0.57575923204422,0.4212344288825989,0.0029283510521054
3312,0.0003181716310791,0.9484562277793884,0.0510579198598861,0.0001676646643318
3313,0.0001083572715288,0.8644155263900757,0.1346499621868133,0.0008260736358352
3314,0.0001282130688196,0.9168447852134703,0.0826560631394386,0.0003709968004841
3315,0.0002339817292522,0.1709272116422653,0.7541661858558655,0.0746725648641586
3316,0.0003285728453192,0.1811822205781936,0.7393365502357483,0.0791526436805725
3317,0.0001219216137542,0.2170218527317047,0.7694092988967896,0.0134468935430049
3318,3.570781700545922e-05,0.1727748662233352,0.824262797832489,0.0029266674537211
3319,0.0002281746419612,0.9010908603668212,0.0979890823364257,0.0006919311126694
3320,9.892505477182568e-05,0.2369519174098968,0.7298632860183716,0.0330859012901783
3321,4.5409935410134494e-05,0.080830194056034,0.8826913833618164,0.0364330261945724
3322,0.0001042127551045,0.0592893324792385,0.7336663007736206,0.206940084695816
3323,7.799938612151891e-05,0.9789158701896667,0.0209616739302873,4.444271326065064e-05
3324,0.000175593959284,0.8364518880844116,0.1621535867452621,0.0012188636464998
3325,0.0005722210044041,0.7110694050788879,0.2828438580036163,0.0055145774967968
3326,0.0001369365345453,0.9640443921089172,0.0356683023273944,0.0001503953681094
3327,0.005854784976691,0.924968123435974,0.0680596306920051,0.0011174053652212
3328,0.0001176198129542,0.8025765419006348,0.1966798454523086,0.0006259888759814
3329,0.000293117336696,0.8875303864479065,0.1110874637961387,0.0010890630073845
3330,0.0004863823705818,0.7521907091140747,0.2442005574703216,0.0031224403064697
3331,6.815356755396351e-05,0.7788031101226807,0.2196714878082275,0.0014571875799447
3332,0.0001331466046394,0.7531922459602356,0.2445257157087326,0.0021488771308213
3333,0.0001557953655719,0.6249446272850037,0.3731714785099029,0.0017281267791986
3334,6.730652967235073e-05,0.3748409748077392,0.6180083155632019,0.0070833857171237
3335,0.0001613746280781,0.8987215757369995,0.1008337661623954,0.0002832213067449
3336,0.0001342604227829,0.8472756743431091,0.1519081741571426,0.0006818307447247
3337,5.198693907004781e-05,0.7627934217453003,0.236302375793457,0.0008522394346073
3338,0.0003528919769451,0.3809932768344879,0.5993865728378296,0.0192672498524189
3339,4.4016709580319e-05,0.9397031664848328,0.0600732117891311,0.0001796156429918
3340,0.0007205000147223,0.6758289933204651,0.3192390203475952,0.0042114839889109
3341,0.0002206719073001,0.781173050403595,0.2169239073991775,0.0016823165351524
3342,0.000423291727202,0.9231634140014648,0.0757778659462928,0.0006354361539706
3343,0.0003641390940174,0.8586879968643188,0.1401769667863845,0.0007708824705332
3344,0.0017445909325033,0.4336098432540893,0.5230333209037781,0.0416122749447822
3345,6.444963219109923e-05,0.8883614540100098,0.1111914813518524,0.0003826550673693
3346,8.630564843770117e-05,0.8304891586303711,0.1687241047620773,0.0007003954960964
3347,7.603020640090108e-05,0.9248443245887756,0.0747388824820518,0.0003407437470741
3348,0.0002054740180028,0.9052302837371826,0.0939313694834709,0.0006329045863822
3349,5.210771269048564e-05,0.7766056656837463,0.2225012630224228,0.0008409759611822
3350,4.454173904377967e-05,0.8261666893959045,0.1731739342212677,0.0006148798274807
3351,0.0008740651537664,0.9146345257759094,0.0837553068995475,0.0007360365707427
3352,0.0002651936083566,0.686825156211853,0.3095763623714447,0.0033332735765725
3353,0.0019655646756291,0.9416696429252625,0.0556749068200588,0.0006899780710227
3354,0.0018818522803485,0.944831371307373,0.052477341145277,0.0008093744982033
3355,0.0008151851943694,0.4356809258460998,0.5507522821426392,0.012751642614603
3356,0.0010802430333569,0.1482738703489303,0.6542149782180786,0.1964309513568878
3357,0.001571387052536,0.8398376703262329,0.1578008234500885,0.0007901430944912
3358,0.000880506937392,0.9506229758262634,0.048074048012495,0.0004224718431942
3359,0.0013197131920605,0.2805604636669159,0.6730296015739441,0.0450901724398136
3360,7.076725887600332e-05,0.7363026142120361,0.2625367939472198,0.0010898238979279
3361,0.0021404658909887,0.4622118771076202,0.4768840670585632,0.0587636455893516
3362,0.0259590931236743,0.8075636625289917,0.1615228950977325,0.0049543790519237
3363,0.0004729820939246,0.2488691806793213,0.7314671874046326,0.0191907286643981
3364,0.0021505409386008,0.2263243794441223,0.5779395699501038,0.1935855150222778
3365,0.0001501161314081,0.9622544646263124,0.0373106524348259,0.0002848703588824
3366,0.0012132180854678,0.8862741589546204,0.1109302267432212,0.0015823345165699
3367,4.90751008328516e-05,0.9245864152908324,0.0747180432081222,0.0006464376929216
3368,0.0001580877869855,0.9371986389160156,0.0618149526417255,0.0008283208007924
3369,0.000119042568258,0.7512405514717102,0.2477328479290008,0.000907534151338
3370,0.0005495977238751,0.7860782146453857,0.2115700840950012,0.0018020615680143
3371,0.0002030699106398,0.1761648207902908,0.6967453956604004,0.1268867552280426
3372,0.0005390691803768,0.3421377837657928,0.619531512260437,0.0377916619181633
3373,0.0019638394005596,0.3251467049121856,0.5980363488197327,0.0748530328273773
3374,0.0029946712311357,0.2099426686763763,0.6074892282485962,0.1795734763145446
3375,0.0002393127069808,0.8210965991020203,0.1775746047496795,0.0010894149309024
3376,0.0001726193731883,0.809533953666687,0.1893001347780227,0.0009933558758348
3377,0.0003320808755233,0.7830905318260193,0.2140850275754928,0.0024924054741859
3378,0.0007268224726431,0.096694067120552,0.475944846868515,0.4266341924667358
3379,0.0003287680156063,0.9063921570777892,0.0925937891006469,0.0006852113874629
3380,0.0021321796812117,0.8601826429367065,0.1361006647348404,0.0015845013549551
3381,0.0002795450272969,0.758739173412323,0.2387478649616241,0.0022334177047014
3382,5.656926077790558e-05,0.3982522189617157,0.5978473424911499,0.0038437962066382
3383,0.0005008684238418,0.1388769298791885,0.7507615685462952,0.1098606809973716
3384,0.0002017726219492,0.2931358516216278,0.6922942996025085,0.0143681094050407
3385,5.43853675480932e-05,0.298185259103775,0.6933014392852783,0.0084588639438152
3386,0.0007906635873951,0.9522877931594848,0.0466765686869621,0.0002449361491017
3387,0.0002256116567878,0.2149563580751419,0.7502713799476624,0.0345466323196888
3388,0.0002431326429359,0.8606835007667542,0.138324424624443,0.0007489012787118
3389,0.000284669076791,0.9466667175292968,0.0525792799890041,0.0004693399532698
3390,7.90949707152322e-05,0.8490719795227051,0.1498701125383377,0.0009787480812519
3391,7.196191290859133e-05,0.7144455313682556,0.2841868102550506,0.001295642578043
3392,0.0002005098212976,0.1940484642982483,0.7209775447845459,0.0847734957933425
3393,0.0008320013876073,0.8051904439926147,0.1912495046854019,0.0027280277572572
3394,6.051029413356446e-05,0.8471969366073608,0.1518940478563308,0.0008484732243232
3395,4.6189757995307446e-05,0.646696925163269,0.3516030311584472,0.0016538860509172
3396,8.919689571484923e-05,0.7815006375312805,0.217014878988266,0.0013952741865068
3397,0.0026526043657213,0.959264636039734,0.0377804562449455,0.0003023007302545
3398,0.0007252587238326,0.8335120677947998,0.1641282439231872,0.0016343959141522
3399,0.0005915371002629,0.2790020406246185,0.6905366778373718,0.0298696886748075
3400,0.0002172832319047,0.8715919256210327,0.1275420784950256,0.0006486878846772
3401,0.2112227827310562,0.4542003571987152,0.297871857881546,0.0367050170898437
3402,0.0010755779221653,0.661647617816925,0.327539324760437,0.0097374878823757
3403,0.0001374299172312,0.7418216466903687,0.2563666999340057,0.0016742391744628
3404,0.0009044228936545,0.1806238740682602,0.737058162689209,0.0814135521650314
3405,0.000890290539246,0.7369665503501892,0.2546888291835785,0.0074543114751577
3406,4.04786660510581e-05,0.0969572141766548,0.8916019201278687,0.0114003578200936
3407,0.000993181252852,0.468439906835556,0.5065042972564697,0.0240625776350498
3408,0.0003875863330904,0.913979709148407,0.0850133523344993,0.0006193611770868
3409,0.0003680568479467,0.8954775333404541,0.1036590486764907,0.0004952746094204
3410,0.0004243093135301,0.2866702377796173,0.6770245432853699,0.0358809866011142
3411,0.00043968835962,0.9150108098983764,0.0837897658348083,0.0007597133517265
3412,0.0006088421214371,0.8573135137557983,0.1399525851011276,0.0021250678692013
3413,0.001321968389675,0.7176606059074402,0.2766828238964081,0.0043345671147108
3414,0.0008867410942912,0.4813876152038574,0.5044898390769958,0.0132357655093073
3415,0.000993215595372,0.6015095710754395,0.388363778591156,0.0091334404423832
3416,0.001690182602033,0.6712968945503235,0.312182068824768,0.0148308798670768
3417,0.0010535736801102,0.7817717790603638,0.2104110121726989,0.006763651035726
3418,0.0020085258875042,0.2844410836696625,0.6021617650985718,0.1113887280225753
3419,0.0004651240597013,0.5870875120162964,0.4098531305789947,0.0025942537467926
3420,0.0008876586798578,0.9002810120582581,0.0979010239243507,0.0009302582475356
3421,0.0002513904473744,0.5568951368331909,0.433710366487503,0.0091431224718689
3422,0.0003129847464151,0.8764671087265015,0.1223822310566902,0.0008375907200388
3423,9.416006651008502e-05,0.920337975025177,0.0791714638471603,0.0003964287170674
3424,0.0003835399111267,0.6934564113616943,0.3029486835002899,0.0032113406341522
3425,3.6727433325722814e-05,0.8611500263214111,0.1383994072675705,0.0004138067306485
3426,0.0003822774451691,0.2315142303705215,0.7131140232086182,0.0549894534051418
3427,0.0002104374289046,0.8985731601715088,0.1008171066641807,0.0003993400896433
3428,0.0007709797355346,0.973143756389618,0.025933401659131,0.0001518149074399
3429,0.0003119683533441,0.9155468344688416,0.0838388502597808,0.0003023700846824
3430,0.0006156520685181,0.8272042274475098,0.1707032322883606,0.001476872479543
3431,0.019953416660428,0.8618018627166748,0.1166322007775306,0.0016124832909554
3432,0.0002091176138492,0.3551859855651855,0.6331875324249268,0.0114174354821443
3433,0.0007915449095889,0.6350675225257874,0.3618505299091339,0.0022904111538082
3434,0.0004709388886112,0.9063930511474608,0.0925938785076141,0.0005420473171398
3435,0.0008255175198428,0.934026837348938,0.0645622685551643,0.0005853794864378
3436,9.784369467524812e-05,0.9563423991203308,0.0433525703847408,0.0002071351045742
3437,0.0019490224076434,0.2984426915645599,0.6417526006698608,0.0578557513654232
3438,0.0003864114114549,0.2735945582389831,0.6878166794776917,0.0382023639976978
3439,0.0002840016095433,0.8599289059638977,0.1382031440734863,0.001584033947438
3440,9.795708319870756e-05,0.2309956848621368,0.7574057579040527,0.0115005988627672
3441,0.0003541895130183,0.214503675699234,0.7144063711166382,0.0707358121871948
3442,0.0006732316687703,0.9332837462425232,0.0655267983675003,0.0005161846638657
3443,8.344570960616693e-05,0.881888747215271,0.1175003126263618,0.0005273931310512
3444,0.0007806086796335,0.6878485083580017,0.3052309453487396,0.0061399624682962
3445,0.0001348164805676,0.964065432548523,0.0356690809130668,0.0001306686172029
3446,8.96322526386939e-05,0.889878511428833,0.1096545457839965,0.0003773658827412
3447,0.0011061402037739,0.915643036365509,0.0825477242469787,0.0007031054701656
3448,0.0003637178160715,0.8849207758903503,0.1142767444252967,0.000438727409346
3449,0.0001381294714519,0.987756371498108,0.0120514631271362,5.4092273785499856e-05
3450,0.0001446772948838,0.9130132794380188,0.0862608104944229,0.0005812207818962
3451,0.0002933744399342,0.9165067076683044,0.0826255828142166,0.0005743991932831
3452,0.0004004125948995,0.7127389311790466,0.2835079729557037,0.0033526136539876
3453,0.0001273480447707,0.939566433429718,0.0600644722580909,0.0002416641218587
3454,0.0008976901881396,0.9691745638847352,0.0297274161130189,0.0002003017580136
3455,7.763667235849425e-05,0.8734139204025269,0.125827208161354,0.000681240169797
3456,0.0005132318474352,0.8993951082229614,0.0993448793888092,0.000746747944504
3457,0.0003801268758252,0.2865032255649566,0.6558123826980591,0.057304248213768
3458,0.0003133881255052,0.7390105128288269,0.2594170868396759,0.0012589930556714
3459,0.0001022709620883,0.8684808611869812,0.1311209946870803,0.00029593083309
3460,0.0007620231481269,0.5311776995658875,0.454340398311615,0.0137198911979794
3461,0.0004203265416435,0.4467622637748718,0.5388981103897095,0.0139193031936883
3462,0.0002344886015634,0.9554205536842346,0.0439928323030471,0.0003520090831443
3463,0.0005722041823901,0.7336195707321167,0.2615801393985748,0.0042280489578843
3464,9.80662225629203e-05,0.658778727054596,0.336471289396286,0.0046518398448824
3465,0.0004279299464542,0.6828016042709351,0.3077628016471863,0.0090076960623264
3466,4.765441917697899e-05,0.8701974153518677,0.1293432861566543,0.000411671353504
3467,0.0001092799429898,0.5287589430809021,0.4666281044483185,0.0045037376694381
3468,0.0003639354545157,0.3633880615234375,0.5991256237030029,0.0371224246919155
3469,0.0005039510433562,0.2693397998809814,0.6771201491355896,0.0530361495912075
3470,0.0001303225872106,0.7257876992225647,0.2712070643901825,0.0028748703189194
3471,0.0001920856593642,0.7126113176345825,0.2834571897983551,0.0037394410464912
3472,3.331412881379947e-05,0.9422082304954528,0.0574750676751136,0.0002833283797372
3473,0.0001041246359818,0.6886329054832458,0.3103911876678467,0.0008718248573131
3474,0.0012821851996704,0.5254162549972534,0.4636782109737396,0.0096233347430825
3475,0.0001922959927469,0.8340393304824829,0.1642320603132248,0.0015363439451903
3476,0.0004495134926401,0.980350911617279,0.0191138014197349,8.579115092288703e-05
3477,0.0002246902004117,0.95943284034729,0.0402241423726081,0.0001184034117613
3478,0.0001908043923322,0.9675270915031432,0.0320883654057979,0.0001938091154443
3479,0.0001320576411671,0.7470321655273438,0.2502244412899017,0.0026113262865692
3480,0.005822367966175,0.8915460109710693,0.1016039103269577,0.001027708989568
3481,0.0001508706482127,0.9670909643173218,0.0325789861381053,0.0001791633258108
3482,0.0003970966790802,0.8526076674461365,0.1458639651536941,0.0011312231654301
3483,0.0004276799445506,0.1924805045127868,0.7040644288063049,0.1030273810029029
3484,0.0008378977654501,0.9046207666397096,0.0938681215047836,0.0006732697947882
3485,7.425758667523041e-05,0.6608551144599915,0.3375317752361297,0.0015388487372547
3486,0.0002871356846299,0.8694185018539429,0.1292275190353393,0.0010668385075405
3487,0.0006179143674671,0.8565987348556519,0.1420379877090454,0.0007453470025211
3488,0.0002397230709902,0.932019829750061,0.0675152912735939,0.0002251989790238
3489,3.908596772816964e-05,0.8475782871246338,0.1519624292850494,0.0004202137351967
3490,0.0002604949404485,0.4859365820884704,0.5092571377754211,0.0045457971282303
3491,0.0006745280697941,0.4775925874710083,0.5083946585655212,0.0133382119238376
3492,9.724462142912672e-05,0.8928998112678528,0.1066416800022125,0.0003613075823523
3493,0.0002084193401969,0.9622717499732972,0.0373113267123699,0.0002084193401969
3494,9.53411654336378e-05,0.8096332550048828,0.1893233656883239,0.0009479830623604
3495,5.143907037563622e-05,0.924744725227356,0.0747308358550071,0.0004730249056592
3496,0.0001399936154484,0.7919248938560486,0.2065859735012054,0.0013491391437128
3497,8.711630653124303e-05,0.5761475563049316,0.4215185642242431,0.0022467591334134
3498,0.0002090364141622,0.8925907611846924,0.1066047623753547,0.0005954893422313
3499,0.0006602244684472,0.1360400766134262,0.7017481327056885,0.1615515947341919
3500,0.0002888302260544,0.154367133975029,0.7839410305023193,0.0614030063152313
3501,0.0004746433405671,0.466581791639328,0.5205096006393433,0.0124339843168854
3502,0.0001423110370524,0.8569544553756714,0.1420969665050506,0.0008062470005825
3503,0.0003544700739439,0.5835433006286621,0.4073788821697235,0.0087232664227485
3504,0.0002242834161734,0.8719919323921204,0.1256223618984222,0.0021614520810544
3505,5.324787707650103e-05,0.9134262800216676,0.086299829185009,0.0002207063225796
3506,0.0001214807343785,0.9691073894500732,0.0306689366698265,0.0001022970391204
3507,0.0003172057913616,0.9164848923683168,0.082623615860939,0.0005743855144828
3508,0.0002663567429408,0.7007009983062744,0.2966954708099365,0.0023372061550617
3509,0.0009403934236615,0.2161652147769928,0.6869716644287109,0.0959227308630943
3510,0.0034094292204827,0.1950820088386535,0.5220664739608765,0.2794420719146728
3511,0.0002369731664657,0.8258735537528992,0.1731124967336654,0.0007770051597617
3512,0.0004976807977072,0.1217784583568573,0.5901215672492981,0.2876022756099701
3513,0.0005810882430523,0.194347396492958,0.6890214085578918,0.1160501390695571
3514,0.0007967397104948,0.9447286128997804,0.0541372597217559,0.0003373607760295
3515,0.0003017105045728,0.8317963480949402,0.1663697361946106,0.0015322123654186
3516,0.0001967221614904,0.8941845297813416,0.1051394045352935,0.0004793434927705
3517,0.0007380344322882,0.3944471776485443,0.5921353101730347,0.0126794828101992
3518,0.0007999309455044,0.4622681438922882,0.5238184332847595,0.0131135387346148
3519,0.0002807501587085,0.8908801078796387,0.1080760210752487,0.0007631580228917
3520,0.0003986250376328,0.0902100577950477,0.5526036024093628,0.3567877113819122
3521,9.56005387706682e-05,0.8641947507858276,0.1346155852079391,0.0010940901702269
3522,0.0002120629796991,0.7867243885993958,0.2117440104484558,0.0013195001520216
3523,0.0006823371513746,0.7600571513175964,0.235454723238945,0.0038057712372392
3524,0.0006903025787323,0.9421125650405884,0.0565782561898231,0.0006187832332216
3525,0.0004609894240275,0.9298235774040222,0.0694943070411682,0.0002211851533502
3526,0.0002319010382052,0.7592304944992065,0.2389024645090103,0.0016350615769624
3527,0.000189168160432,0.6490476131439209,0.3474101722240448,0.0033530858345329
3528,0.0005469780298881,0.3638178706169128,0.6092802882194519,0.0263548791408538
3529,0.0002007178991334,0.3686214089393616,0.617324709892273,0.0138532547280192
3530,0.0003339558898005,0.9206948280334472,0.0779742449522018,0.0009970081737264
3531,0.0004055913013871,0.6997448205947876,0.2962906062602997,0.0035589504987001
3532,0.00159353739582,0.3182481527328491,0.6230996251106262,0.057058747857809
3533,0.0001595414214534,0.9025042057037354,0.0966212153434753,0.0007150151068344
3534,0.0001207486420753,0.9191558957099916,0.0803149417042732,0.0004084873653482
3535,0.0003285593120381,0.9345705509185792,0.0645998567342758,0.0005009931628592
3536,0.00016391693498,0.8847936987876892,0.1142603382468223,0.0007820039754733
3537,0.0071726515889167,0.645661473274231,0.3349647521972656,0.0122010903432965
3538,0.0006439943099394,0.1651426404714584,0.7401179671287537,0.0940954312682151
3539,0.0002597139391582,0.0127107817679643,0.0676485225558281,0.9193809032440186
3540,0.0003811275528278,0.8575923442840576,0.1399981081485748,0.0020284131169319
3541,0.0001620612165424,0.4467923045158386,0.5474213361740112,0.0056242849677801
3542,0.0001972863974515,0.8164994120597839,0.1821856498718261,0.0011177036212757
3543,0.0005316158058121,0.9316114783287048,0.0674857124686241,0.0003711276513058
3544,0.001772562158294,0.1924672573804855,0.6511083841323853,0.1546518057584762
3545,6.528954691020772e-05,0.8999386429786682,0.0994049161672592,0.0005910832551307
3546,0.0005551494541577,0.9577693939208984,0.0414290428161621,0.0002463460841681
3547,0.0004945780383422,0.8015719056129456,0.1964336484670639,0.0014997894177213
3548,0.0004286860057618,0.3548586070537567,0.6036348342895508,0.0410778671503067
3549,0.0001960644876817,0.6727093458175659,0.3227694630622864,0.0043251132592558
3550,0.0026264721527695,0.4085100591182709,0.500516951084137,0.0883464962244033
3551,0.0015795333310961,0.2963391244411468,0.6472641229629517,0.054817222058773
3552,0.0004928917624056,0.9635835886001588,0.0356512553989887,0.0002722006756812
3553,0.0086622480303049,0.8974875807762146,0.0931279435753822,0.0007222378626465
3554,0.0003090074169449,0.5008141398429871,0.4778802096843719,0.0209965910762548
3555,0.0003022199962288,0.3755531311035156,0.6095829010009766,0.0145617751404643
3556,0.00028652214678,0.909195840358734,0.0900225788354873,0.0004950658185407
3557,0.0006544349598698,0.8793138265609741,0.1190021783113479,0.0010295705869793
3558,0.0002441644901409,0.9345703125,0.0645998418331146,0.0005857201176695
3559,0.0008387243724428,0.9639137387275696,0.035110555589199,0.0001369179808534
3560,0.0003006152401212,0.9689382314682008,0.0306635852903127,9.759547538124024e-05
3561,0.0001950336445588,0.9436843991279602,0.0557940267026424,0.0003266198618803
3562,0.0002984250313602,0.7728912830352783,0.2249241769313812,0.0018861041171476
3563,3.065887722186744e-05,0.6545296907424927,0.3449129164218902,0.0005267216474749
3564,5.249953028396703e-05,0.4672193825244903,0.5294288992881775,0.0032991799525916
3565,0.0001040781789924,0.8701251745223999,0.1293325573205948,0.0004381855251267
3566,0.0006408678600564,0.945716679096222,0.0533536858856678,0.0002888617746066
3567,0.000682005949784,0.821418821811676,0.1748901456594467,0.0030091514345258
3568,0.0006605189992114,0.944726586341858,0.0541371442377567,0.0004757539718411
3569,2.5615287086111493e-05,0.9016116857528688,0.0980457291007042,0.000316972262226
3570,0.0002455052745062,0.9251337051391602,0.0736031830310821,0.0010175911011174
3571,4.5235621655592695e-05,0.9657254219055176,0.0340942777693271,0.0001350486272713
3572,0.0001562709658173,0.970888078212738,0.0288637429475784,9.186696843244135e-05
3573,7.487437687814236e-05,0.3298643231391907,0.656013548374176,0.0140473172068595
3574,0.0002201302995672,0.1375468224287033,0.8039920926094055,0.0582409910857677
3575,8.696328586665913e-05,0.8238435983657837,0.1754064261913299,0.0006629741401411
3576,0.0001734244724502,0.0444720983505249,0.396375447511673,0.5589790344238281
3577,0.0003865708131343,0.2913600504398346,0.6669297814369202,0.0413236394524574
3578,0.0002401175297563,0.140945479273796,0.761944055557251,0.0968703106045723
3579,0.0004195484216324,0.3639616966247558,0.6191197037696838,0.0164989810436964
3580,0.0001093398605007,0.973069667816162,0.026754580438137,6.631797441514209e-05
3581,0.0026943846605718,0.90114825963974,0.0949803218245506,0.001177089405246
3582,0.0854038372635841,0.7853590846061707,0.1223353520035743,0.0069016879424452
3583,0.0002373086608713,0.8270427584648132,0.1706699132919311,0.0020500342361629
3584,0.0009539507445879,0.3504110276699066,0.6054559350013733,0.0431791096925735
3585,0.0009539022576063,0.8672314882278442,0.1309323757886886,0.0008822153904475
3586,5.492793570738286e-05,0.957084596157074,0.0427135750651359,0.0001469947746954
3587,0.0002438074006931,0.6216475963592529,0.3712027072906494,0.0069058812223374
3588,0.0005412707687355,0.8502576351165771,0.1477526128292083,0.0014485159190371
3589,0.0004248240729793,0.351661741733551,0.617185652256012,0.0307278614491224
3590,0.0007881710771471,0.3659822642803192,0.5940478444099426,0.0391817055642604
3591,6.440049764933065e-05,0.4902257919311523,0.5057872533798218,0.0039225467480719
3592,0.000124632846564,0.7865190505981445,0.2116887420415878,0.0016675691585987
3593,0.0004074305179528,0.4398747682571411,0.5474329590797424,0.0122848292812705
3594,0.0004839328466914,0.0826666206121444,0.5224691033363342,0.3943803608417511
3595,0.0004405795189086,0.945969820022583,0.0533679686486721,0.0002215372951468
3596,9.142560156760736e-05,0.1963002383708953,0.7643458247184753,0.039262518286705
3597,0.0002257655432913,0.9198785424232484,0.0791319385170936,0.0007637548842467
3598,0.0006498519214801,0.9740758538246156,0.0251595936715602,0.0001147056682384
3599,0.000248203985393,0.9500320553779602,0.0495692528784275,0.0001505433319834
3600,0.0101952804252505,0.9035214781761168,0.0853640362620353,0.000919132377021
3601,0.0004788808582816,0.1814892739057541,0.7178040146827698,0.1002278998494148
3602,0.0020001551602035,0.8862283825874329,0.1109244972467422,0.0008469189633615
3603,0.0027131487149745,0.893355667591095,0.103413425385952,0.000517813488841
3604,0.0002630327071528,0.9166935086250304,0.0826424211263656,0.000401077006245
3605,0.0005130692152306,0.8186491131782532,0.1798333376646042,0.0010045408271253
3606,0.0003261060337536,0.7811110615730286,0.2169067114591598,0.0016561031807214
3607,3.196578836650588e-05,0.9183108806610109,0.0815047174692154,0.0001525002589914
3608,5.704853538190946e-05,0.9193318486213684,0.0803303197026252,0.0002808027493301
3609,8.409926522290334e-05,0.8092578053474426,0.1892355680465698,0.0014224312035366
3610,0.0001172859992948,0.663470983505249,0.3336141705513,0.0027975251432508
3611,6.269138975767419e-05,0.540756344795227,0.4553624987602234,0.0038184472359716
3612,0.0001259438431588,0.9438392519950868,0.0558031797409057,0.0002316461905138
3613,0.0003110099059995,0.7807028293609619,0.2167933285236358,0.002192833693698
3614,0.0019342020386829,0.7803127765655518,0.213325634598732,0.0044274325482547
3615,0.0004899186897091,0.3930686116218567,0.5809177160263062,0.02552374266088
3616,0.0004865169466938,0.5090984106063843,0.4782536923885345,0.0121613917872309
3617,0.0008491176995448,0.9607291221618652,0.0378381349146366,0.0005835894262418
3618,0.0002636608551256,0.8366520404815674,0.1621923893690109,0.0008919531828723
3619,0.0013513102894648,0.6274724006652832,0.3631531596183777,0.0080230981111526
3620,0.0010603247210383,0.5323627591133118,0.4553540349006653,0.0112228309735655
3621,2.2964519303059205e-05,0.9017345309257508,0.0980590805411338,0.0001834744471125
3622,7.391566759906709e-05,0.9422726035118104,0.0574789941310882,0.0001745654735714
3623,0.0042672483250498,0.6138306856155396,0.3665350377559662,0.0153669519349932
3624,0.0007052604923956,0.3950202465057373,0.5747510194778442,0.0295235123485326
3625,0.0003983973292633,0.766775906085968,0.2302278578281402,0.0025978770572692
3626,0.0003372984065208,0.4392583966255188,0.5381906032562256,0.0222137812525033
3627,0.0002482561976648,0.8926602005958557,0.1066130548715591,0.0004785263445228
3628,0.0002810368314385,0.6945265531539917,0.3034161925315857,0.0017762072384357
3629,0.0002204044867539,0.8980350494384766,0.1007567346096038,0.0009877842385321
3630,0.000121301782201,0.967679798603058,0.0320934280753135,0.0001053888190654
3631,0.0025057310704141,0.9496376514434814,0.0472796745598316,0.0005768520059064
3632,0.0004358055011834,0.1327132582664489,0.7402150630950928,0.1266358643770218
3633,0.0004235348606016,0.8952746391296387,0.1036355644464492,0.0006663139211013
3634,0.000272189208772,0.1263893395662307,0.7160443663597107,0.1572940796613693
3635,0.0004024578665848,0.225418820977211,0.7276608943939209,0.0465178042650222
3636,0.0001658766996115,0.7422896027565002,0.2565284371376037,0.001016117981635
3637,4.3274747440591455e-05,0.7659094333648682,0.2335891723632812,0.000458034366602
3638,0.0006589678232558,0.8581632971763611,0.1400913149118423,0.0010864541400223
3639,6.171873246785253e-05,0.905586004257202,0.0939682871103286,0.0003840268764179
3640,0.0011885265121236,0.8957974314689636,0.102088414132595,0.0009256253251805
3641,0.0001916617329698,0.7110385894775391,0.287285566329956,0.0014841640368103
3642,9.583248902345076e-05,0.7294905185699463,0.2683646082878113,0.0020489888265728
3643,0.0008390215807594,0.7509628534317017,0.243801936507225,0.0043961587361991
3644,3.1678395316703245e-05,0.9687482118606568,0.0311403628438711,7.963948883116245e-05
3645,0.000103484831925,0.9651607871055604,0.0346109382808208,0.0001248265325557
3646,0.0002768761187326,0.7875602841377258,0.2086827158927917,0.0034801138099282
3647,0.0012244692770764,0.8272711634635925,0.1680703312158584,0.0034341090358793
3648,0.0004170752654317,0.1174645274877548,0.6759617328643799,0.2061566710472107
3649,0.0004161884426139,0.8797456622123718,0.1190606281161308,0.0007775424164719
3650,0.0001624052820261,0.2591325640678406,0.7267552018165588,0.0139497937634587
3651,0.0002072248898912,0.1854758113622665,0.7931793928146362,0.0211375150829553
3652,0.0001453515869798,0.5226438045501709,0.4684948921203613,0.0087159108370542
3653,3.5748289519688115e-05,0.9647530913352966,0.0351411290466785,6.99917582096532e-05
3654,0.0003002153825946,0.8276744484901428,0.1708002686500549,0.0012250661384314
3655,0.000167776539456,0.8117989301681519,0.186886727809906,0.0011465445859357
3656,0.0007332162931561,0.4653595983982086,0.5110975503921509,0.0228096898645162
3657,0.0024171900004148,0.189044177532196,0.5732693672180176,0.2352692633867263
3658,0.0011282984632998,0.5664907097816467,0.4144534468650818,0.0179274957627058
3659,5.982307993690483e-05,0.9792248606681824,0.0206432081758976,7.216040830826387e-05
3660,0.0002767886908259,0.7168553471565247,0.2807245552539825,0.0021433585789054
3661,0.0007753497338853,0.1988267749547958,0.6939736008644104,0.1064243018627166
3662,0.0004660044214688,0.616426944732666,0.3797696232795715,0.0033373925834894
3663,0.001270223641768,0.4452197849750519,0.5370375514030457,0.0164725109934806
3664,0.0010794424451887,0.5504959225654602,0.435478150844574,0.0129464240744709
3665,0.0009787951130419,0.4689246118068695,0.499167650938034,0.0309289284050464
3666,0.0001189924150821,0.7869616150856018,0.2118078470230102,0.0011114656226709
3667,0.0001582622207934,0.8410263657569885,0.158024176955223,0.0007912613800726
3668,3.930577804567292e-05,0.936117708683014,0.0637036114931106,0.0001393510756315
3669,0.0001643647556193,0.6490974426269531,0.3474368453025818,0.0033013543579727
3670,0.7542439699172974,0.1937058717012405,0.0363962538540363,0.01565383374691
3671,0.000370142282918,0.8199613690376282,0.1773290783166885,0.002339371247217
3672,0.0003397452528588,0.9816068410873412,0.0179787576198577,7.463213842129335e-05
3673,5.263551793177612e-05,0.902921736240387,0.0966659113764762,0.0003596984606701
3674,0.0005552033544518,0.8193032145500183,0.1771867573261261,0.002954868832603
3675,0.0007554071489721,0.7310644388198853,0.260669082403183,0.0075110606849193
3676,0.0015380349941551,0.4006169140338897,0.5649604201316833,0.0328846387565135
3677,0.0013934455346316,0.216730460524559,0.6996145248413086,0.0822615996003151
3678,0.0007210872136056,0.8550241589546204,0.141776904463768,0.0024778216611593
3679,0.0008751299465075,0.127867192029953,0.6005627512931824,0.2706948518753052
3680,0.0003391203936189,0.3083081841468811,0.6734070181846619,0.0179456882178783
3681,0.0001757309219101,0.963501274585724,0.0362095832824707,0.0001134604171966
3682,8.017734944587573e-05,0.8342105150222778,0.1642657816410064,0.0014435579068958
3683,0.0001306111371377,0.7161175012588501,0.2804356217384338,0.0033162820618599
3684,0.0008231938118115,0.9460651278495787,0.0525458641350269,0.0005657722940668
3685,0.0004146417195443,0.0790167227387428,0.5930534601211548,0.327515184879303
3686,7.48435704736039e-05,0.969126284122467,0.0306695364415645,0.0001293180976063
3687,0.0049241972155869,0.8954140543937683,0.0973717644810676,0.0022899641189724
3688,0.0001872855063993,0.906194508075714,0.0925735980272293,0.001044594682753
3689,0.0002896595397032,0.8908721208572388,0.1080750524997711,0.0007631512125954
3690,0.0020745834335684,0.7502341866493225,0.2435653805732727,0.0041258023120462
3691,0.000250554527156,0.23502017557621,0.7353130578994751,0.0294162258505821
3692,0.000654918490909,0.3611363470554352,0.5861821174621582,0.0520266182720661
3693,9.53226481215097e-05,0.1078522354364395,0.8752521872520447,0.0168001390993595
3694,0.0001884344528662,0.4880265891551971,0.5035182237625122,0.0082667786628007
3695,0.001606224454008,0.3158085942268371,0.608737051486969,0.0738481804728508
3696,0.000311790179694,0.6694457530975342,0.326261818408966,0.003980669658631
3697,0.0002019488310907,0.506935715675354,0.4837214350700378,0.0091409021988511
3698,0.0002799364447128,0.9309284090995787,0.0684981942176818,0.0002933709183707
3699,8.460161188850179e-05,0.966757833957672,0.0330806337296962,7.703063602093607e-05
3700,6.307006697170436e-05,0.4581131041049957,0.5355884432792664,0.0062353899702429
3701,0.0003156311577185,0.1313767433166504,0.7327606081962585,0.1355470865964889
3702,9.673122258391233e-05,0.8881857395172119,0.1111694946885109,0.0005480196559801
3703,0.0001002733479253,0.906435251235962,0.0925981923937797,0.0008662295877002
3704,0.0001277430128538,0.8716520667076111,0.12755087018013,0.0006693256436847
3705,0.0001031580613926,0.9180547595024108,0.0814819931983947,0.0003600569907575
3706,0.0002982905425596,0.0776966959238052,0.6711969971656799,0.2508080005645752
3707,0.0003084822092205,0.3032428324222564,0.6520745158195496,0.0443742275238037
3708,0.0002036104706348,0.9400691986083984,0.0591649040579795,0.0005621865857392
3709,0.0011064764112234,0.8082977533340454,0.1860807090997696,0.0045151147060096
3710,0.0013848566450178,0.878944456577301,0.1189521923661232,0.0007184541900642
3711,0.0002517763059586,0.7388986945152283,0.2593778371810913,0.001471689203754
3712,0.0012075372505933,0.8286791443824768,0.1683563888072967,0.0017569565679877
3713,0.0007322604651562,0.9388266801834106,0.060017179697752,0.0004237998218741
3714,0.0006816124077886,0.5057693719863892,0.4751263558864593,0.0184226483106613
3715,0.0019725791644304,0.2012085616588592,0.5384619832038879,0.258356899023056
3716,0.0020590850617736,0.8705600500106812,0.1254160702228546,0.0019647928420454
3717,0.0003050515078939,0.9382115006446838,0.0609223693609237,0.0005610755761153
3718,0.0003370624326635,0.3016863465309143,0.6487275958061218,0.0492489412426948
3719,0.0001802999904612,0.1296698898077011,0.6901209354400635,0.180028811097145
3720,0.0011765208328142,0.8201084733009338,0.1773608922958374,0.0013541671214625
3721,5.686680742655881e-05,0.7597249746322632,0.2390580475330352,0.0011601872975006
3722,0.0003868133353535,0.7215754389762878,0.2738791406154632,0.0041586351580917
3723,0.0010399935999885,0.5645841956138611,0.419563353061676,0.0148123977705836
3724,0.0001145248315879,0.9280043244361876,0.0715600103139877,0.0003211928124073
3725,0.0001583334960741,0.8817850351333618,0.1174864917993545,0.0005701808258891
3726,0.0016307013574987,0.844724178314209,0.1514507085084915,0.0021943484898656
3727,0.0001259400014532,0.7013804316520691,0.2969831526279449,0.0015104769263416
3728,0.0001631136110518,0.5596528649330139,0.4291007220745086,0.011083323508501
3729,0.0001174487333628,0.1209946870803833,0.8268486857414246,0.0520391725003719
3730,8.489644824294373e-05,0.2377398312091827,0.7555356621742249,0.0066396011970937
3731,4.609363895724528e-05,0.4366664886474609,0.5606908798217773,0.0025965140666812
3732,0.0038424078375101,0.9402061700820924,0.0555883795022964,0.0003630278515629
3733,0.0005771292489953,0.2478468269109726,0.652989387512207,0.098586656153202
3734,0.0006245720433071,0.1786736994981765,0.6334533095359802,0.1872484385967254
3735,0.0022864092607051,0.7296810746192932,0.2601758241653442,0.007856628857553
3736,0.0004257465479895,0.9141219258308412,0.0850265771150589,0.0004257465479895
3737,0.0001523725368315,0.9319910407066344,0.0675132051110267,0.0003433768288232
3738,0.0001402695052092,0.4965505599975586,0.4965505599975586,0.0067585636861622
3739,0.0009220174397341,0.4927780330181122,0.4776168465614319,0.0286831203848123
3740,0.0003011937951669,0.6267974972724915,0.3684752285480499,0.0044260104186832
3741,0.0001767377543728,0.6979599595069885,0.2955348789691925,0.0063283322378993
3742,0.0003959821187891,0.9050487279891968,0.0939125344157219,0.0006427424377761
3743,0.0014290523249655,0.2853985428810119,0.6233677268028259,0.0898046344518661
3744,0.0002927331370301,0.92890465259552,0.0705189257860183,0.000283726665657
3745,0.0001805304200388,0.4126166701316833,0.5728614926338196,0.0143413078039884
3746,0.0026140722911804,0.2044419944286346,0.6008884310722351,0.1920554786920547
3747,0.0003316089278087,0.7461681962013245,0.249935045838356,0.0035651319194585
3748,0.0002130483626388,0.8680626153945923,0.1310578435659408,0.0006665693363174
3749,0.0001853965659392,0.8970547318458557,0.1022317036986351,0.0005281456396915
3750,9.391973435413092e-05,0.917988896369934,0.0814761370420456,0.0004411193949636
3751,0.0003347126767039,0.2059003263711929,0.7299800515174866,0.0637849420309066
3752,0.0001064793104887,0.9042179584503174,0.0953038707375526,0.0003716493083629
3753,0.0002416795614408,0.9694533348083496,0.0302042420953512,0.000100747012766
3754,0.0001811117836041,0.9041398763656616,0.095295637845993,0.0003834136296063
3755,0.0001314796681981,0.6166008710861206,0.3798767626285553,0.0033909052144736
3756,0.0006827344186604,0.7724757790565491,0.2248032540082931,0.0020382683724164
3757,0.0016996816266328,0.2602625787258148,0.6243374347686768,0.1137002930045127
3758,0.0002525131276343,0.8138962388038635,0.1844646632671356,0.0013865699293091
3759,0.0011551491916179,0.3463169634342193,0.6078052520751953,0.0447226241230964
3760,0.0012388298055157,0.8771405220031738,0.1205774396657943,0.0010431992122903
3761,0.0039001835975795,0.9106408953666688,0.0847027972340583,0.0007560850935988
3762,0.0002045042056124,0.9151456952095032,0.083802118897438,0.0008476464427076
3763,0.0002567659248597,0.4226986765861511,0.5688032507896423,0.0082413125783205
3764,0.0044101136736571,0.7895004153251648,0.2027604877948761,0.00332892825827
3765,0.0007925213431008,0.5438721776008606,0.437013566493988,0.0183217544108629
3766,0.0003565204970072,0.8407223224639893,0.1579670459032058,0.0009540983010083
3767,0.0002544397721067,0.5463085174560547,0.4458840489387512,0.0075529175810515
3768,0.0011238425504416,0.2175391167402267,0.6294702887535095,0.1518667787313461
3769,0.000235664716456,0.6008857488632202,0.3940705060958862,0.0048079933039844
3770,5.236006109043956e-05,0.7682681679725647,0.230675920844078,0.0010035200975835
3771,0.0017723516793921,0.3222837150096893,0.5745328068733215,0.1014110669493675
3772,0.0027179829776287,0.9829075932502748,0.014241212978959,0.0001332224637735
3773,0.0075812032446265,0.251054972410202,0.5232434868812561,0.2181203365325927
3774,0.0005275997100397,0.815933346748352,0.1820593327283859,0.0014796899631619
3775,0.0001926797849591,0.7260721921920776,0.2713133692741394,0.002421832177788
3776,0.0001931197330122,0.7626545429229736,0.2362593561410904,0.0008929765899665
3777,7.852719136280939e-05,0.8834322690963745,0.1158810928463935,0.0006080881576053
3778,0.0011427561985328,0.5827848315238953,0.400541752576828,0.0155306886881589
3779,0.0003846314502879,0.800434947013855,0.1961550265550613,0.0030253606382757
3780,0.0064543238840997,0.496955394744873,0.4524830281734466,0.0441072955727577
3781,0.0010420699836686,0.7732357978820801,0.2215357720851898,0.0041863699443638
3782,0.0002682005579117,0.5581371188163757,0.4346776306629181,0.0069169835187494
3783,0.0005057704402133,0.4971802532672882,0.4894721806049347,0.0128417639061808
3784,0.0020656757988035,0.3697981834411621,0.5638749003410339,0.0642612874507904
3785,0.0001534666516818,0.6975701451301575,0.3000212013721466,0.0022551759611815
3786,0.0005260203615762,0.5252291560173035,0.4635130763053894,0.0107317818328738
3787,6.974648567847908e-05,0.9613721966743468,0.0384597294032573,9.835829405346884e-05
3788,0.0002460592077113,0.2272252738475799,0.699903130531311,0.0726255699992179
3789,4.974729017703794e-05,0.8533763885498047,0.145995482802391,0.0005782931693829
3790,0.0001410489348927,0.8493543863296509,0.1499199569225311,0.0005846315762028
3791,0.0001071267834049,0.8283060193061829,0.1709305942058563,0.0006562310736626
3792,5.740571577916853e-05,0.9396557807922364,0.0600701831281185,0.0002166469057556
3793,8.116637036437169e-05,0.7810356616973877,0.2168857604265213,0.0019974487368017
3794,0.0008208000799641,0.545948326587677,0.438681811094284,0.0145490299910306
3795,0.0009920987067744,0.111142948269844,0.5059521794319153,0.3819127678871155
3796,0.0002401659439783,0.9633817672729492,0.036205094307661,0.0001729850191622
3797,0.0001960740337381,0.9052734971046448,0.0939358547329902,0.0005945871816948
3798,0.0009450713987462,0.9290199279785156,0.0694342479109764,0.0006007238989695
3799,0.0001120923261623,0.880348265171051,0.1191421821713447,0.0003974018036387
3800,0.0002193563996115,0.8799080848693848,0.1190826073288917,0.000789932673797
3801,0.000259358115727,0.903887152671814,0.095269002020359,0.0005844724946655
3802,0.0004422540660016,0.1959538757801056,0.7280569672584534,0.0755469501018524
3803,0.0010927822440862,0.6315025091171265,0.3598192632198334,0.0075854118913412
3804,5.815087934024632e-05,0.5256631970405579,0.4712014496326446,0.0030772478785365
3805,0.0001308010105276,0.8384432792663574,0.1600196957588195,0.001406243420206
3806,6.882285379106179e-05,0.978754222393036,0.0209582131356,0.0002187185746151
3807,0.001167488284409,0.2057639509439468,0.6142976880073547,0.1787708103656768
3808,0.0001136626306106,0.6530994176864624,0.3441592156887054,0.00262768776156
3809,0.0006861797301098,0.8264457583427429,0.1705467104911804,0.0023213161621242
3810,6.083955668145791e-05,0.9502593278884888,0.0495811104774475,9.87523453659378e-05
3811,0.0001943733077496,0.0861228853464126,0.6565673351287842,0.2571154534816742
3812,0.0001047751793521,0.5312919020652771,0.4615944027900696,0.0070089404471218
3813,0.0002093479706672,0.7646112442016602,0.2331932336091995,0.0019862381741404
3814,6.019578722771257e-05,0.7794566750526428,0.2198558449745178,0.0006272545433603
3815,0.0001483937958255,0.776358425617218,0.2224304229021072,0.0010627547744661
3816,0.000559921900276,0.9510265588760376,0.0480944588780403,0.0003190338611602
3817,8.397286001127213e-05,0.959572970867157,0.0402300171554088,0.0001129978336393
3818,7.40853720344603e-05,0.3756706416606903,0.6193761825561523,0.0048791104927659
3819,0.0001149322779383,0.9168673157691956,0.0826580971479415,0.0003595912712626
3820,0.0005823911633342,0.6798601150512695,0.3112626373767853,0.0082948673516511
3821,0.0001670581696089,0.8877691626548767,0.111117348074913,0.000946448999457
3822,0.0001451929856557,0.9753618240356444,0.0244177058339118,7.532512245234102e-05
3823,0.0001000902193482,0.7046433091163635,0.2937390208244324,0.0015175037551671
3824,0.0085525680333375,0.3416311144828796,0.4669544100761413,0.1828619688749313
3825,0.0007457283209078,0.4960149526596069,0.4807541668415069,0.0224851723760366
3826,6.010117431287654e-05,0.587440013885498,0.4100992083549499,0.0024007330648601
3827,4.833780258195475e-05,0.7204195261001587,0.2777464687824249,0.001785741536878
3828,4.876593447988853e-05,0.836542010307312,0.1621710509061813,0.0012381912674754
3829,0.0004941134830005,0.9811838865280152,0.0182540118694305,6.79240474710241e-05
3830,0.0002723659272305,0.786931574344635,0.2117997705936432,0.0009962732437998
3831,0.0001394750579493,0.9224245548248292,0.0769095942378044,0.0005263733910396
3832,0.00505086267367,0.4546641111373901,0.4916091561317444,0.0486758984625339
3833,0.0002621013554744,0.7813131809234619,0.2169628292322158,0.0014618841232731
3834,0.0001002498756861,0.9349896907806396,0.0646288245916366,0.0002811576996464
3835,0.00026431583683,0.9504061937332152,0.0488199703395366,0.0005094821099191
3836,0.0004422443162184,0.9060614705085754,0.0925600081682205,0.0009362311684526
3837,0.0035769373644143,0.1806175708770752,0.5226342678070068,0.293171226978302
3838,0.0002176034322474,0.5635713338851929,0.432105153799057,0.0041058752685785
3839,9.866463369689882e-05,0.5758494734764099,0.42130047082901,0.0027513627428561
3840,0.0001176552541437,0.8028184175491333,0.1967391222715377,0.000324856606312
3841,5.275347939459607e-05,0.0910127311944961,0.8369375467300415,0.0719969943165779
3842,4.570723103825003e-05,0.5647461414337158,0.4330058991909027,0.0022022977937012
3843,0.0030125412158668,0.2547503411769867,0.5066315531730652,0.2356055825948715
3844,0.0003759079263545,0.0612729787826538,0.4253187775611877,0.5130323767662048
3845,0.0003299819945823,0.95339834690094,0.046006504446268,0.0002651479735504
3846,0.000458682043245,0.3197300434112549,0.6358590722084045,0.0439521707594394
3847,0.0001061653892975,0.901552140712738,0.0980392470955848,0.0003024370525963
3848,0.0013775968691334,0.3879846036434173,0.5734040141105652,0.0372337512671947
3849,0.0003243401297368,0.7413052320480347,0.2561882436275482,0.0021820995025336
3850,0.0004609833122231,0.3999068140983581,0.5728400349617004,0.0267920885235071
3851,0.0019493957515805,0.5936378836631775,0.3893172442913055,0.0150954686105251
3852,0.0003966845397371,0.585379958152771,0.4086610376834869,0.0055622966028749
3853,0.0001589854218764,0.2919791340827942,0.6683468818664551,0.0395150780677795
3854,0.0003198937338311,0.7426564693450928,0.2526761591434479,0.0043475329875946
3855,0.0004213818756397,0.6316176652908325,0.3598848581314087,0.0080761006101965
3856,0.0028741147834807,0.8616677522659302,0.1342219561338424,0.0012361414264887
3857,0.000137156486744,0.9358847141265868,0.0636877566576004,0.000290360301733
3858,0.0004130313463974,0.8462104797363281,0.1517171859741211,0.0016592956380918
3859,0.002035163110122,0.2882133722305298,0.6101476550102234,0.0996038690209388
3860,0.0002232474507763,0.7541003823280334,0.244820550084114,0.0008557949331589
3861,0.0002297124301549,0.9808778762817384,0.0188275836408138,6.479336298070848e-05
3862,0.0001940167858265,0.3507905304431915,0.6351996660232544,0.0138158202171325
3863,0.0003129893739242,0.3829057514667511,0.5930560231208801,0.0237252283841371
3864,0.0001376796135446,0.9105502367019652,0.0887589305639267,0.0005531085771508
3865,7.915133755886927e-05,0.9331877827644348,0.0665518566966056,0.0001811792171793
3866,0.0030513990204781,0.4599994421005249,0.4973779916763305,0.0395711511373519
3867,8.010260353330523e-05,0.8734300136566162,0.1258295327425003,0.0006602927460335
3868,0.0002183315955335,0.9178277850151062,0.0814618393778801,0.0004920178907923
3869,0.0001428850955562,0.7834134697914124,0.2141733169555664,0.0022702969145029
3870,0.00024451277568,0.9359034895896912,0.0636890307068824,0.0001628806494409
3871,7.693958468735218e-05,0.8930479288101196,0.1066593676805496,0.0002157824055757
3872,0.0014009794685989,0.1261121481657028,0.5651954412460327,0.3072914183139801
3873,0.0001558498479425,0.895504891872406,0.1036622151732444,0.0006769808242097
3874,0.0001934461906785,0.9214919805526732,0.0780417621135711,0.0002728028630372
3875,0.0007156202918849,0.9174924492836,0.0814320817589759,0.0003598364419303
3876,0.0002787719422485,0.870888352394104,0.1274391114711761,0.0013937720796093
3877,0.0022451642435044,0.4699040949344635,0.4848204553127289,0.0430302619934082
3878,6.354592187562957e-05,0.9771425127983092,0.0226239133626222,0.0001700576976872
3879,0.0001149763120338,0.60152667760849,0.3944908380508423,0.003867452032864
3880,0.0079743638634681,0.7178293466567993,0.25998055934906,0.0142158390954136
3881,0.0018638069741427,0.3780857920646667,0.5501115918159485,0.0699388310313224
3882,0.0027964536566287,0.9500144124031068,0.0465651340782642,0.0006239732028916
3883,0.0001731521479086,0.5002787709236145,0.492522656917572,0.0070254583843052
3884,4.331871969043277e-05,0.6064999103546143,0.3915857672691345,0.0018709654686972
3885,0.0003305685240775,0.2958740293979645,0.6667624115943909,0.0370329767465591
3886,7.857186574256048e-05,0.95576149225235,0.0440085306763649,0.0001514512259745
3887,0.0001907772384583,0.9376260042190552,0.061843141913414,0.0003400972054805
3888,0.0006310999742709,0.5827940702438354,0.406855821609497,0.0097190113738179
3889,0.0029442927334457,0.6458024382591248,0.340313971042633,0.0109393745660781
3890,0.0001101969974115,0.9069972634315492,0.092655599117279,0.0002369607682339
3891,7.257716060848907e-05,0.9696109890937804,0.0302091557532548,0.0001072620871127
3892,0.000338025361998,0.976637601852417,0.022968316450715,5.605010301223956e-05
3893,0.0002090925117954,0.6634950637817383,0.3336262702941894,0.0026695139240473
3894,0.0022541836369782,0.1762957274913787,0.5022197961807251,0.3192302882671356
3895,0.0005512751522473,0.9660627841949464,0.0330568477511405,0.0003291814355179
3896,8.747239917283878e-05,0.8549714684486389,0.144000694155693,0.0009404169395565
3897,0.0001428782561561,0.3317022621631622,0.6494414806365967,0.0187133606523275
3898,0.0002364886604482,0.978743851184845,0.0209579896181821,6.169175321701914e-05
3899,8.05604868219234e-05,0.9205791354179382,0.0791922062635421,0.0001481734070694
3900,0.0004095610638614,0.69563889503479,0.2991905808448791,0.0047609903849661
3901,0.0001250068016815,0.936816930770874,0.0627628192305564,0.0002952266077045
3902,0.0001808377710403,0.7484242916107178,0.2506907284259796,0.0007041387143544
3903,6.828906043665484e-05,0.8306797742843628,0.1687628328800201,0.0004890670534223
3904,4.175509820925072e-05,0.8914204835891724,0.1081415712833404,0.0003961613110732
3905,0.0002657301374711,0.4513423442840576,0.5359822511672974,0.0124096712097525
3906,0.0013115823967382,0.9142548441886902,0.0837205424904823,0.0007130950107239
3907,0.0002043748099822,0.7234817147254944,0.2746027112007141,0.0017112091882154
3908,0.0002496659290045,0.9118663668632508,0.0875091627240181,0.0003747929295059
3909,0.0005111963837407,0.1005091220140457,0.5694229602813721,0.3295567333698272
3910,0.0002263311034766,0.8528799414634705,0.1459105461835861,0.0009831375209614
3911,0.0003645349061116,0.9589768648147584,0.0402050241827964,0.0004536710039246
3912,0.0005619977600872,0.8556552529335022,0.1418815404176712,0.0019012138945981
3913,0.0004825538781005,0.3363701403141022,0.6090877056121826,0.0540596060454845
3914,0.0004401164187584,0.1980776339769363,0.7593091130256653,0.0421731583774089
3915,0.000745944562368,0.7928594350814819,0.2036231458187103,0.0027715200558304
3916,3.615352397901006e-05,0.5222488045692444,0.4755129516124725,0.0022020619362592
3917,0.0002466093865223,0.7704119086265564,0.2277333289384842,0.0016080951318144
3918,9.350373147754e-05,0.2459789812564849,0.7343575954437256,0.0195699669420719
3919,0.0001601441326783,0.1959175616502761,0.7628557085990906,0.0410665497183799
3920,0.0001913837331812,0.5886167287826538,0.4045499563217163,0.0066419141367077
3921,0.0003697852662298,0.8064703941345215,0.1915535032749176,0.0016062740469351
3922,0.0021902741864323,0.2378229945898056,0.6265801191329956,0.1334066092967987
3923,0.0058595133014023,0.86962890625,0.1233396008610725,0.0011719764443114
3924,0.0002096181124215,0.3191486597061157,0.6548505425453186,0.0257911663502454
3925,0.0002565080358181,0.9223315119743348,0.076901838183403,0.0005101271672174
3926,0.0002893812488764,0.9327290654182434,0.0665191411972045,0.0004624299181159
3927,0.0001791712711565,0.9373783469200134,0.0618268027901649,0.0006156737799756
3928,0.0008946523303166,0.9216632843017578,0.0768461227416992,0.000595966936089
3929,0.0009669227874837,0.6846195459365845,0.3085822165012359,0.0058312905021011
3930,8.421937673119828e-05,0.8626807928085327,0.1364959329366684,0.0007390015525743
3931,0.0010469594271853,0.8666543364524841,0.130845233798027,0.0014535592636093
3932,0.0029135085642337,0.210736408829689,0.4749018251895904,0.3114482164382934
3933,0.0001241148711415,0.6804996132850647,0.3164617419242859,0.0029145115986466
3934,0.0003539566823747,0.4538057744503021,0.5305526852607727,0.0152876339852809
3935,0.0004400573961902,0.2011699229478836,0.7132092714309692,0.0851807072758674
3936,0.0005883718840777,0.3095838129520416,0.6452280879020691,0.0445997789502143
3937,0.9768919348716736,0.018751073628664,0.003158195875585,0.0011987159959971
3938,0.0009361548582091,0.7510900497436523,0.2438432425260543,0.0041305087506771
3939,0.0002556539839133,0.9633768796920776,0.0362049117684364,0.0001625035656616
3940,0.0004530051373876,0.5046036243438721,0.4814961552619934,0.013447230681777
3941,0.001582094701007,0.7462044954299927,0.2499472051858902,0.0022662461269646
3942,0.0004270215868018,0.6813521981239319,0.3119457960128784,0.0062750368379056
3943,0.0020513657946139,0.9675390124320984,0.0301446001976728,0.0002649089146871
3944,0.0001613495696801,0.8985819816589355,0.1008180975914001,0.0004385936190374
3945,0.0015424854354932,0.5937866568565369,0.3833774924278259,0.021293357014656
3946,0.9287624955177308,0.0492226108908653,0.0152484532445669,0.0067664599046111
3947,0.0001655902742641,0.5337278842926025,0.4637108445167541,0.0023956061340868
3948,0.0032278564758598,0.937946915626526,0.0581161342561244,0.0007090660510584
3949,0.0010614929487928,0.9065774083137512,0.0911768898367881,0.0011841810774058
3950,0.0002856117498595,0.892255961894989,0.1065647825598716,0.0008936001104302
3951,0.0024578510783612,0.6302789449691772,0.3535544276237488,0.0137087926268577
3952,0.9354574680328368,0.0444409176707267,0.0127325374633073,0.0073690274730324
3953,0.9354574680328368,0.0444409176707267,0.0127325374633073,0.0073690274730324
3954,0.0004656609962694,0.3564976453781128,0.6159726977348328,0.0270639508962631
3955,6.095128992456012e-05,0.9227144122123718,0.0769337639212608,0.0002907823654823
3956,0.0001643758441787,0.9444947838783264,0.0549761839210987,0.0003646837431006
3957,0.0003702883550431,0.9590101838111876,0.0402064211666584,0.0004130864981561
3958,9.429737838217989e-05,0.8391991853713989,0.1601639688014984,0.0005426438874565
3959,0.0002952138602267,0.6338546872138977,0.3611595034599304,0.0046906429342925
3960,5.207012509345077e-05,0.8391052484512329,0.1601460427045822,0.0006966905784793
3961,0.0001258631236851,0.4455523788928985,0.5459021925926208,0.0084196208044886
3962,0.000340003054589,0.7075613141059875,0.2858806252479553,0.0062180059030652
3963,0.0001883323711808,0.9112598299980164,0.0874509587883949,0.0011008450528606
3964,0.0003024383622687,0.8469336032867432,0.1518468409776687,0.0009171331184916
3965,0.000529738725163,0.9577900767326356,0.0414299368858337,0.0002502308343537
3966,9.453783422941342e-05,0.8680460453033447,0.1310553550720214,0.0008040207321755
3967,0.0005894026835449,0.6668761372566223,0.3250094652175903,0.0075249886140227
3968,0.0001128659787354,0.5904859900474548,0.4058347046375274,0.0035664506722241
3969,0.0004094498872291,0.5948499441146851,0.3962555229663849,0.0084850788116455
3970,8.652180986246094e-05,0.7944429516792297,0.2040298283100128,0.0014407173730432
3971,0.0001380323956254,0.898730456829071,0.1008347570896148,0.0002968162880279
3972,0.0010486175306141,0.9533410668373108,0.0452905185520648,0.0003198102931492
3973,0.0002980345161631,0.8346012234687805,0.161794826388359,0.0033058843109756
3974,0.0001880455674836,0.4794688820838928,0.5103919506072998,0.0099510597065091
3975,0.0007542565581388,0.96702778339386,0.032071802765131,0.000146219288581
3976,4.452717985259369e-05,0.9070698022842408,0.0926630124449729,0.0002226218930445
3977,0.0001922225928865,0.9300829768180848,0.0695136934518814,0.0002111152134602
3978,0.0002508592442609,0.1567475944757461,0.7024939656257629,0.140507623553276
3979,7.547043060185388e-05,0.1079437807202339,0.849043607711792,0.0429370701313018
3980,0.0001504896645201,0.7997219562530518,0.1990665346384048,0.0010610553435981
3981,6.006807598168962e-05,0.952984094619751,0.0467106960713863,0.0002451152540743
3982,0.0001727870840113,0.9622793793678284,0.0373116210103035,0.0002361719671171
3983,0.0012613469734787,0.8131618499755859,0.1814409494400024,0.004135797265917
3984,0.0038174157962203,0.8373135924339294,0.1573265641927719,0.0015423754230141
3985,0.0013178612571209,0.5153056383132935,0.4547556340694427,0.0286208428442478
3986,0.0017756180604919,0.5407183766365051,0.4344794452190399,0.0230265688151121
3987,0.0016915940213948,0.1595801413059234,0.5837199091911316,0.255008339881897
3988,8.961761341197416e-05,0.6211338639259338,0.3767367303371429,0.0020396874751895
3989,8.777610491961241e-05,0.7453910708427429,0.2536065578460693,0.0009146480006165
3990,0.000328473834088,0.5846871137619019,0.408177375793457,0.0068070031702518
3991,0.0002584692556411,0.8730749487876892,0.1257783770561218,0.0008881597896106
3992,0.0003236994380131,0.8253521919250488,0.1730032116174698,0.001320895855315
3993,0.0002159952855436,0.3726450204849243,0.6143877506256104,0.0127512114122509
3994,0.000304228044115,0.9653803706169128,0.0340820960700511,0.0002332597068743
3995,0.0001052844600053,0.2994763851165771,0.6855082511901855,0.0149100506678223
3996,0.0005705129588022,0.9690154790878296,0.0301906000822782,0.00022341607837
3997,0.0002751731080934,0.8731828927993774,0.1257939338684082,0.0007479980122298
3998,0.0001992820616578,0.1188177689909935,0.7869903445243835,0.0939925983548164
3999,0.0003512047114782,0.8027064204216003,0.193661943078041,0.0032804778311401
4000,0.000913439609576,0.2572599053382873,0.677789568901062,0.0640370547771453
4001,0.0008904142305254,0.1112807840108871,0.461245983839035,0.4265828132629394
4002,0.0009744002018123,0.5047518014907837,0.481637567281723,0.0126362144947052
4003,0.0011456692591309,0.2512915730476379,0.6620650887489319,0.0854976549744606
4004,0.0022508329711854,0.4495177567005157,0.4936986863613128,0.0545326881110668
4005,0.0058462568558752,0.4295235276222229,0.4717393219470978,0.0928909704089164
4006,0.0034775275271385,0.4147067666053772,0.4848413169384002,0.0969743579626083
4007,0.0013697954127565,0.1851028054952621,0.6164864897727966,0.1970409154891967
4008,0.0014545680023729,0.290494292974472,0.5960555672645569,0.1119955256581306
4009,0.0014291000552475,0.2257763594388961,0.585619330406189,0.1871751844882965
4010,0.0026907564606517,0.3362810611724853,0.5631648302078247,0.0978633612394332
4011,0.0031220198143273,0.289956271648407,0.5417096018791199,0.1652120947837829
4012,0.0011666190112009,0.2599163353443146,0.6432991623878479,0.0956178829073906
4013,0.002114346018061,0.2090337127447128,0.5862495303153992,0.2026024162769317
4014,9.700937516754492e-05,0.0087325051426887,0.0429828986525535,0.9481875896453856
4015,0.0007174562779255,0.1958465874195099,0.6729739904403687,0.1304619461297989
4016,0.0025257626548409,0.2038058787584304,0.5627260804176331,0.2309423089027404
4017,0.0041258088313043,0.40789595246315,0.4997645616531372,0.0882136821746826
4018,0.0025752470828592,0.2668190002441406,0.5737509727478027,0.1568547785282135
4019,0.0031772735528647,0.3615493178367615,0.517895519733429,0.1173778846859932
4020,0.0008469392196275,0.1946831792593002,0.6187019348144531,0.1857679933309555
4021,0.0038538281805813,0.2007764130830764,0.4892222583293915,0.3061474859714508
4022,0.0046657561324536,0.2079140841960907,0.4987599551677704,0.2886601388454437
4023,0.0035269672516733,0.2018073350191116,0.4619415998458862,0.3327240645885467
4024,0.0003325777652207,0.0304091498255729,0.1473585069179535,0.8218997716903687
4025,0.003757374593988,0.2717738747596741,0.5489983558654785,0.1754704117774963
4026,0.0001295698893954,0.0142904315143823,0.0875395014882087,0.8980404734611511
4027,0.0008374168537557,0.0923597887158393,0.4075105190277099,0.4992923140525818
4028,0.0029875680338591,0.2160931974649429,0.4946422278881073,0.2862769663333893
4029,0.0020180947612971,0.165406122803688,0.4357871115207672,0.3967886865139007
4030,0.0039657982997596,0.3569898307323456,0.5529166460037231,0.0861278027296066
4031,0.0033078850246965,0.1863373965024948,0.4833224415779114,0.3270323276519775
4032,0.001801518141292,0.1986917704343795,0.4917668402194977,0.3077398538589477
4033,0.0008758570766076,0.3478678464889526,0.5917431712150574,0.0595131777226924
4034,0.0013563612010329,0.36451056599617,0.5645650029182434,0.0695680528879165
4035,0.0004895884776487,0.0484029129147529,0.2829258739948272,0.6681815981864929
4036,0.0028035819996148,0.4032867550849914,0.525985062122345,0.0679245740175247
4037,0.0044633755460381,0.7051463723182678,0.2804878354072571,0.0099024325609207
4038,0.0007254304364323,0.8737199306488037,0.1239198446273803,0.0016347827622666
4039,0.0018723577959463,0.1419285088777542,0.4581508338451385,0.3980483412742615
4040,0.0011166791664436,0.1311031281948089,0.4101853668689728,0.4575948715209961
4041,0.0016884120414033,0.254528671503067,0.591796875,0.1519860178232193
4042,0.0019478941103443,0.2182189673185348,0.5931805968284607,0.1866525411605835
4043,0.0011050845496356,0.1257501393556594,0.4059264063835144,0.4672184288501739
4044,0.0008274631691165,0.075658842921257,0.2900300025939941,0.6334837079048157
4045,0.0001940825313795,0.0136062363162636,0.0901210084557533,0.8960787653923035
4046,0.0016275093657895,0.2269093990325927,0.5616061687469482,0.2098569124937057
4047,0.0014005748089402,0.2078637480735778,0.6014736294746399,0.1892620772123336
4048,0.0009870318463072,0.1464885175228119,0.5275254249572754,0.3249989748001098
4049,0.0012595450971275,0.4082993566989898,0.5409087538719177,0.0495323315262794
4050,0.000370476860553,0.0402268916368484,0.2351351976394653,0.7242674231529236
4051,0.0006130507681518,0.0868183001875877,0.4207094609737396,0.4918591678142547
4052,0.0008177369018085,0.2821772396564483,0.6664134860038757,0.050591591745615
4053,0.001063979580067,0.3449040353298187,0.5959407091140747,0.0580913126468658
4054,0.0006330612231977,0.6223090887069702,0.3658366203308105,0.0112212784588336
4055,0.0004209255857858,0.2980320155620575,0.6612128615379333,0.0403342433273792
4056,0.0138354338705539,0.8041074872016907,0.176638975739479,0.0054180338047444
4057,0.0025962842628359,0.0712775439023971,0.2062484174966812,0.7198776602745056
4058,0.0020054727792739,0.0729394629597663,0.2110573202371597,0.7139977216720581
4059,0.0051889335736632,0.1276961117982864,0.3210279643535614,0.5460869669914246
4060,0.0011850394075736,0.0986571833491325,0.3234844207763672,0.5766733884811401
4061,0.0005341792711988,0.0598431006073951,0.23301462829113,0.7066080570220947
4062,0.0016569216968491,0.5899049043655396,0.3929614424705505,0.0154767101630568
4063,0.0010662592248991,0.5108272433280945,0.4724379777908325,0.0156685654073953
4064,0.0006439628195948,0.2765483856201172,0.6330255270004272,0.0897821113467216
4065,0.0007626131991855,0.2550591826438904,0.6118552088737488,0.1323229670524597
4066,0.0008859384688548,0.351871907711029,0.5711444616317749,0.0760976374149322
4067,0.0005375713808462,0.2615973055362701,0.6474595069885254,0.0904056057333946
4068,0.001483752625063,0.3105436265468597,0.6175897717475891,0.0703828334808349
4069,0.0001814294082578,0.01213672850281,0.0676932409405708,0.9199886322021484
4070,0.0019588936120271,0.3973747491836548,0.5517001748085022,0.0489661730825901
4071,0.0018643942894414,0.3285901844501495,0.5677528977394104,0.1017924919724464
4072,0.0023504390846937,0.1523952186107635,0.4621327519416809,0.383121520280838
4073,0.0069751045666635,0.3633884489536285,0.5287270545959473,0.1009093299508094
4074,0.0006630828720517,0.1187053918838501,0.6518208384513855,0.2288106381893158
4075,0.0005009700544178,0.1151563823223114,0.6944819092750549,0.1898607760667801
4076,0.0005773683660663,0.0561962611973285,0.2257605940103531,0.7174657583236694
4077,0.000641860475298,0.062473390251398,0.2756455242633819,0.6612392663955688
4078,0.0007619594107382,0.0586676262319088,0.2145972400903701,0.7259731292724609
4079,0.0003729685267899,0.0392514616250991,0.1962449699640274,0.7641305923461914
4080,0.0025141024962067,0.2093046456575393,0.5020957589149475,0.2860855162143707
4081,0.0017951609333977,0.3213704824447632,0.5640227794647217,0.1128116473555564
4082,0.0010126485722139,0.3549383878707886,0.58519446849823,0.058854553848505
4083,0.0034795252140611,0.4557278454303741,0.4927592873573303,0.0480333603918552
4084,0.0006319134845398,0.0443005599081516,0.1698213964700698,0.7852461338043213
4085,0.0037911266554147,0.2536076009273529,0.5043589472770691,0.2382423132658004
4086,0.0011572674848139,0.7118993997573853,0.2787837982177734,0.0081595312803983
4087,0.0076283109374344,0.5023848414421082,0.4230504930019378,0.0669363066554069
4088,0.0015123514458537,0.316529244184494,0.6006669402122498,0.0812914296984672
4089,0.0013706034515053,0.1233777776360511,0.4239544570446014,0.4512971639633178
4090,0.0008968582842499,0.3912190496921539,0.5781842470169067,0.0296998675912618
4091,0.0020226698834449,0.4367750883102417,0.5106418132781982,0.0505603849887847
4092,0.0001889550476334,0.0225335173308849,0.1317134648561477,0.8455640077590942
4093,0.0003178690967615,0.0397261418402195,0.1865845471620559,0.7733713984489441
4094,0.0002240962494397,0.030282512307167,0.1637057065963745,0.8057877421379089
4095,0.0008607227355241,0.1978515982627868,0.5906757712364197,0.2106119394302368
4096,0.0009925815975293,0.1111970543861389,0.4196532964706421,0.4681570827960968
4097,0.0007148461299948,0.0788413062691688,0.3645584881305694,0.5558853149414062
4098,0.0030529350042343,0.2925405502319336,0.5297225713729858,0.1746839731931686
4099,0.0032495341729372,0.22080098092556,0.5054184794425964,0.27053102850914
4100,0.0005936719244346,0.0802239030599594,0.3709515929222107,0.5482308864593506
4101,0.0028856678400188,0.3232759833335876,0.5585707426071167,0.115267589688301
4102,0.0133694903925061,0.3670416176319122,0.4712907671928406,0.1482982188463211
4103,0.0032806112430989,0.2336104065179824,0.5182873606681824,0.2448216080665588
4104,0.000558913918212,0.6837655901908875,0.3081973195075989,0.0074781849980354
4105,0.0007414167048409,0.3038191199302673,0.604216456413269,0.0912230461835861
4106,0.0016195070929825,0.3184201419353485,0.5765843987464905,0.1033758968114852
4107,0.0011402982054278,0.7584598064422607,0.2349598854780197,0.0054400581866502
4108,0.0030981879681348,0.3364055454730987,0.5460400581359863,0.114456221461296
4109,0.003376601729542,0.3842313289642334,0.4933627843856811,0.1190293207764625
4110,0.0001784461492206,0.0110400719568133,0.055196888744831,0.9335846304893494
4111,0.003123935079202,0.1873247027397155,0.4858832955360412,0.3236680626869201
4112,0.0019134868634864,0.4398471117019653,0.530556857585907,0.0276825483888387
4113,0.0010020337067544,0.3567487001419067,0.6164065003395081,0.0258427895605564
4114,0.0015594301512464,0.1918704509735107,0.6291189789772034,0.1774511635303497
4115,0.0012208530679345,0.694574773311615,0.2987329065799713,0.0054714842699468
4116,0.0009786069858819,0.1385872066020965,0.5481230616569519,0.3123110830783844
4117,0.000256299128523,0.0278293117880821,0.1458151787519455,0.8260992169380188
4118,0.0010744580067694,0.1594637185335159,0.5924795866012573,0.2469822317361831
4119,0.0006299766828306,0.1127787083387374,0.5551162362098694,0.3314750492572784
4120,0.001221353188157,0.1550440937280655,0.4775694012641907,0.3661651909351349
4121,0.0034975309390574,0.2064756155014038,0.4800701737403869,0.3099566102027893
4122,0.0072275530546903,0.630586564540863,0.3428439795970917,0.0193419326096773
4123,0.0030426222365349,0.1768354624509811,0.4515651762485504,0.3685567677021026
4124,0.0022989835124462,0.1884282082319259,0.4887455701828003,0.3205271661281585
4125,0.0005670131067745,0.1926263123750686,0.6723318696022034,0.134474828839302
4126,0.0005381130613386,0.071588784456253,0.3469093143939972,0.5809637904167175
4127,0.0003320607356727,0.0462963283061981,0.2835994064807892,0.669772207736969
4128,0.0008654000703245,0.7625641226768494,0.2325689047574997,0.004001569468528
4129,0.0007368450169451,0.1298652291297912,0.68044513463974,0.1889527887105941
4130,0.0011791833676397,0.2212287336587906,0.630221962928772,0.1473701000213623
4131,0.0008434965857304,0.4874440431594848,0.4874440431594848,0.0242684092372655
4132,0.0005521808634512,0.0746171548962593,0.3559785485267639,0.5688520669937134
4133,0.0038704795297235,0.221462532877922,0.4473666250705719,0.3273003995418548
4134,0.0008308836258947,0.1022309511899948,0.3858155906200409,0.5111225843429565
4135,0.0020889125298708,0.3100220859050751,0.5702179074287415,0.1176711097359657
4136,0.0016724843299016,0.2405818104743957,0.60482257604599,0.1529230922460556
4137,0.0010452923597767,0.2557746171951294,0.6430172920227051,0.1001627743244171
4138,0.0008782575605437,0.2018822431564331,0.6218411326408386,0.1753983348608017
4139,0.0018135654972866,0.319631814956665,0.5698053240776062,0.1087492555379867
4140,0.000182176270755,0.017185989767313,0.0872776508331298,0.8953542709350586
4141,0.0002418014628347,0.0231700781732797,0.1071373522281646,0.8694507479667664
4142,0.0023804763332009,0.4680384993553161,0.4982243776321411,0.0313566252589225
4143,0.0023869895376265,0.1781334280967712,0.4918421506881714,0.3276375234127044
4144,0.0008577969274483,0.8836951851844788,0.1141184717416763,0.001328581944108
4145,0.0011909259483218,0.8046087622642517,0.1911113411188125,0.0030890270136296
4146,0.0013056986499577,0.2301228642463684,0.6453955173492432,0.1231758892536163
4147,0.0044713686220347,0.2188353240489959,0.5168198943138123,0.2598733901977539
4148,0.0019134460017085,0.2585672736167907,0.5826902985572815,0.1568289697170257
4149,0.0022634216584265,0.1537961065769195,0.445023775100708,0.3989167213439941
4150,0.0044052097946405,0.2901180386543274,0.5091730356216431,0.1963036954402923
4151,0.0012705472763627,0.4523461461067199,0.5125753283500671,0.0338080078363418
4152,0.0010553332976996,0.6910634636878967,0.2972227036952972,0.0106584895402193
4153,0.0015262775123119,0.6254408359527588,0.356365442276001,0.0166674349457025
4154,0.0005097896791994,0.6434652209281921,0.3444221317768097,0.0116027602925896
4155,0.0008468261221423,0.1009868308901786,0.4525915682315826,0.4455747902393341
4156,0.0016941978828981,0.3955726325511932,0.5491982102394104,0.0535349287092685
4157,0.0009621018543839,0.1921430230140686,0.6706450581550598,0.1362498104572296
4158,0.0008030493045225,0.281472772359848,0.6442975997924805,0.0734265595674514
4159,0.0008968237088993,0.1230977848172187,0.5516859889030457,0.3243194222450256
4160,0.0002776995534077,0.0358075760304927,0.2447003722190857,0.7192143797874451
4161,0.0013245666632428,0.2159043401479721,0.5600132346153259,0.222757875919342
4162,0.0007645192090421,0.1960494369268417,0.6328552961349487,0.1703307032585144
4163,0.0004107935819774,0.0659212321043014,0.4231960773468017,0.5104718804359436
4164,0.00369986705482,0.4343809187412262,0.5239633917808533,0.0379557833075523
4165,0.0005632558604702,0.7109511494636536,0.2827968299388885,0.0056886826641857
4166,0.0013720118440687,0.320346474647522,0.6079107522964478,0.0703707784414291
4167,0.0013377651339396,0.2509805262088775,0.630964994430542,0.1167167872190475
4168,0.0006654573371633,0.3501438796520233,0.6145216822624207,0.0346689410507679
4169,0.0012769940076395,0.1242920383810997,0.4915845394134521,0.3828464150428772
4170,0.0020140951965004,0.13900987803936,0.4629736244678497,0.3960023522377014
4171,0.0023323090281337,0.2416484057903289,0.5618493556976318,0.1941699534654617
4172,0.0005767192342318,0.0646087750792503,0.2720131278038025,0.6628013253211975
4173,0.0012352811172604,0.126002088189125,0.4329721927642822,0.4397904872894287
4174,0.0013352521928027,0.1201955825090408,0.387996107339859,0.4904730021953583
4175,0.0009172409190796,0.0878925323486328,0.3643044531345367,0.5468857288360596
4176,0.0006472495151683,0.1272592544555664,0.7323265671730042,0.139766976237297
4177,0.0017538564279675,0.1329458653926849,0.5258111357688904,0.3394891619682312
4178,0.0017211373196914,0.3384022414684295,0.5756416320800781,0.0842349752783775
4179,0.0005658213631249,0.1834189891815185,0.6709188222885132,0.1450963765382766
4180,0.0018463605083525,0.368739902973175,0.562261164188385,0.0671525225043296
4181,0.0065568913705646,0.2538558542728424,0.4817337393760681,0.2578535079956054
4182,0.0011164702009409,0.5874535441398621,0.3913284540176391,0.0201015546917915
4183,0.0014012600295245,0.0982359126210212,0.3171094059944153,0.5832534432411194
4184,0.0006455723778344,0.1965923011302948,0.63460773229599,0.1681543141603469
4185,0.0019195608329027,0.3715641498565674,0.557783842086792,0.0687324553728103
4186,0.0012026819167658,0.8515463471412659,0.1456824094057083,0.0015685928519815
4187,0.0018488531932234,0.3309825360774994,0.5630202889442444,0.1041482836008071
4188,0.0018294516485184,0.4547015428543091,0.4916495978832245,0.051819484680891
4189,0.0016063493676483,0.2787218391895294,0.5900540947914124,0.129617691040039
4190,0.0012503414181992,0.5123672485351562,0.4665156900882721,0.0198666341602802
4191,0.0015897785779088,0.2758465409278869,0.5749136209487915,0.1476500332355499
4192,0.00253625982441,0.1750489026308059,0.4400728940963745,0.3823419511318207
4193,0.0017240102170035,0.1961791217327118,0.5501978993415833,0.2518989741802215
4194,0.0029325955547392,0.1871925741434097,0.4490516483783722,0.3608231246471405
4195,0.0019237491069361,0.1504530310630798,0.4634279608726501,0.3841952979564667
4196,0.0025732773356139,0.2210315316915512,0.5139136910438538,0.2624814510345459
4197,0.0007806321373209,0.5192309617996216,0.4582197070121765,0.0217687133699655
4198,0.0012702456442639,0.1914899498224258,0.545504093170166,0.2617357075214386
4199,0.0035568787716329,0.1355727612972259,0.3802232146263122,0.4806471467018127
4200,0.0019307936308905,0.2375625967979431,0.5972323417663574,0.1632742285728454
4201,0.0026056335773319,0.3412706553936004,0.5203756093978882,0.1357480883598327
4202,0.0021333745680749,0.2352926433086395,0.564437747001648,0.1981362849473953
4203,0.0056808334775269,0.374127984046936,0.4803898632526397,0.139801412820816
4204,0.0032264422625303,0.4940467178821563,0.4498346447944641,0.052892155945301
4205,0.000520383066032,0.5618219375610352,0.4175105988979339,0.0201470926403999
4206,0.0030455335509032,0.6178069710731506,0.3631899654865265,0.0159574560821056
4207,0.0037878854200243,0.4447146952152252,0.4884235560894012,0.063073955476284
4208,0.0012001962168142,0.1303189694881439,0.4478059709072113,0.4206748008728027
4209,0.0051561724394559,0.219246044754982,0.4360228180885315,0.3395749032497406
4210,0.0003195454191882,0.0418521910905838,0.1681353151798248,0.7896929383277893
4211,0.0015428866026923,0.1244968175888061,0.3331707715988159,0.5407895445823669
4212,0.0025168939027935,0.4102536141872406,0.5350715517997742,0.0521578900516033
4213,0.000548850861378,0.0449846535921096,0.2284509241580963,0.726015567779541
4214,0.0016145748086273,0.2433976829051971,0.6119017004966736,0.1430861204862594
4215,0.0026636798866093,0.1926660984754562,0.4274483919143677,0.3772218823432922
4216,0.0020790609996765,0.4560221135616302,0.4930774867534637,0.048821285367012
4217,0.0021695627365261,0.4007250964641571,0.5477263331413269,0.0493790246546268
4218,0.0031116807367652,0.2147636115550995,0.5570544004440308,0.2250703275203704
4219,0.0024750954471528,0.1102944985032081,0.3093285858631134,0.5779018402099609
4220,0.0007549346191808,0.0794498398900032,0.304562360048294,0.6152328848838806
4221,0.0001725624024402,0.0199455022811889,0.1184218972921371,0.8614599704742432
4222,0.0010474894661456,0.5686534643173218,0.4095857739448547,0.0207132026553154
4223,0.0008205762133002,0.2876160442829132,0.658359706401825,0.0532036237418651
4224,0.0017138479743152,0.1201500222086906,0.3878490328788757,0.4902870953083038
4225,0.0008083442808128,0.135942593216896,0.5050880312919617,0.3581610321998596
4226,0.0005253890994936,0.0767657756805419,0.3898487389087677,0.5328600406646729
4227,0.0012196487514302,0.1926862150430679,0.584313690662384,0.2217804491519928
4228,0.0050039538182318,0.3000587522983551,0.526619553565979,0.1683177202939987
4229,0.0025244569405913,0.1467199772596359,0.451929360628128,0.3988262712955475
4230,0.005033800844103,0.364098846912384,0.5297607183456421,0.1011065989732742
4231,0.0016196592478081,0.1704540699720382,0.5949431657791138,0.2329830825328827
4232,0.0013170331949368,0.084068477153778,0.29342782497406,0.6211866736412048
4233,0.0023850144352763,0.2844208776950836,0.5656384825706482,0.1475556194782257
4234,0.0016334122046828,0.1200065463781356,0.4528999328613281,0.4254601299762726
4235,0.0029444613028317,0.1879499852657318,0.4579687416553497,0.3511368334293365
4236,0.0038893404416739,0.2561439573764801,0.517425000667572,0.2225417345762252
4237,0.0004688443441409,0.0674418359994888,0.3761603534221649,0.5559289455413818
4238,0.0031190095469355,0.2896767258644104,0.5497097969055176,0.1574945002794265
4239,0.0015100275631994,0.2461344599723816,0.5722797513008118,0.1800757944583892
4240,0.0016702153952792,0.1347710639238357,0.4216614067554474,0.4418973326683044
4241,0.0027841320261359,0.3646493554115295,0.5389167666435242,0.0936496928334236
4242,0.0032962213736027,0.5047315955162048,0.452438473701477,0.0395336337387561
4243,0.0032699997536838,0.4216454923152923,0.4853109717369079,0.0897735059261322
4244,0.0007915631285868,0.4646359980106354,0.4946024417877197,0.0399700105190277
4245,0.0004685728927142,0.874092698097229,0.1239727064967155,0.0014660349115729
4246,0.0010973354801535,0.4224241971969604,0.533994197845459,0.0424843169748783
4247,0.001378099201247,0.1300059407949447,0.4681694209575653,0.4004465341567993
4248,0.000392117712181,0.0369912609457969,0.219627246260643,0.7429893612861633
4249,0.0003979496832471,0.0363864079117774,0.1605443656444549,0.8026713132858276
4250,0.0004271450743544,0.0456609539687633,0.2507279515266418,0.7031839489936829
4251,0.0011247178772464,0.3022583723068237,0.6201939582824707,0.0764228850603103
4252,0.0005220158491283,0.0575737990438938,0.2620912194252014,0.6798129081726074
4253,0.0007815995486453,0.3253290951251983,0.6077947616577148,0.0660946145653724
4254,0.0009885322069749,0.1315110474824905,0.5802538990974426,0.2872465252876282
4255,0.0012472218368202,0.2651493847370147,0.636060357093811,0.0975430160760879
4256,0.0011806004913523,0.2113516330718994,0.6510088443756104,0.1364588737487793
4257,0.0006435401737689,0.1899439990520477,0.7168411016464233,0.0925713032484054
4258,0.0018263577949255,0.207825481891632,0.5920397043228149,0.198308452963829
4259,0.0006547090015374,0.1328121274709701,0.6640188694000244,0.2025143057107925
4260,0.003132329089567,0.4505760371685028,0.4871888756752014,0.0591027177870273
4261,0.001497893827036,0.1189924404025077,0.4088854491710663,0.4706242382526397
4262,0.0035007565747946,0.2572000622749328,0.5706232786178589,0.1686759144067764
4263,0.001243018778041,0.1328762024641037,0.456593245267868,0.409287542104721
4264,0.0007044610101729,0.3536924421787262,0.6111257076263428,0.0344773568212986
4265,0.0027975318953394,0.2402938604354858,0.5415105819702148,0.2153980284929275
4266,0.0013949004933238,0.1612285822629928,0.5454292893409729,0.2919472754001617
4267,0.0014095237711444,0.2059486657381057,0.5866931080818176,0.2059486657381057
4268,0.0011461698450148,0.2718297243118286,0.6222243905067444,0.1047996878623962
4269,0.0010508167324587,0.6265274882316589,0.3626063168048858,0.0098153026774525
4270,0.0023606142494827,0.3558633327484131,0.5598516464233398,0.0819243863224983
4271,0.0030914864037185,0.4177578687667846,0.544858992099762,0.0342916548252105
4272,0.0020306629594415,0.5719132423400879,0.405547171831131,0.0205089692026376
4273,0.0014224582118913,0.107825219631195,0.3763469755649566,0.514405369758606
4274,0.0009185242233797,0.1750397235155105,0.5921517610549927,0.2318899631500244
4275,0.0037979073822498,0.4821234047412872,0.438978374004364,0.0751003473997116
4276,0.0009896600386127,0.0890863686800003,0.3468808233737945,0.5630431175231934
4277,0.0012462218292057,0.3049404323101043,0.6064465045928955,0.0873669013381004
4278,0.0019438148010522,0.138417899608612,0.4197471141815185,0.4398911893367767
4279,0.0069838548079133,0.2969610691070556,0.5131027102470398,0.1829524040222168
4280,0.0012688854476436,0.2456146627664566,0.6174752116203308,0.1356413066387176
4281,0.0026344386860728,0.2092793881893158,0.5020351409912109,0.2860510051250458
4282,0.0040349373593926,0.4115748107433319,0.5202792882919312,0.0641109868884086
4283,0.0008691455004736,0.4363764226436615,0.5263704061508179,0.0363840386271476
4284,0.0026520348619669,0.2705149352550506,0.5379831790924072,0.1888498663902282
4285,0.0022988088894635,0.2698904275894165,0.5451936721801758,0.1826170086860656
4286,0.0035739559680223,0.3069847524166107,0.5061323046684265,0.1833089590072631
4287,0.0033200164325535,0.3604919910430908,0.524512767791748,0.1116752028465271
4288,0.0007200427935458,0.1173669472336769,0.5260021686553955,0.3559108674526214
4289,0.0007797484286129,0.0846661701798439,0.3794474303722381,0.5351066589355469
4290,0.000494736013934,0.0668545290827751,0.3728846609592438,0.5597661137580872
4291,0.0004776060522999,0.0815858542919159,0.4410489499568939,0.4768876433372497
4292,0.0020269530359655,0.223555251955986,0.5708683729171753,0.2035493999719619
4293,0.0002015481004491,0.0141296135261654,0.0695483982563018,0.91612046957016
4294,0.0024796810466796,0.1969854682683944,0.535461962223053,0.2650728821754455
4295,0.0013394232373684,0.2324067801237106,0.6317470669746399,0.1345067024230957
4296,0.0048697073943912,0.3522298336029053,0.4890226721763611,0.1538778096437454
4297,0.0023555990774184,0.2598021030426025,0.5674599409103394,0.1703823655843734
4298,0.0028549742419272,0.2610436975955963,0.5701718330383301,0.1659294515848159
4299,0.0014151788782328,0.2573355734348297,0.607745349407196,0.1335039287805557
4300,0.0007165089482441,0.1344255357980728,0.4994514584541321,0.3654064834117889
4301,0.0018624668009579,0.4776016175746918,0.4701971113681793,0.0503388382494449
4302,0.0013592364266514,0.2081321328878402,0.5314840078353882,0.2590246200561523
4303,0.0015919705620035,0.1675400882959365,0.4924276769161224,0.3384402692317962
4304,0.0021798617672175,0.1034032553434372,0.2900016009807586,0.604415237903595
4305,0.004770640283823,0.1818360537290573,0.416226863861084,0.3971664607524872
4306,0.0014183069579303,0.116246610879898,0.3694309890270233,0.5129041075706482
4307,0.0019217897206544,0.1265651136636734,0.4085571765899658,0.4629559516906738
4308,0.001631136983633,0.7004880905151367,0.2920068502426147,0.005873950663954
4309,0.0017455564811825,0.1430684924125671,0.4075641930103302,0.4476217031478882
4310,0.0014533253852277,0.643939197063446,0.3446758091449737,0.0099316770210862
4311,0.0022221717517822,0.5437474846839905,0.4301396906375885,0.0238905977457761
4312,0.0013059512712061,0.5608378052711487,0.4167792499065399,0.0210769884288311
4313,0.0022961155045777,0.340773731470108,0.5445548892021179,0.1123752444982528
4314,0.002062227576971,0.3929910063743591,0.5456139445304871,0.0593327656388282
4315,0.0008327096584253,0.3011338114738464,0.6276167631149292,0.0704166516661644
4316,0.0019335472024977,0.1355521231889724,0.4110567569732666,0.451457530260086
4317,0.0004124166734982,0.0338023044168949,0.1468305140733719,0.8189547657966614
4318,0.0006101026083342,0.0434450507164001,0.161417931318283,0.7945269346237183
4319,0.0002520151319913,0.0234057996422052,0.1116628274321556,0.8646794557571411
4320,0.0011984671000391,0.6712678670883179,0.3220778405666351,0.0054557407274842
4321,0.0007863469654694,0.5230321288108826,0.4615742266178131,0.0146072497591376
4322,0.0015615632291883,0.4681610465049743,0.4906285405158996,0.0396488681435585
4323,0.0029926674906164,0.4727965593338012,0.4727965593338012,0.0514142401516437
4324,0.0011861884268,0.2444156408309936,0.654090166091919,0.1003079786896705
4325,0.0010780395241454,0.0940563529729843,0.3720000982284546,0.5328655242919922
4326,0.0004469069244805,0.1110765933990478,0.5299168229103088,0.3585596680641174
4327,0.0009749149321578,0.1564473956823349,0.5722607970237732,0.270316869020462
4328,0.0017807129770517,0.1328889578580856,0.4495575428009033,0.4157727658748626
4329,0.0019948023837059,0.1355438083410263,0.4110315442085266,0.4514298141002655
4330,0.0028195243794471,0.3362376391887665,0.5630921125411987,0.0978507250547409
4331,0.0028969570994377,0.7545796632766724,0.2374390214681625,0.0050843181088566
4332,0.0020399971399456,0.1522384881973266,0.4689275920391083,0.3767938911914825
4333,0.0045545231550931,0.3618106245994568,0.5347213745117188,0.0989135131239891
4334,0.0007607004954479,0.0674144476652145,0.3021306097507477,0.6296942234039307
4335,0.0018814611248672,0.3937825262546539,0.5467128753662109,0.0576231107115745
4336,0.0004113650356885,0.0759804248809814,0.5883668661117554,0.3352413177490234
4337,0.0002897615195252,0.0526901222765445,0.3893302679061889,0.5576898455619812
4338,0.0009727972792461,0.1399339437484741,0.5534494519233704,0.3056437969207763
4339,0.0013181169051676,0.205014169216156,0.6314881443977356,0.162179559469223
4340,0.0004157580842729,0.0553110875189304,0.2808928787708282,0.6633802652359009
4341,0.0041777035221457,0.2625356018543243,0.4904810488224029,0.2428057193756103
4342,0.0004436061135493,0.0452490486204624,0.2125243842601776,0.7417829632759094
4343,0.0024566629435867,0.5222669839859009,0.4467186331748962,0.0285577662289142
4344,0.0015189460245892,0.2289816290140152,0.5939331650733948,0.1755663007497787
4345,0.003835093928501,0.7423485517501831,0.2486556321382522,0.0051606833003461
4346,0.0043613873422145,0.3010165095329284,0.5120463967323303,0.1825757771730423
4347,0.0035295481793582,0.837080180644989,0.1572827100753784,0.0021075895056128
4348,0.0059287589974701,0.2259785085916519,0.449411928653717,0.3186807632446289
4349,0.0008170443470589,0.6453631520271301,0.345438003540039,0.0083818035200238
4350,0.0016713285585865,0.8133152723312378,0.1814751774072647,0.0035382027272135
4351,0.0017656007548794,0.2969284057617187,0.6188519597053528,0.082454040646553
4352,0.0061915749683976,0.507470965385437,0.4548940360546112,0.0314434133470058
4353,0.0023956256918609,0.6747007966041565,0.3089005649089813,0.0140029685571789
4354,0.0011643919860944,0.1031902059912681,0.3716022074222564,0.5240431427955627
4355,0.0010900753550231,0.0951064452528953,0.3478849232196808,0.5559185147285461
4356,0.0001570060267113,0.0122791649773716,0.0567782782018184,0.9307855367660522
4357,0.002093527233228,0.2419788241386413,0.5896182060241699,0.1663094460964203
4358,0.0011139180278405,0.1209507584571838,0.3843806982040405,0.4935545921325683
4359,0.0008602415327914,0.0762359350919723,0.2745361626148224,0.6483676433563232
4360,0.0003226026310585,0.0256274994462728,0.1385409533977508,0.8355088829994202
4361,0.0007715462124906,0.1381225436925888,0.5906751751899719,0.2704308032989502
4362,0.0041502206586301,0.252784252166748,0.5268476605415344,0.2162178456783294
4363,0.0009577384917065,0.1023803278803825,0.4378251135349273,0.4588367640972137
4364,0.0016190744936466,0.2257333993911743,0.5855079293251038,0.1871395707130432
4365,0.0002821878006216,0.036959309130907,0.1847849190235138,0.7779735326766968
4366,0.0034391849767416,0.2264976501464843,0.5605870485305786,0.2094760984182357
4367,0.0028870294336229,0.3234284818172455,0.5765736699104309,0.0971108451485633
4368,0.000275382772088,0.0299014467746019,0.1616456657648086,0.8081775307655334
4369,0.002295293379575,0.245362251996994,0.6168406009674072,0.1355019062757492
4370,0.0019069976406171,0.2537006437778473,0.6085962057113647,0.1357961744070053
4371,0.0036144016776233,0.245593175292015,0.553452730178833,0.1973396688699722
4372,0.0009390740888193,0.3729759752750397,0.5867735743522644,0.0393113791942596
4373,0.000500185356941,0.2550854384899139,0.6933940649032593,0.0510202944278717
4374,0.0017136709066107,0.4128204584121704,0.5384193658828735,0.0470465570688247
4375,0.004891884047538,0.6018916368484497,0.365065723657608,0.0281508471816778
4376,0.000772856932599,0.3533074557781219,0.5645836591720581,0.0813359916210174
4377,0.0006631861324422,0.6220685839653015,0.3656952381134033,0.0115730063989758
4378,0.0019743083976209,0.4398651123046875,0.4907050132751465,0.0674555003643035
4379,0.0008229464874602,0.6706591248512268,0.3167969286441803,0.0117210457101464
4380,0.005465471651405,0.4341762363910675,0.4997337758541107,0.0606245845556259
4381,0.0013588111614808,0.5744914412498474,0.4137906730175018,0.010359046049416
4382,0.0012950327945873,0.8219347596168518,0.1750000119209289,0.0017701000906527
4383,0.0016091214492917,0.6593888401985168,0.3315615057945251,0.0074405022896826
4384,0.0021886522881686,0.4800599217414856,0.4952986538410187,0.0224527008831501
4385,0.0018148188246414,0.519172191619873,0.4510646164417267,0.0279484186321496
4386,0.0043380293063819,0.3500392138957977,0.5421513319015503,0.1034713983535766
4387,0.0037522946950048,0.3652173280715942,0.5482560992240906,0.0827742889523506
4388,0.0383219607174396,0.658374011516571,0.2921516895294189,0.0111523270606994
4389,0.0024612629786133,0.1302459686994552,0.3274383246898651,0.5398545265197754
4390,0.0060653737746179,0.4818322956562042,0.4743622243404388,0.037740021944046
4391,0.0008395570912398,0.0721137151122093,0.2942689955234527,0.632777750492096
4392,0.0027782027609646,0.3696029484272003,0.5548396706581116,0.0727791264653205
4393,0.0043374607339501,0.3287883102893829,0.542080283164978,0.1247939616441726
4394,0.0009380339761264,0.2725728750228882,0.633750855922699,0.0927382409572601
4395,0.0009022165322676,0.0979639217257499,0.418938547372818,0.4821953177452087
4396,0.0005193568649701,0.1311164647340774,0.6555411219596863,0.2128230333328247
4397,0.0046661398373544,0.7371800541877747,0.2508128881454468,0.0073408684693276
4398,0.0026155200321227,0.4263297319412231,0.5142517685890198,0.0568029358983039
4399,0.0014982803259044,0.4562623202800751,0.5011061429977417,0.0411332957446575
4400,0.0016098383348435,0.1591558307409286,0.5555084347724915,0.2837259471416473
4401,0.0009575362200848,0.2343014031648636,0.6469268798828125,0.1178141385316848
4402,0.0007534637697972,0.3724305927753448,0.5678888559341431,0.0589270815253257
4403,0.0006249367143027,0.313765287399292,0.6438045501708984,0.0418051816523075
4404,0.0032273659016937,0.3559503853321075,0.5098753571510315,0.1309468299150467
4405,0.0027063919696956,0.2634178102016449,0.5664372444152832,0.1674385368824005
4406,0.0043331743218004,0.5008468627929688,0.4489562213420868,0.0458637662231922
4407,0.0037836094852536,0.2694286108016968,0.5528315901756287,0.1739561706781387
4408,0.002791317878291,0.2217418551445007,0.5319310426712036,0.2435357868671417
4409,0.0021024881862103,0.31203693151474,0.5829617381095886,0.1028988510370254
4410,0.0020772016141563,0.1479163020849228,0.441596508026123,0.4084100127220154
4411,0.0020922715775668,0.4379042685031891,0.4885175228118896,0.0714859068393707
4412,0.0011155562242493,0.1330337673425674,0.4430701434612274,0.4227805137634277
4413,0.001665707794018,0.162126213312149,0.4765154123306274,0.3596927225589752
4414,0.0013789547374472,0.2247695922851562,0.6015145778656006,0.1723368167877197
4415,0.0005113397492095,0.0619392357766628,0.2819638550281524,0.6555855870246887
4416,0.0034767091274261,0.1455415040254593,0.3956227898597717,0.4553590416908264
4417,0.003437593113631,0.334586888551712,0.551640510559082,0.1103350445628166
4418,0.0012923990143463,0.1075951009988784,0.3697215318679809,0.521390974521637
4419,0.0041508171707391,0.2608460187911987,0.518754243850708,0.2162489295005798
4420,0.0023612161166965,0.1818035840988159,0.5513125061988831,0.2645226418972015
4421,0.0015895151300355,0.4840455949306488,0.4547187685966491,0.0596461184322834
4422,0.0004022654611617,0.2804041504859924,0.6622260212898254,0.056967556476593
4423,0.003973945043981,0.411736786365509,0.5044704675674438,0.0798188224434852
4424,0.0031514449510723,0.2108161002397537,0.4978810250759125,0.2881514430046081
4425,0.0001295504916924,0.0167047064751386,0.0991804003715515,0.8839853405952454
4426,0.0007264548330567,0.1165763065218925,0.5063843727111816,0.3763129115104675
4427,0.0014979054685682,0.1227706223726272,0.3901642262935638,0.4855672419071197
4428,0.0008633811376057,0.0664766579866409,0.2179685682058334,0.7146914601325989
4429,0.0013605908025056,0.1810085028409958,0.5663254857063293,0.2513054013252258
4430,0.0011000236263498,0.1021642237901687,0.4168938398361206,0.4798418581485748
4431,0.0051898821257054,0.3161086142063141,0.5293823480606079,0.1493191421031952
4432,0.0014676142018288,0.2710729539394378,0.6108723878860474,0.1165870353579521
4433,0.0013255259254947,0.1484961807727813,0.5102670788764954,0.3399111926555633
4434,0.0011773878941312,0.3641891181468963,0.5911372900009155,0.0434961877763271
4435,0.0012091065291315,0.3624935448169708,0.5702823996543884,0.0660149827599525
4436,0.0009063825127668,0.1205821335315704,0.4769116044044494,0.4015998542308807
4437,0.0032040269579738,0.506188154220581,0.4262531995773315,0.0643545985221862
4438,0.0012390009360387,0.2634017169475555,0.6220716238021851,0.1132876574993133
4439,0.0010662041604518,0.1557854562997818,0.502881646156311,0.3402667343616485
4440,0.0011942196870222,0.3416350185871124,0.5721310377120972,0.0850396826863288
4441,0.0013067756080999,0.2609784305095672,0.6163486242294312,0.1213662251830101
4442,0.0017633602255955,0.2576484978199005,0.5716181397438049,0.168969988822937
4443,0.0013868607347831,0.2521862089633941,0.6049632430076599,0.1414636373519897
4444,0.0013182694092392,0.1224337369203567,0.4620600640773773,0.4141879677772522
4445,0.0022076880559325,0.1453937739133834,0.4693368673324585,0.3830615878105163
4446,0.001325560035184,0.1020624637603759,0.3618428707122803,0.5347690582275391
4447,0.0006733048358,0.0697604864835739,0.3077977001667022,0.6217684745788574
4448,0.0008999712881632,0.6574426293373108,0.3357888758182525,0.0058685494586825
4449,0.0019251405028626,0.7410914301872253,0.2521436810493469,0.0048398026265203
4450,0.00067733816104,0.4166682660579681,0.5519957542419434,0.0306586679071187
4451,0.0010700159473344,0.3207938075065613,0.6087596416473389,0.0693765208125114
4452,0.0029716468416154,0.5156180262565613,0.4341939091682434,0.0472163967788219
4453,0.0019551655277609,0.5953949093818665,0.3784560263156891,0.0241938848048448
4454,0.0018553307745605,0.326992779970169,0.5649928450584412,0.106159009039402
4455,0.0021554946433752,0.2452787309885025,0.5702900886535645,0.1822756677865982
4456,0.0060869823209941,0.5067549347877502,0.454252153635025,0.0329059176146984
4457,0.0003824567538686,0.3940037190914154,0.5732719898223877,0.0323417969048023
4458,0.0047923298552632,0.5896426439285278,0.3747996389865875,0.0307654291391372
4459,0.0017164039891213,0.3270886540412903,0.5922811031341553,0.0789138227701187
4460,0.0010306750191375,0.3447135686874389,0.5863775610923767,0.067878134548664
4461,0.0019940165802836,0.2304770052433014,0.5794191360473633,0.1881098449230194
4462,0.0018733482575044,0.1971524804830551,0.5704795718193054,0.2304945886135101
4463,0.0007869543042033,0.071954920887947,0.2758314311504364,0.6514267325401306
4464,0.0006355228251777,0.4227126836776733,0.5600033402442932,0.0166484601795673
4465,0.0015738543588668,0.3506461381912231,0.5964692234992981,0.0513108670711517
4466,0.0024742779787629,0.2192743271589279,0.5178567171096802,0.2603946924209595
4467,0.0009535676217637,0.5096402168273926,0.4640327095985412,0.0253734923899173
4468,0.0026384133379906,0.3621479272842407,0.543648362159729,0.0915653258562088
4469,0.0023732830304652,0.2920059859752655,0.554129958152771,0.1514907032251358
4470,0.0012996438890695,0.4484693109989166,0.5161849856376648,0.0340460911393165
4471,0.0030339241493493,0.3791689276695251,0.5431344509124756,0.0746627897024154
4472,0.0017045420827344,0.3351393640041351,0.5700912475585938,0.0930648446083068
4473,0.0003906228230334,0.1189540326595306,0.6845332384109497,0.1961220651865005
4474,0.0010836335131898,0.3099992275238037,0.588275134563446,0.1006420105695724
4475,0.0007695615058764,0.2133780717849731,0.6996397972106934,0.0862125381827354
4476,0.0008725289953872,0.1160783693194389,0.4380751848220825,0.4449738562107086
4477,0.000958762364462,0.1827077567577362,0.6278259754180908,0.1885075271129608
4478,0.0007241783314384,0.1256540417671203,0.5373541116714478,0.3362676501274109
4479,0.0013454969739541,0.4161885678768158,0.5513602495193481,0.0311056189239025
4480,0.0040425360202789,0.6190105080604553,0.3638974726200104,0.013049466535449
4481,0.0014843379613012,0.53678297996521,0.4450087249279022,0.0167239848524332
4482,0.0010535471374168,0.5289599299430847,0.452443391084671,0.0175431352108716
4483,0.0012684868415817,0.1972949206829071,0.6570924520492554,0.1443440616130828
4484,0.0063245883211493,0.2336489707231521,0.4646664559841156,0.2953599691390991
4485,0.0009120396571233,0.3350160121917724,0.6258922815322876,0.0381796695291996
4486,0.0026150669436901,0.0907550975680351,0.2667440772056579,0.6398857831954956
4487,0.0034283897839486,0.3840761482715606,0.5332368612289429,0.0792585834860801
4488,0.0001835520233726,0.0318485796451568,0.2316824495792389,0.7362853288650513
4489,0.0024658308830112,0.2719596624374389,0.5580250024795532,0.1675494760274887
4490,9.152054553851484e-05,0.0110860029235482,0.0942836925387382,0.8945387601852417
4491,0.0001034089000313,0.0135438935831189,0.1082085892558097,0.8781441450119019
4492,0.0005644486518576,0.0477316230535507,0.1692233085632324,0.7824806571006775
4493,0.0001801130420062,0.0157144293189048,0.0849514007568359,0.899154007434845
4494,0.0002619059523567,0.0279972199350595,0.1662271320819854,0.8055136799812317
4495,0.0017124281730502,0.1403532326221466,0.4323184192180633,0.4256159663200378
4496,0.0016959427157416,0.2807918488979339,0.5672151446342468,0.1502970606088638
4497,0.0037583573721349,0.3128916621208191,0.5158711671829224,0.1674788445234298
4498,0.0045373975299298,0.2220668941736221,0.4926769137382507,0.2807188332080841
4499,0.0009379261173307,0.1002624183893203,0.4423785209655761,0.4564211368560791
4500,0.0005956575041636,0.812942624092102,0.18424853682518,0.0022131358273327
4501,0.0020921307150274,0.562242329120636,0.4113452732563019,0.0243202187120914
4502,0.000242073991103,0.0246922187507152,0.131415382027626,0.8436504006385803
4503,0.0040211728774011,0.4721036553382873,0.4647843837738037,0.0590907074511051
4504,0.0008757127216085,0.3702423870563507,0.5916456580162048,0.0372362546622753
4505,0.0007135134073905,0.3526834547519684,0.61897873878479,0.0276243034750223
4506,0.0004508906567934,0.106934830546379,0.6864919662475586,0.2061222642660141
4507,0.0008504291181452,0.2321446985006332,0.6717329025268555,0.0952719897031784
4508,0.0008083407883532,0.7012422680854797,0.2877892553806305,0.0101602030918002
4509,0.0005694098654203,0.4863095283508301,0.4939677715301513,0.0191532094031572
4510,0.0011810411233454,0.38888019323349,0.5484089851379395,0.0615297779440879
4511,0.0024567609652876,0.1147314012050628,0.3268393576145172,0.5559725165367126
4512,0.0016434220597147,0.272096186876297,0.5850987434387207,0.1411616504192352
4513,0.0019095006864517,0.1718877851963043,0.4896627366542816,0.3365399539470672
4514,0.0033475663512945,0.3060837090015411,0.5629740953445435,0.1275946795940399
4515,0.002809023251757,0.3510616421699524,0.5879176259040833,0.0582117289304733
4516,0.0012880632421001,0.1609775274991989,0.4805901050567627,0.3571442365646362
4517,0.0014105698792263,0.1580235064029693,0.5262986421585083,0.3142672777175903
4518,0.0007676035747863,0.385394811630249,0.5785460472106934,0.0352915339171886
4519,0.0011935835937038,0.1401320546865463,0.4594753384590149,0.3991990983486175
4520,0.0008104603621177,0.419828861951828,0.5390709638595581,0.0402897521853446
4521,0.0008509144536219,0.5485653281211853,0.4272230863571167,0.0233607292175292
4522,0.0007404160569421,0.3034090399742126,0.6129031181335449,0.0829474180936813
4523,0.0007284028106369,0.4844910502433777,0.4921206533908844,0.0226599499583244
4524,0.0013196803629398,0.3956438899040222,0.5579473376274109,0.0450890623033046
4525,0.0013486156240105,0.3004641830921173,0.5975443720817566,0.1006428897380828
4526,0.0019181095995008,0.259197473526001,0.5841104984283447,0.1547738909721374
4527,0.0010181699180975,0.570282518863678,0.417227566242218,0.0114716840907931
4528,0.001618069014512,0.7997974157333374,0.1959987878799438,0.002585666719824
4529,0.001617218949832,0.8119655847549438,0.1840270906686782,0.0023900945670902
4530,0.0062630139291286,0.2924844920635223,0.4390712082386017,0.2621813714504242
4531,0.0010199130047112,0.8056040406227112,0.1913477331399917,0.0020283393096178
4532,0.0003690061857923,0.0454020909965038,0.2099371403455734,0.7442918419837952
4533,7.517298945458606e-05,0.0056099216453731,0.0360141471028327,0.9583008289337158
4534,6.831373320892453e-05,0.0040963878855109,0.0243213735520839,0.97151380777359
4535,9.434192907065152e-05,0.0067180334590375,0.0418010056018829,0.9513865113258362
4536,0.0023247115314006,0.7079305648803711,0.2860298156738281,0.0037148788105696
4537,0.009379087947309,0.1636708676815033,0.3306242525577545,0.4963257610797882
4538,0.0030998971778899,0.1359951198101043,0.3313727974891662,0.5295321941375732
4539,0.006154625210911,0.291948914527893,0.4521793127059936,0.249717116355896
4540,0.0011967360042035,0.0663685277104377,0.2928316593170166,0.6396031379699707
4541,0.0011665973579511,0.0710558593273162,0.3234651386737823,0.6043124198913574
4542,0.0007493296870961,0.0776373594999313,0.3479464948177337,0.5736668109893799
4543,0.0025416037533432,0.2674801349639892,0.5751726627349854,0.1548056304454803
4544,0.0007230995688587,0.0714888498187065,0.2495206445455551,0.6782673597335815
4545,0.0015519623411819,0.1510551869869232,0.4170767068862915,0.430316150188446
4546,0.0018794081406667,0.5904924869537354,0.3753398358821869,0.0322883650660514
4547,0.0007894320879131,0.1369763761758804,0.6433465480804443,0.2188876569271087
4548,0.0015038177371025,0.6768041849136353,0.3098635375499725,0.0118284421041607
4549,0.0014808390988036,0.2778229117393493,0.5974131226539612,0.1232831552624702
4550,0.001801854930818,0.1409198939800262,0.4620585739612579,0.3952196836471557
4551,0.0022074955049902,0.1896127015352249,0.5235374569892883,0.2846423685550689
4552,0.0005827862769365,0.3163788020610809,0.6491671204566956,0.0338712036609649
4553,0.0007050472777336,0.773178219795227,0.2215192764997482,0.0045974855311214
4554,0.0005811227601952,0.2827906012535095,0.6890622973442078,0.0275659617036581
4555,0.0010568620637059,0.2976532280445099,0.6603725552558899,0.0409173481166362
4556,0.0008142286096699,0.1412788927555084,0.5855847001075745,0.2723222076892853
4557,0.0026867168489843,0.4589516818523407,0.5040598511695862,0.0343017019331455
4558,0.0010246128076687,0.0922327041625976,0.3591319322586059,0.5476107597351074
4559,0.0012587690725922,0.1064456328749656,0.3601009547710418,0.5321946740150452
4560,0.0023650168441236,0.3565270602703094,0.5436388850212097,0.0974690839648246
4561,0.0014310022816061,0.1706517785787582,0.493797242641449,0.3341199457645416
4562,0.0005268002860248,0.0638119950890541,0.3396162092685699,0.5960450172424316
4563,0.0004277960979379,0.0881479308009147,0.6312906742095947,0.2801335453987121
4564,0.0009763512643985,0.2389052957296371,0.6196731925010681,0.1404451727867126
4565,0.0019529088167473,0.2898373901844024,0.594707727432251,0.113501951098442
4566,0.0004882857319898,0.0783566087484359,0.3856848180294037,0.5354703068733215
4567,0.0002967568580061,0.2656110227108001,0.6997917890548706,0.0343004278838634
4568,0.0013808846706524,0.3596834540367126,0.5658615231513977,0.0730741322040557
4569,0.0009446942713111,0.3693911135196686,0.572124183177948,0.0575400404632091
4570,0.0006371479830704,0.0591748505830764,0.2414703518152237,0.6987175941467285
4571,0.0013825068017467,0.1432402729988098,0.4343706965446472,0.4210065305233001
4572,0.0022320747375488,0.1493147611618042,0.4671645164489746,0.3812885880470276
4573,0.001596565824002,0.6146051287651062,0.3501914441585541,0.0336068533360958
4574,0.0005262262420728,0.5092688202857971,0.4784137606620788,0.0117911705747246
4575,0.0015694872708991,0.2154274135828018,0.5675756335258484,0.2154274135828018
4576,0.0005180907901376,0.4494480192661285,0.5254579186439514,0.0245759952813386
4577,0.0014955970691516,0.2677424252033233,0.5940124988555908,0.1367494463920593
4578,0.0016372377285733,0.1750174313783645,0.5064297318458557,0.3169156312942505
4579,0.0014267291408032,0.1225488260388374,0.3436966836452484,0.5323278307914734
4580,0.0003735870413947,0.5687953233718872,0.416139543056488,0.014691524207592
4581,0.0017680363962426,0.3586581349372864,0.5384095907211304,0.1011641696095466
4582,0.0012236182810738,0.5681794285774231,0.4222351014614105,0.0083619132637977
4583,0.0003907577192876,0.7639157176017761,0.2329811155796051,0.0027123962063342
4584,0.0001530962326796,0.0153741324320435,0.0768658220767974,0.9076069593429564
4585,0.0063702166080474,0.2708685100078583,0.4982034265995025,0.2245578914880752
4586,0.0066491840407252,0.3105186820030212,0.4885144531726837,0.1943176239728927
4587,0.0008284047362394,0.1995613127946853,0.6441918015480042,0.1554185152053833
4588,0.0012876061955466,0.2234158515930175,0.6168709397315979,0.1584255695343017
4589,0.0073497737757861,0.5152589082717896,0.4271646738052368,0.0502265878021717
4590,0.0058506154455244,0.4101597666740417,0.5104520916938782,0.0735375955700874
4591,0.0114036947488784,0.8378275632858276,0.1478853523731231,0.0028833053074777
4592,0.0014087232993915,0.1933609843254089,0.5683194994926453,0.2369108200073242
4593,0.0022668240126222,0.2105303257703781,0.5210675597190857,0.2661353051662445
4594,0.0025239523965865,0.3518926203250885,0.5365721583366394,0.1090112477540969
4595,0.0014715273864567,0.2150081545114517,0.5321502685546875,0.2513700127601623
4596,0.0010592875769361,0.715671718120575,0.275916039943695,0.0073529137298464
4597,0.002053921110928,0.4648085832595825,0.487115204334259,0.046022281050682
4598,0.0005722775240428,0.9131214022636414,0.0849335193634033,0.0013728224439546
4599,0.0002436914655845,0.0367365665733814,0.2017234414815902,0.761296272277832
4600,0.0010441034100949,0.1755912005901336,0.5757414102554321,0.2476232945919037
4601,0.0054812300950288,0.2122106850147247,0.5011746287345886,0.2811334729194641
4602,0.0004815306165255,0.0426739901304245,0.2004299163818359,0.7564145922660828
4603,0.0013251189375296,0.1906143426895141,0.5515608787536621,0.2564996480941772
4604,0.0010677851969376,0.5036273002624512,0.4805645644664764,0.0147403189912438
4605,0.0009960423922166,0.1225518956780433,0.4553355276584625,0.4211165010929107
4606,0.0003124861395917,0.0233198497444391,0.1012968122959137,0.8750708699226379
4607,0.0023555969819426,0.9067975282669068,0.0897851139307022,0.0010617506923153
4608,0.0014751941198483,0.4422673285007477,0.5252054333686829,0.0310520380735397
4609,0.000842937908601,0.0989646762609481,0.3734887540340423,0.5267035961151123
4610,0.0016439064638689,0.1757303029298782,0.5328955054283142,0.2897302806377411
4611,0.0025211423635482,0.1911077052354812,0.5194845795631409,0.286886602640152
4612,0.0021786866709589,0.1227282211184501,0.3663987815380096,0.5086942911148071
4613,0.0009114532149396,0.6157925128936768,0.3734970390796661,0.0097990464419126
4614,0.0080288583412766,0.3207116425037384,0.512495756149292,0.1587637662887573
4615,0.0005332044092938,0.0606745667755603,0.2762067317962646,0.6625854969024658
4616,0.0019577008206397,0.2729451358318329,0.5961669683456421,0.1289301514625549
4617,0.0030544400215148,0.2542889714241028,0.5383297204971313,0.2043269127607345
4618,0.0010079311905428,0.2838723957538605,0.6200343370437622,0.0950853452086448
4619,0.001993210054934,0.200160875916481,0.5111287236213684,0.2867172360420227
4620,4.28104649472516e-05,0.0034544123336672,0.0236066225916147,0.9728960990905762
4621,0.0057292147539556,0.3714645504951477,0.5077318549156189,0.1150743514299392
4622,0.0055412044748663,0.3537045121192932,0.5146369934082031,0.1261172294616699
4623,0.0055346209555864,0.4607695937156677,0.4536260366439819,0.0800697430968284
4624,0.0005976813263259,0.2411218583583831,0.6762428879737854,0.0820375755429267
4625,0.0005628146464005,0.0547797232866287,0.2342631667852401,0.7103942632675171
4626,0.0037654361221939,0.3086209297180176,0.5249819159507751,0.1626318097114563
4627,0.0006798615213483,0.1770856976509094,0.711417019367218,0.1108173951506614
4628,0.0017748560057953,0.1727498024702072,0.5077398419380188,0.317735493183136
4629,0.0022943154908716,0.3798625469207763,0.5356920957565308,0.0821510478854179
4630,0.0012819459661841,0.4287522137165069,0.509155809879303,0.0608099922537803
4631,0.0015214900486171,0.3608419597148895,0.5676841139793396,0.06995240598917
4632,0.0011393164750188,0.2744594514369964,0.6481865644454956,0.0762146338820457
4633,0.0007698226254433,0.1421886831521988,0.5366144180297852,0.3204271197319031
4634,0.0004536255437415,0.0642410144209861,0.3162053525447845,0.6190999746322632
4635,0.0004178155213594,0.0522170849144458,0.2377060353755951,0.7096590995788574
4636,0.0013067000545561,0.291125625371933,0.5880899429321289,0.1194777265191078
4637,0.0005488531896844,0.1148728355765342,0.4009456038475036,0.4836326837539673
4638,0.0032582387793809,0.2798662483692169,0.4989155232906341,0.2179600596427917
4639,0.0024258000776171,0.5753113627433777,0.4016320407390594,0.0206308271735906
4640,0.0040752594359219,0.3288361132144928,0.509311318397522,0.1577772796154022
4641,0.0011871102033182,0.1789572685956955,0.5426811575889587,0.2771744430065155
4642,0.0019130944274365,0.2045059651136398,0.5825832486152649,0.2109976708889007
4643,0.0015116543509066,0.2174469083547592,0.6194486021995544,0.1615928262472152
4644,0.0002732629072852,0.0296712685376405,0.1680991649627685,0.801956295967102
4645,0.0003347538004163,0.18459053337574,0.7532445788383484,0.0618300810456275
4646,0.0012591168051585,0.2437238097190857,0.6625099182128906,0.0925071164965629
4647,0.0007332456298172,0.3351993560791015,0.6165260076522827,0.0475413799285888
4648,0.0013817445142194,0.3328599631786346,0.5841874480247498,0.081570841372013
4649,0.00133001152426,0.0889711827039718,0.3203975260257721,0.5893012881278992
4650,0.0012498591095209,0.0749469697475433,0.2237503379583358,0.7000528573989868
4651,0.0021455062087625,0.3840894997119903,0.533255398273468,0.080509528517723
4652,0.0025790575891733,0.4545460045337677,0.4763601124286651,0.0665147751569747
4653,0.0002028385788435,0.0176971778273582,0.0884803310036659,0.8936196565628052
4654,0.0022886542137712,0.3241119682788849,0.5777920484542847,0.0958073064684867
4655,0.0004185891302768,0.0661308020353317,0.4051002562046051,0.528350293636322
4656,0.0040069557726383,0.333588033914566,0.5166712403297424,0.1457338035106659
4657,0.0015002058353275,0.7771258354187012,0.2158000469207763,0.0055739404633641
4658,0.0046596527099609,0.7024441957473755,0.2794129848480224,0.0134831527248024
4659,0.0011318332981318,0.7183548808097839,0.2726567685604095,0.007856479845941
4660,0.0017072119517251,0.7331582903862,0.2573627829551697,0.007771682459861
4661,0.0017051082104444,0.1970836967229843,0.5441655516624451,0.2570456266403198
4662,0.0029518837109208,0.4051747918128967,0.5042481422424316,0.0876251831650734
4663,0.0007418017485179,0.1652693748474121,0.5252249836921692,0.3087638318538666
4664,0.0008369273273274,0.2588779926300049,0.6508192420005798,0.0894658416509628
4665,0.0036519372370094,0.4635933935642242,0.4934925734996795,0.0392620302736759
4666,0.0036580984015017,0.6651871800422668,0.3191602826118469,0.0119944429025053
4667,0.0009576406446285,0.1234816163778305,0.437780350446701,0.437780350446701
4668,0.0011469795135781,0.1000712066888809,0.3492828011512756,0.5494990348815918
4669,0.0014052597107365,0.8780663013458252,0.1188333481550216,0.0016950666904449
4670,0.0022890726104378,0.2687473595142364,0.6151688098907471,0.1137947887182235
4671,0.0023854717146605,0.3888318240642547,0.5569758415222168,0.0518068261444568
4672,0.000913887633942,0.300914853811264,0.6370367407798767,0.0611345618963241
4673,0.0065990090370178,0.2719639539718628,0.4699115455150604,0.2515255212783813
4674,0.0097502209246158,0.8776868581771851,0.1098553985357284,0.002707538427785
4675,0.0149481249973177,0.8161399364471436,0.1632382571697235,0.005673668347299
4676,0.0009095685090869,0.0745496377348899,0.3289283514022827,0.5956123471260071
4677,0.0005585702019743,0.0816139206290245,0.3600975573062897,0.557729959487915
4678,0.0013254854129627,0.2299883812665939,0.6154807806015015,0.1532052904367447
4679,0.0002507140743546,0.025573531165719,0.1404263079166412,0.8337494134902954
4680,0.0021521211601793,0.2689643800258636,0.5605698823928833,0.168313592672348
4681,0.0020515848882496,0.2262719422578811,0.5688475966453552,0.2028288692235946
4682,0.002257274929434,0.2450980544090271,0.5788441896438599,0.173800528049469
4683,0.0005892026238143,0.0591685287654399,0.2735925018787384,0.6666497588157654
4684,0.001249378430657,0.1797193139791488,0.5449920296669006,0.2740392088890075
4685,0.0009445818723179,0.5373969674110413,0.4318106174468994,0.0298478286713361
4686,0.0042643030174076,0.5853171348571777,0.3779091536998749,0.0325093828141689
4687,0.0063566183671355,0.3363816738128662,0.4743742346763611,0.1828875541687011
4688,0.0008886177674867,0.1541863530874252,0.6098188757896423,0.2351061254739761
4689,0.0014528093161061,0.1084185466170311,0.3965785801410675,0.4935500025749206
4690,0.0007707836921326,0.0621951855719089,0.2787394821643829,0.6582946181297302
4691,0.0009651645668782,0.0954204872250557,0.4412198960781097,0.4623944759368896
4692,0.0009802491404116,0.1548646390438079,0.6940551400184631,0.1500999629497528
4693,0.0011009844020009,0.3682288825511932,0.5614819526672363,0.06918815523386
4694,0.0017765938537195,0.4347181916236877,0.5082370042800903,0.0552682131528854
4695,0.0026518928352743,0.4822191298007965,0.4673828184604645,0.0477461628615856
4696,0.0008864843402989,0.3256288766860962,0.6083548069000244,0.0651298686861991
4697,0.0056636598892509,0.5098264217376709,0.4226609468460083,0.0618489608168602
4698,0.0024733997415751,0.5866002440452576,0.3969135880470276,0.0140127623453736
4699,0.0101549988612532,0.438601404428482,0.438601404428482,0.1126421615481376
4700,0.0018010616768151,0.1753004491329193,0.5152366161346436,0.3076618313789367
4701,0.0011904062703251,0.4238139986991882,0.5274450182914734,0.0475506111979484
4702,0.0006813370273448,0.2622837126255035,0.6803121566772461,0.0567228309810161
4703,0.0005868671578355,0.2767994403839111,0.6537128686904907,0.0689008235931396
4704,0.000702069257386,0.2348100394010543,0.6794453263282776,0.0850425586104393
4705,0.0002261436602566,0.0257334131747484,0.1480855643749237,0.8259549140930176
4706,7.258386176545173e-05,0.0058568520471453,0.0394038036465644,0.9546667337417604
4707,9.787455201148988e-05,0.0089491298422217,0.0491403900086879,0.9418125748634338
4708,8.590325160184875e-05,0.0078545380383729,0.0553798787295818,0.9366796612739564
4709,0.0009544912027195,0.1484574228525161,0.5263272523880005,0.3242608308792114
4710,0.0022463169880211,0.3777724802494049,0.5583115220069885,0.0616696551442146
4711,0.0023777140304446,0.5465575456619263,0.4323626160621643,0.0187021698802709
4712,0.0018583524506539,0.3174483776092529,0.5838769674301147,0.096816286444664
4713,0.0015959292650222,0.1034751087427139,0.3611636757850647,0.5337652564048767
4714,0.0009247871348634,0.1484032720327377,0.6446343660354614,0.2060375362634658
4715,0.0026099414099007,0.1887791454792022,0.4973667860031128,0.3112441897392273
4716,0.0058560133911669,0.3457078635692596,0.5109230279922485,0.1375130712985992
4717,0.0114284176379442,0.707051157951355,0.2683663666248321,0.0131540279835462
4718,0.0013265651650726,0.1440402865409851,0.4506621956825256,0.4039709568023681
4719,0.0037899164017289,0.2615744173526764,0.4811089932918548,0.2535266578197479
4720,0.0020415778271853,0.1499944031238556,0.4272942841053009,0.4206697046756744
4721,0.0008994950912892,0.3802973330020904,0.5890160202980042,0.0297871865332126
4722,0.0006410185596905,0.2930382192134857,0.6707711815834045,0.0355495698750019
4723,0.0012973003322258,0.6720182299613953,0.3125175237655639,0.0141669316217303
4724,0.0076199653558433,0.6859273910522461,0.2950136959552765,0.0114389220252633
4725,0.0005467674927785,0.0523927547037601,0.2008419781923294,0.7462184429168701
4726,0.0013245173031464,0.137232020497322,0.4941914975643158,0.3672519326210022
4727,0.0019712059292942,0.2174068391323089,0.5380871295928955,0.2425348758697509
4728,0.0018708029529079,0.1938321590423584,0.5351877808570862,0.269109308719635
4729,0.0009825668530538,0.0956349223852157,0.37824347615242,0.5251390337944031
4730,0.0026776432059705,0.329454094171524,0.5347567796707153,0.1331114917993545
4731,0.0033814404159784,0.2192421555519104,0.5511747002601624,0.2262016385793686
4732,0.0017351837595924,0.174249529838562,0.5367263555526733,0.2872889041900635
4733,0.0028604501858353,0.1854627579450607,0.4810537695884704,0.3306231200695038
4734,0.0025638707447797,0.8442031145095825,0.1513572782278061,0.0018757678335532
4735,0.001320348936133,0.1456229984760284,0.4926362335681915,0.3604203760623932
4736,0.0008349320851266,0.7954993844032288,0.2011337429285049,0.0025319003034383
4737,0.000297093152767,0.0383082590997219,0.2038818299770355,0.7575128674507141
4738,0.0015452627558261,0.6431924104690552,0.3496976494789123,0.0055647045373916
4739,0.0019962005317211,0.4734260439872741,0.4961462020874023,0.0284314434975385
4740,0.0019401177996769,0.3997637033462524,0.5379408597946167,0.0603552907705307
4741,0.0009310478344559,0.138179749250412,0.581758439540863,0.279130756855011
4742,0.0078350408002734,0.477221667766571,0.4483082592487335,0.0666350722312927
4743,0.0017283228226006,0.2646482288837433,0.5780448317527771,0.1555786579847335
4744,0.0018000577110797,0.3539192378520965,0.5396624207496643,0.1046183258295059
4745,0.0016374521655961,0.1834407150745391,0.5308032631874084,0.2841185331344604
4746,0.0017247033538296,0.2855536937713623,0.6140369176864624,0.0986847132444381
4747,0.0017542067216709,0.4095838665962219,0.5511553287506104,0.0375065915286541
4748,0.0016588893486186,0.3526666760444641,0.581449031829834,0.0642253682017326
4749,0.0027993624098598,0.1481376141309738,0.3782826662063598,0.4707804024219513
4750,0.0007960511138662,0.7584547400474548,0.2349583208560943,0.005790872965008
4751,0.0024848575703799,0.598598062992096,0.3745931088924408,0.0243240427225828
4752,0.0022841421887278,0.4932373464107513,0.4633536040782928,0.0411249734461307
4753,0.0026269371155649,0.6842467188835144,0.2989252507686615,0.0142010869458317
4754,0.0028431469108909,0.1528239548206329,0.4089780747890472,0.4353548884391784
4755,0.0010759569704532,0.0999290496110916,0.2674239873886108,0.6315709948539734
4756,0.0022867838852107,0.5956459045410156,0.3906341195106506,0.0114331999793648
4757,0.0001378942397423,0.0145120862871408,0.0875190794467926,0.8978309631347656
4758,7.915970491012558e-05,0.0112103465944528,0.0841383188962936,0.9045721888542176
4759,0.0002662487968336,0.0235953796654939,0.1179694831371307,0.85816890001297
4760,0.0016121338121592,0.1569117754697799,0.4470000267028808,0.3944761157035827
4761,0.0032823903020471,0.1175303757190704,0.3096513152122497,0.5695359110832214
4762,0.0017457613721489,0.2715281248092651,0.6024114489555359,0.1243146285414695
4763,0.0039964355528354,0.1547255516052246,0.4272109270095825,0.4140670299530029
4764,0.0006983751663938,0.2952658534049988,0.6550759077072144,0.0489598773419857
4765,0.0009652400040067,0.3330762982368469,0.6222683787345886,0.0436900965869426
4766,0.004238273948431,0.3212697803974151,0.52968430519104,0.1448076218366623
4767,0.0012509562075138,0.197632297873497,0.6183367371559143,0.1827799975872039
4768,0.0012839206028729,0.1996954381465912,0.5961804389953613,0.2028401792049408
4769,0.000565773807466,0.6108271479606628,0.3763197064399719,0.0122872730717062
4770,0.0009688429418019,0.8404792547225952,0.1554730236530304,0.0030789766460657
4771,0.0022211999166756,0.1557181477546692,0.4505853652954101,0.3914753496646881
4772,0.0038848244585096,0.1758406013250351,0.4705738127231598,0.3497007489204407
4773,0.0005414638435468,0.035659696906805,0.1264245957136154,0.837374210357666
4774,0.0016810857923701,0.1561301350593567,0.4734587669372558,0.3687300682067871
4775,0.0037178834900259,0.3675666153430938,0.5183520317077637,0.1103635132312774
4776,0.0022450699470937,0.1701808422803878,0.5241938829421997,0.3033801615238189
4777,0.0006982794147916,0.0648524016141891,0.2372202426195144,0.6972290277481079
4778,0.0028310567140579,0.6113379597663879,0.3593870401382446,0.026443887501955
4779,0.0007683037547394,0.882982075214386,0.1140263900160789,0.0022231608163565
4780,0.0007130038575269,0.0672627538442611,0.2311303168535232,0.7008939385414124
4781,0.0027896140236407,0.1302757263183593,0.382901668548584,0.4840330183506012
4782,0.0122177880257368,0.3860696852207184,0.5195135474205017,0.0821989849209785
4783,0.001911200932227,0.2315062284469604,0.6099376678466797,0.1566449552774429
4784,0.0004086829721927,0.0472373329102993,0.2361718118190765,0.7161821126937866
4785,7.670542981941253e-05,0.0058144270442426,0.0314324982464313,0.9626764059066772
4786,0.0001824509090511,0.0195036344230175,0.0975120365619659,0.88280189037323
4787,0.0001180233375634,0.0092303976416587,0.0491254441440105,0.9415261149406432
4788,0.0004589364980347,0.0321739315986633,0.1375904530286789,0.8297766447067261
4789,0.0032902397215366,0.2533344328403473,0.5198084712028503,0.223566859960556
4790,0.0022405921481549,0.3223024010658264,0.5568885803222656,0.1185684204101562
4791,0.0009211548604071,0.7163169980049133,0.2761647999286651,0.0065970513969659
4792,0.0012897863052785,0.5538958311080933,0.4313744902610779,0.0134398825466632
4793,0.0009174941224046,0.7835938930511475,0.2109014391899109,0.0045871818438172
4794,0.0008365777903236,0.2842031121253967,0.650547444820404,0.064412921667099
4795,0.0003564730868674,0.5777426362037659,0.4033293724060058,0.0185715090483427
4796,0.0009858245030045,0.2776463329792022,0.6159852743148804,0.1053826510906219
4797,0.0008280767942778,0.0927678942680358,0.3556157052516937,0.5507883429527283
4798,0.0011524223955348,0.5268238186836243,0.4506163001060486,0.0214074961841106
4799,0.0003916096175089,0.3450744450092315,0.6248491406440735,0.02968480437994
4800,0.0009816483361646,0.1434308290481567,0.4776976108551025,0.3778899312019348
4801,0.0003728219890035,0.0346256867051124,0.1391038596630096,0.8258975744247437
4802,0.0018799917306751,0.2662384808063507,0.5212695598602295,0.210611954331398
4803,0.0002024986315518,0.0249151941388845,0.1368113309144973,0.8380709886550903
4804,0.0009516252321191,0.0710167586803436,0.2328550070524215,0.6951766014099121
4805,0.0009388199541717,0.6858221888542175,0.3043317496776581,0.0089072752743959
4806,0.0019087637774646,0.1745272278785705,0.4598180055618286,0.3637460172176361
4807,0.0007066843681968,0.2850968241691589,0.6325149536132812,0.0816816091537475
4808,0.0006983312196098,0.8280414342880249,0.1682268232107162,0.0030334123875945
4809,0.0024437233805656,0.1634730100631714,0.4656912386417389,0.3683921098709106
4810,0.003747014561668,0.2014083564281463,0.5063405632972717,0.2885041236877441
4811,0.0010303723393008,0.0972023755311966,0.3844428360462188,0.5173243880271912
4812,0.0026482508983463,0.5629969835281372,0.4183838367462158,0.0159709956496953
4813,0.0025000809691846,0.1808328479528427,0.4992955029010772,0.317371517419815
4814,0.0006109198438934,0.0632968544960022,0.3067277669906616,0.6293644905090332
4815,0.0026163458824157,0.1863084584474563,0.5225149989128113,0.288560152053833
4816,0.0015045461477711,0.1375677287578582,0.423738420009613,0.4371893405914306
4817,0.0005407849093899,0.0518194884061813,0.2433842122554779,0.7042555212974548
4818,0.005691326688975,0.2536152601242065,0.4664698839187622,0.2742234766483307
4819,0.00703553436324,0.4025618135929107,0.4490901529788971,0.1413124799728393
4820,0.0037178248167037,0.1819558143615722,0.4230599105358124,0.3912664651870727
4821,0.0012097336584702,0.4584724605083465,0.5114629864692688,0.0288547705858945
4822,0.0006337391678243,0.2186849415302276,0.7170403599739075,0.0636409446597099
4823,0.0007243625004775,0.5721560120582581,0.4121085703372955,0.0150110516697168
4824,0.0004207343445159,0.6017675995826721,0.3885303735733032,0.009281251579523
4825,0.0122828232124447,0.3881247341632843,0.4755403697490692,0.1240521222352981
4826,0.001663600676693,0.5392796993255615,0.4199914336204529,0.0390652902424335
4827,0.0022204490378499,0.2863126397132873,0.5266095399856567,0.1848573535680771
4828,0.0003781534032896,0.0397971235215663,0.1728708297014236,0.786953866481781
4829,0.0004943994572386,0.2090270221233368,0.6853732466697693,0.1051053926348686
4830,0.0023712562397122,0.3410980403423309,0.5893645286560059,0.0671661794185638
4831,0.0019370882073417,0.2920166850090027,0.5898899435997009,0.1161562129855156
4832,0.0007711555226705,0.4387302994728088,0.5292097330093384,0.0312887877225875
4833,0.0006213646847754,0.1320971846580505,0.564907968044281,0.302373468875885
4834,0.0007972447201609,0.0613844357430934,0.2353106141090393,0.702507734298706
4835,0.0005879584932699,0.0489488542079925,0.1966451853513717,0.7538179755210876
4836,0.0060613881796598,0.4667010307312011,0.4740504920482635,0.0531869903206825
4837,0.0011523497523739,0.2230571806430816,0.6870644688606262,0.0887260138988494
4838,0.0009554630960337,0.2412155717611313,0.6556918621063232,0.1021370887756347
4839,0.0015676725888624,0.3547690808773041,0.5941264033317566,0.0495368652045726
4840,0.0019629106391221,0.2131355553865432,0.5615373849868774,0.2233641445636749
4841,0.0010565797565504,0.3881093561649322,0.5735883712768555,0.0372457206249237
4842,0.0009487373172305,0.1725180149078369,0.6310446858406067,0.1954885274171829
4843,0.0015086957719177,0.158776193857193,0.5899251103401184,0.2497900277376175
4844,0.0011045542778447,0.2578987181186676,0.6585674285888672,0.0824293866753578
4845,0.0006064620101824,0.0832428187131881,0.329231709241867,0.5869190096855164
4846,0.0005399114452302,0.0463756658136844,0.2046190351247787,0.748465359210968
4847,0.0002479005779605,0.0176528561860322,0.0766805037856102,0.9054187536239624
4848,0.0001369422825518,0.0110499877482652,0.0543899461627006,0.9344231486320496
4849,0.0019511240534484,0.2763120234012604,0.5849525332450867,0.1367843598127365
4850,0.0009297230280935,0.8585598468780518,0.1379831284284591,0.00252724904567
4851,0.0021713799796998,0.2843946516513824,0.6020634770393372,0.1113705486059188
4852,0.0016142822569236,0.4475957155227661,0.5151795148849487,0.0356104969978332
4853,0.0007779362495057,0.3501159250736236,0.5863338708877563,0.0627723261713981
4854,0.0012803405988961,0.1134657636284828,0.3605934679508209,0.5246603488922119
4855,0.0035623449366539,0.3633690476417541,0.5205021500587463,0.1125664785504341
4856,0.0015785119030624,0.617224395275116,0.3628474771976471,0.0183495990931987
4857,0.0008353255107067,0.7476546764373779,0.246550366282463,0.004959556274116
4858,0.000414308917243,0.8356682062149048,0.1620016694068908,0.0019157452043145
4859,0.0012619660701602,0.664009153842926,0.3287083506584167,0.0060205031186342
4860,0.0017840797081589,0.4794562757015228,0.4720230102539062,0.0467366017401218
4861,0.0018001914722844,0.1954672932624817,0.5397025346755981,0.2630299925804138
4862,0.0014496665680781,0.175599992275238,0.5242447257041931,0.2987056076526642
4863,0.0004619250830728,0.0922518596053123,0.506562352180481,0.4007238447666168
4864,0.0010375125566497,0.4525738954544067,0.5291124582290649,0.01727613247931
4865,0.0009133827406913,0.2695893347263336,0.598110020160675,0.1313873380422592
4866,0.0012636579340323,0.1137508749961853,0.3908742070198059,0.4941112697124481
4867,0.0009479219443164,0.8223300576210022,0.1750841736793518,0.0016378622967749
4868,0.0016634176718071,0.3883858621120453,0.5392203330993652,0.0707303136587143
4869,0.0003651919832918,0.0826440528035163,0.4906803369522095,0.4263104498386383
4870,0.0008112100767903,0.0853723064064979,0.3826121687889099,0.531204342842102
4871,0.0005625573685392,0.1195952147245407,0.5444291830062866,0.3354130685329437
4872,0.0006641839863732,0.1246087625622749,0.5084815621376038,0.3662455379962921
4873,0.0027201063930988,0.3453025221824646,0.5604813098907471,0.0914960652589798
4874,0.0036533109378069,0.3726478219032287,0.5337933897972107,0.0899054780602455
4875,0.0004467864637263,0.0349423810839653,0.1693259179592132,0.7952849268913269
4876,0.0009965180652216,0.1675885617733001,0.5758728981018066,0.2555420398712158
4877,0.0006582227651961,0.1489578187465667,0.6370117664337158,0.2133722156286239
4878,0.0036209938116371,0.2619093954563141,0.5544621348381042,0.1800075024366378
4879,0.0008632925455458,0.2248645722866058,0.6713216304779053,0.1029505059123039
4880,0.0015225192764773,0.290140837430954,0.623900830745697,0.0844357907772064
4881,0.0025009743403643,0.2148210257291793,0.5153288841247559,0.2673490941524505
4882,0.0022667767480015,0.1718262732028961,0.4894874691963196,0.3364194929599762
4883,0.0018301910022273,0.1387321799993515,0.4995937645435333,0.359843909740448
4884,0.001040008966811,0.231708288192749,0.6104700565338135,0.1567816734313964
4885,0.000217512686504,0.0159806236624717,0.0694166645407676,0.914385199546814
4886,0.001809993525967,0.3291285037994385,0.5686830282211304,0.1003785133361816
4887,0.0012766508152708,0.0654796883463859,0.1954862624406814,0.7377574443817139
4888,0.0033764035906642,0.1458292156457901,0.4154287874698639,0.435365617275238
4889,0.0026618423871695,0.5747978687286377,0.4012735486030578,0.0212667230516672
4890,0.0034818307030946,0.8519758582115173,0.1412714421749115,0.0032708772923797
4891,0.0065706288442015,0.2504437863826751,0.5219696760177612,0.2210158854722976
4892,0.0039672651328146,0.4514443278312683,0.4805599749088287,0.0640284195542335
4893,0.0005848030559718,0.849603533744812,0.1476389467716217,0.0021728065330535
4894,0.0027694820892065,0.5195875763893127,0.4444268047809601,0.033216118812561
4895,0.0032728901132941,0.4933892488479614,0.4707953333854675,0.0325425490736961
4896,0.0012820691335946,0.5092047452926636,0.4564481675624847,0.0330649986863136
4897,0.0028557188343256,0.2736428081989288,0.5793018341064453,0.1441996395587921
4898,0.0051905657164752,0.1447441428899765,0.352691113948822,0.4973742067813873
4899,0.0007614259957335,0.0696207582950592,0.2586724758148193,0.670945405960083
4900,0.0025874637067317,0.2853747308254242,0.5248844623565674,0.1871533393859863
4901,0.00089348788606,0.0897252708673477,0.3333698511123657,0.5760114192962646
4902,0.000488955003675,0.0461266189813613,0.1853072643280029,0.7680771946907043
4903,0.0021380586549639,0.1985713243484497,0.548272967338562,0.251017689704895
4904,0.0010622388217598,0.4025739729404449,0.5589185953140259,0.0374452099204063
4905,0.0012218022020533,0.3387718498706817,0.6134365797042847,0.0465697832405567
4906,0.0031026767101138,0.2464761286973953,0.5554425120353699,0.1949786692857742
4907,0.0016043272335082,0.2134343981742859,0.6080179810523987,0.1769433170557022
4908,0.0020447014831006,0.1840581893920898,0.5243329405784607,0.2895641326904297
4909,0.0017377986805513,0.5722031593322754,0.3932691216468811,0.0327898561954498
4910,0.0165301878005266,0.4538143575191498,0.4330327212810516,0.0966226533055305
4911,0.0017483464907854,0.4772523939609527,0.4847680032253265,0.036231193691492
4912,0.000888657872565,0.4675854444503784,0.4900253117084503,0.0415005646646022
4913,0.0006140480400063,0.8380417227745056,0.1574633717536926,0.0038809033576399
4914,0.0026854162570089,0.1796410530805587,0.4659534394741058,0.3517200946807861
4915,0.0032776668667793,0.4498916566371918,0.4789071679115295,0.0679234787821769
4916,0.0060611381195485,0.3634521067142486,0.4967801570892334,0.1337065696716308
4917,0.0030349113512784,0.8414967656135559,0.1532479524612426,0.0022203885018825
4918,0.0031530256383121,0.4535531997680664,0.4606955945491791,0.0825981721282005
4919,0.0042191753163933,0.7915671467781067,0.1970366388559341,0.0071770586073398
4920,0.0015071756206452,0.2495383024215698,0.6273391842842102,0.121615245938301
4921,0.0014666535425931,0.4397068619728088,0.5221647620201111,0.0366617180407047
4922,0.0016192079056054,0.3284672200679779,0.585556149482727,0.0843573659658432
4923,0.0002093050570692,0.0216859057545661,0.1118644028902053,0.866240382194519
4924,0.000620509206783,0.2464502453804016,0.7020713686943054,0.0508578829467296
4925,0.0026294882409274,0.4286064803600311,0.4856747984886169,0.0830891579389572
4926,0.0023901762906461,0.31305131316185,0.5580742955207825,0.1264841705560684
4927,0.0026004398241639,0.3799560666084289,0.5033599734306335,0.1140834987163543
4928,0.0023538067471235,0.3281706869602203,0.5326735973358154,0.1368018984794616
4929,0.0039432337507605,0.3132498562335968,0.4928112328052521,0.1899956464767456
4930,0.0003514597483444,0.8032892942428589,0.1938025802373886,0.0025566939730197
4931,0.0024127985816448,0.6902385354042053,0.2968679070472717,0.0104807186871767
4932,0.0006044819601811,0.5243930816650391,0.4556005895137787,0.0194018147885799
4933,0.0017288585659116,0.181946262717247,0.5431911945343018,0.2731336951255798
4934,0.0026518539525568,0.3814611136913299,0.5464178323745728,0.0694692283868789
4935,0.0022462697234004,0.2053869813680648,0.5327332615852356,0.2596334815025329
4936,0.0015353967901319,0.1802624613046646,0.5639913082122803,0.2542108297348022
4937,0.0046592429280281,0.4395396709442138,0.4678875505924225,0.0879134684801101
4938,0.0009785274742171,0.1475133448839187,0.5926141738891602,0.2588939666748047
4939,0.0018762964755296,0.2202856093645095,0.5803753137588501,0.1974627524614334
4940,0.0031424672342836,0.4591528475284576,0.4591528475284576,0.0785517916083335
4941,0.001960429130122,0.146300584077835,0.4722640812397003,0.3794748783111572
4942,9.663997479947284e-05,0.0075580426491796,0.047768298536539,0.9445770382881165
4943,0.0007393211126327,0.0895549058914184,0.4477463960647583,0.4619593918323517
4944,0.0004081609658896,0.0233543049544096,0.0998736917972564,0.8763638138771057
4945,0.0034800877328962,0.243972972035408,0.4928389489650726,0.259707897901535
4946,0.0009485526243224,0.6020298600196838,0.3767406642436981,0.0202809497714042
4947,0.0018363278359174,0.1705481708049774,0.5420010089874268,0.2856144607067108
4948,0.0043820864520967,0.2586950659751892,0.5476574301719666,0.1892653554677963
4949,0.0016330571379512,0.0762642100453376,0.2423671782016754,0.679735541343689
4950,0.0010732481023296,0.1921333372592926,0.649978756904602,0.1568146795034408
4951,0.0027502928860485,0.3437217175960541,0.5756255388259888,0.0779024437069892
4952,0.0015149881364777,0.4402235448360443,0.5146734714508057,0.0435880310833454
4953,0.0027779578231275,0.5211777091026306,0.4388756453990936,0.0371686629951
4954,0.0017678948352113,0.1110981926321983,0.3316779434680938,0.5554560422897339
4955,0.0015768611337989,0.7208537459373474,0.2736052274703979,0.0039642285555601
4956,0.0024983480107039,0.6507526636123657,0.3323719501495361,0.0143769988790154
4957,0.0010488564148545,0.4165786802768707,0.5348975658416748,0.0474748574197292
4958,0.0012505450285971,0.2204023003578186,0.5898271203041077,0.188520073890686
4959,0.0013529288116842,0.3014251589775085,0.5810122489929199,0.116209752857685
4960,0.000274002959486,0.0214292891323566,0.1088269129395484,0.8694697618484497
4961,0.0005922799464315,0.0717436298727989,0.2882200181484222,0.6394440531730652
4962,0.0051192678511142,0.3217054307460785,0.498267114162445,0.1749082207679748
4963,0.0008954608929343,0.4861213266849518,0.4711649417877197,0.0418182648718357
4964,0.0020057612564414,0.2354853451251983,0.530674397945404,0.2318344861268997
4965,0.0021744121331721,0.4695422947406769,0.4920760989189148,0.0362072139978408
4966,0.0014799066120758,0.2909725904464721,0.6159889101982117,0.0915585756301879
4967,0.0017440196825191,0.25883549451828,0.6112876534461975,0.1281328499317169
4968,0.0011456683278083,0.4550298750400543,0.5076225399971008,0.0362019538879394
4969,0.0047631026245653,0.4091264307498932,0.4858496487140655,0.1002607345581054
4970,0.0012949666706845,0.5306538343429565,0.4399275183677673,0.0281236246228218
4971,0.0013520481297746,0.6579445600509644,0.3257061541080475,0.0149973072111606
4972,0.0030996641144156,0.3016956448554992,0.5549032092094421,0.1403015106916427
4973,0.0031833045650273,0.635743260383606,0.3456476032733917,0.0154258515685796
4974,0.0010973288444802,0.2124069482088089,0.5773818492889404,0.2091138511896133
4975,0.0006676057819277,0.969899594783783,0.0292884297668933,0.0001443798682885
4976,0.0011800212087109,0.1835353523492813,0.5832741856575012,0.2320104390382766
4977,0.0011949896579608,0.1692306250333786,0.5548859238624573,0.2746884226799011
4978,0.0006202309741638,0.0892183408141136,0.4125414192676544,0.4976199269294739
4979,0.0021079410798847,0.1897508203983307,0.5405497550964355,0.2675915360450744
4980,0.0034846647176891,0.5253143310546875,0.4287490844726562,0.0424519106745719
4981,0.0010233561042696,0.6913958787918091,0.3020485043525696,0.0055322111584246
4982,0.0023930654861032,0.4779232442378998,0.4779232442378998,0.041760466992855
4983,0.0027351405005902,0.8593555688858032,0.135969802737236,0.0019395051058381
4984,0.002777065616101,0.2661060094833374,0.5722178220748901,0.1588991433382034
4985,0.0030855853110551,0.2129625529050827,0.5189156532287598,0.2650361955165863
4986,0.0012592261191457,0.1244927421212196,0.3895033299922943,0.4847446978092193
4987,0.0009338892996311,0.0894878283143043,0.2980400025844574,0.6115383505821228
4988,0.0009749711025506,0.1026066318154335,0.3417322635650635,0.5546861886978149
4989,0.0024310369044542,0.1677865982055664,0.4855065941810608,0.3442757129669189
4990,0.0014011855237185,0.1984314620494842,0.6017359495162964,0.1984314620494842
4991,0.0006036664708517,0.1047437116503715,0.5403091907501221,0.354343444108963
4992,0.0007141274400055,0.1164027377963066,0.5298961400985718,0.3529869616031647
4993,0.0006642208900302,0.7059958577156067,0.2852481007575989,0.0080918669700622
4994,0.0011570904171094,0.3930880427360534,0.5719397068023682,0.0338151380419731
4995,0.0011019642697647,0.4308863580226898,0.5279330015182495,0.0400786735117435
4996,0.0018617933383211,0.2438468337059021,0.5758891701698303,0.1784021407365799
4997,0.0021164428908377,0.272901713848114,0.5960721373558044,0.1289096474647522
4998,0.0012261250521987,0.4037249088287353,0.551826536655426,0.0432223975658416
4999,0.0031059379689395,0.1695784777402877,0.43303382396698,0.3942817747592926
5000,0.0015359411481767,0.2108228653669357,0.6493801474571228,0.138261005282402
5001,0.0016077266773208,0.6385475397109985,0.3526394069194793,0.0072053307667374
5002,0.0071612820029258,0.3093007206916809,0.517981231212616,0.1655567437410354
5003,0.0038590617477893,0.1948634386062622,0.4898866415023803,0.3113908767700195
5004,0.0026620733551681,0.7857237458229065,0.208196073770523,0.0034181696828454
5005,0.0020625907927751,0.1256295889616012,0.4667705595493316,0.4055372774600982
5006,0.0004297284758649,0.6441285014152527,0.350206583738327,0.0052351648919284
5007,0.0036236203741282,0.7584096193313599,0.2313018590211868,0.0066648577339947
5008,0.0586549714207649,0.4266855418682098,0.3824784457683563,0.1321810185909271
5009,0.0054568103514611,0.4072244167327881,0.5228865146636963,0.064432255923748
5010,0.0010254917433485,0.3026787936687469,0.6308367848396301,0.0654588863253593
5011,0.0039870180189609,0.2505525648593902,0.5472570657730103,0.19820336997509
5012,0.0858909338712692,0.4790611565113067,0.3504886031150818,0.0845593139529228
5013,0.0066325725056231,0.3565119504928589,0.5521764755249023,0.084679014980793
5014,0.0014210378285497,0.4903588593006134,0.4903588593006134,0.0178613197058439
5015,0.005116082727909,0.2389224618673324,0.5384200811386108,0.2175413817167282
5016,0.0046966234222054,0.6248232126235962,0.356013536453247,0.0144666181877255
5017,0.0145818432793021,0.5645489692687988,0.3880084455013275,0.0328606851398944
5018,0.0029101513791829,0.3260188400745392,0.6186749935150146,0.0523959882557392
5019,0.0008682531188242,0.3728693127632141,0.6052266359329224,0.02103584818542
5020,0.0147829512134194,0.529323399066925,0.4187292754650116,0.0371643342077732
5021,0.001987385097891,0.1817159354686737,0.5865862369537354,0.2297104746103286
5022,0.0050381049513816,0.3759777843952179,0.5556591153144836,0.0633249878883361
5023,0.0025706971064209,0.2705419361591339,0.5727372169494629,0.1541501432657241
5024,0.0020513380877673,0.2950787842273712,0.6246817708015442,0.0781880989670753
5025,0.0112693505361676,0.2263509631156921,0.4431736469268799,0.319206029176712
5026,0.0014492685440927,0.0766928866505622,0.3279738426208496,0.5938839912414551
5027,0.0013521146029233,0.1275546252727508,0.4593418836593628,0.411751389503479
5028,0.0010127103887498,0.1285580098628997,0.5761570334434509,0.294272243976593
5029,0.0052071502432227,0.3074024617671966,0.574303388595581,0.1130870282649993
5030,0.0018004908924922,0.4203906655311584,0.5482927560806274,0.0295160561800003
5031,0.0081618418917059,0.4319111406803131,0.4894194304943084,0.0705075562000274
5032,0.3084141314029693,0.632824718952179,0.0480416566133499,0.0107195423915982
5033,0.0019305513706058,0.3098011314868927,0.6456810235977173,0.0425872802734375
5034,0.0020546852611005,0.0747293308377265,0.277653157711029,0.6455628871917725
5035,0.0035465306136757,0.5964347720146179,0.3850872218608856,0.014931452460587
5036,0.0213846322149038,0.827924907207489,0.1461374312639236,0.0045530507341027
5037,0.0076449047774076,0.6669995188713074,0.3150682747364044,0.0102873435243964
5038,0.1217509359121322,0.6183022856712341,0.2421306520700454,0.0178160984069108
5039,0.0041533503681421,0.5031006932258606,0.4726193845272064,0.0201265607029199
5040,0.0093893837183713,0.7695682644844055,0.217066690325737,0.0039757150225341
5041,0.0697378888726234,0.5748555064201355,0.3224647045135498,0.0329418443143367
5042,0.0008843811228871,0.103830300271511,0.5440318584442139,0.3512533903121948
5043,0.0005350108840502,0.0942929834127426,0.6859342455863953,0.2192377597093582
5044,0.0030960831791162,0.3468484282493591,0.5993003249168396,0.0507551357150077
5045,0.0080797551199793,0.47698575258255,0.47698575258255,0.0379487536847591
5046,0.0011805678950622,0.2671661078929901,0.6822325587272644,0.0494207628071308
5047,0.0046835332177579,0.3662908375263214,0.5762563943862915,0.05276919901371
5048,0.0390706956386566,0.4988211691379547,0.3946000635623932,0.0675081089138984
5049,0.003980562556535,0.432215005159378,0.5053104758262634,0.0584939382970333
5050,0.0043248361907899,0.2083822786808014,0.523872971534729,0.263419896364212
5051,0.0094764987006783,0.2368826568126678,0.5014805793762207,0.2521602809429168
5052,0.0016067143296822,0.4742295145988464,0.4969882369041443,0.0271755158901214
5053,0.0052396692335605,0.3397239744663238,0.5514264106750488,0.1036099568009376
5054,0.0157198309898376,0.3691389262676239,0.4814479351043701,0.1336932629346847
5055,0.0298885833472013,0.5134879946708679,0.3999048471450805,0.0567185692489147
5056,0.0030793433543294,0.2059928476810455,0.4864900410175323,0.3044376969337463
5057,0.0015711941523477,0.1414343863725662,0.5014284253120422,0.355565994977951
5058,0.0007335176924243,0.0771959200501442,0.3053157329559326,0.6167547702789307
5059,0.0007048975094221,0.0334373004734516,0.2048283070325851,0.7610294818878174
5060,0.0003065553028136,0.0289195496588945,0.1256207972764969,0.8451531529426575
5061,0.0003831513749901,0.0304374825209379,0.2431794852018356,0.7259998321533203
5062,0.0033886628225445,0.2865564227104187,0.5788598656654358,0.1311950832605362
5063,0.0030540709849447,0.1889486759901046,0.6004776954650879,0.2075195461511612
5064,0.0475613065063953,0.4583552181720733,0.3799898326396942,0.1140936389565467
5065,0.0019834276754409,0.2943667471408844,0.6231744289398193,0.0804753899574279
5066,0.0024269227869808,0.6624857783317566,0.3279542326927185,0.007133122999221
5067,0.0048931986093521,0.3430396914482116,0.5568084120750427,0.0952586829662323
5068,0.0026303480844944,0.2122449725866317,0.5591910481452942,0.2259335964918136
5069,0.0029218676500022,0.2394807785749435,0.64088374376297,0.116713598370552
5070,0.0015968461520969,0.4713168144226074,0.5017141103744507,0.0253722351044416
5071,0.000345498585375,0.2262426763772964,0.7418212294578552,0.0315905585885047
5072,0.0142485043033957,0.9531543850898744,0.0321094989776611,0.000487557001179
5073,0.0010684222215786,0.768398106098175,0.2271380424499511,0.0033954386599361
5074,0.0079348450526595,0.2711070775985718,0.5064947009086609,0.2144633531570434
5075,0.0031611141748726,0.3224424123764038,0.6118881702423096,0.0625083073973655
5076,0.0112995700910687,0.3800830245018005,0.5276930332183838,0.0809243470430374
5077,0.0404696799814701,0.4151658713817596,0.4559704959392547,0.0883939117193222
5078,0.0083682034164667,0.2949893176555633,0.5177224278450012,0.1789200901985168
5079,0.005161752924323,0.2862602174282074,0.587367832660675,0.1212101951241493
5080,0.0935148224234581,0.460296094417572,0.3163565695285797,0.1298324763774871
5081,0.002652731956914,0.1059630066156387,0.393700361251831,0.4976838827133178
5082,0.0082231853157281,0.308572769165039,0.4930978417396545,0.1901061534881591
5083,0.0010936054168269,0.0687244459986686,0.3080016076564789,0.6221803426742554
5084,0.0024763180408626,0.1605568081140518,0.5023378133773804,0.3346291184425354
5085,0.0003911319363396,0.0278522726148366,0.1577938646078109,0.8139627575874329
5086,0.0018005750607699,0.1131518930196762,0.4011582732200622,0.4838892221450805
5087,0.0007398591260425,0.0356484092772007,0.1648365557193756,0.7987751364707947
5088,0.0022950323764234,0.1177127137780189,0.5794022679328918,0.3005899488925934
5089,0.0055488259531557,0.3541910052299499,0.523460328578949,0.1167997941374778
5090,0.0050790337845683,0.25248983502388,0.596301257610321,0.1461299061775207
5091,0.00171203922946,0.900824248790741,0.0964413583278656,0.0010223053395748
5092,0.0008377605117857,0.259135752916336,0.7044039368629456,0.0356224812567234
5093,0.0008403156534768,0.9072312116622924,0.091242641210556,0.0006858456763438
5094,0.001189503702335,0.0887688845396041,0.4301616549491882,0.4798800349235534
5095,0.0053653083741664,0.601065456867218,0.3645646572113037,0.0290045831352472
5096,0.0022227466106414,0.3403564989566803,0.5973442792892456,0.0600764937698841
5097,0.0055497866123914,0.247308000922203,0.5074430704116821,0.2396991401910781
5098,0.0166737902909517,0.8686697483062744,0.1121781244874,0.002478337381035
5099,0.0029262003954499,0.3714650869369507,0.5753363966941833,0.0502723306417465
5100,0.0088512618094682,0.7031428217887878,0.2796908915042877,0.0083149904385209
5101,0.0011746438685804,0.5044481158256531,0.4813477694988251,0.0130294878035783
5102,0.0106570851057767,0.6909724473953247,0.2835745215415954,0.0147958975285291
5103,0.0088284024968743,0.3417994379997253,0.5293893218040466,0.1199828833341598
5104,0.0012913410319015,0.0863843187689781,0.3994370400905609,0.5128872990608215
5105,0.0020180295687168,0.2643097341060638,0.6145384907722473,0.1191337183117866
5106,0.0066754119470715,0.3370751440525055,0.5302936434745789,0.1259557902812957
5107,9.913099347613752e-05,0.01043261308223,0.0649138987064361,0.9245543479919434
5108,0.0115418387576937,0.2710297703742981,0.5063502192497253,0.2110781669616699
5109,0.0041219051927328,0.1836791485548019,0.4690411686897278,0.3431578278541565
5110,0.006638765335083,0.2130817770957946,0.519206166267395,0.2610732614994049
5111,0.0026421910151839,0.1214780434966087,0.4174264967441559,0.4584532976150512
5112,0.0022606225684285,0.2200302928686142,0.6992548704147339,0.0784542188048362
5113,0.0020812517032027,0.1529092341661453,0.5681267380714417,0.2768828570842743
5114,0.0062854411080479,0.461790382862091,0.491573303937912,0.0403507947921752
5115,0.0004751948581542,0.0786765068769455,0.5997990369796753,0.321049302816391
5116,0.0094443196430802,0.4079066812992096,0.4997777044773102,0.0828712657094001
5117,0.0280816759914159,0.6292271018028259,0.3264387249946594,0.0162524282932281
5118,0.0110196555033326,0.2248212099075317,0.4471103847026825,0.3170487284660339
5119,0.0012280336814001,0.0888246595859527,0.4372102618217468,0.472737044095993
5120,0.0039254762232303,0.1427703648805618,0.4829859435558319,0.3703181743621826
5121,0.0008774196030572,0.4074242711067199,0.5656525492668152,0.0260457638651132
5122,0.0045908647589385,0.2143946439027786,0.5224051475524902,0.2586092948913574
5123,0.0009641491342335,0.2216258496046066,0.7043255567550659,0.0730844587087631
5124,0.0172283519059419,0.6364662647247314,0.3200353384017944,0.0262701008468866
5125,0.0035262720193713,0.6513136029243469,0.3326584696769714,0.0125017203390598
5126,0.0309317018836736,0.7612079977989197,0.1985729783773422,0.0092873806133866
5127,0.0039267051033675,0.7600815296173096,0.2318117618560791,0.0041799559257924
5128,0.0037652829196304,0.2479737997055053,0.585635781288147,0.162625178694725
5129,0.0676935091614723,0.5493524670600891,0.3437760174274444,0.0391779951751232
5130,0.003154678735882,0.2884471118450165,0.5918550491333008,0.1165431588888168
5131,0.0307906828820705,0.6899279356002808,0.2701796591281891,0.0091017084196209
5132,0.0019281877903267,0.2263778895139694,0.6758395433425903,0.0958544313907623
5133,0.0027918149717152,0.5320257544517517,0.4410648643970489,0.0241176001727581
5134,0.0017664432525634,0.2010076493024826,0.669457733631134,0.1277682483196258
5135,0.0013152692699804,0.1952032744884491,0.6813263297080994,0.1221550926566124
5136,0.0011922330595552,0.1611084938049316,0.6371964812278748,0.2005027532577514
5137,0.0013354840921238,0.2044950723648071,0.6398084759712219,0.1543609797954559
5138,0.0013639823300763,0.1227817758917808,0.5766777992248535,0.2991764843463897
5139,0.0009182985522784,0.0826626047492027,0.5737921595573425,0.3426269590854645
5140,0.0004581587272696,0.0521349385380744,0.3507540822029114,0.5966528058052063
5141,0.0001088130229618,0.0089184818789362,0.0669369250535965,0.9240357279777528
5142,0.0018171170959249,0.0875536128878593,0.3572733998298645,0.553355872631073
5143,0.0001467900001443,0.0130087565630674,0.0748602226376533,0.9119842648506165
5144,0.0020900564268231,0.0960929617285728,0.3741628229618072,0.5276541709899902
5145,0.025970796123147,0.4675927460193634,0.4324525892734527,0.0739839226007461
5146,0.0004666386812459,0.0332290679216384,0.2100141644477844,0.756290078163147
5147,0.0066820168867707,0.2355492264032364,0.5562928318977356,0.2014759182929992
5148,0.0082211457192897,0.2597798705101013,0.516633927822113,0.2153650671243667
5149,0.0157943479716777,0.5481380224227905,0.4010263383388519,0.0350412912666797
5150,0.0011383700184524,0.0693365707993507,0.2919178605079651,0.637607216835022
5151,0.0139169441536068,0.4608658850193023,0.4608658850193023,0.0643512979149818
5152,0.0046982183121144,0.1708751916885376,0.5101390480995178,0.3142875730991363
5153,0.0042218174785375,0.5034657716751099,0.4656296968460083,0.0266827084124088
5154,0.0046197194606065,0.1437152624130249,0.415853887796402,0.4358111023902893
5155,0.0010726127075031,0.1616967171430587,0.6296079754829407,0.207622691988945
5156,0.0015916106058284,0.7506927847862244,0.2437142580747604,0.0040013086982071
5157,0.003421674715355,0.3278742432594299,0.5844990611076355,0.084205076098442
5158,0.0023218928836286,0.1328549236059188,0.5092849731445312,0.3555381894111633
5159,0.0018922224408015,0.2764768302440643,0.6230501532554626,0.098580852150917
5160,0.0022287499159574,0.2576084434986114,0.6578262448310852,0.0823366120457649
5161,0.0159647166728973,0.411735475063324,0.4665574133396148,0.1057424172759056
5162,0.0068748258054256,0.3753527700901031,0.5461350679397583,0.071637324988842
5163,0.0011728602694347,0.0660687237977981,0.3252016603946686,0.6075567007064819
5164,0.0017959730466827,0.8210195302963257,0.1748051345348358,0.0023792777210474
5165,0.0015675129834562,0.2987150847911834,0.6524537205696106,0.0472635924816131
5166,0.0026626966428011,0.159666821360588,0.5660680532455444,0.2716024219989776
5167,0.0036176571156829,0.7112874984741211,0.278544157743454,0.0065507311373949
5168,0.0066378987394273,0.458137959241867,0.4876853227615356,0.0475387573242187
5169,0.0022155728656798,0.2190414518117904,0.6539369821548462,0.1248060539364814
5170,0.0056600063107907,0.3501721620559692,0.577336311340332,0.0668315291404724
5171,0.0028704719152301,0.2389731854200363,0.6198492646217346,0.1383070647716522
5172,0.0040132370777428,0.1933686286211013,0.5256303548812866,0.276987761259079
5173,0.0006260459776967,0.268854022026062,0.6758989095687866,0.054621011018753
5174,0.0008421408711001,0.0914408266544342,0.6347251534461975,0.2729918956756592
5175,0.1169351562857627,0.6321454644203186,0.2289479076862335,0.0219714641571044
5176,0.0019252524944022,0.2368808090686798,0.6240978240966797,0.1370960921049118
5177,0.003588916035369,0.1305296272039413,0.4700552523136139,0.3958262205123901
5178,0.0037501843180507,0.3428969383239746,0.531089186668396,0.1222636699676513
5179,0.0086953761056065,0.4747514128684997,0.4459877014160156,0.0705654993653297
5180,0.0030737579800188,0.5010225176811218,0.4633700549602508,0.032533686608076
5181,0.0061091445386409,0.3779593706130981,0.5247445702552795,0.0911869332194328
5182,0.0064689768478274,0.3940165638923645,0.505927324295044,0.0935871452093124
5183,0.0108050033450126,0.3207411468029022,0.4967735707759857,0.1716803610324859
5184,0.0374937392771244,0.5684560537338257,0.3502156138420105,0.0438346229493618
5185,0.0185243263840675,0.7171856760978699,0.2517558634281158,0.0125341862440109
5186,0.0366978831589221,0.5392714738845825,0.3706355094909668,0.0533951073884964
5187,0.012789960950613,0.7433452606201172,0.2339039444923401,0.0099608320742845
5188,0.0035906550474464,0.5762028098106384,0.4022543728351593,0.0179521478712558
5189,0.0120197366923093,0.3198333382606506,0.480126678943634,0.1880203038454055
5190,0.0013559879735112,0.4679120481014251,0.5059335231781006,0.0247984286397695
5191,0.0019107938278466,0.649137020111084,0.3420711755752563,0.0068810335360467
5192,0.0113063286989927,0.4176892340183258,0.5117635726928711,0.0592409297823905
5193,0.0065797255374491,0.3945488631725311,0.5066107511520386,0.0922606736421585
5194,0.0035598585382103,0.4179433286190033,0.5201388597488403,0.0583579577505588
5195,0.0049983002245426,0.190513476729393,0.4429571032524109,0.3615310490131378
5196,0.0099124340340495,0.2896837890148163,0.4851290583610534,0.2152747064828872
5197,0.0068869167007505,0.3587940335273742,0.4981361627578735,0.1361828446388244
5198,0.0047849817201495,0.2737888693809509,0.5115049481391907,0.2099212110042572
5199,0.0041009718552231,0.2617720067501068,0.545579731464386,0.1885473132133484
5200,0.0002693936112336,0.0399815589189529,0.3144793212413788,0.6452696919441223
5201,0.0006759275565855,0.1964102387428283,0.7184388041496277,0.0844749882817268
5202,0.0016576217021793,0.2921475172042846,0.6184762716293335,0.087718591094017
5203,0.0005534272640943,0.2303557842969894,0.732069194316864,0.0370215438306331
5204,0.0118053602054715,0.5599954724311829,0.3970962166786194,0.0311029814183712
5205,0.0016504595987498,0.502604603767395,0.4795887172222137,0.0161562003195285
5206,0.0009422139264643,0.4957650303840637,0.4957650303840637,0.0075277942232787
5207,0.0043362271972,0.6850587725639343,0.3039929866790771,0.0066119572147727
5208,0.0021734635811299,0.3030270636081695,0.5932981371879578,0.1015013456344604
5209,0.0122818611562252,0.3022482097148895,0.4537282586097717,0.2317417412996292
5210,0.0022992133162915,0.3155893981456756,0.6083144545555115,0.0737969204783439
5211,0.0093469284474849,0.5782740116119385,0.3792413473129272,0.0331377387046813
5212,0.0015110989334061,0.1666610687971115,0.6800811886787415,0.1517466157674789
5213,0.0192711893469095,0.5810641646385193,0.3693468272686004,0.030317835509777
5214,0.0152650689706206,0.4748823642730713,0.4531359374523163,0.056716613471508
5215,0.0035424251109361,0.3394448757171631,0.5684632062911987,0.0885494872927665
5216,0.0261551793664693,0.4155788123607635,0.4564240276813507,0.1018419712781906
5217,0.020359318703413,0.3184733390808105,0.5010288953781128,0.1601384580135345
5218,0.008430203422904,0.4256834685802459,0.5055115818977356,0.0603747516870498
5219,0.0358786098659038,0.5700740218162537,0.3457673788070678,0.0482799410820007
5220,0.0041521918028593,0.2163205742835998,0.6162399053573608,0.163287341594696
5221,0.0036067545879632,0.3456090986728668,0.543719470500946,0.107064701616764
5222,0.0168840866535902,0.4708297550678253,0.4423036277294159,0.0699825957417488
5223,0.004522870760411,0.2712109386920929,0.6608466506004333,0.0634195357561111
5224,0.0062465379014611,0.4885307252407074,0.4735001921653747,0.0317225381731987
5225,0.0066729988902807,0.4394699335098266,0.4979847073554992,0.0558723323047161
5226,0.0051757143810391,0.4732398986816406,0.4732398986816406,0.048344500362873
5227,0.0016071427380666,0.3525113761425018,0.5996420383453369,0.0462394319474697
5228,0.002222305862233,0.2910646498203277,0.6258873343467712,0.0808257311582565
5229,0.0015594924334436,0.3641207218170166,0.5818632245063782,0.0524565577507019
5230,0.0409303978085517,0.6109395623207092,0.3071996867656708,0.0409303978085517
5231,0.0025022404734045,0.4550063610076904,0.5155897736549377,0.0269016195088624
5232,0.0003088251978624,0.0129279950633645,0.0804406851530075,0.9063224792480468
5233,0.0016745208995416,0.0928654819726944,0.309289276599884,0.5961706638336182
5234,0.0007651722407899,0.0733209028840065,0.4089511930942535,0.5169627070426941
5235,0.0017632466042414,0.1236131265759468,0.5539956092834473,0.3206280767917633
5236,0.0014576709363609,0.2000795304775238,0.6162883043289185,0.1821744740009308
5237,0.0092923631891608,0.354184478521347,0.4692181944847107,0.1673049181699752
5238,0.0064855404198169,0.1895352602005005,0.4764916002750397,0.327487587928772
5239,0.0021231360733509,0.1039093807339668,0.296010285615921,0.5979572534561157
5240,0.0002712470304686,0.0308658275753259,0.2210523635149002,0.7478105425834656
5241,0.0013933224836364,0.0976794362068176,0.4048700630664825,0.4960571527481079
5242,0.0019584780093282,0.0958507731556892,0.3506075739860534,0.5515831708908081
5243,0.0018746291752904,0.2573111057281494,0.6368511319160461,0.1039630845189094
5244,0.0110920369625091,0.339713454246521,0.5261584520339966,0.1230360567569732
5245,0.0016082276124507,0.3418963551521301,0.6094961762428284,0.0469992980360984
5246,0.0037990210112184,0.0920418500900268,0.3314554691314697,0.5727036595344543
5247,0.0002868801821023,0.0188933387398719,0.1121749132871627,0.8686448931694031
5248,0.0063718939200043,0.1776866763830185,0.4397787451744079,0.3761627078056335
5249,0.0488862767815589,0.6540911793708801,0.276959627866745,0.0200628880411386
5250,0.0132995583117008,0.7609789967536926,0.2180241495370865,0.0076971938833594
5251,0.0005465904250741,0.9283831119537354,0.0704793334007263,0.0005910051404498
5252,0.0023448544088751,0.6013026833534241,0.3822112083435058,0.0141412829980254
5253,0.0046449000947177,0.3632694482803345,0.5122920870780945,0.119793564081192
5254,0.0019225288415327,0.8002237677574158,0.1961032748222351,0.001750482362695
5255,0.0024882336147129,0.554364800453186,0.4250462651252746,0.0181006528437137
5256,0.1726927012205124,0.6027567386627197,0.2018982321023941,0.0226523540914058
5257,0.209184780716896,0.4292193055152893,0.2904243171215057,0.0711715370416641
5258,0.0044188681058585,0.1509779244661331,0.3795584440231323,0.4650447368621826
5259,0.0033952568192034,0.1768858134746551,0.5280835032463074,0.2916353940963745
5260,0.6608447432518005,0.2932480871677398,0.0415914244949817,0.0043157404288649
5261,0.0465562120079994,0.4629112780094147,0.4021843075752258,0.088348165154457
5262,0.0032576704397797,0.4471469819545746,0.5066839456558228,0.0429113917052745
5263,0.0078379837796092,0.864461362361908,0.1264986395835876,0.0012019937857985
5264,0.0078515596687793,0.6237266063690186,0.3498789072036743,0.0185429044067859
5265,0.0009265042026527,0.2568939328193664,0.6874837279319763,0.0546958707273006
5266,0.1048381328582763,0.6128023862838745,0.2635630369186401,0.0187964402139186
5267,0.0138314319774508,0.5439289212226868,0.4105790853500366,0.0316604599356651
5268,0.0018668000120669,0.1329337209463119,0.4427369236946106,0.422462522983551
5269,0.0009792706696316,0.4271681606769562,0.548494815826416,0.0233577266335487
5270,0.0122489398345351,0.5208381414413452,0.4120169281959533,0.0548959374427795
5271,0.0012775058858096,0.2472832947969436,0.6827710866928101,0.0686680898070335
5272,0.0014118324033915,0.3620431423187256,0.5695738196372986,0.0669712498784065
5273,0.0073638409376144,0.2326899170875549,0.5003619194030762,0.2595843374729156
5274,0.0041972794570028,0.4702133536338806,0.4851395487785339,0.0404497943818569
5275,0.0030341390520334,0.3618311583995819,0.5692403316497803,0.0658943504095077
5276,0.0095799705013632,0.22850301861763,0.4544325172901153,0.3074844479560852
5277,0.0068098474293947,0.294122040271759,0.4700056314468384,0.2290624529123306
5278,0.0135017056018114,0.3706714212894439,0.4613080322742462,0.1545188426971435
5279,0.0037106892559677,0.2812777757644653,0.5862331986427307,0.1287783533334732
5280,0.0032697664573788,0.8126850128173828,0.1813345402479171,0.0027107317000627
5281,0.0074587762355804,0.3221497237682342,0.5229006409645081,0.1474908888339996
5282,0.0102914720773696,0.5361642241477966,0.4376045167446136,0.0159397423267364
5283,0.0118018882349133,0.3614539206027984,0.5018290281295776,0.1249151304364204
5284,0.002552289981395,0.429229199886322,0.5177491903305054,0.0504693351686
5285,0.0014576945686712,0.2129870057106018,0.645875096321106,0.1396802812814712
5286,0.001088144024834,0.1181521862745285,0.5052728056907654,0.3754868507385254
5287,0.0004098459030501,0.0223768297582864,0.1505471020936966,0.8266662359237671
5288,0.0017570635536685,0.1485830545425415,0.596911609172821,0.2527482807636261
5289,0.0126170255243778,0.3745300769805908,0.4517695009708404,0.16108338534832
5290,0.0099203353747725,0.4284661412239074,0.508816123008728,0.0527973882853984
5291,0.0039765909314155,0.1799942553043365,0.5458257794380188,0.2702033519744873
5292,0.0013592848554253,0.1453048288822174,0.6022717356681824,0.2510642111301422
5293,0.0058766636066138,0.3014152944087982,0.5127246975898743,0.179983302950859
5294,0.0036687750834971,0.3006984293460846,0.598010241985321,0.0976224914193153
5295,0.0018302410608157,0.7045594453811646,0.289150595664978,0.004459660500288
5296,0.0014260758180171,0.1700642853975296,0.5157135725021362,0.3127960860729217
5297,0.0005850070738233,0.434086412191391,0.5573779940605164,0.0079505695030093
5298,0.0028684185817837,0.2791881263256073,0.5818780064582825,0.1360654383897781
5299,0.002225762233138,0.4175792634487152,0.5361824035644531,0.0440125316381454
5300,0.0116256568580865,0.3972097337245941,0.4791263937950134,0.1120381504297256
5301,0.0012031911173835,0.4559929370880127,0.5248446464538574,0.0179591961205005
5302,0.0005312717403285,0.0517095923423767,0.3371888995170593,0.6105702519416809
5303,0.0028512761928141,0.1373821794986724,0.4231669008731842,0.4365996718406677
5304,0.001103336806409,0.1378910690546035,0.5453698039054871,0.3156358301639557
5305,0.0001480428472859,0.0091590862721204,0.0709248930215835,0.9197680354118348
5306,0.0033324901014566,0.233625590801239,0.5782288908958435,0.1848130524158477
5307,0.0008035005885176,0.1531201153993606,0.7304952144622803,0.1155811324715614
5308,0.0033825866412371,0.3092857599258423,0.586921215057373,0.1004103794693946
5309,0.0014936660882085,0.289124846458435,0.6515529155731201,0.0578286051750183
5310,0.0009473621030338,0.1280186772346496,0.5389787554740906,0.3320551812648773
5311,0.0407485142350196,0.7000623941421509,0.2419350892305374,0.0172540079802274
5312,0.0086650783196091,0.3922114074230194,0.5360894203186035,0.0630341097712516
5313,0.012948015704751,0.2520664036273956,0.4493569433689117,0.2856286466121673
5314,0.0010469486005604,0.03206467628479,0.1136791408061981,0.8532093167304993
5315,0.0008691053371876,0.0489578172564506,0.2194137126207351,0.7307592630386353
5316,0.0059837820008397,0.3267034292221069,0.5471253395080566,0.1201874837279319
5317,0.0204077512025833,0.5871555805206299,0.367432564496994,0.0250041000545024
5318,0.0049595097079873,0.1721182614564895,0.4752337634563446,0.3476884365081787
5319,0.0002595923724584,0.0314447619020938,0.2182698994874954,0.7500256896018982
5320,0.0054658944718539,0.1524219661951065,0.407902330160141,0.4342097640037536
5321,0.0041772173717617,0.2012696117162704,0.4828206896781921,0.3117324709892273
5322,0.001435317681171,0.0759546309709549,0.2866497933864593,0.6359603404998779
5323,0.0020335318986326,0.1110270768404007,0.3815146088600158,0.5054247379302979
5324,0.003572111018002,0.2076090723276138,0.5643399357795715,0.2244789153337478
5325,0.0028503783978521,0.1373389214277267,0.4433355033397674,0.4164751470088959
5326,0.0012008104240521,0.0731397271156311,0.2938286364078522,0.6318308115005493
5327,0.0043727583251893,0.1163547933101654,0.3065540492534637,0.5727183818817139
5328,0.0019770832732319,0.3273394405841827,0.6020693778991699,0.0686140730977058
5329,0.0017606419278308,0.1443049162626266,0.5531772375106812,0.3007572293281555
5330,0.0008139046840369,0.0527710653841495,0.2292270511388778,0.7171880006790161
5331,0.0017699029995128,0.1568515300750732,0.5827741026878357,0.2586044371128082
5332,0.0096279699355363,0.2406689673662185,0.4639015793800354,0.2858014702796936
5333,0.0015271698357537,0.256830483675003,0.6456717848777771,0.0959705412387847
5334,0.0049362648278474,0.2165581136941909,0.458453506231308,0.3200521171092987
5335,0.0018827610183507,0.2390061765909195,0.6496860384941101,0.1094249859452247
5336,0.0095988949760794,0.4771820306777954,0.4553302824497223,0.0578887462615966
5337,0.0022163128014653,0.2482893466949463,0.6340290904045105,0.1154652759432792
5338,0.0056595671921968,0.6145236492156982,0.361259788274765,0.0185570064932107
5339,0.0162409543991088,0.5815291404724121,0.3813761174678802,0.0208537988364696
5340,0.0045557562261819,0.2953811287879944,0.5605348944664001,0.1395281702280044
5341,0.0017533713253214,0.0972383767366409,0.4223842322826385,0.4786240458488464
5342,0.0331259816884994,0.3142905533313751,0.4432207643985748,0.2093626707792282
5343,0.0068307197652757,0.2226954102516174,0.5018518567085266,0.268621951341629
5344,0.0008691727416589,0.5430962443351746,0.4432622492313385,0.012772399932146
5345,0.003963029012084,0.5439643263816833,0.4303112328052521,0.0217613130807876
5346,0.0013452286366373,0.5687488913536072,0.4161055386066437,0.0138002820312976
5347,0.0048974705860018,0.3487460017204284,0.5660706162452698,0.0802858918905258
5348,0.0009746183059178,0.5048647522926331,0.4742765724658966,0.0198840051889419
5349,0.0646003633737564,0.837750256061554,0.0954731479287147,0.0021762321703135
5350,0.0023820903152227,0.2930896282196045,0.6108512282371521,0.0936770737171173
5351,0.0033085399772971,0.5740731954574585,0.4070788323879242,0.0155394496396183
5352,0.8827316761016846,0.0990397483110427,0.0156703647226095,0.002558116801083
5353,0.7597795128822327,0.2176804840564727,0.0205662902444601,0.0019736867398023
5354,0.0039317277260124,0.2843850255012512,0.602043092250824,0.1096401885151863
5355,0.0135814705863595,0.7650616765022278,0.2124499380588531,0.0089069465175271
5356,0.0027577888686209,0.3340544998645782,0.5862839221954346,0.0769037157297134
5357,0.0022408633958548,0.3325735926628113,0.5836848616600037,0.0815006718039512
5358,0.0050591798499226,0.2219504863023758,0.4924186766147613,0.2805716693401336
5359,0.1681689918041229,0.6651212573051453,0.15311960875988,0.0135901374742388
5360,0.0029824608936905,0.2948594391345978,0.5773067474365234,0.1248513385653495
5361,0.0038930543232709,0.16297048330307,0.4715707004070282,0.3615657985210418
5362,0.0013330649817362,0.123807854950428,0.5636062026023865,0.3112528920173645
5363,0.0079413279891014,0.499049574136734,0.4404096901416778,0.0525994338095188
5364,0.0011252984404563,0.2078461498022079,0.6815013289451599,0.1095272302627563
5365,0.0108616901561617,0.2801266610622406,0.5072439312934875,0.2017676830291748
5366,0.002219800138846,0.2953148782253265,0.6655023694038391,0.0369629934430122
5367,0.001884066616185,0.4197597801685333,0.547469973564148,0.0308861434459686
5368,0.0010972924064844,0.4358162581920624,0.5423820614814758,0.0207043886184692
5369,0.0020424746908247,0.2513037323951721,0.6831142902374268,0.0635395273566246
5370,0.0003831052745226,0.4072000086307525,0.5742440819740295,0.0181728638708591
5371,0.0010457844473421,0.8132326602935791,0.1843142658472061,0.0014072568155825
5372,0.0016377770807594,0.1384957730770111,0.5477614402770996,0.3121050298213959
5373,0.0002064576692646,0.0296983104199171,0.2160403430461883,0.7540549039840698
5374,0.0003215761971659,0.0949147641658783,0.6385686993598938,0.2661950290203094
5375,0.0001344501215498,0.0128833791241049,0.1385093778371811,0.8484728336334229
5376,0.0299386754631996,0.262703537940979,0.3647277355194092,0.342629998922348
5377,0.0004744267789646,0.040750864893198,0.2135192602872848,0.7452554702758789
5378,0.0011868351139128,0.0418373756110668,0.2603209316730499,0.6966548562049866
5379,0.0008033699123188,0.1155623197555542,0.4865355193614959,0.3970987200736999
5380,0.000294373370707,0.0127141894772648,0.0816215723752975,0.9053698778152466
5381,0.0006018932908773,0.0893288850784301,0.4905120730400085,0.4195572435855865
5382,0.0057627242058515,0.1271236836910247,0.3402006030082702,0.5269129872322083
5383,0.0012985062785446,0.1303977817296981,0.5404837131500244,0.3278199434280395
5384,0.0209152158349752,0.5924265384674072,0.3537540435791015,0.032904252409935
5385,0.0016722069121897,0.5172463655471802,0.4636566340923309,0.0174247957766056
5386,0.029008213430643,0.7028046250343323,0.2505927383899688,0.0175943709909915
5387,0.0015010968782007,0.5513920783996582,0.4361870586872101,0.0109197283163666
5388,0.0041285152547061,0.7867556810379028,0.2052374929189682,0.0038783808704465
5389,0.0006912599201314,0.3260369300842285,0.6284526586532593,0.0448191575706005
5390,0.0014550784835591,0.1630097180604934,0.6056545972824097,0.2298805564641952
5391,0.0044514429755508,0.2078836113214492,0.6206257939338684,0.1670391708612442
5392,0.0014128050534054,0.137510746717453,0.569966197013855,0.2911102771759033
5393,0.0006085476488806,0.2781943380832672,0.677862823009491,0.0433343201875686
5394,0.0023755186703056,0.1772774010896682,0.5997217297554016,0.2206253260374069
5395,0.0005034263595007,0.309685468673706,0.6556041240692139,0.0342070646584034
5396,0.0013352093519642,0.1259598284959793,0.5303106904029846,0.3423943221569061
5397,0.0001145179267041,0.0116811469197273,0.060255941003561,0.9279484152793884
5398,0.0011496716178953,0.1172696873545646,0.5422495603561401,0.3393311202526092
5399,0.0025523954536765,0.3449095785617828,0.5867109894752502,0.0658271461725235
5400,0.0049041393212974,0.5081133842468262,0.4484084546566009,0.0385740436613559
5401,0.00094251986593,0.7215680480003357,0.2738763391971588,0.0036130477674305
5402,0.0037139009218662,0.5342333316802979,0.4428950250148773,0.0191577579826116
5403,7.665626617381349e-05,0.0133008249104022,0.1242382451891899,0.8623843193054199
5404,0.0008232704130932,0.5738708972930908,0.4198528826236725,0.0054529369808733
5405,0.0003009352658409,0.0522160492837429,0.3404914140701294,0.6069915890693665
5406,0.0047029661945998,0.55214923620224,0.423347532749176,0.0198002271354198
5407,0.0002411796012893,0.7534492015838623,0.2446091324090957,0.001700481865555
5408,0.0019045858643949,0.2167272418737411,0.6369968056678772,0.1443714648485183
5409,0.0006004801252856,0.0401691496372222,0.1772345900535583,0.7819957137107849
5410,0.0014486039290204,0.1988349705934524,0.6519548296928406,0.1477616131305694
5411,0.008561760187149,0.2925266623497009,0.5214852094650269,0.1774263978004455
5412,0.0010919934138655,0.1646183729171753,0.7263302803039551,0.107959359884262
5413,0.0028274750802665,0.0800886526703834,0.214328333735466,0.7027555704116821
5414,0.0002594140241853,0.1185897514224052,0.8361391425132751,0.0450115948915481
5415,0.0028436032589524,0.2559729814529419,0.5859279632568359,0.1552554666996002
5416,0.0073059871792793,0.4180366694927215,0.5042484998703003,0.0704088658094406
5417,0.087249532341957,0.4571548700332641,0.3344616293907165,0.1211339905858039
5418,0.0007348076906055,0.689249575138092,0.3058526515960693,0.0041629686020314
5419,0.0013008872047066,0.1369062662124633,0.6430172324180603,0.218775600194931
5420,0.0070650479756295,0.5612462759017944,0.397983193397522,0.0337054580450058
5421,0.0035576629452407,0.2915914952754974,0.6172991394996643,0.0875516384840011
5422,0.0025529339909553,0.1965650171041488,0.6246823668479919,0.1761997491121292
5423,0.0243176817893981,0.1513096839189529,0.2962499856948852,0.5281227231025696
5424,0.0241734441369771,0.633259117603302,0.2944928407669067,0.0480746366083622
5425,0.0043645347468554,0.2785957157611847,0.5990749001502991,0.1179648339748382
5426,0.0054957633838057,0.2449006289243698,0.5266190767288208,0.2229845523834228
5427,0.0020245066843926,0.2198237627744674,0.6069528460502625,0.1711989045143127
5428,0.0021131448447704,0.2855528593063354,0.5951433181762695,0.1171906590461731
5429,0.0032354451250284,0.1851268708705902,0.5883319973945618,0.223305657505989
5430,0.0031665209680795,0.2636199593544006,0.5757988691329956,0.1574146598577499
5431,0.0029247407801449,0.2050401717424392,0.593303382396698,0.1987317502498626
5432,0.0012795240618288,0.141120359301567,0.642417311668396,0.2151828408241272
5433,0.0153366783633828,0.448203444480896,0.448203444480896,0.0882564857602119
5434,0.0076792128384113,0.2175148427486419,0.4533398449420929,0.3214660882949829
5435,0.0032832464203238,0.2909663617610931,0.5970242023468018,0.108726181089878
5436,0.0032063003163784,0.1363353580236435,0.4134318828582763,0.4470264613628387
5437,0.0025391806848347,0.2081151306629181,0.5746243000030518,0.2147214263677597
5438,0.0006962330662645,0.2897965610027313,0.6737971901893616,0.0357099436223506
5439,0.0023492807522416,0.1365388482809066,0.4339195787906647,0.4271923005580902
5440,0.0018385587027296,0.7417275309562683,0.2484475970268249,0.0079863350838422
5441,0.0012456921394914,0.3144865036010742,0.6352802515029907,0.0489875525236129
5442,0.0031291765626519,0.1004359200596809,0.3093644380569458,0.5870704650878906
5443,0.0035615123342722,0.1716032922267913,0.4888522624969482,0.3359829187393188
5444,0.0068033905699849,0.2513373792171478,0.566397488117218,0.1754617542028427
5445,0.0105523746460676,0.2988975346088409,0.5005592107772827,0.1899908483028412
5446,0.0046980832703411,0.273049920797348,0.569084882736206,0.1531671285629272
5447,0.0014642480527982,0.4188830852508545,0.5463265180587769,0.0333261303603649
5448,0.0024228624533861,0.2358213812112808,0.6021910309791565,0.1595647484064102
5449,0.0193163454532623,0.1721647083759308,0.3477822542190552,0.4607366323471069
5450,0.0085830241441726,0.2978712618350982,0.4541994035243988,0.2393462806940078
5451,0.0014557482209056,0.2606086730957031,0.6450126767158508,0.0929228961467742
5452,0.0183247439563274,0.437084823846817,0.4439678788185119,0.1006226316094398
5453,0.0607676953077316,0.3336803019046783,0.3901117742061615,0.2154401689767837
5454,0.0006159200565889,0.2604046761989593,0.6860749125480652,0.0529044196009635
5455,0.0020226831547915,0.2733286619186401,0.6256555318832397,0.0989930853247642
5456,0.0046323565766215,0.2197390496730804,0.4508752524852752,0.3247532844543457
5457,0.0017924619605764,0.1772108078002929,0.6381606459617615,0.1828360855579376
5458,0.0079762712121009,0.4027620851993561,0.4858238101005554,0.1034378558397293
5459,0.0022784175816923,0.4410270452499389,0.5237325429916382,0.0329620279371738
5460,0.0029719432350248,0.1674133688211441,0.395377516746521,0.4342372417449951
5461,0.0024732113815844,0.3394723236560821,0.6051748991012573,0.0528795905411243
5462,0.0081187356263399,0.2861952781677246,0.4792869091033935,0.2263991087675094
5463,0.0025022933259606,0.5842521786689758,0.3953248262405395,0.017920721322298
5464,0.0012343528214842,0.6913677453994751,0.3020361959934234,0.0053617842495441
5465,0.0030866009183228,0.8166376352310181,0.1766102761030197,0.0036654295399785
5466,0.0030996655113995,0.8200941681861877,0.1746081113815307,0.0021979918237775
5467,0.003444121684879,0.4954264461994171,0.4727392196655273,0.0283901970833539
5468,0.0032244878821074,0.5682998299598694,0.4093310534954071,0.0191446654498577
5469,0.0009477425483055,0.4265384972095489,0.5476862788200378,0.024827517569065
5470,0.0012419716222211,0.6235631704330444,0.3665738403797149,0.008620991371572
5471,0.0030010312329977,0.5718953013420105,0.4055344760417938,0.0195691809058189
5472,0.0022987220436334,0.2168549001216888,0.5894726514816284,0.1913737505674362
5473,0.0021361429244279,0.1922894567251205,0.6304928660392761,0.1750815361738205
5474,0.0028994441963732,0.1158178970217704,0.4303157031536102,0.4509669840335846
5475,0.0510429106652736,0.2512419819831848,0.354308009147644,0.3434070944786072
5476,0.0049133757129311,0.2767767608165741,0.5504363179206848,0.1678735762834549
5477,0.0186264626681804,0.257130354642868,0.4373934864997864,0.2868496477603912
5478,0.0041137817315757,0.4681167900562286,0.4983077347278595,0.0294617488980293
5479,0.0170714687556028,0.2887420356273651,0.4472123980522156,0.2469741255044937
5480,0.0074840118177235,0.5006433725357056,0.4282229840755462,0.0636496543884277
5481,0.0035235392861068,0.1724471747875213,0.5068504214286804,0.3171789050102234
5482,0.0003166313108522,0.0208526849746704,0.1058986708521843,0.8729320168495178
5483,0.0017017533537,0.1682429611682891,0.5964730978012085,0.2335822135210037
5484,0.0051380186341702,0.1525195240974426,0.414590984582901,0.4277515411376953
5485,0.0011913395719602,0.4881893694400787,0.495877206325531,0.0147420410066843
5486,0.0022552334703505,0.0770537704229354,0.2953773140907287,0.6253136992454529
5487,0.001520850113593,0.3233206570148468,0.5946776866912842,0.0804808735847473
5488,0.0138794342055916,0.3158944547176361,0.4317765235900879,0.2384496331214904
5489,0.0026436005719006,0.4882813990116119,0.4882813990116119,0.0207935310900211
5490,0.0074629210866987,0.2017081677913665,0.5397990345954895,0.2510298788547516
5491,0.011406066827476,0.3385833501815796,0.4849982857704162,0.1650123596191406
5492,0.0042278058826923,0.1400057077407837,0.4810918569564819,0.3746747076511383
5493,0.0199480317533016,0.5391561985015869,0.3883396685123443,0.0525560565292835
5494,0.0005214544362388,0.0811047554016113,0.6685535907745361,0.2498202472925186
5495,0.0073039345443248,0.1943504959344864,0.4518784284591675,0.3464672267436981
5496,0.0178489629179239,0.369886189699173,0.4824225306510925,0.1298422664403915
5497,0.0055254232138395,0.2500997483730316,0.572484016418457,0.1718908548355102
5498,0.0048086708411574,0.2316947281360626,0.5558067560195923,0.2076898217201233
5499,0.0601802878081798,0.6780492067337036,0.2455731630325317,0.0161973051726818
5500,0.0047050816938281,0.2163220196962356,0.5789077281951904,0.2000651657581329
5501,0.003417641390115,0.2672877013683319,0.5484387874603271,0.1808559298515319
5502,0.0008227544021792,0.4536847174167633,0.5221878886222839,0.0233046393841505
5503,0.0005593220121227,0.1001300811767578,0.5498222708702087,0.3494883179664612
5504,0.0023686483036726,0.2737785279750824,0.6567605137825012,0.0670923143625259
5505,0.0102243945002555,0.2516153156757355,0.4485528171062469,0.2896074652671814
5506,0.0021216117311269,0.1333265006542205,0.391868382692337,0.4726834893226623
5507,0.0039882478304207,0.1669554412364959,0.4756117463111877,0.3534446358680725
5508,0.0042141489684581,0.4870893955230713,0.4647839665412903,0.0439124405384063
5509,0.0085331052541732,0.2915475964546203,0.5116820335388184,0.1882373094558715
5510,0.1379633247852325,0.5288674831390381,0.2659312486648559,0.067237950861454
5511,0.12381162494421,0.5212664008140564,0.306436687707901,0.0484853237867355
5512,0.0020019677467644,0.2463197708129882,0.638904869556427,0.1127734035253524
5513,0.002107158768922,0.2116037756204605,0.6517854928970337,0.1345035284757614
5514,0.0074121132493019,0.2612859904766083,0.5278121829032898,0.2034897357225418
5515,0.0030298640485852,0.1788670569658279,0.4786730408668518,0.3394300043582916
5516,0.003058650996536,0.2282574027776718,0.6302388906478882,0.138445109128952
5517,0.0045679686591029,0.380293607711792,0.562037467956543,0.0531008839607238
5518,0.002016480313614,0.4027147591114044,0.5335103869438171,0.0617583133280277
5519,0.0004770250816363,0.11313296854496,0.6717013120651245,0.2146886438131332
5520,0.0024972024839371,0.2886373400688171,0.5922453999519348,0.1166200265288353
5521,0.0055531277321279,0.5490070581436157,0.4209383130073547,0.024501547217369
5522,0.0026470012962818,0.2038078010082245,0.5897374153137207,0.2038078010082245
5523,0.0027010978665202,0.1203655377030372,0.4008784890174866,0.4760549366474151
5524,0.0057082269340753,0.3116585910320282,0.5643408298492432,0.1182922720909118
5525,0.004867301788181,0.1798125356435775,0.5368210673332214,0.2784990966320038
5526,0.2377353459596634,0.5112113356590271,0.2198692560195922,0.0311840884387493
5527,0.082523837685585,0.4976824522018432,0.3584672510623932,0.0613265112042427
5528,0.0006367422174662,0.0564290769398212,0.3456700146198272,0.5972642302513123
5529,0.0100169572979211,0.3067871928215027,0.5137718319892883,0.1694239825010299
5530,0.0004796049615833,0.1761714220046997,0.7652537822723389,0.058095172047615
5531,0.0011151892831549,0.1707625687122345,0.605405867099762,0.2227164059877395
5532,0.0001925126562127,0.0229577720165252,0.2046204060316085,0.7722293138504028
5533,0.0005103727453388,0.0571761019527912,0.3557616770267486,0.5865518450737
5534,0.0004164002602919,0.1679878532886505,0.7297059893608093,0.101889781653881
5535,0.0006406871252693,0.0893254056572914,0.4195408821105957,0.490492969751358
5536,0.000222596398089,0.5167736411094666,0.4779374897480011,0.0050662709400057
5537,0.0006086221546866,0.1853400766849517,0.6674352884292603,0.1466160714626312
5538,0.0060681169852614,0.2789892554283142,0.5724487900733948,0.1424937844276428
5539,0.051624447107315,0.3639877438545227,0.4124521613121032,0.1719356328248977
5540,0.0011411107843741,0.2107667773962021,0.7472331523895264,0.040859006345272
5541,0.0313383005559444,0.4394245743751526,0.4128011763095855,0.1164359301328659
5542,0.1885319799184799,0.627907395362854,0.1771094053983688,0.0064512104727327
5543,0.3108505308628082,0.5541509985923767,0.1275728046894073,0.0074256281368434
5544,0.0051734410226345,0.1420299559831619,0.3570632934570312,0.4957332611083984
5545,0.0053011616691946,0.5240965485572815,0.4482835829257965,0.0223187245428562
5546,0.0146386586129665,0.4772502183914184,0.455395370721817,0.0527158342301845
5547,0.003653222694993,0.3555744886398315,0.586243212223053,0.0545291118323802
5548,0.0309433806687593,0.574806809425354,0.3432328402996063,0.0510170049965381
5549,0.1360046863555908,0.4673434197902679,0.3313961029052734,0.0652557611465454
5550,0.000654237170238,0.1961421519517898,0.7287564873695374,0.0744471624493599
5551,0.0080629298463463,0.4008258581161499,0.4988358318805694,0.0922753512859344
5552,0.005883487407118,0.6095827221870422,0.3639984726905823,0.0205353870987892
5553,0.0010955717880278,0.2809428870677948,0.6634983420372009,0.0544632598757743
5554,0.0033433001954108,0.3804419040679931,0.5622566938400269,0.053958136588335
5555,0.0031808349303901,0.1193599477410316,0.3508184254169464,0.526640772819519
5556,0.0021658604964613,0.2503394484519958,0.66994309425354,0.0775515437126159
5557,0.0041118031367659,0.4065112471580505,0.5219707489013672,0.0674061700701713
5558,0.0011173906968906,0.3098214566707611,0.655892014503479,0.0331691801548004
5559,0.0016067579854279,0.3524270057678222,0.5902041792869568,0.0557620525360107
5560,0.00271529215388,0.3187874257564544,0.6339845061302185,0.0445126965641975
5561,0.0010998542420566,0.0609956607222557,0.2063456624746322,0.7315588593482971
5562,0.008456434123218,0.4270079731941223,0.4914831519126892,0.0730524510145187
5563,0.0337528586387634,0.3103855550289154,0.3985429108142853,0.2573186457157135
5564,0.0084553658962249,0.388746052980423,0.4914210140705108,0.1113776043057441
5565,0.0079676322638988,0.3387923538684845,0.5499142408370972,0.1033258289098739
5566,0.0162939578294754,0.5148725509643555,0.4137117266654968,0.0551217496395111
5567,0.0111272009089589,0.5278264880180359,0.4307994246482849,0.0302468668669462
5568,0.0847930312156677,0.4729374945163727,0.3626137673854828,0.0796556770801544
5569,0.0207869708538055,0.2738146781921386,0.4046718180179596,0.3007265627384186
5570,0.0081137269735336,0.5019785165786743,0.4499706327915191,0.0399371646344661
5571,0.0017817338230088,0.2226747274398803,0.6544773578643799,0.1210661455988884
5572,0.0017575005767866,0.2450329661369323,0.6557421684265137,0.0974673703312873
5573,0.0100631732493639,0.4626669883728027,0.4626669883728027,0.0646027848124504
5574,0.0052534281276166,0.2736926674842834,0.5358642339706421,0.1851897239685058
5575,0.0015731937019154,0.2564305067062378,0.6446662545204163,0.0973300486803054
5576,0.0010650395415723,0.1532027125358581,0.708402156829834,0.1373300105333328
5577,0.000914959993679,0.1914975643157959,0.6896092295646667,0.1179782301187515
5578,0.0007938722264952,0.3409266173839569,0.627060055732727,0.0312194805592298
5579,0.0006066893693059,0.1966669559478759,0.7657736539840698,0.0369526222348213
5580,0.0007295348332263,0.1703366637229919,0.6328774690628052,0.1960562914609909
5581,0.0005837836069986,0.0664300918579101,0.5738683938980103,0.3591176867485046
5582,0.0003659266221802,0.0686521604657173,0.3379177451133728,0.5930641889572144
5583,0.0008816830231808,0.0987733080983161,0.5864441394805908,0.3139009177684784
5584,0.0015040559228509,0.2609726190567016,0.6459134221076965,0.0916100069880485
5585,0.0012913681566715,0.3694266676902771,0.6090816259384155,0.0202003978192806
5586,0.0026872681919485,0.1378305703401565,0.4963469505310058,0.3631351888179779
5587,0.033471405506134,0.3276485502719879,0.4273342490196228,0.211545780301094
5588,0.0017715842695906,0.0967252179980278,0.3946992754936218,0.5068038702011108
5589,0.1596950441598892,0.317591518163681,0.3078202605247497,0.2148931920528412
5590,0.0007355466368608,0.0622002221643924,0.3469249606132507,0.5901392698287964
5591,0.1238098889589309,0.4059570133686065,0.3112580478191376,0.1589750498533249
5592,0.0008185572223737,0.1159214749932289,0.5530304312705994,0.3302295506000519
5593,0.0001476866164011,0.0122952405363321,0.0982325077056884,0.8893245458602905
5594,0.0183209851384162,0.5611129403114319,0.3737818300724029,0.0467842780053615
5595,0.0306629966944456,0.69788658618927,0.2567381560802459,0.0147122675552964
5596,0.0035296897403895,0.3329808413982391,0.5843995809555054,0.0790898874402046
5597,0.0051041021943092,0.1976098269224167,0.4815064072608948,0.3157795965671539
5598,0.0014501202385872,0.0940213203430175,0.3718615174293518,0.5326670408248901
5599,0.0418699011206626,0.5602130889892578,0.3397864103317261,0.058130607008934
5600,0.0015957871219143,0.281249463558197,0.6437864303588867,0.0733683034777641
5601,0.0023867790587246,0.2891136407852173,0.6216920018196106,0.0868076533079147
5602,0.0028000832535326,0.1993922740221023,0.595275342464447,0.2025322467088699
5603,0.0085114110261201,0.1310767084360122,0.3734028041362762,0.487009048461914
5604,0.0006648601265624,0.0598488003015518,0.3444060683250427,0.5950803160667419
5605,0.001210764166899,0.1178457662463188,0.4884571135044098,0.3924863040447235
5606,0.0007923327502794,0.8035995960235596,0.1938774287700653,0.0017306137597188
5607,0.002320789033547,0.7067360877990723,0.2855471968650818,0.0053959959186613
5608,0.00056516303448,0.0633141547441482,0.482682466506958,0.4534382224082947
5609,0.0002146150800399,0.0285516809672117,0.2794897854328155,0.6917439103126526
5610,0.013680525124073,0.4747784435749054,0.4530367851257324,0.058504182845354
5611,0.0039805504493415,0.7467983365058899,0.2424499243497848,0.0067711444571614
5612,0.6765961050987244,0.2691313624382019,0.0497842952609062,0.0044881901703774
5613,0.0204540137201547,0.7556317448616028,0.2131357192993164,0.0107785072177648
5614,0.1205699667334556,0.5076184868812561,0.3031128346920013,0.0686986967921257
5615,0.1236713230609893,0.6581957936286926,0.1976262032985687,0.0205067172646522
5616,0.0083028683438897,0.2664937973022461,0.4825579524040222,0.2426453828811645
5617,0.0051809959113597,0.8713095784187317,0.1216620802879333,0.0018473410746082
5618,0.0027759433723986,0.7577592134475708,0.2347428500652313,0.0047220387496054
5619,0.0022884865757077,0.4499519169330597,0.5260470509529114,0.0217125564813613
5620,0.0051789730787277,0.3410764634609222,0.5282695889472961,0.1254750192165374
5621,0.0037222797982394,0.5354386568069458,0.4438942372798919,0.0169448032975196
5622,0.0077954214066267,0.352847695350647,0.5054309964179993,0.1339258849620819
5623,0.0016248401952907,0.2374090105295181,0.6763153076171875,0.0846507921814918
5624,0.017974441871047,0.4155387282371521,0.4563800096511841,0.110106810927391
5625,0.0105807818472385,0.4714977145195007,0.4641878306865692,0.0537336356937885
5626,0.0039490754716098,0.5172268152236938,0.4564510583877563,0.0223730374127626
5627,0.001217192155309,0.4541473686695099,0.522720456123352,0.0219150092452764
5628,0.0206239335238933,0.2759452164173126,0.4142428040504455,0.2891880571842193
5629,0.0040751905180513,0.2482142895460128,0.5771154761314392,0.1705950051546096
5630,0.005821609403938,0.2985915541648865,0.5406795144081116,0.1549072712659835
5631,0.0013807376381009,0.1808409392833709,0.631196916103363,0.1865814477205276
5632,0.001283964025788,0.0886172950267791,0.3045094609260559,0.6055893301963806
5633,0.001669290009886,0.2896428108215332,0.6131738424301147,0.0955140590667724
5634,0.0023339220788329,0.4178197681903839,0.5364912152290344,0.0433551371097564
5635,0.0112823098897933,0.3297174274921417,0.4797360002994537,0.1792642623186111
5636,0.0072604762390255,0.3666179776191711,0.5334259867668152,0.0926955267786979
5637,0.1395601481199264,0.5185288190841675,0.2648386359214782,0.0770724266767501
5638,0.018819386139512,0.4853583872318268,0.4350724220275879,0.0607497282326221
5639,0.0165264476090669,0.3820635676383972,0.4608566164970398,0.1405533254146576
5640,0.0016898987814784,0.4333491027355194,0.5227187871932983,0.042242158204317
5641,0.022284222766757,0.5929611325263977,0.348583847284317,0.0361708588898181
5642,0.0009790916228666,0.2358615398406982,0.7152412533760071,0.0479181744158268
5643,0.0048799710348248,0.6004258394241333,0.369911640882492,0.0247825365513563
5644,0.0551526211202144,0.3888638317584991,0.3378507494926452,0.2181328386068344
5645,0.0047084530815482,0.3799290060997009,0.5193014144897461,0.0960611030459404
5646,0.0066740396432578,0.4002043604850769,0.4903406202793121,0.1027809754014015
5647,0.0024624920915812,0.1149990633130073,0.3830053508281708,0.4995331466197967
5648,0.0021661301143467,0.1542488634586334,0.6294316649436951,0.2141533344984054
5649,0.0014241047902032,0.5150008201599121,0.4616437256336212,0.021931380033493
5650,0.0045122560113668,0.2278465181589126,0.5134600400924683,0.2541811466217041
5651,0.0007077832124195,0.1435785740613937,0.7522979378700256,0.1034157648682594
5652,0.0131650930270552,0.5017961263656616,0.4498071372509002,0.0352316163480281
5653,0.00155192730017,0.269278883934021,0.6769670248031616,0.0522020943462848
5654,0.0022777060512453,0.3380415439605713,0.6217535138130188,0.0379272066056728
5655,0.0047106062993407,0.2003000974655151,0.5035543441772461,0.2914349138736725
5656,0.000309778319206,0.1966109126806259,0.7655555009841919,0.0375238470733165
5657,0.0014418109785765,0.3162474334239959,0.6388373970985413,0.0434734299778938
5658,0.2797725200653076,0.6504905819892883,0.0674982592463493,0.0022386023774743
5659,0.0238660294562578,0.7084511518478394,0.2565840184688568,0.0110987350344657
5660,0.0034123209770768,0.2753430306911468,0.5738641619682312,0.1473805010318756
5661,0.005924095865339,0.6137900948524475,0.3497270345687866,0.0305588096380233
5662,0.2968373894691467,0.6186622381210327,0.0811508223414421,0.0033494946546852
5663,0.5712226033210754,0.386508584022522,0.0388721860945224,0.0033966137561947
5664,0.0058698342181742,0.2741228342056274,0.5537433624267578,0.1662639081478119
5665,0.0037733863573521,0.3971137404441833,0.5427901744842529,0.0563227124512195
5666,0.000673470494803,0.0472139194607734,0.2473832666873932,0.7047293186187744
5667,0.0025208198931068,0.0714025944471359,0.2694705724716186,0.6566060185432434
5668,0.0012982883490622,0.0999626591801643,0.4143337607383728,0.4844052195549011
5669,0.0024424884468317,0.1088414713740348,0.4582396745681762,0.4304763376712799
5670,0.0005191433592699,0.0358305126428604,0.2094373703002929,0.7542129755020142
5671,0.0008291734266094,0.0669066980481147,0.2773205935955047,0.654943585395813
5672,0.0013321379665285,0.0469594821333885,0.2171384543180465,0.7345699667930603
5673,0.8208829760551453,0.1361157298088073,0.0366350561380386,0.0063662179745733
5674,0.0016800862504169,0.0946414172649383,0.6075716614723206,0.2961067855358124
5675,0.0033249636180698,0.6537393927574158,0.3338974416255951,0.0090381884947419
5676,0.0011500108521431,0.1529936492443084,0.7530611157417297,0.0927953347563743
5677,0.0119824800640344,0.894214391708374,0.0927883014082908,0.0010148040018975
5678,0.0020469997543841,0.1412809044122696,0.6635639071464539,0.1931081116199493
5679,0.0040649846196174,0.5160274505615234,0.4553925991058349,0.0245149936527013
5680,0.0004994597402401,0.0605002082884311,0.6015572547912598,0.3374430537223816
5681,0.0139773245900869,0.7751536965370178,0.205395296216011,0.0054735993035137
5682,0.0043262965045869,0.1598261892795562,0.4277170300483703,0.4081304669380188
5683,0.0004863156063947,0.1189974918961525,0.5766453742980957,0.3038707673549652
5684,0.0014829650754109,0.0835373252630233,0.4111851453781128,0.5037945508956909
5685,0.0045462762936949,0.2683879435062408,0.5337531566619873,0.1933125853538513
5686,0.0014387792907655,0.1444841921329498,0.6083011627197266,0.2457758784294128
5687,0.0012681663502007,0.2099663019180297,0.7103068232536316,0.0784586742520332
5688,0.0011086806189268,0.1062368154525756,0.7147413492202759,0.1779131889343261
5689,0.0033478736877441,0.2618313133716583,0.580898106098175,0.1539226919412613
5690,0.0022998417261987,0.3308252394199371,0.6084807515144348,0.0583941265940666
5691,0.0189204476773738,0.6566283702850342,0.3101692795753479,0.014281902462244
5692,0.0019589778967201,0.3733150959014892,0.5692375302314758,0.0554883368313312
5693,0.0048810536973178,0.3265183269977569,0.5820818543434143,0.0865187421441078
5694,0.008396946825087,0.3460620939731598,0.5035173892974854,0.1420235931873321
5695,0.0329826436936855,0.5755674839019775,0.3490993082523346,0.0423505529761314
5696,0.0058936905115842,0.331999123096466,0.555993914604187,0.1061132922768592
5697,0.0027244433294981,0.3248989284038543,0.59758061170578,0.0747959911823272
5698,0.0002944107400253,0.0151003887876868,0.0791203826665878,0.9054848551750184
5699,0.001597955240868,0.0418607965111732,0.1416132450103759,0.8149279952049255
5700,0.0151334451511502,0.3724236786365509,0.4857320487499237,0.1267107874155044
5701,0.0023688310757279,0.1234111562371254,0.4881005883216858,0.3861193656921386
5702,0.0640344321727752,0.5981227159500122,0.3103019893169403,0.0275408700108528
5703,0.0004833326383959,0.123943381011486,0.6805830597877502,0.1949903070926666
5704,0.0005568537744693,0.0256020482629537,0.126017689704895,0.8478233814239502
5705,0.0005156041588634,0.0281510334461927,0.1984841078519821,0.7728492617607117
5706,0.0033651748672127,0.4476917386054992,0.5073012113571167,0.0416418202221393
5707,0.0020438716746866,0.3491392433643341,0.5756332874298096,0.0731835588812828
5708,0.0556274279952049,0.4514327347278595,0.3922115564346313,0.1007282584905624
5709,0.0014981098938733,0.0843904539942741,0.3723481297492981,0.5417633056640625
5710,0.0234928466379642,0.2486561685800552,0.4868451058864593,0.2410057932138443
5711,0.0022953236475586,0.1660225838422775,0.5704918503761292,0.2611902058124542
5712,0.0141288703307509,0.453488677740097,0.4606300890445709,0.0717523247003555
5713,0.0068054450675845,0.2939318716526031,0.5491369962692261,0.1501256972551345
5714,0.0063109616748988,0.2089903354644775,0.4709669947624206,0.3137316703796386
5715,0.0006184435333125,0.0760925635695457,0.4113525152206421,0.5119364857673645
5716,0.0045581217855215,0.1440320163965225,0.3564826846122741,0.4949271976947784
5717,0.0004188270249869,0.0289068259298801,0.1770757734775543,0.7935985326766968
5718,0.0079624764621257,0.167605847120285,0.389695256948471,0.4347364604473114
5719,0.0015768576413393,0.1333442330360412,0.5192102789878845,0.3458686470985412
5720,0.0068416828289628,0.1440137326717376,0.3914699256420135,0.4576747119426727
5721,0.0005356032634153,0.0521311908960342,0.2606395483016968,0.6866937279701233
5722,0.001471473602578,0.1727575957775116,0.727336585521698,0.0984343066811561
5723,0.0051688067615032,0.1793818771839141,0.4236433207988739,0.3918060064315796
5724,0.0084967613220214,0.1964307725429535,0.4712129235267639,0.3238596022129059
5725,0.0058138719759881,0.2147816270589828,0.4765138626098633,0.3028906285762787
5726,0.0068042399361729,0.1263961344957351,0.3177598416805267,0.5490397810935974
5727,0.0067894891835749,0.1406994014978408,0.3765311539173126,0.4759799540042877
5728,0.0038937909994274,0.1847047060728073,0.5020793676376343,0.3093221485614776
5729,0.0037792071234434,0.1737537980079651,0.5269018411636353,0.2955651581287384
5730,0.012696873396635,0.3076170980930328,0.4546285569667816,0.225057452917099
5731,0.0017612776719033,0.6675000786781311,0.325313538312912,0.005425117444247
5732,0.0045240926556289,0.2629376947879791,0.5654048323631287,0.1671333461999893
5733,0.004032333381474,0.7565134167671204,0.2343569248914718,0.0050973473116755
5734,0.0141211412847042,0.4126802384853363,0.4603780806064605,0.1128205060958862
5735,0.0057846060954034,0.7695648670196533,0.2204840332269668,0.0041664955206215
5736,0.0007113293395377,0.0539202019572258,0.2781415581703186,0.6672269105911255
5737,0.0014302554773166,0.0545151159167289,0.2259588688611984,0.7180958390235901
5738,0.0050313626416027,0.2878864109516144,0.5378425717353821,0.1692396700382232
5739,0.0002208444930147,0.0101536018773913,0.0612340606749057,0.9283915162086488
5740,0.0072286045178771,0.2079756706953048,0.4472179412841797,0.3375777900218963
5741,0.0024033267982304,0.216340571641922,0.6458736062049866,0.1353824734687805
5742,9.158917964668944e-05,0.004923072643578,0.0270329881459474,0.9679523706436156
5743,0.0002421075041638,0.0192329809069633,0.1234704181551933,0.8570545315742493
5744,0.000113938753202,0.0073874364607036,0.0399361066520214,0.9525625705718994
5745,0.000893433287274,0.0519258342683315,0.1959660500288009,0.7512146234512329
5746,0.0009409330086782,0.3795994520187378,0.5788200497627258,0.040639542043209
5747,0.0007730125798843,0.2110120207071304,0.736504316329956,0.0517107136547565
5748,0.0027830856852233,0.3371187746524811,0.582489013671875,0.0776091516017913
5749,0.0022740210406482,0.2356092482805252,0.6607824563980103,0.101334273815155
5750,0.0020944240968674,0.2966057062149048,0.5717224478721619,0.1295774281024933
5751,0.0005675331922248,0.2325648218393325,0.7052440643310547,0.0616235360503196
5752,0.0004057582700625,0.1537768095731735,0.7222542762756348,0.123563140630722
5753,0.0009782876586541,0.3073688745498657,0.6506998538970947,0.0409529358148574
5754,0.0018876327667385,0.189558669924736,0.6412687301635742,0.1672849506139755
5755,0.002934958320111,0.1963341981172561,0.5013569593429565,0.2993738949298858
5756,0.0124391568824648,0.2787246406078338,0.4741265773773193,0.2347096800804138
5757,0.0030932265799492,0.121642917394638,0.3865804076194763,0.4886833727359772
5758,0.0005033307243138,0.0680159479379654,0.5694905519485474,0.3619901835918426
5759,0.0029599517583847,0.1667378693819046,0.4603780210018158,0.3699241578578949
5760,0.0012112110853195,0.1399969607591629,0.5624182224273682,0.296373575925827
5761,0.0027069675270467,0.1674741506576538,0.4696928560733795,0.3601259887218475
5762,0.0036023198626935,0.6250477433204651,0.3506200015544891,0.0207299198955297
5763,0.003086079377681,0.3247811198234558,0.5973638892173767,0.0747688636183738
5764,0.0002360396465519,0.0372907221317291,0.2588489353656769,0.7036243081092834
5765,0.0007332912064157,0.0916441082954406,0.5975946187973022,0.3100280165672302
5766,0.0005703641800209,0.0529723390936851,0.2265339344739914,0.7199233770370483
5767,0.0004287431947886,0.0646331757307052,0.532776951789856,0.4021611213684082
5768,0.0005203503533266,0.1234081462025642,0.5706334710121155,0.3054381012916565
5769,0.0009571724804118,0.1488744467496872,0.6466811299324036,0.2034872323274612
5770,0.0033827521838247,0.324144572019577,0.6055817604064941,0.0668910071253776
5771,0.0218610744923353,0.6001667976379395,0.3583759367465973,0.0195961389690637
5772,0.0009308240842074,0.0995032116770744,0.4322222471237182,0.4673436880111694
5773,0.0022933171130716,0.2821670770645141,0.60675448179245,0.1087850928306579
5774,0.0011224235640838,0.1801185607910156,0.7349961400032043,0.0837628990411758
5775,0.0061645377427339,0.3873924314975738,0.5636526346206665,0.042790375649929
5776,0.0011001741513609,0.2266922742128372,0.7092573642730713,0.0629501640796661
5777,0.0028631812892854,0.3309387266635895,0.6086894869804382,0.0575085319578647
5778,0.0062016281299293,0.1624608337879181,0.3897232115268707,0.4416142702102661
5779,0.130920797586441,0.4940899014472961,0.290460467338562,0.0845288187265396
5780,0.0094173457473516,0.2428765594959259,0.4681568145751953,0.2795492112636566
5781,0.0141967497766017,0.7997210621833801,0.1812519431114196,0.0048302006907761
5782,0.0245416276156902,0.4282665252685547,0.4282665252685547,0.1189253181219101
5783,0.0199653692543506,0.8758975863456726,0.1013925075531005,0.0027445694431662
5784,0.0043470133095979,0.1791528165340423,0.4869877696037292,0.3295124471187591
5785,0.0027290349826216,0.3574330806732178,0.5536031723022461,0.0862347409129142
5786,0.0075512481853365,0.3471780717372894,0.5377199053764343,0.1075507476925849
5787,0.0277621690183877,0.2513381540775299,0.4695614874362945,0.2513381540775299
5788,0.0009964015334844,0.1502078622579574,0.6731849312782288,0.1756107956171035
5789,0.0039280764758586,0.426516056060791,0.5144765377044678,0.0550793521106243
5790,0.0016431141411885,0.4213518798351288,0.5582005977630615,0.01880444586277
5791,0.7047104239463806,0.2323888540267944,0.0578461550176143,0.0050545404665172
5792,0.0040033906698226,0.1265030950307846,0.4279544055461883,0.4415391385555267
5793,0.0015394119545817,0.1521931588649749,0.6508476138114929,0.1954198777675628
5794,0.0003055174311157,0.0387837588787078,0.2734521329402923,0.6874585747718811
5795,0.0024449515622109,0.2870482802391052,0.6269710659980774,0.0835358127951622
5796,0.0001428010582458,0.0097031174227595,0.0603748261928558,0.929779291152954
5797,0.0018622427014634,0.1411617547273636,0.485064297914505,0.3719117045402527
5798,0.0012117582373321,0.2069955766201019,0.6681899428367615,0.1236027106642723
5799,0.0032766766380518,0.4159561097621918,0.534098207950592,0.0466689802706241
5800,0.0006252058665268,0.0972417965531349,0.5175341963768005,0.3845987617969513
5801,0.0015787363518029,0.1314333528280258,0.5799111127853394,0.2870768010616302
5802,0.0289017986506223,0.4812581539154053,0.4247088432312011,0.0651312097907066
5803,0.0029188799671828,0.5064622759819031,0.4611391723155975,0.0294796377420425
5804,0.0195941776037216,0.4747234284877777,0.3997572362422943,0.1059251204133033
5805,0.0017946228617802,0.3756075799465179,0.581752359867096,0.0408454239368438
5806,0.0198263134807348,0.4442488849163055,0.4442488849163055,0.0916759371757507
5807,0.0204639974981546,0.7922817468643188,0.1823936253786087,0.0048606251366436
5808,0.0036356088239699,0.2843345701694488,0.5395721793174744,0.1724576354026794
5809,0.0043134442530572,0.2668633162975311,0.5143924951553345,0.2144306898117065
5810,0.0232667233794927,0.2924442589282989,0.4529465436935425,0.23134246468544
5811,0.0062476522289216,0.1378210037946701,0.4179370701313019,0.4379942715167999
5812,0.000450935185654,0.0425399392843246,0.2486555129289627,0.708353579044342
5813,5.411614256445319e-05,0.0030964375473558,0.0239777732640504,0.972871720790863
5814,0.0117042819038033,0.1859689354896545,0.4602775573730469,0.3420492112636566
5815,0.0044256118126213,0.1273301988840103,0.3801377117633819,0.4881064891815185
5816,0.000135596783366,0.0156728588044643,0.0874161794781684,0.8967753648757935
5817,0.0011975757079198,0.145063892006874,0.5560867190361023,0.2976517677307129
5818,0.0099659943953156,0.8296912908554077,0.1583493649959564,0.00199332437478
5819,0.0896055996417999,0.5663248300552368,0.2938054502010345,0.0502641797065734
5820,0.0071062291972339,0.3644800186157226,0.5303152799606323,0.0980984717607498
5821,0.0291929878294467,0.3447014391422272,0.4357434213161468,0.190362200140953
5822,0.003618792630732,0.5717149376869202,0.4054065644741058,0.0192597117274999
5823,0.0183637775480747,0.2917814254760742,0.4590366184711456,0.2308181077241897
5824,0.4229590892791748,0.4573278427124023,0.1069408133625984,0.0127722583711147
5825,0.4754583239555359,0.3880577683448791,0.1202146857976913,0.0162692889571189
5826,0.0137498108670115,0.293983906507492,0.4771830141544342,0.2150832414627075
5827,0.0060999952256679,0.3278850018978119,0.5491040349006653,0.1169109866023063
5828,0.0051864781416952,0.1446301639080047,0.4250916838645935,0.4250916838645935
5829,0.00447229295969,0.2403932809829712,0.5589311122894287,0.196203276515007
5830,0.007444956805557,0.180374801158905,0.4534621834754944,0.3587181270122528
5831,0.0025260869879275,0.093321107327938,0.3413544297218323,0.5627983212471008
5832,0.0018590816762298,0.0828438550233841,0.3126494586467743,0.602647602558136
5833,0.0107600623741745,0.1907266676425933,0.4365776777267456,0.3619356155395508
5834,0.0290716290473938,0.4407654106616974,0.4547568261623382,0.0754060670733451
5835,0.0007337627466768,0.2653515338897705,0.6991081833839417,0.0348065458238124
5836,0.0048782425001263,0.2278152555227279,0.5465003848075867,0.2208061218261718
5837,0.0073507656343281,0.4076583385467529,0.5234436988830566,0.0615472048521041
5838,0.0142347402870655,0.5775589346885681,0.3847372233867645,0.0234691184014081
5839,0.0013006109511479,0.2328359484672546,0.7060662508010864,0.0597972124814987
5840,0.0736469179391861,0.5112109184265137,0.3568827211856842,0.0582595020532608
5841,0.002616309095174,0.3822747468948364,0.5649654269218445,0.0501435287296772
5842,0.0037644067779183,0.303753137588501,0.6040852665901184,0.0883971974253654
5843,0.0073872078210115,0.2484831064939499,0.51788330078125,0.2262464463710785
5844,0.0110623855143785,0.5763272643089294,0.3839167356491089,0.0286936443299055
5845,0.0025313801597803,0.2748607695102691,0.6098052859306335,0.1128026321530342
5846,0.1375413835048675,0.437105655670166,0.3148353993892669,0.1105176135897636
5847,0.0861800387501716,0.3628315329551697,0.3685452938079834,0.1824431419372558
5848,0.0038178996182978,0.8116550445556641,0.1811047196388244,0.0034223431721329
5849,0.0039355112239718,0.2216923832893371,0.5661113262176514,0.2082607448101043
5850,0.004383326973766,0.2319584041833877,0.6207528114318848,0.1429054141044616
5851,0.004233325831592,0.2275484055280685,0.5544562935829163,0.213761955499649
5852,0.002765922807157,0.2692120373249054,0.6066786646842957,0.1213433668017387
5853,0.003771114628762,0.2369847148656845,0.5596830248832703,0.199561133980751
5854,0.0031335726380348,0.416880190372467,0.5269858837127686,0.0530003681778907
5855,0.0263632703572511,0.4321820139884949,0.4321820139884949,0.109272725880146
5856,0.0055736610665917,0.3728503584861755,0.509626030921936,0.1119499802589416
5857,0.0006676654447801,0.1333406269550323,0.6461501717567444,0.2198415398597717
5858,0.0059512425214052,0.3100473284721374,0.5527191162109375,0.1312822997570037
5859,0.0007755898404866,0.2253700196743011,0.7051203846931458,0.0687339678406715
5860,0.0004516477347351,0.0279424544423818,0.1158182546496391,0.8557875752449036
5861,0.0010191830806434,0.0630546137690544,0.4242196381092071,0.511706531047821
5862,0.0237174276262521,0.4545623362064361,0.4475150108337402,0.0742052644491195
5863,0.0066246571950614,0.2687881588935852,0.5690245032310486,0.1555626392364502
5864,0.003933890722692,0.2757870256900787,0.4916435480117798,0.2286354899406433
5865,0.0006205668905749,0.0377978794276714,0.3019852042198181,0.65959632396698
5866,1.91185281437356e-05,0.0014720449689775,0.0193903893232345,0.9791184663772584
5867,0.0004050236020702,0.0406730249524116,0.2491524964570999,0.7097693681716919
5868,0.0024741208180785,0.2334014773368835,0.5960115790367126,0.1681127846240997
5869,0.0207368768751621,0.3675699830055237,0.4297328293323517,0.181960329413414
5870,3.921759343938902e-05,0.0040003033354878,0.0472342930734157,0.9487261176109314
5871,0.0018932380480691,0.0926578342914581,0.372239887714386,0.5332090258598328
5872,3.5522902180673555e-05,0.0025694000069051,0.0236277617514133,0.9737672805786132
5873,0.0003952492843382,0.0272795259952545,0.1497940570116043,0.8225311636924744
5874,0.0007951434236019,0.1180097535252571,0.5288829803466797,0.3523120582103729
5875,0.0043408931232988,0.2297128736972808,0.6244242787361145,0.1415219753980636
5876,0.0014865308767184,0.1126820519566536,0.5546404719352722,0.3311909437179565
5877,0.0144085688516497,0.3178479373455047,0.5079195499420166,0.1598239690065384
5878,0.0014147983165457,0.1023334860801696,0.4586268663406372,0.4376248121261596
5879,0.0082336794584989,0.2296044677495956,0.4937271475791931,0.2684347927570343
5880,0.0008421657839789,0.1580002605915069,0.7081080079078674,0.1330495476722717
5881,0.0085509922355413,0.2384530156850814,0.545824408531189,0.2071715742349624
5882,0.0020736139267683,0.2673791944980621,0.6515100598335266,0.079037144780159
5883,0.0005789505667053,0.3192459642887115,0.6348963975906372,0.0452787056565284
5884,0.0005881236866116,0.2228907942771911,0.7423397302627563,0.0341814160346984
5885,0.0021444244775921,0.1480050086975097,0.3720845580101013,0.4777660071849823
5886,0.0011199412401765,0.1586025208234787,0.6889379024505615,0.1513395756483078
5887,0.0054277433082461,0.1537416279315948,0.3746148645877838,0.4662156999111175
5888,0.0006608141702599,0.1319723427295684,0.7246707081794739,0.1426961123943328
5889,0.0058683450333774,0.3864771127700805,0.5200617909431458,0.0875926986336708
5890,0.0053233113139867,0.3345279693603515,0.5515433549880981,0.1086053252220153
5891,0.0084173874929547,0.4055724740028381,0.4969177544116974,0.0890924483537674
5892,0.0501457266509532,0.4400147795677185,0.4069471359252929,0.1028923541307449
5893,0.0103610157966613,0.2510244250297546,0.4914819598197937,0.2471326440572738
5894,0.003089606994763,0.2132401168346405,0.5531027913093567,0.2305675446987152
5895,0.0034532670397311,0.7227553129196167,0.2658868432044983,0.0079046059399843
5896,0.0362685434520244,0.3133123815059662,0.4282472729682922,0.2221717685461044
5897,0.0248279701918363,0.4070132672786712,0.4400862753391266,0.1280724108219146
5898,0.00165944872424,0.1010747626423835,0.4975074231624603,0.3997584581375122
5899,0.0011515769874677,0.2731120884418487,0.6450045108795166,0.0807317867875099
5900,0.0061831749044358,0.1079002171754837,0.302613615989685,0.5833030343055725
5901,0.0007817561272531,0.0946951210498809,0.4734458327293396,0.4310773313045501
5902,0.0019037763122469,0.2572605609893799,0.6777912974357605,0.0630444064736366
5903,0.0564974062144756,0.607404351234436,0.3102318346500397,0.0258663985878229
5904,0.0017551672644913,0.0701099187135696,0.2524755001068115,0.6756594777107239
5905,0.0012465622276067,0.1332550048828125,0.5698593258857727,0.2956391274929046
5906,0.9116551876068116,0.0660400837659835,0.0183386672288179,0.0039660152979195
5907,0.1028783991932869,0.5224596261978149,0.2668462991714477,0.1078156381845474
5908,0.9116551876068116,0.0660400837659835,0.0183386672288179,0.0039660152979195
5909,0.1318690627813339,0.5134663581848145,0.2581870853900909,0.0964774712920188
5910,0.002720755059272,0.2062387317419052,0.6061692833900452,0.1848711818456649
5911,0.0029923894908279,0.2198503613471985,0.5356988310813904,0.2414584010839462
5912,0.002720755059272,0.2062387317419052,0.6061692833900452,0.1848711818456649
5913,0.0027454327791929,0.2180967479944229,0.5836571455001831,0.1955006569623947
5914,0.000601811800152,0.0788217931985855,0.5139826536178589,0.406593769788742
5915,0.0006827023462392,0.0577315390110015,0.3764569759368896,0.5651288032531738
5916,0.0010703763691708,0.1256669759750366,0.5810781717300415,0.2921844720840454
5917,0.0024214314762502,0.113081507384777,0.4835882484912872,0.4009087383747101
5918,0.0009272779570892,0.0522347539663314,0.2694473564624786,0.6773905754089355
5919,0.0048561887815594,0.2569814622402191,0.6069090366363525,0.1312532871961593
5920,0.0004513804451562,0.0292661171406507,0.1792766898870468,0.7910057902336121
5921,0.0274863876402378,0.3914825320243835,0.4436078369617462,0.1374232918024063
5922,0.0012922354508191,0.7125667929649353,0.2790451645851135,0.0070957685820758
5923,0.009863818064332,0.5732794404029846,0.3818864822387695,0.0349702686071395
5924,0.0032955089118331,0.3207575380802154,0.5718121528625488,0.1041347309947013
5925,0.006468906532973,0.7835870385169983,0.204410895705223,0.0055331494659185
5926,0.0011138895060867,0.5336461067199707,0.4493750929832458,0.0158648807555437
5927,0.0032801530323922,0.2299564927816391,0.4573231041431427,0.3094403147697449
5928,0.0011031558969989,0.1826460659503936,0.7001538872718811,0.1160968914628028
5929,0.0047033121809363,0.2608360052108764,0.5436289310455322,0.19083172082901
5930,0.0754510834813118,0.7862182855606079,0.1324207633733749,0.0059097851626574
5931,0.1104271113872528,0.5351145267486572,0.2864261567592621,0.0680321678519249
5932,0.0068802200257778,0.3315075933933258,0.5297476053237915,0.1318646073341369
5933,0.0224717389792203,0.5035250782966614,0.430687814950943,0.0433154068887233
5934,0.0025770680513232,0.1984232366085052,0.574156641960144,0.2248429805040359
5935,0.0086669297888875,0.2493579983711242,0.4806501269340515,0.261324942111969
5936,0.0030073968227952,0.5554757118225098,0.419295072555542,0.0222218260169029
5937,0.0126274460926651,0.4314375221729278,0.4451328217983246,0.1108023226261138
5938,0.0012996041914448,0.2555223107337951,0.6627744436264038,0.0804036632180213
5939,0.0017106115119531,0.1218116357922554,0.3871165812015533,0.4893611967563629
5940,0.0029071378521621,0.2238371968269348,0.6476944088935852,0.1255612820386886
5941,0.0002340373466722,0.0136021180078387,0.0619204491376876,0.9242434501647948
5942,0.0006903948378749,0.0876418277621269,0.5368712544441223,0.3747965395450592
5943,0.0014066043077036,0.0536136329174041,0.1813726127147674,0.7636071443557739
5944,0.0015535827260464,0.2653868794441223,0.6883611679077148,0.0446984432637691
5945,0.003933388274163,0.1672519296407699,0.3949962556362152,0.433818519115448
5946,0.0001363052433589,0.0118923047557473,0.086510568857193,0.9014607667922974
5947,0.0003402233123779,0.0358053334057331,0.2446850687265396,0.7191693782806396
5948,0.0060617942363023,0.2618131041526794,0.5046579241752625,0.2274671643972396
5949,0.0006209973362274,0.046343058347702,0.228108525276184,0.7249274253845215
5950,0.0010964421089738,0.0617639869451522,0.2520356774330139,0.6851038932800293
5951,0.0006313911871984,0.0568360202014446,0.3120911419391632,0.630441427230835
5952,0.0053189950995147,0.222663015127182,0.5958771109580994,0.1761409193277359
5953,0.0004761391610372,0.0390250943601131,0.279486745595932,0.681011974811554
5954,0.001176729099825,0.0774969533085823,0.321215957403183,0.6001103520393372
5955,0.0301706660538911,0.3912591636180877,0.4433546960353851,0.1352155357599258
5956,0.0032330963294953,0.8553966283798218,0.1396396607160568,0.0017305517103523
5957,0.0239803846925497,0.5373293161392212,0.3693006932735443,0.0693895444273948
5958,0.002539545064792,0.095295712351799,0.327457994222641,0.5747067332267761
5959,0.028100162744522,0.358758807182312,0.4327457249164581,0.1803952604532241
5960,0.0008259868482127,0.080394722521305,0.477325439453125,0.4414538741111755
5961,0.0045055840164422,0.3870069086551666,0.5207747220993042,0.0877127721905708
5962,0.0018926671473309,0.7755807042121887,0.2187625765800476,0.0037640184164047
5963,0.0032210727222263,0.5250347852706909,0.4421236515045166,0.0296204388141632
5964,0.0020817327313125,0.272653192281723,0.633937656879425,0.0913273841142654
5965,0.0271000731736421,0.4108739197254181,0.4108739197254181,0.1511520743370056
5966,0.0775421559810638,0.3816758692264557,0.3816758692264557,0.1591061651706695
5967,0.0044148471206426,0.2953314185142517,0.5517517328262329,0.1485019624233245
5968,0.0082247573882341,0.3497255444526672,0.6137874722480774,0.0282621625810861
5969,0.0083137545734643,0.4756994545459747,0.4756994545459747,0.040287297219038
5970,0.0569442622363567,0.5841734409332275,0.3078377842903137,0.0510445050895214
5971,0.0082468809559941,0.4099704623222351,0.5023062825202942,0.0794764012098312
5972,0.0052572949789464,0.5982397794723511,0.3743689060211181,0.0221340414136648
5973,0.0014298100722953,0.5334773659706116,0.4492329955101013,0.0158598646521568
5974,0.0017865319969132,0.3512598872184753,0.6069226264953613,0.0400308892130851
5975,0.0004062478546984,0.0492093227803707,0.3693364858627319,0.5810478925704956
5976,0.0005775611498393,0.3086812198162079,0.6637688875198364,0.0269722621887922
5977,0.0032101436518132,0.4690412282943725,0.4690412282943725,0.0587073974311351
5978,0.0001490538561483,0.0093668550252914,0.0498516932129859,0.9406324028968812
5979,0.0001021235439111,0.0077411718666553,0.0689963027834892,0.9231603741645812
5980,6.267803837545216e-05,0.002749738516286,0.0182129126042127,0.97897469997406
5981,4.764302502735518e-05,0.0031376713886857,0.0262714028358459,0.9705432057380676
5982,0.0002126522449543,0.0089020170271396,0.039277546107769,0.9516077637672424
5983,0.0003517207223922,0.0154302855953574,0.0874185264110565,0.8967994451522827
5984,0.0003179759369231,0.0244827885180711,0.1387044340372085,0.8364948630332947
5985,6.3115126977209e-05,0.0035553558263927,0.0258634332567453,0.970518171787262
5986,0.0018569999374449,0.6508877873420715,0.3376761376857757,0.0095791351050138
5987,0.0002989898493979,0.0295594744384288,0.1957873851060867,0.7743541598320007
5988,0.3951693773269653,0.5401325225830078,0.0625248774886131,0.0021731755696237
5989,0.0007477909675799,0.1181397438049316,0.6190080046653748,0.2621044814586639
5990,0.0595872476696968,0.4072049260139465,0.4201309978961944,0.1130767315626144
5991,0.0017155460081994,0.1618397235870361,0.6501684188842773,0.186276376247406
5992,0.004109863191843,0.1803031861782074,0.5136359333992004,0.301950991153717
5993,0.0005540931597352,0.036491435021162,0.2067380547523498,0.7562164068222046
5994,0.0151746934279799,0.3619492948055267,0.4647521078586578,0.1581239402294159
5995,0.007044278550893,0.7648775577545166,0.2225920557975769,0.0054860892705619
5996,0.0036390689201653,0.6413676738739014,0.348705530166626,0.0062877475284039
5997,0.1325104534626007,0.6522392630577087,0.1989217400550842,0.0163284912705421
5998,0.0186393987387418,0.4587028324604034,0.4309114515781402,0.091746337711811
5999,0.0562649779021739,0.6049055457115173,0.3041656017303467,0.0346638485789299
6000,0.0006027107592672,0.6926723718643188,0.3026061654090881,0.0041187801398336
6001,0.0005097417742945,0.7066419124603271,0.2900052368640899,0.0028431112878024
6002,0.0012177666649222,0.3766790628433227,0.5925993919372559,0.0295037850737571
6003,0.0005418471409939,0.103257767856121,0.5003728866577148,0.3958275318145752
6004,0.0002519843692425,0.6628917455673218,0.3333229124546051,0.0035333156120032
6005,0.0003997603489551,0.7938225865364075,0.2038705050945282,0.0019071500282734
6006,0.000151802873006,0.7818809747695923,0.2171204984188079,0.0008466885192319
6007,8.059763786150143e-05,0.5674139261245728,0.428306519985199,0.0041989693418145
6008,0.0004334452969487,0.4904191195964813,0.4981420934200287,0.0110053913667798
6009,0.0005620110314339,0.7913705110549927,0.2064413428306579,0.0016262328717857
6010,0.0002449748863,0.6444520354270935,0.3503825068473816,0.004920451901853
6011,0.0006317606312222,0.6610835194587708,0.3272600769996643,0.0110246120020747
6012,0.0002020042593358,0.0665137395262718,0.7377894520759583,0.1954947561025619
6013,0.0014267868828028,0.2399486601352691,0.6321805119514465,0.1264440566301345
6014,0.000622239196673,0.251029223203659,0.6717889904975891,0.0765595734119415
6015,0.0008824775577522,0.2524537444114685,0.6446632146835327,0.1020005419850349
6016,0.0009802954737097,0.1345550864934921,0.6319742798805237,0.2324903756380081
6017,0.0002026643778663,0.1704038381576538,0.7636969685554504,0.0656965225934982
6018,8.366257679881528e-05,0.2493946254253387,0.7330115437507629,0.017510250210762
6019,0.0007880417397245,0.4553975760936737,0.5324137210845947,0.0114006549119949
6020,0.0001580944954184,0.0283021479845047,0.285841554403305,0.6856982111930847
6021,0.001674915314652,0.2687784731388092,0.6863499283790588,0.0431966371834278
6022,0.0005670358659699,0.1387491077184677,0.6619349718093872,0.1987489163875579
6023,0.0011104134609922,0.2183244675397873,0.6724867224693298,0.1080784499645233
6024,0.0001455360179534,0.1476055234670639,0.7979479432106018,0.0543010383844375
6025,0.0003514648124109,0.0735602155327797,0.5696256160736084,0.3564626276493072
6026,0.0006206088000908,0.1860602647066116,0.6912977695465088,0.1220213025808334
6027,0.0001678025437286,0.1755910366773605,0.7993370294570923,0.0249041076749563
6028,0.0018933231476694,0.2598770260810852,0.6332299113273621,0.104999803006649
6029,0.0003779269754886,0.1782515496015548,0.75046706199646,0.0709035694599151
6030,0.0003888444625772,0.3647361397743225,0.610818088054657,0.0240569561719894
6031,8.724367216927931e-05,0.6641112565994263,0.3339361250400543,0.001865352038294
6032,0.0005029767635278,0.5346105694770813,0.4501872658729553,0.0146991349756717
6033,0.000418892246671,0.2874671220779419,0.6895977854728699,0.0225161649286746
6034,0.0009811436757445,0.2678262889385223,0.6839184165000916,0.047274149954319
6035,0.0010371927637606,0.3109533190727234,0.6380347609519958,0.0499747470021247
6036,7.028846448520198e-05,0.1417730450630188,0.8417453169822693,0.0164114218205213
6037,5.654924098053016e-05,0.0145012019202113,0.1685709059238433,0.8168712854385376
6038,8.535621600458398e-05,0.0852278247475624,0.8086190819740295,0.1060677394270896
6039,7.148808072088286e-05,0.0490590892732143,0.6772398352622986,0.2736296355724334
6040,0.0006650547147728,0.3136770725250244,0.6336451172828674,0.0520127601921558
6041,0.0005268533714115,0.1351035982370376,0.6345505714416504,0.2298189848661422
6042,0.0001413101417711,0.2850249707698822,0.6945067048072815,0.0203270353376865
6043,0.0024875649251043,0.7228338122367859,0.2701032757759094,0.0045753321610391
6044,0.0007763541652821,0.1152211725711822,0.5851414203643799,0.298861026763916
6045,0.0001680883142398,0.6638022065162659,0.3337807059288025,0.0022489968687295
6046,0.0002295339800184,0.1265700459480285,0.7999472618103027,0.0732531175017356
6047,0.0011249489616602,0.4984422028064728,0.4756169021129608,0.0248159766197204
6048,0.0006357656093314,0.17085662484169,0.6549603939056396,0.1735472381114959
6049,0.0002554478996898,0.0596436783671379,0.4407104551792145,0.4993903934955597
6050,0.0004425369843374,0.2256858199834823,0.7061084508895874,0.0677631720900535
6051,0.0002020233368966,0.1522658318281173,0.7378591895103455,0.1096729710698127
6052,0.0003763016138691,0.2748940587043762,0.6594365835189819,0.0652930587530136
6053,0.0005123160080984,0.2825022041797638,0.6568372845649719,0.060148186981678
6054,0.0003171619609929,0.1094433814287185,0.6397210955619812,0.2505183815956116
6055,0.0001288851053686,0.0678155198693275,0.6638399958610535,0.2682155966758728
6056,9.869931818684564e-05,0.4628706872463226,0.5245012044906616,0.0125293349847197
6057,6.034084799466655e-05,0.182706132531166,0.7936392426490784,0.0235942732542753
6058,0.0002913142961915,0.6658220291137695,0.3296058177947998,0.0042808321304619
6059,0.0002073778596241,0.5717273354530334,0.4248716831207275,0.0031936429440975
6060,7.604227721458301e-05,0.0475144684314727,0.6873950958251953,0.2650144100189209
6061,0.0011978974798694,0.149708941578865,0.5649955868721008,0.2840976119041443
6062,0.000214834100916,0.0277014803141355,0.175078734755516,0.7970048785209656
6063,0.0003197338082827,0.049730010330677,0.3345741331577301,0.6153760552406311
6064,0.0007885539671406,0.1285342723131179,0.5671197772026062,0.3035573661327362
6065,0.000479983194964,0.1351818293333053,0.6449164152145386,0.219421774148941
6066,7.61591290938668e-05,0.0154493935406208,0.1795932799577713,0.80488121509552
6067,0.0009082927717827,0.1651636064052581,0.6635216474533081,0.1704064458608627
6068,0.0006606669048778,0.0995957553386688,0.4463572204113006,0.4533863067626953
6069,0.0015641144709661,0.1595440059900283,0.5313627123832703,0.3075291514396667
6070,0.0001214732983498,0.2063222378492355,0.7429949045181274,0.0505614392459392
6071,0.0001135741331381,0.2763243913650512,0.7056190371513367,0.0179430078715086
6072,0.001430049072951,0.8394179344177246,0.1577219516038894,0.001430049072951
6073,0.0001630195474717,0.0352024175226688,0.3784616887569427,0.5861729383468628
6074,0.0006777117960155,0.3196468651294708,0.6258381605148315,0.0538373105227947
6075,5.599014548351988e-05,0.5061309337615967,0.490558922290802,0.0032541151158511
6076,0.0009199033374898,0.4012714922428131,0.5658835768699646,0.0319249667227268
6077,0.0003335899382364,0.1264260113239288,0.6834524869918823,0.1897879093885421
6078,0.0004925948451273,0.2182588726282119,0.6828715801239014,0.0983769819140434
6079,0.0009979573078453,0.2945519387722015,0.6333861351013184,0.0710639506578445
6080,0.0001232649083249,0.0213880110532045,0.2126622945070266,0.765826404094696
6081,8.812836313154548e-05,0.4683257639408111,0.5224551558494568,0.0091308988630771
6082,0.0001326094352407,0.2217449694871902,0.7270737886428833,0.0510485880076885
6083,6.195091555127874e-05,0.1996792107820511,0.777502715587616,0.0227561872452497
6084,0.0030050412751734,0.347335547208786,0.5296234488487244,0.1200359538197517
6085,0.0001201928826048,0.3472664952278137,0.6387208700180054,0.0138924084603786
6086,0.000370565772755,0.5641953945159912,0.425877034664154,0.0095570171251893
6087,0.0001376412255922,0.6979484558105469,0.300183892250061,0.001730041229166
6088,0.0003759942483156,0.1359712481498718,0.7824605703353882,0.0811921507120132
6089,0.0014922203263267,0.1570422947406768,0.6020045876502991,0.2394608855247497
6090,0.0001754217373672,0.1301662772893905,0.7374421954154968,0.1322161108255386
6091,0.0004874118603765,0.2060727328062057,0.7305912375450134,0.0628486275672912
6092,0.0001714022801024,0.1213595941662788,0.8164845705032349,0.0619844160974025
6093,0.0001175956131191,0.0819714963436126,0.8278827667236328,0.0900280699133873
6094,0.0002508402103558,0.2012526094913482,0.7361514568328857,0.0623451471328735
6095,0.0002146570477634,0.0643547922372818,0.5473214983940125,0.3881090581417084
6096,6.694981857435778e-05,0.1019327268004417,0.8669125437736511,0.031087726354599
6097,9.97075403574854e-05,0.0389873050153255,0.5216443538665771,0.4392686188220978
6098,0.0001528796128695,0.0755670592188835,0.6841283440589905,0.2401516437530517
6099,0.0001324505574302,0.0867325365543365,0.8101376295089722,0.1029974296689033
6100,9.839081030804664e-05,0.6018102169036865,0.3946767747402191,0.0034146232064813
6101,0.0020039468072354,0.3266432285308838,0.5732767581939697,0.0980760902166366
6102,0.0012865774333477,0.5109953284263611,0.4652665257453918,0.0224515683948993
6103,0.0019925110973417,0.2267324775457382,0.6358869075775146,0.1353881359100341
6104,0.0009857204277068,0.1632026135921478,0.7200837135314941,0.1157279834151268
6105,0.0023551010526716,0.2943320572376251,0.5329665541648865,0.1703463345766067
6106,0.0003953733539674,0.7375436425209045,0.2589021623134613,0.0031588252168148
6107,0.0009260544902645,0.4103160500526428,0.5608355402946472,0.0279223565012216
6108,0.0004795326385647,0.4095490574836731,0.5686025619506836,0.021368796005845
6109,0.000167681282619,0.1168843209743499,0.798759400844574,0.0841886177659034
6110,8.311588317155838e-05,0.5245184302330017,0.4701752662658691,0.0052231755107641
6111,0.0004420396580826,0.2151088863611221,0.7053149342536926,0.0791341364383697
6112,0.0002928875910583,0.3874293863773346,0.59075927734375,0.0215184055268764
6113,0.0011510120239108,0.2485493868589401,0.615165650844574,0.1351339668035507
6114,0.0006761872791685,0.4787673056125641,0.4939650297164917,0.0265914499759674
6115,0.0006010053912177,0.9589593410491944,0.0402042903006076,0.0002353571180719
6116,0.0001271843939321,0.1138358786702156,0.790177583694458,0.0958594158291816
6117,0.0003979615867137,0.1605491787195205,0.6654577851295471,0.1735950410366058
6118,0.0001516293559689,0.086265854537487,0.7000724673271179,0.2135100364685058
6119,0.0001643866416998,0.8735723495483398,0.125850036740303,0.0004132679896429
6120,0.0028944693040102,0.3142854869365692,0.6058011054992676,0.0770189613103866
6121,0.0013396757422015,0.2803889214992523,0.6621900796890259,0.0560813099145889
6122,0.0011389473220333,0.6379305124282837,0.3468368053436279,0.0140937212854623
6123,0.0012733299518004,0.5641868114471436,0.4192680120468139,0.0152718368917703
6124,0.0016655474901199,0.192511111497879,0.6411598920822144,0.1646634936332702
6125,0.0003493189869914,0.3380623161792755,0.631583571434021,0.0300047360360622
6126,0.0001205410371767,0.0137166436761617,0.1241803541779518,0.8619824647903442
6127,8.124121086439118e-05,0.0255252309143543,0.4454310536384582,0.5289624333381653
6128,0.0008370982250198,0.5069620013237,0.4837465286254883,0.0084543917328119
6129,0.0003208427224308,0.2343804687261581,0.721942663192749,0.0433560274541378
6130,0.0001634689397178,0.676540732383728,0.3195752203464508,0.0037205358967185
6131,0.0001591462205396,0.5722454786300659,0.4252567291259765,0.0023386366665363
6132,0.0001805016363505,0.1093151047825813,0.7828840613365173,0.1076203361153602
6133,0.0004786589706782,0.3085806369781494,0.6635525822639465,0.0273880884051322
6134,0.0001103162940125,0.6642916798591614,0.3340268135070801,0.0015712103340774
6135,0.0005286001833155,0.2099463492631912,0.6992281675338745,0.0902968049049377
6136,0.0003374341467861,0.2352126836776733,0.7359153628349304,0.028534535318613
6137,0.0007347644423134,0.4380879402160644,0.5284349322319031,0.0327423587441444
6138,0.001680119195953,0.2738594114780426,0.5888901948928833,0.135570228099823
6139,0.000412880704971,0.3933809399604797,0.5723658800125122,0.0338403359055519
6140,0.0001206361266667,0.1430434733629226,0.8103964328765869,0.046439416706562
6141,0.0002780288341455,0.5268124341964722,0.4649103283882141,0.0079992236569523
6142,0.0023966266307979,0.1760797798633575,0.6340876221656799,0.1874359548091888
6143,0.0006101598264649,0.4598800241947174,0.521112322807312,0.0183975156396627
6144,0.0001203000065288,0.1201190650463104,0.8469218611717224,0.032838724553585
6145,0.0002299593761563,0.4785555899143219,0.5094197392463684,0.0117946658283472
6146,0.00028823359753,0.3016118705272674,0.6691551804542542,0.0289448127150535
6147,0.0010606839787214,0.3332569897174835,0.6129533648490906,0.0527289099991321
6148,5.5878990679048e-05,0.4058802723884582,0.5905522704124451,0.0035115520004183
6149,0.0007999645313248,0.1597623080015182,0.7049043774604797,0.1345333606004715
6150,0.0001344847551081,0.4614254832267761,0.5310974717140198,0.0073426188901066
6151,0.0001559884840389,0.4233828485012054,0.569723904132843,0.0067372499033808
6152,8.700536272954196e-05,0.7504810690879822,0.2474824041128158,0.0019495320739224
6153,0.0005584561731666,0.2892874479293823,0.662185549736023,0.0479685589671134
6154,0.0002782156225293,0.4952269196510315,0.4875491559505462,0.0169457327574491
6155,0.0004299677675589,0.4864844381809234,0.4864844381809234,0.0266011636704206
6156,0.0005009248852729,0.128454640507698,0.60332190990448,0.267722487449646
6157,0.0001606417208677,0.1371974647045135,0.8274067044258118,0.0352352261543273
6158,0.0006019634311087,0.1951349377632141,0.6498985886573792,0.1543644517660141
6159,0.0001455069868825,0.2981118559837341,0.6823848485946655,0.019357768818736
6160,0.0007291045621968,0.2053440362215042,0.7056094408035278,0.0883173868060112
6161,3.240071964683011e-05,0.0059845154173672,0.0776083767414093,0.9163747429847716
6162,0.0002899779065046,0.1702128201723098,0.7628408670425415,0.0666562914848327
6163,0.0002130465873051,0.5183395743370056,0.4719535708427429,0.0094937207177281
6164,7.824453496141359e-05,0.0074976058676838,0.0554002299904823,0.9370238780975342
6165,0.0001762072788551,0.3499028980731964,0.6237694025039673,0.026151480153203
6166,0.0002619597362354,0.3575179278850555,0.6274635791778564,0.014756528660655
6167,0.000200107722776,0.2565569579601288,0.7308626770973206,0.0123802265152335
6168,0.0007989230798557,0.1149226650595665,0.6409870982170105,0.2432912737131118
6169,0.0008593223174102,0.33079993724823,0.5990013480186462,0.0693394392728805
6170,0.0009866242762655,0.3404553532600403,0.5975177884101868,0.0610402822494506
6171,0.0007528709829784,0.0732782259583473,0.3495908975601196,0.5763779282569885
6172,0.0001371933321934,0.1652378141880035,0.826137125492096,0.0084878513589501
6173,9.49848399613984e-05,0.2967342734336853,0.6899278163909912,0.0132429059594869
6174,0.0002997444535139,0.0884710177779197,0.6744685173034668,0.2367607355117797
6175,6.706349813612178e-05,0.6062300801277161,0.3914115726947784,0.0022913350258022
6176,0.0003289588785264,0.2639282941818237,0.6845778822898865,0.0511648319661617
6177,0.0001405185030307,0.0280631948262453,0.3527321219444275,0.6190641522407532
6178,0.0008419342921115,0.1249541193246841,0.6055103540420532,0.268693596124649
6179,0.000441646494437,0.059680450707674,0.4919511973857879,0.4479266405105591
6180,0.0008956066449172,0.2727337181568146,0.6645572185516357,0.0618134476244449
6181,0.0002376997872488,0.518403172492981,0.4720114469528198,0.0093476800248026
6182,0.0002910958719439,0.8677445650100708,0.1310098320245742,0.0009544665808789
6183,0.0001032128202496,0.0909479856491088,0.8106105923652649,0.0983382239937782
6184,0.0002723704674281,0.1048502102494239,0.7165212035179138,0.1783562302589416
6185,3.155179729219526e-05,0.1285573691129684,0.864909827709198,0.0065012876875698
6186,0.0001059856076608,0.2422385811805725,0.7461473345756531,0.0115080652758479
6187,8.274309948319569e-05,0.0981120616197586,0.8609060049057007,0.0408991947770118
6188,0.0002769211714621,0.6737456321716309,0.3232666850090027,0.0027107561472803
6189,0.0003475972043816,0.7347564697265625,0.2619855105876922,0.0029103958513587
6190,9.5224822871387e-05,0.821379542350769,0.1776357889175415,0.0008894609636627
6191,8.40367138152942e-05,0.7596619129180908,0.2390382289886474,0.0012157650198787
6192,0.0004618926323018,0.183451846241951,0.748598039150238,0.0674881637096405
6193,0.0007050622371025,0.1779995113611221,0.6930871605873108,0.1282082349061966
6194,0.0015659127384424,0.3713774681091308,0.5752006769180298,0.0518559105694294
6195,0.0004257199179846,0.0727225318551063,0.3810388147830963,0.5458129048347473
6196,0.0001299628202104,0.1181545183062553,0.8595149517059326,0.0222005769610404
6197,0.000840782362502,0.2481609582901001,0.6538170576095581,0.0971812233328819
6198,0.0007412090781144,0.3037340641021728,0.6738634705543518,0.0216613058000803
6199,0.0002253234852105,0.3539504110813141,0.6309848427772522,0.0148393418639898
6200,0.0002896146615967,0.1809636354446411,0.7384445667266846,0.0803021267056465
6201,0.0001531411107862,0.2156387567520141,0.752653181552887,0.0315549224615097
6202,0.0001900023926282,0.075464054942131,0.7159830331802368,0.2083629220724105
6203,0.0001957977801794,0.2672213017940521,0.6823735237121582,0.0502093955874443
6204,0.0007714883540757,0.2833877801895141,0.6798120141029358,0.03602871671319
6205,0.0001531806337879,0.2994620203971863,0.6854754090309143,0.0149093363434076
6206,0.0007331530214287,0.6665393710136414,0.3248453438282013,0.0078821377828717
6207,0.0001249430642928,0.6744198799133301,0.3235901892185211,0.0018649381818249
6208,0.0001208368557854,0.6127371191978455,0.3834411203861236,0.0037008444778621
6209,0.0001190752009279,0.1207684352993965,0.7999106049537659,0.0792018771171569
6210,7.501682557631284e-05,0.4588425755500793,0.5364412665367126,0.0046411263756453
6211,0.0002431646134937,0.7478731274604797,0.2505061328411102,0.0013776213163509
6212,0.0002463511773385,0.0993851646780967,0.711768627166748,0.1885999143123626
6213,0.0005701172049157,0.1250497549772262,0.6866582036018372,0.1877219080924987
6214,0.000786508724559,0.2630511820316314,0.6212437748908997,0.1149185448884964
6215,0.0001255399838555,0.5445005893707275,0.451406866312027,0.0039669359102845
6216,0.0003484614135231,0.1147375181317329,0.6602689027786255,0.2246451824903488
6217,0.0003246494452469,0.0257901009172201,0.146110862493515,0.8277744054794312
6218,5.476141086546704e-05,0.0044883289374411,0.0412739068269729,0.9541829824447632
6219,0.0015525664202868,0.2268489450216293,0.5976673364639282,0.1739311069250106
6220,0.0001848126994445,0.0177092608064413,0.1288260072469711,0.8532799482345581
6221,0.0002300977648701,0.0306114461272954,0.2158317267894745,0.7533267140388489
6222,0.0002476635272614,0.045744240283966,0.3225283324718475,0.6314797401428223
6223,0.0002741353528108,0.0239176526665687,0.1712914854288101,0.8045167326927185
6224,0.0004090866423211,0.5851081013679504,0.4084712862968445,0.0060114846564829
6225,0.0004146547580603,0.2472292482852935,0.6826218366622925,0.0697342082858085
6226,0.0008141186553984,0.6953051686286926,0.29904705286026,0.0048336451873183
6227,0.0001374892017338,0.0794529542326927,0.8409566283226013,0.0794529542326927
6228,0.0002948222681879,0.1001573428511619,0.673839807510376,0.2257080674171447
6229,0.000119292664749,0.0210247356444597,0.2260371893644333,0.7528188228607178
6230,8.339659689227119e-05,0.0474464744329452,0.5963645577430725,0.3561055362224579
6231,0.0001555947383167,0.091331847012043,0.7296934127807617,0.1788190603256225
6232,0.0001145094211096,0.0499502159655094,0.6579650044441223,0.2919702231884002
6233,0.000235288607655,0.1218825280666351,0.770321249961853,0.1075609475374221
6234,0.0001473903394071,0.0251775830984115,0.2388782650232315,0.7357968688011169
6235,6.661083170911297e-05,0.0106892315670847,0.1131384000182151,0.876105785369873
6236,0.000403501879191,0.1101453602313995,0.6961400508880615,0.1933111101388931
6237,2.3533431885880415e-05,0.004020039923489,0.0425494462251663,0.9534069299697876
6238,4.307355629862286e-05,0.0061960001476109,0.0597117580473423,0.9340490698814392
6239,0.0002040970721282,0.0365375466644763,0.3256556093692779,0.637602686882019
6240,9.426063479622826e-05,0.0253317467868328,0.2899064719676971,0.6846675276756287
6241,0.0001091320882551,0.0353767089545726,0.4446572065353393,0.5198569297790527
6242,0.0001345666096312,0.0334458947181701,0.3827680051326751,0.5836514830589294
6243,6.774976645829156e-05,0.0173734091222286,0.2083700895309448,0.774188756942749
6244,0.0002161154116038,0.3448320031166076,0.6342431306838989,0.0207087714225053
6245,0.0005407569697126,0.5838181972503662,0.4012520015239715,0.0143890082836151
6246,0.0002161154116038,0.3448320031166076,0.6342431306838989,0.0207087714225053
6247,0.0013909355038776,0.3566844761371612,0.5880733132362366,0.0538513027131557
6248,0.0001335030829068,0.1232844591140747,0.7552089095115662,0.1213731095194816
6249,0.0001090557852876,0.0321883372962474,0.3006597757339477,0.6670428514480591
6250,0.0004790059465449,0.066783607006073,0.3186067640781402,0.6141306161880493
6251,0.0001591462350916,0.1257056593894958,0.7821668982505798,0.091968223452568
6252,0.0003093527921009,0.2122950404882431,0.6960886716842651,0.0913069620728492
6253,0.0006475570844486,0.2341768592596054,0.699122965335846,0.0660526156425476
6254,0.0001461474166717,0.1529307812452316,0.7888770699501038,0.0580459833145141
6255,0.0056982012465596,0.7233552932739258,0.2619819343090057,0.008964529260993
6256,0.0001062604205799,0.0281138569116592,0.4329566359519958,0.5388232469558716
6257,6.979682802921161e-05,0.0155503507703542,0.2113378942012787,0.7730419039726257
6258,0.0002452475891914,0.0944091603159904,0.7085800766944885,0.1967655718326568
6259,0.000283735920675,0.0566653944551944,0.5904669165611267,0.3525839149951935
6260,0.000105697523395,0.0946041271090507,0.8045846223831177,0.1007055789232254
6261,0.0001630682818358,0.0466495677828788,0.5174503922462463,0.4357369542121887
6262,0.0002897493832278,0.2051540464162826,0.7742432355880737,0.0203129984438419
6263,0.0001036562025547,0.2090763300657272,0.7768127918243408,0.0140072405338287
6264,6.0310652770567685e-05,0.3010807335376739,0.6891806721687317,0.0096782250329852
6265,2.9109547540429048e-05,0.0983282104134559,0.8763898015022278,0.0252527743577957
6266,0.0001415322476532,0.071059837937355,0.7759959697723389,0.1528026610612869
6267,6.457486597355455e-05,0.3173705637454986,0.6718734502792358,0.0106914574280381
6268,0.0012023210292682,0.0911383628845214,0.349369078874588,0.5582901835441589
6269,0.0009189661941491,0.1474691331386566,0.5394197106361389,0.3121921718120575
6270,0.0002207267971243,0.0337986350059509,0.2203947752714157,0.7455859184265137
6271,0.0008941643172875,0.3134090900421142,0.5855252146720886,0.1001715585589408
6272,0.0001709781936369,0.1934522688388824,0.7415783405303955,0.064798392355442
6273,0.0001946860138559,0.0447518527507782,0.3747026622295379,0.5803508162498474
6274,0.0003554412396624,0.4348407089710235,0.5496901273727417,0.0151137467473745
6275,0.0004126312269363,0.1690888106822967,0.7008535861968994,0.1296448856592178
6276,0.0004913574084639,0.4983444511890411,0.4830119907855987,0.0181521959602832
6277,0.0002293223224114,0.3602319955825805,0.6224250793457031,0.0171135962009429
6278,0.0005893781199119,0.2233662158250808,0.6988510489463806,0.0771932899951934
6279,9.13086041691713e-05,0.010390218347311,0.0970513075590133,0.892467200756073
6280,0.0001580182579346,0.4936517477035522,0.5014256238937378,0.0047645601443946
6281,0.0005655442364513,0.2281568199396133,0.7027724981307983,0.0685051009058952
6282,0.0001495898904977,0.4255009591579437,0.5636972188949585,0.0106522087007761
6283,0.0001716203405521,0.5361448526382446,0.4585890471935272,0.0050944634713232
6284,5.965535819996148e-05,0.6206880807876587,0.3764663636684418,0.002785921562463
6285,6.037149796611629e-05,0.2921118438243866,0.7007399201393127,0.0070878840051591
6286,0.0001878572657005,0.2227504551410675,0.7303706407546997,0.046691033989191
6287,4.561601599561982e-05,0.2878684103488922,0.7014352083206177,0.0106507306918501
6288,2.9548607926699333e-05,0.3766838908195495,0.6210467219352722,0.0022398442961275
6289,0.000137410548632,0.1155372336506843,0.8537111282348633,0.0306143201887607
6290,5.052531560068019e-05,0.1482787877321243,0.8400565385818481,0.0116140926256775
6291,0.0001238525146618,0.6280288696289062,0.3691990971565246,0.0026480834931135
6292,0.0001922387164086,0.8602582812309265,0.138256087899208,0.001293345936574
6293,0.0001624945871299,0.8111997842788696,0.1867488026618957,0.0018889372004196
6294,0.0041084787808358,0.7470841407775879,0.2425426989793777,0.006264682393521
6295,0.0003792420320678,0.8401196599006653,0.1578537970781326,0.0016473523573949
6296,0.0003695939958561,0.104091964662075,0.5990079641342163,0.2965304255485534
6297,0.0005117433029226,0.1105057746171951,0.6067960858345032,0.2821863889694214
6298,8.204862388083711e-05,0.0769616141915321,0.6967535614967346,0.2262027710676193
6299,0.0004252485232427,0.310650497674942,0.6374134421348572,0.0515109039843082
6300,0.0014182922895997,0.1296811252832412,0.5811904668807983,0.2877101302146911
6301,0.0003584678634069,0.8721477389335632,0.1256448030471801,0.0018491181544959
6302,0.000173821899807,0.6550102829933167,0.3398148715496063,0.0050010648556053
6303,0.0004989270237274,0.8474268317222595,0.149579718708992,0.0024944781325757
6304,0.0013392432592809,0.2674625813961029,0.6416094303131104,0.0895887464284896
6305,0.0001763980690157,0.4359326660633087,0.559748649597168,0.0041422443464398
6306,0.0001387673110002,0.0982527434825897,0.8226601481437683,0.0789483040571212
6307,0.0010210473556071,0.185666874051094,0.7006993889808655,0.1126126423478126
6308,0.0011421544477343,0.1405293494462967,0.591650664806366,0.2666778564453125
6309,0.0004035090096294,0.0831435471773147,0.643835723400116,0.2726172208786011
6310,0.0004147539148107,0.3830077052116394,0.5932139158248901,0.0233636200428009
6311,0.0008290534024126,0.2060572952032089,0.6446962356567383,0.1484175026416778
6312,0.0005943666328676,0.0552015490829944,0.2717115581035614,0.6724925637245178
6313,0.0004124611150473,0.1358106434345245,0.7341853976249695,0.1295914202928543
6314,9.3362556071952e-05,0.02179891243577,0.3104771077632904,0.6676306128501892
6315,2.650431815709453e-05,0.0044573410414159,0.0479209274053573,0.9475951790809632
6316,0.0001345805358141,0.3540391325950622,0.6410821080207825,0.0047441273927688
6317,7.793313125148416e-05,0.1323693245649337,0.8365998268127441,0.0309530310332775
6318,0.0001000342526822,0.2216018438339233,0.7614749670028687,0.0168231725692749
6319,0.0002730457345023,0.2057957202196121,0.7527694702148438,0.0411617383360862
6320,0.0001704918831819,0.186967059969902,0.7871606945991516,0.0257017072290182
6321,0.0001698277774266,0.1094841286540031,0.8089843392372131,0.0813616961240768
6322,0.0001760786108206,0.3284633457660675,0.663514256477356,0.0078463638201355
6323,7.806599751347676e-05,0.1479203999042511,0.8380261063575745,0.0139754088595509
6324,0.0004784050688613,0.2989279329776764,0.673644483089447,0.0269491728395223
6325,0.000577159516979,0.259754866361618,0.6843629479408264,0.0553050078451633
6326,0.0544636398553848,0.7518473267555237,0.1900967806577682,0.0035922664683312
6327,0.0007879667682573,0.1081560999155044,0.5579116344451904,0.3331442475318908
6328,0.0001086425836547,0.1248587593436241,0.8141813278198242,0.0608512945473194
6329,9.720354137243704e-05,0.0185237172991037,0.1813269704580307,0.8000521063804626
6330,4.759904550155625e-05,0.1252181380987167,0.8293832540512085,0.0453510098159313
6331,3.771115007111803e-05,0.0064419140107929,0.0522780045866966,0.9412423968315125
6332,0.0007302694721147,0.7641646265983582,0.2330570369958877,0.0020480912644416
6333,3.3059666748158634e-05,0.3231312930583954,0.6734634041786194,0.0033721777144819
6334,2.8666447178693488e-05,0.365438163280487,0.6314204931259155,0.0031126423273235
6335,6.039954678271897e-05,0.3470526039600372,0.6483795642852783,0.0045074261724948
6336,0.0002053176576737,0.0625241547822952,0.5660474896430969,0.3712230324745178
6337,4.751340748043731e-05,0.7421168088912964,0.2564687132835388,0.0013670179760083
6338,0.000153310917085,0.0723100155591964,0.6546415090560913,0.2728951573371887
6339,0.0001277816918445,0.2743605077266693,0.711637020111084,0.0138747142627835
6340,0.0002983698796015,0.0952212959527969,0.7373617887496948,0.1671185791492462
6341,0.0002950336202047,0.3135892152786255,0.6535760760307312,0.0325396358966827
6342,0.0001342881732853,0.0470686815679073,0.6103959679603577,0.3424010872840881
6343,0.0002212899707956,0.1319395452737808,0.7358996272087097,0.1319395452737808
6344,0.0004407298984006,0.2430280894041061,0.714299201965332,0.042231947183609
6345,0.0014746696688234,0.1992746591567993,0.558879554271698,0.2403711229562759
6346,0.0020426083356142,0.5237961411476135,0.4550819993019104,0.0190792735666036
6347,0.0001987925643334,0.8622167110443115,0.1364225000143051,0.0011619873112067
6348,0.000489383121021,0.2101644724607467,0.7221735119819641,0.0671726018190383
6349,0.0003821298887487,0.4391672611236572,0.5465524792671204,0.0138981444761157
6350,9.337451047031208e-05,0.1294426769018173,0.8309861421585083,0.0394777841866016
6351,7.644149445695803e-05,0.2880532443523407,0.6910037994384766,0.0208665076643228
6352,0.0002158416755264,0.1034061983227729,0.8007428646087646,0.09563510119915
6353,0.0009511129464954,0.4148854911327362,0.5411126613616943,0.0430506616830825
6354,0.0003130931581836,0.3225458860397339,0.6722434163093567,0.004897600505501
6355,0.0001167908267234,0.0559525601565837,0.7486370205879211,0.1952936500310897
6356,0.0003705199924297,0.0428262911736965,0.2972733676433563,0.6595297455787659
6357,0.0007484324742108,0.1426259875297546,0.5729799270629883,0.2836456298828125
6358,0.0002441187098156,0.5939376354217529,0.4018783569335937,0.003939876332879
6359,0.0001230486814165,0.54209965467453,0.4494163990020752,0.0083609735593199
6360,9.680802759248763e-05,0.498622715473175,0.498622715473175,0.0026577361859381
6361,0.0001316725974902,0.3687295019626617,0.6079321503639221,0.0232066363096237
6362,0.0002033263590419,0.5693851709365845,0.4231311082839966,0.0072803730145096
6363,0.0002273433055961,0.3515865504741668,0.6074870824813843,0.0406990945339202
6364,0.000942968414165,0.2962718904018402,0.6471173167228699,0.0556678362190723
6365,0.0007382954936474,0.5831613540649414,0.4008005559444427,0.0152997858822345
6366,0.0005102130235172,0.1679973155260086,0.685533881187439,0.1459585726261139
6367,0.0009046982158906,0.3537520170211792,0.6017524600028992,0.0435908026993274
6368,0.0003641073708422,0.0641720965504646,0.4969272017478943,0.4385367035865783
6369,5.502361455000937e-05,0.2662357687950134,0.7237037420272827,0.010005472227931
6370,0.0005772571312263,0.6040502786636353,0.3839577138423919,0.0114147616550326
6371,0.0002049382164841,0.0463781431317329,0.4469529092311859,0.5064640045166016
6372,9.961754403775558e-05,0.158948928117752,0.7946946620941162,0.046256773173809
6373,0.0001261919824173,0.0740728601813316,0.7481094002723694,0.17769156396389
6374,0.0001231524220202,0.1085181608796119,0.7894152998924255,0.1019433811306953
6375,5.684222196578048e-05,0.1279032528400421,0.8605090379714966,0.0115308286622166
6376,9.57704905886203e-05,0.0265545044094324,0.3497869968414306,0.623562753200531
6377,4.1864768718369305e-05,0.0117907393723726,0.1994252204895019,0.7887420654296875
6378,5.647069338010624e-05,0.0989600867033004,0.8285826444625854,0.0724007412791252
6379,0.0001067522825906,0.0732593387365341,0.7876121401786804,0.1390217989683151
6380,0.0015222616493701,0.5171444416046143,0.4563783407211303,0.0249549485743045
6381,0.0032648283522576,0.3382658958435058,0.5239164233207703,0.1345528662204742
6382,0.0025020779576152,0.1622270047664642,0.5075633525848389,0.3277075588703155
6383,0.0005484780413098,0.0344675071537494,0.2046430110931396,0.7603409886360168
6384,0.0024387235753238,0.578376293182373,0.4037717282772064,0.0154132060706615
6385,0.0001850972912507,0.5873531103134155,0.4036815166473388,0.0087802177295088
6386,0.0003900963638443,0.2020749151706695,0.7276996970176697,0.0698352232575416
6387,0.0005551440408453,0.3523402810096741,0.6087893843650818,0.03831522539258
6388,0.0003431576769798,0.2796558737754822,0.6604588031768799,0.0595421642065048
6389,0.0006493105902336,0.3110740184783935,0.6382824778556824,0.0499941445887088
6390,0.0001840188342612,0.6413227319717407,0.354172021150589,0.0043211989104747
6391,0.0009907250059768,0.2009752541780471,0.6287959218025208,0.1692381352186203
6392,0.000196688080905,0.2642746567726135,0.7072356343269348,0.0282929856330156
6393,0.0005890430766157,0.2957439422607422,0.6561365723609924,0.0475303791463375
6394,0.0002650521928444,0.2194054424762725,0.7194027900695801,0.0609266944229602
6395,0.0004905177047476,0.2879267632961273,0.6694497466087341,0.0421329960227012
6396,0.0001280267315451,0.5055938959121704,0.4900384247303009,0.0042396634817123
6397,0.0001287519698962,0.799916684627533,0.1991150230169296,0.0008395683253183
6398,0.001601526979357,0.3798238337039947,0.5791621804237366,0.0394124798476696
6399,0.0005948501056991,0.6523323655128479,0.3437550067901611,0.0033178073354065
6400,0.0001072071318048,0.0092085506767034,0.0659490451216697,0.9247352480888368
6401,0.0007238210528157,0.3108433187007904,0.6086016297340393,0.0798311606049537
6402,0.0010225179139524,0.3212655484676361,0.6002030372619629,0.0775089189410209
6403,0.0002619224833324,0.346468985080719,0.6273742914199829,0.0258948318660259
6404,0.0004270623321644,0.3071388006210327,0.650212824344635,0.0422212965786457
6405,0.0002085764135699,0.0518406815826892,0.4077585339546203,0.5401922464370728
6406,0.0013928881380707,0.1584999561309814,0.5619311332702637,0.2781760692596435
6407,0.0004765802295878,0.2669351398944855,0.6816428303718567,0.0509454645216465
6408,0.0002423107653157,0.0631154552102088,0.7452470660209656,0.1913952678442001
6409,0.0002997578121721,0.09870096296072,0.7407917976379395,0.1602074652910232
6410,8.135857933666557e-05,0.0576050989329814,0.7952138185501099,0.1470997631549835
6411,0.0006759722600691,0.2058497965335846,0.6541892886161804,0.1392849385738372
6412,1.54696790559683e-05,0.0021907666232436,0.0271092914044857,0.97068452835083
6413,2.4014430891838856e-05,0.0032451113220304,0.0389206372201442,0.9578102231025696
6414,5.418845466920175e-05,0.0035687398631125,0.0222054459154605,0.9741716980934144
6415,1.2020849680993706e-05,0.0012850046623498,0.0149376867339015,0.9837653040885924
6416,0.0037149582058191,0.6247599124908447,0.3615833222866058,0.0099417446181178
6417,0.0010702126892283,0.8193262815475464,0.1771917343139648,0.0024117613211274
6418,0.0017448605503886,0.3767849802970886,0.583575963973999,0.0378942601382732
6419,9.946118370862678e-05,0.1378804743289947,0.8186340928077698,0.0433860160410404
6420,0.0003589606203604,0.0318116433918476,0.2208165675401687,0.7470127940177917
6421,8.960170816862956e-05,0.0187532901763916,0.2320595830678939,0.749097466468811
6422,0.000418987852754,0.0293733160942792,0.2007302045822143,0.7694774866104126
6423,0.0003596617316361,0.037851046770811,0.2586649954319,0.7031242847442627
6424,0.0008470569737255,0.2423208504915237,0.6690693497657776,0.0877627953886985
6425,0.0002537208783905,0.3202508091926574,0.667460024356842,0.0120354257524013
6426,0.0002305742091266,0.2412762194871902,0.7203177213668823,0.0381754413247108
6427,0.0001991337630897,0.2083764970302581,0.7503926157951355,0.0410317666828632
6428,0.0001633816864341,0.0311350412666797,0.2818736433982849,0.6868280172348022
6429,0.0004052365839015,0.054760318249464,0.3742188513278961,0.5706155896186829
6430,5.182980021345429e-05,0.00488947564736,0.0486163571476936,0.9464423060417176
6431,3.554690192686394e-05,0.0048791579902172,0.0652824118733406,0.92980295419693
6432,0.0001012970824376,0.1803099513053894,0.7955648303031921,0.0240239761769771
6433,0.0001289442880079,0.248172789812088,0.7181117534637451,0.033586535602808
6434,0.0001012970824376,0.1803099513053894,0.7955648303031921,0.0240239761769771
6435,0.0012089492520317,0.1534694731235504,0.588308572769165,0.2570129930973053
6436,0.0006423442973755,0.2632210254669189,0.631434440612793,0.1047020927071571
6437,0.0001206335728056,0.066519983112812,0.849270224571228,0.0840891376137733
6438,0.0001979391090571,0.0469439476728439,0.3809638023376465,0.5718943476676941
6439,5.383392272051424e-05,0.7080562114715576,0.2905856668949127,0.0013042765203863
6440,0.0007493581506423,0.1300230473279953,0.5474174618721008,0.3218101263046264
6441,0.0011974791996181,0.3023147284984588,0.6300780177116394,0.0664097294211387
6442,0.0003948595840483,0.2391342371702194,0.6919578313827515,0.0685131028294563
6443,0.0003939429007004,0.2276537120342254,0.723482072353363,0.0484702736139297
6444,0.0003424420719966,0.1163348034024238,0.6590815186500549,0.2242412120103836
6445,0.0004298023413866,0.2157931178808212,0.6965887546539307,0.0871883109211921
6446,0.0002548816555645,0.2667118906974792,0.6601182818412781,0.0729149729013443
6447,0.0001555552444187,0.0971975699067115,0.718198299407959,0.1844485849142074
6448,0.0029606739990413,0.2623794972896576,0.513714075088501,0.2209456861019134
6449,0.0003008172498084,0.0724663808941841,0.5973467230796814,0.3298861682415008
6450,0.000660061428789,0.2540936172008514,0.6799896955490112,0.0652566328644752
6451,0.0003571952984202,0.0619778670370578,0.4724951088428497,0.465169757604599
6452,0.0001231705246027,0.0563067495822906,0.6245706081390381,0.3189994692802429
6453,0.0001872544526122,0.0430435799062252,0.4485244154930115,0.5082447528839111
6454,0.0002308453986188,0.091685838997364,0.6881404519081116,0.2199428975582122
6455,0.0040820054709911,0.1605271995067596,0.479245662689209,0.3561451435089111
6456,0.000169923325302,0.1544842422008514,0.7723726630210876,0.0729731917381286
6457,0.0001347793731838,0.4412597715854645,0.549156665802002,0.0094487620517611
6458,4.404163337312639e-05,0.0118358163163065,0.1712295711040496,0.8168905973434448
6459,0.0002843156689777,0.0800742879509925,0.7363494634628296,0.183291882276535
6460,9.37159638851881e-05,0.0763736888766288,0.8471589088439941,0.0763736888766288
6461,0.0003826994216069,0.6399369239807129,0.353406697511673,0.006273721344769
6462,0.0002318702463526,0.1258760392665863,0.7832270264625549,0.0906651094555854
6463,5.221520041231997e-05,0.1877513527870178,0.7904626727104187,0.0217337943613529
6464,0.0002562548324931,0.2188566625118255,0.7289040088653564,0.0519830174744129
6465,0.0001442272623535,0.2095337659120559,0.7664427161216736,0.0238792523741722
6466,0.0003456116246525,0.1630098074674606,0.719232976436615,0.1174115613102912
6467,0.0001117873543989,0.4848518073558807,0.5081202983856201,0.0069160396233201
6468,0.0002120604040101,0.3080819547176361,0.6729128360748291,0.0187931191176176
6469,0.0005917095113545,0.071674533188343,0.4529969990253448,0.474736750125885
6470,0.0004432187415659,0.1459381878376007,0.6748113036155701,0.1788072139024734
6471,0.0001388663222314,0.4338207244873047,0.557036817073822,0.0090036615729331
6472,5.8077468565898016e-05,0.011598752811551,0.1227650791406631,0.8655780553817749
6473,0.0003832677612081,0.2249726057052612,0.6716440916061401,0.1029999628663063
6474,0.0002769157290458,0.2808534204959869,0.673732340335846,0.0451372526586055
6475,0.0001903223892441,0.0346081480383873,0.2808551788330078,0.6843463182449341
6476,0.0001534583425382,0.2264555692672729,0.7542122602462769,0.0191786736249923
6477,7.668275065952912e-05,0.0840928480029106,0.8493075966835022,0.0665229111909866
6478,0.0001632204948691,0.1269250512123108,0.8276552557945251,0.0452565215528011
6479,0.0004825729993171,0.2072398662567138,0.7347291111946106,0.0575484335422515
6480,0.0001694327656878,0.0994545593857765,0.7822707891464233,0.118105225265026
6481,0.0002759482595138,0.0542556978762149,0.4542773962020874,0.4911909997463226
6482,6.292550824582577e-05,0.0257857311517,0.5098906755447388,0.4642607271671295
6483,9.911834786180408e-05,0.0770773366093635,0.8158122897148132,0.1070112809538841
6484,0.0003584236837923,0.2743996083736419,0.6686163544654846,0.0566255562007427
6485,0.0012869727797806,0.34586301445961,0.5792115330696106,0.0736384838819503
6486,0.0017478837398812,0.3955514132976532,0.5491687059402466,0.0535320565104484
6487,0.0003057963040191,0.2304799705743789,0.6989218592643738,0.0702924206852912
6488,0.0001829950051615,0.2965834736824035,0.6895772218704224,0.0136563358828425
6489,0.0001428421965101,0.2351527512073516,0.735727846622467,0.0289765037596225
6490,9.708002471597864e-05,0.1000110208988189,0.8243995904922485,0.0754922777414321
6491,0.0002195902052335,0.5018909573554993,0.4864493608474731,0.0114401932805776
6492,9.45951833273284e-05,0.0419132150709629,0.7314114570617676,0.2265807092189788
6493,0.0003954833373427,0.3123824894428253,0.6510610580444336,0.0361609011888504
6494,6.67786953272298e-05,0.0237748622894287,0.3131723999977112,0.6629859209060669
6495,0.0001571651519043,0.1148115471005439,0.7256312370300293,0.1594000309705734
6496,0.0011362726800143,0.2269269973039627,0.6364324688911438,0.135504275560379
6497,0.000294322730042,0.1304084658622741,0.8114287257194519,0.057868406176567
6498,0.0005031662876717,0.1004882082343101,0.6760658025741577,0.2229428440332412
6499,0.0004686692263931,0.1694854348897934,0.7135603427886963,0.116485521197319
6500,7.087447738740593e-05,0.1166765019297599,0.8487631678581238,0.0344895087182521
6501,0.0001475574681535,0.4609720408916473,0.5223497748374939,0.0165305845439434
6502,0.0002301443892065,0.2644961476325989,0.7078283429145813,0.0274454820901155
6503,0.0005958952242508,0.4856239557266235,0.5010393261909485,0.012740802951157
6504,0.0007999610970728,0.1150719746947288,0.5664041042327881,0.3177239000797272
6505,0.0066666235215961,0.6590921878814697,0.3113331198692322,0.0229080524295568
6506,0.0001118920408771,0.5499234795570374,0.4488345086574554,0.0011300694895908
6507,0.0003821701102424,0.4823816120624542,0.5055315494537354,0.0117046423256397
6508,0.0004871478595305,0.8274199962615967,0.1707477569580078,0.0013450584374368
6509,0.0015410439809784,0.186668649315834,0.661797821521759,0.1499924808740615
6510,0.0014816120965406,0.8972914218902588,0.1006733030080795,0.0005536379176191
6511,0.0004220776609145,0.82514488697052,0.1729597747325897,0.0014731957344338
6512,0.0001480852952226,0.694476306438446,0.3033942282199859,0.0019813592080026
6513,0.0019330023787915,0.5886456966400146,0.3982976377010345,0.0111236609518527
6514,0.0015397403622046,0.592729926109314,0.4010611772537231,0.00466920575127
6515,0.0002949113841168,0.0430901609361171,0.3234096467494964,0.6332052946090698
6516,0.0005497788079082,0.2593064904212951,0.6831815838813782,0.0569620802998542
6517,0.0004671041388064,0.1884432733058929,0.7337526679039001,0.0773369595408439
6518,0.0004384786006994,0.1585675477981567,0.7683963775634766,0.0725975185632705
6519,0.0004620283434633,0.3073143064975738,0.6608295440673828,0.0313941314816474
6520,0.0017818331252783,0.2859359085559845,0.6443665027618408,0.0679157301783561
6521,0.000129140986246,0.4716675579547882,0.5261831879615784,0.0020201047882437
6522,0.000907962792553,0.6843354105949402,0.308454155921936,0.0063025108538568
6523,0.0005526150926016,0.1103637218475341,0.7309948801994324,0.158088743686676
6524,0.000124378610053,0.069665141403675,0.6713730692863464,0.2588373720645904
6525,0.0003907322243321,0.1731255799531936,0.7520232200622559,0.0744603872299194
6526,0.0003856763651128,0.0701312348246574,0.4502231180667877,0.4792600274085998
6527,0.0005184746696613,0.0806412920355796,0.6544275283813477,0.2644126415252685
6528,0.0002444897836539,0.9213069677352904,0.0780260935425758,0.0004224404983688
6529,0.0008672286057844,0.1370090991258621,0.6140322089195251,0.2480914294719696
6530,0.0003592868742998,0.0763815268874168,0.5914729237556458,0.3317862451076507
6531,0.0004643357824534,0.8798290491104126,0.1190719157457351,0.0006346717127598
6532,0.0001809676759876,0.2588343024253845,0.725918710231781,0.0150659624487161
6533,0.000335908960551,0.2531760036945343,0.6882036328315735,0.0582844167947769
6534,0.0002867034345399,0.1656816303730011,0.7425335645675659,0.0914980843663215
6535,0.0003046432684641,0.2994690835475921,0.6748639941215515,0.0253622345626354
6536,4.383222767501138e-05,0.0588939860463142,0.865440845489502,0.075621373951435
6537,0.0001806077489163,0.1164337396621704,0.8082103133201599,0.0751752704381942
6538,7.487509719794616e-05,0.025837218388915,0.4302283227443695,0.5438595414161682
6539,0.0001338565780315,0.1255574822425842,0.8060442209243774,0.0682644098997116
6540,0.0002902826236095,0.1033477783203125,0.6634641289710999,0.2328978180885315
6541,0.0001469012640882,0.2134185880422592,0.7566345930099487,0.0297999121248722
6542,0.0002124846068909,0.1552232354879379,0.7640355229377747,0.0805287510156631
6543,0.00129578798078,0.2079388201236724,0.6925420165061951,0.0982233509421348
6544,0.0007684159791097,0.2303733080625534,0.6985983848571777,0.0702598839998245
6545,0.0005735150189138,0.0492620393633842,0.3212288618087768,0.6289355754852295
6546,0.0009282932151108,0.0565410740673542,0.315360814332962,0.6271698474884033
6547,0.0008185324259102,0.2531881332397461,0.7100836038589478,0.0359097085893154
6548,0.0007547624409198,0.6055563688278198,0.3849150538444519,0.0087738232687115
6549,0.0009914920665323,0.2279111295938491,0.639192521572113,0.1319048255681991
6550,0.0009157945169135,0.1144526973366737,0.5375579595565796,0.3470735251903534
6551,0.0007377286674454,0.1112128347158432,0.556029200553894,0.3320201933383941
6552,6.536841829074547e-05,0.1219405904412269,0.820393443107605,0.0576006546616554
6553,0.0001023241420625,0.1440831273794174,0.8036311268806458,0.0521834529936313
6554,0.0001737387065077,0.2028156220912933,0.7654181122779846,0.0315925776958465
6555,0.0001735618134262,0.1844777017831802,0.7766801118850708,0.0386686250567436
6556,0.0007439476321451,0.2954768240451813,0.6555439829826355,0.0482352636754512
6557,0.0005399323999881,0.124112531542778,0.7368900179862976,0.1384575366973877
6558,0.0007439476321451,0.2954768240451813,0.6555439829826355,0.0482352636754512
6559,0.0001911548606585,0.053836602717638,0.6456958651542664,0.3002764880657196
6560,0.0003459603176452,0.2449536025524139,0.7199586033821106,0.0347418040037155
6561,0.0001923819654621,0.8344122171401978,0.164305493235588,0.0010899180779233
6562,0.0003775837249122,0.4076512455940246,0.5748804211616516,0.0170907452702522
6563,0.0002881507389247,0.4526428878307342,0.5375267267227173,0.009542241692543
6564,0.0002238140878034,0.6267579793930054,0.3684520125389099,0.0045662187039852
6565,0.0002646438661031,0.685401439666748,0.3089346587657928,0.0053992220200598
6566,0.0003297145885881,0.5961380004882812,0.3971135318279266,0.0064187422394752
6567,0.0001239993434865,0.4896892011165619,0.505233645439148,0.0049531362019479
6568,0.0001439030456822,0.2561490535736084,0.7297006845474243,0.0140063315629959
6569,0.0003378971887286,0.1384641379117965,0.7968061566352844,0.0643918141722679
6570,0.0001649738114792,0.1866586357355117,0.785862147808075,0.027314193546772
6571,0.0013376147253438,0.2146508991718292,0.7375898957252502,0.0464215166866779
6572,0.0007571807364001,0.5888059139251709,0.398406058549881,0.0120308194309473
6573,0.0002472463529556,0.2886255085468292,0.6816422343254089,0.0294849518686532
6574,0.0003979836183134,0.2061606049537658,0.6759746670722961,0.1174667701125145
6575,0.0009809777839109,0.2254942208528518,0.6324141621589661,0.141110673546791
6576,0.001367172691971,0.1438822001218795,0.6549899578094482,0.1997606307268142
6577,0.0004165806458331,0.1155062615871429,0.6965919137001038,0.1874851733446121
6578,0.0008564232848584,0.3401492238044739,0.6354824304580688,0.0235119666904211
6579,0.0003768590686377,0.2078083008527755,0.6921073198318481,0.0997075214982032
6580,0.0014359432971104,0.1397628486156463,0.5976898670196533,0.2611113488674164
6581,0.0006033728714101,0.132344052195549,0.6119527220726013,0.2550998330116272
6582,0.000777565059252,0.1653041392564773,0.643654465675354,0.190263882279396
6583,0.0002111968060489,0.056757353246212,0.5301501154899597,0.4128813445568084
6584,0.0046635186299681,0.2976803481578827,0.5306726098060608,0.1669835299253463
6585,0.0035895626060664,0.5244789719581604,0.4148970544338226,0.0570344440639019
6586,7.357702997978777e-05,0.5600788593292236,0.4361898601055145,0.0036576746497303
6587,0.0001141441389336,0.2375389784574508,0.7316715717315674,0.0306752696633338
6588,9.620443597668782e-05,0.1634030938148498,0.7918288111686707,0.0446719266474247
6589,0.0001229933404829,0.0357392616569995,0.4933652877807617,0.4707724750041961
6590,0.0002174480905523,0.2104409039020538,0.7231234312057495,0.0662181749939918
6591,0.0001253261434612,0.1737364083528518,0.8033490180969238,0.0227892585098743
6592,0.0001785461208783,0.3955260813236236,0.5937549471855164,0.0105404127389192
6593,0.0018485749606043,0.6378894448280334,0.3468144834041595,0.0134474569931626
6594,0.0008326907991431,0.7810639142990112,0.2135309875011444,0.0045723714865744
6595,0.0003012194065377,0.4110988080501556,0.5619054436683655,0.0266945287585258
6596,0.0001931114384206,0.662577211856842,0.3331647515296936,0.00406489148736
6597,0.0018723593093454,0.2232850641012191,0.6165097951889038,0.1583328247070312
6598,0.0012737711658701,0.6807750463485718,0.3116815388202667,0.006269721314311
6599,0.0013655582442879,0.1995247453451156,0.6145794987678528,0.1845302134752273
6600,0.0015369800385087,0.1951111406087875,0.6200619339942932,0.183289960026741
6601,0.0003788886533584,0.1413673758506775,0.6850467920303345,0.1732069551944732
6602,9.015292744152248e-05,0.0914348885416984,0.8277838826179504,0.0806910023093223
6603,0.0003641709627117,0.1256648153066635,0.6793375611305237,0.1946334689855575
6604,0.0005109549383632,0.1790922731161117,0.7083236575126648,0.1120730936527252
6605,0.000386383238947,0.119515910744667,0.6460968852043152,0.2340007871389389
6606,0.0014495628420263,0.1928450465202331,0.6128603219985962,0.1928450465202331
6607,0.0017111531924456,0.1639673858880996,0.5723024010658264,0.2620191276073456
6608,0.0001524643157608,0.8898477554321289,0.1096507534384727,0.0003489943046588
6609,0.0002605899644549,0.5338915586471558,0.4566616714000702,0.0091861113905906
6610,0.0010072805453091,0.0935507640242576,0.3586167097091675,0.5468251705169678
6611,0.0002614428522065,0.2735776305198669,0.6771111488342285,0.0490497685968875
6612,0.0007361290045082,0.6797839403152466,0.3161289095878601,0.003351054387167
6613,0.000136309681693,0.7357747554779053,0.2623485922813415,0.0017402851954102
6614,0.0005214178818278,0.1445747166872024,0.745773196220398,0.1091307178139686
6615,0.0009813379729166,0.215247094631195,0.6426091194152832,0.141162484884262
6616,0.0002953815856017,0.0411824733018875,0.2727724015712738,0.6857497692108154
6617,0.0008642457542009,0.0895437076687812,0.4619016051292419,0.4476903676986694
6618,0.0004441348428372,0.133152887225151,0.7311531901359558,0.1352497339248657
6619,0.0005207441281527,0.4378508925437927,0.5449142456054688,0.0167141128331422
6620,0.0026306537911295,0.7069658637046814,0.2856400310993194,0.0047634984366595
6621,0.0031495401635766,0.1746670454740524,0.5296712517738342,0.2925122380256653
6622,0.0004278584674466,0.1986733824014663,0.7154503464698792,0.0854483619332313
6623,0.0010426397202536,0.1571782827377319,0.7267850041389465,0.1149941012263298
6624,0.0007465731468982,0.1587155163288116,0.6578574776649475,0.1826804280281067
6625,0.0006199786439538,0.1640308797359466,0.7014710903167725,0.1338780969381332
6626,0.0031240219250321,0.130777359008789,0.493548572063446,0.3725500106811523
6627,0.0002965913154184,0.1713956892490387,0.7681421637535095,0.0601655468344688
6628,0.001165160909295,0.1016575023531913,0.455597311258316,0.441580057144165
6629,0.0004571791214402,0.2683574557304382,0.6852748394012451,0.0459105484187603
6630,0.0008798163617029,0.2516924738883972,0.6631213426589966,0.0843064114451408
6631,0.0001314959517912,0.0189152956008911,0.1511232703924179,0.8298299908638
6632,0.000173514286871,0.1653194576501846,0.7294236421585083,0.10508344322443
6633,2.044389293587301e-05,0.5347524285316467,0.4646009802818298,0.000626130728051
6634,0.0004757256538141,0.6492618322372437,0.3475248217582702,0.0027376122307032
6635,0.0002043359854724,0.0994356200098991,0.8069489598274231,0.0934111252427101
6636,8.584704482927918e-05,0.7177073359489441,0.2810582220554352,0.0011486208532005
6637,0.0039616115391254,0.5879552960395813,0.3916626870632171,0.0164204239845275
6638,0.0038703221362084,0.3429939150810241,0.5834523439407349,0.0696834474802017
6639,0.0001533573959022,0.4227964282035827,0.5689347982406616,0.0081154191866517
6640,0.001898635062389,0.2907271683216095,0.6350064873695374,0.072367712855339
6641,0.0001865409576566,0.0893687009811401,0.7720277309417725,0.1384169608354568
6642,0.0003465956251602,0.0620477013289928,0.6073793172836304,0.3302263915538788
6643,0.0003049053775612,0.11026331782341,0.7774320840835571,0.1119997128844261
6644,0.0001998408697545,0.0818911716341972,0.7649161219596863,0.152992844581604
6645,0.0001901589566841,0.4147206544876098,0.5757825970649719,0.0093066580593585
6646,0.0003028581268154,0.5828962326049805,0.4069271385669708,0.0098737943917512
6647,0.0003481782332528,0.6597323417663574,0.3369583189487457,0.002961169462651
6648,0.0086013171821832,0.6940473914146423,0.28483647108078,0.012514840811491
6649,0.0002443153061904,0.0791982561349868,0.6949426531791687,0.2256148308515548
6650,0.0001522788370493,0.0226001851260662,0.180563598871231,0.7966839671134949
6651,0.0008553432417102,0.1935667693614959,0.6548279523849487,0.1507499516010284
6652,0.0009945542551577,0.1302608996629715,0.5929822325706482,0.2757623493671417
6653,0.0001497255725553,0.1495003551244735,0.7244580388069153,0.1258919090032577
6654,0.0002278600295539,0.292138010263443,0.6687105298042297,0.038923617452383
6655,0.000300890969811,0.1583199203014373,0.7553021311759949,0.0860770493745803
6656,0.0004165488644503,0.3557571768760681,0.6243733167648315,0.0194529462605714
6657,5.738510299124755e-05,0.0258265882730484,0.8687275052070618,0.1053886041045188
6658,8.489054744131863e-05,0.0432926341891288,0.8168720602989197,0.1397503316402435
6659,8.914951467886567e-05,0.0704169943928718,0.8445547819137573,0.084939107298851
6660,0.0002041525294771,0.0993463397026062,0.734075665473938,0.1663738191127777
6661,0.0032020157668739,0.2707729041576385,0.5643392205238342,0.161685898900032
6662,0.0011277655139565,0.8633872270584106,0.1344897896051406,0.0009952496038749
6663,0.002331577707082,0.8699365258216858,0.1253262460231781,0.0024055899120867
6664,0.0016923251096159,0.3379771411418915,0.6025094389915466,0.0578210763633251
6665,0.0003993656719103,0.2202189415693283,0.6890040636062622,0.0903776660561561
6666,6.523749470943585e-05,0.2420220971107483,0.7454805374145508,0.0124320648610591
6667,0.000125061487779,0.2522511780261993,0.7299129962921143,0.0177108123898506
6668,0.0003441431326791,0.6727860569953918,0.3228062689304352,0.0040635312907397
6669,9.717635111883284e-05,0.4629051387310028,0.532800555229187,0.0041971146129071
6670,0.0002884235000237,0.2835248112678528,0.6801406741142273,0.0360461361706256
6671,5.348857666831464e-05,0.714592695236206,0.2842453420162201,0.0011084501165896
6672,0.0001074198880814,0.1273723989725113,0.8436520099639893,0.0288681834936141
6673,3.339171962579712e-05,0.0070988135412335,0.0775212943553924,0.9153465032577516
6674,0.0002618477737996,0.0932242646813392,0.6996869444847107,0.2068270593881607
6675,0.0039396057836711,0.3437211513519287,0.5407493114471436,0.1115899160504341
6676,0.000524052651599,0.1282314658164978,0.6932127475738525,0.1780317574739456
6677,9.52727350522764e-05,0.142806202173233,0.784160315990448,0.0729382634162902
6678,5.669458187185228e-05,0.0239698868244886,0.3577818274497986,0.6181915402412415
6679,6.189333362272009e-05,0.1994936168193817,0.7890125513076782,0.0114318951964378
6680,1.3968661733088084e-05,0.0035820531193166,0.0486820861697196,0.9477218985557556
6681,0.0003297757357358,0.2485533654689788,0.6862778067588806,0.064839020371437
6682,0.0001130900564021,0.1776480376720428,0.783819854259491,0.0384190790355205
6683,0.0003421674773562,0.1009923890233039,0.6283957362174988,0.2702696621417999
6684,0.0002083858416881,0.4073859453201294,0.5745063424110413,0.0178992915898561
6685,9.892248635878786e-05,0.4639173150062561,0.5339655876159668,0.0020182006992399
6686,3.2717493013478816e-05,0.5030953288078308,0.4952955543994903,0.0015764171257615
6687,0.0001494815951446,0.1218198239803314,0.8195809125900269,0.0584497898817062
6688,0.0001331647945335,0.1035528630018234,0.8273329138755798,0.0689810737967491
6689,0.0002999412536155,0.3785910010337829,0.6049866676330566,0.0161223486065864
6690,6.860963912913576e-05,0.3425106704235077,0.6499710083007812,0.0074497307650744
6691,9.37377117224969e-05,0.0893106088042259,0.8212850689888,0.0893106088042259
6692,0.0001172264892375,0.1265614181756973,0.8252840638160706,0.0480372868478298
6693,7.858251046855003e-05,0.7924614548683167,0.2067259401082992,0.0007340111187659
6694,0.0001965990522876,0.776394784450531,0.2224408388137817,0.0009676945628598
6695,0.0006952941184863,0.4697518646717071,0.507922887802124,0.0216299667954444
6696,0.0001651872589718,0.111603170633316,0.8246420621871948,0.0635895729064941
6697,0.0004211314953863,0.178050085902214,0.6932840943336487,0.1282446682453155
6698,0.0001087794225895,0.9237504005432128,0.0758260488510131,0.000314763688948
6699,0.0005159801803529,0.9042113423347472,0.0938256382942199,0.0014471022877842
6700,7.51732659409754e-05,0.6690042614936829,0.3260466158390045,0.0048740021884441
6701,0.0003465928894001,0.2269592583179474,0.7326334714889526,0.0400606915354728
6702,0.0001838046009652,0.2887302935123443,0.6926279664039612,0.0184579100459814
6703,0.0002452624030411,0.0886945500969886,0.6156622171401978,0.295397937297821
6704,7.975212793098763e-05,0.1822798550128936,0.7917876243591309,0.0258527807891368
6705,4.358978185337037e-05,0.0118988584727048,0.2044232338666916,0.7836343050003052
6706,7.805776840541512e-05,0.0656323581933975,0.8781512379646301,0.0561383254826068
6707,0.0002912957279477,0.0513394102454185,0.5185096859931946,0.4298596084117889
6708,0.0001793163246475,0.1309933066368103,0.8150677680969238,0.0537595450878143
6709,4.347869617049582e-05,0.4595008790493011,0.5372109413146973,0.00324467709288
6710,0.000102506870462,0.8569886088371277,0.1421026289463043,0.0008062791312113
6711,0.000228036995395,0.7350051999092102,0.262074202299118,0.0026925874408334
6712,0.0002532165963202,0.7090953588485718,0.2865004241466522,0.0041510653682053
6713,9.701683302409948e-05,0.0248785056173801,0.2592399716377258,0.71578449010849
6714,0.0001621617702767,0.0880332067608833,0.7969876527786255,0.1148169562220573
6715,0.000139001829666,0.059694018214941,0.6123823523521423,0.3277846574783325
6716,0.0001196246012113,0.1021664440631866,0.8421669602394104,0.055546935647726
6717,0.0001154929050244,0.5332305431365967,0.4632787406444549,0.0033751975279301
6718,0.0003758653474505,0.581275999546051,0.4121863842010498,0.0061616878956556
6719,0.0002221782197011,0.6940885186195374,0.3032248318195343,0.0024644643999636
6720,0.0002029031602432,0.0488790348172187,0.4494832456111908,0.5014348030090332
6721,0.0013838678132742,0.1756744235754013,0.6629883050918579,0.1599533855915069
6722,0.0004020355700049,0.1987226903438568,0.7383443713188171,0.062530867755413
6723,0.0001830059482017,0.1587591618299484,0.7573975920677185,0.0836602002382278
6724,0.0011024271370843,0.1124506145715713,0.5710713863372803,0.3153755366802215
6725,0.0001954935578396,0.1300309002399444,0.692042350769043,0.1777311861515045
6726,0.0003572509740479,0.0990557968616485,0.6875835061073303,0.2130034267902374
6727,0.0002368560235481,0.080464981496334,0.7515946626663208,0.1677034348249435
6728,0.0001702866866253,0.0300121754407882,0.2759867906570434,0.6938307285308838
6729,0.0011322170030325,0.3557320237159729,0.5957390666007996,0.0473967082798481
6730,0.0006736480863764,0.4921101331710815,0.4998597204685211,0.0073564504273235
6731,0.0005988076445646,0.3460420072078705,0.6168866157531738,0.0364725589752197
6732,0.0001673759543336,0.5833207964897156,0.4136363565921783,0.0028755308594554
6733,0.0001677786640357,0.1064861938357353,0.8245933651924133,0.0687526613473892
6734,9.008900815388188e-05,0.0668477639555931,0.7893168926239014,0.1437452882528305
6735,9.19911835808307e-05,0.0140860853716731,0.179839089512825,0.8059828281402588
6736,0.0001165897701866,0.1027353629469871,0.8208014965057373,0.0763464346528053
6737,0.0002729628176894,0.5013003349304199,0.4858769178390503,0.0125498082488775
6738,0.0003637700283434,0.7111558318138123,0.2828782498836517,0.0056021008640527
6739,0.0009623350924812,0.6708076596260071,0.3168671131134033,0.011362942866981
6740,0.0024700206704437,0.1786585450172424,0.5333759188652039,0.2854955494403839
6741,0.0004630575713235,0.259361058473587,0.6623016595840454,0.0778743103146553
6742,6.82104000588879e-05,0.0140548394992947,0.2304057031869888,0.7554712891578674
6743,0.0001148293449659,0.2076163291931152,0.7713882327079773,0.0208805240690708
6744,0.0042519457638263,0.6613292098045349,0.3223061263561249,0.0121126677840948
6745,3.216811455786228e-05,0.0039579276926815,0.0425517335534095,0.9534581899642944
6746,7.771943637635559e-05,0.2883283793926239,0.6916638612747192,0.0199299789965152
6747,0.001446014503017,0.0894617512822151,0.4403461515903473,0.4687460362911224
6748,0.0020641032606363,0.2923117280006408,0.6092299818992615,0.0963941887021064
6749,0.0001192744966829,0.0206956230103969,0.2025875896215438,0.7765975594520569
6750,0.0009499717270955,0.1867791563272476,0.6621896028518677,0.1500812619924545
6751,0.0001587391016073,0.0275432262569665,0.3355451822280884,0.6367528438568115
6752,0.0005742117064073,0.0852205604314804,0.5823768973350525,0.3318283259868622
6753,0.0003774280485231,0.2048954367637634,0.7612788677215576,0.0334482602775096
6754,0.000140947086038,0.0894566625356674,0.7973185777664185,0.1130838245153427
6755,0.0004637165402527,0.0792132169008255,0.5762364864349365,0.3440865278244018
6756,0.0003499421291053,0.1389879882335662,0.7874205708503723,0.0732415243983268
6757,0.0012104577617719,0.2201091647148132,0.6571245789527893,0.1215558275580406
6758,0.0002263150527141,0.2122835218906402,0.7294551134109497,0.0580350905656814
6759,0.0006957506411708,0.5243901610374451,0.4627727270126343,0.0121412780135869
6760,0.0001085594121832,0.4708513021469116,0.5252726078033447,0.0037675211206078
6761,0.0001688360353,0.1822807192802429,0.7555325031280518,0.0620178841054439
6762,0.0005344174569472,0.1528828740119934,0.7293633818626404,0.1172193586826324
6763,6.481890886789188e-05,0.0102404160425066,0.1100948452949523,0.879599928855896
6764,0.0002282214409206,0.1720114648342132,0.7019141316413879,0.1258462816476822
6765,0.0005680691101588,0.2989011108875274,0.6735840439796448,0.0269467532634735
6766,0.0001255579409189,0.7923570275306702,0.2066987007856369,0.0008187406347133
6767,0.0001954736944753,0.6202796697616577,0.3762186467647552,0.0033061867579817
6768,0.0001725947950035,0.6815989017486572,0.316972941160202,0.0012555407593026
6769,0.0006107565714046,0.3114747405052185,0.6593919992446899,0.0285224989056587
6770,0.0003078899753745,0.2249182909727096,0.7374787330627441,0.0372951105237007
6771,0.0007657592650502,0.1154384613037109,0.6747637391090393,0.2090320438146591
6772,0.0008742933277972,0.2009710073471069,0.6905826926231384,0.1075720340013504
6773,0.000292413693387,0.2273894697427749,0.7455813884735107,0.0267367586493492
6774,0.0013403595658019,0.4772010743618011,0.4923490583896637,0.029109451919794
6775,0.0002613028336782,0.3247075080871582,0.6457579731941223,0.0292732696980237
6776,0.0009132796549238,0.4375372231006622,0.5360817909240723,0.0254677198827266
6777,0.0008629538351669,0.4007071852684021,0.5739865303039551,0.0244432967156171
6778,0.0002986883046105,0.3327096998691559,0.6313720345497131,0.0356195755302906
6779,0.000410730659496,0.2229744642972946,0.7086114287376404,0.0680033788084983
6780,0.0003024052712135,0.136099711060524,0.68045574426651,0.1831421852111816
6781,0.0002950106863863,0.085723876953125,0.7177572250366211,0.1962238997220993
6782,0.0002185702323913,0.038521908223629,0.3951842188835144,0.5660752654075623
6783,3.420775828999467e-05,0.0059354756958782,0.0563142262399196,0.9377160668373108
6784,6.393333751475438e-05,0.0101005071774125,0.1085906773805618,0.8812448978424072
6785,0.0004257361870259,0.1563840210437774,0.6793012022972107,0.1638890653848648
6786,0.0002747238031588,0.2700577676296234,0.6789251565933228,0.0507423505187034
6787,0.0006930900854058,0.3269001245498657,0.640039324760437,0.0323674902319908
6788,0.0020372259896248,0.4610304236412048,0.4984927475452423,0.0384396351873874
6789,6.21994913672097e-05,0.2343853414058685,0.7566052079200745,0.0089472075924277
6790,6.523256161017343e-05,0.1125422269105911,0.8446763157844543,0.0427162088453769
6791,0.0001708521012915,0.5593598484992981,0.4356299042701721,0.0048394110053777
6792,0.0001241615682374,0.235262855887413,0.7360723614692688,0.0285406224429607
6793,0.0002963605511467,0.4442206919193268,0.5275250673294067,0.0279578063637018
6794,0.0003471766540315,0.2873866558074951,0.6681939959526062,0.0440721698105335
6795,0.0003590958367567,0.7472942471504211,0.2503122091293335,0.0020344161894172
6796,0.0002175030240323,0.1977408826351165,0.74626624584198,0.0557753704488277
6797,0.0004761794116348,0.3702910542488098,0.6105067133903503,0.0187260266393423
6798,0.0014393866294994,0.4053869545459747,0.5455077886581421,0.0476659350097179
6799,0.001560362521559,0.680646538734436,0.3067914545536041,0.0110016269609332
6800,0.0008788149571046,0.2939233779907226,0.6320345401763916,0.0731633082032203
6801,0.0001912985317176,0.4511072039604187,0.5357030034065247,0.012998447753489
6802,0.0009738748776726,0.2829874753952026,0.6477647423744202,0.068273901939392
6803,0.0002330551214981,0.5162776112556458,0.4774787425994873,0.0060105710290372
6804,0.0020917952060699,0.2035980522632599,0.544856607913971,0.2494535446166992
6805,0.0001917960471473,0.1161552146077156,0.8062769770622253,0.077376052737236
6806,8.209672523662448e-05,0.1531461775302887,0.8279004096984863,0.0188713110983371
6807,0.0002002663823077,0.6063868403434753,0.3915128111839294,0.0019000746542587
6808,0.0001537287898827,0.2065535485744476,0.7674394845962524,0.0258532054722309
6809,0.0002117567782988,0.7265505194664001,0.2714921236038208,0.0017455297056585
6810,0.0011594292009249,0.1667803823947906,0.7021715641021729,0.1298886835575103
6811,0.0003066643257625,0.8587677478790283,0.1401899755001068,0.0007356494897976
6812,0.0022173214238137,0.3787684142589569,0.5511047840118408,0.0679094344377517
6813,0.0001081013833754,0.0367243215441703,0.3887025117874145,0.5744650363922119
6814,0.0002355638862354,0.0633057951927185,0.530052900314331,0.4064056873321533
6815,0.0001045251046889,0.0136900879442691,0.125891700387001,0.8603136539459229
6816,0.0002157520939363,0.0699390918016433,0.5855928063392639,0.3442522585391998
6817,5.441207031253725e-05,0.3952251970767975,0.6026464700698853,0.0020739515312016
6818,0.000134635149152,0.048688281327486,0.6024852991104126,0.3486917614936828
6819,0.0001901217765407,0.1244973540306091,0.7508151531219482,0.1244973540306091
6820,0.0003128693788312,0.1475667357444763,0.7612071633338928,0.0909132361412048
6821,9.299240628024565e-05,0.1330051124095916,0.8275856375694275,0.0393162369728088
6822,0.0001217736426042,0.7107236385345459,0.2871583104133606,0.0019962766673415
6823,8.045828144531697e-05,0.2149936556816101,0.7742219567298889,0.0107039045542478
6824,0.0002679449971765,0.0910265743732452,0.672600507736206,0.2361049801111221
6825,0.0005782475345768,0.281391441822052,0.654254674911499,0.0637756586074829
6826,0.0001961236412171,0.2117412686347961,0.7506880164146423,0.0373745523393154
6827,0.0002235135179944,0.2956619262695312,0.6874344944953918,0.0166801027953624
6828,0.0010341214947402,0.2491181641817093,0.6878373026847839,0.0620104148983955
6829,0.0013162377290427,0.0753129720687866,0.302559345960617,0.6208114624023438
6830,0.0001676020910963,0.1365870833396911,0.7500106692314148,0.113234668970108
6831,0.0005204153712838,0.1055697575211525,0.5196325182914734,0.3742772936820984
6832,1.6578111171838827e-05,0.0041852984577417,0.0486524887382984,0.947145700454712
6833,0.0007661341223865,0.5509956479072571,0.4358734786510467,0.0123647786676883
6834,0.0002684567007236,0.4217063784599304,0.567467987537384,0.0105572128668427
6835,0.0001296717382501,0.2308171540498733,0.7568203210830688,0.0122328614816069
6836,0.0003778662648983,0.1263789683580398,0.7387134432792664,0.134529709815979
6837,4.189010360278189e-05,0.0658032596111297,0.908385932445526,0.0257689263671636
6838,0.0001222498831339,0.1239882633090019,0.771480917930603,0.1044085845351219
6839,7.912234286777675e-05,0.3223828971385956,0.671903669834137,0.0056342557072639
6840,0.0001898783957585,0.172626182436943,0.7616624236106873,0.0655215084552764
6841,0.0001021024218061,0.517738938331604,0.4788302183151245,0.0033287473488599
6842,0.0002067486202577,0.3147798478603363,0.6768829822540283,0.008130507543683
6843,0.0002007339789997,0.7446954250335693,0.2533698678016662,0.0017340769991278
6844,5.573343514697626e-05,0.7330397367477417,0.265489399433136,0.0014150997158139
6845,0.0006630541756749,0.2252535223960876,0.6830728054046631,0.091010645031929
6846,2.2322028598864563e-05,0.0043208133429288,0.0479276999831199,0.9477291107177734
6847,0.0001630949118407,0.0734020620584487,0.8015737533569336,0.1248611137270927
6848,0.0002584000467322,0.180120974779129,0.7583376169204712,0.0612830780446529
6849,0.0003269438457209,0.6594513654708862,0.336814820766449,0.0034068333916366
6850,0.0018460621358826,0.1853840798139572,0.5118618607521057,0.3009080290794372
6851,0.0016078720800578,0.2878419458866119,0.5724420547485352,0.1381080895662307
6852,0.0021553933620452,0.4372360706329345,0.5032556056976318,0.057352889329195
6853,0.0009915294358506,0.5217134356498718,0.4532724618911743,0.0240225624293088
6854,0.0006403716979548,0.3476403355598449,0.62949538230896,0.0222239047288894
6855,0.0003446502087172,0.2365180999040603,0.7285270690917969,0.0346102453768253
6856,0.001823826576583,0.5056965351104736,0.4676928222179413,0.0247868131846189
6857,0.000103476406366,0.5006780624389648,0.4929158091545105,0.0063026072457432
6858,0.0003825463063549,0.5916081070899963,0.3940959870815277,0.0139132896438241
6859,0.0013422212796285,0.1171055883169174,0.3961631059646606,0.4853891432285309
6860,0.0027449380140751,0.22852224111557,0.6211878061294556,0.147545039653778
6861,0.0031619744841009,0.2018342316150665,0.5317623615264893,0.2632414698600769
6862,0.0020567171741276,0.4441272616386413,0.5441560745239258,0.0096599273383617
6863,0.005205356515944,0.4200245440006256,0.4685712456703186,0.1061988398432731
6864,6.357195525197312e-05,0.180827260017395,0.7978472709655762,0.0212619099766016
6865,0.0001838275929912,0.0568614713847637,0.630723774433136,0.3122309148311615
6866,5.8990488469135016e-05,0.0161028448492288,0.2991278171539306,0.6847103834152222
6867,0.0002842525427695,0.1027946099638938,0.7247725129127502,0.1721485704183578
6868,0.0001349118829239,0.0200227014720439,0.2401446849107742,0.7396977543830872
6869,0.0004597819643095,0.346539556980133,0.6275021433830261,0.0254985615611076
6870,0.0002712472924031,0.2928471267223358,0.6808899641036987,0.0259916596114635
6871,0.0001344966003671,0.3221552670001983,0.6714292168617249,0.0062810275703668
6872,0.0003863141464535,0.8829517960548401,0.1158180683851242,0.0008437877404503
6873,0.0002032521588262,0.0467209182679653,0.4099630415439605,0.5431128144264221
6874,0.0003213747986592,0.1126434728503227,0.7231398820877075,0.1638952791690826
6875,0.0003767522284761,0.1094762459397316,0.6919111013412476,0.1982358545064926
6876,0.0001744029868859,0.0284276846796274,0.2826582193374634,0.6887397170066833
6877,0.0006607358227483,0.5822202563285828,0.406455248594284,0.0106637366116046
6878,0.0013244593283161,0.6546686887741089,0.3343720734119415,0.0096347788348793
6879,9.10359449335374e-05,0.3595125675201416,0.6309642791748047,0.0094321519136428
6880,0.0001601671538082,0.4347245991230011,0.5581974387168884,0.0069177309051156
6881,0.0003649230347946,0.3818608522415161,0.6102118492126465,0.0075623444281518
6882,0.0001243946608155,0.1864576190710067,0.7973780632019043,0.0160398930311203
6883,0.0002690094697754,0.4569122493267059,0.5341845154762268,0.0086342878639698
6884,0.0002108255430357,0.8069613575935364,0.1916701346635818,0.0011576601536944
6885,0.0025537002366036,0.6862852573394775,0.3045372366905212,0.006623794324696
6886,0.000213912629988,0.1198136284947395,0.8187775611877441,0.0611948147416114
6887,0.0001758099533617,0.1064737364649772,0.811714231967926,0.0816362500190734
6888,3.168882176396437e-05,0.4103287756443023,0.5877688527107239,0.0018707393901422
6889,0.0043850117363035,0.8757383227348328,0.1185182929039001,0.0013584132539108
6890,0.0001773068215698,0.7338109016418457,0.2616483569145202,0.0043633989989757
6891,8.583535236539319e-05,0.96564918756485,0.0340915881097316,0.0001733921671984
6892,0.0002072666538879,0.9131278395652772,0.0862716436386108,0.0003933230182155
6893,0.0004027844115626,0.5851663947105408,0.4085119366645813,0.0059188739396631
6894,0.0022533459123224,0.6861979961395264,0.3044985234737396,0.0070500965230166
6895,0.0046395128592848,0.5197559595108032,0.4308928549289703,0.0447116643190383
6896,0.0009791300399228,0.7265331745147705,0.2672766447067261,0.0052110641263425
6897,0.0003479765146039,0.5910376310348511,0.3999161124229431,0.0086983181536197
6898,0.0001033325897878,0.0203167870640754,0.2051922976970672,0.7743875980377197
6899,0.0002793904859572,0.3526514172554016,0.6286691427230835,0.0184000805020332
6900,0.0012246161932125,0.1249142438173294,0.5598267912864685,0.3140343427658081
6901,0.0111350715160369,0.7929218411445618,0.1913013160228729,0.0046417880803346
6902,0.0013583528343588,0.2356913089752197,0.6406753063201904,0.122275024652481
6903,0.0004928649286739,0.1700733602046966,0.7742190957069397,0.055214736610651
6904,0.0019120901124551,0.2142078727483749,0.6295919418334961,0.1542881429195404
6905,6.187485269038007e-05,0.2405633926391601,0.7526562213897705,0.0067184572108089
6906,0.00018899065617,0.1237566694617271,0.832611620426178,0.04344267770648
6907,0.0001412806450389,0.3179019391536712,0.6625645756721497,0.0193921439349651
6908,3.552623456926085e-05,0.5378158688545227,0.4600183069705963,0.0021303072571754
6909,0.0002090103953378,0.6038820147514343,0.3898955285549164,0.0060134809464216
6910,0.0007423952338285,0.6644778251647949,0.3289403617382049,0.0058393906801939
6911,0.0004826449148822,0.5546852946281433,0.4319893419742584,0.0128427054733037
6912,0.000352059432771,0.5979725122451782,0.3921599388122558,0.0095154782757163
6913,0.0009786467999219,0.3273125290870666,0.6020199060440063,0.0696888640522956
6914,0.0017282782355323,0.4431909918785095,0.5263022780418396,0.0287784188985824
6915,0.0012769163586199,0.4406267404556274,0.5151448249816895,0.0429515652358531
6916,0.0031769252382218,0.339606910943985,0.559917151927948,0.0972990021109581
6917,0.0001100261797546,0.0269225183874368,0.2676922678947449,0.7052751779556274
6918,0.0001902950025396,0.064647227525711,0.7059682011604309,0.2291943132877349
6919,5.993132435833104e-05,0.012740921229124,0.1481083333492279,0.839090883731842
6920,0.0003483106556814,0.0674215406179428,0.5734034180641174,0.3588267266750335
6921,0.0012161146150901,0.4537453353404999,0.5141608119010925,0.0308777578175067
6922,0.000309888360789,0.3192443549633026,0.6550468802452087,0.0253989249467849
6923,0.000910265778657,0.3504108488559723,0.5868277549743652,0.0618511848151683
6924,0.0002365133987041,0.1868160814046859,0.7274167537689209,0.0855306312441825
6925,0.0001924702955875,0.0559277944266796,0.6012804508209229,0.3425992727279663
6926,0.0002183142642024,0.1322151124477386,0.7490496635437012,0.1185168772935867
6927,0.0001282654848182,0.069631852209568,0.7255805134773254,0.2046593725681305
6928,0.0001231877249665,0.1681244075298309,0.8020766973495483,0.0296757239848375
6929,0.0002777865738607,0.0832811966538429,0.6864942312240601,0.2299467623233795
6930,2.5579362045391463e-05,0.0047989902086555,0.0662480145692825,0.9289273619651794
6931,0.0001747627538861,0.0401721559464931,0.5209604501724243,0.4386926889419555
6932,0.0001228734909091,0.0216558370739221,0.2721967101097107,0.7060245275497437
6933,0.000346399116097,0.7554671764373779,0.2414618283510208,0.002724640071392
6934,0.0001787341607268,0.0897380039095878,0.7874259948730469,0.1226573139429092
6935,0.0004055530589539,0.1561194509267807,0.7218890190124512,0.1215859502553939
6936,0.0005842972313985,0.1062483713030815,0.6610996127128601,0.2320677936077118
6937,0.0002131048531737,0.1290602087974548,0.7198399901390076,0.1508866548538208
6938,0.0001453297882108,0.1428614556789398,0.7603282928466797,0.0966648906469345
6939,0.0001934974570758,0.3087429702281952,0.6536088585853577,0.0374547690153121
6940,0.0005180580192245,0.1154204979538917,0.6239572763442993,0.260104089975357
6941,0.000434245012002,0.3222180902957916,0.6508984565734863,0.0264492705464363
6942,0.0004086708358954,0.2398838400840759,0.6941269040107727,0.0655805915594101
6943,0.0007140733068808,0.3937555849552154,0.5640288591384888,0.0415015332400798
6944,0.0011159197892993,0.2646555006504059,0.697274386882782,0.0369541868567466
6945,9.122030314756556e-05,0.7626294493675232,0.2362515777349472,0.0010277760447934
6946,8.35388564155437e-05,0.6459237933158875,0.3511826694011688,0.0028099918272346
6947,0.0001307479979004,0.8513016104698181,0.1479340344667434,0.0006335867219604
6948,0.0004186584847047,0.1444668918848037,0.6576516032218933,0.1974628120660781
6949,0.0001587066944921,0.4240822792053222,0.5706651210784912,0.0050939447246491
6950,0.0001687777112238,0.4876399040222168,0.5031192302703857,0.0090720858424901
6951,0.0002113005903083,0.6298781633377075,0.3645455241203308,0.0053650271147489
6952,0.0004541228408925,0.5301247835159302,0.4605804085731506,0.008840668015182
6953,0.0020425640977919,0.4695176780223846,0.499798983335495,0.0286407619714736
6954,0.0006646783440373,0.8792312145233154,0.1189910024404525,0.0011131266364827
6955,0.0001595619542058,0.032368216663599,0.3071011304855346,0.6603711247444153
6956,0.00758340023458,0.9477460980415344,0.0443266779184341,0.0003437679843045
6957,0.0002001384855248,0.1791331321001052,0.7781188488006592,0.0425478480756282
6958,0.0004580327076837,0.2565466463565826,0.7195027470588684,0.0234925970435142
6959,0.0006132379057817,0.186745673418045,0.7271426320075989,0.0854983925819397
6960,0.0001465791574446,0.5437884330749512,0.4508164823055267,0.0052484632469713
6961,0.0003201771469321,0.0959900170564651,0.6259334683418274,0.2777563035488128
6962,0.0002653875271789,0.2000236809253692,0.7316562533378601,0.0680546313524246
6963,0.0004607503942679,0.2834331095218658,0.648784875869751,0.0673212707042694
6964,0.0002358284109504,0.2110772430896759,0.7253100275993347,0.0633768811821937
6965,0.0003076208522543,0.1147766038775444,0.5475685596466064,0.3373472094535827
6966,0.0003875977417919,0.0593506321310997,0.2921340465545654,0.6481277346611023
6967,0.0033019904512912,0.3937733471393585,0.5216649174690247,0.0812597274780273
6968,0.0001583754637977,0.010594536550343,0.0648993924260139,0.9243476986885072
6969,3.761130210477859e-05,0.5103895664215088,0.4870171546936035,0.0025556315667927
6970,0.0001262230362044,0.6707659363746643,0.3269051909446716,0.0022026698570698
6971,4.5551048970082775e-05,0.4665911197662353,0.5287169814109802,0.0046463329344987
6972,3.8911028241273016e-05,0.4048523604869842,0.589056670665741,0.0060520526021718
6973,0.0002590434160083,0.0334019847214221,0.1696292757987976,0.7967096567153931
6974,0.0001266191829927,0.0273421294987201,0.221889317035675,0.7506418824195862
6975,0.0001217788012581,0.0284337271004915,0.249498039484024,0.7219464778900146
6976,9.616649185772984e-05,0.0210931990295648,0.2692998945713043,0.7095107436180115
6977,0.0002317466569365,0.4530554413795471,0.5380166172981262,0.0086962291970849
6978,0.0002001148968702,0.4645811915397644,0.5264394879341125,0.0087792091071605
6979,9.36043870751746e-05,0.0812025740742683,0.7948846220970154,0.1238191425800323
6980,0.0001617563684703,0.0632494166493415,0.5726134777069092,0.3639752864837646
6981,0.0007925978279672,0.2232262343168258,0.6769251227378845,0.099056027829647
6982,0.0028698684182018,0.3586658537387848,0.5731463432312012,0.0653178989887237
6983,0.0002046057779807,0.6698674559593201,0.3264673054218292,0.0034606445115059
6984,5.73467586946208e-05,0.8414369225502014,0.1581013202667236,0.0004043340450152
6985,3.1024388590594754e-05,0.8372673392295837,0.1623116582632064,0.0003899520088452
6986,6.244877295102924e-05,0.1259602457284927,0.8086299300193787,0.065347321331501
6987,0.0001557906361995,0.1555562913417816,0.8024204969406128,0.0418674126267433
6988,9.092402615351602e-05,0.5143448710441589,0.4831823110580444,0.0023818896152079
6989,0.0014174820389598,0.7342738509178162,0.257754385471344,0.0065543702803552
6990,6.838350964244455e-05,0.2136312425136566,0.7573885321617126,0.0289118438959121
6991,0.0001608102902537,0.2264377474784851,0.7196177244186401,0.053783681243658
6992,6.756147195119411e-05,0.5827641487121582,0.4132416546344757,0.0039266338571906
6993,0.0022440841421484,0.3715458810329437,0.5845237374305725,0.0416862964630126
6994,0.0003177533799316,0.2671726942062378,0.7039062976837158,0.0286032445728778
6995,0.0001739194849506,0.1053288355469703,0.8029859662055969,0.0915112718939781
6996,0.0012846218887716,0.7902421951293945,0.2061470001935959,0.0023261497262865
6997,0.0027501843869686,0.218474194407463,0.6032266020774841,0.1755489408969879
6998,0.0007776868296787,0.1994260847568512,0.653892993927002,0.1459032446146011
6999,0.0003751608019229,0.473534345626831,0.5120127201080322,0.0140778049826622
7000,0.003768085502088,0.2946952879428863,0.5336242914199829,0.1679123193025589
7001,0.0009563433122821,0.0860872864723205,0.2867144346237182,0.62624192237854
7002,0.000260230503045,0.0282561872154474,0.1327128261327743,0.8387708067893982
7003,0.0010861150221899,0.1357387602329254,0.4450702667236328,0.4181048274040222
7004,0.0109944771975278,0.3213057219982147,0.4602492153644562,0.207450583577156
7005,0.000956165487878,0.0619948096573352,0.2163831442594528,0.7206659317016602
7006,0.0004616522055584,0.0349941737949848,0.14279805123806,0.8217461109161377
7007,0.0017365261446684,0.1217398792505264,0.3309232890605926,0.5456002950668335
7008,0.0011139253620058,0.3040722012519836,0.6142427325248718,0.0805711075663566
7009,0.0011575552634894,0.1492593139410019,0.4743451476097107,0.3752379119396209
7010,0.0009316583164036,0.0653142854571342,0.2315592914819717,0.7021948099136353
7011,0.0015197396278381,0.0487784706056118,0.1624571084976196,0.7872446179389954
7012,0.005819100420922,0.2847953140735626,0.4769423902034759,0.232443168759346
7013,0.0001349987869616,0.0083520794287323,0.0411103814840316,0.9504024982452391
7014,4.4023523514624685e-05,0.0040252772159874,0.0262481067329645,0.9696826338768004
7015,9.980447794077918e-05,0.0073326188139617,0.0470733828842639,0.9454941749572754
7016,4.956177508574911e-05,0.0046030292287468,0.0319513566792011,0.9633960127830504
7017,0.0005311269778758,0.0533364936709404,0.2544542253017425,0.6916781663894653
7018,0.0005104099982418,0.05992441624403,0.2643989324569702,0.6751663088798523
7019,0.0001510053989477,0.0123766344040632,0.0638435408473014,0.923628866672516
7020,0.0008868666482158,0.0602612569928169,0.238337904214859,0.700514018535614
7021,0.000366434949683,0.0404145829379558,0.208474263548851,0.7507447004318237
7022,0.0006417678669095,0.0753464251756668,0.4010040163993835,0.5230078101158142
7023,0.0015675735194236,0.1264888197183609,0.4019806683063507,0.4699629843235016
7024,0.0037023858167231,0.4849168658256531,0.4415218234062195,0.0698589012026786
7025,0.0003116725711151,0.0343747772276401,0.1829472929239273,0.7823662757873535
7026,0.0007312792004086,0.0554324463009834,0.1904786378145218,0.7533576488494873
7027,0.0001711406366666,0.017186177894473,0.0872786119580268,0.8953641057014465
7028,5.713847349397838e-05,0.0049079060554504,0.0300645716488361,0.9649703502655028
7029,0.0017370344139635,0.0877116098999977,0.2921242713928222,0.618427038192749
7030,0.0002062326529994,0.0166410859674215,0.0745801702141761,0.9085724949836732
7031,0.008275237865746,0.4448079764842987,0.4379118978977203,0.1090048924088478
7032,0.0004551787278614,0.0654760748147964,0.3595344126224518,0.5745343565940857
7033,0.000396692106733,0.0392187573015689,0.2087276130914688,0.7516570091247559
7034,0.0001057908957591,0.0070768874138593,0.0365053638815879,0.9563120007514954
7035,0.0007751623634248,0.0790687128901481,0.3078745305538177,0.6122815608978271
7036,0.0016132417367771,0.2249201983213424,0.5654492974281311,0.2080172002315521
7037,0.0001105110204662,0.0191750507801771,0.1394888758659362,0.8412256240844727
7038,0.0033330440055578,0.1763791590929031,0.4165518581867218,0.4037359058856964
7039,0.0010712856892496,0.2207397520542144,0.6288290023803711,0.1493599861860275
7040,0.0028944395016878,0.1936236917972564,0.479223221540451,0.3242586851119995
7041,0.0005104430019855,0.0545653291046619,0.2261669933795929,0.7187572717666626
7042,0.0012042885646224,0.1528778076171875,0.517179012298584,0.3287389576435089
7043,3.027254024345893e-05,0.002294719684869,0.0122128147631883,0.9854621887207032
7044,0.0023147980682551,0.2938508987426758,0.5489857196807861,0.1548485308885574
7045,0.0012224145466461,0.130673661828041,0.3901194930076599,0.4779843986034393
7046,0.0008473680354654,0.321140855550766,0.6287631988525391,0.0492485426366329
7047,0.0001462257350794,0.0112587576732039,0.0658099651336669,0.9227850437164308
7048,0.0007346863858401,0.0507069677114486,0.1797718107700348,0.7687865495681763
7049,0.0023015707265585,0.1423931270837783,0.3810637891292572,0.4742415249347687
7050,0.0024059277493506,0.1634791791439056,0.4657088220119476,0.3684060275554657
7051,6.886693881824613e-05,0.0052202530205249,0.0305135492235422,0.964197278022766
7052,0.0001409458345733,0.0124908378347754,0.0696683004498481,0.9176998138427734
7053,0.0001096037303796,0.0106679210439324,0.0729020088911056,0.916320502758026
7054,7.564815314253792e-05,0.0074789160862565,0.0430381894111633,0.9494072198867798
7055,0.0001033550215652,0.0059138052165508,0.0300327837467193,0.9639500975608826
7056,0.0011264893691986,0.0967597439885139,0.3539324700832367,0.5481812953948975
7057,0.0001057183326338,0.0071834018453955,0.0370548032224178,0.9556559920310974
7058,0.0015101825119927,0.1745533496141433,0.599805474281311,0.2241309583187103
7059,0.000216180080315,0.0242182500660419,0.1350785493850708,0.840487003326416
7060,0.000131899563712,0.008962376974523,0.047699000686407,0.9432067275047302
7061,0.0007734108367003,0.1260659545660019,0.4908704161643982,0.382290244102478
7062,0.0045283022336661,0.1725991815328598,0.3889582455158233,0.4339142739772796
7063,5.7611447118688375e-05,0.004102477338165,0.022881781682372,0.9729580879211426
7064,0.0003866583283524,0.0714170187711715,0.3302289247512817,0.5979673862457275
7065,0.0001414723083144,0.0144305685535073,0.0926402658224105,0.8927876949310303
7066,0.0022268397733569,0.1178406700491905,0.3518072664737701,0.5281252264976501
7067,0.0001894772140076,0.0222454722970724,0.1428097784519195,0.8347552418708801
7068,0.0005674573476426,0.0552316009998321,0.2052102833986282,0.7389906644821167
7069,0.0002879901148844,0.0401519462466239,0.2136941701173782,0.7458659410476685
7070,0.0002513053186703,0.0226217824965715,0.1148828938603401,0.8622440099716187
7071,7.46663790778257e-05,0.005234517622739,0.0278588216751813,0.966831922531128
7072,0.00161852047313,0.1841751933097839,0.5585043430328369,0.2557019293308258
7073,0.0012726078275591,0.156580165028572,0.5054469704627991,0.336700290441513
7074,0.0003430026699788,0.0260002966970205,0.1259938329458236,0.8476628661155701
7075,0.0012482472229748,0.1795565783977508,0.5277461409568787,0.2914490699768066
7076,0.0023264703340828,0.1736170947551727,0.4945890307426452,0.3294673562049866
7077,0.0001756495621521,0.0112120108678936,0.0551874488592147,0.933424949645996
7078,0.0009572231792844,0.0875234082341194,0.3407950401306152,0.5707243084907532
7079,7.70346014178358e-05,0.0110811935737729,0.0806101337075233,0.9082316160202026
7080,0.000212706887396,0.0216966904699802,0.1248558238148689,0.8532347083091736
7081,0.000577233324293,0.0744305402040481,0.3663599491119385,0.5586321949958801
7082,0.0020671458914875,0.0996006652712822,0.2882041037082672,0.6101280450820923
7083,0.0052053146064281,0.2711860537528991,0.4987874925136566,0.2248211503028869
7084,0.0004279495042283,0.0543258376419544,0.2936826944351196,0.6515635251998901
7085,0.0033084005117416,0.2978127002716064,0.5065965056419373,0.192282348871231
7086,0.0001230005582328,0.0099250171333551,0.053654134273529,0.9362977743148804
7087,0.0008210003143176,0.0919751226902008,0.4252886474132538,0.4819151759147644
7088,0.0004967943532392,0.0382510460913181,0.1560881435871124,0.8051639795303345
7089,0.0006839784909971,0.0731159225106239,0.3328430950641632,0.5933569669723511
7090,0.0005926110316067,0.0290032513439655,0.1094571202993393,0.8609470129013062
7091,0.0063110217452049,0.5592924952507019,0.4028432965278625,0.0315531268715858
7092,8.72301243362017e-05,0.0112477643415331,0.0667810589075088,0.9218840003013612
7093,0.0003421734145376,0.03080147318542,0.1492596566677093,0.8195967674255371
7094,0.000968572392594,0.2157926708459854,0.65438312292099,0.128855675458908
7095,0.0004920744686387,0.042932316660881,0.1835982352495193,0.7729774117469788
7096,0.0036594339180737,0.1763214170932769,0.4164154827594757,0.4036037027835846
7097,0.0003191927971784,0.0291852969676256,0.1307994127273559,0.8396960496902466
7098,0.0001188423339044,0.0123131452128291,0.0686772018671035,0.91889089345932
7099,5.932210115133785e-05,0.0042242920026183,0.0246919374912977,0.9710245132446288
7100,8.258974412456155e-05,0.0076704886741936,0.0484789758920669,0.9437678456306458
7101,8.820965740596876e-05,0.0061839739792048,0.0318993665277957,0.9618284702301024
7102,8.953022916102782e-05,0.0080592548474669,0.0456587858498096,0.946192502975464
7103,8.804527897154912e-05,0.0059825438074767,0.0338934212923049,0.9600360989570618
7104,0.0016892637358978,0.3883056342601776,0.5475987195968628,0.0624063946306705
7105,0.0014904211275279,0.1722692549228668,0.5143010020256042,0.3119393289089203
7106,0.0001553786278236,0.0114156426861882,0.052785400301218,0.9356436133384703
7107,0.0003492400574032,0.0233624316751956,0.1132110953330993,0.8630772829055786
7108,0.0006621080101467,0.0334331691265106,0.130180686712265,0.8357239961624146
7109,0.0027208351530134,0.2607178688049316,0.5784278512001038,0.1581333726644516
7110,6.038035644451156e-05,0.0068708201870322,0.0499817803502082,0.9430869817733764
7111,5.1876089855795726e-05,0.0048179705627262,0.0329248495399951,0.9622052311897278
7112,6.405469321180135e-05,0.0052500213496387,0.0400241129100322,0.9546617269515992
7113,0.0001067219563992,0.0121441399678587,0.0955210477113723,0.8922280073165894
7114,3.872731394949369e-05,0.0025109588168561,0.0156237129122018,0.981826663017273
7115,8.079993858700618e-05,0.0067267762497067,0.0405676513910293,0.9526246786117554
7116,0.0012845455203205,0.1763163805007934,0.4432592988014221,0.3791398108005523
7117,0.0001997739018406,0.0146773578599095,0.0627670958638191,0.9223557710647584
7118,9.103976481128484e-05,0.0110277635976672,0.0707951933145523,0.918086051940918
7119,0.0001330744562437,0.0077342116273939,0.0405243709683418,0.9516083002090454
7120,0.0063969143666327,0.3230123817920685,0.5081698298454285,0.1624208390712738
7121,0.0021175167057663,0.3505905568599701,0.5690646171569824,0.0782273262739181
7122,0.0009544007480144,0.1174283623695373,0.4717519879341125,0.4098652303218841
7123,0.0025665860157459,0.194552406668663,0.4968070089817047,0.3060739040374756
7124,4.592925324686803e-05,0.0033220993354916,0.0160984322428703,0.9805335998535156
7125,0.0007612162153236,0.10286445915699,0.4132435917854309,0.4831306934356689
7126,0.0001721675216685,0.0181190278381109,0.0949369221925735,0.8867718577384949
7127,0.000240883877268,0.0241898875683546,0.1228463873267173,0.8527229428291321
7128,0.0010389692615717,0.1258516907691955,0.5466748476028442,0.326434463262558
7129,0.0013492741854861,0.3199986815452575,0.6072507500648499,0.0714013502001762
7130,0.0005252890405245,0.0430534966289997,0.1812620013952255,0.7751592397689819
7131,0.0018782675033435,0.3109788000583648,0.599427342414856,0.087715595960617
7132,0.0006020874716341,0.0550516843795776,0.2077628821134567,0.736583411693573
7133,0.002539103385061,0.1113926172256469,0.3709940612316131,0.5150742530822754
7134,0.0040823514573276,0.2228888124227523,0.4868339300155639,0.2861948907375335
7135,0.0001212317074532,0.0096306279301643,0.0528825484216213,0.9373655319213868
7136,0.0004240939451847,0.0301994830369949,0.1139716580510139,0.8554047346115112
7137,0.0004206691228318,0.0361333563923835,0.1281038671731948,0.8353421092033386
7138,0.0022251436021178,0.1196052208542823,0.3251206874847412,0.5530489087104797
7139,0.0006241148803383,0.0626744627952575,0.3037117421627044,0.6329896450042725
7140,0.0012909605866298,0.146901398897171,0.4524881839752197,0.3993194103240967
7141,0.0004855614679399,0.0423640720546245,0.1701917350292205,0.7869585752487183
7142,0.0015681665390729,0.4021326899528503,0.5583059191703796,0.0379931963980197
7143,0.0005078858812339,0.0742083340883255,0.4337643682956695,0.4915194511413574
7144,0.0012414768571034,0.1171173974871635,0.3962030410766601,0.4854380786418915
7145,0.0002408879663562,0.0274112001061439,0.1328308880329132,0.8395169377326965
7146,0.0017409422434866,0.1803774386644363,0.5385075807571411,0.2793740332126617
7147,0.00222829147242,0.1197744160890579,0.3412055373191833,0.5367916822433472
7148,0.0017021221574395,0.2731444835662842,0.6350799202919006,0.0900734886527061
7149,5.724274160456844e-05,0.0049168621189892,0.0282945893704891,0.9667313098907472
7150,0.0010120775550603,0.0767175331711769,0.2595320641994476,0.6627383232116699
7151,0.0047834459692239,0.2453439980745315,0.519393265247345,0.23047935962677
7152,0.0001954600011231,0.0240491703152656,0.1279929876327514,0.8477624654769897
7153,0.000110278619104,0.0088984733447432,0.0545097552239894,0.936481475830078
7154,0.0004930298891849,0.036222830414772,0.138856291770935,0.8244277834892273
7155,0.0043985703960061,0.2764153182506561,0.5005235075950623,0.2186625301837921
7156,0.0001044919044943,0.0075579830445349,0.0477679222822189,0.9445695877075196
7157,0.0060187568888068,0.2258521914482116,0.4781290590763092,0.2899999320507049
7158,8.276248263427988e-05,0.0058934669941663,0.0333887711167335,0.9606350064277648
7159,0.0014012109022587,0.1474643945693969,0.4686408936977386,0.3824935555458069
7160,0.0012348863529041,0.071770891547203,0.2353277057409286,0.6916665434837341
7161,0.0023753033019602,0.171807587146759,0.4894342124462127,0.3363828957080841
7162,0.0031002527102828,0.2662960588932037,0.5295929312705994,0.2010108083486557
7163,0.0017966157756745,0.1146810501813888,0.3532425165176391,0.530279815196991
7164,7.39142342354171e-05,0.0068647535517811,0.0359687432646751,0.9570926427841188
7165,0.0001988132862607,0.0123001420870423,0.0551254115998744,0.93237566947937
7166,0.0003706571296788,0.0294449441134929,0.1361520439386367,0.8340323567390442
7167,0.0011897013755515,0.1037985831499099,0.3511460721492767,0.5438656806945801
7168,0.0003776222001761,0.0329466313123703,0.1431136131286621,0.8235620856285095
7169,0.0013832042459398,0.1755901724100113,0.5940139293670654,0.2290127575397491
7170,0.0002358270430704,0.0236820746213197,0.1147600561380386,0.8613219857215881
7171,0.0002878583618439,0.0225128978490829,0.0918666794896125,0.8853325247764587
7172,0.0034118853509426,0.1696122735738754,0.4264051914215088,0.4005706012248993
7173,0.0007069237180985,0.0597797743976116,0.2764188647270202,0.6630944013595581
7174,0.0010428809328004,0.0615661405026912,0.2217081934213638,0.715682864189148
7175,0.0011648053769022,0.1346331983804702,0.4924678206443786,0.3717342019081116
7176,0.0002040564868366,0.0169881600886583,0.0977601036429405,0.8850477337837219
7177,0.0001377404405502,0.0106054274365305,0.0639589130878448,0.9252979755401612
7178,0.0005035122158005,0.0270646307617425,0.1037493348121643,0.8686825037002563
7179,0.0010986068518832,0.0929017886519432,0.2906639873981476,0.6153356432914734
7180,0.0022649217862635,0.3309327661991119,0.5542080998420715,0.1125942096114158
7181,9.615912131266668e-05,0.0064325691200792,0.0387933552265167,0.954677939414978
7182,0.0014266233192756,0.0803635269403457,0.2761475741863251,0.6420623064041138
7183,6.022059824317694e-05,0.0044243978336453,0.0250659231096506,0.9704493880271912
7184,0.0011849835282191,0.088431566953659,0.3337372243404388,0.5766462087631226
7185,3.466185080469586e-05,0.0025071192067116,0.0171330515295267,0.9803252816200256
7186,0.0043116090819239,0.4329777061939239,0.4983542561531067,0.0643563866615295
7187,0.001111164689064,0.1031989455223083,0.3956020474433899,0.5000877976417542
7188,0.0005642699543386,0.0383412949740886,0.1540307849645614,0.807063639163971
7189,0.0001862540811998,0.010491931810975,0.0448682978749275,0.9444535374641418
7190,0.0019579641520977,0.1630049049854278,0.4500709474086761,0.384966105222702
7191,0.0001694987731752,0.0181190781295299,0.0949371829628944,0.8867743015289307
7192,0.0006129174726083,0.164716362953186,0.5317109227180481,0.3029597401618957
7193,4.148168591200374e-05,0.0041010654531419,0.0232341177761554,0.9726232290267944
7194,0.0004420554905664,0.0503025166690349,0.2762151658535003,0.6730402708053589
7195,0.0005780156934633,0.04450473934412,0.1903226524591446,0.764594554901123
7196,0.0030095176771283,0.1643141061067581,0.4130856394767761,0.4195907711982727
7197,6.590977136511356e-05,0.0045489962212741,0.0283048022538423,0.967080295085907
7198,0.00112231366802,0.1109569519758224,0.3417714834213257,0.5461492538452148
7199,0.0001529214496258,0.0213205013424158,0.1134706363081932,0.8650559186935425
7200,3.734746860573068e-05,0.0027871227357536,0.0202749241143465,0.976900577545166
7201,9.218548075295983e-05,0.0063625061884522,0.0343953855335712,0.9591498970985411
7202,7.941064541228116e-05,0.0071483189240098,0.0417835302650928,0.95098876953125
7203,0.0010539506329223,0.1144394278526306,0.4318898916244507,0.4526167213916778
7204,8.524935401510447e-05,0.0108219357207417,0.0739545151591301,0.915138304233551
7205,0.0013692716602236,0.0915974974632263,0.300336629152298,0.6066966652870178
7206,0.0023417954798787,0.1220026761293411,0.3699685037136078,0.5056869983673096
7207,7.470056152669713e-05,0.009335808455944,0.0819191113114357,0.9086703062057496
7208,0.0019784856121987,0.1780976206064224,0.507352888584137,0.3125710487365722
7209,0.0016965419054031,0.247885525226593,0.6135225296020508,0.1368953883647918
7210,0.0005898897652514,0.0506685450673103,0.2270806729793548,0.7216609120368958
7211,0.0010602611582726,0.354608803987503,0.5755869150161743,0.0687440559267997
7212,0.0002820354420691,0.0163917392492294,0.0599584951996803,0.92336767911911
7213,0.0013488767435774,0.137589156627655,0.4238044619560241,0.4372574687004089
7214,0.0005361345247365,0.028371350839734,0.1021691560745239,0.8689233064651489
7215,0.0018587977392598,0.1956211477518081,0.4995360970497131,0.3029839694499969
7216,2.734594272624236e-05,0.0026203631423413,0.0196669157594442,0.9776853919029236
7217,0.0001462433865526,0.013164410367608,0.0637929067015647,0.922896444797516
7218,6.62683742120862e-05,0.0043642991222441,0.023227397352457,0.9723419547080994
7219,0.0005289670079946,0.0714802220463752,0.310495913028717,0.6174948811531067
7220,0.0004435460432432,0.0466790907084941,0.2226934880018234,0.7301838994026184
7221,0.000654514064081,0.0744786635041236,0.3390466868877411,0.5858201384544373
7222,0.0002791537262964,0.0371376946568489,0.2618462443351745,0.7007368803024292
7223,0.0033480084966868,0.2459776401519775,0.496888518333435,0.2537858486175537
7224,7.868144894018769e-05,0.0081521132960915,0.0641213357448577,0.927647829055786
7225,0.0027695375028997,0.1106287911534309,0.2695638537406921,0.617037832736969
7226,0.0003168049734085,0.0441693477332592,0.2314308583736419,0.7240830659866333
7227,9.985961514757946e-05,0.010842896066606,0.0577073767781257,0.9313498735427856
7228,4.717643969343044e-05,0.0035206275060772,0.0202598124742507,0.9761724472045898
7229,0.000114380098239,0.0109602138400077,0.0620938427746295,0.926831603050232
7230,0.0004673724761232,0.0327653400599956,0.1217380166053772,0.8450292348861694
7231,7.166262366808951e-05,0.0074248993769288,0.0499533228576183,0.9425500631332396
7232,0.0004582030815072,0.0292478818446397,0.102085143327713,0.8682087659835815
7233,0.0002112835645675,0.0162679329514503,0.0813345462083816,0.902186155319214
7234,0.0001306220947299,0.0141831282526254,0.0803528949618339,0.9053332805633544
7235,0.0009020608267746,0.0964284911751747,0.3813820481300354,0.5212874412536621
7236,6.083974221837707e-05,0.005921637173742,0.0437553152441978,0.9502622485160828
7237,0.0198370423167943,0.5196606516838074,0.3984376788139343,0.0620646178722381
7238,7.026679668342695e-05,0.0064248233102262,0.039976593106985,0.9535282850265504
7239,6.926869536982849e-05,0.0085227387025952,0.06599722802639,0.9254107475280762
7240,0.0002248960081487,0.0240409299731254,0.1543361246585846,0.8213980197906494
7241,0.0032493055332452,0.1640738099813461,0.3935925662517547,0.4390842616558075
7242,0.0010034856386482,0.0976709872484207,0.3304167091846466,0.5709088444709778
7243,0.0021229332778602,0.2165450751781463,0.5359542369842529,0.2453777343034744
7244,0.0056599457748234,0.2522168755531311,0.493816614151001,0.2483065873384475
7245,0.0006013007950969,0.0585256405174732,0.227884754538536,0.7129882574081421
7246,3.530052345013246e-05,0.0023614303208887,0.0146933123469352,0.982909858226776
7247,0.0011444553965702,0.1185759902000427,0.4914837777614593,0.3887957036495209
7248,0.0001086289339582,0.008234292268753,0.039902240037918,0.9517548084259032
7249,0.0002451134496368,0.0311158020049333,0.202900543808937,0.7657386064529419
7250,0.0001481468934798,0.0206548273563385,0.1411501318216323,0.8380469083786011
7251,0.0001367268705507,0.0158034786581993,0.0938295722007751,0.8902301788330078
7252,0.0034704925492405,0.1620729267597198,0.407451331615448,0.4270052909851074
7253,6.653688615188003e-05,0.0065781343728303,0.0471107438206672,0.9462445974349976
7254,0.0018427588511258,0.7551292181015015,0.2376119345426559,0.0054161692969501
7255,0.0010415376164019,0.0753352344036102,0.3122559189796448,0.6113673448562622
7256,6.912589742569253e-05,0.005078668706119,0.0270293727517128,0.9678229093551636
7257,0.0018168479437008,0.107257030904293,0.3462299406528473,0.5446961522102356
7258,0.0005540224374271,0.0483371242880821,0.2067116349935531,0.7443972229957581
7259,0.0003727915463969,0.0424208119511604,0.1814108043909073,0.775795578956604
7260,0.001237642718479,0.2215633243322372,0.5657817721366882,0.2114172279834747
7261,0.0049383933655917,0.2454982995986938,0.4882316589355469,0.2613315880298614
7262,0.0032354251015931,0.1441760659217834,0.3798533976078033,0.4727351665496826
7263,0.0002313337026862,0.0298289936035871,0.1885250657796859,0.7814146280288696
7264,0.0003656379994936,0.0449876710772514,0.2509211003780365,0.7037255764007568
7265,0.0001104493785533,0.0078650349751114,0.0393227003514766,0.9527018070220948
7266,0.0018719258951023,0.237630695104599,0.6163671016693115,0.1441303044557571
7267,0.0055606691166758,0.3181723952293396,0.5005554556846619,0.1757114976644516
7268,0.0007324559264816,0.0393707379698753,0.1440121829509735,0.8158845901489258
7269,7.428479875670746e-05,0.0056309383362531,0.0324038118124008,0.961890995502472
7270,0.0001427694223821,0.0118858739733695,0.0728098079562187,0.9151615500450134
7271,0.0010613986523821,0.1152481436729431,0.4349419474601745,0.4487484991550445
7272,0.0001333436812274,0.0154124330729246,0.0886924341320991,0.8957618474960327
7273,0.0002356172190047,0.0196156632155179,0.1060412675142288,0.8741074204444885
7274,0.000138687872095,0.0113670695573091,0.0568317733705043,0.9316624999046326
7275,0.0002032865595538,0.0142514882609248,0.0758483856916427,0.9096968173980712
7276,0.0017313288990408,0.1375364810228347,0.4236422181129455,0.4370900690555572
7277,6.984788342379034e-05,0.0057248384691774,0.0314355492591857,0.9627698659896852
7278,0.0001112338213715,0.0095544243231415,0.0603858157992363,0.9299485087394714
7279,0.0001303022290812,0.010351188480854,0.0577342845499515,0.931784212589264
7280,0.0151966754347085,0.2304022461175918,0.3919274508953094,0.3624736070632934
7281,0.0003554007853381,0.0687939450144767,0.3897442817687988,0.5411063432693481
7282,0.0003149042604491,0.0174639448523521,0.0723860412836074,0.9098351001739502
7283,0.0002555149840191,0.0237308479845523,0.1262988299131393,0.8497148156166077
7284,0.0011677930597215,0.0689402744174003,0.2444145083427429,0.6854774355888367
7285,9.911382221616805e-05,0.0053275353275239,0.0258164945989847,0.9687568545341492
7286,0.000465873919893,0.0759374350309372,0.2777676284313202,0.6458290219306946
7287,0.00014611062943,0.0140007203444838,0.0780897438526153,0.907763421535492
7288,0.0001027317121042,0.0081609906628727,0.0484540313482284,0.9432822465896606
7289,0.005480398889631,0.3087179362773895,0.463440477848053,0.2223611623048782
7290,0.0002303247747477,0.0254028160125017,0.1461831182241439,0.8281837701797485
7291,0.0001178564125439,0.0090744411572813,0.0506131686270237,0.9401944875717164
7292,0.0004730101209133,0.2955569326877594,0.6557217240333557,0.0482483431696891
7293,0.0011000422528013,0.0944880694150924,0.3855703175067901,0.518841564655304
7294,0.000197428104002,0.0147334327921271,0.05918949842453,0.9258795976638794
7295,0.0003275860217399,0.0290311779826879,0.1222258359193801,0.8484153747558594
7296,0.0001628058234928,0.0142044173553586,0.0646622702479362,0.9209704995155334
7297,0.0006580971530638,0.0809715092182159,0.3985557556152344,0.519814670085907
7298,0.0020319062750786,0.1718246340751648,0.5292571187019348,0.2968863248825073
7299,0.0011171035002917,0.1396115869283676,0.502760648727417,0.3565106689929962
7300,6.616125756409019e-05,0.004860857501626,0.0243027582764625,0.9707702398300172
7301,0.0006560628535225,0.0734974965453147,0.3293929100036621,0.5964535474777222
7302,0.0018206711392849,0.1256600469350814,0.4056355953216553,0.4668837189674377
7303,0.0002160919102607,0.0156300999224185,0.0757412984967231,0.908412516117096
7304,0.0008760595228523,0.0706899687647819,0.2884592413902282,0.6399747729301453
7305,0.0101981936022639,0.2285112589597702,0.4073653817176819,0.3539251685142517
7306,0.0023807568941265,0.1722020506858825,0.4829525649547577,0.3424646258354187
7307,0.0012995358556509,0.1675668358802795,0.5081401467323303,0.322993516921997
7308,0.0002382235106779,0.0207844283431768,0.108902633190155,0.8700747489929199
7309,0.0003255534975323,0.0258619170635938,0.1038966327905654,0.8699158430099487
7310,0.0008277092128992,0.058940690010786,0.1993937790393829,0.7408377528190613
7311,0.00013203585695,0.0195958595722913,0.1339133977890014,0.8463587164878845
7312,0.0002163957251468,0.0213938485831022,0.1103578582406044,0.8680318593978882
7313,0.0001348358637187,0.0110513539984822,0.0687638372182846,0.9200499653816224
7314,0.001432643039152,0.1394416242837906,0.4362742602825165,0.4228515028953552
7315,0.0005237889708951,0.0559919886291027,0.3026898503303528,0.6407943964004517
7316,0.0042167883366346,0.1793023943901062,0.3795831799507141,0.4368975758552551
7317,0.0025471108965575,0.3900246024131775,0.5008015036582947,0.1066267862915992
7318,0.0009804283035919,0.0720319077372551,0.2218738943338394,0.7051138281822205
7319,0.0012553702108561,0.1520646065473556,0.4986006617546081,0.3480793535709381
7320,0.0014099612599238,0.1372339576482772,0.4642564952373504,0.3970996439456939
7321,0.0048022968694567,0.2581315636634826,0.5296515822410583,0.2074145376682281
7322,7.489529525628313e-05,0.0077598332427442,0.052206702530384,0.93995863199234
7323,0.0072278911247849,0.1953557729721069,0.426696240901947,0.3707201182842254
7324,7.353219552896917e-05,0.0049189398996531,0.0278676934540271,0.9671397805213928
7325,0.0001496891782153,0.0103313270956277,0.0448772422969341,0.9446417689323424
7326,7.305606413865462e-05,0.0066798590123653,0.0323696695268154,0.9608774185180664
7327,0.0001619491231394,0.0196171067655086,0.1060490757226944,0.8741718530654907
7328,5.571014480665326e-05,0.0041574710048735,0.0250727590173482,0.970714032649994
7329,0.0007553119794465,0.0833043381571769,0.3193381726741791,0.596602201461792
7330,0.0002327299152966,0.0170986298471689,0.0778374969959259,0.9048311114311218
7331,5.593653622781858e-05,0.0054443995468318,0.0349515415728092,0.9595481753349304
7332,0.0001567090512253,0.0221926383674144,0.1317637711763382,0.8458868861198425
7333,0.0005517717800103,0.0330866277217865,0.1392998993396759,0.8270615935325623
7334,0.0012648185947909,0.1103523820638656,0.4164655208587646,0.4719172716140747
7335,0.0001226245512953,0.0100504951551556,0.0708628967404365,0.9189640283584596
7336,0.0008108598412945,0.0644145756959915,0.2842104136943817,0.6505641341209412
7337,0.0002916004741564,0.0239000227302312,0.133303627371788,0.8425047993659973
7338,0.000353384995833,0.0236397087574005,0.1026862114667892,0.8733206987380981
7339,0.0040186010301113,0.2565141916275024,0.5022303462028503,0.2372368276119232
7340,0.0013148450525477,0.1259920448064804,0.4397554695606231,0.4329377114772796
7341,0.0024315461050719,0.1652199029922485,0.4421513676643371,0.390197217464447
7342,0.0015414719237014,0.1809757053852081,0.5662229061126709,0.2512598931789398
7343,0.0015942119061946,0.1208444908261299,0.3607749938964844,0.5167863368988037
7344,0.0001683706359472,0.018862247467041,0.1137539073824882,0.8672154545783997
7345,0.0015544856432825,0.1294143944978714,0.4243335127830505,0.4446976780891418
7346,0.0009451551595702,0.1317747235298156,0.5461910367012024,0.3210891187191009
7347,0.0007697093533352,0.1023995950818061,0.4379075169563293,0.4589231312274933
7348,0.0011757353786379,0.1564159542322158,0.5721457600593567,0.2702625393867492
7349,0.0004475310561247,0.0517275556921958,0.2110807448625564,0.7367441654205322
7350,0.00012600509217,0.0085618561133742,0.0470138378441333,0.9442982077598572
7351,0.0024243968073278,0.3433353900909424,0.5660643577575684,0.0881758257746696
7352,0.0004028398834634,0.0374135822057724,0.1368531882762909,0.8253304362297058
7353,0.0015313694020733,0.1422252804040908,0.5042324066162109,0.3520109355449676
7354,0.0003377044340595,0.0415507592260837,0.1982275992631912,0.7598839998245239
7355,5.9599791711661965e-05,0.0038043563254177,0.0205661579966545,0.9755699634552002
7356,0.0002149819192709,0.0153087358921766,0.0664981231093406,0.9179782271385192
7357,0.000102048550616,0.0123612731695175,0.0793559402227401,0.9081807136535645
7358,0.0017250609816983,0.0884787514805793,0.2560217380523681,0.6537744402885437
7359,0.0010117245838046,0.104823850095272,0.4018309116363525,0.4923335313796997
7360,0.0012909150682389,0.1198932081460952,0.4668352305889129,0.4119806289672851
7361,0.0015546698123216,0.2201673835515976,0.5364713072776794,0.2418065816164016
7362,0.0015477668493986,0.2091524004936218,0.586582362651825,0.2027174532413482
7363,0.0004171803884673,0.0270486883819103,0.1310741901397705,0.8414599895477295
7364,0.0002686766092665,0.0188356824219226,0.0733416154980659,0.907554030418396
7365,0.0008060018299147,0.1334471851587295,0.519611120223999,0.346135675907135
7366,0.0006061436724849,0.0496804639697074,0.1964900493621826,0.7532232999801636
7367,0.00032046623528,0.0347966700792312,0.185192659497261,0.7796902060508728
7368,0.0003687404387164,0.0292926803231239,0.1534826606512069,0.8168558478355408
7369,0.0006668113055638,0.1053461730480194,0.3914085328578949,0.5025784969329834
7370,0.0026711081154644,0.1435765475034713,0.3902815580368042,0.4634707868099212
7371,0.0001247766776941,0.0158397126942873,0.1326242983341217,0.8514112830162048
7372,0.0002126900799339,0.0158723853528499,0.0757229179143905,0.908191978931427
7373,0.0012178242905065,0.0802034065127372,0.2470438927412033,0.6715348362922668
7374,0.0001962070382433,0.016853192821145,0.091107502579689,0.8918430805206299
7375,0.0006594532169401,0.052386850118637,0.2008193433284759,0.746134340763092
7376,4.429118416737765e-05,0.0045178239233791,0.0349845103919506,0.9604533314704896
7377,3.275846393080428e-05,0.0018743859836831,0.0118464846163988,0.9862463474273682
7378,0.0024280974175781,0.1783919334411621,0.4415242671966553,0.3776557445526123
7379,0.0002100094716297,0.0125930802896618,0.0619853064417839,0.9252115488052368
7380,0.0004241912974976,0.087405152618885,0.4951839447021484,0.4169867038726806
7381,0.0018752272007986,0.1215839385986328,0.3804024755954742,0.4961383640766144
7382,0.0011026058346033,0.084895946085453,0.3154267370700836,0.598574697971344
7383,0.0024012837093323,0.2607347369194031,0.5519753694534302,0.1848886013031005
7384,0.0002653357805684,0.0279241185635328,0.1557482331991195,0.8160623908042908
7385,0.000617352547124,0.0582392774522304,0.3051519989967346,0.6359913945198059
7386,0.0001567282160976,0.0134621625766158,0.0716474801301956,0.9147336483001708
7387,8.625781629234552e-05,0.0063373479060828,0.0382191017270088,0.9553572535514832
7388,0.0022381325252354,0.2078656256198883,0.5391623973846436,0.2507338225841522
7389,0.0003689281875267,0.0271050967276096,0.1293111890554428,0.8432148098945618
7390,0.000581957749091,0.0622101128101348,0.2578537464141845,0.6793541312217712
7391,0.0001288782659685,0.0125439446419477,0.065725564956665,0.9216015338897704
7392,0.0001071214574039,0.0156517550349235,0.0886732339859008,0.8955678939819336
7393,0.0001486865367041,0.013384336605668,0.0770215317606926,0.9094455242156982
7394,0.00022904034995,0.0216070134192705,0.1014831736683845,0.8766807913780212
7395,0.0005695240106433,0.1309146583080291,0.5342135429382324,0.3343023061752319
7396,0.0001574852067278,0.0146263716742396,0.0803145766258239,0.9049016237258912
7397,0.0007380169117823,0.0936871916055679,0.4069586396217346,0.4986161291599273
7398,4.0686376451049e-05,0.0038986797444522,0.0270622037351131,0.9689984321594238
7399,0.0003205751418136,0.0370534472167491,0.2066675424575805,0.7559584379196167
7400,0.0009251126321032,0.0958500728011131,0.3850642442703247,0.5181605815887451
7401,0.0015957575524225,0.1307907253503799,0.3966180086135864,0.4709955155849457
7402,0.0002981233410537,0.0264201499521732,0.1384316980838775,0.834850013256073
7403,0.0013259365223348,0.3508097231388092,0.5266277194023132,0.1212365925312042
7404,0.0002615120611153,0.0195158161222934,0.110564611852169,0.8696581125259399
7405,0.0001880095805972,0.0191774982959032,0.0989250615239143,0.8817095160484314
7406,0.0044606872834265,0.3078701198101043,0.4919750094413757,0.1956941485404968
7407,0.0013615981442853,0.0666386038064956,0.1928252130746841,0.7391745448112488
7408,0.000468347716378,0.0508538447320461,0.224377691745758,0.7243000864982605
7409,0.0008119666017591,0.0625179558992385,0.2322824299335479,0.7043877243995667
7410,0.0011135812383145,0.449250727891922,0.4934053719043731,0.0562303178012371
7411,0.0005278749740682,0.0513789840042591,0.2163136005401611,0.7317795157432556
7412,4.99790403409861e-05,0.0044989702291786,0.0239441357553005,0.9715069532394408
7413,0.0006845374591648,0.0397849231958389,0.1728178411722183,0.7867127060890198
7414,0.0085754534229636,0.2281843423843383,0.4609450399875641,0.3022951483726501
7415,0.0006744662532582,0.0458289645612239,0.2022068947553634,0.7512897253036499
7416,0.0004878639010712,0.04391610622406,0.2128113657236099,0.7427846789360046
7417,0.0025447206571698,0.1411249786615371,0.4147893488407135,0.4415409564971924
7418,0.0002656000142451,0.0235378835350275,0.146457627415657,0.829738974571228
7419,0.000835460727103,0.0663688629865646,0.2624939382076263,0.6703017354011536
7420,0.0001097096392186,0.0067874952219426,0.0318793021142482,0.9612234830856324
7421,0.0011005812557414,0.3567689955234527,0.5974756479263306,0.0446548759937286
7422,0.0053493380546569,0.3207694888114929,0.5125882029533386,0.161293014883995
7423,0.000208311350434,0.0173423867672681,0.0789471417665481,0.9035022258758544
7424,0.0017463971162214,0.1263183057308197,0.3952149748802185,0.476720243692398
7425,0.0003135204315185,0.0397996976971626,0.1728820204734802,0.787004828453064
7426,0.00172686483711,0.2158173620700836,0.5597876310348511,0.2226681411266327
7427,0.0023640622384846,0.1311060339212417,0.4298801720142364,0.4366497695446014
7428,0.0020466013811528,0.3133843839168548,0.5674658417701721,0.1171031892299652
7429,0.0021147003863006,0.2026364058256149,0.5508227944374084,0.2444261312484741
7430,0.0002341272193007,0.0288067385554313,0.1291028559207916,0.8418563008308411
7431,0.0005977051332592,0.0446048341691494,0.1764155328273773,0.7783818244934082
7432,0.0001896873727673,0.011553599499166,0.0559871383011341,0.93226957321167
7433,0.000261370500084,0.0217596814036369,0.1087915673851966,0.8691873550415039
7434,0.0013082814402878,0.1089173629879951,0.3861455917358398,0.5036287903785706
7435,0.0004845145158469,0.0560022629797458,0.2285242080688476,0.7149889469146729
7436,0.0001100878289435,0.0097561543807387,0.0552723743021488,0.9348613619804382
7437,0.0005216672434471,0.0469589866697788,0.1946396082639694,0.7578796744346619
7438,0.0002652079856488,0.0250189639627933,0.1331543624401092,0.8415614366531372
7439,6.079920058255084e-05,0.0048298789188265,0.0305257700383663,0.964583456516266
7440,0.0011573955416679,0.0774240419268608,0.2832053601741791,0.6382131576538086
7441,0.0010854105930775,0.1023945435881614,0.3254091441631317,0.5711109042167664
7442,0.0002551776124164,0.0196475889533758,0.1045671626925468,0.8755301237106323
7443,0.0001113952821469,0.0132842576131224,0.0839590951800346,0.9026453495025636
7444,0.0026194239035248,0.4405193924903869,0.4838158786296844,0.0730452761054039
7445,0.000764857570175,0.0721544697880745,0.3134247660636902,0.6136558651924133
7446,0.001134893624112,0.0820877626538276,0.319629967212677,0.5971473455429077
7447,0.0002908396127168,0.0242130514234304,0.1085153669118881,0.8669807314872742
7448,0.0009686454432085,0.0647975876927375,0.2483945339918136,0.6858392953872681
7449,0.0076028304174542,0.2852941155433655,0.4630780518054962,0.2440249919891357
7450,9.434082312509418e-05,0.0087618641555309,0.0545181483030319,0.9366257190704346
7451,0.0011204282054677,0.1295039057731628,0.4887426197528839,0.3806331157684326
7452,0.000663825427182,0.0570192448794841,0.2476803213357925,0.6946365833282471
7453,0.0006318390369415,0.0741807222366333,0.2843637764453888,0.6408236622810364
7454,6.861358997412026e-05,0.0053661484271287,0.033915102481842,0.9606502056121826
7455,0.0004931524745188,0.0351171009242534,0.1525417268276214,0.8118480443954468
7456,0.0006109198438934,0.0632968544960022,0.3067277669906616,0.6293644905090332
7457,0.0014680312015116,0.4134543836116791,0.5226553082466125,0.0624222755432128
7458,0.0006304898415692,0.0965433269739151,0.3643507063388824,0.5384753942489624
7459,0.0008288910612463,0.0858806446194648,0.3789231479167938,0.5343673229217529
7460,0.000274531339528,0.0353990569710731,0.1586475521326065,0.8056788444519043
7461,0.00412268191576,0.1262645125389099,0.3125076591968536,0.5571051239967346
7462,0.0012779682874679,0.0968725755810737,0.3176329731941223,0.5842164754867554
7463,0.0012798905372619,0.0955141633749008,0.3181107342243194,0.5850951671600342
7464,0.0003471016825642,0.0259030982851982,0.1024487391114234,0.8713010549545288
7465,0.000210617785342,0.0180910024791955,0.0823550522327423,0.8993432521820068
7466,0.0016975827747955,0.1786548048257827,0.5250956416130066,0.2945519387722015
7467,0.0021121946629136,0.3840806484222412,0.5416405200958252,0.072166621685028
7468,4.040759813506156e-05,0.0046704835258424,0.0329301133751869,0.9623589515686036
7469,0.0005249222158454,0.040416769683361,0.1598514318466186,0.7992068529129028
7470,0.0007771723321639,0.0857153385877609,0.289971262216568,0.6235361695289612
7471,0.0021520059090107,0.1331398785114288,0.3852530121803283,0.4794551134109497
7472,0.001182006439194,0.0924426317214965,0.3488748967647552,0.5575004816055298
7473,0.000273516314337,0.027466882020235,0.131037175655365,0.84122234582901
7474,0.0015398159157484,0.0840710923075676,0.2321277409791946,0.6822613477706909
7475,0.0052429316565394,0.2229350954294204,0.457433134317398,0.3143889009952545
7476,1.9498369510984048e-05,0.0017279756721109,0.0151625052094459,0.9830899238586426
7477,4.231153798173182e-05,0.0044528958387672,0.0339471399784088,0.961557686328888
7478,0.0011247755028307,0.0981339588761329,0.3533939719200134,0.5473472476005554
7479,0.0001231164351338,0.0109107689931988,0.0806202813982963,0.9083458781242372
7480,0.0005679352907463,0.0779546424746513,0.3083166182041168,0.6131607890129089
7481,0.0002879774547182,0.0236030742526054,0.1041416451334953,0.8719673156738281
7482,0.0001500850339652,0.014838078059256,0.0952563509345054,0.8897555470466614
7483,0.0001847906096372,0.0171623509377241,0.0885301455855369,0.8941227793693542
7484,0.0005393008468672,0.0448979958891868,0.1832118779420852,0.7713508009910583
7485,0.0016503457445651,0.1121385097503662,0.3676879703998565,0.5185232162475586
7486,0.0002865635324269,0.0262018479406833,0.1192777678370475,0.8542338609695435
7487,0.0010127576533704,0.1082617565989494,0.4557990133762359,0.4349264800548553
7488,0.001046629040502,0.1067590713500976,0.4565505981445312,0.4356436431407928
7489,0.0021802701521664,0.4563219845294952,0.4934017360210418,0.0480959825217723
7490,3.000884316861629e-05,0.0024983030743896,0.0205937344580888,0.9768780469894408
7491,0.0018347249133512,0.181389108300209,0.4778966605663299,0.3388794660568237
7492,0.0008642333559691,0.0719493553042411,0.2758100926876068,0.6513763070106506
7493,0.0004621646367013,0.0586692579090595,0.2588609158992767,0.6820076704025269
7494,0.000779191206675,0.0648694112896919,0.2688762545585632,0.6654751300811768
7495,0.0038127144798636,0.2981857061386108,0.4993670880794525,0.1986345052719116
7496,0.0005898544914089,0.0961462557315826,0.4586881399154663,0.4445757865905761
7497,3.8387188396882266e-05,0.0035099205560982,0.0232479833066463,0.9732036590576172
7498,0.0001361770846415,0.0073197479359805,0.0338461734354496,0.9586978554725648
7499,0.0005921557894907,0.0663381069898605,0.2836920917034149,0.6493776440620422
7500,0.0006696443306282,0.1057937443256378,0.48160120844841,0.4119353592395782
7501,0.0013842399930581,0.1991187334060669,0.5005844235420227,0.2989126145839691
7502,0.0020394318271428,0.2713192701339721,0.5312173366546631,0.1954239606857299
7503,0.0005828114808537,0.05852672457695,0.2278889715671539,0.7130014896392822
7504,0.0002651413378771,0.0258066654205322,0.1193288043141365,0.8545993566513062
7505,4.382080442155712e-05,0.0029313950799405,0.0166074838489294,0.9804173707962036
7506,0.0017905321437865,0.1537976711988449,0.4811903238296509,0.3632214963436126
7507,0.0023507003206759,0.2633445858955383,0.5842554569244385,0.1500492244958877
7508,0.0042883204296231,0.2131817638874054,0.4956624507904053,0.2868674099445343
7509,0.0023733349516987,0.2458990663290023,0.5541421175003052,0.1975854635238647
7510,0.0001086384436348,0.0087661258876323,0.0392870567739009,0.951838195323944
7511,0.0004560746310744,0.0335077345371246,0.1284482777118683,0.8375878930091858
7512,0.0022337350528687,0.1517789363861084,0.4461030960083008,0.3998842239379883
7513,6.420174759114161e-05,0.0044311103411018,0.0235829781740903,0.9719216227531432
7514,0.0013412368716672,0.2021919041872024,0.5942749977111816,0.2021919041872024
7515,0.0026562025304883,0.0921826958656311,0.2752067148685455,0.62995445728302
7516,0.0011972417123615,0.1077722609043121,0.4004225432872772,0.4906079471111297
7517,0.0002619382285047,0.0239502433687448,0.131512701511383,0.8442751169204712
7518,6.520816532429308e-05,0.0045005725696682,0.0235813111066818,0.971852958202362
7519,0.0002973545342683,0.0157355088740587,0.0694283246994018,0.9145388007164
7520,0.0001192625786643,0.0119765102863311,0.0657639801502227,0.9221401810646056
7521,0.0013934930320829,0.2417885363101959,0.6078563332557678,0.14896160364151
7522,7.445870141964406e-05,0.0070242211222648,0.0437061786651611,0.949195146560669
7523,6.030617078067735e-05,0.0073049641214311,0.0507065020501613,0.9419282674789428
7524,0.0002906077424995,0.0380620993673801,0.2090020477771759,0.7526452541351318
7525,0.0004796820867341,0.0270211081951856,0.1052136793732643,0.8672855496406555
7526,5.6533783208578825e-05,0.0047065643593668,0.0254434440284967,0.9697934985160828
7527,0.0002399073418928,0.0272996108978986,0.1620852500200271,0.8103752732276917
7528,0.0014905855059623,0.1078152433037757,0.3168866038322449,0.5738075375556946
7529,0.0001793182746041,0.0123762842267751,0.0638417303562164,0.9236027598381042
7530,0.0014736864250153,0.3605992197990417,0.5762358903884888,0.0616912469267845
7531,0.0014614907559007,0.4812235534191131,0.496499240398407,0.0208156891167163
7532,0.0016242824494838,0.1819653213024139,0.5432481169700623,0.273162305355072
7533,0.0031891632825136,0.3462837934494018,0.5363348126411438,0.1141922697424888
7534,0.0065376544371247,0.2779881358146667,0.4955674409866333,0.2199067175388336
7535,0.0021999629680067,0.1278605908155441,0.3642409443855285,0.5056984424591064
7536,0.000225100418902,0.0215697418898344,0.1166049093008041,0.8616002202033997
7537,0.0002474929497111,0.0244682636111974,0.1522466540336609,0.8230375647544861
7538,0.0002138167328666,0.0195502676069736,0.1090426370501518,0.8711932897567749
7539,0.0001187707821372,0.01036246586591,0.0854187086224556,0.9041001200675964
7540,0.0013623253908008,0.195966362953186,0.6036189198493958,0.199052408337593
7541,0.0009360619587823,0.0804030001163482,0.2762832045555115,0.6423776745796204
7542,0.0014333365252241,0.095883123576641,0.2774470150470733,0.6252365112304688
7543,0.0008996723336167,0.1234887838363647,0.4378057718276977,0.4378057718276977
7544,0.0032971759792417,0.3259736001491546,0.5544998049736023,0.1162294670939445
7545,0.0020622005686163,0.4183312952518463,0.5046038627624512,0.0750026628375053
7546,0.0010783220641314,0.0767866820096969,0.2989888191223144,0.6231462359428406
7547,0.000259727356024,0.0230174418538808,0.1263906061649322,0.8503323197364807
7548,0.0018292056629434,0.1096871048212051,0.3485848903656006,0.5398988127708435
7549,0.0011502193519845,0.0845064297318458,0.2996013164520263,0.6147419810295105
7550,0.0038304419722408,0.5865337252616882,0.3846582174301147,0.024977620691061
7551,0.0019418415613472,0.1319452226161956,0.3758769631385803,0.4902359545230865
7552,0.0002967504260595,0.0337679162621498,0.1973810493946075,0.7685542106628418
7553,4.392188566271216e-05,0.0056634456850588,0.0418475195765495,0.9524450898170472
7554,0.0001591292675584,0.0126412054523825,0.0584523379802703,0.928747296333313
7555,0.0020494719501584,0.1529455929994583,0.4357014000415802,0.409303605556488
7556,0.0015119065064936,0.2464407235383987,0.6392185688018799,0.1128287836909294
7557,0.0030553108081221,0.1832096874713897,0.4605891108512878,0.3531459271907806
7558,0.008639215491712,0.2409132122993469,0.43623748421669,0.3142100870609283
7559,0.0045764772221446,0.2701708674430847,0.504745602607727,0.2205070257186889
7560,0.0002065455919364,0.0204200223088264,0.0974184721708297,0.8819549083709717
7561,0.0004343219043221,0.0252425409853458,0.0982883647084236,0.8760347366333008
7562,0.0001105565897887,0.0075121545232832,0.0387506373226642,0.9536266326904296
7563,0.0003721406974364,0.065587930381298,0.4017747938632965,0.5322651267051697
7564,0.0001730134681565,0.0209573432803154,0.1015563830733299,0.8773132562637329
7565,0.0002672443224582,0.0264209657907485,0.1384359747171402,0.834875762462616
7566,0.0022772653028368,0.1365547031164169,0.3770396113395691,0.4841284453868866
7567,0.0037538590840995,0.3379116356372833,0.5152537226676941,0.143080785870552
7568,0.0008366862311959,0.1095842719078064,0.4135667085647583,0.4760123789310455
7569,0.000214865693124,0.0252261944115161,0.15213343501091,0.8224255442619324
7570,0.0004572187317535,0.0374743491411209,0.1482139080762863,0.813854455947876
7571,0.0002581889275461,0.0205104853957891,0.0933691710233688,0.8858620524406433
7572,0.0009478051797486,0.7969315052032471,0.198371946811676,0.0037486427463591
7573,0.0008627266506664,0.1260549128055572,0.5561803579330444,0.3169019818305969
7574,9.661372314440086e-05,0.0098548689857125,0.06036838889122,0.929680109024048
7575,0.0008237446891143,0.0634248256683349,0.2431322336196899,0.692619264125824
7576,0.001982090761885,0.1285126358270645,0.4347526431083679,0.4347526431083679
7577,0.000156021080329,0.0144903929904103,0.0747471302747726,0.9106065034866332
7578,0.0006219294155016,0.0595949776470661,0.2470143437385559,0.6927688121795654
7579,0.0001838953903643,0.0157956853508949,0.0802171006798744,0.903803288936615
7580,0.0008963847649283,0.0973306968808174,0.3673222362995147,0.5344506502151489
7581,0.000313879630994,0.0368508733808994,0.1871441900730133,0.7756910920143127
7582,0.0026299452874809,0.2330698072910308,0.5419034957885742,0.2223967611789703
7583,0.0013101514196023,0.2699583768844604,0.6179408431053162,0.1107906922698021
7584,0.0025664267595857,0.1915242969989776,0.5045992732048035,0.3013100028038025
7585,6.058544749976136e-05,0.0048128981143236,0.0339342355728149,0.9611921906471252
7586,0.0001544703409308,0.0134771652519702,0.0706152990460395,0.9157531261444092
7587,4.978264041710645e-05,0.0054054679349064,0.0418581329286098,0.9526866674423218
7588,0.0095082120969891,0.2822465300559997,0.4303745627403259,0.2778707146644592
7589,0.0007967047276906,0.0851661413908004,0.3757705986499786,0.5382665395736694
7590,0.0010159468511119,0.0746414586901664,0.248594045639038,0.6757485866546631
7591,0.0004779795126523,0.0437039136886596,0.1811476945877075,0.7746703624725342
7592,0.0023604831658303,0.3043691515922546,0.542596697807312,0.1506736576557159
7593,3.067561556235887e-05,0.0023990857880562,0.0144683392718434,0.9831019043922424
7594,0.0003748596645891,0.0207889471203088,0.080947145819664,0.8978890180587769
7595,0.0001950471050804,0.0205268915742635,0.1199842914938926,0.8592937588691711
7596,0.0001930846774484,0.0212955605238676,0.1410512924194336,0.8374600410461426
7597,0.000118183568702,0.0104736099019646,0.0612206049263477,0.9281875491142272
7598,4.503034870140255e-05,0.0032065843697637,0.0202662386000156,0.976482093334198
7599,0.0011357360053807,0.1312732398509979,0.4877392649650574,0.3798517286777496
7600,0.0019041744526475,0.2417244762182235,0.6269855499267578,0.1293857842683792
7601,2.970422247017268e-05,0.0026324342470616,0.0151486136019229,0.9821892380714417
7602,0.0006293014157563,0.0575399845838546,0.207209438085556,0.7346212863922119
7603,0.0008353931480087,0.053324569016695,0.1981248259544372,0.7477152347564697
7604,8.293784048873931e-05,0.0058143911883234,0.0314323008060455,0.9626704454421996
7605,0.0032438386697322,0.2576900422573089,0.5287456512451172,0.2103204727172851
7606,0.0005107411416247,0.0832507833838462,0.3292632400989532,0.5869752168655396
7607,0.000349365058355,0.0233707930892705,0.0854868218302726,0.8907930254936218
7608,0.0004746591148432,0.0338001959025859,0.1468213647603988,0.8189038038253784
7609,0.0002113031223416,0.0148134930059313,0.068496897816658,0.9164783358573914
7610,0.0035907740239053,0.1117057129740715,0.2808281481266022,0.6038753986358643
7611,0.0007177349179983,0.0732109546661377,0.3130835592746734,0.6129878163337708
7612,0.0006300167297013,0.0995331779122352,0.4323524236679077,0.4674844443798065
7613,0.002445212798193,0.142114371061325,0.4176973700523376,0.437743067741394
7614,0.0003715204074978,0.0290559567511081,0.147558331489563,0.8230142593383789
7615,7.365084456978366e-05,0.0050044641830027,0.0262215174734592,0.968700349330902
7616,0.0005910460022278,0.4317680597305298,0.5458059310913086,0.02183498442173
7617,0.0005219698650762,0.0786871239542961,0.3996061980724334,0.5211847424507141
7618,0.0017113528447225,0.1402650773525238,0.4122620224952698,0.4457615315914154
7619,0.0001010581036098,0.0089559247717261,0.0484152734279632,0.942527711391449
7620,7.666748570045456e-05,0.0058115506544709,0.0319116935133934,0.962200164794922
7621,5.992322985548526e-05,0.0054790624417364,0.0437748320400714,0.9506860971450806
7622,0.001164591521956,0.081644169986248,0.2849661707878113,0.6322250366210938
7623,0.000907635258045,0.0767526030540466,0.2896613180637359,0.6326784491539001
7624,0.0030357183422893,0.2449546605348587,0.4871505200862884,0.264859139919281
7625,0.0012086890637874,0.4106172025203705,0.5110213756561279,0.0771526843309402
7626,0.0001166410802397,0.0091222934424877,0.0456085950136184,0.945152461528778
7627,0.0001058773777913,0.0092375464737415,0.0484012812376022,0.9422553181648254
7628,8.824518590699881e-05,0.0069015002809464,0.0457121357321739,0.9472981095314026
7629,0.0003307310689706,0.0681475549936294,0.4730377793312073,0.4584839344024658
7630,0.0002042335254373,0.0228799004107713,0.1316647380590438,0.8452511429786682
7631,0.0008818667265586,0.1191681697964668,0.4159377813339233,0.4640121161937713
7632,2.95195550279459e-05,0.0026572656352072,0.0212301556020975,0.9760830402374268
7633,8.599229477113113e-05,0.0069387895055115,0.040558785200119,0.9524164795875548
7634,0.0024351847823709,0.1437603384256363,0.3969350457191467,0.4568694233894348
7635,6.705302803311497e-05,0.004280109424144,0.0270511228591203,0.9686017036437988
7636,0.0005348646081984,0.0537118315696716,0.2157797664403915,0.729973554611206
7637,5.5616572353756055e-05,0.0042158486321568,0.0266449842602014,0.9690836668014526
7638,0.000483453128254,0.044900506734848,0.1832221150398254,0.771393895149231
7639,0.0001970542652998,0.0105919986963272,0.0505315996706485,0.9386792778968812
7640,0.0003067617071792,0.0312905423343181,0.1614089012145996,0.8069937229156494
7641,0.0002939394616987,0.0334480516612529,0.1808184534311294,0.7854395508766174
7642,0.001502082683146,0.1508411765098571,0.5023778676986694,0.3452789187431335
7643,0.0002285578666487,0.0170565489679574,0.0801106765866279,0.9026042222976683
7644,0.0002995786489918,0.0182469263672828,0.0884220823645591,0.8930313587188721
7645,0.0019979022908955,0.335995465517044,0.562686562538147,0.0993200689554214
7646,0.0011938596144318,0.0774061605334281,0.2421824783086776,0.679217517375946
7647,0.0013632295886054,0.205507293343544,0.5674238204956055,0.2257056087255478
7648,0.0007117416244,0.0650778785347938,0.2871370613574981,0.6470733880996704
7649,0.0016685833688825,0.1624061018228531,0.4699375927448272,0.3659877777099609
7650,0.0030406541191041,0.1465069204568863,0.392072856426239,0.4583795964717865
7651,0.0026095150969922,0.191720649600029,0.4895758628845215,0.3160939216613769
7652,6.2057442846708e-05,0.0044190739281475,0.0262372512370347,0.9692816138267516
7653,0.0005458467639982,0.0476238168776035,0.2068684250116348,0.7449618577957153
7654,0.0001064675525412,0.0080704558640718,0.0443155243992805,0.947507619857788
7655,0.0001486805849708,0.015893654897809,0.088647685945034,0.8953099250793457
7656,0.0005671231774613,0.0543432980775833,0.2512808740139007,0.6938087344169617
7657,0.0002624020853545,0.0408128835260868,0.2241067886352539,0.7348179221153259
7658,0.0007826468790881,0.0602604672312736,0.2274206429719925,0.7115362286567688
7659,0.0001032557192957,0.0112116485834121,0.069761224091053,0.9189238548278807
7660,0.0065109501592814,0.3137151598930359,0.509209930896759,0.1705639660358429
7661,0.0019601159729063,0.3454606235027313,0.5520445108413696,0.1005347669124603
7662,0.0001788300432963,0.0174058359116315,0.0756075084209442,0.9068078398704528
7663,3.78952499886509e-05,0.0032045459374785,0.0208962652832269,0.9758613109588624
7664,7.466131501132622e-05,0.007615661714226,0.0405315980315208,0.9517780542373656
7665,0.0015297848731279,0.1159607991576194,0.3628092110157013,0.5197002291679382
7666,0.0023429952561855,0.2352867722511291,0.5733120441436768,0.189058244228363
7667,0.0022117879707366,0.2256085127592086,0.5084166526794434,0.2637630701065063
7668,0.0007239565020427,0.0786082074046135,0.3750187754631042,0.5456490516662598
7669,8.520091796526685e-05,0.0077903196215629,0.0484730005264282,0.9436514973640442
7670,0.0001537567586638,0.0156836155802011,0.1006844639778137,0.8834781050682068
7671,0.0004552147292997,0.0486615411937236,0.2358070909976959,0.7150760889053345
7672,0.0011133885709568,0.0830886587500572,0.2519632279872894,0.6638346910476685
7673,0.0010346194030717,0.088868573307991,0.374150663614273,0.5359460711479187
7674,0.0001742048916639,0.0087964823469519,0.0358951427042484,0.9551342725753784
7675,0.0004454885201994,0.0514914728701114,0.2697960138320923,0.6782671213150024
7676,0.0012028578203171,0.1001406088471412,0.3133122622966766,0.5853443145751953
7677,0.0023062827531248,0.1642290502786636,0.4394997060298919,0.3939650058746338
7678,0.0006352306809276,0.0545631125569343,0.2903923690319061,0.6544092893600464
7679,0.0008188794599846,0.0640431195497512,0.2572842836380005,0.6778537631034851
7680,0.0008837385103106,0.1557544618844986,0.5187416076660156,0.3246202170848846
7681,0.0002937360259238,0.0304337218403816,0.1594612747430801,0.8098112344741821
7682,0.0058839027769863,0.2387328892946243,0.4674162864685058,0.2879668176174164
7683,0.0001420097250957,0.0149452006444334,0.0887337476015091,0.8961790800094604
7684,0.0001052291263476,0.0088985180482268,0.0545100308954715,0.9364861845970154
7685,4.575357888825238e-05,0.0048909652978181,0.0334236845374107,0.9616395831108092
7686,0.0009164119255729,0.1517274379730224,0.5726132988929749,0.2747428715229034
7687,0.0003908631333615,0.0528180077672004,0.272456020116806,0.6743351221084595
7688,0.0006357036763802,0.0412170588970184,0.1681913286447525,0.7899559736251831
7689,0.0010849526152014,0.0946595072746276,0.3152642846107483,0.5889912247657776
7690,3.274695700383745e-05,0.0022251065820455,0.0118423225358128,0.9858998656272888
7691,0.0003498136647976,0.0345841459929943,0.2021521031856537,0.7629140019416809
7692,0.0021984919440001,0.2704998850822449,0.5133185982704163,0.2139830142259597
7693,0.0010268087498843,0.090997390449047,0.3328545987606048,0.5751211643218994
7694,0.0008557650144211,0.0554851591587066,0.1656480729579925,0.778010904788971
7695,7.39881070330739e-05,0.006979826837778,0.0348969399929046,0.9580492377281188
7696,6.621846841881052e-05,0.0086729070171713,0.0785180926322937,0.9127427339553832
7697,4.723303209175356e-05,0.0043187378905713,0.0334428586065769,0.9621912240982056
7698,0.0015710927546024,0.1577712744474411,0.5013960599899292,0.3392615914344787
7699,0.0002586110786069,0.0272164102643728,0.1258473992347717,0.8466776609420776
7700,0.0001536610507173,0.0169474780559539,0.0860663950443267,0.8968324065208435
7701,0.0004178595554549,0.072503887116909,0.4238014817237854,0.5032767057418823
7702,0.0018257809570059,0.124059073626995,0.4131797850131988,0.4609353840351105
7703,0.0005888471496291,0.0771237537264823,0.2865495085716247,0.6357378363609314
7704,0.0013318720739334,0.1856912970542907,0.5631018877029419,0.2498749494552612
7705,0.0004131535242777,0.0343959592282772,0.1318531930446624,0.8333377838134766
7706,0.000261677254457,0.0337416045367717,0.2099473178386688,0.7560493350028992
7707,0.0009962955955415,0.1783572733402252,0.6422892212867737,0.1783572733402252
7708,0.000269922951702,0.0254637598991394,0.1177432313561439,0.8565230965614319
7709,5.748934199800715e-05,0.0043578087352216,0.0246886685490608,0.9708959460258484
7710,0.0020857311319559,0.1709497272968292,0.4869904518127441,0.3399741053581238
7711,0.0002322931104572,0.0277017243206501,0.1497541069984436,0.8223118782043457
7712,0.0007165083661675,0.0968230068683624,0.4477050900459289,0.4547553956508636
7713,0.0001572161418152,0.0088561857119202,0.044278148561716,0.9467085003852844
7714,0.0003748430754058,0.0359184890985488,0.1713575273752212,0.7923491597175598
7715,0.001325556775555,0.1103555560111999,0.3618419468402862,0.5264769196510315
7716,0.0008926906739361,0.0731662958860397,0.3228248357772827,0.6031162142753601
7717,0.0005315078888088,0.0409238375723362,0.1618569195270538,0.796687662601471
7718,0.0001337880967184,0.0162059236317873,0.0849129781126976,0.8987473249435425
7719,0.0037725351285189,0.1604122966527938,0.3788431584835052,0.456972062587738
7720,0.0030956696718931,0.2617799639701843,0.4967710375785827,0.2383533418178558
7721,0.0002049577014986,0.0184497069567441,0.1061707288026809,0.8751745820045471
7722,0.0002715741575229,0.0252223350107669,0.1261037439107895,0.8484022617340088
7723,0.0001121097957366,0.0089059844613075,0.0537099577486515,0.9372718930244446
7724,0.0017512901686131,0.1066687032580375,0.3665381968021393,0.5250417590141296
7725,9.82518686214462e-05,0.0072185494937002,0.0323512926697731,0.960331916809082
7726,8.12509679235518e-05,0.0092457355931401,0.0622035712003707,0.92846941947937
7727,0.0014913091436028,0.2283556461334228,0.5923094749450684,0.1778435558080673
7728,0.0020344546064734,0.3585624396800995,0.5382659435272217,0.1011371687054634
7729,7.289383211173117e-05,0.0062612113542854,0.0349222347140312,0.9587436318397522
7730,0.0006403924198821,0.0441989414393901,0.2075922489166259,0.7475684285163879
7731,0.0002514072693884,0.0128947328776121,0.0686275362968444,0.9182263016700744
7732,0.0002334651217097,0.0197425764054059,0.1002610623836517,0.8797628879547119
7733,0.0003013441746588,0.0370770320296287,0.1942697614431381,0.7683518528938293
7734,0.0029858932830393,0.1309936642646789,0.3397717177867889,0.5262486934661865
7735,0.0003304728306829,0.0342399887740612,0.1487317234277725,0.8166978359222412
7736,0.0001350629754597,0.0153691293671727,0.0912507250905036,0.8932450413703918
7737,0.001064863638021,0.0914664193987846,0.3293831646442413,0.5780854821205139
7738,0.0001742464810376,0.0156851690262556,0.07252749055624,0.9116131067276
7739,0.0002581603475846,0.0401531420648098,0.213700532913208,0.7458881735801697
7740,0.0017623280873522,0.1854686141014099,0.4662680625915527,0.3465009927749634
7741,6.4115556597244e-05,0.0046375291422009,0.0246815700083971,0.9706167578697203
7742,0.001439286279492,0.1255742758512497,0.4739122986793518,0.3990741968154907
7743,0.0003116153529845,0.0198909398168325,0.0934231579303741,0.886374294757843
7744,0.0003899998555425,0.0319649837911129,0.1432571113109588,0.8243878483772278
7745,9.33350675040856e-05,0.0134259657934308,0.1159826517105102,0.8704981207847595
7746,0.0015571017283946,0.1236959174275398,0.3931048214435577,0.4816420972347259
7747,0.0005084833246655,0.0569644346833229,0.2593172192573547,0.6832098960876465
7748,0.0001453995646443,0.0153019512072205,0.0952119380235672,0.8893406391143799
7749,5.837231947225519e-05,0.0062398836016654,0.0382239259779453,0.9554778337478638
7750,0.0033367644064128,0.8164793252944946,0.1765760332345962,0.003607902675867
7751,0.0001855645095929,0.0207884460687637,0.1355576962232589,0.8434683084487915
7752,5.003548722015694e-05,0.0085471868515014,0.0918909162282943,0.8995118141174316
7753,0.0007487861439585,0.0541602931916713,0.2427296042442321,0.7023613452911377
7754,0.0006732347537763,0.0841384604573249,0.3126122951507568,0.6025760173797607
7755,0.0009781664703041,0.0685747563838958,0.2798278629779815,0.6506192088127136
7756,0.0047799795866012,0.2911420464515686,0.5190168619155884,0.1850611567497253
7757,0.0016474846052005,0.1248826682567596,0.4639953970909118,0.4094744920730591
7758,0.0017265017377212,0.059917714446783,0.1733776479959488,0.7649780511856079
7759,0.0012822565622627,0.2259912937879562,0.6047840118408203,0.167942464351654
7760,3.747343725990504e-05,0.0039437306113541,0.0310198441147804,0.96499902009964
7761,0.0001045547978719,0.0120848910883069,0.0717513039708137,0.9160591959953308
7762,5.584897007793188e-05,0.0035649349447339,0.0232462957501411,0.9731330275535583
7763,0.0005321098142303,0.0559995993971824,0.2285133451223373,0.7149549722671509
7764,0.0005157400155439,0.0753559246659278,0.4010545611381531,0.5230737328529358
7765,0.0006330831092782,0.0816320031881332,0.3331095278263092,0.5846254229545593
7766,0.001380170462653,0.164589911699295,0.5313027501106262,0.3027271628379822
7767,0.0005848409491591,0.0697442293167114,0.2982582449913025,0.63141268491745
7768,9.797784878173844e-05,0.0085483314469456,0.0631641000509262,0.9281896948814392
7769,0.000796178006567,0.0662835985422134,0.2313525080680847,0.7015677690505981
7770,0.0007942700758576,0.0903818309307098,0.3805217444896698,0.5283021330833435
7771,0.0105730965733528,0.5863621830940247,0.3612472712993622,0.041817408055067
7772,0.0020539970137178,0.1657387316226959,0.5025964975357056,0.3296108245849609
7773,0.0001277770206797,0.0218271892517805,0.171684131026268,0.8063609004020691
7774,0.0006077165598981,0.0555663779377937,0.2232301533222198,0.7205957770347595
7775,0.0059514744207262,0.3405336439609527,0.4654543399810791,0.1880605518817901
7776,0.0004560935194604,0.0379708036780357,0.186898872256279,0.7746742367744446
7777,0.0001105470219044,0.0097968485206365,0.0513318181037902,0.9387608170509338
7778,9.57207739702426e-05,0.0100737195461988,0.0970819070935249,0.8927486538887024
7779,0.0001297565904678,0.0180908292531967,0.1236283779144287,0.8581510186195374
7780,4.639995313482359e-05,0.003517210483551,0.0212114918977022,0.9752249717712402
7781,0.0007030825363472,0.0751581043004989,0.3421396315097809,0.5819991230964661
7782,0.001062037074007,0.0626970157027244,0.1842767745256424,0.751964271068573
7783,0.0035251232329756,0.2672114670276642,0.5397820472717285,0.1894813328981399
7784,0.0030033495277166,0.1359419822692871,0.3637996017932892,0.4972550868988037
7785,4.513929889071733e-05,0.004325371235609,0.0319604128599166,0.9636690616607666
7786,0.0001044523887685,0.0094025041908025,0.0462807454168796,0.9442123174667358
7787,0.0001923415693454,0.0196193736046552,0.0921476855874061,0.8880406618118286
7788,0.0004293217789381,0.0341052561998367,0.1391707360744476,0.8262946605682373
7789,0.0025688163004815,0.24233478307724,0.5050690770149231,0.2500273287296295
7790,0.0011467759031802,0.1869244426488876,0.6033994555473328,0.2085292935371399
7791,0.0003619638446252,0.0438451431691646,0.2370246350765228,0.718768298625946
7792,0.0001154693891294,0.0097644701600074,0.05446183308959,0.9356582164764404
7793,0.0003624023520387,0.0482128039002418,0.2647404074668884,0.6866843104362488
7794,5.705175135517493e-05,0.0049776281230151,0.0314595773816108,0.9635058045387268
7795,0.000277119455859,0.0300900172442197,0.1435514241456985,0.8260815143585205
7796,0.0007219893159344,0.084764763712883,0.3352511823177337,0.5792620778083801
7797,0.0010940635111182,0.1133549138903617,0.5080214738845825,0.377529501914978
7798,4.725166945718229e-05,0.0031609025318175,0.0190626848489046,0.9777291417121888
7799,0.001332159852609,0.1237237975001335,0.4817506372928619,0.3931934237480163
7800,3.556191950337961e-05,0.0032515928614884,0.0218761079013347,0.974836766719818
7801,5.7921432016883045e-05,0.0049751582555472,0.0319391414523124,0.9630277156829834
7802,0.0017185702454298,0.1096992641687393,0.3486235439777374,0.539958655834198
7803,0.0009384873555973,0.1084743961691856,0.4938042163848877,0.3967828452587127
7804,0.0004420515906531,0.0588090792298316,0.2677145600318908,0.6730343103408813
7805,0.001567781670019,0.2255206257104873,0.6226823925971985,0.150229126214981
7806,7.238097168738022e-05,0.0050742975436151,0.0278633758425712,0.9669899940490724
7807,0.0002088748296955,0.0171197019517421,0.0767251774668693,0.9059461951255798
7808,9.508345829090104e-05,0.0081671886146068,0.0477390475571155,0.943998634815216
7809,0.0005132656078785,0.0499570295214653,0.2038558721542358,0.7456737756729126
7810,0.0001440707565052,0.0161399766802787,0.0886259153485298,0.8950899839401245
7811,0.0001344217453151,0.0119126634672284,0.0707287415862083,0.9172242283821106
7812,0.000119928845379,0.0104635031893849,0.0621246770024299,0.9272918105125428
7813,0.0004628863825928,0.0416677072644233,0.1838465481996536,0.7740228176116943
7814,0.0122983120381832,0.332399308681488,0.4472921788692474,0.208010196685791
7815,0.0036857493687421,0.2142136543989181,0.4752537608146667,0.3068468868732452
7816,7.120714872144163e-05,0.0068232626654207,0.0417975559830665,0.9513079524040222
7817,0.0014671974349766,0.1112165376543998,0.4263365268707275,0.460979700088501
7818,0.0032549111638218,0.2211663275957107,0.5473918914794922,0.2281868904829025
7819,0.0053397375158965,0.2493671923875808,0.4959258735179901,0.2493671923875808
7820,0.0008083380525931,0.0477199740707874,0.1691820174455642,0.7822896838188171
7821,0.0007995253545232,0.7045173645019531,0.2891333401203155,0.0055498066358268
7822,0.0001015230518532,0.0073432428762316,0.0456911921501159,0.9468640685081482
7823,0.0002872024197131,0.0394213236868381,0.2164656519889831,0.7438257932662964
7824,0.0002245621872134,0.026364604011178,0.1403160542249679,0.8330947756767273
7825,0.0023054094053804,0.2582707107067108,0.5382823944091797,0.2011414468288421
7826,0.0004471748543437,0.0980835184454917,0.5644317269325256,0.3370375633239746
7827,0.0001539484946988,0.0126178544014692,0.0601964145898819,0.9270316958427428
7828,7.565828127553686e-05,0.0053875823505222,0.0300495214760303,0.9644873142242432
7829,0.0008480441756546,0.08516176789999,0.3757512867450714,0.5382388830184937
7830,0.0004577093350235,0.0700864195823669,0.4864961206912994,0.4429597556591034
7831,0.0001189310569316,0.0115757640451192,0.0687284767627716,0.9195768237113952
7832,0.001342179835774,0.0667226910591125,0.2257199436426162,0.7062152028083801
7833,0.0001408121170243,0.0145894149318337,0.0826546624302864,0.9026151299476624
7834,0.0001872098218882,0.029117802157998,0.195899099111557,0.7747959494590759
7835,0.0002236706350231,0.0159274544566869,0.0725059956312179,0.9113429188728333
7836,0.0024305884726345,0.1961262077093124,0.5248609185218811,0.276582270860672
7837,0.0004081124207004,0.0345113202929496,0.1672370731830597,0.7978434562683105
7838,0.0001755820412654,0.0141678610816597,0.0953187048435211,0.8903378844261169
7839,0.0004862369969487,0.0451590605080127,0.2023888677358627,0.7519658803939819
7840,0.0020887879654765,0.1333308815956115,0.3918812870979309,0.4726990461349487
7841,0.0006830535130575,0.0517768375575542,0.1984809190034866,0.7490590810775757
7842,0.0029121430125087,0.2349832653999328,0.5378820300102234,0.2242225855588913
7843,0.002174973487854,0.1345608383417129,0.4080506861209869,0.4552134573459625
7844,0.0001772241812432,0.0124243758618831,0.060206800699234,0.92719167470932
7845,0.0007117041386663,0.3253518342971802,0.6078372001647949,0.0660992264747619
7846,0.0004308265051804,0.038180511444807,0.2064018845558166,0.7549867630004883
7847,0.0006114075658842,0.3217045664787292,0.629866898059845,0.0478171147406101
7848,0.0032800443004816,0.3732438683509826,0.518197774887085,0.105278268456459
7849,0.0014145926106721,0.2653942704200744,0.5618396997451782,0.1713514178991317
7850,0.0017458506627008,0.2216261476278305,0.6119294166564941,0.1646985709667205
7851,0.0005249331588856,0.0437018647789955,0.1811391860246658,0.7746340036392212
7852,0.0002910843759309,0.0180087499320507,0.0723476409912109,0.9093525409698486
7853,0.001127346069552,0.0895561873912811,0.3433039486408233,0.5660125017166138
7854,0.0009017851552926,0.0891545116901397,0.3638060986995697,0.5461375713348389
7855,0.0014885354321449,0.2209182530641555,0.6699262857437134,0.1076669543981552
7856,5.716357918572612e-05,0.0044706631451845,0.0300777815282344,0.9653943777084352
7857,0.0006329384632408,0.0291001368314027,0.1064438819885253,0.8638230562210083
7858,0.0012127402005717,0.1856999695301056,0.6184753775596619,0.19461190700531
7859,0.0001128946605604,0.0093987341970205,0.0612874440848827,0.9292008876800536
7860,0.0003041467571165,0.0495759062469005,0.2440211921930313,0.706098735332489
7861,0.0002316700702067,0.0469958335161209,0.2834211587905884,0.6693512797355652
7862,0.0012164243962615,0.0706978887319564,0.2467598766088485,0.6813258528709412
7863,7.020083285169676e-05,0.0048451581969857,0.0274496898055076,0.967634916305542
7864,0.0006744138663634,0.0869613364338874,0.3180913925170898,0.5942729115486145
7865,0.0013672166969627,0.1250110417604446,0.4163503348827362,0.4572713971138
7866,0.000185894590686,0.0192603692412376,0.0810891836881637,0.89946448802948
7867,0.0007405344513244,0.0616511479020118,0.2850720286369324,0.6525363326072693
7868,0.0003177720063831,0.0314163640141487,0.1452677845954895,0.8229981064796448
7869,0.0005354980239644,0.0581451170146465,0.2862003147602081,0.6551190614700317
7870,0.0003007439081557,0.0266523901373147,0.1175958588719368,0.8554509878158569
7871,0.0009266623528674,0.1252214759588241,0.5439372658729553,0.3299146294593811
7872,0.0002584210014902,0.02595098875463,0.1277352422475814,0.8460553288459778
7873,0.0001318035792792,0.0096835885196924,0.047664288431406,0.9425203204154968
7874,0.0015964326448738,0.097236543893814,0.3238471150398254,0.5773199200630188
7875,0.0001082005328498,0.0064881728030741,0.0304734520614147,0.9629302024841307
7876,0.0002011913747992,0.0136706531047821,0.071629099547863,0.9144989848136902
7877,0.0006616885657422,0.0982033014297485,0.4540874361991882,0.4470475018024444
7878,0.0002077058597933,0.0195943769067525,0.1339032649993896,0.846294641494751
7879,0.0036862338893115,0.2882938385009765,0.4904043674468994,0.2176156193017959
7880,0.0003455206751823,0.0375171117484569,0.184665709733963,0.777471661567688
7881,9.893943934002893e-05,0.0058408575132489,0.0270078536123037,0.967052400112152
7882,0.0012027169577777,0.1550826281309127,0.5584740042686462,0.2852406203746795
7883,0.0033911589998751,0.153495579957962,0.3919646739959717,0.4511485695838928
7884,0.0039114872924983,0.1275224834680557,0.3059105277061462,0.5626555681228638
7885,0.0003205857647117,0.0376382023096084,0.1941526234149933,0.7678885459899902
7886,8.107812027446926e-05,0.0057735252194106,0.0382409915328025,0.9559044241905212
7887,0.0004527105484157,0.044063102453947,0.210213303565979,0.745270848274231
7888,0.0002658146549947,0.0214488077908754,0.1215157732367515,0.8567696213722229
7889,0.0002194212429458,0.0230920426547527,0.1101659685373306,0.8665225505828857
7890,0.0013217636151239,0.0884194523096084,0.3336915075778961,0.5765672326087952
7891,4.825296491617337e-05,0.0047705038450658,0.0274523571133613,0.9677289128303528
7892,0.0003843524318654,0.0153529038652777,0.0636360198259353,0.920626699924469
7893,0.0021423946600407,0.1783591508865356,0.5160993337631226,0.3033991158008575
7894,0.0016013348940759,0.1232959702610969,0.4953242838382721,0.3797782957553863
7895,0.0001898239279398,0.0165616814047098,0.079011358320713,0.9042371511459352
7896,0.0002547101466916,0.0268058702349662,0.1259010136127472,0.8470383882522583
7897,0.0005935668596066,0.0753500536084175,0.4010233283042907,0.5230330228805542
7898,0.0001845554070314,0.015606609173119,0.0912241265177726,0.8929846882820129
7899,9.888990462059156e-05,0.0125535298138856,0.079340748488903,0.90800678730011
7900,0.0001139636369771,0.0097889015451073,0.052097875624895,0.9379992485046388
7901,9.209780546370894e-05,0.0067664114758372,0.0349038057029247,0.958237648010254
7902,8.069434261415154e-05,0.0070403874851763,0.0562489964067935,0.9366298913955688
7903,0.0001468196132918,0.0128096584230661,0.0748753249645233,0.9121682047843932
7904,0.0002084671723423,0.0148448254913091,0.0665298923850059,0.9184167981147766
7905,0.0016095124883577,0.0906658992171287,0.2881356477737427,0.6195889711380005
7906,0.0002370885194977,0.0253442861139774,0.1481430530548095,0.8262755274772644
7907,0.0010262271389365,0.074227824807167,0.2631604969501495,0.6615853905677795
7908,0.0061893537640571,0.3275302946567535,0.540006160736084,0.1262741833925247
7909,0.000150205756654,0.0184811428189277,0.1047028005123138,0.8766657710075378
7910,0.0002488032914698,0.0217074882239103,0.0972862094640731,0.8807574510574341
7911,0.0020986208692193,0.1641294509172439,0.4461500644683838,0.3876218795776367
7912,0.0003059871378354,0.0317030511796474,0.2235282510519027,0.744462788105011
7913,0.0045664263889193,0.3151680529117584,0.5115682482719421,0.1686973124742508
7914,0.0012131585972383,0.1144459322094917,0.4387160837650299,0.4456248581409454
7915,0.0002156492701033,0.019412126392126,0.1017122790217399,0.8786599636077881
7916,0.0001814441784517,0.0148714417591691,0.0791478529572486,0.9057992696762084
7917,0.0028224464040249,0.1589920371770858,0.4060003757476806,0.4321851432323456
7918,0.0013461298076435,0.2999103665351867,0.6058356165885925,0.0929078981280326
7919,0.0001438597973901,0.0109048634767532,0.0668003931641578,0.92215096950531
7920,0.0001216371529153,0.010949426330626,0.0630096048116684,0.9259193539619446
7921,0.001041151350364,0.118475042283535,0.4471201002597809,0.4333636462688446
7922,0.0062235151417553,0.2730308473110199,0.4943950176239013,0.2263505458831787
7923,0.0001505598047515,0.0079673761501908,0.0417460612952709,0.9501359462738036
7924,0.000814932922367,0.0818366780877113,0.3667666018009186,0.5505818128585815
7925,0.0001385698706144,0.0165249183773994,0.0950943380594253,0.8882421851158142
7926,0.0035667922347784,0.1829415410757064,0.5211519598960876,0.2923397421836853
7927,0.0002247070660814,0.0251735132187604,0.1278416514396667,0.8467600345611572
7928,0.0004300401778891,0.050488643348217,0.3044854998588562,0.644595742225647
7929,3.0273224183474667e-05,0.0030879529658704,0.0266758408397436,0.9702059030532836
7930,0.0013214820064604,0.1001710072159767,0.3037648499011993,0.5947426557540894
7931,0.0013767642667517,0.2503502666950226,0.6100164651870728,0.138256549835205
7932,0.0007161104003898,0.0707978755235672,0.2671884000301361,0.661297619342804
7933,0.0032685350161045,0.2721128165721893,0.5671318173408508,0.1574868112802505
7934,0.0001042213552864,0.0069718924351036,0.0359637625515461,0.9569600820541382
7935,0.0001778739679139,0.0167801212519407,0.0950658544898033,0.8879761695861816
7936,0.0004221025737933,0.0392026007175445,0.1729699820280075,0.787405252456665
7937,0.0007077932823449,0.0511952489614486,0.2189343273639679,0.7291626334190369
7938,0.0001591250038472,0.0108123058453202,0.0603061988949775,0.9287223815917968
7939,0.0069729108363389,0.2203368991613388,0.4521019458770752,0.3205882608890533
7940,0.0013580803060904,0.1697280257940292,0.5310319662094116,0.297881931066513
7941,0.0014867257559671,0.1639728993177414,0.4819431602954864,0.3525971174240112
7942,0.0023934834171086,0.1153244897723198,0.3234355449676513,0.5588465332984924
7943,4.315277328714728e-05,0.0026697672437876,0.0166118517518043,0.9806752800941468
7944,0.001420198008418,0.2174668312072754,0.6195052862167358,0.1616076231002807
7945,0.0005259498138912,0.0335722751915454,0.1267004460096359,0.8392012715339661
7946,0.0008288074168376,0.056316215544939,0.2125351727008819,0.7303197979927063
7947,0.0010777174029499,0.1000925600528717,0.3661233782768249,0.5327063798904419
7948,0.0078508937731385,0.3039543032646179,0.4857175946235657,0.202477216720581
7949,0.0005573809030465,0.0464032068848609,0.1923359483480453,0.760703444480896
7950,0.0001001189593807,0.010054082609713,0.056077167391777,0.9337686896324158
7951,0.0010471822461113,0.1084975823760032,0.3394589424133301,0.5509962439537048
7952,0.0002142654120689,0.0208548195660114,0.1059095188975334,0.8730214238166809
7953,0.0007938321214169,0.25334233045578,0.6369025707244873,0.1089611798524856
7954,0.0023181866854429,0.1676762849092483,0.4150027632713318,0.4150027632713318
7955,0.0033109651412814,0.1595312505960464,0.3826955556869507,0.4544622004032135
7956,0.0016172211617231,0.1928589940071106,0.4924827218055725,0.3130410611629486
7957,0.0004496872134041,0.0257303696125745,0.1083289086818695,0.8654910326004028
7958,0.0011723694624379,0.1686417907476425,0.5886176824569702,0.2415681928396225
7959,6.650108116446063e-05,0.0039258697070181,0.0202511772513389,0.9757564067840576
7960,7.419522444251925e-05,0.0058026779443025,0.0333921089768409,0.9607310891151428
7961,0.0019861843902617,0.1228808835148811,0.4784685373306274,0.3966643512248993
7962,0.0001588168815942,0.0152182690799236,0.0862173736095428,0.8984056115150452
7963,0.0002955468953587,0.0213771425187587,0.0973144173622131,0.8810128569602966
7964,6.806111196056008e-05,0.0045529515482485,0.0274578109383583,0.9679211974143982
7965,0.0003272001340519,0.0408922992646694,0.2109385132789611,0.747842013835907
7966,0.0023286896757781,0.1332438141107559,0.3456081748008728,0.518819272518158
7967,0.0007789299124851,0.1484377533197403,0.4717342257499695,0.3790490925312042
7968,0.0001241094287252,0.0143450992181897,0.098030962049961,0.8874998688697815
7969,0.0009325346327386,0.0813614055514335,0.307054728269577,0.6106512546539307
7970,0.0006752367480657,0.0817923098802566,0.349781334400177,0.5677511096000671
7971,0.0002322590298717,0.0199498794972896,0.0908171385526657,0.8890007138252258
7972,0.0008321788627654,0.0650832429528236,0.2343737781047821,0.6997108459472656
7973,9.955933637684212e-05,0.006979648489505,0.0348960496485233,0.9580246806144714
7974,0.0019639777019619,0.1293435245752334,0.3571289181709289,0.5115635395050049
7975,0.0005064309225417,0.0396070741117,0.1518294364213943,0.8080570697784424
7976,9.243862587027252e-05,0.0073433094657957,0.045691605657339,0.9468726515769958
7977,0.0005454858765006,0.0382415130734443,0.1687294542789459,0.7924834489822388
7978,0.0004691934445872,0.0355658121407032,0.1544908434152603,0.8094741106033325
7979,0.0018207259709015,0.3310801088809967,0.5544548630714417,0.1126443371176719
7980,0.0029634893871843,0.2077566683292389,0.4467470049858093,0.3425328135490417
7981,7.23655175534077e-05,0.0063137169927358,0.0418189503252506,0.9517948627471924
7982,0.0023884982801973,0.2183915972709655,0.5238942503929138,0.2553256452083587
7983,0.0001096996711567,0.0063756820745766,0.0323783829808235,0.9611361622810364
7984,0.0002187778591178,0.0176533684134483,0.0766827315092086,0.9054450392723083
7985,0.0005489158211275,0.0486457645893096,0.2470435798168182,0.703761637210846
7986,6.838905392214656e-05,0.0073106521740555,0.0499592423439025,0.942661702632904
7987,7.720135181443766e-05,0.0072829551063477,0.0387608893215656,0.953878939151764
7988,0.0010912122670561,0.111306682229042,0.4334013760089874,0.4542007446289062
7989,0.0013078878400847,0.1660291701555252,0.5794987082481384,0.2531642615795135
7990,0.0008788349223323,0.1000046581029892,0.4145078361034393,0.4846087098121643
7991,0.0002206560748163,0.0239591430872678,0.11793103069067,0.8578892350196838
7992,0.0015709269791841,0.1653254628181457,0.5770425200462341,0.2560610771179199
7993,7.826789806131274e-05,0.0089062852784991,0.0537117794156074,0.93730366230011
7994,0.0003819711855612,0.0354754142463207,0.169243723154068,0.7948988676071167
7995,0.0003500638122204,0.0519540756940841,0.1960726380348205,0.7516232132911682
7996,0.0029295238200575,0.5327034592628479,0.4347798824310303,0.0295871421694755
7997,0.0005001552635803,0.0578100830316543,0.2590868473052978,0.6826028823852539
7998,0.006249466445297,0.7570059895515442,0.2308737635612487,0.005870830733329
7999,0.0018488533096387,0.1717114895582199,0.4741106331348419,0.3523290753364563
8000,0.0001245057210326,0.0063859252259135,0.0457341969013214,0.9477553367614746
8001,0.0001250057684956,0.0071526262909173,0.0411605238914489,0.9515618085861206
8002,0.000637971854303,0.0468716919422149,0.3253540396690368,0.6271362900733948
8003,0.0102801974862813,0.2529886364936828,0.4953276813030243,0.2414034307003021
8004,0.0001236614334629,0.0070757050998508,0.0514722168445587,0.941328465938568
8005,0.0105839120224118,0.1762379556894302,0.4097655117511749,0.4034126996994018
8006,0.0007556616328656,0.0331515148282051,0.1374091953039169,0.8286835551261902
8007,0.0094553660601377,0.2021646499633789,0.4279825687408447,0.360397458076477
8008,0.008973978459835,0.3367460966110229,0.4976784288883209,0.1566014587879181
8009,0.003312440123409,0.1986282914876938,0.5658392906188965,0.2322199791669845
8010,0.0021403704304248,0.1031288281083107,0.3543743789196014,0.5403563976287842
8011,0.0003885098558384,0.0328536629676818,0.3068743348121643,0.6598834991455078
8012,0.0310505256056785,0.7883883118629456,0.1731859296560287,0.0073751462623476
8013,0.0052994894795119,0.3436025083065033,0.5844876170158386,0.0666103884577751
8014,0.0002758886839728,0.0304281208664178,0.2547715306282043,0.7145243883132935
8015,0.004605168942362,0.1598209887742996,0.3658338487148285,0.4697399735450744
8016,0.0001793850969988,0.0083773331716656,0.0529463812708854,0.938497006893158
8017,0.0002434745838399,0.0153004508465528,0.0952026024460792,0.8892534375190735
8018,0.0005437605432234,0.0296883210539817,0.1155991628766059,0.854168713092804
8019,0.0003824105369858,0.0289874915033578,0.1748169362545013,0.7958131432533264
8020,0.0028866475913673,0.0941106155514717,0.3442423343658447,0.5587604641914368
8021,0.0001876681344583,0.0100874779745936,0.0528546050190925,0.936870276927948
8022,7.413863932015374e-05,0.0049595083110034,0.034967940300703,0.959998369216919
8023,0.0035170468036085,0.1044017672538757,0.3940081894397735,0.4980729818344116
8024,0.0002280417684232,0.0167541932314634,0.0964137241244316,0.8866040706634521
8025,0.0001725966576486,0.0101891886442899,0.0866565182805061,0.9029816389083862
8026,0.0014566903701052,0.0929830372333526,0.3620535433292389,0.5435066819190979
8027,0.000660509802401,0.0532970838248729,0.3264842331409454,0.6195582151412964
8028,0.0001559322554385,0.0094976210966706,0.0659265518188476,0.9244198203086852
8029,0.0002403163816779,0.0110488459467887,0.0543843209743499,0.9343265295028688
8030,0.0003018263087142,0.0201906878501176,0.1074576154351234,0.8720498085021973
8031,7.506875408580527e-05,0.0052627259865403,0.0376901626586914,0.9569720029830932
8032,7.19295785529539e-05,0.0050426525995135,0.0339260175824165,0.9609594345092772
8033,6.90523229422979e-05,0.0022866986691951,0.0156267508864402,0.9820175766944884
8034,6.678431964246556e-05,0.003217848483473,0.0319952704012393,0.9647201299667358
8035,5.675595093634911e-05,0.0037966920062899,0.0225419998168945,0.9736045598983764
8036,0.0001535818882985,0.0136106638237833,0.1037623882293701,0.882473349571228
8037,0.0006242806557565,0.0667343437671661,0.3284779489040375,0.604163408279419
8038,0.0001265301834791,0.0121244676411151,0.0686897858977317,0.9190592169761658
8039,0.0008500270778313,0.0753307193517685,0.52289879322052,0.400920420885086
8040,0.0410164073109626,0.3328600525856018,0.4078286588191986,0.2182949632406234
8041,0.0070156888104975,0.0953471064567565,0.2758959829807281,0.6217411756515503
8042,0.0008677978185005,0.1101621612906456,0.7183474898338318,0.1706224977970123
8043,0.0022119239438325,0.1841476261615753,0.5328488349914551,0.2807916104793548
8044,9.159054752672092e-05,0.0044825756922364,0.0274591036140918,0.9679667353630066
8045,0.0005425214185379,0.0362920016050338,0.1872083842754364,0.7759571075439453
8046,0.0013646694133058,0.1267431080341339,0.4935070872306824,0.3783850371837616
8047,0.0001694443635642,0.0085560986772179,0.0622413381934165,0.929033100605011
8048,0.001380254747346,0.096763327717781,0.3273460865020752,0.5745103359222412
8049,0.0076127029024064,0.308877021074295,0.5420960783958435,0.1414142102003097
8050,0.000135052614496,0.0127404779195785,0.1348494887351989,0.8522749543190002
8051,0.0002135144313797,0.0288525763899087,0.191105231642723,0.7798286080360413
8052,0.0004663235158659,0.0271024573594331,0.129298597574234,0.8431326746940613
8053,0.0016248010797426,0.112141378223896,0.3676973879337311,0.5185364484786987
8054,0.002163158962503,0.1745471060276031,0.6285682916641235,0.19472137093544
8055,0.0082627143710851,0.3052491247653961,0.4954682290554046,0.1910200119018554
8056,0.0013364935293793,0.0707250237464904,0.3169675469398498,0.6109709739685059
8057,0.0034839988220483,0.1050494089722633,0.3235749304294586,0.5678917169570923
8058,0.0027344732079654,0.0948990508913993,0.3210393190383911,0.5813271403312683
8059,0.0003678513457998,0.0292220506817102,0.1555237621068954,0.8148862719535828
8060,0.0002315062884008,0.0109816621989011,0.0455177202820777,0.9432691931724548
8061,0.0007353835389949,0.0491935200989246,0.2383849769830703,0.7116860747337341
8062,0.0004687733890023,0.0428621545433998,0.2317106276750564,0.7249583601951599
8063,6.375178054440767e-05,0.0047575929202139,0.0300689153373241,0.9651098251342772
8064,0.0001433701690984,0.0135251330211758,0.0815669894218444,0.9047644734382628
8065,0.0014374603051692,0.1741214245557785,0.607743501663208,0.2166976332664489
8066,0.0258098617196083,0.4037341773509979,0.4434152543544769,0.127040609717369
8067,0.0309668630361557,0.5663247108459473,0.3381679356098175,0.0645404756069183
8068,0.0026870921719819,0.1662445217370987,0.4735865294933319,0.3574818670749664
8069,0.0001000355478026,0.0064859958365559,0.0457307212054729,0.9476832747459412
8070,0.000271629251074,0.0155421812087297,0.1222487241029739,0.8619374632835388
8071,0.0053703812882304,0.1922937184572219,0.4541369974613189,0.3481989204883575
8072,0.000142524469993,0.0073101106099784,0.0499555394053459,0.942591905593872
8073,0.0003562845813576,0.0166385881602764,0.0745689794421196,0.908436119556427
8074,0.001107879448682,0.0908034890890121,0.4611381888389587,0.4469504356384277
8075,0.001944804796949,0.0966804847121238,0.3536425232887268,0.5477322340011597
8076,0.0002290866395924,0.019677385687828,0.116830013692379,0.8632635474205017
8077,0.0009989015525206,0.0745448470115661,0.3905870616436004,0.533869206905365
8078,0.0007199713727459,0.0528961829841136,0.2815207540988922,0.6648630499839783
8079,8.558793342672288e-05,0.0031128511764109,0.0187728945165872,0.9780287146568298
8080,0.0001998721418203,0.0140121188014745,0.0913704931735992,0.8944174647331238
8081,0.0025385122280567,0.1149018257856369,0.3594960272312164,0.523063600063324
8082,0.0008090267074294,0.0673532783985138,0.3315244317054748,0.6003132462501526
8083,3.405099414521828e-05,0.0020739997271448,0.019677560776472,0.9782145023345948
8084,0.0119701633229851,0.4154208898544311,0.4933244884014129,0.0792844593524932
8085,0.0030739365611225,0.3665771484375,0.5767068266868591,0.0536420904099941
8086,0.0045860377140343,0.1201380416750907,0.4001207947731018,0.4751551747322082
8087,0.0003249662404414,0.0217386335134506,0.0959153473377227,0.8820210695266724
8088,0.0005085113807581,0.0252792071551084,0.0969051048159599,0.8773072361946106
8089,9.81102857622318e-05,0.007208147086203,0.0632494837045669,0.9294443726539612
8090,0.0042338711209595,0.2008366286754608,0.5811400413513184,0.2137894928455352
8091,0.0016123321838676,0.0707343742251396,0.2669487595558166,0.6607045531272888
8092,5.003532714908943e-05,0.0030003350693732,0.0243485923856496,0.972601056098938
8093,4.0523565985495225e-05,0.0025071040727198,0.0171329490840435,0.9803194403648376
8094,0.0002351605362491,0.0157310757786035,0.0978820472955703,0.8861517310142517
8095,7.378291775239632e-05,0.0040284106507897,0.0254603382200002,0.970437467098236
8096,0.0006801734562031,0.0284733213484287,0.125630185008049,0.8452163338661194
8097,0.0855296403169632,0.603042721748352,0.2634498476982116,0.0479777827858924
8098,0.0001373962295474,0.0194576177746057,0.1530460268259048,0.8273589611053467
8099,0.0010530868312343,0.0469273440539836,0.1827237904071808,0.7692958116531372
8100,0.0001098931752494,0.0079486612230539,0.0587331019341945,0.9332083463668824
8101,0.0008314444567076,0.0660498142242431,0.3800904452800751,0.5530283451080322
8102,0.0002846403804142,0.0150626953691244,0.081428162753582,0.9032245874404908
8103,0.0002287811657879,0.0148334633558988,0.0814517363905906,0.9034860730171204
8104,0.0005178736755624,0.0473516210913658,0.3185728192329407,0.6335576772689819
8105,0.001258683972992,0.0464995093643665,0.2361440062522888,0.7160977721214294
8106,6.772672350052744e-05,0.0048227799125015,0.0319437161087989,0.9631657004356384
8107,4.784678094438277e-05,0.0043070302344858,0.0360623225569725,0.9595827460289
8108,3.862120865960605e-05,0.0035313188564032,0.0324734039604663,0.9639567732810974
8109,7.851455302443355e-05,0.0039645954966545,0.025852408260107,0.9701045155525208
8110,0.0011306006927043,0.0688633397221565,0.2766488492488861,0.653357207775116
8111,0.0005868821172043,0.0220225900411605,0.1247664541006088,0.8526239991188049
8112,0.0030626957304775,0.0802318528294563,0.2756950855255127,0.6410102844238281
8113,0.0021247761324048,0.1124396324157714,0.3573324382305145,0.5281030535697937
8114,0.0007280950667336,0.0345376953482627,0.1409353613853454,0.8237987756729126
8115,0.0005862970137968,0.0249299854040145,0.1227096915245056,0.8517740368843079
8116,2.538281478337012e-05,0.0021131762769073,0.0166214182972908,0.9812399744987488
8117,0.0010115029290318,0.0687301009893417,0.3080269396305084,0.6222315430641174
8118,0.0014227349311113,0.089407630264759,0.3169775903224945,0.5921920537948608
8119,6.446771294577047e-05,0.0046630017459392,0.0344551801681518,0.9608173370361328
8120,0.0001455056626582,0.0115589462220668,0.0983059629797935,0.8899895548820496
8121,0.0002457327209413,0.0254601389169693,0.1442414969205856,0.8300526142120361
8122,0.0001255990937352,0.0072997463867068,0.0364964380860328,0.9560781717300416
8123,6.028261850588024e-05,0.0037882854230701,0.024702725932002,0.97144877910614
8124,0.0002455150242894,0.0189036093652248,0.1252081841230392,0.8556426763534546
8125,0.0002004755660891,0.0089335339143872,0.0358892269432544,0.9549767971038818
8126,0.0018614316359162,0.0635988861322403,0.2400196939706802,0.6945199370384216
8127,0.0038740735035389,0.1596615761518478,0.4766614139080047,0.3598029017448425
8128,0.0091988826170563,0.2061196863651275,0.4229301512241363,0.3617513477802276
8129,0.0004085381515324,0.0260776877403259,0.162260815501213,0.8112530708312988
8130,0.0006981100304983,0.0858946368098259,0.4034273624420166,0.5099799633026123
8131,0.0006455856491811,0.0341633222997188,0.1996922940015792,0.7654987573623657
8132,0.0010326978517696,0.1791860312223434,0.5967805981636047,0.2230006456375122
8133,0.0029159311670809,0.2666172683238983,0.6102930307388306,0.1201738119125366
8134,0.0005881837569177,0.0336549170315265,0.1877120435237884,0.7780447602272034
8135,0.0002558245323598,0.0185039937496185,0.0896677896380424,0.8915723562240601
8136,0.0038838980253785,0.6845175623893738,0.3037528395652771,0.0078456904739141
8137,0.0044798753224313,0.2563311755657196,0.5426530838012695,0.1965359151363372
8138,0.0005058450624346,0.03033266402781,0.1745524406433105,0.794609010219574
8139,0.0001381303009111,0.0081544779241085,0.0491777993738651,0.9425294995307922
8140,0.0019540104549378,0.1066853553056716,0.4421985149383545,0.449162095785141
8141,0.0006537157460115,0.1016761064529419,0.4628566205501556,0.4348135590553283
8142,2.670706999197137e-05,0.0020244498737156,0.0127949174493551,0.9851539731025696
8143,5.088845136924647e-05,0.0031979361083358,0.0229027215391397,0.9738484621047974
8144,2.88914998236578e-05,0.001528890337795,0.0128012420609593,0.9856410026550292
8145,6.785468576708809e-05,0.0028852545656263,0.0168649591505527,0.980181872844696
8146,0.0016223792918026,0.0913906916975975,0.4641202688217163,0.4428666532039642
8147,0.0003018239513039,0.1539247184991836,0.7695751786231995,0.0761982649564743
8148,0.0001673901570029,0.0148343741893768,0.0814567431807518,0.9035415649414062
8149,0.00011628982611,0.0084113357588648,0.0491661466658115,0.9423062205314636
8150,0.000650230271276,0.0470316745340824,0.2503090500831604,0.7020090222358704
8151,0.0118224723264575,0.3001784384250641,0.4649254381656647,0.223073661327362
8152,0.0002864189445972,0.0197682157158851,0.1393794864416122,0.8405658602714539
8153,0.0001394924765918,0.0062160235829651,0.0418202392756938,0.9518242478370668
8154,0.0001661101414356,0.008790273219347,0.0513811223208904,0.939662516117096
8155,0.0012581014307215,0.0464779809117317,0.2252258658409118,0.7270379662513733
8156,0.0001374958083033,0.004846894647926,0.0270338077098131,0.9679816961288452
8157,5.05269636050798e-05,0.0042727249674499,0.0287460926920175,0.9669306874275208
8158,0.000152584791067,0.0087306527420878,0.0578275397419929,0.9332892298698424
8159,5.707415039069019e-05,0.0026653781533241,0.0182145554572343,0.9790630340576172
8160,0.0024609093088656,0.0708033144474029,0.2549725472927093,0.6717631816864014
8161,0.0061711948364973,0.1542604565620422,0.4394471347332001,0.4001211524009704
8162,4.2482814023969695e-05,0.0024307975545525,0.0168730784207582,0.980653703212738
8163,0.0014107677852734,0.0782382860779762,0.2952682077884674,0.6250827312469482
8164,3.859493153868243e-05,0.0036982726305723,0.0329623408615589,0.963300883769989
8165,9.565497020957991e-05,0.0052225841209292,0.030053898692131,0.9646278023719788
8166,0.0091379070654511,0.5228561758995056,0.420126736164093,0.0478792116045951
8167,0.0038817359600216,0.4085165858268738,0.5084071159362793,0.0791945531964302
8168,0.002544792369008,0.0829654410481453,0.2720332145690918,0.6424565315246582
8169,0.0001379715104121,0.0089456466957926,0.0640662014484405,0.926850199699402
8170,0.0036453090142458,0.338556557893753,0.5941852927207947,0.0636128932237625
8171,5.873615737073124e-05,0.0034137121401727,0.0199539121240377,0.9765737056732178
8172,9.553881682222708e-05,0.0119400974363088,0.0828807055950164,0.9050835967063904
8173,0.0001963233371498,0.0129294507205486,0.0804497450590133,0.9064245223999025
8174,0.0050256205722689,0.1856612712144851,0.5126271843910217,0.2966858744621277
8175,0.0019972440786659,0.1357097178697586,0.5367423892021179,0.3255507051944732
8176,0.0001402597408741,0.0056908847764134,0.0371092297136783,0.957059681415558
8177,0.0001275921094929,0.0217956025153398,0.1853661835193634,0.7927106022834778
8178,0.0119686210528016,0.2188832014799118,0.4025878310203552,0.3665603697299957
8179,0.0003993446880485,0.0401027388870716,0.2917273640632629,0.6677705645561218
8180,0.001332295127213,0.11443742364645,0.3871368169784546,0.4970934987068176
8181,0.0014123043511062,0.1251606047153473,0.5436728596687317,0.3297542631626129
8182,0.0038924335967749,0.1460624933242797,0.5259912610054016,0.3240538239479065
8183,0.0003346513258293,0.0182713419198989,0.0871676951646804,0.8942263126373291
8184,0.0001026362515403,0.0067594116553664,0.0507322065532207,0.9424057602882384
8185,6.965248030610383e-05,0.0048830155283212,0.034970786422491,0.9600765109062196
8186,5.666767901857384e-05,0.0040352721698582,0.03888850659132,0.9570195078849792
8187,0.0019807880744338,0.0666276589035987,0.2150767147541046,0.7163148522377014
8188,0.0006549218669533,0.0818497836589813,0.3668253123760223,0.5506699681282043
8189,0.0045885937288403,0.3880265057086944,0.5221467614173889,0.0852381139993667
8190,0.0006865516188554,0.027424206957221,0.1578154116868972,0.8140738606452942
8191,0.0004728993517346,0.0266390219330787,0.1311218738555908,0.8417661786079407
8192,0.0005178052815608,0.0424401126801967,0.3135923445224762,0.6434497237205505
8193,0.0017506248550489,0.1208255589008331,0.516705334186554,0.3607184588909149
8194,0.0002686200896278,0.0123501447960734,0.0657291635870933,0.92165207862854
8195,0.0001037225156323,0.005076331552118,0.0274423900991678,0.9673776030540466
8196,0.006289514247328,0.1454029530286789,0.4142144620418548,0.434093028306961
8197,0.0014974914956837,0.136922687292099,0.6136448979377747,0.247934952378273
8198,0.0088189905509352,0.3929893374443054,0.5288249254226685,0.0693667382001876
8199,0.006242140661925,0.2306031137704849,0.553188145160675,0.2099665403366089
8200,0.0014197423588484,0.1010990291833877,0.3998543918132782,0.4976268410682678
8201,0.0051620556041598,0.1352276802062988,0.4230899810791015,0.4365203082561493
8202,8.057207014644518e-05,0.0040054135024547,0.0310165788978338,0.9648974537849426
8203,0.0072199385613203,0.207726314663887,0.5141275525093079,0.2709262073040008
8204,0.004778382834047,0.1765275746583938,0.4507789611816406,0.3679150938987732
8205,0.0043050842359662,0.1318508982658386,0.3584078848361969,0.50543612241745
8206,0.0029308667872101,0.0856524780392646,0.3440968692302704,0.5673198103904724
8207,0.0006624500383622,0.0644774064421653,0.3325997591018677,0.602260410785675
8208,0.003708389122039,0.2024711966514587,0.5418409705162048,0.2519794702529907
8209,0.0061970152892172,0.2218924164772033,0.5000423192977905,0.2718682885169983
8210,4.774185435962863e-05,0.0053484309464693,0.037125464528799,0.957478404045105
8211,0.0002048664900939,0.0115403924137353,0.0996937677264213,0.888560950756073
8212,0.0017103349091485,0.0738705471158027,0.2660180628299713,0.6584010124206543
8213,0.004190188832581,0.239755779504776,0.523674726486206,0.2323792576789856
8214,0.0739406645298004,0.3874213695526123,0.3527511656284332,0.185886800289154
8215,0.0028746239840984,0.0776954516768455,0.327110081911087,0.5923198461532593
8216,0.0001208120811497,0.0073584993369877,0.0436894260346889,0.94883131980896
8217,0.0001080400979844,0.0094262398779392,0.0729936361312866,0.9174721240997314
8218,0.0017620644066482,0.0703854188323021,0.2495380043983459,0.6783145070075989
8219,1.814347524486948e-05,0.0010220452677458,0.0098495986312627,0.9891101717948914
8220,0.001530693960376,0.1356524676084518,0.571118175983429,0.2916986346244812
8221,0.0015091015957295,0.0427455231547355,0.1491965353488922,0.8065488338470459
8222,0.0010024647926911,0.0660202652215957,0.335278570652008,0.5976986885070801
8223,0.0001473414158681,0.0086982520297169,0.0613286569714546,0.929825723171234
8224,0.0269541554152965,0.3899476528167724,0.4418685734272003,0.1412296891212463
8225,0.0702953934669494,0.4583835005760193,0.3460060358047485,0.1253150701522827
8226,0.0011680491734296,0.0885404869914054,0.3846023380756378,0.5256890654563904
8227,9.354902431368828e-05,0.0036788687575608,0.0228906907141208,0.973336935043335
8228,0.0001221651182277,0.0095543190836906,0.0603851564228534,0.9299383163452148
8229,0.0065645198337733,0.1615483462810516,0.3419978022575378,0.4898892641067505
8230,0.0038381696213036,0.1485981345176696,0.4436320960521698,0.4039316177368164
8231,0.0003006325860042,0.0446178317070007,0.3854392766952514,0.5696423053741455
8232,5.096168752061203e-05,0.003152887802571,0.0215460788458585,0.975250005722046
8233,0.0001329458464169,0.0206778198480606,0.1786291003227234,0.8005600571632385
8234,0.016669537872076,0.3096547126770019,0.4435599148273468,0.2301158607006073
8235,0.001368926372379,0.1396342813968658,0.6558300852775574,0.2031666785478592
8236,2.98855229630135e-05,0.0013111032312735,0.0104750264436006,0.9881839752197266
8237,7.724619354121387e-05,0.0042174994014203,0.0262421630322933,0.9694631099700928
8238,0.0003028101928066,0.0196332782506942,0.1320890039205551,0.8479748368263245
8239,0.0380363911390304,0.3841539025306701,0.3963482677936554,0.1814614683389663
8240,0.037147756665945,0.2347810566425323,0.3469839096069336,0.3810872733592987
8241,9.042734745889902e-05,0.0099733481183648,0.1465572714805603,0.8433789610862732
8242,0.0014458700316026,0.0867006331682205,0.3375913500785827,0.574262261390686
8243,0.000123589663417,0.0066431518644094,0.0376360155642032,0.9555972218513488
8244,0.0004063372616656,0.0349023193120956,0.2745279967784881,0.6901633143424988
8245,0.0024036129470914,0.1105090975761413,0.3680514991283417,0.519035816192627
8246,0.0017076961230486,0.1444083601236343,0.5711461305618286,0.2827378511428833
8247,0.0001491881266701,0.0111334370449185,0.0903510674834251,0.8983662724494934
8248,0.0004745533806271,0.0507287979125976,0.3307933509349823,0.6180033087730408
8249,0.0013498555636033,0.1253672689199447,0.5531463623046875,0.320136547088623
8250,0.0007306116167455,0.0398900397121906,0.1705880761146545,0.7887912392616272
8251,0.000700493925251,0.0332284197211265,0.1610202938318252,0.8050508499145508
8252,0.0002459639217704,0.0180709306150674,0.1377657204866409,0.8439173698425293
8253,0.0007703630253672,0.0317488498985767,0.1357726156711578,0.8317081332206726
8254,0.0043816305696964,0.1221861839294433,0.3426796197891235,0.5307525396347046
8255,0.0004456656461115,0.0157102569937706,0.084928847849369,0.8989152908325195
8256,0.0166380703449249,0.2522557377815246,0.4496944844722748,0.2814116179943084
8257,0.0162378884851932,0.369572639465332,0.4671835601329803,0.1470058262348175
8258,0.0033939199056476,0.2961113452911377,0.5981613993644714,0.1023333445191383
8259,0.0006415630341507,0.1521553695201873,0.692651629447937,0.1545514613389969
8260,0.0001311251689912,0.0076209199614822,0.0545788742601871,0.9376689791679382
8261,0.0004069281276315,0.0247854366898536,0.1667517572641372,0.8080559372901917
8262,0.0005477792583405,0.0456038489937782,0.2624320089817047,0.6914162635803223
8263,0.034284122288227,0.3202356994152069,0.4111908078193664,0.2342894375324249
8264,0.0001662195281824,0.0089345797896385,0.0506178438663482,0.940281331539154
8265,0.0016460261540487,0.0496309176087379,0.1844012439250946,0.7643218636512756
8266,2.6176421670243144e-05,0.0020472116302698,0.017141094431281,0.9807854294776917
8267,3.990199184045196e-05,0.003648426849395,0.031028963625431,0.9652827382087708
8268,0.0002145483449567,0.0106656672433018,0.0585660301148891,0.9305537343025208
8269,0.0002428258594591,0.0124545916914939,0.0864519998431205,0.900850474834442
8270,0.0012739958474412,0.1259529292583465,0.5139665603637695,0.3588064908981323
8271,0.0003438128624111,0.0256576612591743,0.1243334636092186,0.8496650457382202
8272,0.0003553772112354,0.0597652569413185,0.3548426926136017,0.5850366950035095
8273,0.0023714213166385,0.2381413727998733,0.6081153154373169,0.151371881365776
8274,0.0002244252536911,0.0280478615313768,0.1772679388523101,0.7944598197937012
8275,0.0005743505316786,0.0255940444767475,0.1129262074828147,0.8609054088592529
8276,0.0014381045475602,0.0749222561717033,0.2963232696056366,0.6273163557052612
8277,0.0002097810793202,0.015901830047369,0.1156778559088707,0.86821049451828
8278,0.0002001797547563,0.0140336854383349,0.0758653879165649,0.9099007844924928
8279,0.0003709281154442,0.0294664669781923,0.1982448697090149,0.7719177007675171
8280,0.0001898372574942,0.0098901269957423,0.0569137446582317,0.9330062866210938
8281,0.0012164865620434,0.0339229516685009,0.1300399750471115,0.8348206281661987
8282,0.0006419336423277,0.0264559108763933,0.1498829424381256,0.82301926612854
8283,0.0001036348112393,0.0065126279368996,0.0418092682957649,0.9515745043754578
8284,0.0001475930621381,0.0070011792704463,0.0318712294101715,0.9609799981117249
8285,3.436807310208678e-05,0.0024473303928971,0.0255017653107643,0.972016453742981
8286,0.0005245089996606,0.0281932428479194,0.1727045476436615,0.7985777258872986
8287,0.0027934017125517,0.1728216707706451,0.4697779715061188,0.3546070158481598
8288,0.0022333678789436,0.1076096966862678,0.3263223767280578,0.5638344883918762
8289,0.023083297535777,0.212270051240921,0.3554854393005371,0.409161239862442
8290,0.0003346641606185,0.0174353048205375,0.1154828742146492,0.8667470812797546
8291,7.103678944986314e-05,0.002837554551661,0.0179338958114385,0.9791575074195862
8292,4.377041841507889e-05,0.0033701355569064,0.0324784852564334,0.964107632637024
8293,0.0079903732985258,0.2060744613409042,0.471709132194519,0.3142260313034057
8294,0.00248673860915,0.1275453567504882,0.4247909188270569,0.4451770484447479
8295,0.000801129033789,0.0368329100310802,0.1870529651641845,0.7753129601478577
8296,0.0010655882069841,0.0659256055951118,0.2566984295845032,0.6763103008270264
8297,0.0031947724055498,0.2421702146530151,0.5630626082420349,0.1915724128484726
8298,0.0002049117174465,0.0196352005004882,0.1321019381284713,0.8480579257011414
8299,6.910519732628018e-05,0.0040796031244099,0.0283180568367242,0.9675331115722656
8300,0.0003418138658162,0.0593090057373046,0.47384774684906,0.4665014147758484
8301,0.0007756275008432,0.0687373057007789,0.3178381025791168,0.6126489639282227
8302,5.664169657393359e-05,0.0056880363263189,0.0376747511327266,0.9565806984901428
8303,0.0001616490626474,0.0189783219248056,0.1218355819582939,0.8590245246887207
8304,0.0004005319206044,0.0389844626188278,0.3114653825759887,0.6491495966911316
8305,0.0001908674603328,0.0096378596499562,0.0521017722785472,0.9380694031715392
8306,2.0653611500165425e-05,0.0017465368146076,0.0199880544096231,0.9782447218894958
8307,6.511813990073279e-05,0.0043560820631682,0.0250675212591886,0.970511257648468
8308,0.0032451709266752,0.1886074990034103,0.5543482303619385,0.2537991106510162
8309,0.0059094107709825,0.1366156041622162,0.3953103721141815,0.4621646404266357
8310,0.0154757192358374,0.3108381330966949,0.4666232764720917,0.2070628255605697
8311,0.0037331001367419,0.1236233115196228,0.3521700501441955,0.5204735398292542
8312,0.0002777296758722,0.018578739836812,0.1269626468420028,0.8541808724403381
8313,5.657403380610049e-05,0.0056812418624758,0.0388242416083812,0.9554380178451538
8314,0.0031442509498447,0.1423196792602539,0.4967444539070129,0.3577916324138641
8315,0.137560099363327,0.4581451416015625,0.3004589080810547,0.1038358211517334
8316,0.0004313645476941,0.0250706616789102,0.1442716866731643,0.8302263021469116
8317,0.0035753869451582,0.0788717791438102,0.246767982840538,0.6707848310470581
8318,0.0075638857670128,0.1981471627950668,0.5059865117073059,0.2883024215698242
8319,0.0005600760341621,0.0315498001873493,0.1413964033126831,0.8264937400817871
8320,0.0059126527048647,0.2184308618307113,0.4770968556404114,0.2985596060752868
8321,7.936415931908414e-05,0.0064039607532322,0.0430846437811851,0.9504320025444032
8322,0.0003964467323385,0.0197082310914993,0.1016627922654151,0.878232479095459
8323,0.0001109776931116,0.0103070065379142,0.0761590525507927,0.9134228825569152
8324,0.0002185305493185,0.019981276243925,0.116795040667057,0.8630051016807556
8325,0.00221350020729,0.1576220393180847,0.4560944736003876,0.3840700685977936
8326,6.292816397035494e-05,0.0044116047210991,0.0278822015970945,0.9676432609558104
8327,0.0001672723592491,0.0079346811398863,0.0456609316170215,0.9462370276451112
8328,0.0012500807642936,0.1538084745407104,0.6786348223686218,0.1663066297769546
8329,0.028869517147541,0.3743856251239776,0.4959803521633148,0.1007645204663276
8330,0.0011953747598454,0.0508286282420158,0.2463084757328033,0.7016675472259521
8331,0.0005784544628113,0.0238397549837827,0.1085249036550521,0.8670569062232971
8332,0.0001682712318142,0.0114337783306837,0.0657968446612358,0.922601044178009
8333,0.0116420108824968,0.1509758979082107,0.379553347826004,0.4578287303447723
8334,0.0002286467206431,0.0141458716243505,0.0966694876551628,0.8889560699462891
8335,0.0007066979887895,0.0265186447650194,0.1082126423716545,0.8645620942115784
8336,0.0006160364137031,0.3092966377735138,0.6650922894477844,0.0249950010329484
8337,0.0007213904173113,0.102161020040512,0.6558454632759094,0.2412720918655395
8338,0.0008115312666632,0.0329269878566265,0.1302287727594375,0.8360326886177063
8339,0.0023735100403428,0.0993595272302627,0.4666688740253448,0.4315981268882751
8340,0.0012047974159941,0.0617943219840526,0.272649347782135,0.6643515825271606
8341,0.0022151528391987,0.2683243155479431,0.604678213596344,0.1247823908925056
8342,0.0015263651730492,0.1290744394063949,0.5185384750366211,0.3508607149124145
8343,0.0003618543851189,0.032068096101284,0.2026766091585159,0.7648934721946716
8344,6.955050048418343e-05,0.0057902340777218,0.0354694873094558,0.9586707949638368
8345,0.0002512840728741,0.0122982114553451,0.0696741119027137,0.9177764654159546
8346,6.732976908097044e-05,0.0037339709233492,0.0235994216054677,0.9725993275642396
8347,2.57523097388912e-05,0.0022119933273643,0.0176726635545492,0.9800896644592284
8348,0.0013358673313632,0.1891812682151794,0.6203015446662903,0.1891812682151794
8349,0.0005797649500891,0.1684674322605133,0.7550186514854431,0.0759342238306999
8350,9.755665087141097e-05,0.0057592252269387,0.0406064949929714,0.9535367488861084
8351,0.0006208260310813,0.0281007327139377,0.1239862367510795,0.8472921848297119
8352,0.0032290739472955,0.1630522012710571,0.543046772480011,0.2906720042228699
8353,0.0004065980319865,0.0371771678328514,0.2386671304702758,0.7237491011619568
8354,0.0071419086307287,0.1991593092679977,0.42162024974823,0.3720785677433014
8355,6.254672916838899e-05,0.0033619918394833,0.0196515955030918,0.9769237637519836
8356,0.0005547645851038,0.0507247298955917,0.3307667970657348,0.6179537177085876
8357,0.0001985728158615,0.0264174714684486,0.1891945302486419,0.7841894626617432
8358,3.2603500585537404e-05,0.0020171070937067,0.0163694117218256,0.981580913066864
8359,4.803589763469063e-05,0.0026226709596812,0.0187828317284584,0.9785464406013488
8360,9.373721695737912e-05,0.0088429013267159,0.0604302659630775,0.930633008480072
8361,7.095430919434875e-05,0.0041238237172365,0.0329471863806247,0.9628579616546632
8362,4.105055995751172e-05,0.0026203270535916,0.0196666456758976,0.9776719212532043
8363,0.0002217566216131,0.0160398315638303,0.0801941081881523,0.9035442471504213
8364,0.0020342904608696,0.127839058637619,0.3876671493053436,0.482459545135498
8365,0.0011942007113248,0.25787553191185,0.65850830078125,0.0824219807982444
8366,8.879413508111611e-05,0.0061284401454031,0.0405917726457119,0.9531909823417664
8367,0.0050817127339541,0.1462069749832153,0.3912701606750488,0.4574411511421203
8368,0.0024057766422629,0.1039071455597877,0.3741840422153473,0.5195030570030212
8369,0.0175026822835207,0.2612503468990326,0.4110044836997986,0.3102424442768097
8370,0.000160327006597,0.0076052229851484,0.0417608916759491,0.9504734873771667
8371,0.0001037549372995,0.00824227463454,0.0537463873624801,0.937907576560974
8372,0.0004884834052063,0.0275168940424919,0.1292405277490615,0.842754065990448
8373,0.0128077324479818,0.2572501897811889,0.4806066155433655,0.2493354380130767
8374,6.0547725297510624e-05,0.0038049451541155,0.0355406366288661,0.9605937600135804
8375,0.0001563981641083,0.0081480182707309,0.0499126650393009,0.9417828917503356
8376,0.0054779341444373,0.1135198846459388,0.3134384453296661,0.5675637125968933
8377,6.664251122856513e-05,0.0043208943679928,0.0329408124089241,0.9626716375350952
8378,0.0725421085953712,0.404607355594635,0.3515289723873138,0.1713215410709381
8379,0.0008970139897428,0.1020733043551445,0.4869644939899444,0.410065233707428
8380,0.0004184504796285,0.0214624144136905,0.1073053181171417,0.8708138465881348
8381,6.429386849049479e-05,0.0030025416053831,0.0236168187111616,0.973316252231598
8382,0.001217731507495,0.1645541489124298,0.4912679195404053,0.3429602682590484
8383,0.000202554045245,0.0129293696954846,0.0804492384195327,0.906418800354004
8384,0.0112061165273189,0.3541019260883331,0.4916218221187591,0.143070101737976
8385,8.836862252792343e-05,0.004392996430397,0.0319568552076816,0.9635617733001708
8386,0.0004324844339862,0.0727327018976211,0.4525580704212188,0.4742767512798309
8387,0.0001725267065921,0.0111860977485775,0.0718116536736488,0.9168297648429872
8388,9.77121526375413e-05,0.0043542212806642,0.0254513975232839,0.9700966477394104
8389,0.0008172421948984,0.049005389213562,0.2412129789590835,0.7089643478393555
8390,0.0060135326348245,0.298945814371109,0.5165320038795471,0.1785086989402771
8391,0.0105936815962195,0.373440146446228,0.4947278201580047,0.1212382689118385
8392,0.0003540686448104,0.0260133650153875,0.2014387845993042,0.7721937894821167
8393,0.0097619509324431,0.2022980898618698,0.4216254353523254,0.3663145303726196
8394,0.0021959096193313,0.1025495752692222,0.3579331934452057,0.5373213291168213
8395,0.0023652932140976,0.0808141455054283,0.291022926568985,0.6257976293563843
8396,0.0052505955100059,0.1970271319150924,0.5110495090484619,0.2866727709770202
8397,0.0111799137666821,0.2666651308536529,0.4904722571372986,0.2316827028989792
8398,3.616167668951675e-05,0.002828141208738,0.0212263781577348,0.9759092926979064
8399,0.0003897051210515,0.0179171804338693,0.0909909531474113,0.8907021880149841
8400,0.006362612824887,0.1719689816236496,0.4460535943508148,0.3756148219108581
8401,0.0077144666574895,0.1433045864105224,0.3717038333415985,0.4772771596908569
8402,0.0005285341176204,0.0433194637298584,0.223458781838417,0.7326931953430176
8403,0.000530146935489,0.0434516593813896,0.1858191788196563,0.7701990008354187
8404,0.0005905993748456,0.0271535459905862,0.1275339424610138,0.8447219729423523
8405,0.0005820512888021,0.040804948657751,0.1886801719665527,0.7699328660964966
8406,0.0001263728772755,0.0071187461726367,0.0457003787159919,0.9470545053482056
8407,0.0001658229302847,0.0405755415558815,0.5020955204963684,0.4571631550788879
8408,0.0016194840427488,0.0986405611038208,0.3664941489696502,0.5332458019256592
8409,0.0011505481088533,0.0832200571894645,0.3729664385318756,0.5426629185676575
8410,6.818559631938115e-05,0.0052499999292194,0.0400239489972591,0.9546578526496888
8411,0.0002597453712951,0.0209590718150138,0.1283898800611496,0.8503912687301636
8412,0.006123639177531,0.0845342352986335,0.2125190198421478,0.6968231201171875
8413,9.24478517845273e-05,0.0045957844704389,0.0334320329129695,0.9618797302246094
8414,0.0005767232505604,0.0398045890033245,0.2085611373186111,0.751057505607605
8415,0.0075092245824635,0.1709091663360595,0.3851497769355774,0.4364318549633026
8416,0.0014168884372338,0.1798661947250366,0.6180616617202759,0.2006552368402481
8417,0.0129171665757894,0.3834396302700043,0.4771983027458191,0.1264449805021286
8418,0.0001881276548374,0.0154192307963967,0.1021293774247169,0.88226318359375
8419,0.0028017114382237,0.1349940150976181,0.5174849629402161,0.3447193205356598
8420,0.0001289456704398,0.0067178010940551,0.0417995601892471,0.9513536095619202
8421,0.0003090836398769,0.018825864419341,0.1153224110603332,0.8655427098274231
8422,6.893165118526667e-05,0.0030240898486226,0.0166055187582969,0.9803014397621156
8423,0.0604927204549312,0.3883465230464935,0.3705628514289856,0.1805979162454605
8424,0.0007576101925224,0.0650748908519744,0.2871238887310028,0.6470436453819275
8425,0.0001673718361416,0.0108518730849027,0.0568597428500652,0.9321209788322448
8426,0.0001336378481937,0.0083980811759829,0.0506469160318374,0.9408213496208192
8427,0.0002535568200983,0.0207819063216447,0.1488341689109802,0.8301303386688232
8428,0.0021442535798996,0.0911759883165359,0.263826459646225,0.6428532600402832
8429,6.903284520376474e-05,0.0059295720420777,0.0424659289419651,0.9515355229377748
8430,0.0012099691666662,0.0446998365223407,0.1740503907203674,0.7800397276878357
8431,0.0002098397526424,0.019186632707715,0.112150177359581,0.868453323841095
8432,0.0001245609018951,0.0073534124530851,0.0443467535078525,0.9481753706932068
8433,8.113349031191319e-05,0.005687897093594,0.0376738272607326,0.9565572142601012
8434,0.0002048767491942,0.0122852986678481,0.0706970170140266,0.9168128371238708
8435,0.000196860928554,0.0163891147822141,0.0885987132787704,0.8948153257369995
8436,5.040587711846456e-05,0.0027520677540451,0.0173936020582914,0.9798039197921752
8437,4.111386078875512e-05,0.002973798662424,0.0329862274229526,0.9639988541603088
8438,1.3204548849898856e-05,0.0013469007099047,0.0147085823118686,0.9839313626289368
8439,0.008307253010571,0.2280646115541458,0.4753274917602539,0.2883006930351257
8440,0.0027222398202866,0.0846863985061645,0.2568083107471466,0.6557830572128296
8441,0.0011037691729143,0.0661867782473564,0.2537198960781097,0.678989589214325
8442,6.098170706536621e-05,0.0041436152532696,0.0283164698630571,0.96747887134552
8443,0.0021051669027656,0.0686327442526817,0.2981270551681518,0.6311349868774414
8444,0.0006766951410099,0.1120382770895958,0.5779374241828918,0.3093476295471191
8445,0.0005519082187674,0.0942783430218696,0.6147719621658325,0.2903977334499359
8446,0.009949954226613,0.3346861004829407,0.4646655917167663,0.1906983703374862
8447,0.0015999362803995,0.1710299700498581,0.6764366626739502,0.1509334295988083
8448,0.0020093820057809,0.090951569378376,0.4076166749000549,0.4994223713874817
8449,0.0001479656493756,0.0119394715875387,0.0828763619065284,0.9050361514091492
8450,7.686758908675984e-05,0.0046819006092846,0.0305298212915658,0.9647114872932434
8451,9.108689846470952e-05,0.0072359284386038,0.0596463941037654,0.9330266118049622
8452,0.0008948735776357,0.0627354755997657,0.2404896914958953,0.6958799362182617
8453,6.870515062473714e-05,0.0081933168694376,0.0880864560604095,0.9036515355110168
8454,0.0002723468933254,0.02609702385962,0.1989535391330719,0.7746770977973938
8455,0.0004796935245394,0.0381067767739295,0.2645134627819061,0.6969001293182373
8456,9.48734232224524e-05,0.0093796113505959,0.1056797504425048,0.8848456740379333
8457,0.0004574122140184,0.0341352224349975,0.2123964875936508,0.7530109286308289
8458,4.870322300121188e-05,0.002920456463471,0.020271984860301,0.9767589569091796
8459,6.525223579956219e-05,0.004794071894139,0.037708293646574,0.9574323892593384
8460,0.000367110595107,0.0206798091530799,0.1266791820526123,0.8522738218307495
8461,0.0004951965529471,0.0213878825306892,0.1103270798921585,0.8677898049354553
8462,0.0002949638001155,0.0125421797856688,0.0511799231171608,0.9359830021858216
8463,0.0002472110209055,0.0113658364862203,0.0568256080150604,0.9315614104270936
8464,0.0015503878239542,0.0873353332281112,0.3676955103874206,0.5434187054634094
8465,0.0066491239704191,0.2307558208703994,0.5282053351402283,0.2343896925449371
8466,0.0054375100880861,0.1857814937829971,0.5210370421409607,0.2877439558506012
8467,0.0032524408306926,0.1832141727209091,0.5384963750839233,0.2750370502471924
8468,0.0073429108597338,0.2712688446044922,0.5067968964576721,0.2145913243293762
8469,0.0024465657770633,0.1008299365639686,0.3254830241203308,0.5712404847145081
8470,0.0004221567360218,0.0320003367960453,0.1676697582006454,0.7999076843261719
8471,3.0450004487647675e-05,0.0028725662268698,0.0212255530059337,0.9758713841438292
8472,4.543146496871486e-05,0.0044219228439033,0.0406632460653781,0.9548693895339966
8473,0.0002399584773229,0.0115618482232093,0.0697268694639206,0.918471336364746
8474,0.0013627965236082,0.0480402298271656,0.1991212517023086,0.7514756917953491
8475,0.0001694071834208,0.0079113626852631,0.0484629683196544,0.94345623254776
8476,5.276892989058979e-05,0.0029725418426096,0.0182090252637863,0.9787657856941224
8477,3.063097028643824e-05,0.0021812133491039,0.0161171071231365,0.9816710948944092
8478,0.0150161189958453,0.4122476279735565,0.4527654349803924,0.11997090280056
8479,0.0006019480642862,0.0428643636405468,0.3167271912097931,0.6398065090179443
8480,0.0001550190936541,0.0196788236498832,0.2182831466197967,0.761883020401001
8481,0.0018337692599743,0.089747354388237,0.3231926262378692,0.5852262377738953
8482,0.0006320686079561,0.035053227096796,0.1282193809747696,0.8360953330993652
8483,0.0001256218965863,0.0065446393564343,0.0370779037475585,0.9562518000602722
8484,0.0028467935044318,0.1371661871671676,0.456833153963089,0.4031538367271423
8485,0.0039156633429229,0.1492480486631393,0.4597163498401642,0.3871200084686279
8486,0.0002953228540718,0.0203827489167451,0.1392907947301864,0.8400310277938843
8487,4.056725447298959e-05,0.0024708963464945,0.0161122679710388,0.98137629032135
8488,0.0022057010792195,0.1407936662435531,0.5397172570228577,0.3172833919525146
8489,0.0003096871078014,0.0220526363700628,0.1629481613636016,0.8146895170211792
8490,0.0006087658694013,0.0491218231618404,0.2826765775680542,0.6675928235054016
8491,4.431832712725736e-05,0.0044505074620246,0.0344632342457771,0.9610419273376464
8492,0.0002552211517468,0.0272826272994279,0.1751469224691391,0.797315239906311
8493,0.0001880456547951,0.0180190503597259,0.1270466744899749,0.8547461628913879
8494,0.0003141573688481,0.0151369497179985,0.0768717676401138,0.907677173614502
8495,0.0054642832837998,0.1753848940134048,0.4478610157966614,0.371289849281311
8496,0.0001455217425245,0.0073481258004903,0.0450127273797988,0.9474936723709106
8497,6.696114724036306e-05,0.0051557221449911,0.0424990691244602,0.952278196811676
8498,6.284836126724258e-05,0.0043377014808356,0.0291832387447357,0.9664161205291748
8499,0.0001064866082742,0.0064859539270401,0.0457304269075393,0.947677195072174
8500,5.326665996108204e-05,0.0040377206169068,0.0383088290691375,0.9576001763343812
8501,2.8817725251428783e-05,0.0021505753975361,0.0146965151652693,0.9831241369247437
8502,0.0103350086137652,0.2175463885068893,0.5137758851051331,0.2583427131175995
8503,0.00012489274377,0.0068189119920134,0.0570940524339675,0.9359620809555054
8504,0.0003263159305788,0.0208293013274669,0.1337183564901352,0.8451259732246399
8505,0.0002778120106086,0.0119988927617669,0.0638597607612609,0.9238635301589966
8506,0.0032945945858955,0.1236287578940391,0.3360578119754791,0.5370188355445862
8507,8.26012110337615e-05,0.0038574989885091,0.0221983753144741,0.9738614559173584
8508,0.0013858103193342,0.1504732072353363,0.5090442895889282,0.3390966355800628
8509,0.0001832322159316,0.0255464650690555,0.2276931554079055,0.7465771436691284
8510,0.0008263429626822,0.0570329837501049,0.2363951355218887,0.7057454586029053
8511,3.057227149838582e-05,0.0019514801679179,0.0182280763983726,0.9797898530960084
8512,0.0053280517458915,0.2732768654823303,0.494840532541275,0.2265545129776001
8513,0.0003192122676409,0.0380671247839927,0.3844643533229828,0.5771493315696716
8514,0.0001352021645288,0.0083646615967154,0.0689506381750106,0.9225494265556335
8515,7.230512710520998e-05,0.0026297527365386,0.0161091871559619,0.981188714504242
8516,9.305465209763496e-05,0.0054934513755142,0.0412306413054466,0.9531827569007874
8517,0.001266346196644,0.0467825680971145,0.1850286722183227,0.7669224739074707
8518,2.647593828442041e-05,0.0021032441873103,0.0212420132011175,0.9766281843185424
8519,0.0003467529604677,0.0180651061236858,0.0835322067141532,0.898055911064148
8520,0.0007678074762225,0.0262334048748016,0.144049733877182,0.8289490342140198
8521,0.0006228738930076,0.0300117451697587,0.1454327404499054,0.8239326477050781
8522,0.0015404204605147,0.0587141327559948,0.2017552554607391,0.7379900813102722
8523,0.000210462603718,0.0104625560343265,0.0621190518140792,0.9272078275680542
8524,0.0001902091171359,0.0114057632163167,0.0535702444612979,0.934833824634552
8525,8.330440323334187e-05,0.0055726519785821,0.0571681000292301,0.937175989151001
8526,0.0025727606844156,0.0684586241841316,0.2043796926736831,0.724588930606842
8527,0.0005123972077853,0.0258735138922929,0.1560372710227966,0.8175768256187439
8528,2.6977506422554143e-05,0.0020449494477361,0.0182264354079961,0.9797016382217408
8529,0.002700243378058,0.1342349797487259,0.4685261249542236,0.3945385813713074
8530,0.0284098628908395,0.2824810147285461,0.4110074639320373,0.2781015634536743
8531,0.0001094641338568,0.0058838808909058,0.0349342115223407,0.959072470664978
8532,0.0039612869732081,0.2031752616167068,0.5107825398445129,0.2820808887481689
8533,0.0002051325282081,0.0143809001892805,0.1364421844482422,0.8489717841148376
8534,0.0001223878061864,0.0101890582591295,0.1280684024095535,0.8616201281547546
8535,0.0034038247540593,0.1718762218952179,0.4188025593757629,0.4059173762798309
8536,0.0027520798612385,0.1411547809839248,0.4280465543270111,0.4280465543270111
8537,0.0017739018658176,0.1547686904668808,0.6217615008354187,0.2216959148645401
8538,4.045675814268179e-05,0.0021746188867837,0.0190816763788461,0.9787032008171082
8539,0.0001899836788652,0.0119389705359935,0.0828728824853897,0.9049981832504272
8540,0.0022628421429544,0.0611601993441581,0.1797598153352737,0.7568170428276062
8541,6.998189201112837e-05,0.0052225259132683,0.0597686395049095,0.9349388480186462
8542,2.61136610788526e-05,0.0024634881410747,0.0190764255821704,0.9784339070320128
8543,3.115904837613925e-05,0.0019277421524748,0.0149277867749333,0.9831132888793944
8544,0.0119646489620208,0.5500897169113159,0.4087919592857361,0.0291536878794431
8545,0.0062823300249874,0.3172264695167541,0.5312543511390686,0.1452368646860122
8546,0.0003430074721109,0.0222395453602075,0.1028346046805381,0.8745827674865723
8547,0.004701605066657,0.2030655741691589,0.5434316396713257,0.2488011419773101
8548,0.0034986762329936,0.1940293908119201,0.5111993551254272,0.2912725806236267
8549,0.0015614291187375,0.0966022014617919,0.3371748030185699,0.5646615624427795
8550,7.590747554786503e-05,0.0054053268395364,0.0418570376932621,0.9526617527008056
8551,0.0003692735626827,0.0243195965886116,0.1443920880556106,0.8309191465377808
8552,0.0002739585470408,0.0125955874100327,0.0902060568332672,0.8969243764877319
8553,0.0001215702068293,0.0104422671720385,0.0783735588192939,0.9110625982284546
8554,0.0033852737396955,0.1138702481985092,0.2953569591045379,0.5873875021934509
8555,0.000429982173955,0.0320882052183151,0.2484802901744842,0.7190015316009521
8556,0.0009112833649851,0.0590847916901111,0.3047825396060943,0.6352214217185974
8557,0.0024327102582901,0.1787308305501938,0.5505297183990479,0.2683067619800567
8558,0.0016068860422819,0.0427576526999473,0.1613657027482986,0.7942698001861572
8559,0.0003339507093187,0.0213166419416666,0.1134500950574874,0.8648992776870728
8560,0.00027929971111,0.0263483393937349,0.1276803910732269,0.845691978931427
8561,0.0005039262468926,0.03702337667346,0.2303671985864639,0.7321054935455322
8562,0.0003594966256059,0.0255995448678731,0.1129504814743995,0.8610904812812805
8563,0.0002135201939381,0.0132100274786353,0.0748398974537849,0.9117366671562196
8564,0.004370636306703,0.1614642292261123,0.452837586402893,0.3813275098800659
8565,0.0001191422416013,0.0079700266942381,0.0561941564083099,0.93571674823761
8566,4.211969644529745e-05,0.0019064833177253,0.0104686524718999,0.9875827431678772
8567,8.60837462823838e-05,0.0052432436496019,0.0412413105368614,0.9534293413162231
8568,0.0001218287361552,0.0059624770656228,0.0370997786521911,0.9568158984184264
8569,4.6719051169930026e-05,0.0023962301202118,0.0156253837049007,0.9819316864013672
8570,0.003852168796584,0.2786304652690887,0.6181686520576477,0.099348746240139
8571,0.0021382526028901,0.1302380412817001,0.4405896365642547,0.4270341098308563
8572,0.0001224690349772,0.0056306673213839,0.0324022509157657,0.9618446826934814
8573,0.0013497895561158,0.0426519811153411,0.1512144058942794,0.804783821105957
8574,0.0001578417723067,0.0151248313486576,0.1327161788940429,0.8520011305809021
8575,0.0002898263628594,0.0206383652985095,0.1151115596294403,0.8639602065086365
8576,0.0016892375424504,0.3591184616088867,0.5920862555503845,0.0471060909330844
8577,0.0002708301472011,0.0303405988961458,0.1493416428565979,0.8200469613075256
8578,0.000132712200866,0.0102182747796177,0.0698292329907417,0.9198197722434998
8579,0.0120023675262928,0.2030046433210373,0.3618949353694916,0.4230980277061462
8580,0.0001753329415805,0.0106792915612459,0.0718482658267021,0.9172971248626708
8581,5.634770059259608e-05,0.0022508008405566,0.0158696919679641,0.9818230867385864
8582,0.0008184501784853,0.0453895628452301,0.1739960014820099,0.7797959446907043
8583,0.0032477178610861,0.1317725777626037,0.4895945489406585,0.3753851652145386
8584,0.0006253863102756,0.0711641535162925,0.4568541646003723,0.4713562726974487
8585,0.0101643484085798,0.2970457971096039,0.482152909040451,0.2106370031833648
8586,3.705252311192453e-05,0.003283652011305,0.0274936817586421,0.9691856503486632
8587,3.289158848929219e-05,0.0024932490196079,0.0225720349699258,0.974901795387268
8588,3.285974526079372e-05,0.0023767715319991,0.0236323866993188,0.973957896232605
8589,0.0031302515417337,0.1086344271898269,0.3618079125881195,0.5264273881912231
8590,0.0011987990001216,0.0696735084056854,0.3272404074668884,0.6018872261047363
8591,0.0006298204534687,0.0532596744596958,0.399736076593399,0.5463744401931763
8592,4.196150621282868e-05,0.0029880544170737,0.0283498689532279,0.9686200618743896
8593,0.0003777064266614,0.0281870309263467,0.1476894915103912,0.8237457871437073
8594,0.0011227364884689,0.0395778268575668,0.1888152658939361,0.7704840898513794
8595,0.0001083373863366,0.0062965066172182,0.0443946979939937,0.9492003917694092
8596,0.0005966026801615,0.0445225611329078,0.2903235852718353,0.6645572781562805
8597,0.0063721211627125,0.1669271290302276,0.4004373848438263,0.4262633621692657
8598,0.0023873671889305,0.0569438785314559,0.2360258102416992,0.7046428918838501
8599,0.0224644970148801,0.3981927037239074,0.4305489957332611,0.1487937569618225
8600,0.0006500981980934,0.0366208627820014,0.1918796151876449,0.7708494663238525
8601,0.0015092781977728,0.1058085709810257,0.4742011129856109,0.4184809923171997
8602,0.007520729675889,0.2163804322481155,0.4303238689899444,0.3457749485969543
8603,7.99787521827966e-05,0.0074279932305216,0.0641680732369422,0.9283239245414734
8604,0.002036839723587,0.085265889763832,0.347938060760498,0.5647591948509216
8605,0.011937653645873,0.4919846653938293,0.4078696072101593,0.0882079899311065
8606,7.149687735363841e-05,0.0095117092132568,0.0931092575192451,0.8973074555397034
8607,0.0009801002452149,0.0855113789439201,0.3382040560245514,0.5753045082092285
8608,0.0004097869968973,0.0210180636495351,0.0987170040607452,0.8798550963401794
8609,0.003643836826086,0.2084943950176239,0.532409131526947,0.2554526627063751
8610,0.0003069782396778,0.018122361972928,0.121923841536045,0.8596467971801758
8611,0.0003019586729351,0.0134557951241731,0.0575431361794471,0.9286991357803344
8612,3.503013067529537e-05,0.0041774595156311,0.0355282574892044,0.9602592587471008
8613,3.930004459107295e-05,0.0037074540741741,0.0305608659982681,0.965692400932312
8614,0.0030161803588271,0.1167740896344184,0.3486230373382568,0.5315866470336914
8615,0.0004359184240456,0.03202685713768,0.2154706716537475,0.7520665526390076
8616,0.000547059578821,0.0313018560409545,0.1978338360786438,0.7703172564506531
8617,7.701513823121786e-05,0.0027576307766139,0.0153808277100324,0.981784462928772
8618,0.0005973313236609,0.0146999154239892,0.0609294548630714,0.9237732887268066
8619,0.0098741455003619,0.1805792599916458,0.3763594925403595,0.4331871271133423
8620,0.0002022269618464,0.0097438413649797,0.0416691228747367,0.9483848214149476
8621,0.0004896931932307,0.0420621670782566,0.2785990834236145,0.6788490414619446
8622,0.0019924200605601,0.1157983243465423,0.4170057475566864,0.4652035534381866
8623,0.0445874817669391,0.5782192349433899,0.3346476256847381,0.0425456725060939
8624,0.0001241594582097,0.0054469797760248,0.0344259738922119,0.960002899169922
8625,3.9569942600792274e-05,0.0032942865509539,0.0243416689336299,0.9723244905471802
8626,0.0009115021675825,0.0419074557721614,0.1907738596200943,0.7664072513580322
8627,0.0001045241879182,0.0051961247809231,0.0349585525691509,0.9597406983375548
8628,0.0130555527284741,0.4256376922130584,0.4748331606388092,0.0864735469222068
8629,0.0144680785015225,0.3505294620990753,0.5100173354148865,0.1249851286411285
8630,0.0001545077975606,0.0115304263308644,0.0865406617522239,0.9017743468284608
8631,0.0008329644915647,0.0565986782312393,0.2742693424224853,0.6682990193367004
8632,0.0002594875695649,0.0181914828717708,0.1186233684420585,0.86292564868927
8633,0.0015773937338963,0.1712756156921386,0.6072247624397278,0.2199222445487976
8634,0.0023096273653209,0.1863657683134079,0.5226756930351257,0.2886489033699035
8635,7.971842569531873e-05,0.0039629773236811,0.0262488070875406,0.9697085022926332
8636,0.000110483066237,0.0069429855793714,0.039954125881195,0.9529924392700196
8637,3.333814311190508e-05,0.0024113743565976,0.0247375387698411,0.972817838191986
8638,0.0004177657538093,0.0292876418679952,0.1909794062376022,0.779315173625946
8639,0.0005609195213764,0.0746228843927383,0.4227674603462219,0.5020487308502197
8640,0.0001018047769321,0.0097552128136157,0.0698640868067741,0.9202789068222046
8641,0.0001528013235656,0.0110522424802184,0.0969803407788276,0.8918145895004272
8642,0.0001279102871194,0.0052715470083057,0.0360244885087013,0.9585760235786438
8643,0.0004455388407222,0.0211344454437494,0.0797605589032173,0.8986594676971436
8644,0.0013696838868781,0.2529849410057068,0.626143753528595,0.1195016279816627
8645,0.0203429814428091,0.247828260064125,0.4085997343063354,0.3232290148735046
8646,0.0006666776025667,0.040606427937746,0.2161129713058471,0.7426139712333679
8647,0.0001675428793532,0.0141679737716913,0.0953194573521614,0.8903449773788452
8648,0.0067522758617997,0.1215717568993568,0.3517795503139496,0.5198964476585388
8649,0.0013104364043101,0.0469219274818897,0.194485992193222,0.7572816014289856
8650,0.0084622548893094,0.2287181913852691,0.4995664656162262,0.2632530331611633
8651,0.0005169045180082,0.019396698102355,0.088298924267292,0.8917874693870544
8652,9.771206532604992e-05,0.0066393883898854,0.0382070429623127,0.955055832862854
8653,0.000477358495118,0.0290752574801445,0.1596545577049255,0.8107928037643433
8654,0.0001581588876433,0.0227506756782531,0.18753582239151,0.7895553112030029
8655,0.0002515748492442,0.0264759138226509,0.2115286141633987,0.7617438435554504
8656,0.0001104304392356,0.010748385451734,0.0943140834569931,0.894827127456665
8657,0.0001716805127216,0.0113065261393785,0.0903332009911537,0.898188591003418
8658,0.0015579819446429,0.1042212843894958,0.3812255859375,0.5129951238632202
8659,0.0002322765649296,0.0205847080796957,0.1569297760725021,0.8222532868385315
8660,0.0005384419928304,0.0383421368896961,0.1665506511926651,0.7945687770843506
8661,0.0005717919557355,0.0601757690310478,0.4112267792224884,0.5280256271362305
8662,0.000867232622113,0.0405000001192092,0.2294481247663498,0.729184627532959
8663,0.0057428465224802,0.1435531079769134,0.4153846800327301,0.4353193938732147
8664,0.0009784784633666,0.080197587609291,0.307428777217865,0.6113951206207275
8665,0.0002751163847278,0.0218552015721797,0.1829913705587387,0.7948783040046692
8666,0.0014410172589123,0.1639766842126846,0.5376588702201843,0.2969233989715576
8667,0.0005982956499792,0.0446489006280899,0.2778147757053375,0.676937997341156
8668,0.0038052881136536,0.1362534314393997,0.4131834208965301,0.446757823228836
8669,0.0112265991047024,0.1675716191530227,0.343834638595581,0.477367103099823
8670,0.0045517040416598,0.1415993571281433,0.4865680336952209,0.3672808110713959
8671,0.00094271247508,0.0514703541994094,0.1912355720996856,0.7563513517379761
8672,0.0003223365347366,0.0143638690933585,0.0826583579182624,0.9026554226875304
8673,0.0002202347532147,0.0075246845372021,0.0370377898216247,0.9552172422409058
8674,0.0001440016349079,0.0069383871741592,0.0405564345419406,0.952361226081848
8675,4.177685332251713e-05,0.0027513380628079,0.0176628269255161,0.9795441031455994
8676,8.756732131587341e-05,0.0056775938719511,0.0394103154540061,0.9548245072364808
8677,0.000192212377442,0.0113471960648894,0.0728458538651466,0.915614664554596
8678,0.0005205398192629,0.0364926569163799,0.206744983792305,0.7562417387962341
8679,0.0009947058279067,0.0479276143014431,0.1895573884248733,0.761520266532898
8680,0.0970766022801399,0.4151439666748047,0.3550914525985718,0.1326879858970642
8681,0.0528030432760715,0.5857064723968506,0.3234578371047973,0.0380326062440872
8682,7.667921454412863e-05,0.0030629406683146,0.019358379766345,0.9775020480155944
8683,0.0003323867276776,0.0120889749377965,0.0567791312932968,0.9307994842529296
8684,0.0001094919207389,0.0077968556433916,0.0622927770018577,0.9298009276390076
8685,0.0009282421087846,0.0737394019961357,0.2782896161079407,0.6470426917076111
8686,9.694987966213375e-05,0.0073489984497427,0.059639248996973,0.9329148530960084
8687,0.0353073589503765,0.2649964392185211,0.4040713310241699,0.2956248819828033
8688,0.0005071960040368,0.0323751866817474,0.1450955122709274,0.8220220804214478
8689,0.0001055205793818,0.008923165500164,0.0807837322354316,0.9101875424385072
8690,0.0005194240948185,0.0227875765413045,0.094451867043972,0.8822411298751831
8691,4.337312566349283e-05,0.0032877707853913,0.026267560198903,0.9704013466835022
8692,0.0005019408417865,0.0405020304024219,0.1705199182033538,0.7884760499000549
8693,0.000157272312208,0.0121092963963747,0.0840551704168319,0.903678297996521
8694,0.0007694682572036,0.0491164699196815,0.2614046037197113,0.6887093782424927
8695,0.000629685819149,0.06422970443964,0.3161496818065643,0.6189910173416138
8696,0.0012067892821505,0.1052894592285156,0.5691894292831421,0.3243143558502197
8697,0.0032019068021327,0.1201506778597831,0.3939588963985443,0.4826885163784027
8698,0.001723387860693,0.0830374807119369,0.338844746351242,0.5763943195343018
8699,0.0001513921888545,0.0062393029220402,0.0382203683257103,0.9553889036178588
8700,8.88327558641322e-05,0.0063257282599806,0.0399798341095447,0.953605592250824
8701,0.0001272305671591,0.0087812663987278,0.0669449493288993,0.9241464734077454
8702,0.0003691488527692,0.0250831097364425,0.1942351758480072,0.7803125977516174
8703,0.0007746014744043,0.0587163567543029,0.2472051233053207,0.6933038830757141
8704,0.0018843564903363,0.0801248699426651,0.3071500360965729,0.6108407974243164
8705,0.0026269999798387,0.0755819529294967,0.3084215521812439,0.6133694648742676
8706,0.0003135220904368,0.0391828678548336,0.2326394021511078,0.7278642654418945
8707,0.0003858296549879,0.0210655871778726,0.1103757694363594,0.8681727647781372
8708,5.219785089138895e-05,0.00343764340505,0.0283367950469255,0.968173325061798
8709,2.1877953258808706e-05,0.0011944958241656,0.010001391172409,0.9887822270393372
8710,0.0046565444208681,0.2314869910478592,0.5056140422821045,0.2582423985004425
8711,0.0038230731151998,0.1551169902086258,0.4630937874317169,0.3779661655426025
8712,0.0004790999519173,0.0320494174957275,0.178757295012474,0.7887141704559326
8713,0.0187256168574094,0.3371464908123016,0.4608246088027954,0.1833033710718155
8714,0.0001028887854772,0.0039834305644035,0.0212003644555807,0.9747133255004884
8715,8.396947669098154e-05,0.0048802578821778,0.0355014391243457,0.9595343470573424
8716,0.0002429655723972,0.0143433939665555,0.0980193018913269,0.887394368648529
8717,0.0124461203813552,0.4971584975719452,0.4319387972354889,0.0584565587341785
8718,0.0005172436358407,0.0579458326101303,0.2679388225078583,0.6735981702804565
8719,0.0008488691528327,0.1165155544877052,0.639796257019043,0.2428392767906189
8720,0.0029351732227951,0.2726029753684997,0.6143202781677246,0.1101415678858757
8721,0.001698825857602,0.0818540081381797,0.2726154923439026,0.6438316702842712
8722,4.441953569767065e-05,0.0021739571820944,0.0193762686103582,0.9784053564071656
8723,6.786364974686876e-05,0.0027534931432455,0.0168671887367963,0.980311393737793
8724,2.8215928978170268e-05,0.0022414687555283,0.019977992400527,0.9777522683143616
8725,0.0002519183326512,0.0203274991363286,0.1284737437963485,0.8509467840194702
8726,0.0070929727517068,0.1257259547710418,0.3210524618625641,0.5461286306381226
8727,0.0039233583956956,0.1279094964265823,0.3701183795928955,0.4980487525463104
8728,6.492625107057393e-05,0.0047701215371489,0.0425156280398368,0.9526492357254028
8729,0.0013392900582402,0.0924358293414115,0.4919562041759491,0.4142686724662781
8730,0.0014214783441275,0.2281087189912796,0.7136890292167664,0.0567807517945766
8731,0.0022513486910611,0.1933794617652893,0.6440519690513611,0.1603172123432159
8732,3.69958761439193e-05,0.003490085247904,0.0287690795958042,0.9677038788795472
8733,0.0001121611567214,0.0062202271074056,0.0411997213959693,0.952467918395996
8734,0.0024469285272061,0.3010672032833099,0.5987436175346375,0.0977422147989273
8735,0.002030873671174,0.1946038603782653,0.5994220972061157,0.2039431184530258
8736,0.0004578240332193,0.0133795784786343,0.0481817163527011,0.937980890274048
8737,3.105110954493284e-05,0.0023172455839812,0.0179439727216959,0.9797077178955078
8738,0.0433817356824874,0.3806626498699188,0.3989309966564178,0.177024558186531
8739,0.0002601828018669,0.0174049418419599,0.117097184062004,0.8652376532554626
8740,3.0153809348121285e-05,0.0039493693038821,0.0296416636556386,0.9663788080215454
8741,0.0035656969994306,0.0891312137246131,0.2788668870925903,0.6284362077713013
8742,0.0040097082965075,0.1528326421976089,0.4707576632499695,0.3723999857902527
8743,0.000157268877956,0.0097298817709088,0.0577689632773399,0.93234384059906
8744,0.0157388858497142,0.3873232007026672,0.4672009348869324,0.1297370195388794
8745,0.0137575678527355,0.2053496092557907,0.4148176312446594,0.3660752773284912
8746,0.0007036751485429,0.0776092410087585,0.4680436551570892,0.4536434710025787
8747,4.987480497220531e-05,0.0048544006422162,0.0406454019248485,0.9544503688812256
8748,0.0009187075775116,0.0486164838075637,0.2248003482818603,0.7256644368171692
8749,4.5207962102722377e-05,0.002753555541858,0.0168675705790519,0.9803336262702942
8750,0.000106353960291,0.0070042521692812,0.0463927164673805,0.9464966654777528
8751,0.0002980952849611,0.0132836364209651,0.0696012750267982,0.9168170094490052
8752,0.0002379127108724,0.0131941512227058,0.0759271010756492,0.9106408953666688
8753,6.767305603716522e-05,0.0045982818119227,0.032931599766016,0.9624024629592896
8754,0.0002523989242035,0.0176945310086011,0.074496753513813,0.9075562953948976
8755,0.0001988398580579,0.011923300102353,0.0840674564242363,0.9038103222846984
8756,0.0001690654753474,0.0145218707621097,0.1008017659187316,0.884507417678833
8757,0.0007165222777985,0.055169153958559,0.2286697924137115,0.7154445052146912
8758,0.0003104540228378,0.014958512969315,0.0736283883452415,0.9111026525497437
8759,0.000432655273471,0.019279858097434,0.0799127891659736,0.9003746509552002
8760,0.0009060553857125,0.0300044324249029,0.1323857754468917,0.8367037773132324
8761,0.000959911791142,0.1639745384454727,0.6903585195541382,0.1447070091962814
8762,0.0005470075411722,0.0338421575725078,0.2073083519935608,0.7583024501800537
8763,0.0003610628191381,0.0216508936136961,0.126554325222969,0.8514337539672852
8764,0.0120827248319983,0.2352212816476822,0.5137705206871033,0.2389254868030548
8765,0.0010434944415464,0.0464998930692672,0.2019863277673721,0.7504702806472778
8766,0.0005884762504138,0.0159053616225719,0.0590955875813961,0.9244105815887452
8767,0.0047021061182022,0.1121554151177406,0.2954901456832886,0.587652325630188
8768,0.0004504982789512,0.0386955291032791,0.2192250937223434,0.7416289448738098
8769,0.0001581573742441,0.0085012251511216,0.0537293963134288,0.9376111030578612
8770,0.0002788188285194,0.0186515990644693,0.123539000749588,0.8575305938720703
8771,0.0009175935992971,0.0674154609441757,0.311725914478302,0.619940996170044
8772,4.181946496828459e-05,0.00454081594944,0.0300761274993419,0.9653412699699402
8773,0.0002406883868388,0.0074875974096357,0.0417624600231647,0.950509250164032
8774,0.0975733697414398,0.4044303596019745,0.3625290393829345,0.1354672014713287
8775,3.988916796515696e-05,0.003480234183371,0.0315074659883976,0.9649724960327148
8776,0.0026850893627852,0.1713938266038894,0.4515626132488251,0.3743585646152496
8777,0.0045594540424644,0.1271449625492096,0.4104289710521698,0.4578666090965271
8778,0.0007668227772228,0.0352556370198726,0.1230542510747909,0.8409232497215271
8779,0.0046674921177327,0.2712720036506653,0.5833264589309692,0.1407340615987777
8780,0.0010902038775384,0.1320578008890152,0.4906542599201202,0.3761976957321167
8781,0.0004937264020554,0.0732754990458488,0.4631153643131256,0.4631153643131256
8782,0.0041702259331941,0.1745733916759491,0.5051448345184326,0.3161115944385528
8783,0.0150190712884068,0.3313154280185699,0.4896524250507355,0.1640130281448364
8784,0.0011018948862329,0.0574064329266548,0.1853102296590805,0.7561814188957214
8785,0.0038868875708431,0.0884651616215705,0.2641081809997558,0.6435397267341614
8786,0.003250498091802,0.2463943511247635,0.5728840231895447,0.177471175789833
8787,0.0044241109862923,0.2098608016967773,0.5885691046714783,0.1971459686756134
8788,0.0002723830693867,0.0203270819038152,0.1284711211919784,0.8509293794631958
8789,0.0003500177699606,0.0160925071686506,0.1049363315105438,0.8786211013793945
8790,0.0002054464130196,0.0133205112069845,0.0953977480530738,0.8910762667655945
8791,6.746835424564779e-05,0.0034604663960635,0.0218708217144012,0.9746012091636658
8792,0.0036464349832385,0.1265484243631363,0.4416973888874054,0.4281077682971954
8793,2.339433922315948e-05,0.0021390542387962,0.019980140030384,0.9778573513031006
8794,0.0003045557532459,0.0179793499410152,0.1154224574565887,0.8662936091423035
8795,3.760516119655222e-05,0.0022904791403561,0.0140308858826756,0.9836410880088806
8796,0.0001146526119555,0.0113350711762905,0.0739139541983604,0.9146363139152528
8797,0.0003400871937628,0.0459565706551075,0.3291280567646026,0.6245752573013306
8798,0.0001680397836025,0.0074881413020193,0.0417654961347579,0.950578272342682
8799,0.0001037020338117,0.0065168519504368,0.0411877743899822,0.9521917104721068
8800,0.0016433218261227,0.0503296665847301,0.1729443222284317,0.7750826478004456
8801,0.0005016428767703,0.0300806816667318,0.1814097315073013,0.7880079746246338
8802,0.0004086153348907,0.0464972890913486,0.2804145216941833,0.6726794838905334
8803,0.0007744388421997,0.0909225791692733,0.6410666108131409,0.2672363221645355
8804,0.0778878778219223,0.4846346378326416,0.3545662760734558,0.0829112157225608
8805,0.0049829664640128,0.1099224761128425,0.3180712461471557,0.5670232772827148
8806,0.0228042174130678,0.3403826951980591,0.4170455634593963,0.2197675853967666
8807,0.0002438800001982,0.0141741670668125,0.0665728002786636,0.9190091490745544
8808,0.0009550327667966,0.0701661109924316,0.252677857875824,0.6762009859085083
8809,0.0001766924833646,0.0114561943337321,0.0782888755202293,0.910078227519989
8810,7.556382479378954e-05,0.0041906149126589,0.0324507132172584,0.9632831811904908
8811,3.888371429638937e-05,0.0017600111896172,0.0124092875048518,0.985791802406311
8812,6.360737461363897e-05,0.0033659962937235,0.0184829570353031,0.9780874252319336
8813,2.835668965417426e-05,0.0024356965441256,0.0301401372998952,0.9673957824707032
8814,0.0025818664580583,0.1263603270053863,0.4015722870826721,0.4694855511188507
8815,3.152969293296337e-05,0.0020764805376529,0.0185074694454669,0.9793845415115356
8816,0.0003758431121241,0.0221877731382846,0.1317348927259445,0.8457015156745911
8817,0.0004934815806336,0.0230457242578268,0.111676387488842,0.8647844195365906
8818,0.0007489884155802,0.0576689094305038,0.2390309870243072,0.7025511264801025
8819,5.990984936943278e-05,0.0039455397054553,0.0305529311299324,0.9654417037963868
8820,8.245220669778064e-05,0.0081515945494174,0.0785581022500991,0.9132078886032104
8821,4.387625813251361e-05,0.0021811844781041,0.0161168947815895,0.981658101081848
8822,0.0001412701822118,0.0113992085680365,0.0969474390149116,0.8915120959281921
8823,0.0005218528094701,0.0448245219886302,0.2312224954366684,0.7234311103820801
8824,0.0001255284441867,0.0138446958735585,0.1022992357611656,0.8837305307388306
8825,0.0006040513399057,0.0248946752399206,0.0969338566064834,0.8775674700737
8826,0.0054682283662259,0.2184276282787323,0.4999858140945434,0.2761183679103851
8827,0.0015898828860372,0.214843600988388,0.5401167869567871,0.2434497028589248
8828,0.0034384324681013,0.2565993070602417,0.5432207584381104,0.19674152135849
8829,0.0042360220104455,0.1589555442333221,0.4896175563335418,0.3471908271312713
8830,0.0012845204910263,0.1052812710404396,0.569145143032074,0.3242891132831573
8831,0.0005574575043283,0.0880699157714843,0.4201580584049225,0.4912145137786865
8832,3.598015973693691e-05,0.0016285864403471,0.0120337158441543,0.9863017797470092
8833,3.4920518373837695e-05,0.0032943016849458,0.0243417806923389,0.9723290205001832
8834,0.000138753966894,0.0072287931106984,0.0605259463191032,0.9321064949035645
8835,0.0061454358510673,0.1273525953292846,0.3303275108337402,0.536174476146698
8836,0.0017660806188359,0.0994855910539627,0.4528848230838775,0.4458635151386261
8837,0.0009012004593387,0.0727186203002929,0.3362474739551544,0.5901327133178711
8838,0.0008176960982382,0.0192014444619417,0.0691470578312873,0.910833775997162
8839,0.013004039414227,0.2269285023212433,0.3800337314605713,0.3800337314605713
8840,0.0007236321107484,0.0484074056148529,0.216946929693222,0.733922004699707
8841,0.0001556253992021,0.0104105696082115,0.0668329745531082,0.9226007461547852
8842,0.0025369711220264,0.116640418767929,0.4541696608066559,0.4266529083251953
8843,0.0055547482334077,0.2150569856166839,0.515894889831543,0.2634933590888977
8844,0.0005328775150701,0.0487234890460968,0.2675445675849914,0.6831990480422974
8845,0.0015111227985471,0.056704469025135,0.1948496103286743,0.7469348311424255
8846,0.0002437657385598,0.0202940441668033,0.1430869400501251,0.8363752365112305
8847,0.0010844498174265,0.0394416637718677,0.1795489341020584,0.7799249887466431
8848,0.0005565144820138,0.040887027978897,0.28828164935112,0.6702748537063599
8849,0.0001384295464958,0.0041092121973633,0.0211969278752803,0.9745553731918336
8850,0.019372759386897,0.3030409216880798,0.4340861141681671,0.2435002326965332
8851,0.0003769916656892,0.0415789000689983,0.3374248445034027,0.6206192970275879
8852,3.715013372129761e-05,0.0027294147294014,0.0254944842308759,0.971738874912262
8853,0.0018480316502973,0.1514675021171569,0.5454553961753845,0.3012290596961975
8854,0.000100641453173,0.0044152257032692,0.0270465388894081,0.9684375524520874
8855,0.0001425501686753,0.0079055409878492,0.0491899251937866,0.9427619576454164
8856,0.0027009514160454,0.359325647354126,0.556534469127655,0.0814389809966087
8857,0.0013506221584975,0.1973423957824707,0.6271528601646423,0.174154058098793
8858,0.0009843064472079,0.0341600589454174,0.1372332423925399,0.8276224136352539
8859,0.001507572364062,0.2037208527326584,0.6177757978439331,0.1769957393407821
8860,0.0001113159014494,0.0052803470753133,0.0344321876764297,0.960176169872284
8861,2.8359609132166952e-05,0.0020835760515183,0.0151569722220301,0.9827311635017396
8862,0.0003122848575003,0.0318539217114448,0.2428418695926666,0.7249919176101685
8863,0.0002193836844526,0.0083619523793458,0.0398926436901092,0.9515259265899658
8864,0.0022995530162006,0.1057248264551162,0.4181497991085052,0.4738257825374603
8865,0.0001983991096494,0.013908851891756,0.0980669483542442,0.8878257274627686
8866,7.897814066382125e-05,0.0083117140457034,0.0604635626077652,0.9311458468437196
8867,0.0009839691920205,0.050467986613512,0.2297436892986297,0.7188043594360352
8868,2.6661899028113112e-05,0.0017835489707067,0.0147019512951374,0.9834877848625184
8869,0.0003586077364161,0.0338300317525863,0.1588918566703796,0.8069194555282593
8870,0.0007392746047116,0.0304676108062267,0.1323452740907669,0.8364478349685669
8871,0.0005572121008299,0.0236932635307312,0.086666353046894,0.8890831470489502
8872,0.0001639467373024,0.0058703324757516,0.0371016450226306,0.956864058971405
8873,0.0001443244691472,0.0071746846660971,0.0381846576929092,0.9544963240623474
8874,0.0023052245378494,0.0775407180190086,0.2503045201301574,0.6698495745658875
8875,5.08073644596152e-05,0.0044328207150101,0.0382937267422676,0.9572226405143738
8876,0.0040876334533095,0.2338877618312835,0.5523689985275269,0.2096556276082992
8877,0.0045082257129251,0.1564566045999527,0.3933318257331848,0.4457033574581146
8878,0.0001317001588176,0.0089488271623849,0.0491387322545051,0.9417807459831238
8879,0.0001143920962931,0.0058671948499977,0.037665769457817,0.9563526511192322
8880,0.0002294933219673,0.0135480621829628,0.0656520277261734,0.920570433139801
8881,0.0008551616338081,0.0537401437759399,0.2484919130802154,0.6969127655029297
8882,0.0004587619041558,0.0426073186099529,0.2692865431308746,0.68764728307724
8883,0.0001596449292264,0.0103508848696947,0.057732593268156,0.931756854057312
8884,0.0005035690264776,0.0301961861550807,0.1658096611499786,0.8034906387329102
8885,0.0005464092828333,0.0138736050575971,0.0575044900178909,0.9280754923820496
8886,0.0008014871855266,0.0699278265237808,0.5331025123596191,0.3961681425571441
8887,0.0002621957974042,0.0186708085238933,0.1091350764036178,0.8719318509101868
8888,0.0004933607415296,0.0345872603356838,0.189921423792839,0.7749979496002197
8889,0.0002760781499091,0.0268711633980274,0.1498753279447555,0.8229774236679077
8890,0.0043355543166399,0.3185324668884277,0.5858709216117859,0.091261088848114
8891,0.0005148847121745,0.042865302413702,0.2428484857082367,0.7137713432312012
8892,0.0360820591449737,0.3215959072113037,0.3879187107086181,0.254403293132782
8893,0.000621416431386,0.0281274523586034,0.1363017410039901,0.8349493741989136
8894,0.0010657232487574,0.0497695617377758,0.2062890976667404,0.7428756356239319
8895,0.0004904725938104,0.0134652741253376,0.0566909201443195,0.929353415966034
8896,0.0005946060409769,0.2084124088287353,0.7274307608604431,0.0635621920228004
8897,0.0017335681477561,0.1740872710943222,0.6269123554229736,0.1972667276859283
8898,0.0036238869652152,0.138126790523529,0.4458787739276886,0.4123704433441162
8899,7.75085500208661e-05,0.0035635528620332,0.0236032176762819,0.9727557897567748
8900,0.0002828643773682,0.0099713141098618,0.0490805283188819,0.9406652450561525
8901,2.277925523230806e-05,0.0017267134971916,0.0158785618841648,0.9823718667030334
8902,0.0002387190907029,0.0232349410653114,0.2070907801389694,0.7694355249404907
8903,0.0032888283021748,0.1634948253631591,0.5277677774429321,0.3054485619068146
8904,0.0016333621460944,0.1589779555797577,0.5131871104240417,0.3262015581130981
8905,0.0003311598848085,0.027142371982336,0.203714832663536,0.7688117027282715
8906,0.0009883895982056,0.1254706382751464,0.4809781014919281,0.3925628960132599
8907,0.0002354932948946,0.0276479665189981,0.2011251151561737,0.7709913849830627
8908,0.0003639993083197,0.0414203256368637,0.2007171511650085,0.757498562335968
8909,0.0005639942828565,0.1074782833456993,0.6381279826164246,0.2538297772407532
8910,0.000425053818617,0.0162012036889791,0.0848882347345352,0.8984854817390442
8911,0.0012668436393141,0.0990776196122169,0.4042985439300537,0.4953569173812866
8912,2.9536917281802744e-05,0.0020706979557871,0.0212426446378231,0.9766571521759032
8913,0.0017422671662643,0.0752497315406799,0.3218022584915161,0.6012057065963745
8914,0.0090495869517326,0.285957783460617,0.5342394709587097,0.1707531958818435
8915,5.354188760975376e-05,0.0028779665008187,0.0193624179810285,0.977706015110016
8916,6.983095227042213e-05,0.0044574290513992,0.0329361893236637,0.9625365138053894
8917,0.0001448775146855,0.0089632552117109,0.0622173175215721,0.928674578666687
8918,7.114023173926398e-05,0.004470600746572,0.0300773624330759,0.9653809070587158
8919,0.0043030977249145,0.2580324113368988,0.5906420350074768,0.1470224410295486
8920,9.943090117303656e-05,0.0054287435486912,0.0376829504966735,0.9567888379096984
8921,8.182563033187762e-05,0.0057364194653928,0.0444209091365337,0.9497608542442322
8922,0.0167337823659181,0.3577840626239776,0.4739868640899658,0.1514953076839447
8923,0.024974800646305,0.3394213616847992,0.4567413628101349,0.1788624823093414
8924,0.0105981668457388,0.2095696032047271,0.4233422577381134,0.3564899265766144
8925,9.036173287313432e-05,0.0058587752282619,0.0538762956857681,0.9401745796203612
8926,0.0003328396996948,0.0256272405385971,0.1385395377874374,0.8355004191398621
8927,0.0002880268439184,0.0322671085596084,0.185684397816658,0.7817604541778564
8928,5.398517896537669e-05,0.0039662825874984,0.0254624336957931,0.9705172777175904
8929,0.0005565718747675,0.0285466946661472,0.1495739668607711,0.8213226795196533
8930,0.0047791092656552,0.1738172024488449,0.4235320389270782,0.3978715538978576
8931,0.0020024422556161,0.1615787148475647,0.5297962427139282,0.306622564792633
8932,0.0001987669529626,0.0135059161111712,0.0685886964201927,0.9177066683769226
8933,0.0004171848704572,0.0197894535958766,0.1250731796026229,0.8547201156616211
8934,0.0194210745394229,0.2944498658180237,0.4420215785503387,0.2441074848175048
8935,0.0019607078284025,0.0974710583686828,0.3736447095870971,0.5269235372543335
8936,0.0033623662311583,0.370839774608612,0.5480656027793884,0.0777322351932525
8937,0.0073707969859242,0.244087278842926,0.5331355929374695,0.2154062539339065
8938,2.511678394512273e-05,0.0015061112353578,0.0122225312516093,0.9862462282180786
8939,6.451595254475251e-05,0.004452796652913,0.0339463837444782,0.9615362882614136
8940,0.0006155781447887,0.0274312142282724,0.1051546037197113,0.8667985796928406
8941,2.435346686979756e-05,0.0013090398861095,0.0120377065613865,0.9866288900375366
8942,0.0001297464623348,0.0126284472644329,0.0738161131739616,0.9134256839752196
8943,0.0001368487719446,0.0092986691743135,0.0855089649558067,0.9050554633140564
8944,0.0002230990940006,0.0169113632291555,0.1289256513118744,0.853939950466156
8945,0.0006622820510528,0.0509928911924362,0.1752233058214187,0.7731214761734009
8946,0.0013595457421615,0.1167781054973602,0.4547058045864105,0.4271565675735473
8947,0.0010226018493995,0.0541143901646137,0.2208204865455627,0.724042534828186
8948,0.0064639146439731,0.3163534104824066,0.5552175641059875,0.121965117752552
8949,0.0010360481683164,0.1294815838336944,0.4449285566806793,0.4245538115501404
8950,0.0005334050511009,0.0606973879039287,0.3718166053295135,0.5669525861740112
8951,0.0003235563344787,0.036818228662014,0.1756499260663986,0.7872083783149719
8952,0.0121605396270751,0.2855583131313324,0.5090627074241638,0.1932184249162674
8953,0.003102479269728,0.4676997661590576,0.4978638291358948,0.0313339307904243
8954,0.0004137044306844,0.0184353776276111,0.1202137544751167,0.8609371185302734
8955,0.0005492926575243,0.0385083854198455,0.1753004044294357,0.7856419086456299
8956,0.0178374405950307,0.2878817319869995,0.4321616291999817,0.2621192634105682
8957,9.35525822569616e-05,0.0056098182685673,0.0360134840011596,0.9582831859588624
8958,0.0004829629033338,0.0150245353579521,0.0549574643373489,0.9295350909233092
8959,0.0001077736451406,0.0052745998837053,0.0354865193367004,0.959131121635437
8960,0.0002769110142253,0.0121483216062188,0.0667074099183082,0.9208673238754272
8961,0.0045751077122986,0.1587777286767959,0.4183236062526703,0.4183236062526703
8962,0.0015660565113648,0.1648128628730774,0.6219971776008606,0.2116238921880722
8963,0.0062582343816757,0.4456451833248138,0.4818573296070099,0.0662392452359199
8964,0.000162376629305,0.0115627450868487,0.0697322785854339,0.9185426235198976
8965,0.0004607362498063,0.0255514867603778,0.1145138218998909,0.8594738841056824
8966,0.0011231172829866,0.0663028582930564,0.2835413813591003,0.6490326523780823
8967,7.85428928793408e-05,0.0057705342769622,0.0681366100907325,0.9260143041610718
8968,7.889811240602285e-05,0.0032012038864195,0.021876260638237,0.9748435616493224
8969,5.114573650644161e-05,0.0043931603431701,0.0319580435752868,0.9635976552963256
8970,0.0030537880957126,0.0739865079522132,0.2425924390554428,0.6803672909736633
8971,0.000434405519627,0.024091238155961,0.1262290477752685,0.8492453694343567
8972,0.0009519859449937,0.0544710829854011,0.2809832394123077,0.6635936498641968
8973,0.0867736190557479,0.3888923525810241,0.3596666157245636,0.164667397737503
8974,0.0004447714891284,0.0258498638868331,0.1176754459738731,0.8560299277305603
8975,0.0017493229825049,0.0925712659955024,0.3386116325855255,0.5670677423477173
8976,0.0003982127527706,0.0224318355321884,0.1087015718221664,0.8684683442115784
8977,8.821141818771139e-05,0.0079405382275581,0.0741697326302528,0.9178014397621156
8978,6.723061233060434e-05,0.0043590245768427,0.0394633896648883,0.9561103582382202
8979,0.000336355093168,0.0152245936915278,0.071506418287754,0.9129326939582824
8980,0.0027338732033967,0.1380470246076584,0.4597668051719665,0.3994523286819458
8981,0.0003313242050353,0.0198676362633705,0.121704027056694,0.8580969572067261
8982,0.0048815421760082,0.3316933810710907,0.5821400880813599,0.0812849625945091
8983,0.0053729857318103,0.2431998997926712,0.5229619145393372,0.2284651547670364
8984,0.0001757298159645,0.0075898924842476,0.0436768196523189,0.9485574960708618
8985,0.0001779584417818,0.0148154366761446,0.0966087877750396,0.8883978724479675
8986,9.506508649792522e-05,0.0060681663453578,0.0500204302370548,0.943816304206848
8987,3.194789314875379e-05,0.0027016184758394,0.0202767718583345,0.9769896268844604
8988,0.0017493723426014,0.0940317139029502,0.3958882987499237,0.5083306431770325
8989,0.0001322151802014,0.0073323817923665,0.0470718592405319,0.9454635977745056
8990,0.0044509773142635,0.2586882710456848,0.5562672019004822,0.1805935055017471
8991,0.0006015404942445,0.0906824246048927,0.5821560621261597,0.3265599310398102
8992,0.0001134242193074,0.0047481479123234,0.0319446511566638,0.9631938338279724
8993,0.0020912571344524,0.1443354934453964,0.5620076060295105,0.2915656864643097
8994,0.0007053613662719,0.0510193519294261,0.2216179519891739,0.7266573309898376
8995,0.0024894366506487,0.0727519989013671,0.2661157548427582,0.6586428284645081
8996,0.0001644431467866,0.0100160082802176,0.0740088522434234,0.9158107042312622
8997,0.0001173721175291,0.0102404365316033,0.0678275972604751,0.9218146204948424
8998,0.0388044379651546,0.2303925454616546,0.356838971376419,0.3739640116691589
8999,0.0036551116500049,0.2727693617343902,0.6441950798034668,0.0793804079294204
9000,7.219362942123553e-06,0.0007026730454526,0.0098528563976287,0.9894373416900636
9001,6.783291155443294e-06,0.0006602294160984,0.0097020016983151,0.9896309971809388
9002,1.6592863175901584e-05,0.0019178742077201,0.0199847053736448,0.9780808091163636
9003,0.0008233903208747,0.2392598539590835,0.6503756046295166,0.1095411330461502
9004,1.454103312426014e-05,0.0013933617155998,0.012036807835102,0.9865552186965942
9005,4.064012682647444e-05,0.008373949676752,0.1103051677346229,0.881280243396759
9006,0.0003252027090638,0.1850162148475647,0.7092396020889282,0.1054190546274185
9007,1.4154134987620637e-05,0.0019733875524252,0.0225842241197824,0.9754282832145692
9008,3.453374665696174e-05,0.0061822468414902,0.0471310354769229,0.9466522336006165
9009,1.307096317759715e-05,0.0023768187966197,0.0236328560858964,0.973977267742157
9010,2.2665919459541328e-05,0.0022061129566282,0.0202870368957519,0.977484166622162
9011,5.9081266954308376e-05,0.0097818989306688,0.0957541167736053,0.894404947757721
9012,0.0004043008084408,0.0387412123382091,0.3452966511249542,0.615557849407196
9013,0.0013630464673042,0.1099853515625,0.3720756769180298,0.5165759325027466
9014,7.036425085971132e-05,0.0068486733362078,0.0530338324606418,0.9400470852851868
9015,0.0001042567091644,0.0136549351736903,0.1008970737457275,0.8853437304496765
9016,4.412630369188264e-05,0.0192483589053154,0.2237547785043716,0.756952702999115
9017,9.94300080492394e-06,0.0015708450227975,0.0168881732970476,0.981531023979187
9018,0.0013698518741875,0.188025489449501,0.5975438356399536,0.2130608260631561
9019,0.0003432856756262,0.2283336073160171,0.6924130916595459,0.0789099782705307
9020,1.056229757523397e-05,0.0016949623823165,0.0188010092824697,0.9794934391975404
9021,3.864687641907949e-06,0.0005917776143178,0.0098539814352989,0.9895502924919128
9022,1.2295488886593375e-05,0.0017686688806861,0.0229364484548568,0.9752825498580932
9023,7.566600834252313e-05,0.0216460675001144,0.21522818505764,0.7630501389503479
9024,8.358356353710406e-06,0.0016433824785053,0.0185159333050251,0.979832410812378
9025,0.0001248224725713,0.0090285092592239,0.0699137449264526,0.920932948589325
9026,4.242824070388451e-05,0.0067030247300863,0.0731991603970527,0.9200553894042968
9027,2.206908175139688e-05,0.0031253532506525,0.0301194880157709,0.9667329788208008
9028,0.0001389959215885,0.0290913078933954,0.2435785233974456,0.727191150188446
9029,0.0010868925601243,0.1827872097492218,0.5542953610420227,0.261830598115921
9030,3.2604024454485625e-05,0.0047638462856411,0.0438075214624404,0.9513959884643556
9031,0.0007917335024103,0.0690768435597419,0.3144561350345611,0.6156752109527588
9032,0.0001059963688021,0.0141014065593481,0.1402111500501632,0.8455814719200134
9033,9.530681381875183e-06,0.00176034681499,0.0275364592671394,0.970693588256836
9034,8.810298459138721e-05,0.017595199868083,0.198244497179985,0.7840721607208252
9035,0.0004500022041611,0.1962956935167312,0.6640598177909851,0.1391945034265518
9036,2.9633391022798605e-05,0.0052227368578314,0.0597710497677326,0.9349765777587892
9037,0.0003294037305749,0.0598986484110355,0.4223266243934631,0.5174453854560852
9038,0.0007343674078583,0.0903557166457176,0.4049462378025055,0.5039637088775635
9039,1.0538138667470776e-05,0.0007622319972142,0.0065846792422235,0.99264258146286
9040,8.925262591219507e-06,0.001206085900776,0.0158870667219162,0.9828979969024658
9041,9.50070534599945e-06,0.0012250549625605,0.0158867537975311,0.9828786849975586
9042,8.64597132022027e-06,0.00124369666446,0.0163824912160635,0.9823651909828186
9043,0.0001540847442811,0.0275843180716037,0.4182157516479492,0.5540458559989929
9044,6.54064497211948e-05,0.0091190496459603,0.0892655402421951,0.901549994945526
9045,3.438090061536059e-05,0.0032433958258479,0.0243430398404598,0.9723792672157288
9046,0.0002430945023661,0.1426929384469986,0.7476574778556824,0.1094064563512802
9047,4.606360107572982e-06,0.0005080414703115,0.006286677904427,0.9932007193565368
9048,0.0003815745585598,0.0641709715127945,0.4385290145874023,0.4969184696674347
9049,1.4537577953888103e-05,0.001248704502359,0.0124159464612603,0.9863207936286926
9050,5.202748980082106e-06,0.0006108259549364,0.0094067910686135,0.9899771213531494
9051,0.0004916618927381,0.6402834057807922,0.3535980582237243,0.0056267720647156
9052,0.000352362927515,0.0254866927862167,0.1561249196529388,0.8180360794067383
9053,0.0011930167675018,0.1008854061365127,0.431432157754898,0.4664893746376037
9054,0.0002335846802452,0.1136688590049743,0.7072713971138,0.1788262128829956
9055,0.0001776152348611,0.0218535717576742,0.2313055098056793,0.7466633319854736
9056,0.0001565280399518,0.0348735935986042,0.2965912222862243,0.6683786511421204
9057,3.996149644081015e-06,0.0005748339463025,0.0076911929063498,0.9917300343513488
9058,0.0001202531784656,0.1258347034454345,0.795299768447876,0.0787453427910804
9059,4.592168352246517e-06,0.0005921307019889,0.0092624817043542,0.990140736103058
9060,5.170937583898194e-06,0.0006564221112057,0.015414347872138,0.9839240908622742
9061,4.06840154028032e-05,0.0047764861956238,0.0412625446915626,0.953920304775238
9062,6.1009301134618e-05,0.0140240108594298,0.1708474308252334,0.8150675296783447
9063,7.264397572726011e-05,0.0092217540368437,0.0931364148855209,0.8975691795349121
9064,0.0005569133209064,0.072941243648529,0.5560756325721741,0.3704262375831604
9065,6.805350949434796e-06,0.000557777006179,0.0065860510803759,0.992849349975586
9066,0.0006021044682711,0.0595267415046691,0.2795834243297577,0.6602876782417297
9067,0.0007189342286437,0.0898498147726059,0.5251923203468323,0.3842389285564422
9068,2.2185555280884728e-05,0.002645700937137,0.025497006252408,0.9718350172042848
9069,6.475046120613115e-06,0.0007368106162175,0.0092611238360404,0.9899955987930298
9070,0.0001442977663828,0.0224434491246938,0.1737945228815078,0.8036177158355713
9071,1.6089748896774836e-05,0.0020746698137372,0.0193787477910518,0.9785305857658386
9072,4.19866519223433e-05,0.0104355830699205,0.1070553958415985,0.8824670314788818
9073,0.000111079752969,0.0120611945167183,0.0877391472458839,0.9000886082649231
9074,2.1816953449160792e-05,0.0017331350827589,0.0122197931632399,0.9860252737998962
9075,0.0008274209685623,0.1266982555389404,0.6535593271255493,0.2189149558544159
9076,0.0001589022431289,0.023954564705491,0.1826202571392059,0.793266236782074
9077,6.384150037774816e-05,0.010406163521111,0.0956932827830314,0.8938367962837219
9078,8.049059943004977e-06,0.0009749931050464,0.0101596610620617,0.9888573288917542
9079,0.001062779338099,0.2600535452365875,0.5952684879302979,0.1436152160167694
9080,5.732687714044005e-05,0.0110966060310602,0.1735801100730896,0.8152658939361572
9081,3.608115730457939e-05,0.0045803049579262,0.0516061335802078,0.9437775015830994
9082,6.542068149428815e-05,0.0996045917272567,0.8339790105819702,0.0663509666919708
9083,2.6355210138717663e-05,0.0026883042883127,0.0251104906201362,0.9721748232841492
9084,8.412236638832837e-06,0.0010350318625569,0.0128078358247876,0.986148715019226
9085,2.664016756170895e-05,0.002847780007869,0.0296745505183935,0.9674509763717652
9086,0.0002235666615888,0.0183238666504621,0.1122472807765007,0.8692052960395813
9087,0.0001139611049438,0.0194671228528022,0.1905618906021118,0.789857029914856
9088,1.5388470274046995e-05,0.0017786652315407,0.0174111910164356,0.9807947278022766
9089,0.0003435850376263,0.05020197853446,0.2671818137168884,0.6822726726531982
9090,6.895491878822213e-06,0.0007487221155315,0.0088406689465045,0.990403652191162
9091,7.133571671147365e-06,0.0005323557998053,0.006384874228388,0.9930756092071532
9092,0.0032574678771197,0.1697072833776474,0.4135175943374634,0.4135175943374634
9093,7.987639401108027e-05,0.010963812470436,0.1314958333969116,0.8574604988098145
9094,0.0004116818599868,0.3151726722717285,0.656876266002655,0.0275394823402166
9095,0.0003199930652044,0.0873496457934379,0.6555954813957214,0.2567348778247833
9096,0.0001526492414996,0.0119384285062551,0.0687009096145629,0.91920804977417
9097,3.202600419172086e-05,0.0041945790871977,0.0465274713933467,0.9492459297180176
9098,8.75129899213789e-06,0.0013825738569721,0.0196916908025741,0.9789170026779176
9099,0.0002669268869794,0.0775633156299591,0.6294488310813904,0.2927209138870239
9100,7.548426765424665e-06,0.0009733212646096,0.0118574798107147,0.9871616959571838
9101,5.193597462493926e-05,0.0029716920107603,0.0184904877096414,0.978485941886902
9102,3.194096279912628e-05,0.0022744974121451,0.0209158882498741,0.976777732372284
9103,2.630686321936082e-05,0.0029014179017394,0.0266809426248073,0.9703914523124696
9104,4.612080374499783e-05,0.0058547821827232,0.0691313818097114,0.9249677062034608
9105,3.935400673071854e-05,0.0046203364618122,0.0580739676952362,0.9372663497924804
9106,3.656574335764162e-05,0.0040328833274543,0.0394775308668613,0.9564529657363892
9107,3.334803841426037e-05,0.0036209763493388,0.038325622677803,0.9580199718475342
9108,0.0001187827219837,0.0113820852711796,0.0983262136578559,0.8901728391647339
9109,0.0001392728445352,0.0677740722894668,0.6330533623695374,0.2990332543849945
9110,6.551377737196162e-05,0.0067878221161663,0.0614519268274307,0.9316946864128112
9111,0.0002067560562863,0.0221018064767122,0.1738441735506057,0.8038473129272461
9112,5.879828677279875e-05,0.0073483986780047,0.0742162019014358,0.9183765053749084
9113,1.422569403075613e-05,0.0016701604472473,0.0179559160023927,0.9803597331047058
9114,7.331233791774139e-05,0.0041948123835027,0.0314838141202926,0.9642480611801147
9115,8.508873179380316e-06,0.0013442742638289,0.0166345071047544,0.9820127487182616
9116,9.854139534581918e-06,0.001709817093797,0.0255212485790252,0.9727590680122375
9117,1.4580735296476632e-05,0.0010382856708019,0.0096982549875974,0.9892488718032836
9118,7.4678218879853375e-06,0.0006515495479106,0.0073409853503108,0.9919999837875366
9119,0.0001080934016499,0.0517857708036899,0.630879819393158,0.3172263205051422
9120,1.0021203706855886e-05,0.0008880945970304,0.009850999340415,0.989250898361206
9121,1.7828124327934347e-05,0.0025645215064287,0.0254991948604583,0.9719184637069702
9122,1.4050382560526486e-05,0.0015256101032719,0.0149340573698282,0.9835262894630432
9123,0.000179597074748,0.0336945354938507,0.2568739950656891,0.7092518210411072
9124,0.0002259695174871,0.0310165174305439,0.2517080307006836,0.7170494198799133
9125,7.382711191894487e-05,0.0118472510948777,0.1039563193917274,0.8841226696968079
9126,0.0018360867397859,0.2404798865318298,0.614086925983429,0.1435971111059188
9127,0.0001464884844608,0.0311422850936651,0.237416610121727,0.7312946915626526
9128,4.1449344280408695e-05,0.0093801133334636,0.1056854054331779,0.884893000125885
9129,1.207972763950238e-05,0.0010873824357986,0.0103167984634637,0.98858380317688
9130,0.0001109360382542,0.0118588395416736,0.0749501734972,0.9130800366401672
9131,6.684561412839685e-06,0.0007034878944978,0.0087051978334784,0.990584671497345
9132,8.075855475908611e-06,0.000836732040625,0.0070058717392385,0.9921492338180542
9133,5.71080136069213e-06,0.0007363712647929,0.0098525378853082,0.9894053339958192
9134,4.726930001197616e-06,0.0008330977289006,0.0113222608342766,0.9878398776054382
9135,4.110260124434717e-05,0.0037582037039101,0.0324659273028373,0.963734805583954
9136,2.17677115870174e-05,0.0026367504615336,0.0287941545248031,0.9685473442077636
9137,0.0007715791580267,0.0787032097578048,0.4746411442756653,0.4458840787410736
9138,0.0008119189296849,0.0765941143035888,0.3654100894927978,0.5571838617324829
9139,1.534895818622317e-05,0.0017195150721818,0.019988702610135,0.9782764315605164
9140,0.0001772860268829,0.03949835896492,0.3520450592041015,0.608279287815094
9141,2.0439551008166745e-05,0.0019282090943306,0.0146999126300215,0.9833514094352722
9142,0.0006791286286897,0.1178373396396637,0.5710234642028809,0.3104600608348846
9143,5.540060010389425e-05,0.0058303968980908,0.0437595658004283,0.9503545761108398
9144,6.470603238994954e-06,0.0006704133120365,0.0100067928433418,0.9893163442611694
9145,3.627933620009571e-05,0.0035867379046976,0.0324716717004776,0.9639053344726562
9146,1.5197329048532993e-05,0.0014114456716924,0.0147076025605201,0.9838657975196838
9147,1.1075191650888884e-05,0.0021437944378703,0.0330146811902523,0.9648303985595704
9148,0.0007286048494279,0.0379587933421134,0.1988898664712906,0.7624227404594421
9149,5.818140380142722e-06,0.0006123050698079,0.0070074615068733,0.9923743605613708
9150,0.0004314090765547,0.1584678143262863,0.780005931854248,0.0610947869718074
9151,7.209477189462632e-06,0.0011039461242035,0.0108064282685518,0.9880825281143188
9152,9.529390808893368e-05,0.0152920885011553,0.1496928632259369,0.8349197506904602
9153,0.0001145228088716,0.0232317261397838,0.2309944629669189,0.7456592917442322
9154,0.0001189832837553,0.0112245436757802,0.0829387754201889,0.9057177305221558
9155,1.3802675312035715e-05,0.0016982650849968,0.0168859530240297,0.9814019799232484
9156,1.1243179869779851e-05,0.0014272598782554,0.0190965272486209,0.9794649481773376
9157,5.533958756132051e-06,0.0006297219078987,0.0101631982252001,0.989201545715332
9158,0.0002240633621113,0.021808473393321,0.1467233151197433,0.831244170665741
9159,3.4176129702245817e-05,0.0053993151523172,0.0722420439124107,0.922324538230896
9160,0.0001498838391853,0.0240522902458906,0.2391534149646759,0.7366443872451782
9161,1.6878058886504732e-05,0.0032163886353373,0.0324843749403953,0.9642823934555054
9162,7.095945420587668e-06,0.0008330957498401,0.011322233825922,0.987837553024292
9163,0.0001167731461464,0.0256130713969469,0.2710973024368286,0.7031729221343994
9164,1.0292679689882789e-05,0.0011530697811394,0.0140472650527954,0.9847893714904784
9165,0.0002509731566533,0.1112011522054672,0.6299974322319031,0.2585504353046417
9166,2.6157873435295187e-05,0.0060128262266516,0.073251225054264,0.920709788799286
9167,1.5998990420484915e-05,0.0022305992897599,0.0247424487024545,0.9730108976364136
9168,1.0188874512095936e-05,0.002914770739153,0.081281304359436,0.9157937169075012
9169,1.0103185559273696e-05,0.0014761989004909,0.0166322812438011,0.981881320476532
9170,0.0003156799939461,0.2654293775558471,0.7103257775306702,0.0239291805773973
9171,7.002546772127971e-05,0.0059215826913714,0.0437549129128456,0.9502534866333008
9172,9.92354835034348e-05,0.0083916764706373,0.0514052547514438,0.9401038885116576
9173,1.6161346138687804e-05,0.0017008312279358,0.0153980674222111,0.9828848838806152
9174,0.0014581335708498,0.1766256093978881,0.5440451502799988,0.2778711020946502
9175,8.312845238833688e-06,0.0008886264986358,0.0092597007751464,0.9898433685302734
9176,1.6164194676093757e-05,0.0015248839044943,0.0154007812961936,0.9830581545829772
9177,2.4326795028173365e-05,0.0016273423098027,0.0128000387921929,0.9855483174324036
9178,0.0003907724458258,0.0278266761451959,0.1327536553144455,0.8390288352966309
9179,4.001760680694133e-05,0.0035464223474264,0.0283340513706207,0.9680795669555664
9180,0.0002050265029538,0.0256234742701053,0.1644956320524215,0.8096758723258972
9181,1.853497997217346e-05,0.002109138527885,0.0185071025043725,0.9793651103973388
9182,6.715438757964876e-06,0.0004354082921054,0.004397468175739,0.9951604008674622
9183,2.345407847315073e-05,0.0059211999177932,0.1152713671326637,0.8787839412689209
9184,0.0006043654866516,0.0855883136391639,0.4925267994403839,0.4212805032730102
9185,0.0001261264260392,0.0181429050862789,0.198126271367073,0.783604621887207
9186,0.0003391743230167,0.1526478976011276,0.7058367133140564,0.1411762237548828
9187,0.000161534640938,0.0271659512072801,0.249813437461853,0.7228591442108154
9188,3.2702021144359605e-06,0.0004216715751681,0.0052179074846208,0.994357168674469
9189,0.0003865557955577,0.0460980683565139,0.3740991950035095,0.5794161558151245
9190,0.0006735827773809,0.2051221579313278,0.6417704224586487,0.152433842420578
9191,2.648303416208364e-05,0.0043847123160958,0.063433937728405,0.932154893875122
9192,0.0003309166349936,0.053939402103424,0.3923821449279785,0.5533475279808044
9193,6.090962415328249e-05,0.0129489004611969,0.1732543557882309,0.8137359023094177
9194,0.0002667727821972,0.1615624874830246,0.7354753017425537,0.1026953682303428
9195,0.00012931607489,0.0412697307765483,0.3977224230766296,0.5608785152435303
9196,0.000158342794748,0.0140325836837291,0.0900853052735328,0.8957237601280212
9197,0.000101415811514,0.0256033670157194,0.2930150032043457,0.681280255317688
9198,1.5831574273761362e-05,0.0020097312517464,0.0199828818440437,0.97799152135849
9199,1.2548270206025336e-05,0.0015682379016652,0.0185172483325004,0.9799020290374756
9200,0.0003727875300683,0.0598222911357879,0.3722268044948578,0.5675780773162842
9201,6.77060306770727e-05,0.0141706084832549,0.1621740162372589,0.8235877156257629
9202,0.0001471171999583,0.0108086774125695,0.0750270932912826,0.914017140865326
9203,4.4525622797664255e-05,0.009766268543899,0.1246873661875724,0.8655018210411072
9204,5.28594773641089e-06,0.0006606188253499,0.0091195609420537,0.9902145862579346
9205,2.231782491435297e-05,0.0035258810967206,0.0339794307947158,0.9624723792076112
9206,7.903746336523909e-06,0.0010848661186173,0.0126111526042222,0.9862960577011108
9207,0.0003343914577271,0.1732190698385238,0.7292794585227966,0.0971670895814895
9208,0.0019770951475948,0.1079457327723503,0.4137983024120331,0.4762789011001587
9209,7.777137398079503e-06,0.0010028119431808,0.0132094575092196,0.985779881477356
9210,0.0002083028230117,0.0456892363727092,0.3707813918590545,0.5833210349082947
9211,0.0001867697574198,0.0304434634745121,0.2432272732257843,0.7261425256729126
9212,5.299132681102492e-06,0.0011090878397226,0.0215912442654371,0.9772943258285522
9213,1.9689019609359093e-05,0.0023849562276154,0.0202834606170654,0.977311909198761
9214,2.1202500647632405e-05,0.0022665043361485,0.0243672206997871,0.973345160484314
9215,4.660141348722391e-05,0.0163340289145708,0.2326419502496719,0.7509774565696716
9216,4.389700188767165e-05,0.0071552102454006,0.0844864100217819,0.9083145260810852
9217,8.98181133379694e-06,0.0008606616756878,0.0100048631429672,0.9891254901885986
9218,0.0001209771216963,0.0139830531552433,0.1207951456308364,0.8651008605957031
9219,0.0005443327245302,0.1683727800846099,0.6870660781860352,0.1440168619155883
9220,0.0003943894116673,0.0632888078689575,0.4900872707366943,0.4462295174598694
9221,0.0002432425972074,0.0384286828339099,0.2585409581661224,0.7027871608734131
9222,0.0011892510810866,0.1582140326499939,0.6872503757476807,0.153346300125122
9223,1.6528343621757813e-05,0.0020656529814004,0.0236401464790105,0.974277675151825
9224,3.806724271271378e-05,0.0072543332353234,0.1001429706811904,0.8925646543502808
9225,0.0001266418257728,0.0139674916863441,0.108159564435482,0.8777462840080261
9226,2.286377139171236e-06,0.0002726580423768,0.0038834081497043,0.9958415627479552
9227,9.678786227595992e-06,0.0010028100805357,0.0132094332948327,0.9857779741287231
9228,0.0002142290322808,0.0891696214675903,0.7466081380844116,0.1640080362558365
9229,1.0211497283307835e-05,0.0017173098167404,0.0212505757808685,0.977021872997284
9230,3.813859439105727e-05,0.0071552512235939,0.0844868943095207,0.9083197116851808
9231,2.6152152713621035e-05,0.0024288701824843,0.0176688134670257,0.9798761606216432
9232,4.084007741766982e-05,0.0086822742596268,0.063159205019474,0.9281176924705504
9233,0.0005203465698286,0.1972042173147201,0.7213430404663086,0.0809324458241462
9234,0.001768667018041,0.1060569360852241,0.3940493762493133,0.4981250464916229
9235,7.118117355275899e-05,0.0278330221772193,0.3286433517932892,0.6434524059295654
9236,4.4324300688458607e-05,0.002742247423157,0.0209058225154876,0.9763076305389404
9237,4.104504569113487e-06,0.0006690341397188,0.0120456647127866,0.9872811436653136
9238,1.1194555554538964e-05,0.0018247121479362,0.0229351855814456,0.9752289056777954
9239,4.328460818214808e-06,0.0004279310523997,0.0060949265025556,0.9934728741645812
9240,3.473187825875357e-05,0.0032257086131721,0.0296630654484033,0.9670765995979308
9241,4.37064009020105e-05,0.0042540198192,0.0479298904538154,0.9477723836898804
9242,3.651153019745834e-05,0.0018150679534301,0.012797474861145,0.9853509664535522
9243,0.0004701737198047,0.1926686614751815,0.7158508896827698,0.0910102203488349
9244,7.65195090934867e-06,0.0009713732288219,0.0138350529596209,0.9851859211921692
9245,3.248473149142228e-05,0.0085946498438715,0.1282863616943359,0.8630865216255188
9246,2.4923327146098018e-05,0.0035295623820275,0.0329683758318424,0.9634772539138794
9247,2.0985227820347063e-05,0.004324032459408,0.0472198016941547,0.948435127735138
9248,0.0004248971235938,0.0332304574549198,0.2100229412317276,0.7563216686248779
9249,0.0001045640165102,0.439568817615509,0.555666983127594,0.0046595516614615
9250,2.151086391677381e-06,0.0001847674429882,0.0024721613153815,0.997340977191925
9251,0.0001767946669133,0.0820934921503067,0.5879305005073547,0.3297991156578064
9252,0.0002241633628727,0.0904339626431465,0.6476625800132751,0.2616793513298034
9253,7.3539345066819806e-06,0.0015391496708616,0.0215819031000137,0.9768715500831604
9254,4.332308890298009e-06,0.0004216711095068,0.0052179018966853,0.994356095790863
9255,0.0022610754240304,0.282581090927124,0.5708295106887817,0.1443282961845398
9256,3.4878505630331347e-06,0.0002858695515897,0.0034286114387214,0.9962820410728456
9257,6.443975507863797e-06,0.0009125754004344,0.0138358827680349,0.9852450489997864
9258,8.248085214290768e-05,0.0066554490476846,0.0507385432720184,0.94252347946167
9259,2.784847310977057e-05,0.0040690023452043,0.0458453074097633,0.950057864189148
9260,7.43275495551643e-06,0.0011560583952814,0.0114947604015469,0.9873418211936952
9261,6.581816705875099e-06,0.000703582947608,0.0085713947191834,0.9907185435295104
9262,9.025847248267382e-06,0.0005497520323842,0.0054662185721099,0.9939749836921692
9263,5.074187720310874e-05,0.005684517789632,0.0530970506370067,0.9411677122116088
9264,0.0001526607229607,0.0160661209374666,0.1597464233636856,0.8240347504615784
9265,3.3574349799891934e-05,0.0055587985552847,0.0883235782384872,0.9060840606689452
9266,6.671009032288566e-05,0.0176498293876647,0.1957769691944122,0.7865065336227417
9267,0.0001169342722278,0.0998687371611595,0.7613603472709656,0.1386540234088897
9268,3.824140094366157e-06,0.0004284112073946,0.0049801166169345,0.9945876598358154
9269,1.0724875210144091e-05,0.0017481542890891,0.01909039914608,0.979150652885437
9270,1.8697379346122037e-05,0.0022297245450317,0.0251222308725118,0.9726293087005616
9271,0.0002087861212203,0.065598651766777,0.532352089881897,0.4018404483795166
9272,1.135854017775273e-05,0.0010715323733165,0.0094023961573839,0.989514708518982
9273,0.0033615534193813,0.3375717997550964,0.5653263926506042,0.0937402993440628
9274,2.9177303076721728e-05,0.0037038985174149,0.0315007343888282,0.964766263961792
9275,0.0002254782739328,0.0356221832334995,0.332734078168869,0.6314182877540588
9276,0.0001066315890057,0.0187932811677455,0.1304512470960617,0.8506489396095276
9277,0.0007632815395481,0.1524362862110138,0.6318308115005493,0.2149696201086044
9278,0.0002574016107246,0.0660067647695541,0.5356640815734863,0.3980717360973358
9279,1.6238742318819277e-05,0.0021943692117929,0.0255086999386549,0.972280740737915
9280,2.634074007801246e-05,0.0032919708173722,0.0401044189929962,0.9565771818161012
9281,6.39851032246952e-06,0.0005670458194799,0.0057269604876637,0.993699550628662
9282,0.0001477054611314,0.0568598732352256,0.7036033868789673,0.2393890023231506
9283,1.094419803848723e-05,0.001133918412961,0.0151716601103544,0.9836835265159608
9284,3.67252723663114e-05,0.0048858085647225,0.0493449196219444,0.9457325339317322
9285,0.0005271276459097,0.2093614935874939,0.6864699721336365,0.103641465306282
9286,6.461353223130573e-06,0.0009440827998332,0.0111474245786666,0.987902045249939
9287,0.0004624559369403,0.0391067862510681,0.2672463655471802,0.6931843757629395
9288,5.216806130192708e-06,0.0005490203038789,0.0067937639541924,0.9926519989967346
9289,0.0002895213256124,0.0534755066037178,0.3890075087547302,0.5572275519371033
9290,3.709271186380647e-05,0.0040910029783844,0.0406771004199981,0.9551947116851808
9291,0.0004681942227762,0.1746882498264312,0.6909053921699524,0.133938118815422
9292,0.0003061221796087,0.1007965356111526,0.6888193488121033,0.2100780159235
9293,5.809575304738246e-05,0.0148977804929018,0.1458330154418945,0.839211106300354
9294,4.748766514239833e-06,0.0005842826212756,0.0070076654665172,0.9924032688140868
9295,1.3851437870471273e-05,0.0012864465825259,0.013830604031682,0.984869122505188
9296,7.69730922911549e-06,0.0007851468981243,0.0081814182922244,0.9910257458686828
9297,2.729375046328641e-05,0.0040507516823709,0.050125379115343,0.945796549320221
9298,0.0008957190439105,0.0844995751976966,0.4358819723129272,0.4787226915359497
9299,3.053451291634701e-05,0.0057286350056529,0.0457687824964523,0.948472023010254
9300,7.458270829374669e-06,0.0008225823403336,0.0084386160597205,0.9907312989234924
9301,0.0001548941072542,0.1242737174034118,0.7978028059005737,0.0777684971690177
9302,0.0007408699602819,0.2086576521396637,0.6735551357269287,0.1170463263988494
9303,4.046218964504078e-05,0.0052995011210441,0.0606495812535285,0.9340105056762696
9304,1.6989413779811002e-05,0.0012482095044106,0.0128049924969673,0.985929787158966
9305,1.0411985385871958e-05,0.0015452755615115,0.0176847428083419,0.9807595610618592
9306,2.649052657943685e-05,0.0039934553205966,0.0339633449912071,0.962016761302948
9307,0.0004139725060667,0.0170609857887029,0.0936832353472709,0.8888418078422546
9308,7.658790309506003e-06,0.0011190429795533,0.0128067685291171,0.9860665202140808
9309,3.773505159188062e-05,0.0050201462581753,0.038271639496088,0.956670582294464
9310,2.31321628234582e-05,0.002846154384315,0.0452224500477314,0.9519082903862
9311,0.0001378893794026,0.0075285052880644,0.0514479987323284,0.9408855438232422
9312,0.0001964493567356,0.0699408203363418,0.6740298271179199,0.2558328807353973
9313,0.0002297322644153,0.0956226140260696,0.6637524962425232,0.2403952181339264
9314,0.0006156387971714,0.0562907494604587,0.4568157792091369,0.4862778484821319
9315,2.602585118438583e-05,0.0059824786148965,0.0921308621764183,0.9018606543540956
9316,4.976611762685934e-06,0.0004843822389375,0.0071179438382387,0.9923927783966064
9317,0.0002597548882476,0.0984435454010963,0.6419325470924377,0.2593641877174377
9318,0.0001015784946503,0.0108585357666015,0.0708065554499626,0.918233335018158
9319,5.689452336810064e-06,0.0008711934788152,0.0134164802730083,0.985706627368927
9320,1.0184805432800204e-05,0.0009168069809675,0.0092594213783741,0.9898136258125304
9321,3.4107670217053965e-05,0.0052227135747671,0.0597707852721214,0.9349724054336548
9322,0.000268195697572,0.0146429874002933,0.0791592448949813,0.9059295654296876
9323,0.0009883916936814,0.1040190085768699,0.4962469339370727,0.3987456262111664
9324,4.20657561335247e-05,0.0039068395271897,0.0400790497660636,0.9559720754623412
9325,4.450875712791458e-05,0.0032700516749173,0.0315139628946781,0.9651714563369752
9326,0.0012617374304682,0.1814970970153808,0.5767965912818909,0.2404446005821228
9327,3.586163802538067e-05,0.0062224445864558,0.0845664665102958,0.9091752171516418
9328,3.710880264407024e-05,0.0071830498054623,0.0809311643242836,0.9118486046791076
9329,6.77301359246485e-05,0.0121250795200467,0.1243874132633209,0.8634197115898132
9330,2.401464735157788e-05,0.0061581945046782,0.0798606798052787,0.9139571189880372
9331,0.0001415006699971,0.0553291141986846,0.6846612691879272,0.2598681151866913
9332,7.34477725927718e-05,0.0093237916007637,0.0831020474433898,0.907500684261322
9333,5.119671641296009e-06,0.0007839461322873,0.0097008170560002,0.989510178565979
9334,6.9503748818533495e-06,0.0010477713076397,0.0161357969045639,0.9828094840049744
9335,0.0001440866326447,0.0505030862987041,0.644780158996582,0.304572582244873
9336,6.128398672444746e-05,0.0120493816211819,0.1562587618827819,0.8316305875778198
9337,0.0002946325403172,0.0351359099149704,0.2477323114871978,0.7168371677398682
9338,2.74279409495648e-05,0.0054776812903583,0.0732905715703964,0.921204388141632
9339,0.000174657543539,0.2537429928779602,0.7228464484214783,0.0232358630746603
9340,0.0001945719704963,0.0903482735157013,0.5891447067260742,0.3203124403953552
9341,5.091520506539382e-05,0.0079191299155354,0.0622887797653675,0.9297412633895874
9342,1.452594642614713e-05,0.0012477054260671,0.0132061317563056,0.9855316877365112
9343,9.08659494598396e-05,0.0087070232257246,0.0604387298226356,0.9307633638381958
9344,0.0005969482590444,0.1309348940849304,0.5687552690505981,0.2997129559516907
9345,1.4828121493337676e-05,0.0019726844038814,0.0229317024350166,0.9750807285308838
9346,3.127431409666315e-05,0.004714613314718,0.0388629734516143,0.9563911557197572
9347,1.0820825991686434e-05,0.0011037542717531,0.0109746977686882,0.9879107475280762
9348,1.5443760275957175e-05,0.0016253119101747,0.014040551148355,0.9843186736106871
9349,0.0001104225666495,0.0116209471598267,0.0794147551059722,0.9088538289070128
9350,2.0721738110296428e-05,0.0016206107102334,0.0168871507048606,0.9814715385437012
9351,3.106087024207227e-05,0.0022820369340479,0.0176713280379772,0.9800155758857728
9352,4.4424676161725074e-05,0.0075887334533035,0.0731337368488311,0.9192331433296204
9353,0.0001229975314345,0.1247465461492538,0.7523179650306702,0.1228125318884849
9354,0.0003901730233337,0.0273532383143901,0.1728778034448623,0.7993788123130798
9355,0.0001469661656301,0.0271451137959957,0.261601448059082,0.7111064195632935
9356,0.0003081162285525,0.1063219606876373,0.7153141498565674,0.1780557781457901
9357,9.471738849242684e-06,0.0013000882463529,0.0188084673136472,0.979882001876831
9358,4.252442886354402e-05,0.1902946233749389,0.8011702299118042,0.0084926281124353
9359,0.0003888595383614,0.3071505427360534,0.6502376794815063,0.0422229096293449
9360,5.726260496885516e-05,0.0114360153675079,0.1483044922351837,0.8402022123336792
9361,0.0008230534149333,0.0981518551707267,0.5306038856506348,0.3704212307929992
9362,0.0004352902760729,0.3130562007427215,0.6524652242660522,0.0340432859957218
9363,3.02588268823456e-05,0.0039631240069866,0.0412967056035995,0.9547100067138672
9364,0.0003136406594421,0.1152083948254585,0.7168506979942322,0.1676272302865982
9365,0.0004615298530552,0.1519674807786941,0.6298876404762268,0.2176833599805832
9366,4.74841090181144e-06,0.0005488416063599,0.0071174860931932,0.992328941822052
9367,2.3798229449312203e-05,0.0035319705493748,0.0472572408616542,0.9491870999336244
9368,0.000143909768667,0.0227355826646089,0.2123649418354034,0.7647555470466614
9369,0.0004318708379287,0.0661299228668212,0.4050948619842529,0.5283433198928833
9370,5.5180269555421546e-05,0.0050453906878829,0.0334181822836399,0.961481273174286
9371,5.411398524302058e-05,0.0116853676736354,0.1690530180931091,0.8192075490951538
9372,1.713009987724945e-05,0.0019190531456843,0.0193817485123872,0.9786821007728576
9373,0.0003977136511821,0.0845507532358169,0.5179361701011658,0.3971154391765594
9374,0.0002947046305052,0.0779714956879615,0.5497525930404663,0.3719812333583832
9375,3.0848896130919456e-05,0.0106450580060482,0.2072333991527557,0.7820906639099121
9376,0.0001940335496328,0.0224272292107343,0.2229953110218048,0.7543834447860718
9377,3.75070158042945e-05,0.0072601311840116,0.0710687562823295,0.9216336607933044
9378,0.0002304416702827,0.1331687867641449,0.6254631876945496,0.2411375492811203
9379,1.2161599443061276e-05,0.0016179392114281,0.018516331911087,0.979853630065918
9380,6.359106464515207e-06,0.0007350128144025,0.0116785932332277,0.9875801205635072
9381,0.0006510900566354,0.1300303041934967,0.6107224225997925,0.2585961520671844
9382,0.0004982339451089,0.0824910104274749,0.3874412775039673,0.5295694470405579
9383,1.601729127287399e-05,0.0018513470422476,0.024008635431528,0.9741239547729492
9384,0.0003598238690756,0.1619413793087005,0.692535400390625,0.1451633125543594
9385,1.2434068594302516e-05,0.0011019264347851,0.0126108797267079,0.986274778842926
9386,9.220420906785876e-06,0.0011168814962729,0.0147120282053947,0.9841618537902832
9387,0.0002871633623726,0.0475447364151477,0.2958332896232605,0.6563348174095154
9388,3.356291199452244e-05,0.0041945721022784,0.0465273968875408,0.9492444396018982
9389,2.014540405070875e-05,0.0028529278934001,0.0279270522296428,0.96919983625412
9390,0.0008741223136894,0.242369920015335,0.6588296890258789,0.0979262888431549
9391,5.514268195838668e-05,0.0046630455181002,0.0344555042684078,0.9608263969421388
9392,2.2045755031285807e-05,0.0040719201788306,0.0451669096946716,0.9507391452789308
9393,2.54562637564959e-05,0.0036050351336598,0.0425670929253101,0.9538024067878724
9394,1.4252037544792984e-05,0.001431209151633,0.0163793209940195,0.9821751713752748
9395,5.5425949540222064e-05,0.0117831146344542,0.2121497839689254,0.7760117053985596
9396,0.0001447140384698,0.0382877252995967,0.4246984720230102,0.5368691086769104
9397,1.5892579540377483e-05,0.0032239167485386,0.045205645263195,0.951554536819458
9398,9.538469748804346e-05,0.0378843396902084,0.6820908188819885,0.279929518699646
9399,7.96261792856967e-06,0.0005326597602106,0.0058168130926787,0.9936425685882568
9400,0.0030327516142278,0.2159604728221893,0.5962859988212585,0.1847207844257354
9401,1.3798636246065143e-05,0.0017245039343833,0.0171468500047922,0.9811148047447203
9402,2.3113749193726107e-05,0.0032732957042753,0.0305746812373399,0.966128945350647
9403,0.0001326945348409,0.0256853140890598,0.2117263078689575,0.7624557018280029
9404,0.0005707420641556,0.2528843581676483,0.687410831451416,0.0591340623795986
9405,4.6778983232798055e-05,0.0032286164350807,0.0287763457745313,0.967948317527771
9406,8.289492689073086e-05,0.0542820431292057,0.7731271386146545,0.1725079864263534
9407,1.04289865703322e-05,0.0015001780120655,0.0161284338682889,0.9823609590530396
9408,0.0006632435834035,0.3278355300426483,0.5936334729194641,0.0778677612543106
9409,0.0001991249300772,0.18677918612957,0.738726019859314,0.0742956325411796
9410,2.6413285013404675e-05,0.0035692725796252,0.0371926724910736,0.9592116475105286
9411,1.0330854820495006e-05,0.0017373826121911,0.0251348372548818,0.9731174111366272
9412,5.619796411338029e-06,0.000702342018485,0.0103208413347601,0.9889711737632751
9413,0.0001211815833812,0.1874074190855026,0.7890146374702454,0.0234567876905202
9414,3.760526851692703e-06,0.0003603440127335,0.0061907349154353,0.9934451580047609
9415,0.0002037291560554,0.1511709243059158,0.7677093148231506,0.0809159651398658
9416,3.913058390025981e-05,0.0083188507705926,0.0741451233625412,0.9174968600273132
9417,0.0002305817470187,0.0138266803696751,0.0610061772167682,0.9249364733695984
9418,0.0004212437488604,0.0397389344871044,0.2216459661722183,0.7381938099861145
9419,0.000106609564682,0.0079559329897165,0.0578754283487796,0.9340620636940002
9420,4.0201608499046415e-05,0.0057828798890113,0.0661815553903579,0.9279953837394714
9421,2.2873800844536163e-05,0.0033421413972973,0.025479182600975,0.9711557030677797
9422,1.6265796148218215e-05,0.0024520743172615,0.0236309971660375,0.9739006161689758
9423,8.174883987521753e-05,0.0125177334994077,0.1098396331071853,0.8775609135627747
9424,2.134288297384046e-05,0.0028841004241257,0.032495055347681,0.9645995497703552
9425,4.592912318912568e-06,0.0005740057094953,0.009120357222855,0.9903011322021484
9426,0.0032187546603381,0.1930104941129684,0.567289412021637,0.2364813983440399
9427,7.51309999031946e-05,0.0138769317418336,0.1539269238710403,0.8321210145950317
9428,0.0003835798415821,0.0423055179417133,0.1956187337636947,0.7616921663284302
9429,0.0002934023796115,0.0428696759045124,0.2317512780427932,0.7250856161117554
9430,3.1216048228088766e-05,0.0069547644816339,0.0821196213364601,0.9108943939208984
9431,1.959997280209791e-05,0.002732653170824,0.0243558716028928,0.9728918075561525
9432,4.259088200342376e-06,0.0005666150245815,0.0064845653250813,0.9929445385932922
9433,1.8069080397253856e-05,0.0032856743782758,0.0419486835598945,0.9547475576400756
9434,6.2446495576296e-05,0.0067805270664393,0.0478073731064796,0.9453496932983398
9435,2.653669071150944e-05,0.0023152620997279,0.0187890268862247,0.9788691401481628
9436,2.4875813323888e-05,0.0019454937428236,0.0212454069405794,0.9767841696739196
9437,0.0015244462992995,0.0638161450624466,0.3291887044906616,0.6054707169532776
9438,4.349575465312228e-05,0.0035649787168949,0.0232465807348489,0.9731449484825134
9439,4.657793397200294e-05,0.0061005055904388,0.0597172901034355,0.9341356158256532
9440,0.0003060758172068,0.02179547958076,0.1072811037302017,0.8706173300743103
9441,5.2403283916646615e-05,0.0053452807478606,0.0376878976821899,0.956914484500885
9442,8.429863555647898e-06,0.0019682608544826,0.0251290705054998,0.9728941917419434
9443,7.14772759238258e-05,0.0109449084848165,0.1195218712091445,0.8694617748260498
9444,0.0012555279536172,0.0997389405965805,0.3764108419418335,0.522594690322876
9445,0.0001253001828445,0.0114567838609218,0.0782929062843322,0.9101250767707824
9446,1.4509801985695958e-05,0.0012858811533078,0.0142633626237511,0.9844362735748292
9447,9.135700565821026e-06,0.0009465416660532,0.0085692880675196,0.9904749989509584
9448,1.95974025700707e-05,0.0028634199406951,0.0243526771664619,0.972764253616333
9449,9.385917110193986e-06,0.0010848644888028,0.0126111339777708,0.9862945675849916
9450,5.962329396425048e-06,0.000898823083844,0.0134161068126559,0.9856792092323304
9451,0.0026216814294457,0.2323374450206756,0.5840963125228882,0.1809445917606353
9452,4.007592360721901e-05,0.0048544481396675,0.0406458005309104,0.9544597268104552
9453,3.918878428521566e-05,0.0054637501016259,0.0464678332209587,0.9480292201042176
9454,0.0001675476087257,0.0968232676386833,0.7043408155441284,0.19866843521595
9455,9.694001346360892e-05,0.005050373263657,0.0324219949543476,0.962430775165558
9456,0.0001382272312184,0.0354462973773479,0.4185384511947632,0.5458770394325256
9457,0.0001655872765695,0.0253554340451955,0.173272967338562,0.8012060523033142
9458,0.0003014649555552,0.0714964941143989,0.6176354289054871,0.3105666041374206
9459,2.2315180103760213e-05,0.0038719638250768,0.0486675165593624,0.9474382400512696
9460,0.0002692322595976,0.0331260226666927,0.2126598954200744,0.7539448142051697
9461,1.3554835277318489e-05,0.0016419147141277,0.0193871986120939,0.9789573550224304
9462,0.0006204000674188,0.0878590941429138,0.5640310645103455,0.347489446401596
9463,0.0001521429658168,0.0633272230625152,0.6199043989181519,0.3166162073612213
9464,6.269192908803234e-06,0.0007246201857924,0.0103206047788262,0.9889485836029052
9465,4.330229785409756e-06,0.0004775866691488,0.0056391893886029,0.9938788414001464
9466,0.0003081488830503,0.032940499484539,0.2286523729562759,0.7380989193916321
9467,0.0005041365511715,0.114087626338005,0.5704022645950317,0.3150060176849365
9468,0.0001239156990777,0.0205163303762674,0.1469321846961975,0.8324275612831116
9469,1.91143190022558e-05,0.0032145343720912,0.0479811131954193,0.9487852454185486
9470,0.0001856101880548,0.016449062153697,0.0992005318403244,0.8841648101806641
9471,2.6854899260797534e-05,0.0024941370356827,0.0222300048917531,0.9752491116523744
9472,8.973351214081049e-06,0.0009896825067698,0.0108076445758342,0.9881937503814696
9473,0.0004500352661125,0.052017007023096,0.323660671710968,0.6238722801208496
9474,1.013398741633864e-05,0.0010665080044418,0.0140484850853681,0.9848749041557312
9475,0.0001697094121482,0.0463261865079402,0.5470046997070312,0.4064993560314178
9476,0.0001031575084198,0.0106880543753504,0.0853919461369514,0.9038168787956238
9477,1.1392337910365312e-05,0.0016645600553601,0.0212516747415065,0.9770723581314088
9478,5.808372407045681e-06,0.0007146553252823,0.0085713053122162,0.9907082319259644
9479,0.0003039608709514,0.1048880591988563,0.6227490901947021,0.2720589339733124
9480,7.961194205563515e-05,0.0161498170346021,0.1682849675416946,0.8154856562614441
9481,2.0548539396259e-05,0.0028649033047258,0.0389356240630149,0.9581789970397948
9482,2.0468698494369164e-05,0.0029907273128628,0.0275022163987159,0.9694864749908448
9483,0.0002551499055698,0.0922701880335807,0.6404820084571838,0.2669926285743713
9484,0.0001564258418511,0.0382761433720588,0.2615699768066406,0.6999975442886353
9485,8.08720233180793e-06,0.0006324858404695,0.0058162319473922,0.993543267250061
9486,8.866751159075648e-06,0.0007043732912279,0.0074553224258124,0.9918314814567566
9487,8.189542859327048e-05,0.0087544554844498,0.0553298667073249,0.935833752155304
9488,5.388203135225922e-05,0.0076306024566292,0.0680108219385147,0.924304723739624
9489,2.1073279640404508e-05,0.0028925128281116,0.0296733863651752,0.967413067817688
9490,2.2477393031294923e-06,0.0003496035933494,0.0052182893268764,0.994429886341095
9491,0.0001223684666911,0.0196368228644132,0.1321128606796264,0.8481279611587524
9492,4.760156662086956e-05,0.007064698729664,0.0530235096812248,0.9398641586303712
9493,9.73344940575771e-05,0.0216855928301811,0.2600888013839721,0.7181282043457031
9494,3.922044561477378e-05,0.0037582106888294,0.0324659869074821,0.9637365937232972
9495,1.88043195521459e-05,0.0018018813570961,0.0199869852513074,0.9781923890113832
9496,0.0001063257514033,0.4611632823944092,0.530795693397522,0.0079347528517246
9497,0.0001015534944599,0.0568806566298007,0.5835209488868713,0.3594968318939209
9498,0.000200281094294,0.1849511414766311,0.7666011452674866,0.0482473857700824
9499,8.928649185691029e-05,0.0154923284426331,0.1773003041744232,0.8071180582046509
9500,0.0009182829526253,0.0568121559917926,0.3218627870082855,0.6204067468643188
9501,0.0010535188484936,0.1256356239318847,0.5719267129898071,0.3013842105865478
9502,3.1457773729925975e-05,0.0034695188514888,0.0344976410269737,0.962001383304596
9503,0.0001373639097437,0.0320726446807384,0.2602788507938385,0.7075111865997314
9504,2.482334093656391e-05,0.0045849489979445,0.0653024092316627,0.9300878047943116
9505,5.970956408418715e-05,0.0112022198736667,0.1262150108814239,0.862523078918457
9506,7.38077869755216e-05,0.0122201219201087,0.144291266798973,0.843414843082428
9507,0.0012381870765239,0.0645069703459739,0.3125918209552765,0.6216630339622498
9508,0.0001637128734728,0.0370487198233604,0.4513458013534546,0.5114417672157288
9509,6.082778327254346e-06,0.000874989258591,0.0091175967827439,0.9900013208389282
9510,1.8294804249308072e-05,0.0027151899412274,0.030591944232583,0.966674506664276
9511,8.85552799445577e-05,0.0805092230439186,0.7758790254592896,0.1435232013463974
9512,0.0006522702169604,0.0665333792567253,0.4012475907802582,0.5315667390823364
9513,6.665641558356583e-05,0.0141706224530935,0.162174180150032,0.823588490486145
9514,0.0002386326377745,0.035973947495222,0.3360197842121124,0.6277675628662109
9515,8.308677024615463e-06,0.0009454637183807,0.009699217043817,0.989346981048584
9516,0.0001102860405808,0.0325514562427997,0.3236611485481262,0.6436770558357239
9517,0.0004659302067011,0.0564387217164039,0.3457290828227997,0.5973662734031677
9518,5.117648015584564e-06,0.0007135089254006,0.0101623507216572,0.9891190528869628
9519,6.906483031343669e-05,0.0083659114316105,0.0831827744841575,0.9083822965621948
9520,3.791480048676021e-05,0.0103497393429279,0.1544833481311798,0.8351290225982666
9521,0.0006958708399906,0.1650351881980896,0.7512840032577515,0.0829849019646644
9522,3.748436574824154e-05,0.004134199116379,0.0305478256195783,0.9652804136276244
9523,0.0001009668267215,0.0147524876520037,0.1142383068799972,0.8709083199501038
9524,1.832943053159397e-05,0.0031310790218412,0.028346475213766,0.9685040712356568
9525,3.502102117636241e-05,0.0061722793616354,0.0633194893598556,0.9304731488227844
9526,0.0002629387308843,0.096584253013134,0.6009674072265625,0.3021853864192962
9527,7.638265378773212e-05,0.0052718189544975,0.0360263437032699,0.9586254358291626
9528,1.8468372218194418e-05,0.002237097825855,0.0218987483531236,0.9758456349372864
9529,0.0013100728392601,0.3520709574222564,0.5804668664932251,0.0661521703004837
9530,5.644706106977537e-05,0.0079938536509871,0.0679857432842254,0.9239639043807985
9531,5.917564067203784e-06,0.0004926504334434,0.0058170580305159,0.9936843514442444
9532,9.807449714571703e-06,0.001187989138998,0.0154060767963528,0.9833961129188538
9533,4.130717570660636e-06,0.0004083812527824,0.0060011190362274,0.9935863614082336
9534,6.097405275795609e-05,0.0050762263126671,0.042502723634243,0.9523600339889526
9535,0.0003828230837825,0.0256089717149734,0.1520474702119827,0.8219608068466187
9536,9.376040543429554e-05,0.0094155492261052,0.0740590319037437,0.9164316058158876
9537,3.4495325962780043e-05,0.0024563919287174,0.0218935832381248,0.9756154417991638
9538,3.894656401826069e-05,0.0052629164420068,0.0376915261149406,0.9570066332817078
9539,1.0778786418086383e-05,0.0014339740155264,0.014482625760138,0.9840726256370544
9540,1.4043128430785146e-05,0.0013247887836769,0.0156426783651113,0.9830185174942015
9541,7.885982995503582e-06,0.0009702822426334,0.0149424569681286,0.9840794205665588
9542,1.5397739844047464e-05,0.0027565099298954,0.0310575049370527,0.966170608997345
9543,5.904525551159168e-06,0.0005657877773046,0.0079334564507007,0.99149489402771
9544,1.5097960385901388e-05,0.0019467853708192,0.0206054262816905,0.9774327278137208
9545,5.16144536959473e-05,0.0042970194481313,0.0382989160716533,0.9573523998260498
9546,1.4518080206471495e-05,0.0013695943634957,0.0136179607361555,0.9849979281425476
9547,0.0010020146146416,0.1122538223862648,0.5355330109596252,0.3512111306190491
9548,1.5923837054288015e-05,0.0031801769509911,0.0581593587994575,0.938644528388977
9549,9.39803612709511e-06,0.0011033714981749,0.0113191455602645,0.9875681400299072
9550,1.1035810530302116e-05,0.0024587181396782,0.036130603402853,0.9613996744155884
9551,6.857921107439324e-06,0.0011533249635249,0.0138325449079275,0.985007345676422
9552,1.4271261534304358e-05,0.0017835712060332,0.014702133834362,0.9835000038146972
9553,7.858279423089698e-05,0.0161920841783285,0.1661095470190048,0.8176198601722717
9554,0.0001560513192089,0.0432687029242515,0.4041574597358703,0.5524177551269531
9555,2.827570278896019e-05,0.0044671366922557,0.0458269603550434,0.9496776461601256
9556,8.588896889705211e-05,0.0176975317299366,0.2641587555408478,0.7180578112602234
9557,0.0002074210642604,0.025922741740942,0.1799394935369491,0.7939302921295166
9558,2.1318021026672795e-05,0.0019492066930979,0.0193810798227787,0.9786483645439148
9559,2.7613308702711947e-05,0.0047912555746734,0.0531459897756576,0.9420351386070251
9560,8.337247709278017e-05,0.0065204142592847,0.0554545000195503,0.9379417896270752
9561,0.0011296931188553,0.1729834675788879,0.6037716269493103,0.2221151888370514
9562,2.025455250986852e-05,0.0026116946246474,0.0229168944060802,0.9744510650634766
9563,0.0010115706827491,0.1284133195877075,0.6521366834640503,0.218438446521759
9564,0.0002379823708906,0.3003854155540466,0.6561020016670227,0.0432746186852455
9565,2.5776203983696178e-05,0.0046871346421539,0.0444702953100204,0.950816810131073
9566,5.31695295649115e-05,0.0138492370024323,0.2416777312755584,0.7444198131561279
9567,1.1943489880650304e-05,0.0005754696321673,0.0065859006717801,0.9928267002105712
9568,1.7427761122235097e-05,0.0038828097749501,0.0607373677194118,0.9353623986244202
9569,6.286975803959649e-06,0.000548523501493,0.0076913768425583,0.9917536973953248
9570,1.9656616132124327e-05,0.002036603866145,0.0222403611987829,0.9757034182548524
9571,1.0652109267539345e-05,0.001020714174956,0.0111465230584144,0.9878221154212952
9572,0.0012038899585604,0.0986726507544517,0.4219694435596466,0.4781540334224701
9573,4.482359508983791e-05,0.0063477749936282,0.0515140369534492,0.942093312740326
9574,1.892165164463222e-05,0.0027218218892812,0.0432469435036182,0.9540122747421264
9575,5.4049018217483535e-05,0.0058687170967459,0.0523073077201843,0.9417699575424194
9576,0.000392227229895,0.0375842861831188,0.2528600394725799,0.7091634273529053
9577,0.0001993218174902,0.1411277055740356,0.8121339678764343,0.046538982540369
9578,1.0949308489216492e-05,0.0011344478698447,0.0147117432206869,0.9841428399086
9579,0.0001647728204261,0.0509674660861492,0.3375833332538605,0.6112844944000244
9580,0.0001229185290867,0.0174073316156864,0.1171132624149322,0.8653564453125
9581,0.0003748646995518,0.0522641092538833,0.4514930248260498,0.495868057012558
9582,2.5100354832829908e-05,0.0039039999246597,0.0556038059294223,0.9404670596122742
9583,5.137130756338593e-06,0.0005240016034804,0.0065862848423421,0.9928845763206482
9584,1.336921559413895e-05,0.0015452711377292,0.0176846906542778,0.98075670003891
9585,3.782387648243457e-05,0.0038581399712711,0.0371814593672752,0.9589225053787231
9586,9.460241926717572e-06,0.0019190737511962,0.0345520749688148,0.9635193943977356
9587,4.787021680385806e-05,0.0092661073431372,0.1027823165059089,0.8879036903381348
9588,6.614557787543163e-05,0.0085290474817156,0.0796667784452438,0.9117380380630492
9589,0.0006475860136561,0.082207478582859,0.4514078795909881,0.4657371044158935
9590,0.0008023282280191,0.0392671152949333,0.2190143913030624,0.7409161329269409
9591,5.210992185311625e-06,0.0005151819786988,0.0079338625073432,0.9915456175804138
9592,1.101605812436901e-05,0.0019114244496449,0.0232859160751104,0.9747915863990784
9593,5.549086836253991e-06,0.0005153690581209,0.007573293056339,0.991905689239502
9594,0.0002630764793138,0.027686346322298,0.2467657476663589,0.7252848148345947
9595,5.145628529135138e-05,0.0061363335698843,0.0393935665488243,0.9544186592102052
9596,0.0004631259071175,0.0816236063838005,0.4697114527225494,0.448201835155487
9597,0.0001400568726239,0.0692288875579834,0.6568254232406616,0.273805558681488
9598,0.0002123638405464,0.0158480387181043,0.0911991670727729,0.8927403688430786
9599,9.616608440410346e-05,0.0154320495203137,0.1419104784727096,0.8425613045692444
9600,2.8496886443463158e-05,0.0039730719290673,0.0388920381665229,0.9571064114570618
9601,5.368840447772527e-06,0.0007255006348714,0.0091189676895737,0.9901502132415771
9602,7.71833128965227e-06,0.0005327078979462,0.0057271500118076,0.9937323927879332
9603,0.000155579065904,0.0589623376727104,0.5682286024093628,0.3726534247398376
9604,0.00299694086425,0.0692842081189155,0.2495020478963852,0.678216814994812
9605,0.0001510482979938,0.0144738610833883,0.117459587752819,0.8679155111312866
9606,4.212556450511329e-05,0.0073093147948384,0.0933190733194351,0.8993294835090637
9607,1.38413970489637e-05,0.0013472071150317,0.0144838402047753,0.9841551780700684
9608,3.295702481409535e-05,0.0063794013112783,0.0614792183041572,0.932108461856842
9609,2.844224582077004e-05,0.0033918325789272,0.0262652114033699,0.9703145623207092
9610,3.168660896335496e-06,0.0003778733371291,0.0055528082884848,0.9940661191940308
9611,3.8342695916071534e-05,0.0062498585321009,0.0661505907773971,0.9275612831115724
9612,0.0001859817857621,0.0651875436305999,0.5290158987045288,0.4056105613708496
9613,0.0002318999468116,0.0477832779288291,0.387775182723999,0.5642095804214478
9614,9.42872247833293e-06,0.0008894787752069,0.0083083035424351,0.9907926917076112
9615,5.471945769386366e-06,0.0005669433157891,0.0059076845645904,0.9935198426246644
9616,3.0630217224825174e-05,0.0034314461518079,0.0301099829375743,0.9664279222488404
9617,1.1370841093594208e-05,0.0018247116822749,0.0229351818561553,0.9752286672592164
9618,9.404549928149208e-06,0.000929775997065,0.0108082881197333,0.988252580165863
9619,4.904618435830344e-06,0.000366016087355,0.0061906925402581,0.9934383034706116
9620,0.0010840992908924,0.1123225316405296,0.561577320098877,0.3250160217285156
9621,5.62342356715817e-05,0.0058263773098587,0.0444180332124233,0.949699342250824
9622,0.0003775304066948,0.082807682454586,0.5571145415306091,0.3597002029418945
9623,2.206225326517597e-05,0.005569820292294,0.0722305327653884,0.9221776127815248
9624,1.844421240093652e-05,0.0021318611688911,0.0232806000858545,0.9745690822601318
9625,9.23298648558557e-05,0.0132813714444637,0.1519972383975982,0.8346290588378906
9626,0.0016989591531455,0.1529354304075241,0.4784926176071167,0.366873025894165
9627,0.0004345572087913,0.1223881319165229,0.6412679553031921,0.2359093129634857
9628,5.064081506134244e-06,0.0005165503825992,0.0052991290576756,0.9941792488098145
9629,4.10067914344836e-05,0.0030602065380662,0.0202692989259958,0.9766295552253724
9630,1.925914693856612e-05,0.0014372488949447,0.0122234458103775,0.9863199591636658
9631,1.0757286872831172e-05,0.0012433732626959,0.016636149957776,0.982109785079956
9632,1.0486796782060992e-05,0.0010367716895416,0.0111463461071252,0.9878063797950744
9633,0.0002249368408229,0.1722056716680526,0.6498973369598389,0.1776720434427261
9634,7.359206847468158e-06,0.0006420730496756,0.0063841720111668,0.9929664134979248
9635,0.000138148854603,0.0499589368700981,0.5807535648345947,0.369149386882782
9636,3.166778333252296e-05,0.0040833577513694,0.0572566948831081,0.9386283755302428
9637,5.552629227167927e-05,0.0049983174540102,0.0572027117013931,0.9377434253692628
9638,0.0001555668277433,0.0125528182834386,0.0793362483382225,0.907955288887024
9639,2.3469936422770843e-05,0.0020799422636628,0.0168793331831693,0.981017291545868
9640,4.6240256779128686e-05,0.0071920091286301,0.0797758176922798,0.9129859209060668
9641,2.0971443518646996e-05,0.0035268545616418,0.0778011605143547,0.918651044368744
9642,0.0008303583599627,0.176527589559555,0.5270140171051025,0.2956280708312988
9643,5.230193437455455e-06,0.000328676222125,0.0044668926857411,0.9951992630958556
9644,3.137219755444676e-05,0.0029136796947568,0.0225625559687614,0.9744924306869508
9645,9.965247954824008e-06,0.0013257438549771,0.0149371083825826,0.983727216720581
9646,0.0002330850838916,0.0791839286684989,0.7631070017814636,0.1574760228395462
9647,7.616382208652794e-05,0.0057733720168471,0.0530909448862075,0.9410594701766968
9648,0.0001322224998148,0.0208891686052083,0.1951182633638382,0.7838603258132935
9649,5.08744124090299e-05,0.0048749251291155,0.0365883484482765,0.9584859013557434
9650,4.879304833593778e-05,0.0080785108730196,0.0868521854281425,0.905020534992218
9651,2.912202398874797e-05,0.0063876374624669,0.1168176978826522,0.8767654895782471
9652,0.0007801813189871,0.1765574067831039,0.6162459254264832,0.2064165323972702
9653,0.0001075406107702,0.031741127371788,0.320574015378952,0.6475773453712463
9654,0.0003526738437358,0.0337941721081733,0.2203656882047653,0.7454875111579895
9655,0.0006266796845011,0.0820788368582725,0.5436497926712036,0.3736446797847748
9656,4.554771658149548e-05,0.0081539722159504,0.1336708217859268,0.8581296801567078
9657,0.0002188991202274,0.1284905970096588,0.7279488444328308,0.1433416157960891
9658,5.819191756017972e-06,0.0005404549301601,0.0069000669755041,0.9925536513328552
9659,0.0002815116604324,0.0200462788343429,0.1002250835299491,0.8794472217559814
9660,6.182122160680592e-05,0.0129389418289065,0.1480783373117447,0.8389209508895874
9661,0.0015078044962137,0.2873367071151733,0.6178709864616394,0.0932845622301101
9662,0.0003440120781306,0.0560739636421203,0.3772551119327545,0.566326916217804
9663,4.5262728235684335e-05,0.0040112528949975,0.0296393726021051,0.9663041234016418
9664,2.6186331524513665e-05,0.0038261429872363,0.0451778657734394,0.9509697556495668
9665,0.0001200812475872,0.0143200885504484,0.1401780396699905,0.8453817963600159
9666,4.371895556687377e-06,0.000609535141848,0.0115010850131511,0.987885057926178
9667,4.84491501993034e-05,0.003190761199221,0.025097282603383,0.9716634750366212
9668,7.51823472455726e-06,0.0011333763832226,0.0156457796692848,0.9832133054733276
9669,1.528381835669279e-05,0.0018513485556468,0.0240086540579795,0.9741247296333312
9670,1.0346967428631617e-05,0.000888752285391,0.0091174319386482,0.9899834394454956
9671,4.925272151012905e-05,0.0068668760359287,0.0651511028409004,0.9279327988624572
9672,4.68679063487798e-05,0.0061384844593703,0.0538634918630123,0.9399511218070984
9673,1.2455675459932536e-05,0.001193537027575,0.010805401019752,0.9879885911941528
9674,0.000174634886207,0.0476707108318805,0.4315753877162933,0.5205792784690857
9675,3.983116039307788e-05,0.0055533107370138,0.0457764267921447,0.9486304521560668
9676,0.0002102304570144,0.0692223608493805,0.3860913515090942,0.5444760918617249
9677,1.7932956325239502e-05,0.0035258969292044,0.0339795835316181,0.9624766707420348
9678,3.520421523717232e-05,0.0064015206880867,0.0870002135634422,0.9065630435943604
9679,1.7811824363889173e-05,0.0014372511068359,0.012223464436829,0.98632150888443
9680,3.458893843344413e-05,0.0029249538201838,0.0187773928046226,0.9782630801200868
9681,3.7674508348573e-05,0.0047825719229876,0.0400439836084842,0.955135703086853
9682,3.646696995929233e-06,0.0004021989298053,0.0056396191939711,0.993954598903656
9683,2.0633895474020392e-05,0.0023849541321396,0.0202834419906139,0.9773109555244446
9684,1.2053704267600551e-05,0.0013088078703731,0.0122251072898507,0.9864540696144104
9685,1.1710342732840218e-05,0.0010541315423324,0.0101588191464543,0.988775372505188
9686,0.0041955979540944,0.0720806717872619,0.2290719002485275,0.6946519017219543
9687,0.0003468469367362,0.035936489701271,0.3463251888751983,0.6173914670944214
9688,7.545113021478755e-06,0.0010356401326134,0.012228506617248,0.9867283701896667
9689,0.0002178429713239,0.0143466899171471,0.0838596150279045,0.9015758633613586
9690,3.983330316259526e-05,0.0038770441897213,0.0324620939791202,0.9636210203170776
9691,8.151122165145352e-05,0.0378492213785648,0.6401710510253906,0.3218982219696045
9692,3.9873382775112987e-05,0.0019514620071277,0.018227906897664,0.9797806739807128
9693,1.962930036825128e-05,0.0029591235797852,0.0377795547246933,0.9592416882514954
9694,2.75923298431735e-06,0.0002445275022182,0.0034287555608898,0.9963239431381226
9695,0.0015907883644104,0.1548341810703277,0.5404244065284729,0.3031505942344665
9696,1.6067429896793328e-05,0.0018863880541175,0.0209243576973676,0.9771732091903688
9697,7.681749593757559e-06,0.0008084326400421,0.0101613588631153,0.9890224933624268
9698,0.0011558147380128,0.1636828035116195,0.5894443988800049,0.2457169890403747
9699,0.0001507914857938,0.0161193050444126,0.0757086724042892,0.9080211520195008
9700,2.624830813147128e-05,0.0042121419683098,0.0425411239266395,0.9532204866409302
9701,2.6258951038471423e-05,0.0034392438828945,0.0279104616492986,0.9686240553855896
9702,0.000154381908942,0.0181251280009746,0.1219424530863761,0.8597779870033264
9703,3.3151831303257495e-05,0.0044104102998971,0.0431731007993221,0.9523833990097046
9704,1.3018565368838608e-05,0.0029925359413027,0.04196123406291,0.955033242702484
9705,8.136022370308638e-05,0.0122650796547532,0.1278050690889358,0.8598484992980957
9706,0.000538402062375,0.0549185015261173,0.3160341680049896,0.628508985042572
9707,0.0003741559339687,0.0735648423433303,0.5027245283126831,0.4233365058898926
9708,2.411138302704785e-05,0.003809236222878,0.0493989326059818,0.9467676877975464
9709,0.0001716456608846,0.0946491509675979,0.6885251998901367,0.2166540473699569
9710,0.0001339071895927,0.0126324221491813,0.0876863822340965,0.8995473384857178
9711,0.0001980538363568,0.0225370060652494,0.1446813344955444,0.8325836062431335
9712,1.0497095900063869e-05,0.001054132822901,0.0101588312536478,0.9887765049934388
9713,4.8351139412261546e-05,0.0046331388875842,0.0406544990837574,0.9546640515327454
9714,0.0004243746516294,0.0530368164181709,0.3300061821937561,0.6165326833724976
9715,5.764528759755194e-05,0.0136713590472936,0.1916993409395218,0.7945716381072998
9716,4.704207458416931e-05,0.0068734223023056,0.0786621496081352,0.9144173860549928
9717,1.0678606486180796e-05,0.0010073892772197,0.0087025146931409,0.9902793765068054
9718,2.4287453925353475e-05,0.0024773874320089,0.0287986826151609,0.9686996936798096
9719,4.05601304009906e-06,0.0005743997171521,0.0084407422691583,0.9909808039665222
9720,0.0002041429834207,0.0221661254763603,0.1587475538253784,0.8188822269439697
9721,0.0008358376799151,0.1279870718717575,0.5735982060432434,0.2975788414478302
9722,1.9237308151787147e-05,0.0031356802210211,0.0419549420475959,0.9548900723457336
9723,0.0001253611699212,0.0074006565846502,0.0530014187097549,0.9394725561141968
9724,0.0013018217869102,0.1552465707063675,0.6140120625495911,0.2294395714998245
9725,0.002979909768328,0.173190638422966,0.5678702592849731,0.2559591829776764
9726,4.469729901757091e-05,0.0050862091593444,0.0406361408531665,0.954232931137085
9727,0.0009335777140222,0.0894579663872718,0.4761075675487518,0.4335008859634399
9728,2.5495037334621884e-06,0.0002683115308173,0.0043303286656737,0.9953988194465636
9729,3.026641252290574e-06,0.0003087258082814,0.0046081356704235,0.9950801134109496
9730,0.0001337321882601,0.0152176963165402,0.1274162083864212,0.8572323322296143
9731,0.0002175110275857,0.0141027420759201,0.0994340032339096,0.8862457275390625
9732,0.0005973655497655,0.0194753408432006,0.1120728403329849,0.8678544163703918
9733,8.37351253721863e-05,0.015226362273097,0.2037264853715896,0.7809633612632751
9734,5.611736560240388e-05,0.0146170696243643,0.382915735244751,0.6024110317230225
9735,4.244972387823509e-06,0.0006399309495463,0.0097022233530879,0.9896536469459534
9736,2.472498863426153e-06,0.0002561733417678,0.003764439607039,0.9959768652915956
9737,0.0002370340225752,0.0144374212250113,0.0780479535460472,0.9072775840759276
9738,6.2010358305997215e-06,0.0005759185878559,0.0058165714144706,0.9936012625694276
9739,6.280660272750538e-06,0.0007972952444106,0.0084388395771384,0.9907575249671936
9740,2.1539110093726777e-05,0.0055233803577721,0.1218438297510147,0.8726112246513367
9741,3.631537310866406e-06,0.0006203482043929,0.0095534352585673,0.9898226261138916
9742,5.59408035769593e-05,0.006671127397567,0.0485291108489036,0.944743812084198
9743,1.4979357729316687e-05,0.0015519974986091,0.0134072145447134,0.9850258231163024
9744,1.357907967758365e-05,0.0015942447353154,0.0176838189363479,0.9807083010673524
9745,0.0004625330038834,0.4764975607395172,0.5152167081832886,0.0078231524676084
9746,7.92427181295352e-06,0.0009749932214617,0.0101596629247069,0.9888573884963988
9747,9.512061296845786e-06,0.0012265192344784,0.0147104077041149,0.9840534329414368
9748,1.0848547390196472e-05,0.0016100672073662,0.0232929531484842,0.9750862121582032
9749,0.0001289409556193,0.0305800959467887,0.2947048544883728,0.6745861172676086
9750,7.44880162528716e-05,0.0108836097642779,0.0970045626163482,0.8920373916625977
9751,0.0001556109054945,0.0554013177752494,0.6541609168052673,0.2902821600437164
9752,5.417879583546892e-05,0.0058828084729611,0.0500318259000778,0.9440312385559082
9753,1.5165036529651845e-05,0.0018369605531916,0.0163726508617401,0.981775164604187
9754,0.0007627929444424,0.0790322721004486,0.3541980683803558,0.5660068988800049
9755,1.753488504618872e-05,0.0014828069834038,0.0122229093685746,0.9862767457962036
9756,0.0008015362545847,0.0884024798870086,0.3607372939586639,0.5500587224960327
9757,9.1557354608085e-05,0.0067267045378685,0.0405672192573547,0.9526144862174988
9758,1.6958942069322802e-05,0.0027214505244046,0.0283581633120775,0.968903422355652
9759,9.92065397440456e-05,0.0086555304005742,0.0659863948822021,0.9252588748931884
9760,0.000124050915474,0.0298836603760719,0.2791325449943542,0.6908597350120544
9761,0.0003441455774009,0.0720283314585685,0.4999756813049316,0.4276518821716308
9762,4.192209235043265e-05,0.0100989621132612,0.1875991821289062,0.8022599220275879
9763,2.547053918533493e-05,0.0047785737551748,0.0702206268906593,0.924975335597992
9764,0.0002280136686749,0.0186883490532636,0.1218633502721786,0.8592202663421631
9765,0.0002278458123328,0.1316687017679214,0.7817530632019043,0.0863504335284233
9766,9.561614206177182e-06,0.0009601903147995,0.0098502933979034,0.9891799688339232
9767,3.2702232601877768e-06,0.0004151368630118,0.0052179414778947,0.9943636655807496
9768,8.534397784387693e-05,0.0053631933405995,0.0344302169978618,0.960121214389801
9769,3.890557854901999e-05,0.0068569132126867,0.1089492738246917,0.8841549754142761
9770,2.142052653653081e-05,0.0026355562731623,0.0292343478649854,0.9681086540222168
9771,0.0001679932320257,0.0411065891385078,0.4087253510951996,0.5500000715255737
9772,5.580602010013536e-05,0.0066550537012517,0.0798181965947151,0.9134709239006042
9773,6.624576781177893e-05,0.0143051035702228,0.1798038184642791,0.8058248162269592
9774,1.5992869521141984e-05,0.0010532574960961,0.010975195094943,0.9879555702209472
9775,6.103249234001851e-06,0.0005668366793543,0.0060940682888031,0.9933330416679382
9776,1.757498102961108e-05,0.0024123375769704,0.0243637468665838,0.9732064008712769
9777,1.3993553693580909e-05,0.0036449457984417,0.0616495907306671,0.9346915483474731
9778,6.456990377046168e-06,0.0009002418373711,0.0118583599105477,0.9872350096702576
9779,0.0003143495414406,0.08447877317667,0.6855698227882385,0.2296371161937713
9780,4.6885510528227314e-05,0.0054192277602851,0.0394221730530262,0.9551117420196532
9781,6.581958587048575e-06,0.0006819507107138,0.0085715800523757,0.9907399415969848
9782,0.0002188918879255,0.0253004636615514,0.1624219566583633,0.8120587468147278
9783,7.947780250106007e-05,0.0793582499027252,0.8399542570114136,0.0806079655885696
9784,0.0003325001162011,0.2391306310892105,0.702843964099884,0.0576929450035095
9785,0.000240934867179,0.0857787579298019,0.7295269966125488,0.1844533234834671
9786,2.38132579397643e-05,0.0041969679296016,0.0607178211212158,0.9350613951683044
9787,0.0001898581685964,0.0244809947907924,0.1895726025104522,0.785756528377533
9788,7.305150211323053e-05,0.0268337223678827,0.3023346066474914,0.6707586050033569
9789,0.0006784741417504,0.0916833728551864,0.5616286993026733,0.3460094332695007
9790,1.414953476341907e-05,0.0019421617034822,0.022932419553399,0.9751112461090088
9791,0.0002120657154591,0.128430888056755,0.7507073283195496,0.1206496506929397
9792,3.768542956095189e-05,0.0044941129162907,0.0400555916130542,0.95541250705719
9793,3.96436735172756e-05,0.0103261154145002,0.1026731953024864,0.886961042881012
9794,6.259508154471405e-06,0.000712283886969,0.011860592290759,0.9874208569526672
9795,8.647850336274132e-05,0.0218323040753602,0.3692654371261596,0.6088157296180725
9796,0.0001103604445233,0.0174352936446666,0.1553990840911865,0.8270552754402161
9797,0.0011375519679859,0.6471826434135437,0.3305485844612121,0.0211312621831893
9798,5.13499035150744e-05,0.0067255096510052,0.070081427693367,0.9231417179107666
9799,7.47017793401028e-06,0.0006724440027028,0.0070070279762148,0.9923129677772522
9800,2.5822086172411215e-05,0.0083705941215157,0.226240798830986,0.7653627991676331
9801,1.0536305126152e-05,0.0007272002403624,0.0067925173789262,0.992469847202301
9802,0.0001240059355041,0.012648950330913,0.1277498751878738,0.859477162361145
9803,4.47914790129289e-05,0.0054256496950984,0.0531111918389797,0.9414183497428894
9804,8.226934005506337e-05,0.0112922675907611,0.1054770350456237,0.8831483721733093
9805,5.9559686633292586e-05,0.0236555729061365,0.3369210660457611,0.6393638253211975
9806,0.0031516400631517,0.3586323857307434,0.5642079710960388,0.0740079805254936
9807,4.616262231138535e-05,0.0056797945871949,0.0538883917033672,0.9403856992721558
9808,2.8285970984143205e-05,0.0023919541854411,0.0174002684652805,0.9801794290542604
9809,7.958457717904821e-05,0.065878689289093,0.7658145427703857,0.1682271361351013
9810,1.127262930822326e-05,0.0013234571088105,0.0166348069906234,0.98203045129776
9811,1.375600459141424e-05,0.0019178795628249,0.0199847612529993,0.9780835509300232
9812,2.390639747318346e-05,0.0017291688127443,0.0144781535491347,0.9837687611579896
9813,4.022561552119441e-05,0.002864442532882,0.0239836834371089,0.9731115698814392
9814,2.616484198370017e-05,0.0059211836196482,0.1152710542082786,0.8787815570831299
9815,1.064065145328641e-05,0.0018176627345383,0.026710357517004,0.971461296081543
9816,6.091116301831789e-05,0.0099285179749131,0.1101299747824668,0.8798805475234985
9817,1.4630394616688136e-05,0.002311382908374,0.035595566034317,0.9620783925056458
9818,6.083974221837707e-05,0.005921637173742,0.0437553152441978,0.9502622485160828
9819,4.710051871370524e-05,0.0076773827895522,0.0623041912913322,0.9299712777137756
9820,2.5514823391858954e-06,0.0002332940057385,0.0035927547141909,0.9961712956428528
9821,0.0001467757538193,0.042649932205677,0.3684391975402832,0.5887641310691833
9822,2.740973832260352e-05,0.0049841762520372,0.0743953287601471,0.9205930829048156
9823,5.0795188144547865e-05,0.0062497803010046,0.0661497637629509,0.9275496602058412
9824,5.6167154980357736e-05,0.0092994198203086,0.08551587164402,0.905128538608551
9825,0.0082106702029705,0.4018422067165375,0.4553468823432922,0.134600281715393
9826,2.5392204406671223e-05,0.0040747597813606,0.0444976724684238,0.951402187347412
9827,0.0001077558772522,0.0181217510253191,0.1615174114704132,0.8202531337738037
9828,2.0001620214316063e-05,0.001613947446458,0.0209299866110086,0.9774361252784728
9829,4.994910341338255e-05,0.0086667975410819,0.1072458922863006,0.8840373158454895
9830,4.597313090926036e-05,0.0035954776685684,0.0301045663654804,0.9662540555000304
9831,0.0007236077217385,0.0876515358686447,0.445131242275238,0.466493546962738
9832,0.0007241992861963,0.1539590060710907,0.6381423473358154,0.2071744799613952
9833,5.737694209528854e-06,0.0004629793693311,0.0054667112417519,0.9940646290779114
9834,1.4299994290922768e-05,0.0015049413777887,0.0130007099360227,0.9854801297187804
9835,9.145411240751857e-06,0.0007733659585937,0.0076896250247955,0.9915278553962708
9836,6.253895116969943e-05,0.0073423539288342,0.0605236664414405,0.9320713877677916
9837,0.0001267693587578,0.0133412955328822,0.09406528621912,0.8924666047096252
9838,1.8785989595926367e-05,0.0024604792706668,0.0202819425612688,0.9772387742996216
9839,1.903655720525421e-05,0.0021326297428458,0.0229279305785894,0.974920392036438
9840,7.68375139159616e-06,0.0008607963682152,0.009851292707026,0.9892802834510804
9841,0.0001549897860968,0.0615579448640346,0.5840455293655396,0.3542415201663971
9842,7.469584943464724e-06,0.0006415995885618,0.0071168066933751,0.992234230041504
9843,6.523250340251252e-05,0.0977782905101776,0.8446755409240723,0.0574808940291404
9844,3.022639930350124e-06,0.000414886715589,0.0058175269514322,0.9937645196914672
9845,6.460579606937245e-05,0.0079490216448903,0.0587357692420482,0.9332507252693176
9846,6.097415280237328e-06,0.0006028177449479,0.007007525768131,0.9923835396766664
9847,8.863707626005635e-05,0.1154306605458259,0.8529236316680908,0.0315569899976253
9848,6.231666338862851e-05,0.0069812196306884,0.0641980990767479,0.9287583827972412
9849,1.849541877163574e-05,0.00210463674739,0.0206020977348089,0.977274775505066
9850,0.0003720004751812,0.0230148565024137,0.1263764202594757,0.8502367734909058
9851,2.500121627235785e-05,0.0018951428355649,0.0163715351372957,0.981708288192749
9852,0.0006942581385374,0.0867658853530883,0.5746944546699524,0.3378454148769378
9853,9.123920608544722e-05,0.0051396214403212,0.0305153355002403,0.9642537236213684
9854,0.0002239729947177,0.0498999617993831,0.5449234247207642,0.4049526751041412
9855,0.0001063605232047,0.0202687289565801,0.2978467941284179,0.681778073310852
9856,3.23500826198142e-05,0.0033517628908157,0.0377641953527927,0.95885169506073
9857,1.6444246284663677e-05,0.0022926772944629,0.0283703692257404,0.9693204760551452
9858,0.0003106497169937,0.0610785447061061,0.4729717373847961,0.4656390249729156
9859,7.477411418221891e-05,0.0129742473363876,0.1967072337865829,0.7902437448501587
9860,0.0007725328905507,0.0852036550641059,0.582261323928833,0.3317624926567077
9861,6.300868699327111e-05,0.00739750219509,0.0680261626839637,0.9245132803916932
9862,7.697428372921422e-06,0.000640828104224,0.008310385979712,0.9910411238670348
9863,0.0002051865740213,0.0391016341745853,0.2889242172241211,0.6717689037322998
9864,7.562261998828035e-06,0.0008605273324064,0.0101608298718929,0.9889710545539856
9865,0.0002376735501457,0.0900750160217285,0.6760505437850952,0.2336368262767791
9866,2.4285543986479752e-05,0.002555827377364,0.0287964195013046,0.9686235189437866
9867,4.684857412939891e-05,0.0166792459785938,0.4724421203136444,0.5108317136764526
9868,0.0001300945004913,0.0232895743101835,0.1426659375429153,0.8339144587516785
9869,9.691897503216753e-06,0.0010199819225817,0.0118568986654281,0.987113356590271
9870,0.00026726530632,0.0402903370559215,0.288548082113266,0.6708943247795105
9871,5.713988230127143e-06,0.0006302031688392,0.009406603872776,0.9899575114250184
9872,0.0001877522299764,0.0562886483967304,0.5340518355369568,0.4094717502593994
9873,4.049091148772277e-05,0.0047538145445287,0.0458131991326808,0.9493924975395204
9874,0.0008196154958568,0.2308354377746582,0.6575888991355896,0.1107560470700264
9875,0.0001007528335321,0.0288227498531341,0.373779147863388,0.5972973108291626
9876,0.0002617019054014,0.0317002870142459,0.3007639646530151,0.667273998260498
9877,0.0009612372959963,0.077563039958477,0.4463444650173187,0.4751312136650085
9878,0.0001647642347961,0.0100355660542845,0.0577506870031356,0.9320489168167114
9879,1.7273878256673925e-05,0.0014157934347167,0.01167050935328,0.9868964552879332
9880,0.000151168758748,0.0138220703229308,0.1037404015660286,0.8822863101959229
9881,2.5207795260939747e-05,0.0028239821549504,0.0377844609320163,0.9593663215637208
9882,0.0002647864457685,0.0411837324500083,0.2727807462215423,0.6857706904411316
9883,2.5770097636268478e-05,0.0033752166200429,0.0310379136353731,0.9655611515045166
9884,0.0002670621615834,0.019316816702485,0.1060701981186866,0.8743459582328796
9885,0.000291904376354,0.0461165122687816,0.4175048172473907,0.5360867977142334
9886,8.58805015013786e-06,0.0007852457929402,0.0080555928871035,0.9911506175994872
9887,6.487209248007275e-06,0.0006827184115536,0.0074555012397468,0.991855263710022
9888,8.98331418284215e-05,0.0074788103811442,0.0430375784635543,0.9493938088417052
9889,2.6525485736783597e-05,0.0021403634455055,0.0193772669881582,0.9784558415412904
9890,7.586568972328678e-05,0.0094814216718077,0.0819069817662239,0.9085357785224916
9891,0.0007185598951764,0.0536238439381122,0.3780849575996399,0.5675727128982544
9892,2.130945358658209e-05,0.0023502472322434,0.0193732921034097,0.9782550930976868
9893,0.0008537170360796,0.1652516424655914,0.6044654250144958,0.2294292002916336
9894,3.327419835841283e-05,0.0088035240769386,0.0931794345378875,0.8979837894439697
9895,0.0007287347107194,0.1244842857122421,0.5666854977607727,0.3081015646457672
9896,6.948343070689589e-05,0.0225240364670753,0.2875676155090332,0.6898388266563416
9897,8.41484416014282e-06,0.0011194831458851,0.01241762842983,0.986454427242279
9898,1.0148060027859174e-05,0.0011368681443855,0.0126104680821299,0.9862425327301024
9899,1.074421379598789e-05,0.0013853973941877,0.0176875684410333,0.9809162020683287
9900,0.0007368106162175,0.0739915296435356,0.3699343800544739,0.5553372502326965
9901,0.0001562526449561,0.0620595142245292,0.6074949502944946,0.3302892744541168
9902,9.454520295548718e-06,0.0015900057042017,0.020299831405282,0.9781006574630736
9903,5.7930660659621935e-06,0.0007469787378795,0.0111496308818459,0.9880974888801576
9904,0.0002239095629192,0.0217935033142566,0.1853483468294143,0.7926343083381653
9905,0.0012878611451014,0.0931520164012909,0.4174784123897552,0.4880816638469696
9906,2.9113916752976365e-05,0.0053774323314428,0.0615414530038833,0.9330520033836364
9907,4.74387115900754e-06,0.0006823914591223,0.0079325390979647,0.9913802742958068
9908,0.0018219541525468,0.2923742234706878,0.5999129414558411,0.1058909222483635
9909,0.0001329786464339,0.0153702422976493,0.1050365418195724,0.8794602155685425
9910,0.0001082264934666,0.0472095310688018,0.5319081544876099,0.4207740426063537
9911,4.5536562538472936e-05,0.0051817107014358,0.0376943498849868,0.9570783376693726
9912,4.579463347909041e-05,0.0034713258501142,0.0339804925024509,0.962502419948578
9913,4.030335185234435e-05,0.0048819971270859,0.0500828884541988,0.9449947476387024
9914,0.000118419440696,0.0247847251594066,0.1919246166944503,0.7831722497940063
9915,8.577181688451674e-06,0.0008348320261575,0.0092601953074336,0.989896297454834
9916,6.968355137360049e-06,0.0010181618854403,0.0136228557676076,0.9853519797325134
9917,0.0001839611068135,0.0128966690972447,0.0827930495142936,0.9041263461112976
9918,7.247270787047455e-06,0.0005408407887443,0.0061895954422652,0.9932622313499452
9919,5.242434053798206e-05,0.0049455626867711,0.0377030409872531,0.957298994064331
9920,0.0001024852172122,0.0093707051128149,0.0784599483013153,0.9120668172836304
9921,7.689119229326025e-06,0.0007601807592436,0.0092608965933322,0.9899712800979614
9922,6.182978268043371e-06,0.000714655034244,0.0085713025182485,0.9907078742980956
9923,0.0004593187477439,0.0737081989645958,0.4376257061958313,0.4882067739963531
9924,0.0001554624323034,0.0213387310504913,0.1901900470256805,0.7883158326148987
9925,0.0001153688936028,0.0709698051214218,0.673342764377594,0.2555720806121826
9926,0.0007554911426268,0.3194139301776886,0.6352304220199585,0.044600173830986
9927,3.338205715408549e-05,0.006165771279484,0.078719288110733,0.9150816202163696
9928,0.0001122544053941,0.0076275188475847,0.0537792406976223,0.9384809136390686
9929,4.27742961619515e-05,0.0140842488035559,0.2168990522623062,0.7689738869667053
9930,0.0002124491293216,0.122771181166172,0.7289260625839233,0.1480903178453445
9931,3.3775154406612278e-06,0.0004091227601747,0.0041970633901655,0.9953904151916504
9932,5.98808264840045e-06,0.0007966347620822,0.0092605734243988,0.9899367094039916
9933,0.0001269794302061,0.0107377963140606,0.0668128132820129,0.922322392463684
9934,1.4050045137992129e-05,0.0015495975967496,0.0149336988106369,0.9835026860237122
9935,0.0004143455007579,0.0789602771401405,0.5069031119346619,0.413722276687622
9936,1.831740519264713e-05,0.0019580938387662,0.0301548726856708,0.9678686857223512
9937,9.564525498717558e-06,0.0008088074973784,0.0097005320712924,0.9894810914993286
9938,1.5054991308716126e-05,0.0026533666532486,0.0377913117408752,0.9595402479171752
9939,1.1122813702968417e-05,0.0012656906619668,0.0144850620999932,0.9842382073402404
9940,8.818831702228636e-06,0.001102145994082,0.0124178398400545,0.9864712357521056
9941,0.0005528820911422,0.0250253546983003,0.1193892955780029,0.8550325632095337
9942,0.0001764674816513,0.100396916270256,0.8021185398101807,0.0973080247640609
9943,3.453509270912036e-05,0.0023102266713976,0.0209150854498147,0.9767401814460754
9944,0.0001369451201753,0.024515975266695,0.2476025968790054,0.727744460105896
9945,0.0003579087206162,0.0809958353638649,0.5199708342552185,0.3986754715442657
9946,0.000118020325317,0.0317169614136219,0.3409894704818725,0.6271756291389465
9947,1.445136331312824e-05,0.0018345213029533,0.0176795478910207,0.9804714918136596
9948,6.802020652685314e-05,0.0079858759418129,0.0832147374749183,0.9087313413619996
9949,4.34507783211302e-05,0.0084106484428048,0.1336365044116974,0.8579093813896179
9950,1.9253209757152945e-05,0.0025613836478441,0.0266902297735214,0.9707292318344116
9951,8.424983388977125e-05,0.0148486113175749,0.2114854753017425,0.7735817432403564
9952,4.5926685743324924e-06,0.0004833356651943,0.0092634912580251,0.9902486205101012
9953,5.873617556062527e-05,0.0087172212079167,0.0880408063530922,0.9031832814216614
9954,7.325979822780937e-05,0.0095951408147811,0.0708990320563316,0.9194326400756836
9955,0.0005861404933966,0.0340661518275737,0.1900057345628738,0.7753419876098633
9956,2.3291910110856406e-05,0.0027776376809924,0.0236231200397014,0.9735759496688844
9957,2.6844787498703223e-05,0.0028696535155177,0.0222216341644525,0.9748818874359132
9958,0.0004243312287144,0.1006358936429023,0.5791196227073669,0.3198201954364776
9959,0.0001815795985748,0.0176734551787376,0.1305901557207107,0.8515547513961792
9960,0.0017599225975573,0.2269307374954223,0.5443785786628723,0.2269307374954223
9961,0.0004338792350608,0.0384510494768619,0.2468451112508773,0.7142699956893921
9962,0.0001921268994919,0.0603644773364067,0.5638430118560791,0.3756004273891449
9963,3.4188466088380665e-05,0.0038300696760416,0.02919895760715,0.9669367074966432
9964,6.462760939029977e-05,0.005909205880016,0.0457589067518711,0.9482673406600952
9965,0.0002128534542862,0.0489279404282569,0.5599506497383118,0.3909085094928741
9966,0.0002398048382019,0.0252372287213802,0.1894159168004989,0.7851071357727051
9967,2.8694597858702764e-05,0.0037582502700388,0.0324663296341896,0.9637467861175536
9968,3.311270120320842e-05,0.0065104691311717,0.0857586190104484,0.907697856426239
9969,0.0002123638405464,0.0598098747432231,0.5248149633407593,0.4151628315448761
9970,1.0043888323707506e-05,0.0008104497683234,0.0076893330551683,0.9914901852607728
9971,0.0036590138915926,0.2061169594526291,0.5602839589118958,0.2299400568008422
9972,9.341677650809288e-05,0.0198596622794866,0.1742630004882812,0.8057839274406433
9973,1.5971792890923098e-05,0.0023336743470281,0.0262934267520904,0.9713568687438964
9974,0.0010681439889594,0.1159805580973625,0.4587120115756988,0.4242392480373382
9975,2.496890738257207e-05,0.0032195802778005,0.0315161794424057,0.9652392864227296
9976,7.340543561440427e-06,0.0007033909205347,0.0088410666212439,0.9904481768608092
9977,0.0001126568968174,0.022853210568428,0.2202397137880325,0.7567943930625916
9978,6.759648840670707e-06,0.0010032207937911,0.0128082651644945,0.9861817359924316
9979,1.8041526345768943e-05,0.0024379827082157,0.0292402394115924,0.9683037400245668
9980,3.783174906857312e-05,0.0048781619407236,0.0508316159248352,0.9442523717880248
9981,1.115012310037855e-05,0.000913881114684,0.0124201504513621,0.9866547584533693
9982,2.915940603998024e-05,0.0038191282656043,0.0319771729409694,0.9641744494438172
9983,0.0001819041935959,0.0392803736031055,0.3556154370307922,0.6049222350120544
9984,2.355483047722373e-05,0.0069523216225206,0.1104652136564254,0.8825589418411255
9985,0.0001099262153729,0.0073535195551812,0.0443474017083644,0.9481891989707948
9986,4.5855391363147646e-05,0.0107066230848431,0.1648832261562347,0.8243642449378967
9987,1.1262173757131675e-05,0.0014521850971505,0.0174169596284627,0.9811196327209472
9988,0.0008348139235749,0.1238973587751388,0.6003894805908203,0.2748783528804779
9989,0.0009448431083001,0.1380531340837478,0.6187112331390381,0.2422907948493957
9990,3.616787580540404e-05,0.0026572479400783,0.0212300159037113,0.9760765433311462
9991,5.133075319463387e-05,0.0060264598578214,0.0418319255113601,0.9520902037620544
9992,8.183629688574001e-06,0.0007841777405701,0.0094051314517855,0.9898025393486024
9993,7.210188869066769e-06,0.0010052536381408,0.0108074946328997,0.9881800413131714
9994,8.123211955535226e-06,0.001366114243865,0.0161306355148553,0.9824950695037842
9995,3.7493220588658005e-05,0.0072574596852064,0.085693746805191,0.9070112705230712
9996,2.8750664569088254e-05,0.0051469565369188,0.0589037984609603,0.9359205365180968
9997,5.6233129726024345e-06,0.0007027814863249,0.0097015993669629,0.9895899891853333
9998,6.592307181563228e-05,0.0051557272672653,0.0424991138279438,0.9522791504859924
9999,5.622576645691879e-05,0.0039417305961251,0.031492356210947,0.9645097255706788
