id,p_same_figure,p_same_paper,p_related_papers,p_unrelated_papers
0,0.9654687815795383,0.027559248937692064,0.005870883763846922,0.0011010857189227286
1,0.9755409218056754,0.01885222287666028,0.0043211131283379745,0.001285742189326204
2,0.9581718734410729,0.03235779950358172,0.008108835529312474,0.001361491526032771
3,0.8987104389185441,0.09119263548488643,0.009408774669955353,0.0006881509266140715
4,0.9705951634592284,0.022768610815824562,0.005767866639917574,0.0008683590850295188
5,0.951583402794005,0.041910922441921836,0.005541243227846314,0.0009644315362268207
6,0.9811856879798466,0.015578736169203335,0.0026953778287028946,0.0005401980222470864
7,0.8916655776861542,0.09530681768632798,0.011648733892058939,0.0013788707354589333
8,0.9737353895932105,0.021415700287301605,0.004054837995803278,0.0007940721236846486
9,0.9599253713696184,0.02913359772461101,0.00960375628708422,0.0013372746186864099
10,0.9387044134022381,0.046735135112123016,0.012684782135056888,0.001875669350582092
11,0.9313950699684717,0.060827002248878215,0.007028392347820038,0.0007495354348301994
12,0.8504690043732355,0.13715274077313155,0.011570196031293724,0.0008080588223392075
13,0.6546904833003553,0.30263743743387966,0.040282458277959385,0.002389620987805749
14,0.9335431062099725,0.0530134917840151,0.011406965539868724,0.002036436466143639
15,0.5138443387824986,0.4307285469530447,0.05186062777721661,0.003566486487240244
16,0.9890947086590501,0.009092169788588407,0.0014933070224760815,0.0003198145298854204
17,0.9508676340020483,0.040673722629106235,0.007395087443779242,0.001063555925066119
18,0.9659128487633627,0.027600444126182472,0.005412725168160768,0.0010739819422940845
19,0.9423150778786381,0.04144606599278107,0.013092727263612752,0.0031461288649680483
20,0.7703151798638013,0.20074636439978513,0.027578686801262693,0.0013597689351509483
21,0.9684008299637861,0.02599295320688156,0.004846760660903611,0.0007594561684287128
22,0.9707198925388294,0.022871664661900343,0.005245465322147838,0.0011629774771224055
23,0.9399929078257195,0.05396742327713783,0.005523376969702983,0.00051629192743971
24,0.8582599176873253,0.11983404219528518,0.020357601155412162,0.0015484389619771597
25,0.969608958378585,0.02428060347186117,0.005164076145924816,0.000946362003629132
26,0.9754000810216141,0.020209255652894994,0.0036499921488603562,0.0007406711766305275
27,0.951809291484305,0.04356167501746445,0.004366248504404274,0.00026278499382631823
28,0.9762798265914981,0.01964773395872131,0.0034351585731276567,0.0006372808766527913
29,0.7642514065119246,0.2177015508126502,0.017406615663738866,0.0006404270116862145
30,0.9825388562397687,0.013553661060109174,0.0031898852857307103,0.0007175974143915028
31,0.3596978902041338,0.4858002886904601,0.1199337684976419,0.03456805260776426
32,0.9504941683218127,0.03715080488170799,0.009935105033388767,0.0024199217630905033
33,0.9790754372904718,0.016453828331153244,0.0036535806431274927,0.0008171537352475748
34,0.9640159516405116,0.02853992192964128,0.006057221853747236,0.0013869045760999414
35,0.9707261802510997,0.024184345323514198,0.004298575454181227,0.0007908989712049123
36,0.9427123051979203,0.04709419111004041,0.009004670367570583,0.0011888333244687624
37,0.9602884008397605,0.032603614186575154,0.006075729389591986,0.0010322555840721732
38,0.9896910369841279,0.008710906140460696,0.001317009921291494,0.0002810469541199787
39,0.9428490569223557,0.042845300193020415,0.012298350302343587,0.002007292582280354
40,0.9752214546444089,0.021257059135975954,0.0030394340261782277,0.000482052193436902
41,0.9789970834240448,0.016733236811994484,0.0034678862041323897,0.0008017935598283786
42,0.9637027336415264,0.027819839096704612,0.006627965033819009,0.0018494622279500309
43,0.9541680683043452,0.03582581466935393,0.008404952386685517,0.001601164639615297
44,0.9769501480028883,0.019587328227716465,0.003149282994147365,0.00031324077524790933
45,0.9652839021217618,0.02855980691857703,0.005085573265611952,0.0010707176940491614
46,0.9235736874306046,0.06919595661327252,0.0067008797371963325,0.0005294762189265359
47,0.28937368497102095,0.5243623113142056,0.1717446592790731,0.014519344435700507
48,0.9791914269954727,0.015897918904295514,0.003954909693850795,0.000955744406381085
49,0.9776333281678241,0.019126598719433847,0.0029094042737966793,0.00033066883894536636
50,0.9584806722145329,0.03432143210179151,0.006259670454093309,0.0009382252295823395
51,0.9754224117781914,0.018825901217811972,0.004665157531341381,0.0010865294726552322
52,0.6979570141806672,0.25718480253564535,0.0408332107241778,0.004024972559509708
53,0.9687288326197739,0.02608245568336965,0.004516136623924519,0.0006725750729319783
54,0.9618376933361876,0.03422946030573528,0.003548325494551956,0.00038452086352521077
55,0.8155111527003744,0.14797991094393434,0.032276957152768154,0.004231979202923085
56,0.8837251960812338,0.09615063071826116,0.01749182593154326,0.0026323472689618096
57,0.9879527990605955,0.009637248489903471,0.0020678434387961216,0.0003421090107049724
58,0.9717777445500455,0.022192360638595046,0.004895034448803109,0.0011348603625563618
59,0.9727414143571206,0.02017111194504155,0.00590996033246303,0.0011775133653748992
60,0.9600857169859486,0.03148572164301761,0.007481940335596552,0.0009466210354372136
61,0.8933469234133199,0.09108578421694868,0.013866750475507146,0.0017005418942242748
62,0.5098230858427254,0.41401665765901824,0.07343970239250588,0.0027205541057505125
63,0.8474239816957321,0.13704833889383897,0.014601909679690207,0.0009257697307385495
64,0.8658180341433179,0.11754619624809082,0.015747298294685894,0.0008884713139054236
65,0.9275792226598327,0.059914549796701126,0.01126373004939015,0.0012424974940759685
66,0.9399967091120436,0.05146933846320036,0.0076541373737540296,0.0008798150510020643
67,0.9720965615681275,0.024715152126851495,0.002681453958262878,0.0005068323467580826
68,0.9776404942093293,0.017544128995605573,0.0040338845738422165,0.0007814922212230038
69,0.963010241508968,0.032645120096981166,0.003640299564951314,0.0007043388290996411
70,0.7536834698439204,0.19787209558194177,0.042577421010039175,0.005867013564098707
71,0.9156706185119854,0.07184116491050135,0.011176797645929288,0.0013114189315840596
72,0.9597673861680917,0.0333294024760048,0.005855406233715904,0.001047805122187639
73,0.9664063913825308,0.02906797974901812,0.003958276864910613,0.0005673520035405385
74,0.8540165421808639,0.12824747345794235,0.016397403199654784,0.0013385811615389395
75,0.5985516923695289,0.29154549180353484,0.09625693622695428,0.013645879599982076
76,0.9790062796557635,0.01616752120252225,0.003951867879711244,0.0008743312620029802
77,0.9820055622336626,0.014028454099094935,0.0031549572095209014,0.0008110264577215206
78,0.9459217365563759,0.04156782305623356,0.010757725199232428,0.0017527151881581741
79,0.9852310454046914,0.011730412579333825,0.002431266661199882,0.0006072753547748661
80,0.9712236445219452,0.021712554955157077,0.005758812596553286,0.0013049879263444509
81,0.05065847845959438,0.4286470201456183,0.41685845150525014,0.10383604988953718
82,0.9737103241472918,0.01986332557757342,0.005069081120597185,0.0013572691545375654
83,0.9400048759227405,0.049750052070078356,0.008786357678222919,0.0014587143289582335
84,0.9325171824007207,0.05498539721808968,0.011168194555103669,0.0013292258260860174
85,0.9832150283726278,0.01355858526337676,0.0027161222613108337,0.0005102641026847218
86,0.7523378524460111,0.20353255326813163,0.04185136127291947,0.0022782330129378346
87,0.948218235281581,0.04100599495659962,0.00952233749360976,0.0012534322682096507
88,0.9301996909567274,0.06451830642368495,0.004707956780744149,0.0005740458388435025
89,0.9643927824551044,0.02632190779524473,0.007693566098083197,0.001591743651567518
90,0.9752177424013536,0.020265578882852558,0.003786837464363118,0.0007298412514307525
91,0.14036215140980624,0.7467351814169305,0.10932550446995686,0.0035771627033064487
92,0.9774083041351901,0.017373682520169728,0.004270025246088774,0.0009479880985514397
93,0.9586137597909012,0.034579425651712736,0.006099108775998647,0.0007077057813874026
94,0.9677455538797184,0.025880452356534033,0.005535532962007928,0.0008384608017396693
95,0.9834967236869935,0.012698275696138392,0.0028881191846425107,0.0009168814322256278
96,0.9582109206711364,0.03525921966247883,0.0055165838525306115,0.001013275813854094
97,0.9825131569874433,0.014037158410747092,0.0027866144680812324,0.000663070133728382
98,0.9824304023953994,0.013492245463203684,0.0032696261800836315,0.0008077259613133226
99,0.9473716896950598,0.04567341448359207,0.006348531076023869,0.0006063647453242209
100,0.8802746200342006,0.1038213382569372,0.014850354749660555,0.001053686959201632
101,0.7985548357963803,0.1426880528431855,0.04961385627896325,0.009143255081470783
102,0.9779497373681943,0.018002006113316576,0.0032749462146268475,0.0007733103038620948
103,0.9601008479909131,0.033058274979124384,0.005853831403931841,0.0009870456260306975
104,0.9451418040732122,0.045117510272272066,0.008133396216805625,0.0016072894377100384
105,0.9848522692235813,0.012103926433544352,0.0023387863980356073,0.0007050179448388175
106,0.9718182903863579,0.02273958621542533,0.004534782899632472,0.0009073404985842641
107,0.9316914169810806,0.05854365824763412,0.00871766600100897,0.0010472587702763964
108,0.9327908140769251,0.052137084117868486,0.013151360003895862,0.0019207418013106729
109,0.9528365756004893,0.03493384026291675,0.010439015762867307,0.0017905683737266293
110,0.9549630754365858,0.038447653758326344,0.005802957389739487,0.0007863134153484139
111,0.9776652098533765,0.018161192117315712,0.0036298159418886766,0.0005437820874191889
112,0.9256758831518748,0.06523717647415232,0.007967311996499289,0.0011196283774737314
113,0.7196925848148163,0.21070502007518022,0.06306543568561199,0.006536959424391548
114,0.9712502785241246,0.024881951857952403,0.003414120632847406,0.0004536489850757036
115,0.9341872051613314,0.05777862599070821,0.007425825173081064,0.0006083436748793104
116,0.87161117961753,0.1111853096248341,0.016503678345375,0.00069983241226098
117,0.8333505189610172,0.15021629572412754,0.01517110946606209,0.0012620758487932237
118,0.970372086600865,0.024276629926725208,0.004720331753135011,0.0006309517192747573
119,0.9053314159697805,0.0807826491420201,0.01272634244196177,0.0011595924462377502
120,0.777198353418366,0.18422043519539966,0.03460204672486668,0.003979164661367769
121,0.9060750331848424,0.07920858597107443,0.01352109072815495,0.0011952901159283124
122,0.14693243044981463,0.40055634597386985,0.32457009080020294,0.12794113277611263
123,0.9653335651943845,0.028952961878101733,0.0049436625808292264,0.0007698103466845029
124,0.9636254680685077,0.028021172847716,0.006858691333002588,0.0014946677507737811
125,0.9192389301269912,0.06715374374697547,0.012444401037428839,0.0011629250886045937
126,0.9854634451138251,0.011490502440822238,0.0026220835054851974,0.00042396893986748076
127,0.015107185641677585,0.4556799673597528,0.4523985086999004,0.07681433829866921
128,0.9590253887999416,0.0371256702377064,0.0035273249709198134,0.00032161599143220654
129,0.599145288002793,0.3105473258450806,0.08300711657199715,0.007300269580129115
130,0.9777483995502207,0.01766250593127381,0.0038153316257922747,0.0007737628927131641
131,0.9587140760966765,0.03432649296679113,0.00615419834423378,0.0008052325922986184
132,0.7256379036350723,0.21072579924281254,0.05555228628810775,0.00808401083400747
133,0.9566734478210883,0.03351566457784293,0.008193249709562459,0.0016176378915062934
134,0.8244064683224093,0.15054599507844127,0.022654210372305965,0.002393326226843464
135,0.9617706821840499,0.03230643166641432,0.005083520572002032,0.0008393655775336892
136,0.9172721973401554,0.07272051863683529,0.009367850705608529,0.0006394333174008109
137,0.968048167472281,0.023798558427683237,0.006574710323680611,0.0015785637763552286
138,0.9510739007770259,0.0421127864606979,0.006095761473059277,0.0007175512892169285
139,0.9831842404971551,0.012956443891783565,0.0031152653983544127,0.0007440502127069423
140,0.933580236739917,0.05629822174884407,0.008735383563033695,0.00138615794820508
141,0.9859884588653838,0.011127603228558311,0.0023974286920509617,0.0004865092140070157
142,0.5928230344191673,0.3441118891891411,0.05924852800246216,0.0038165483892295617
143,0.9420345466334185,0.049636276185629796,0.007534864757211455,0.000794312423740341
144,0.8676113555417646,0.10360236681151351,0.025549164853628566,0.003237112793093398
145,0.9600897603059348,0.030785228960637616,0.007248355839139733,0.0018766548942878796
146,0.022213064107275957,0.2596303252531009,0.4415233849571433,0.2766332256824799
147,0.9680092330757494,0.02484605218549687,0.0059502848728735765,0.0011944298658802897
148,0.9455897828672136,0.04405723357679654,0.00887939779582174,0.001473585760168101
149,0.9796716476887722,0.01628737541551677,0.0031150682800457656,0.000925908615665273
150,0.9845272165522387,0.01255594830507438,0.0024885376727744758,0.0004282974699124292
151,0.9208053738585569,0.07021377529151343,0.008130481879606168,0.0008503689703236142
152,0.0012730683566515915,0.3188969333541182,0.6329110732297454,0.04691892505948482
153,0.929121106063413,0.05783421292449578,0.011621588190204842,0.0014230928218864312
154,0.8782220653416515,0.1125783469773728,0.008663382667701069,0.0005362050132746235
155,0.9607133882439183,0.03252996553445559,0.005823726967063294,0.000932919254562763
156,0.9695653919485301,0.024549227318545044,0.005025168997018949,0.0008602117359059357
157,0.9671003573323738,0.02479749961067341,0.006112095153216903,0.0019900479037359615
158,0.9867262798390372,0.010387659463522691,0.0024441764134759507,0.00044188428396426196
159,0.9908442354132325,0.007414461609378172,0.0014955604030765044,0.0002457425743126719
160,0.9718639247400779,0.02300395970799706,0.004493541161738005,0.0006385743901870714
161,0.7289230434905611,0.19245872582397702,0.06438360461610644,0.014234626069355338
162,0.8158024094133137,0.1453926953056793,0.034755129682356216,0.004049765598650891
163,0.9734296249759671,0.02213756127600614,0.0037347566036031892,0.0006980571444235647
164,0.916250008255457,0.06591680545126638,0.014681364671988627,0.003151821621287999
165,0.98113584107751,0.014521368690501642,0.00318905826076107,0.0011537319712273072
166,0.9632885785697028,0.029961340901831134,0.005837675003920098,0.0009124055245459544
167,0.925339978855662,0.05465514636034938,0.016336045539128836,0.0036688292448597993
168,0.9699015673298134,0.022134741395137318,0.0056905061974057486,0.002273185077643596
169,0.9589588320488254,0.029834143415602827,0.008721470155879167,0.002485554379692613
170,0.9721699863925363,0.02219830325612195,0.004784040165862904,0.0008476701854789484
171,0.3169153089018789,0.48328035143097237,0.1796653344413648,0.020139005225784032
172,0.9682205596981271,0.023700621081543485,0.006606373258845436,0.001472445961483955
173,0.9629285365802799,0.02886038833811686,0.006856027259585368,0.0013550478220179139
174,0.8274631194815175,0.1454476752643019,0.02394201876675178,0.0031471864874288735
175,0.9898376554378271,0.00854970661089792,0.0013857337249148468,0.00022690422636018938
176,0.967957158832539,0.02790657351108803,0.0038100671174564407,0.00032620053891652774
177,0.8758457222675642,0.1051243222760951,0.01656309671609485,0.002466858740246027
178,0.9771355619130712,0.017811589916108483,0.004160503492633888,0.0008923446781864055
179,0.1374392431105473,0.3820416698194062,0.3535829803108083,0.1269361067592383
180,0.9598704610977679,0.033741437981040505,0.005498525728649786,0.0008895751925418883
181,0.9765281037141732,0.01804270170432376,0.004645984700134494,0.0007832098813685671
182,0.9686012778804531,0.02525633045288774,0.005493195605229372,0.0006491960614298205
183,0.9795415327554603,0.016558333621357998,0.0032205554623955337,0.00067957816078622
184,0.9809657181592382,0.0161664041158499,0.0023732166793596077,0.0004946610455523444
185,0.9826339836168945,0.013563565998687993,0.002893090910861737,0.0009093594735558226
186,0.9135196483337934,0.07278027687990934,0.012333922162672982,0.0013661526236243067
187,0.8260174466205078,0.15756809880591433,0.015655983921228557,0.0007584706523493292
188,0.9707687400305076,0.022440356789161495,0.005613460676974729,0.001177442503356189
189,0.9850609633712207,0.011680222147867417,0.0026776491520321614,0.000581165328879533
190,0.9688796236218953,0.025453984007779977,0.004872296183600532,0.0007940961867241918
191,0.13827852966652926,0.5854838429592144,0.2452404896325038,0.030997137741752643
192,0.942485196898293,0.05050337997561628,0.006331148620036807,0.0006802745060538478
193,0.9693069847830303,0.025452996141003537,0.004585726608498124,0.0006542924674680817
194,0.9479802249326045,0.04257734009775853,0.007952108463991355,0.0014903265056457379
195,0.770061951621928,0.20686742995678042,0.021774095784636845,0.0012965226366546147
196,0.8394615650748134,0.1360017494417972,0.021657303203562128,0.0028793822798271946
197,0.9805580373216183,0.014938998699887702,0.0037086136891064042,0.0007943502893876374
198,0.01883060135646494,0.7669340811139829,0.20785956489584959,0.00637575263370239
199,0.8806187446803948,0.09944532925383257,0.01853337511282465,0.0014025509529480137
200,0.9780384526774434,0.01711856177099012,0.0040241455587763635,0.0008188399927901394
201,0.9569481558008641,0.038386154145351445,0.004119003070394952,0.0005466869833895678
202,0.964161971422099,0.029584062277986614,0.005541053872377971,0.0007129124275364323
203,0.9690360627917846,0.025934010561076606,0.004330532853216634,0.0006993937939223069
204,0.9529785851514049,0.03748082228619961,0.00804139933131573,0.001499193231079742
205,0.9505526663667945,0.042411453640230475,0.006290097718315401,0.0007457822746597223
206,0.7676658036788722,0.21250896991816864,0.018632683747659112,0.001192542655300148
207,0.9707702662555892,0.023570652147935876,0.004717176468403687,0.000941905128071329
208,0.9685017100345175,0.02645987128723849,0.00436093513037088,0.0006774835478732726
209,0.982174851785581,0.013803460881564299,0.0034380603871158864,0.0005836269457388749
210,0.9433328784227113,0.04616977604669678,0.00913800957645335,0.0013593359541385144
211,0.9492353102357729,0.04363407339489157,0.0063259034665799335,0.0008047129027556367
212,0.8571172157017707,0.12162017836566347,0.020276350170163993,0.0009862557624019334
213,0.9836964482451309,0.013437206194039045,0.002328245690215015,0.0005380998706148776
214,0.9335863580791315,0.05361993330950783,0.011074622713089727,0.001719085898270913
215,0.9795277108479389,0.016324732706070724,0.0033037772190535526,0.0008437792269368798
216,0.9706295538127911,0.022169681931094806,0.0058177286292898775,0.0013830356268242324
217,0.9847644097433806,0.012036771290752767,0.0025824879034162234,0.0006163310624504572
218,0.9783563233362932,0.017821386869296792,0.003258995046105415,0.0005632947483046337
219,0.9852929590234286,0.011641905223424093,0.0024783282441670097,0.0005868075089802832
220,0.8818373401517676,0.09364358131149236,0.021928799579887637,0.002590278956852155
221,0.8382992854133492,0.1429231357490529,0.017292553401044256,0.0014850254365536006
222,0.40514790400069756,0.515386940249235,0.07682287276163549,0.0026422829884319068
223,0.7169233854216898,0.19844654030258024,0.0803628564544085,0.004267217821321584
224,0.972790480630754,0.022977138910175453,0.003760303984022864,0.0004720764750477074
225,0.8995980983440612,0.08839946186289063,0.010834227402085481,0.0011682123909626126
226,0.9829978265940313,0.013800003162916404,0.002742577330596141,0.0004595929124560198
227,0.9560567970581229,0.03493652337750493,0.00723532173528813,0.0017713578290841042
228,0.7593454959153477,0.19077893823657016,0.04542154719722122,0.0044540186508609065
229,0.42464659656737525,0.3213649955096299,0.19930900982725408,0.05467939809574081
230,0.2405442195369793,0.5823135249884817,0.16873140333289527,0.008410852141643794
231,0.9381347495029747,0.051248578232334585,0.008824431502561621,0.0017922407621290878
232,0.9177514469075401,0.0698232134372944,0.011351723809009022,0.001073615846156338
233,0.8224186136163341,0.15312026560570077,0.02278054653413604,0.0016805742438291671
234,0.9697410934941042,0.023894477142693854,0.005297870979185061,0.0010665583840167837
235,0.9783519514613489,0.017448441980484092,0.003580509992668815,0.0006190965654981876
236,0.014289511450028117,0.5935006032985461,0.37573500018230044,0.016474885069125367
237,0.9675355375989696,0.024685590724519094,0.006305279698703027,0.0014735919778083536
238,0.7995890018279448,0.16798219316118207,0.030599431879766496,0.0018293731311067095
239,0.7612375821182996,0.17908732431165938,0.053129311097269004,0.006545782472772068
240,0.9719400015426973,0.022208120409003013,0.004770864772311618,0.0010810132759881258
241,0.8623506958124376,0.11372484429540945,0.022157348952045703,0.0017671109401072717
242,0.9521692224363366,0.036853497264941505,0.009148704639854456,0.0018285756588675287
243,0.9326319939785124,0.048169279669813644,0.015711500720704666,0.003487225630969164
244,0.9890429159102163,0.009613025095354154,0.0011648861712492597,0.0001791728231804018
245,0.9346844305825571,0.05707556452157706,0.00745659927271695,0.000783405623148987
246,0.9558678809276039,0.03677962698414583,0.006094255722390764,0.0012582363658595673
247,0.9739837406817434,0.020375731782567953,0.004881608870914752,0.000758918664773919
248,0.6209571930793681,0.29145891776254224,0.079014347291228,0.008569541866861572
249,0.44735358688031557,0.5342324696476555,0.017777384745419376,0.0006365587266095646
250,0.9778476802467605,0.017707810953394246,0.003693078573233527,0.0007514302266117047
251,0.06634854111520251,0.46823841844849723,0.3938452956538515,0.0715677447824489
252,0.9663804090587185,0.028812985470007275,0.004245867717334821,0.0005607377539393703
253,0.9537963059977311,0.03582412648971608,0.00848272756648318,0.0018968399460696501
254,0.7614081510994481,0.20452403624661922,0.031072340952137276,0.0029954717017951636
255,0.9457641647283954,0.043560208109793414,0.009385286326903776,0.0012903408349074013
256,0.9562017174862409,0.033216891462872516,0.008526852373621052,0.002054538677265462
257,0.9651897256081606,0.028770374750949873,0.00510597789470424,0.0009339217461852588
258,0.9555903907224284,0.036427148225454876,0.006505205251691456,0.0014772558004253454
259,0.49416437081073106,0.3677709035881335,0.1234994896711657,0.014565235929969778
260,0.9536247301588594,0.036578371026675174,0.008462895425739103,0.001334003388726385
261,0.20742616849819884,0.6649850833034712,0.11728720435906331,0.010301543839266715
262,0.9771498325976848,0.016823137514208816,0.005120655847317045,0.0009063740407893674
263,0.9740141384472343,0.02116704569941807,0.003987342471998485,0.0008314733813492414
264,0.974138149278105,0.0215240142185287,0.0039025431112678474,0.0004352933920985166
265,0.8931832685430056,0.09529591649323188,0.010690565141814483,0.0008302498219481061
266,0.9890860545076423,0.009320629716388806,0.0014378791143191366,0.00015543666164970758
267,0.5531671416471183,0.3073223304745954,0.12068339879824268,0.018827129080043716
268,0.9727588241007028,0.022471276051993446,0.003978034064996397,0.0007918657823073598
269,0.9813196789524854,0.014490274371916752,0.0033299002459701993,0.0008601464296276839
270,0.9266622238353113,0.06232031004564244,0.009849707749112717,0.0011677583699336242
271,0.9712957418640312,0.023040584218887272,0.0046288862126363794,0.0010347877044451234
272,0.9841531643084345,0.012346013882671713,0.0027547250537063423,0.0007460967551874461
273,0.8950046819877248,0.07949250356431563,0.017406508123700017,0.008096306324259579
274,0.9498892862818736,0.03941648655455893,0.009179727604318639,0.001514499559248857
275,0.9710552587901473,0.022231146284904316,0.005701021941471572,0.0010125729834768243
276,0.14075952121942142,0.6609477295126394,0.19013430187100538,0.00815844739693383
277,0.9691511714130927,0.0246306864122297,0.00560775615901681,0.0006103860156608816
278,0.9772743891232272,0.017873081011463773,0.004094886839161507,0.0007576430261475625
279,0.9786780347536226,0.015932970134984084,0.00439093445232003,0.0009980606590732984
280,0.6893397561143854,0.2558632508981039,0.05193990254664402,0.0028570904408666276
281,0.0022190691592757854,0.8407952361191233,0.1548847699641938,0.0021009247574071046
282,0.20753875636095268,0.5360500520403514,0.21389195696676222,0.0425192346319337
283,0.977545198599438,0.018183765972992778,0.0034599751277979837,0.0008110602997713226
284,0.9861410863621559,0.011925771971954898,0.0016997994443399922,0.00023334222154925454
285,0.23319769013085007,0.6176969610122536,0.1426990483175215,0.006406300539374818
286,0.9799914481112716,0.015655876471148873,0.003510594715631689,0.0008420807019478819
287,0.949470685422497,0.04162056314136425,0.007654768437002569,0.001253982999136217
288,0.9638468919748457,0.030837345991436914,0.004412574826928417,0.0009031872067889015
289,0.03500439326935288,0.4547076668824985,0.42283119335661445,0.08745674649153419
290,0.9828367289312393,0.014656459546983676,0.0021410688304378533,0.00036574269133918784
291,0.932734297065743,0.05790951761587588,0.00853916877823337,0.0008170165401477534
292,0.8924112454724249,0.09067229903251937,0.014661572271668793,0.002254883223386981
293,0.9741222075481799,0.020015868281851697,0.004789445762996529,0.001072478406971868
294,0.20239805972492958,0.5566954564936485,0.2200910061392541,0.020815477642167853
295,0.8915809699878501,0.08825773969197193,0.017489301363553228,0.0026719889566247995
296,0.9530201889103234,0.03835273256039099,0.007519949243336918,0.001107129285948784
297,0.9774758091554673,0.017660486784005672,0.004206925799951659,0.0006567782605754079
298,0.960338664946936,0.031195055007788054,0.006934864045793363,0.0015314159994826689
299,0.9708750402445101,0.02288975122923364,0.005141191501357848,0.0010940170248984683
300,0.9556266939159246,0.036908601788905766,0.006649588523011161,0.0008151157721585763
301,0.4741496684087917,0.40492450038754085,0.11206045648074173,0.008865374722925676
302,0.9761403015924202,0.0188725589007404,0.004029659298022399,0.0009574802088171709
303,0.9596558585233346,0.03088034380743962,0.007941813387841022,0.0015219842813847468
304,0.44616733051806867,0.4469249887974211,0.0999115249155058,0.0069961557690044526
305,0.9648187189409971,0.027793182426725765,0.006088202053556918,0.0012998965787202597
306,0.9836169780456375,0.013365058601356488,0.002595147575205031,0.00042281577780079236
307,0.7361107247766577,0.21761937186559704,0.041264681123997005,0.0050052222337481685
308,0.8624533143485561,0.1146838475902344,0.020728785278376433,0.002134052782833051
309,0.9735487470271572,0.021346490878358042,0.004422768930091442,0.0006819931643933262
310,0.9668467706308008,0.027189211356744365,0.004939570181818931,0.0010244478306358962
311,0.9855070398625334,0.011818348618582636,0.0021291728488935734,0.0005454386699903682
312,0.14848920690885678,0.6399105332050576,0.19342668989771827,0.01817356998836727
313,0.9186112139661455,0.06414553619895658,0.014968822139476189,0.00227442769542179
314,0.9666059294890715,0.02645311398219836,0.005813913526169482,0.0011270430025606074
315,0.9646851605593745,0.029117072915863552,0.005347225774322755,0.0008505407504392788
316,0.9677846710773661,0.025974636991115088,0.005265985908595623,0.0009747060229232292
317,0.9814426321131173,0.014613885315122501,0.0032035640657442324,0.0007399185060159197
318,0.13590348190816634,0.43646414695688396,0.340789898809009,0.0868424723259407
319,0.9790090005755694,0.016250631607785147,0.00387153299700887,0.0008688348196365674
320,0.957879063867429,0.03619412134669119,0.004972084093008181,0.0009547306928716196
321,0.9761804608660773,0.01884748971691493,0.004226055906124965,0.0007459935108826117
322,0.3949770598173534,0.47796674540751194,0.11685011765572997,0.010206077119404647
323,0.2160755374497404,0.5546105460874474,0.21048047732581535,0.018833439136996692
324,0.9411368880756745,0.049765262728428586,0.007928458547500527,0.0011693906483963516
325,0.9514805725304991,0.039524890815373775,0.007879012517370339,0.001115524136756767
326,0.8889418497191623,0.088369491667575,0.019991059421253808,0.0026975991920088135
327,0.9815256155214,0.014613947745697591,0.0031807376513530074,0.0006796990815494357
328,0.4613317045695152,0.454912834813968,0.07548331018912141,0.008272150427395366
329,0.2979602410626414,0.6043796963069014,0.09391492647931642,0.003745136151140774
330,0.9051015779203778,0.07465502880188103,0.016125897958440508,0.0041174953193006975
331,0.3703102845808219,0.6132554748142789,0.016117821679319966,0.0003164189255792621
332,0.6402723372081287,0.22606928838503582,0.11126543182571268,0.02239294258112285
333,0.9595886135303155,0.03197675992925237,0.0075893528450701134,0.0008452736953619295
334,0.6705500185505597,0.2886412063874018,0.03758795239592057,0.003220822666117909
335,0.8667330333489867,0.1027221054608839,0.02812419538783492,0.0024206658022944286
336,0.9375610190030993,0.05208098353337921,0.00913900928872599,0.0012189881747955334
337,0.5052885976150723,0.4090229547954289,0.08028349623722529,0.005404951352273531
338,0.9520283015176498,0.042489915062444365,0.004812732458677942,0.0006690509612277344
339,0.9730996228479794,0.023029445620993107,0.0033493238019659186,0.000521607729061628
340,0.9791929142498146,0.017275681510426612,0.0031717365399218803,0.0003596676998369401
341,0.9813446365776081,0.014828827376124933,0.0031739378386237546,0.0006525982076432868
342,0.9423204302474428,0.048036520905893984,0.008634147324560582,0.0010089015221026148
343,0.9759311295662476,0.020784138748738672,0.0028302500216903265,0.00045448166332350275
344,0.8242482825588664,0.16294905408256508,0.012004695268685292,0.0007979680898833125
345,0.9774494877433318,0.018632795619340697,0.0032802451450897273,0.0006374714922377067
346,0.9859660376489624,0.011441221250723655,0.0021546583768347156,0.0004380827234792713
347,0.9792870952072205,0.01636966850976215,0.003644012641554613,0.0006992236414627874
348,0.8954662085297707,0.07888510647641692,0.019190698018368004,0.006457986975444379
349,0.9476677866225094,0.04262937811907363,0.008482914200127995,0.0012199210582888621
350,0.9034187238696307,0.08372718248657138,0.011752426166799262,0.0011016674769986677
351,0.914722969397267,0.07168017797777691,0.012324452107217127,0.0012724005177390026
352,0.97966889161495,0.01582947591772932,0.0036921255580583453,0.0008095069092623936
353,0.9017004634418639,0.09236299007147107,0.005586745599399836,0.0003498008872650784
354,0.9760763920344051,0.01831539699224881,0.004435414967422011,0.0011727960059240942
355,0.9707209593974211,0.022611124210517357,0.005461983922322105,0.0012059324697395186
356,0.5996242353550981,0.352233087064347,0.046357353939632924,0.0017853236409221334
357,0.990203885942539,0.008073210202601043,0.0014365394384804702,0.0002863644163795525
358,0.9629784950318007,0.02956257434207871,0.006379758274132069,0.0010791723519886472
359,0.5540308733840805,0.29898752747247437,0.12592152992990205,0.021060069213543215
360,0.8054053279891155,0.1692872332752088,0.023745045291565754,0.0015623934441100524
361,0.38126171344290233,0.4906687144714196,0.11913559116077826,0.008933980924899823
362,0.9042243596059453,0.0747636149039261,0.01791645972055631,0.0030955657695723223
363,0.12949803235322638,0.5819828127028235,0.25802603928371737,0.030493115660232814
364,0.9832105710793064,0.012779886856600716,0.0031295861444949565,0.0008799559195979508
365,0.9370887904954823,0.05072795951993654,0.010617296739481483,0.00156595324509945
366,0.9853929688249209,0.011793991524008018,0.0023986895842768546,0.00041435006679421444
367,0.9460827376186112,0.04383011433343105,0.008828218514567604,0.0012589295333902196
368,0.9815439955220533,0.014877002162303806,0.0030977824754676543,0.00048121984017530825
369,0.847395436508301,0.13911250944932055,0.012930324716069589,0.0005617293263089837
370,0.9807357993229306,0.01666509141513578,0.00227326663200003,0.0003258426299335523
371,0.737546674199446,0.20971344710672377,0.04860879947369965,0.004131079220130727
372,0.9690240879875623,0.02295687469101464,0.006946379920457856,0.0010726574009652088
373,0.9590618929165798,0.030860994058286746,0.008638719345303502,0.0014383936798299697
374,0.9782963132721336,0.017626028273062942,0.0036155196419797387,0.00046213881282371725
375,0.9718254675744653,0.021150136975747934,0.005896085419929204,0.0011283100298575728
376,0.8995133098359753,0.09117019872531203,0.008354914331273942,0.0009615771074388485
377,0.84106045894016,0.14622879687368626,0.012079772130870102,0.0006309720552837456
378,0.9584832290852864,0.03562347912857475,0.005019728097898661,0.0008735636882401731
379,0.4891640708735121,0.45358819805466355,0.05541598683250463,0.0018317442393197573
380,0.9195360823017834,0.06318971454443133,0.015152741682145431,0.0021214614716398663
381,0.06446156757880354,0.4522938230953966,0.3840876887724707,0.09915692055332918
382,0.9641648986401401,0.02805073362377846,0.006388668953987552,0.001395698782093881
383,0.29978082613432344,0.6692090483088846,0.030321670493876216,0.0006884550629157025
384,0.9754341748218673,0.019366557579165476,0.00458777989645549,0.000611487702511596
385,0.9646591958684453,0.030138899929140428,0.004263947238314465,0.00093795696409984
386,0.9875749158780434,0.009935988526497568,0.0020170920262117,0.00047200356924738407
387,0.969133233848608,0.023392062711896998,0.006112340776201021,0.0013623626632940232
388,0.8576756342785333,0.12447276595683061,0.016463153548565132,0.0013884462160710588
389,0.7444007368609117,0.21123828905717876,0.04056385267383963,0.003797121408070025
390,0.02927540034240128,0.3834966304154841,0.42657360839928804,0.16065436084282653
391,0.9782176807493526,0.01732176629853021,0.003657686710687911,0.0008028662414293086
392,0.9812874225708161,0.015147995111254756,0.0030459599492681975,0.0005186223686609396
393,0.9499585291588862,0.04358979129943986,0.005781145513965621,0.0006705340277083423
394,0.9788429528877158,0.017546063103041853,0.0030786171644309095,0.0005323668448114502
395,0.2789200424908026,0.637943892253724,0.07980598769426092,0.0033300775612124683
396,0.9801497440872455,0.01608525053592775,0.003161964873479693,0.0006030405033470828
397,0.9787240249831882,0.018362771278181454,0.0025518257240335577,0.00036137801459678
398,0.9675104836173143,0.02586440509353954,0.005628651674404709,0.0009964596147413267
399,0.3656879701660471,0.3517867771725418,0.22365692929031156,0.058868323371099485
400,0.975466004883573,0.019856249987068007,0.0039274212420906595,0.0007503238872681487
401,0.9699119329561402,0.022318472252370027,0.006308593918873114,0.0014610008726166565
402,0.4295524882272628,0.49129236229427503,0.07571406335605763,0.003441086122404731
403,0.983318004500284,0.013767409801079183,0.0023981310359409624,0.000516454662695884
404,0.9191726470424527,0.06700138507163096,0.012683725906211961,0.0011422419797044898
405,0.9688415824640244,0.026975432232308996,0.003763678393388322,0.0004193069102782872
406,0.9687458497182087,0.026114789173526685,0.004313922551115403,0.0008254385571492808
407,0.9802959530575213,0.015737986363630257,0.0030860809711198397,0.0008799796077286434
408,0.9487205167462571,0.04007047101122576,0.00938253562268455,0.0018264766198325933
409,0.9629483669888237,0.02806310905696653,0.006848267966865584,0.0021402559873442283
410,0.9778846733927968,0.01786716845129115,0.0035360891709102322,0.0007120689850019055
411,0.3644251240540338,0.5937614602833035,0.0404112511141176,0.001402164548545118
412,0.9571602910191829,0.03373726825225449,0.007947408785971107,0.0011550319425913706
413,0.9854805190516462,0.012520828047067773,0.001769090490308784,0.0002295624109772406
414,0.9624198522728773,0.03200674594566352,0.005068147661485326,0.0005052541199738145
415,0.9123729286738138,0.07395980350911661,0.012089382595334937,0.0015778852217344286
416,0.9219856035958944,0.06154126110653825,0.014385332134326127,0.0020878031632411867
417,0.964565046272156,0.029687812862213496,0.004901063898744887,0.0008460769668854466
418,0.9866805706481513,0.010973201483865368,0.0019286040964949726,0.0004176237714883686
419,0.2341136173776301,0.6375639177793818,0.12421857671782095,0.004103888125167112
420,0.8961213681096973,0.08472773207099725,0.0177760982696543,0.0013748015496510115
421,0.4055110347429659,0.4566580058690649,0.12534189022108222,0.012489069166887017
422,0.9778822707550519,0.01851433641274087,0.0029734418363476277,0.0006299509958596756
423,0.6390372810621261,0.2940466198080157,0.0609905961235557,0.005925503006302452
424,0.9823481644412487,0.01412070731034587,0.002917792143701362,0.0006133361047040667
425,0.23714219800337893,0.6541299431087045,0.1059809263200475,0.002746932567869099
426,0.9861205023131576,0.012052129492409074,0.0015831178767807754,0.00024425031765248234
427,0.9465896442761723,0.043075044903487375,0.00923264252292753,0.0011026682974127346
428,0.02208788665459234,0.20439978568797196,0.36859843343647797,0.4049138942209578
429,0.9803792356734222,0.014473612451458097,0.0041751123988812665,0.0009720394762384487
430,0.9840588164915096,0.01288912567280346,0.0024777504273162942,0.0005743074083706816
431,0.9803057169515355,0.01522237318799137,0.0036016043153843202,0.0008703055450887268
432,0.9883224871612631,0.009089624105643448,0.002052405133255398,0.0005354835998380445
433,0.9753389716414528,0.020740931174121607,0.003410930898402443,0.0005091662860231678
434,0.28442474487787567,0.6481808677759379,0.06471101947660551,0.0026833678695809384
435,0.33122260814635296,0.5738227082218395,0.0912446181196872,0.003710065512120361
436,0.6771665721651116,0.25332037785747585,0.06268858243470064,0.006824467542712005
437,0.955008884032025,0.0396986843219001,0.004875924338205332,0.00041650730786961694
438,0.9792958423549838,0.015690826715417185,0.004179119667796099,0.0008342112618029108
439,0.6842153133020049,0.27944423550385644,0.0344896633742366,0.0018507878199020306
440,0.9088772474867063,0.07372499677948072,0.015635387856551802,0.0017623678772610578
441,0.9771604947633379,0.017636368969317393,0.004389918232742955,0.0008132180346017929
442,0.9833561670190243,0.013818400664543502,0.0023261681600560725,0.0004992641563761329
443,0.9718624612288809,0.02164079406206175,0.0053803496713739464,0.0011163950376835193
444,0.9745375202588493,0.020762811587949778,0.004221343216631402,0.00047832493656947185
445,0.736385653297118,0.22040565777804674,0.04050636373637445,0.002702325188460803
446,0.9847298970357248,0.013161688926361643,0.0018327055788993716,0.0002757084590142889
447,0.9795974233029541,0.01667312979503434,0.003106592824728768,0.000622854077282747
448,0.9484507141720885,0.046896884155978355,0.004148960149747317,0.0005034415221857927
449,0.9125583621395266,0.07501071861161282,0.010709635759610333,0.0017212834892503645
450,0.8431953424431683,0.12705760867407676,0.024592780928624016,0.00515426795413079
451,0.7994565254187389,0.18347524777223295,0.016037382308361964,0.0010308445006661378
452,0.8703014194335235,0.10678295759941941,0.02150932265648256,0.0014063003105745896
453,0.9787792257724659,0.016890256520922554,0.0036343717338594957,0.000696145972751984
454,0.9687709974528314,0.025910108800326126,0.004467943317674946,0.0008509504291675566
455,0.9839769295359669,0.012375894142010365,0.003028031500934291,0.0006191448210883945
456,0.9454041390054939,0.04371734846057483,0.0091458361712001,0.0017326763627311997
457,0.9765721677449779,0.019472820720224514,0.003434087854471252,0.0005209236803263417
458,0.955625068257964,0.03930153906688377,0.004364262266132034,0.0007091304090201744
459,0.9777667979208173,0.01927012700340531,0.002708213125829069,0.0002548619499483671
460,0.9820300678109259,0.01413283666301944,0.0030906847394849436,0.00074641078656969
461,0.9697678022978599,0.023273657838921418,0.005646215885778971,0.00131232397743973
462,0.671871069845522,0.255714108579704,0.05488900785524416,0.017525813719529718
463,0.8984637046884058,0.09108670182643978,0.009660005731541795,0.000789587753612687
464,0.6094252962681661,0.33523541657200095,0.05109481679754627,0.0042444703622866505
465,0.9743424153631861,0.019986304764000217,0.004831150773647471,0.000840129099166174
466,0.9839295421746485,0.013665048568340549,0.0021456065583153653,0.0002598026986956072
467,0.9860499338075511,0.010626845614091709,0.0027702980797066103,0.0005529224986506493
468,0.9372146085666959,0.04992150082036797,0.011123730352096448,0.0017401602608396894
469,0.8656827849423337,0.11646394699989993,0.016017741593364238,0.0018355264644021525
470,0.9761959487617723,0.01838383914190566,0.004300734382899485,0.0011194777134225392
471,0.9651499746491012,0.028804847811776245,0.005403455464652985,0.0006417220744693586
472,0.0007393738770348434,0.5814652059996435,0.4151613574875693,0.002634062635752373
473,0.9744175106644214,0.020269705300172487,0.004390210028045469,0.0009225740073606637
474,0.9872543945048552,0.010214643218877346,0.002156608886460052,0.0003743533898074271
475,0.05800921483543295,0.41055461968466156,0.42162180569036045,0.10981435978954512
476,0.9102147138260923,0.06987800612324618,0.01711385128654906,0.002793428764112399
477,0.9845512811309745,0.012186355232457993,0.002579064955563928,0.0006832986810036096
478,0.40783649884918205,0.5104907269453272,0.07848475137517433,0.003188022830316534
479,0.8330942032404691,0.14512735266630028,0.01998535604405302,0.0017930880491775132
480,0.6584426435519027,0.269433186836225,0.06573217769919626,0.006391991912676071
481,0.9381021038796677,0.05106086867696572,0.009446573087998462,0.0013904543553680884
482,0.9469223100530659,0.04207316771638504,0.009521795628724114,0.001482726601824933
483,0.13120699699183008,0.5259143380834491,0.293411284533715,0.04946738039100583
484,0.9803849480214245,0.01499537168929704,0.0037220093970067552,0.0008976708922717979
485,0.9851583841673818,0.01183131943103408,0.002433698937068998,0.0005765974645151953
486,0.9786834549901776,0.016482686675127527,0.0030114191993143168,0.0018224391353805994
487,0.9836284794351214,0.013372312459764158,0.0025762809919544025,0.0004229271131601051
488,0.9767775230874813,0.018302798316890592,0.003920308162752271,0.0009993704328758101
489,0.7852210453207267,0.1466193579044083,0.05905828147953014,0.009101315295334856
490,0.975233815950555,0.02056726355118635,0.0035633071937166676,0.0006356133045419502
491,0.9679210417532598,0.0270954033733524,0.00433828618205821,0.0006452686913296119
492,0.9509392260344717,0.042537379799105206,0.005799158976189496,0.0007242351902336182
493,0.9768024973250264,0.01877194534793918,0.0036330267449737374,0.000792530582060692
494,0.9710998109876647,0.024795277725025225,0.0037166855073875503,0.00038822577992254676
495,0.7330273936830976,0.231933935207899,0.03407876054379901,0.0009599105652045232
496,0.8247026563461914,0.129987905831364,0.041663806148685534,0.0036456316737590575
497,0.9890418669213468,0.009107966638251565,0.0015100508222327452,0.0003401156181689736
498,0.9797165281719536,0.016228640729186727,0.0035985297135540852,0.00045630138530546055
499,0.7980384684270327,0.17115626610885834,0.028658705733332762,0.0021465597307762986
500,0.049626385709162744,0.39248251436841586,0.4184856803170972,0.1394054196053242
501,0.9788415079098741,0.017974846221361883,0.0027234496582873606,0.0004601962104766376
502,0.9798094995709175,0.01573172039603162,0.0034813314139160605,0.0009774486191349162
503,0.9781547411463236,0.01815243977553954,0.0030795861995359802,0.0006132328786009067
504,0.6394314850830644,0.30069603236259396,0.055754907408212165,0.004117575146129446
505,0.9772548952757122,0.01839137952772702,0.003646644396047831,0.0007070808005129685
506,0.9386988008281948,0.05234507228580894,0.007893451475441928,0.00106267541055435
507,0.9715774079060042,0.022277155199800863,0.005150647262558582,0.0009947896316363583
508,0.9879390203012144,0.010731714268207494,0.0011309165650579853,0.00019834886552005563
509,0.9570353231709019,0.033355227769199206,0.008122837117299456,0.0014866119425995022
510,0.9762412331237731,0.017481578092311264,0.00498072002301188,0.001296468760903868
511,0.5118362660895532,0.41081337297779763,0.07265970817516691,0.004690652757482208
512,0.9696768553553365,0.02588135753080171,0.0038734171568638965,0.0005683699569978892
513,0.9677583309470862,0.02677246965707209,0.0047278342896515425,0.000741365106190173
514,0.12093224660291518,0.7432881766459257,0.13210304798781172,0.0036765287633473425
515,0.9696195203664651,0.02358513696853072,0.005812397064261001,0.0009829456007431564
516,0.9845857563296707,0.012925991470756345,0.002112673015483742,0.0003755791840891328
517,0.9730585826636825,0.021572729414389945,0.004394740527152252,0.0009739473947752503
518,0.9645794287845855,0.03062323696833042,0.004204873196528278,0.0005924610505558053
519,0.9884068964110388,0.009409775207497844,0.0018059231732034738,0.00037740520825983097
520,0.9191147720146161,0.06845661869529361,0.011743761833821417,0.0006848474562688028
521,0.6928204084134713,0.271276816234951,0.03363741145448941,0.0022653638970883787
522,0.9323709651789935,0.05886606651595032,0.0077954931746199605,0.0009674751304362371
523,0.6121219179773844,0.329169886599089,0.05548556232181617,0.0032226331017105986
524,0.9234654125352206,0.06022398653442261,0.013959535535090797,0.002351065395266024
525,0.957318238351959,0.031760476538012554,0.0090092182494526,0.0019120668605760419
526,0.07611397861677992,0.5858539645164176,0.2975359459295198,0.040496110937282656
527,0.9723883035126244,0.023693290494414068,0.003394079436956756,0.0005243265560047903
528,0.9240254787299375,0.06602340670488245,0.008871496943095544,0.0010796176220846596
529,0.9225819914915988,0.06594537607476883,0.01014051935222601,0.0013321130814063862
530,0.9758384493763124,0.01989758510229318,0.003565123055027604,0.0006988424663666759
531,0.9344648700363694,0.05493063242704631,0.009404053224161124,0.0012004443124231654
532,0.6750752874601388,0.2490865962309122,0.07159601507134965,0.004242101237599426
533,0.7689925486297974,0.1852163084372975,0.03888181455496047,0.0069093283779446905
534,0.9661515543655033,0.0287288045121794,0.004429712820936691,0.000689928301380613
535,0.9791405788690104,0.016358838926158505,0.003649029784665657,0.0008515524201654224
536,0.9341353584048588,0.04981631045160807,0.013800638760694983,0.00224769238283807
537,0.9867876838175009,0.010690909868289645,0.002149176971024595,0.00037222934318485794
538,0.9824612327470092,0.014043253026337585,0.002874712466115638,0.0006208017605376297
539,0.9776570689631923,0.01766143827230785,0.004037077474942778,0.0006444152895571894
540,0.25654635131725906,0.6002054760230203,0.13936213543402615,0.003886037225694594
541,0.9867680130042278,0.010676518893586411,0.0023609933546413155,0.0001944747475443962
542,0.9721278594066013,0.02202367933790209,0.004990005952191936,0.0008584553033047788
543,0.9526639689501688,0.03769456257895638,0.008140258439421944,0.0015012100314528874
544,0.9146149371929954,0.07134398147567336,0.01299602742879762,0.001045053902533706
545,0.9602709125956592,0.032442980540545494,0.006359218021231095,0.0009268888425641828
546,0.8350142871683724,0.13975710211437628,0.022761803709841447,0.002466807007409858
547,0.9645398001081353,0.027357331775847392,0.006642922702488748,0.0014599454135285246
548,0.9739825248979368,0.020104093927145964,0.0047965745274104795,0.0011168066475068421
549,0.9822130451349494,0.013926455131932795,0.0028492830889965707,0.0010112166441211508
550,0.9543725627339954,0.034205302670368795,0.00949569316011994,0.0019264414355160129
551,0.9617702650765351,0.03017396453403791,0.007273299404101405,0.0007824709853257275
552,0.9864868538560263,0.01054090078011132,0.0023736627392290516,0.0005985826246334336
553,0.987561117304868,0.008950616700122161,0.002938723968407766,0.000549542026602144
554,0.7670572052670734,0.17363498085893433,0.05510090583060863,0.004206908043383465
555,0.1372838856388989,0.5992745564281919,0.24929600910674513,0.014145548826164086
556,0.8152003326088281,0.15688896076437167,0.025598690898149763,0.0023120157286504557
557,0.9799037758455214,0.015999860069629022,0.0033566887942276967,0.0007396752906219047
558,0.6455138798689373,0.2523961074921665,0.08939738150873539,0.012692631130161001
559,0.904588150343508,0.09089489379775292,0.004227614666941603,0.0002893411917975009
560,0.02677265297721775,0.5600407463714114,0.37175859021325985,0.04142801043811102
561,0.8322642573462498,0.14108801171027144,0.025092361138471075,0.0015553698050075053
562,0.9446193183261065,0.04492787252946583,0.009079713396168948,0.001373095748258617
563,0.9884928133448917,0.009520373603713637,0.0016217785512709472,0.0003650345001237328
564,0.8947126506321154,0.09047486446987556,0.013595103222827474,0.0012173816751817072
565,0.9869965193068961,0.010433263127892002,0.002136924376193408,0.0004332931890185075
566,0.968776001824422,0.023791342806882627,0.0061972212991784565,0.0012354340695168182
567,0.9382761553437442,0.05622706294981682,0.005048813358270806,0.0004479683481681858
568,0.9021025687798518,0.08969702750590777,0.007831179605829398,0.0003692241084109926
569,0.9825583345121089,0.01348748981416856,0.003182528279267861,0.0007716473944545664
570,0.9693351264219552,0.02447246366070909,0.005167569641594653,0.0010248402757410545
571,0.9641991663386871,0.029030942321193152,0.0058004016837466255,0.0009694896563731633
572,0.983703553153352,0.012898313789122137,0.00286102507088604,0.000537107986639902
573,0.2924205686008475,0.51836125737109,0.16681520058535862,0.022402973442703984
574,0.9781824295874134,0.01662066628197554,0.004190407104505127,0.0010064970261059022
575,0.9711854074442677,0.022399917902443563,0.005523143016740084,0.0008915316365486794
576,0.9695167477460238,0.024731536031506025,0.004960510383714025,0.0007912058387561348
577,0.07694946644803366,0.48115238853989556,0.3732001410316022,0.06869800398046853
578,0.9853992897908864,0.011372786520796048,0.0026926036987499863,0.000535319989567497
579,0.8708700724225361,0.11264537777749284,0.015311608166262775,0.001172941633708237
580,0.9822186117825535,0.013906910315178775,0.003040093289312427,0.0008343846129553444
581,0.9695636316327848,0.025102601532848042,0.004423918034623185,0.0009098487997439717
582,0.9003585096236317,0.08490115878724978,0.013270397163311293,0.0014699344258072595
583,0.9657021398505499,0.028191217046140297,0.00540005716700366,0.0007065859363062283
584,0.9709067349827174,0.02315603601735606,0.00503984039525637,0.0008973886046701588
585,0.9687893176110924,0.024048978486524375,0.005887350333296274,0.0012743535690868835
586,0.9521408593864537,0.038934853058006515,0.008053139185022264,0.0008711483705175786
587,0.9610672486022673,0.031509306826215985,0.006398092064328117,0.001025352507188633
588,0.9435137001674668,0.03994116710544465,0.013625023613396148,0.0029201091136924957
589,0.7887385157212194,0.1824070159386596,0.02706772710500492,0.001786741235116046
590,0.13803953958495072,0.49037623302859273,0.28308781844021663,0.08849640894623997
591,0.9835883514291055,0.01297604934185488,0.0027512283602088954,0.0006843708688307087
592,0.941081917616505,0.049423046302476244,0.00800025683582762,0.0014947792451911954
593,0.9103288346706649,0.0747554444921286,0.013383573859053921,0.0015321469781523415
594,0.9592123472871636,0.031235286308511006,0.007855470120503038,0.001696896283822314
595,0.43098295942913795,0.3753230673537689,0.15900151421341216,0.034692459003681
596,0.48793649919544824,0.326019555622035,0.1575219715832371,0.0285219735992797
597,0.9489729202635804,0.042171488908134616,0.007692152475647036,0.00116343835263799
598,0.9714520776946742,0.02335578316510102,0.004342956569010245,0.0008491825712145791
599,0.968181962419107,0.026644801829500936,0.004490441375030259,0.0006827943763617329
600,0.9648632025940909,0.02748240384157549,0.00650573447537711,0.0011486590889565687
601,0.9681402893001223,0.025209697169463956,0.005502910729178248,0.0011471028012354887
602,0.9839386327157219,0.013462813023743662,0.0022264548130874673,0.00037209944744701464
603,0.9734732019726724,0.021049258918155248,0.004460824862224511,0.001016714246947858
604,0.918440002390598,0.07020300271690061,0.010287503329802683,0.001069491562698721
605,0.9531323911839564,0.03618426267687163,0.008895744407539615,0.0017876017316324241
606,0.9622905100267218,0.030409863292448425,0.006202565553036756,0.0010970611277928966
607,0.9031189027312402,0.08189102330770116,0.01328640470726787,0.0017036692537907873
608,0.9212023990607161,0.06274244421800859,0.014303797377382032,0.0017513593438933306
609,0.9677892550221413,0.028851564155530755,0.0030049717520271553,0.000354209070300702
610,0.8115374032025433,0.15603115567107945,0.0291131036371218,0.0033183374892555304
611,0.9772538944823471,0.018088127752536362,0.0037078165408330373,0.000950161224283503
612,0.9668064479401329,0.026447394134882375,0.005465932931031339,0.001280224993953386
613,0.9680196635404068,0.024560497272423973,0.006205914949078944,0.0012139242380902672
614,0.5967424510861253,0.3468440509856892,0.053326154088760756,0.0030873438394247955
615,0.965677440249562,0.028775976546503323,0.00481813787839208,0.0007284453255426407
616,0.9790394396259123,0.01604876322316372,0.003975731697309466,0.0009360654536145203
617,0.9642726277358762,0.027762710537001967,0.007066222275119023,0.0008984394520028323
618,0.7898250653019836,0.19141551400607984,0.017339505908077816,0.0014199147838588882
619,0.9781821329829776,0.017903244956858595,0.003311294717881904,0.0006033273422819332
620,0.9771498793514347,0.019295888879582786,0.003080234710618913,0.000473997058363569
621,0.3632298615843839,0.5164881333402703,0.11398358384934505,0.0062984212260008155
622,0.9559219266658946,0.038614039749897806,0.004930857154405718,0.0005331764298018647
623,0.9678078938412101,0.025459298719194792,0.005742409137257462,0.0009903983023376356
624,0.9316428115358152,0.057429252307522806,0.009814323376903253,0.0011136127797587822
625,0.8553254114912867,0.10259239209961765,0.03413020786597764,0.007951988543117926
626,0.985782004830708,0.011378344648186873,0.0022961205422617212,0.000543529978843526
627,0.9301479805120454,0.05263910864195262,0.015075695845689036,0.002137215000313034
628,0.9418486256107657,0.05043332666875596,0.0065907506119071355,0.0011272971085711824
629,0.902993487888166,0.07869667686239976,0.015625342279605388,0.0026844929698288124
630,0.9521939807152949,0.038588844660687974,0.007950878432247344,0.0012662961917697469
631,0.9400466000325367,0.048287660571399105,0.010503819528102013,0.0011619198679622194
632,0.9740254637736507,0.019229904021877145,0.005352661753942705,0.001391970450529381
633,0.9342331239151537,0.0573504552947477,0.007344346861056491,0.0010720739290421542
634,0.9736317585938733,0.02182707658642301,0.003895848758634423,0.0006453160610691136
635,0.251836902344891,0.5499857005289805,0.17969662086218505,0.018480776263943496
636,0.5805324976418506,0.36440213016578743,0.052866042098129735,0.002199330094232348
637,0.9585841919694433,0.03188646471018822,0.008516616221564284,0.0010127270988042752
638,0.9439701732202972,0.04539065909760371,0.009465504678618026,0.001173663003480985
639,0.9763277467885936,0.0190547798301574,0.003738106187559294,0.0008793671936897694
640,0.9787118706906978,0.01602360687368472,0.004539946902920438,0.0007245755326968925
641,0.9829531709705449,0.013416817606146866,0.003095625630430165,0.0005343857928780163
642,0.9804108352554161,0.015997982560693114,0.0029836097607698715,0.0006075724231210545
643,0.9742676433767534,0.020932619592831984,0.003942469489519419,0.0008572675408952046
644,0.9891413286265432,0.009208860873353845,0.0014994952242400584,0.00015031527586279294
645,0.9742698777050116,0.02192317927359022,0.0033393632926401397,0.0004675797287580268
646,0.9700896588310908,0.024486020962767273,0.004703284355455681,0.0007210358506863128
647,0.8407291561410217,0.14141244352175633,0.01620799646199319,0.0016504038752287776
648,0.8573966601521484,0.11287558152015115,0.027273231463995372,0.0024545268637051307
649,0.9151604848614209,0.06839876975924628,0.014320713164985902,0.002120032214346968
650,0.9841574250220224,0.01245367060533097,0.0027851545353416995,0.0006037498373049698
651,0.8849885304904954,0.08789523370107183,0.02362657986060736,0.003489655947825462
652,0.9859892543533169,0.01140200790576799,0.0021610344732779663,0.0004477032676371563
653,0.9592955186343941,0.036290045932309084,0.003944537242754125,0.0004698981905427648
654,0.9719527967356429,0.022471265012885266,0.00432476879834108,0.0012511694531306475
655,0.9594886223145858,0.03458322533286333,0.005295099044951911,0.0006330533075990591
656,0.03292593620572466,0.6042656720677291,0.33615397292192595,0.026654418804620245
657,0.975213831449455,0.019929758898426755,0.004072436737347282,0.0007839729147710282
658,0.9630479862276189,0.031338498204029334,0.004750255802007197,0.0008632597663445581
659,0.9698563188299116,0.023801855116262934,0.00535505234659991,0.000986773707225547
660,0.9858948078702771,0.011457711097693819,0.0021649272228643685,0.0004825538091648119
661,0.9724201078592873,0.02008553894976322,0.005856742317865755,0.0016376108730838097
662,0.8230098316589161,0.156317081871685,0.019297440622742953,0.0013756458466559782
663,0.970466297623086,0.02483327319447503,0.004134701737233211,0.0005657274452057394
664,0.40481045632485557,0.5081131505196833,0.08415659554580243,0.002919797609658684
665,0.9806587631766699,0.015136015494028664,0.0032131823708836634,0.0009920389584178564
666,0.8470148353148692,0.12162087269907149,0.028504042101376866,0.0028602498846823483
667,0.5488688665347375,0.35478959440403035,0.0880348072597799,0.008306731801452407
668,0.9892185613911574,0.008680739565950437,0.0018465931195496236,0.0002541059233426454
669,0.27832909562886443,0.4830410493042173,0.20275358234157495,0.03587627272534335
670,0.960381988087569,0.0336676505721552,0.005144304753154981,0.0008060565871208035
671,0.7051178745899758,0.2629659898233252,0.03041397543132721,0.001502160155371806
672,0.5203348558775908,0.45247557848126807,0.026045788168444876,0.0011437774726962978
673,0.8404544456636364,0.13128022487234312,0.025204555834777088,0.0030607736292435155
674,0.06345680535058493,0.4764479102282918,0.34208838934312225,0.11800689507800097
675,0.9440471293208053,0.047787882772839116,0.007250980458772175,0.0009140074475834716
676,0.9797802310283192,0.01729984143491354,0.0024841071620265616,0.00043582037474069286
677,0.9727281192690717,0.021421899994743792,0.004643023769588415,0.0012069569665962704
678,0.9875707088863177,0.010404178681282135,0.0016553676583975835,0.00036974477400255733
679,0.935061530830377,0.052121872634445926,0.011185871746514158,0.0016307247886629369
680,0.9504773461892291,0.04322299719512014,0.005819398401772431,0.0004802582138783178
681,0.9428417613356916,0.04867283406941078,0.00772419286482579,0.0007612117300717536
682,0.9587996584859358,0.031342565616524105,0.008023052624995898,0.0018347232725440849
683,0.9852136464665848,0.012371842508029128,0.0020634305503329634,0.00035108047505306723
684,0.9793473596099995,0.016382901379919563,0.003604160605726512,0.000665578404354247
685,0.9783094937639073,0.018148556253787116,0.0030909827629104734,0.00045096721939517714
686,0.9762636997894762,0.020553283367967492,0.0028572992775145315,0.00032571756504175405
687,0.7259406732843114,0.24812837438572574,0.024134245881700513,0.0017967064482622992
688,0.9710382265758398,0.023617018806002473,0.004599135197687519,0.0007456194204702405
689,0.972627279201008,0.022974741260973194,0.0037596275272276884,0.0006383520107910564
690,0.962180150644542,0.03256128979414414,0.004647840006346909,0.0006107195549670497
691,0.8912797832779041,0.09644715641470275,0.011449397175398073,0.0008236631319950819
692,0.9435123656896864,0.04864166706553592,0.007095627526350125,0.0007503397184273554
693,0.9773238828829156,0.018009565668846542,0.0038461196733829105,0.0008204317748549705
694,0.9600391854345954,0.030874597286542977,0.008081793699952577,0.0010044235789091025
695,0.9764750320408003,0.019992917676229956,0.0028964303413637547,0.0006356199416057879
696,0.9832439687014094,0.013066727419255662,0.002943267356354457,0.0007460365229805175
697,0.966412253905579,0.02671939143603609,0.005885081506319149,0.0009832731520657487
698,0.9804563006136553,0.016129656181929238,0.0029701946282469395,0.00044384857616851
699,0.980100736044495,0.015242508470232395,0.003789054300462561,0.0008677011848100786
700,0.964289031229626,0.030322630228291715,0.00476174583440395,0.0006265927076784523
701,0.9809312573309888,0.015917446381731277,0.002704023313597316,0.0004472729736825543
702,0.9843354890727531,0.013657588754400787,0.0017455069047813906,0.0002614152680646632
703,0.9522319718459267,0.03909167073289742,0.007558896834722502,0.0011174605864534386
704,0.9846907729776975,0.012233302842521509,0.0025751373124995344,0.0005007868672813984
705,0.9744580102697932,0.021261454146411694,0.0036719497560927608,0.0006085858277023682
706,0.5030765697667197,0.4327762593966837,0.06099194697728155,0.00315522385931527
707,0.9476778231696017,0.04228952138973574,0.00887699823770396,0.0011556572029586066
708,0.9754335884324306,0.021270290523737613,0.0028722293186931778,0.0004238917251386891
709,0.978293803939025,0.018082154805486868,0.0031309154402196283,0.0004931258152684476
710,0.9613690429294307,0.03086346627459671,0.006508532544984351,0.0012589582509882598
711,0.9670400775519188,0.026148441558069703,0.005749478701868722,0.0010620021881428627
712,0.957767231607461,0.03648580130905523,0.005142583193828139,0.0006043838896557173
713,0.9789079640558025,0.01784293702224039,0.0028239352441518546,0.0004251636778052827
714,0.2741045525159378,0.550894270698429,0.16007416867407065,0.014927008111562506
715,0.9829089116169281,0.01485105126902822,0.0019910255293944276,0.0002490115846492685
716,0.9839170822359575,0.012982976641582534,0.0026067509705350613,0.0004931901519248402
717,0.9743912519054718,0.022185614580028722,0.0030198366908149037,0.00040329682368443753
718,0.971436941734068,0.02283152305029654,0.004792039585356829,0.0009394956302785126
719,0.7310254998278999,0.22286294949555363,0.04294025969078209,0.00317129098576438
720,0.16583381669147798,0.7069154675916927,0.12314340575298104,0.004107309963848346
721,0.9199191840619186,0.06640769279336423,0.011182347532376596,0.0024907756123405183
722,0.9797032419309406,0.016473899915272042,0.003084459238727055,0.0007383989150603972
723,0.9653366445252053,0.030761094503361987,0.0035960545133356856,0.0003062064580970961
724,0.9730698268176858,0.021306440929169574,0.0045762411477750274,0.001047491105369633
725,0.973379574297869,0.021604165395051524,0.004311843908630769,0.0007044163984486906
726,0.17193776930390414,0.6974975593068682,0.1264931165448152,0.004071554844412416
727,0.9592093958207907,0.0329350038073134,0.0068547691720986376,0.0010008311997972994
728,0.9794810518673759,0.016293093286943984,0.0034659276579299555,0.0007599271877501856
729,0.7625936367369215,0.18886388009070415,0.043180246796935884,0.005362236375438583
730,0.9853017525041756,0.011991258234882006,0.0022080922392172142,0.0004988970217251923
731,0.9679910460476943,0.024839869784145794,0.006176000951462128,0.0009930832166979032
732,0.9738794906726762,0.021600847908460515,0.0038144115655824387,0.0007052498532808104
733,0.976592308128971,0.020189344568025163,0.002909981699417383,0.0003083656035864592
734,0.9885457089172187,0.009978827561231161,0.001278688270670725,0.00019677525087947285
735,0.9287309848571875,0.059844681598074975,0.01010120984946631,0.0013231236952712584
736,0.9818674019071842,0.013789542761652021,0.003472091990276254,0.0008709633408875682
737,0.9276229905176224,0.05575378184868837,0.014105398865044524,0.0025178287686446854
738,0.9764343982698537,0.02039107616229145,0.002678326652149579,0.0004961989157052854
739,0.9864664602562139,0.011234727431574677,0.001965262388459073,0.0003335499237522898
740,0.9865731834102296,0.01067455771730742,0.002181819083318763,0.0005704397891442437
741,0.9682681516128245,0.023792613918324754,0.0066540918073790065,0.0012851426614717424
742,0.9759575595151868,0.01865471106978155,0.004371138289377313,0.0010165911256543618
743,0.96548606401581,0.028917185231697895,0.004921407888484994,0.0006753428640072083
744,0.968879023742981,0.02615173502192617,0.004249107869877042,0.0007201333652158744
745,0.770948646792557,0.2090967542979193,0.01904936124023734,0.0009052376692861856
746,0.9721843306286028,0.022947105822169876,0.004376810207011011,0.000491753342216431
747,0.9662194147894004,0.02517834555223567,0.0068231932955414975,0.0017790463628224455
748,0.3872154839012291,0.5154229443604106,0.09127015748222932,0.006091414256130955
749,0.9752187602224152,0.01985573838250301,0.00442815881910726,0.0004973425759745958
750,0.08727204180485584,0.5801977634295933,0.28572368236221607,0.046806512403334916
751,0.9807933464275163,0.015622543078194521,0.0029291746695935842,0.0006549358246955895
752,0.9714468337636121,0.0231807866332914,0.0046618714212691625,0.0007105081818274398
753,0.9796218615024032,0.016482873224600198,0.003261562737865865,0.0006337025351308693
754,0.9567881200026188,0.03698400271056979,0.005375081905741184,0.0008527953810702673
755,0.9456702622918514,0.04305012357364263,0.009652821927758624,0.0016267922067474128
756,0.9757193052351789,0.019863203854838144,0.003659694281721147,0.0007577966282616185
757,0.07415022153781589,0.5840084868004778,0.31675784968231985,0.025083441979386403
758,0.13849832492913744,0.3448120543958797,0.38052253566744865,0.1361670850075343
759,0.948573183588558,0.04407758423060036,0.006714338776320956,0.0006348934045205686
760,0.655707540742876,0.2986192678854121,0.04343115962123079,0.002242031750481134
761,0.9598672720879242,0.03322710758838235,0.00629195321796407,0.0006136671057294829
762,0.9832696922605156,0.013836160196655492,0.002464073303567248,0.00043007423926166936
763,0.9817805912602295,0.014173722340847881,0.003335133972985119,0.0007105524259374547
764,0.9787861809788312,0.017537253770837837,0.0030393668181076354,0.0006371984322233412
765,0.9456733602733458,0.039944040302016925,0.012008628501020321,0.0023739709236168106
766,0.7946545268476563,0.17752101880936194,0.02639550735885233,0.001428946984129465
767,0.9748012480461482,0.02036230815929033,0.003983455692258878,0.0008529881023026194
768,0.9862821271187222,0.011049829979469619,0.0021547425959183458,0.0005133003058899103
769,0.9748210798341915,0.019316366125317914,0.005116102703434816,0.000746451337055754
770,0.3000834003184056,0.4356404994279759,0.21442437373906728,0.04985172651455114
771,0.947438179011149,0.04682514703214443,0.005145138236780426,0.0005915357199261685
772,0.9684865631003682,0.023361466588131204,0.006487473845259805,0.0016644964662408206
773,0.9770930533394726,0.017596427688378716,0.004125739096309149,0.0011847798758393997
774,0.9515577468293563,0.04118121338521176,0.006294328032547295,0.0009667117528846536
775,0.5198745909889023,0.4185649696961327,0.05856938532947665,0.0029910539854883984
776,0.04381524786048186,0.6672779537701041,0.2709978764011419,0.01790892196827207
777,0.9425062749671139,0.05065414343881533,0.006313305735446132,0.0005262758586246285
778,0.9716379983783068,0.02321613402281173,0.004423199105098404,0.0007226684937830601
779,0.060385220959847996,0.5874331118195629,0.33332449629964633,0.01885717092094282
780,0.9679582600872539,0.0276554230885867,0.0038426698089579327,0.0005436470152012803
781,0.9575017993594814,0.037834377852098415,0.004282167150378301,0.00038165563804185547
782,0.8452988955151562,0.12151701699775164,0.029246487504906958,0.0039375999821851205
783,0.9643701351144772,0.027702608954395403,0.006644445311407348,0.0012828106197199938
784,0.8190578873509735,0.14944312823449812,0.02913783626464194,0.0023611481498864596
785,0.9260166032913614,0.06430795568609161,0.008983905547999374,0.0006915354745477233
786,0.9433410225859629,0.04674127498021983,0.008803012025530051,0.0011146904082872877
787,0.9559901874473694,0.03536072100428698,0.0074672431769222634,0.0011818483714213083
788,0.9787845762952959,0.018787211272009975,0.002183386661676327,0.0002448257710178004
789,0.9737055460769178,0.021435499167086217,0.004127105933592409,0.0007318488224035281
790,0.027915021728304287,0.8273800720948734,0.1417366413664381,0.0029682648103841643
791,0.9688401203773851,0.027248920815406207,0.0035623658072561357,0.00034859299995261886
792,0.7064053249163729,0.2555541014980951,0.03595951793767721,0.0020810556478548683
793,0.7716029067371809,0.1919793933699792,0.032387663614945134,0.004030036277894767
794,0.9124422253969887,0.0761672109239183,0.01026429280874748,0.0011262708703455295
795,0.9181749788598826,0.06847102128356067,0.011847656546276676,0.0015063433102800333
796,0.9170607902488886,0.07349639163563712,0.008411276532060318,0.001031541583413906
797,0.9013853175438957,0.08469542807804961,0.012840709756511486,0.0010785446215430638
798,0.5822119627401844,0.36362731188274006,0.0510011765711918,0.003159548805883766
799,0.5032810318632855,0.3162796216632723,0.15062742726325243,0.029811919210189785
800,0.9823081934698141,0.01473545675733685,0.0025335402569971353,0.0004228095158518995
801,0.9512007781641449,0.042429104705583524,0.005579018285538198,0.0007910988447334262
802,0.9766383373906211,0.02024855198344566,0.0025586016304781534,0.0005545089954550969
803,0.9562208053854574,0.03716973522597689,0.005815012150058462,0.0007944472385072553
804,0.8803665335160569,0.10433959687933403,0.01434863608524524,0.0009452335193637735
805,0.8620917511038013,0.11928962844947172,0.01619898227351744,0.0024196381732093423
806,0.9690151789952844,0.027455864553250546,0.0030953685972166228,0.0004335878542483997
807,0.9848983236513009,0.012866425198930893,0.0018287134307976725,0.00040653771897053583
808,0.9227646956406941,0.06276170008531798,0.012868406305280106,0.0016051979687078505
809,0.9430676743801083,0.0462326487539798,0.009199552473149809,0.0015001243927621327
810,0.9839704183797406,0.012537175865897815,0.002816114467596071,0.0006762912867653288
811,0.6560154231184673,0.26979256627952825,0.06955934945516412,0.004632661146840356
812,0.9505453801124265,0.04270458971411037,0.006008882293892449,0.0007411478795707067
813,0.9621386993024698,0.029857013040108696,0.006734744715674812,0.0012695429417467969
814,0.07237761237380333,0.7937532691360595,0.1301729743244081,0.003696144165729119
815,0.19577275795597843,0.5446713354345296,0.23388473129904505,0.025671175310446902
816,0.9730826492958583,0.021181668969968197,0.004565144061801774,0.0011705376723717153
817,0.0073539318847299605,0.5315457441998201,0.4159076090009213,0.04519271491452863
818,0.7344055137952212,0.23412464892398255,0.030204639252600796,0.0012651980281954528
819,0.9811323124937571,0.014520153416088186,0.0036318230566628786,0.0007157110334918559
820,0.741321185259557,0.1786022715154519,0.06765689536209742,0.012419647862893726
821,0.9552966626255366,0.03278546948706916,0.010065825877079621,0.0018520420103146497
822,0.9862844187504964,0.010940414536987235,0.002262579286733208,0.0005125874257830708
823,0.9777588395027952,0.017600513799228924,0.004042085664628768,0.0005985610333472378
824,0.9864329394799424,0.01133645216667022,0.0018308165795811113,0.0003997917738063341
825,0.5997096862300519,0.32187278116244505,0.07020546587432033,0.008212066733182647
826,0.9757760441125728,0.019663582163155165,0.003958576677417225,0.00060179704685485
827,0.9446575131293145,0.044064324095603846,0.00989059678589136,0.0013875659891904447
828,0.9787783542844222,0.018242394508055076,0.002622968651014895,0.00035628255650795796
829,0.9514813799203091,0.0419015775562382,0.005960398382666119,0.0006566441407865669
830,0.9487800843720305,0.03757700308582337,0.011270493615801838,0.002372418926344342
831,0.9840316907787262,0.012449618028272075,0.0028689632299275136,0.0006497279630742541
832,0.9718660890261863,0.02375678418418567,0.003858577495616911,0.0005185492940111633
833,0.02428046054041603,0.4546152222313158,0.41348094510339106,0.10762337212487721
834,0.9628320912916125,0.03246691845132041,0.004203188661482373,0.0004978015955847471
835,0.8534416480173408,0.11869189201066799,0.02477012099094658,0.0030963389810447135
836,0.5647682924333686,0.38264383637955857,0.049640660921716,0.002947210265356843
837,0.9283091652232396,0.0644314577454702,0.006436325058933429,0.0008230519723566687
838,0.9114376167188953,0.07244484884229017,0.014471810628603882,0.0016457238102105917
839,0.8088272692071485,0.15758442658483313,0.03039913584638522,0.0031891683616331783
840,0.967203368699715,0.026225329754958025,0.005615002005127898,0.0009562995401990145
841,0.1524755086553501,0.5665491015464749,0.24266350373176349,0.03831188606641151
842,0.7312105919456082,0.2286169088937992,0.03666316138636029,0.0035093377742322815
843,0.05152062660718263,0.5322106473057915,0.3607043161169859,0.05556440997004006
844,0.9675602562141667,0.025135697548415416,0.006060042101609124,0.001244004135808693
845,0.9595562204882169,0.030877492807064998,0.007794127630721352,0.0017721590739967967
846,0.9651974275892456,0.027093082809103598,0.006451204541499106,0.0012582850601516428
847,0.9066455983909645,0.07216905785385785,0.018066893831697597,0.0031184499234801965
848,0.9611205536058804,0.030418187037916045,0.007431634677306902,0.0010296246788965523
849,0.9511579276864605,0.041184322355606026,0.006587791143385023,0.00106995881454852
850,0.9368204708135428,0.04912156482408402,0.012057072250000885,0.0020008921123723126
851,0.9198383736501198,0.06146656685336113,0.016093351484572638,0.002601708011946435
852,0.9774780883215467,0.016486124129742763,0.004629163637412443,0.0014066239112982461
853,0.6584131282194423,0.24198841481645855,0.08587313289197077,0.013725324072128413
854,0.935750555973191,0.05655043113202872,0.007137011706289764,0.0005620011884905053
855,0.04640915584619744,0.29970967406051074,0.40155872241592067,0.2523224476773712
856,0.9569999462488046,0.03720970502163574,0.005196727307474425,0.0005936214220851459
857,0.9747493836046353,0.02059835023189561,0.003968386195563086,0.0006838799679061391
858,0.9764785002651271,0.01748146233223806,0.0048990290601458155,0.0011410083424890623
859,0.9728111577403642,0.021396737699747183,0.004887702880544853,0.0009044016793438555
860,0.9789901703092462,0.0173201178022142,0.0031859815551616246,0.0005037303333780264
861,0.48859795478496415,0.3911983012003241,0.11289254345751756,0.007311200557194256
862,0.8084504746089075,0.17300482780351709,0.017274560287192486,0.0012701373003830756
863,0.9752025922277014,0.020521223976720293,0.003574524520287294,0.0007016592752910444
864,0.9027389436380784,0.08179958327111601,0.01330764487071449,0.002153828220091235
865,0.9747217979472927,0.019958692009822487,0.004397725277440743,0.0009217847654440724
866,0.9831599637208022,0.013874942789387567,0.0026048149801701143,0.00036027850964018607
867,0.962183962317992,0.03321978725888137,0.004104140388017549,0.0004921100351090894
868,0.9195118366615748,0.06560590721432932,0.012735370503099955,0.0021468856209960136
869,0.9689134576265039,0.02628033594929125,0.00411161002146914,0.0006945964027357085
870,0.9564538723884417,0.03333752877469377,0.008451909131011308,0.0017566897058531748
871,0.9778253873998448,0.019201733798232083,0.002607918171683329,0.00036496063023971567
872,0.9699657154550569,0.02475674238349096,0.00439540415562654,0.0008821380058256588
873,0.6955387354428826,0.2736237014635536,0.029675073214683483,0.0011624898788803234
874,0.1572372870645715,0.6183069205337492,0.20896482058517418,0.015490971816505082
875,0.9780922392405985,0.018361484609105933,0.002727691152778819,0.0008185849975167891
876,0.9004786130019495,0.08238612905109494,0.0147090071436701,0.0024262508032854503
877,0.9805865894630971,0.01627589827934983,0.0026099839209059216,0.0005275283366471306
878,0.9652823705964286,0.02720195947892301,0.006128908020320274,0.0013867619043280441
879,0.9737067301855933,0.020411009907672757,0.004716609481125475,0.0011656504256085422
880,0.8006259573456002,0.17523413443948818,0.022392394416954713,0.0017475137979570583
881,0.8802598282749695,0.10122961173839401,0.01586902378727518,0.0026415361993612023
882,0.9801170739459866,0.015042449510483528,0.004024772700711026,0.0008157038428188973
883,0.8032365609572272,0.175618513470646,0.019909927160214433,0.0012349984119123384
884,0.9786657928024761,0.017386308382360105,0.003238539476658573,0.0007093593385053033
885,0.9735919670428097,0.02073670854768134,0.004908576515397692,0.0007627478941113316
886,0.9042449393023437,0.07861037176124744,0.015273136039308587,0.0018715528971003047
887,0.9747128483826122,0.020085297641395845,0.004084223894317716,0.001117630081674204
888,0.885275338229562,0.10968444220738482,0.0046510919907731246,0.00038912757228015975
889,0.920089503854832,0.07162199195506874,0.007593682101387797,0.0006948220887115323
890,0.5522067114341757,0.33101269316069587,0.1059500031154769,0.01083059228965163
891,0.9759417227030759,0.020100837779245668,0.003348075821052562,0.000609363696625918
892,0.15515584701038718,0.6680890093582834,0.17162910420531563,0.005126039426013727
893,0.7469776169071825,0.19582997972515834,0.052023677397935696,0.005168725969723604
894,0.4750396854081923,0.453089788182465,0.0686223000090652,0.0032482264002775454
895,0.9283802360888384,0.06441752960280045,0.006622909278521137,0.0005793250298400944
896,0.7324539777659684,0.2150410569217736,0.04918159872372091,0.003323366588537143
897,0.9665483282167623,0.027467914004107814,0.005103731744671309,0.0008800260344585891
898,0.9682969335207742,0.025283066906156816,0.005556779049215473,0.0008632205238535986
899,0.8910326620437187,0.0928441663902267,0.014696996894074625,0.0014261746719798699
900,0.6465485820323923,0.29543785051456317,0.05271350563861948,0.005300061814425164
901,0.9701153587499355,0.026114412737831823,0.0033582926790433607,0.0004119358331894087
902,0.827184765909867,0.14187602505551178,0.029032546834521875,0.0019066622000993658
903,0.8839871028450895,0.09956781329052504,0.015230235840427377,0.0012148480239581557
904,0.9854078602517684,0.011607855633433887,0.002465417088931712,0.0005188670258660189
905,0.9814096109725501,0.015219774725344767,0.0026969808796610925,0.000673633422444131
906,0.9486332469993896,0.040368665310109526,0.009342633720102318,0.0016554539703985643
907,0.9101760796147029,0.07785094631157942,0.01094600380547273,0.0010269702682448884
908,0.9736701316284831,0.019472473905214505,0.005428402020982749,0.0014289924453196586
909,0.7146015379110973,0.21950483794673703,0.059445704697648566,0.006447919444517228
910,0.9704433528529165,0.02562787515843146,0.0035866755010118246,0.00034209648764026244
911,0.990247264743087,0.00832638726032038,0.0012228185021673692,0.00020352949442528997
912,0.9587061162840947,0.02939904829139906,0.009306343673404206,0.0025884917511020695
913,0.9882288384028572,0.009639300716393804,0.0016755278712946046,0.00045633300945431305
914,0.974177808684761,0.02071561893478173,0.004378401256836294,0.0007281711236209797
915,0.979984194841019,0.015779075686834676,0.0035069368902314164,0.0007297925819149466
916,0.24885356412625614,0.5035715267725291,0.2235269134726805,0.024047995628534262
917,0.9653745644800431,0.02847882846326554,0.005474851819842845,0.0006717552368485836
918,0.6775135228571268,0.25159687474952025,0.06542332961251629,0.005466272780836653
919,0.9902927006936801,0.008447753752883813,0.0010945468699916365,0.0001649986834444585
920,0.9749966923055748,0.020201889298052667,0.004016665133543241,0.0007847532628292524
921,0.8121562921507879,0.17186673217848722,0.014256507522419918,0.001720468148305019
922,0.11164897528613793,0.6362828450200199,0.23638728343579513,0.015680896258046972
923,0.9811837013453133,0.015183479423077448,0.0029858167739763627,0.000647002457632963
924,0.9706314559078049,0.02354862762264525,0.00507324801689066,0.0007466684526592794
925,0.9679052005579974,0.02586629140618506,0.00521469614400698,0.001013811891810616
926,0.6849963560733697,0.2334515464290117,0.07192296792451429,0.00962912957310436
927,0.49323665443126363,0.41213139643483004,0.08982160570739922,0.004810343426507079
928,0.9841664151417544,0.012506082513148392,0.0027044002070391025,0.0006231021380581141
929,0.6101753049120263,0.27233522970955854,0.09784890874882403,0.01964055662959117
930,0.9794556596569022,0.017261850230921656,0.0027709973307615994,0.0005114927814146321
931,0.9663126490228924,0.02797519226980219,0.00491499251253014,0.0007971661947752757
932,0.09016762321963769,0.5590044069538944,0.29989867175830764,0.05092929806816029
933,0.872759183593816,0.09891775552167187,0.024855298962409837,0.0034677619221020932
934,0.8247847308020242,0.1427341656475339,0.028742288994373394,0.0037388145560684743
935,0.987061426886217,0.010450576271316826,0.002033217266696037,0.0004547795757702174
936,0.9627989787118384,0.03021961061532257,0.005919605378801047,0.0010618052940377864
937,0.9669937789033229,0.02770988479558971,0.004640028108209835,0.0006563081928775079
938,0.9846310095731637,0.012796447038302074,0.0021538727075603448,0.00041867068097389517
939,0.9848563885729024,0.012514766984837927,0.0022791482513162056,0.0003496961909434781
940,0.9713764369963156,0.026307619098472866,0.002062406513476534,0.00025353739173505625
941,0.9706601747746553,0.02372946407096498,0.004483123349697118,0.0011272378046825748
942,0.9371380886233249,0.0502860634108141,0.011003676917971193,0.0015721710478897937
943,0.9740187977474983,0.02157613326574988,0.003738634996529903,0.0006664339902218308
944,0.9730347441922576,0.0211776919965479,0.005000861140413626,0.000786702670780818
945,0.8634094478002167,0.0959052956378323,0.034255862727165146,0.006429393834785911
946,0.6721488667457054,0.21964349444386644,0.09240161289755189,0.0158060259128763
947,0.966856679352605,0.02836248959466721,0.004207686814013752,0.0005731442387139649
948,0.9786405494819366,0.01743090226204291,0.003417515699383064,0.0005110325566374425
949,0.7547057641578359,0.17009193330051636,0.06469763608419248,0.010504666457455283
950,0.9592503787672113,0.03219257207114857,0.0073856997748859045,0.0011713493867541304
951,0.278695757669281,0.44865405275203757,0.23241894069382446,0.04023124888485702
952,0.38375734820310314,0.4582364197104417,0.1464151937313728,0.011591038355082354
953,0.9479563355563444,0.03856282164620148,0.012045171539662876,0.0014356712577913004
954,0.8972646999496843,0.08681979995603296,0.014094184941048653,0.0018213151532341849
955,0.4087963326339964,0.4327729775545279,0.14907988972751493,0.00935080008396088
956,0.9839396010645626,0.012277876590605748,0.0031218831423189346,0.0006606392025127092
957,0.9605029680950228,0.032428433552104875,0.0061537713946228575,0.0009148269582495514
958,0.9820619970259,0.014303215109448335,0.003082526849331112,0.0005522610153205345
959,0.9616250799668901,0.027831598989839855,0.008709494704077864,0.0018338263391922175
960,0.9708767318907491,0.021986272077071357,0.005991871427675468,0.0011451246045041236
961,0.4342155451917771,0.42453281826783,0.1238245557295284,0.017427080810864592
962,0.9771877451682565,0.017918783546202494,0.004047933314699409,0.0008455379708417036
963,0.979338110023459,0.015226000185150454,0.004316053259350503,0.0011198365320401022
964,0.9562021901827299,0.03543007951298428,0.007567267480725656,0.0008004628235601778
965,0.9844461879808828,0.012198277841242817,0.002676969728489794,0.000678564449384685
966,0.9501017477203495,0.039652446795813534,0.009062506270730433,0.0011832992131065407
967,0.9816430547422624,0.015726213873015364,0.002395514286171344,0.00023521709855088143
968,0.34149046103211217,0.46899961264123996,0.1634166234986528,0.02609330282799519
969,0.9831197093257797,0.01404665764067775,0.002429165945380851,0.00040446708816148906
970,0.9722122701930618,0.020797068709113062,0.00557781775349059,0.001412843344334625
971,0.6616747197413997,0.29505568032765694,0.040875121079162566,0.0023944788517807607
972,0.250029783995951,0.6357702944184198,0.11019301408259685,0.004006907503032334
973,0.9624064271826571,0.03127499994197323,0.005394819283557546,0.0009237535918121027
974,0.92435419151964,0.050705502223391534,0.02276186232971429,0.00217844392725416
975,0.9833169653623182,0.013608832167279622,0.002634707121668506,0.00043949534873373767
976,0.9814445426575217,0.014195153311910756,0.0036756735961567984,0.0006846304344105971
977,0.967460426876469,0.02627400729995117,0.005262482780578967,0.0010030830430007359
978,0.9378651959094769,0.04873188443039099,0.01130485450279338,0.002098065157338713
979,0.9830383665326801,0.015904435118338008,0.0009705189206036175,8.667942837829164e-05
980,0.9675009774146147,0.023799079527242358,0.006877787537226633,0.0018221555209162175
981,0.981347309773306,0.014576702027368296,0.0033742687960955616,0.0007017194032301959
982,0.9362677225190967,0.051533819020779456,0.010842543503322626,0.0013559149568012029
983,0.9718149171870901,0.022679938837739527,0.004559755849308504,0.0009453881258619036
984,0.5391749096996693,0.40996561478989657,0.04759809993516634,0.0032613755752678095
985,0.7879187412361346,0.17619825014724397,0.03345424672333657,0.00242876189328487
986,0.5121413474878548,0.40982623468576684,0.07300671988926284,0.0050256979371154755
987,0.8346604243802376,0.14408577251269927,0.019306531935730627,0.0019472711713325042
988,0.9235432473647391,0.05397425849904767,0.017905439903460635,0.004577054232752601
989,0.9473011576684044,0.041438885605990156,0.009422702511733255,0.0018372542138722428
990,0.9779222368826757,0.017506536568693044,0.0036969815931838412,0.0008742449554473489
991,0.5611072125121099,0.34664159697528885,0.08349280073670931,0.008758389775891887
992,0.9864939028829416,0.011023340371928616,0.0019587811756894844,0.000523975569440287
993,0.974842327391338,0.02000438198803476,0.00427438645036134,0.0008789041702657947
994,0.9497193246552932,0.04139260577372147,0.007761406971541839,0.0011266625994434717
995,0.1401059714211768,0.6118582748476286,0.22996532525455624,0.018070428476638582
996,0.011867478049724623,0.3132631567183561,0.5604770830820047,0.11439228214991468
997,0.9737579603502957,0.021290216588958737,0.00425344233364005,0.0006983807271055969
998,0.9876965339116295,0.010578161413531791,0.0015006884697576109,0.00022461620508124964
999,0.6778197872418876,0.24878698622708056,0.06611850821718024,0.007274718313851578
1000,0.001884368144843661,0.49145413826308937,0.4687292692483377,0.037932224343729226
1001,0.0023147611425867044,0.5775668097331979,0.38243609772994247,0.03768233139427308
1002,0.008115910172871365,0.7699047114110911,0.215737207831677,0.006242170584360644
1003,0.0001941283186993118,0.9458651375502096,0.05365683512296596,0.0002838990081250953
1004,0.000654779840816286,0.10341769294009881,0.4633284547550467,0.43259907246403817
1005,0.0017133869787609613,0.4759218255821131,0.4983670671244408,0.023997720314685198
1006,0.0015500407374929865,0.3320416840602165,0.5873402004018475,0.07906807480044303
1007,0.002916546292035773,0.21913071340242601,0.4189181053564019,0.35903463494913634
1008,0.003352345714287532,0.8049811793456406,0.1868139979812015,0.0048524769588704116
1009,0.0002502377689044404,0.0669249576351589,0.39710197167385486,0.5357228329220818
1010,0.0014046922548413222,0.9643687672025784,0.03396443043098521,0.00026211011159512493
1011,0.0019299069287147031,0.8486177314966552,0.14776753473295937,0.0016848268416706181
1012,0.000606425604604016,0.18483618426666965,0.619308940308075,0.1952484498206512
1013,0.0015525077095971656,0.32793644052068754,0.5771147684170372,0.09339628335267812
1014,0.0010290574247892302,0.6282970449176045,0.36232518160439436,0.00834871605321187
1015,0.000663045732016792,0.9369317184356869,0.06189421311385805,0.0005110227184382524
1016,0.0003482716613582741,0.8186550278562776,0.17943886288189762,0.001557837600466443
1017,0.0002723691965590785,0.6856721643666475,0.3117651538296335,0.0022903126071600324
1018,0.0022850034802314387,0.7707903760815358,0.22319444642496256,0.003730174013270293
1019,0.003309840747333427,0.298836105647395,0.4910603738144329,0.2067936797908387
1020,0.0008375353659824574,0.3873307838176957,0.5391447351850118,0.07268694563131005
1021,0.0005321289034831406,0.5281418514550279,0.44676027013256037,0.024565749508928803
1022,0.006379454874658426,0.9312072270771046,0.06165370757464701,0.0007596104735899192
1023,0.0012135540384645238,0.9599917261194991,0.03835626681249677,0.0004384530295394576
1024,0.009604291772186174,0.8640367905218572,0.12527276002936705,0.0010861576765895681
1025,0.002383362496809322,0.6371759807763369,0.3432399934786097,0.01720066324824412
1026,0.0011130919102325413,0.8092184612219813,0.18681611290149513,0.002852333966291102
1027,0.0008904884010544189,0.3415210451683331,0.6041380238549539,0.05345044257565856
1028,0.0017478762892302155,0.6250450088893555,0.356407019242008,0.01680009557940623
1029,0.0031296296224094544,0.8899512889124558,0.1044826375305541,0.0024364439345806693
1030,0.002021601666090369,0.2464018324623894,0.5061268779081319,0.24544968796338823
1031,0.00036367161226329473,0.7267580136594383,0.26962245284013237,0.00325586188816619
1032,0.0009898261864107662,0.7015621863805946,0.2944094550053868,0.0030385324276078463
1033,0.0011097830032199328,0.3734418920702257,0.5754247837570277,0.050023541169526786
1034,0.9870035574650183,0.008188161337815702,0.0024526653372789506,0.0023556158598870003
1035,0.004604967399236631,0.39770664060933114,0.4841156784312133,0.1135727135602189
1036,0.0024330537913613776,0.3693244015701948,0.527954495455246,0.10028804918319786
1037,0.001043097317785296,0.16077256698654016,0.5212416596835806,0.316942676012094
1038,0.00020654058976274936,0.9377605545991674,0.06138026284107455,0.0006526419699951984
1039,0.0001756205888279724,0.9847751249777936,0.014921117916859909,0.00012813651651855535
1040,0.00026990401655679365,0.6593369404780813,0.3377505200481365,0.0026426354572253946
1041,0.0003916945926141257,0.9764266902995606,0.02294365082652932,0.00023796428129593393
1042,0.0005821092404756391,0.9056548790610904,0.09317070373766445,0.0005923079607694757
1043,0.0008985768094662491,0.8785352424988434,0.11987120875106677,0.0006949719406235582
1044,0.0006314146122583816,0.9079008365819267,0.09026669966483529,0.001201049140979707
1045,0.0007751740861020016,0.9500464827651243,0.04852370477225406,0.0006546383765197801
1046,0.0006892550818267105,0.2146601795660017,0.6492588491559996,0.1353917161961719
1047,0.0021435499194670535,0.3356428969952727,0.5550075599613613,0.10720599312389889
1048,0.0010121026549435607,0.9291093680965246,0.06920811093119891,0.0006704183173328417
1049,0.0010294575881171853,0.785512997317858,0.21100427843562666,0.0024532666583982118
1050,0.0007502185315051429,0.9001988377247514,0.0984331199249676,0.0006178238187758862
1051,0.0006612167503216407,0.6411138689548602,0.3523557000973678,0.0058692141974503766
1052,0.0026121382401100503,0.308354294910395,0.5318496654125924,0.15718390143690256
1053,0.0018077582701259143,0.7603407750081683,0.23218316734218242,0.005668299379523423
1054,0.0006608555419252531,0.5701494089035184,0.4169098218110021,0.012279913743554267
1055,0.0007925731735777235,0.7336751677316066,0.2588799736833089,0.00665228541150691
1056,0.0008277486783796106,0.2531106036823431,0.6220126999608477,0.12404894767842953
1057,0.00010296547436371716,0.9104924471934653,0.08917964142657524,0.00022494590559577493
1058,0.0005010594896747412,0.8421080626711077,0.15454411442141058,0.0028467634178070723
1059,0.0005671062028841552,0.20403664282757997,0.5901983456729047,0.20519790529663118
1060,0.000764589098273581,0.5055280755739703,0.4796567890638498,0.014050546263906394
1061,0.00035594954908447677,0.9504255071630298,0.04872596746148195,0.0004925758264038706
1062,0.0013785647750851927,0.5231000683411411,0.4490278041752681,0.026493562708505614
1063,0.0002335436593127734,0.9137373319102952,0.08549532210278966,0.000533802327602423
1064,0.0001742739432062782,0.6867059530974091,0.3115995934807261,0.0015201794786586223
1065,0.0026867432244543714,0.41354800826764704,0.5114506298382364,0.07231461866966231
1066,0.0015779034349355662,0.7673574727831285,0.22888717594703767,0.002177447834898042
1067,0.0023254854609389905,0.847250641977755,0.14926796288286792,0.0011559096784380747
1068,0.027163628283255175,0.9263944561246528,0.04603595807816639,0.0004059575139257137
1069,0.0008197668249677603,0.9853793995258318,0.013698446199430137,0.00010238744977039078
1070,0.0011144981161976698,0.27854324985410234,0.5789107702190275,0.14143148181067244
1071,0.0005196859210466352,0.1005506294369009,0.422291975814596,0.4766377088274565
1072,0.0016765350272589274,0.19849334132950958,0.5372718802834999,0.26255824335973155
1073,0.0030045671886843282,0.29663306101999265,0.5068765709645037,0.19348580082681938
1074,0.0012324995278716533,0.3900817931085355,0.5490635322788145,0.0596221750847784
1075,0.0007164243898590701,0.9310036972096558,0.06762245937590639,0.0006574190245787447
1076,0.001922203786275113,0.35223112352857155,0.5266292574037341,0.11921741528141919
1077,0.0009987094520136346,0.1318827984034684,0.47418993217424243,0.39292855997027554
1078,0.0013068759686815524,0.2837479257075687,0.5783684942876199,0.13657670403612984
1079,0.00037800981454623304,0.9487739711601342,0.050535664986372505,0.0003123540389469517
1080,0.0050922130543826286,0.32334484479208436,0.48683065731227715,0.1847322848412559
1081,0.0033912400625572205,0.2335399013014079,0.4373820178194333,0.3256868408166016
1082,0.0007848969892126265,0.19866418973316222,0.5663304991695935,0.23422041410803157
1083,0.00036111825843354736,0.1571487538326818,0.6456867768914003,0.19680335101748436
1084,0.001048285029406397,0.9677829558608139,0.03094858636179776,0.00022017274798197587
1085,0.0010242037683818469,0.5581752925335809,0.42430844941300266,0.01649205428503463
1086,0.001031664172393887,0.798382553122883,0.19765507126990997,0.002930711434813326
1087,0.0018931670340185892,0.9509205561888644,0.046819633439052856,0.00036664333806420314
1088,0.00017811168064356378,0.9339066630026708,0.06558047672169634,0.0003347485949894151
1089,0.0005816612374169125,0.19625102334187272,0.6200004354235364,0.18316687999717396
1090,0.0008554248524337898,0.6079205663875111,0.3796506506878241,0.01157335807223096
1091,0.001436583422998123,0.6547449183057145,0.32886612884672134,0.014952369424566117
1092,0.0014346128083405382,0.9023873271742044,0.09516002470072996,0.001018035316725127
1093,0.00038238420948135424,0.9625915343409628,0.03683780261705426,0.00018827883250163073
1094,0.0018662243480113176,0.7433387936639853,0.246738334340692,0.008056647647311508
1095,0.00036035545870996414,0.04031650078283019,0.16052213099566687,0.798801012762793
1096,0.000857815828470901,0.9742636334611875,0.024581649521245252,0.0002969011890964658
1097,0.000961881926031887,0.689097980326811,0.30352495203512986,0.006415185712027224
1098,0.0006734813738085115,0.95318483616565,0.04587130243005007,0.00027038003049150247
1099,0.000996824240205751,0.9708044745771994,0.028013105878807898,0.0001855953037868695
1100,0.0005036993867154027,0.969720931384519,0.029521351652290473,0.0002540175764752463
1101,0.00045286336139969177,0.9484378336674597,0.050733046594838314,0.00037625637630212346
1102,0.005570637883196984,0.7299741602199794,0.25774732302733644,0.006707878869487232
1103,0.0022802552070844114,0.6840756564846728,0.29903150721359495,0.014612581094647763
1104,0.001241583449874582,0.3049643866098043,0.5814339394102268,0.11236009053009444
1105,0.0019568362515176704,0.7113755491448377,0.2776519421407089,0.009015672462935748
1106,0.0005613419836519431,0.12825963429065312,0.5400864793098666,0.33109254441582836
1107,0.0008579945457666957,0.24241858803893754,0.6505265951607709,0.10619682225452484
1108,0.0006411941812166213,0.1317376523852567,0.40388258716577186,0.46373856626775484
1109,0.0034365151783994083,0.29803677800674505,0.48016182798182905,0.21836487883302647
1110,0.00042952516740060465,0.4750753619160244,0.5122546149083579,0.012240498008217285
1111,0.001748651951177591,0.25192297965994215,0.5082538368956185,0.23807453149326185
1112,0.0011328245283400522,0.14454363307051915,0.4194781785896078,0.43484536381153305
1113,0.0020666583679605183,0.27620317621218127,0.5077703304278187,0.21395983499203966
1114,0.0020319841067643393,0.36825375237535724,0.5641064922967483,0.06560777122113018
1115,0.0006401621673029031,0.12803057978571739,0.43069884183953155,0.4406304162074482
1116,0.0008972167797128204,0.28434309564461474,0.6543302510742669,0.06042943650140557
1117,0.0012986347513856032,0.7891616042722612,0.20677480203397738,0.002764958942375865
1118,0.00043613723141116905,0.9720121250725646,0.027334465469693595,0.00021727222633058786
1119,0.0011357113520847387,0.14221210074731064,0.4580455065995235,0.3986066813010812
1120,0.0005178281144678005,0.08264846558523209,0.29888989554443707,0.617943810755863
1121,0.0007028859902230011,0.15437836547166595,0.5512594133874141,0.293659335150697
1122,0.0018117214341225154,0.4254322889366043,0.5129184005567564,0.059837589072516836
1123,0.0016810924611862254,0.9020183836696374,0.0949524526294689,0.0013480712397075023
1124,0.002290910339419577,0.2456344746907888,0.5318687905493557,0.22020582442043596
1125,0.0007888486587583485,0.09809661682326751,0.37319632606074216,0.527918208457232
1126,0.0019181063851794818,0.9716878840624563,0.026197321466359863,0.00019668808600432105
1127,0.0037587964466756114,0.3348401031108855,0.5444969160630437,0.11690418437939516
1128,0.0010653222735861976,0.10003972117952006,0.34782425601484307,0.5510707005320508
1129,0.0011383884460077756,0.8999639298596531,0.09774229861650785,0.0011553830778313105
1130,0.005466061196138388,0.9558564969338269,0.03838412420530003,0.0002933176647347511
1131,0.002863127044492605,0.30785898565442144,0.5103319025196462,0.17894598478143975
1132,0.01420685773712477,0.6209714957319844,0.34166668759946556,0.023154958931425194
1133,0.009601429939701688,0.8450447529342742,0.14272806147370487,0.002625755652319207
1134,0.0016241799975952043,0.22783258241753512,0.5521512013839855,0.21839203620088413
1135,0.002028523142344883,0.3240715909710787,0.5365335341130534,0.13736635177352316
1136,0.00145660166616225,0.2985356095110443,0.5905923590741466,0.10941542974864676
1137,0.0009644275471205493,0.9146085707361005,0.083734910564862,0.0006920911519169904
1138,0.00021334408919929343,0.028244324928542244,0.14764299792473742,0.823899333057521
1139,0.0014077307635230927,0.7680687148903218,0.22674882386298495,0.00377473048317015
1140,0.0015276391488185399,0.8786940491645053,0.1182565350749433,0.0015217766117329066
1141,0.0008416124868717357,0.6899005910804517,0.30345502665507335,0.00580276977760326
1142,0.0014666560665804788,0.09061115473441039,0.2676272335136634,0.6402949556853458
1143,0.0011132588025458232,0.24699050686063548,0.5657111056639174,0.18618512867290132
1144,0.003492305411050026,0.29103033799961037,0.5045143567089799,0.20096299988035982
1145,0.004938466623914926,0.30720709409066566,0.4926374724338029,0.1952169668516165
1146,0.003125589155364754,0.345905662651543,0.5030425632304169,0.1479261849626755
1147,0.002152993125368536,0.23911498553507798,0.4828814615703645,0.27585055976918893
1148,0.0028690910641448325,0.2984568198143295,0.491583636931511,0.20709045219001473
1149,0.001979036363936616,0.6802184092254947,0.30826628784927446,0.009536266561294204
1150,0.0016215513490896443,0.20962314189413342,0.47595536608382816,0.31279994067294886
1151,0.0021020743558291003,0.15239806752935076,0.37593385615066843,0.46956600196415177
1152,0.0007198074992515212,0.8626889276883289,0.13509199364782,0.0014992711645995483
1153,0.0008209263301576745,0.2262193260099481,0.5762112856896993,0.19674846197019494
1154,0.0024208858086820573,0.3075952195621726,0.5385992350263611,0.1513846596027843
1155,0.0032209905001006726,0.2988000882917156,0.45553200736422383,0.24244691384395986
1156,0.002058301500230069,0.8481642533959277,0.14649114210548844,0.0032863029983535787
1157,0.002540659004168838,0.9209200644696209,0.07623216315267528,0.0003071133735348285
1158,0.0011175572791675657,0.8847683506532802,0.11301874983033983,0.0010953422372124949
1159,0.0016396272699186764,0.7727657519817878,0.22293796342433586,0.002656657323957705
1160,0.002472196834394284,0.40990579437430524,0.5164443384822844,0.07117767030901608
1161,0.0004082611717017788,0.97739502553203,0.021960774635479893,0.00023593866078837908
1162,0.002409317656900161,0.6283070171093849,0.35126722953481,0.018016435698905115
1163,0.002090378089345878,0.44404689804520664,0.4949006962506575,0.058962027614789934
1164,0.0009696924974210231,0.8542118192433317,0.14292346236628972,0.001895025892957639
1165,0.0020391368058883647,0.8319720724149645,0.1626610325687946,0.003327758210352575
1166,0.0016767429079469348,0.16063172867926062,0.41134587541514545,0.42634565299764704
1167,0.003155771238465831,0.6342141606560427,0.3455672026739336,0.017062865431557904
1168,0.002548158993092871,0.4207677824695104,0.5365088743029163,0.040175184234480354
1169,0.04071855345252564,0.6967459825089504,0.2575740708332908,0.004961393205233229
1170,0.001617163189537243,0.6965207451133472,0.2908193450817922,0.011042746615323486
1171,0.001093537658339588,0.7480959794123045,0.24729281744809986,0.0035176654812560017
1172,0.0009285902329403069,0.35397600171296023,0.5750359718985995,0.07005943615550018
1173,0.001203500514965593,0.7970087493910597,0.19882660646867373,0.0029611436253010603
1174,0.0013016877815690156,0.25241592791062406,0.5342602788724168,0.2120221054353902
1175,0.0007977661948242516,0.25362652820164927,0.6239122852528524,0.12166342035067428
1176,0.002990897076978057,0.9045311462317142,0.0912796803135447,0.0011982763777630577
1177,0.000820020938396002,0.7966771836854667,0.20002985057307682,0.002472944803060478
1178,0.0007612778289541021,0.9357897442801351,0.06296326266132271,0.00048571522958816375
1179,0.00020578426469613156,0.9878454495064944,0.011842028095645487,0.0001067381331639824
1180,0.00033509005441231246,0.8274505190936863,0.17027986192023925,0.0019345289316622136
1181,0.000854947144449331,0.8543572068755656,0.14274659609926155,0.0020412498807235954
1182,0.0015410681048970312,0.2910843178710226,0.5568281249170944,0.15054648910698584
1183,0.001827960564876236,0.6481109584665224,0.3391447430228728,0.010916337945728525
1184,0.0008120242637417759,0.12817041813864957,0.3941695809623663,0.4768479766352424
1185,0.003911714087039612,0.4332999783701356,0.47821669756916,0.08457160997366475
1186,0.002027833939921878,0.2988589418627522,0.5389433824223389,0.160169841774987
1187,0.0005454308577872034,0.9038645806665704,0.0947289752505526,0.000861013225089619
1188,0.002647721547486463,0.4296608272591229,0.4861296377012162,0.08156181349217449
1189,0.0049195875922899215,0.7862499010627717,0.19210743833518645,0.016723073009751805
1190,0.0004899144803235735,0.041338142902109444,0.16142590943458218,0.7967460331829849
1191,0.00075430142896926,0.08787337129485986,0.29218145237487314,0.6191908749012978
1192,0.0028657217595001424,0.41394388896560586,0.520650044959831,0.06254034431506289
1193,0.0007355848758069615,0.9043942636563045,0.0942989845428226,0.0005711669250659566
1194,0.002291416933555505,0.5198900762332183,0.44222506331805894,0.03559344351516735
1195,0.0024239378610765774,0.4929241908080449,0.46514399573898857,0.03950787559188993
1196,0.0007259273540373052,0.12113679009062624,0.48247772680317436,0.39565955575216205
1197,0.0012488839379080278,0.13015455602778084,0.4053034762149126,0.4632930838193986
1198,0.0033423902566493465,0.9276181048818508,0.06667736572585958,0.0023621391356402543
1199,0.0020185953941614,0.40063008578442566,0.5050157707669327,0.09233554805448031
1200,0.0011530425543735962,0.8528169102127379,0.14469970699340662,0.0013303402394817686
1201,0.0012141725216390255,0.8583446441511497,0.13901637080696655,0.0014248125202445281
1202,0.0011439990063599281,0.08924813653082628,0.27191845017384586,0.6376894142889679
1203,0.000999599815525494,0.9137664027053249,0.08395804657987747,0.001275950899272148
1204,0.00048676897761364704,0.06566977062256402,0.2945621173950044,0.639281343004818
1205,0.0003377279896181702,0.971791077809345,0.027535680328194173,0.00033551387284261737
1206,0.0014675347829142457,0.27658434409935584,0.5513777570327081,0.1705703640850219
1207,0.00022527188564175365,0.032184026917630164,0.17040715466536097,0.7971835465313671
1208,0.0004700685649212412,0.2630296342824454,0.6568102510068048,0.07969004614582853
1209,0.000913076524156517,0.21290065478548276,0.5453336199307599,0.24085264875960077
1210,0.004701689416620134,0.6616454804385369,0.31724232340438413,0.01641050674045901
1211,0.0007646844857495693,0.3551522523593675,0.5885196199390162,0.05556344321586682
1212,0.0012817294464132426,0.22319703670939553,0.5466866447105343,0.22883458913365698
1213,0.0006760157660775659,0.07088207469646866,0.24401290323986063,0.6844290062975932
1214,0.0018275304231880865,0.16126501075816446,0.4723398840214963,0.3645675747971512
1215,0.029684433805476258,0.6984875521949441,0.26261850520410834,0.0092095087954713
1216,0.0012369973922496812,0.14867758333272274,0.4327927070222899,0.4172927122527377
1217,0.0009016100488794033,0.9171411987431095,0.08123446122383945,0.0007227299841716396
1218,0.0031354435851678967,0.4019006588426196,0.48535295605481593,0.10961094151739663
1219,0.004210763117791692,0.7930812860337636,0.20097580619433847,0.0017321446541063565
1220,0.0005690260561666897,0.13701568870982903,0.5278220311555281,0.3345932540784763
1221,0.001097866692331779,0.396683151321682,0.5511349982704529,0.051083983715533146
1222,0.00048710714118705567,0.06515419604554161,0.31610252513105086,0.6182561716822205
1223,0.0007993481751462714,0.10853460489258317,0.46562608124421656,0.42503996568805397
1224,0.0016677482246632378,0.8867836993616142,0.11066057254451078,0.0008879798692118085
1225,0.0016690015002718017,0.9155860325600365,0.08206470361760995,0.0006802623220817908
1226,0.0038466423442744084,0.5342447308228346,0.4222254456186618,0.03968318121422918
1227,0.0003594802701830009,0.05272973956716685,0.21157476868995548,0.7353360114726948
1228,0.0016959528490404013,0.9363730091265163,0.061226561134334744,0.0007044768901083852
1229,0.0011509943496569373,0.824488394550285,0.17304095652604154,0.0013196545740165554
1230,0.0007417424200659669,0.449858179449412,0.5151487926466631,0.03425128548385894
1231,0.0008479713015869883,0.22840332688331216,0.5673485130549567,0.20340018876014415
1232,0.0015920513612030928,0.37828274307206566,0.5372805090450774,0.08284469652165377
1233,0.001262176208029642,0.1892593434715924,0.47869445368852037,0.33078402663185763
1234,0.0022964640972130755,0.9590398429833251,0.038157159835260676,0.0005065330842011738
1235,0.0005715399519744115,0.9410005205385154,0.05795869133567349,0.0004692481738368451
1236,0.000520036290009298,0.9864393484511498,0.012924955818906684,0.00011565943993425826
1237,0.0005892286354419802,0.9527003658542997,0.04635541986623321,0.000354985644025196
1238,0.0010350062402716587,0.9320661676087758,0.06620187047081623,0.0006969556801362654
1239,0.004111480417996473,0.35450477525892254,0.48307330299873286,0.1583104413243481
1240,0.001324867106346895,0.38759524470921747,0.5714175479965297,0.03966234018790605
1241,0.0009489344617271008,0.9366093362346177,0.06202542859119697,0.0004163007124582218
1242,0.0015128883259736684,0.12299225838787917,0.3385048074547972,0.53699004583135
1243,0.0011324412971313916,0.7874205583338472,0.208000041791861,0.003446958577160369
1244,0.0003816521147147328,0.7683419769411367,0.22945917695232515,0.001817193991823495
1245,0.0010042019207929466,0.36465581581294415,0.5914674952651928,0.0428724870010702
1246,0.009018826593815478,0.9116949170629937,0.07795818432284603,0.001328072020344926
1247,0.0009912517249455895,0.7417297435732655,0.2529215291606593,0.004357475541129638
1248,0.0008889778607725753,0.973822648693084,0.025099192876813767,0.00018918056932969553
1249,0.002736160924431917,0.9662053142731697,0.030817209277642213,0.00024131552475611365
1250,0.0011535337195332008,0.4325627165026207,0.5157244629657843,0.05055928681206182
1251,0.0007119802228283383,0.720654003607129,0.2743528663113094,0.004281149858733346
1252,0.0020473250923017006,0.5469860320322669,0.4238688492266796,0.027097793648751662
1253,0.00046389050650938,0.046035454304367195,0.18517536138899646,0.768325293800127
1254,0.0022435569545240733,0.4202828458907949,0.5337359929863053,0.04373760416837577
1255,0.0009231185614424936,0.5774876628417379,0.4086098254635917,0.012979393133227922
1256,0.001579460111141292,0.9672449324564921,0.030906858190683888,0.0002687492416827873
1257,0.0015131673842996433,0.9726784576877913,0.025654310778884186,0.00015406414902493942
1258,0.0024897798844070364,0.17693610822246034,0.44050825016071316,0.3800658617324196
1259,0.0017034930080789218,0.18192608381621797,0.4892041103895527,0.3271663127861504
1260,0.002910781800618248,0.4038604333115317,0.5055386799960114,0.0876901048918387
1261,0.0011458685736054463,0.40761074841526335,0.539891745219572,0.051351637791559365
1262,0.003839761561196337,0.37444172392400005,0.4973136979861849,0.12440481652861873
1263,0.0055777466915284185,0.8159062704686683,0.1759934611610176,0.0025225216787857743
1264,0.0004159321306587424,0.5154747464399532,0.47515637815898115,0.008952943270406924
1265,0.0009924982395868942,0.35396992234038543,0.5683434703532007,0.07669410906682705
1266,0.0042554496746319585,0.693727043089441,0.2926323780804008,0.00938512915552617
1267,0.0005474883543690832,0.9665984969604047,0.03260009927364187,0.00025391541158438513
1268,0.0004820921801726218,0.8716633057928366,0.12498781770718875,0.0028667843198021876
1269,0.0073006022119170115,0.6959014153311932,0.28934000240993984,0.00745798004694994
1270,0.0003107187755067702,0.03322007503556938,0.13228075812883663,0.8341884480600873
1271,0.0026321381114371464,0.4888267858948283,0.44061560260927657,0.06792547338445797
1272,0.0004319787183208019,0.9099796929530282,0.08909150796729548,0.0004968203613556389
1273,0.0018174403054616263,0.7959671014713297,0.19779543450984505,0.004420023713363686
1274,0.00025723644638129373,0.028527154385500547,0.13635503880316244,0.8348605703649558
1275,0.0007027912870131065,0.16309554242224544,0.5218603411681055,0.3143413251226359
1276,0.0010833263887915887,0.554025604552658,0.4260275350793912,0.01886353397915927
1277,0.004480464220930066,0.29332906645169865,0.5878101530748836,0.11438031625248765
1278,0.00500082618489585,0.47948053092495624,0.4366658874695002,0.07885275542064774
1279,0.0058079855763083525,0.4893172402627922,0.4200711714586294,0.08480360270226994
1280,0.001839541142122718,0.900782773320379,0.09607392978563797,0.001303755751860306
1281,0.0008267023053615974,0.5718667144032579,0.4192469703365218,0.008059612954858745
1282,0.001143065521078038,0.30498516205710824,0.5995560613255824,0.09431571109623148
1283,0.0007854454874444311,0.5753935721968167,0.4144553774778853,0.009365604837853564
1284,0.022004494669422933,0.8702083020591009,0.10423857326337578,0.0035486300081003456
1285,0.0026801496611654333,0.33971639742141835,0.5805484925629495,0.07705496035446681
1286,0.00013299790866311728,0.9482504647876828,0.05133996177657266,0.0002765755270813281
1287,0.0009421710465723733,0.45639090116383757,0.5135687281100717,0.029098199679518426
1288,0.0009008174896952739,0.1787217720478013,0.5127485212308691,0.30762888923163434
1289,0.0009758035024657451,0.8789465303425372,0.11782644206926687,0.0022512240857301665
1290,0.0011201465356340447,0.5191309609287517,0.44928694681085307,0.03046194572476122
1291,0.0050000369193827065,0.3433155787240581,0.4695736145411751,0.18211076981538415
1292,0.0011645806326736556,0.4181244384597178,0.5448779731833464,0.03583300772426203
1293,0.0012643573685403816,0.3989112446448261,0.5606045700012419,0.03921982798539171
1294,0.001746381062587859,0.4884885012977554,0.4870273224437397,0.022737795195917065
1295,0.00017948037516240256,0.026655153064782354,0.15568948451995568,0.8174758820400996
1296,0.0003894054556765097,0.9847474142785937,0.014759482680546932,0.00010369758518278788
1297,0.0005289988860300391,0.9551634782464422,0.04391033001273664,0.000397192854791073
1298,0.000749335624541564,0.4772854687144459,0.5001396281931705,0.021825567467842047
1299,0.002176713598251996,0.9326158069648139,0.06467889269761677,0.000528586739317344
1300,0.0015186730499743097,0.39647812393830256,0.5302859776795119,0.07171722533221124
1301,0.0007755271004650419,0.3788837320781461,0.5713610406778314,0.04897970014355753
1302,0.0004264359116473486,0.8985985185867538,0.10028556779310155,0.0006894777084973879
1303,0.0003868399229678671,0.05643486069702516,0.22855515812519844,0.7146231412548085
1304,0.0013596367498309252,0.7171678187334127,0.2757914803477756,0.005681064168980599
1305,0.0023630557272192533,0.3365413209174403,0.5407106376199606,0.12038498573537976
1306,0.0022349097319463124,0.9397377560861433,0.05745359609228558,0.0005737380896248119
1307,0.00101143163710432,0.3001314037130713,0.5912288045746147,0.10762836007520986
1308,0.000309433016728475,0.9700386972852885,0.029323268076191383,0.00032860162179175234
1309,0.0004948097624156155,0.9437429831640063,0.05533826768550594,0.0004239393880722202
1310,0.0025662399526085993,0.3503639384577246,0.4928426250398697,0.15422719654979716
1311,0.0005549949773295818,0.9861176677722204,0.013196894670501396,0.00013044257994852224
1312,0.0011668887803423858,0.49510892290274955,0.47751511201498087,0.02620907630192719
1313,0.002488046847653168,0.8157951811107429,0.1787663671557937,0.0029504048858102856
1314,0.001841281608286514,0.5734715468156079,0.40558098068914694,0.019106190886958578
1315,0.0004747744378924729,0.8098244867730465,0.1878750102608822,0.001825728528178805
1316,0.0009780723932651663,0.9148762058144417,0.08296495671295538,0.001180765079337566
1317,0.0027070686578703827,0.4293052705285762,0.5021267238213806,0.06586093699217266
1318,0.008064756093547482,0.750049173221867,0.2372606314627519,0.0046254392218335804
1319,0.002227935384071771,0.8402211687285287,0.1556907255077745,0.0018601703796251672
1320,0.00046622289688724364,0.3668122531238206,0.5998309157339965,0.03289060824529567
1321,0.0005600780665027161,0.23988391588329466,0.6714483706050541,0.0881076354451485
1322,0.00039849996349398064,0.3930526075562227,0.5710354685133711,0.0355134239669123
1323,0.0003481954701206049,0.9458454176469987,0.053398064200469095,0.00040832268241156863
1324,0.0009945978949201695,0.9397618796540413,0.05887687355074594,0.00036664890029263413
1325,0.0022298681827941703,0.7094928318253966,0.2830491214590855,0.005228178532723778
1326,0.0009803091888440029,0.9358173767914217,0.06273799436245693,0.00046431965727730033
1327,0.001627038386965649,0.4069405611575707,0.5470910156354742,0.04434138481998954
1328,0.0006316212685901856,0.9263668785115717,0.07264776200926021,0.00035373821057784285
1329,0.0009459323378721616,0.9620100515588429,0.036534044610100756,0.0005099714931840092
1330,0.003053455388900215,0.543224507084514,0.4242392308304761,0.02948280669610969
1331,0.0007753631016415867,0.11419141273923204,0.4342827090248369,0.45075051513428943
1332,0.0009143044766907391,0.7110273917277614,0.28471888921764543,0.0033394145779024383
1333,0.0015918309273183248,0.2074324757378752,0.479943214848209,0.31103247848659754
1334,0.000278151092256769,0.9549664944990258,0.04412654665482488,0.0006288077538925882
1335,0.00019177553383927269,0.2193073657523631,0.7597311167771477,0.020769741936650037
1336,0.0007025501881613361,0.958284969981726,0.040756140382350065,0.00025633944776262246
1337,0.00036458557275519256,0.7902854401495305,0.20837855937981786,0.0009714148978962063
1338,0.0006750808755419965,0.9669802255994339,0.03187969517882366,0.00046499834620048397
1339,0.0011755955120817444,0.9592236061551209,0.039309776010642235,0.0002910223221551352
1340,0.0007579478088876659,0.37048314647380093,0.5880603010084152,0.040698604708896274
1341,0.000581171403476232,0.9082437694874164,0.09025066192667294,0.0009243971824344496
1342,0.002042934823106683,0.8062008939703813,0.18915872983535564,0.002597441371156187
1343,0.0005723916563722565,0.9376501456033707,0.061183242108961984,0.0005942206312950946
1344,0.0005012605638605353,0.08722678368365121,0.4135676457920458,0.4987043099604425
1345,0.0019145376276837182,0.34865343264711846,0.5537470553187509,0.09568497440644703
1346,0.0008311092239686601,0.8874283807216735,0.11118579180196503,0.0005547182523928571
1347,0.001388454483784179,0.5479685603024891,0.42310137549052906,0.027541609723197524
1348,0.0005020438653241177,0.10682048807545574,0.4952137525183587,0.3974637155408614
1349,0.0006134526922914682,0.2519764126308675,0.6875031743746622,0.05990696030217886
1350,0.00016763493770299173,0.9705731234200607,0.02915586024357314,0.00010338139866303015
1351,0.0030018738372030174,0.3323565771881958,0.47567404584812406,0.18896750312647717
1352,0.0009797527170470914,0.9620719827546541,0.03650230342554298,0.00044596110275580206
1353,0.0004072343065738743,0.9518935000443821,0.04740491860592616,0.00029434704311787345
1354,0.0015358918816144552,0.783822366289535,0.2120114307439238,0.002630311084926733
1355,0.0014896015044269983,0.28891831589534106,0.6004593062108092,0.10913277638942272
1356,0.000813054771341921,0.19648077038037137,0.5897990972755864,0.21290707757270022
1357,0.001245241632608983,0.8702509772691784,0.12789258587922445,0.0006111952189881318
1358,0.0007394319134663314,0.7715834945739124,0.22381914864358515,0.003857924869036077
1359,0.00013233078636089066,0.8645538558779746,0.13409004924022624,0.0012237640954383866
1360,0.0006827309032835557,0.9697503542345424,0.02915078657985154,0.00041612828232247615
1361,0.0014812140762850052,0.13826308011718638,0.40111450639588714,0.4591411994106415
1362,0.0008003393217662416,0.44952343368030495,0.5208222753625997,0.028853951635329018
1363,0.001586957635650356,0.2813468524819706,0.5492080057972791,0.16785818408510003
1364,0.00028030786390784005,0.0821549796414258,0.4386071543921163,0.47895755810255003
1365,0.0018665948500463981,0.827020146582256,0.16805519679969463,0.00305806176800306
1366,0.00024271436100105272,0.9566040191536636,0.04285720932258466,0.0002960571627507243
1367,0.0003335895762620211,0.970401545078192,0.029104877005959325,0.00015998833958662918
1368,0.002126716815829995,0.40242675632443026,0.5420114809371117,0.053435045922628155
1369,0.002531490752133961,0.6024938914107439,0.3769085445831401,0.018066073253982035
1370,0.00042886067071774045,0.968355732279362,0.030971732633458454,0.00024367441646176458
1371,0.0008153760486195789,0.732784392651719,0.2638281773766845,0.0025720539229769543
1372,0.002504170981566116,0.7328079498435841,0.2600260026029902,0.0046618765718597025
1373,0.0014262775529897964,0.20943950286788426,0.5386300457155437,0.2505041738635822
1374,0.00455742238163301,0.30313625569309355,0.5004346894485561,0.19187163247671737
1375,0.0018683552413669353,0.8188530652796034,0.17617872095157017,0.0030998585274594256
1376,0.002539473438372937,0.48336365013619054,0.46558530287567335,0.048511573549763286
1377,0.00165147611576693,0.462771165375197,0.4936803237347881,0.04189703477424794
1378,0.0005006334531408259,0.04554263415680493,0.17521125464891577,0.7787454777411384
1379,0.0005754595913054618,0.06375412623719141,0.2278265044900076,0.7078439096814955
1380,0.0022385187862287484,0.5259038739967129,0.4581959317095919,0.013661675507466527
1381,0.0026658245608204016,0.550766433689228,0.4328037375356087,0.013764004214343067
1382,0.0016102154541834347,0.7885985785179024,0.2051388226010634,0.004652383426850817
1383,0.0014642778649220215,0.7771743792781652,0.2171861219151999,0.004175220941712816
1384,0.0006118551770652154,0.4764644545674973,0.4950838380861176,0.02783985216931991
1385,0.0014339541418073095,0.3774938867427946,0.5470153105380393,0.07405684857735882
1386,0.004757718146883203,0.9076237153804293,0.08694899065339248,0.0006695758192950106
1387,0.002157774143423035,0.631217097370141,0.34996515761005054,0.016659970876385592
1388,0.0011843869827303135,0.45839813074535907,0.5190353865676269,0.02138209570428351
1389,0.002395567302424925,0.34225350261938636,0.5032738648278827,0.15207706525030606
1390,0.0006306938379313599,0.9283012645035782,0.07052272977982939,0.0005453118786609779
1391,0.0008432698165595387,0.5171087857489756,0.4656203396195746,0.016427604814890338
1392,0.00021651706240455887,0.02942091271405502,0.12127191240567893,0.8490906578178615
1393,0.0011477010531976246,0.17533441204354294,0.46359378770506354,0.359924099198196
1394,0.0022730030058133116,0.2526912613806914,0.5411994458700092,0.20383628974348594
1395,0.001485753612569043,0.3678276492172746,0.5695106913608217,0.0611759058093347
1396,0.0004210090762847254,0.09589763112568044,0.39367203430764447,0.5100093254903905
1397,0.0037104851452458305,0.4490987580316354,0.4727348920675094,0.07445586475560936
1398,0.000549779382787314,0.1724033501525904,0.6392571501451699,0.1877897203194524
1399,0.0003393218976966124,0.9292436955334928,0.06976920798988426,0.000647774578926303
1400,0.0007102367842511706,0.7229362488681291,0.27026379570621745,0.00608971864140231
1401,0.0017159906085064645,0.930789476412254,0.06695120725638642,0.0005433257228532447
1402,0.0025890509240225597,0.6421573562919104,0.3392503275187599,0.016003265265307282
1403,0.0011285451293786435,0.3086327967457394,0.55856357197998,0.13167508614490198
1404,0.0013788515629548164,0.40816226051607096,0.5253747724121118,0.06508411550886234
1405,0.0003846241046470372,0.6945713679115018,0.30267654315907333,0.0023674648247779735
1406,0.0004137848594836997,0.26012792804504753,0.6638607258332369,0.07559756126223206
1407,0.0005749318351995613,0.9500495495346438,0.048789509541737545,0.0005860090884190515
1408,0.0006800855470050649,0.9641436093520555,0.034914361012611896,0.0002619440883275465
1409,0.0006962134065375329,0.23682519481457076,0.6208736741742334,0.1416049176046583
1410,0.00041215787912841017,0.9503783647920147,0.048807392604373306,0.00040208472448361246
1411,0.001850748773299968,0.5701632090762485,0.41620819412014365,0.011777848030307878
1412,0.00035857590864376833,0.026663535179527253,0.10243374436928593,0.870544144542543
1413,0.0019586598134388317,0.23853597553128847,0.4759574746339298,0.28354789002134295
1414,0.0036590713468642798,0.3600809174431652,0.5219350242244746,0.11432498698549604
1415,0.000533846362715511,0.9066051436816256,0.09201273832926021,0.0008482716263986702
1416,0.0007823561127456285,0.8826172036806017,0.11515996749986543,0.0014404727067873636
1417,0.001460215393084246,0.8650945627709021,0.1321835178315766,0.0012617040044368328
1418,0.0039652692388925355,0.4793304351758155,0.4668873464341906,0.049816949151101485
1419,0.0006089942849701274,0.9501817217592425,0.04877324675085938,0.0004360372049280147
1420,0.0009046736305873707,0.19735712829230626,0.5140441730670207,0.28769402501008573
1421,0.002007968021233058,0.45410919457235843,0.4813108528942174,0.06257198451219113
1422,0.0003691629186739864,0.9450488828039872,0.05416963642916521,0.00041231784817360095
1423,0.0008470505100454779,0.7767387381740016,0.21849283493472044,0.003921376381232469
1424,0.0006797230051751826,0.7873439571732985,0.20780808432624,0.004168235495286329
1425,0.00037564363038770774,0.06460142127296062,0.3909797179179695,0.5440432171786822
1426,0.0008018456556593358,0.19376606974081484,0.5892091832695069,0.21622290133401892
1427,0.0008701671239799755,0.24695664651695273,0.6357955719576469,0.11637761440142039
1428,0.0006610346410178135,0.09646901016178325,0.34925623212290396,0.553613723074295
1429,0.0015262174998290556,0.9231378567840451,0.07488253058329071,0.00045339513283508364
1430,0.0023656164839804257,0.3268731194843237,0.540411900809542,0.13034936322215387
1431,0.0061368672010198725,0.6901556069551112,0.28911439334390665,0.014593132499962096
1432,0.0009180965216476894,0.26045793757074565,0.6109309996780763,0.12769296622953039
1433,0.0012794645867192625,0.7564571959404351,0.24078117937786683,0.0014821600949788502
1434,0.0020490028820147757,0.23786542492032509,0.4992685743655992,0.26081699783206097
1435,0.001416419158993699,0.3137072923346289,0.5594336077873204,0.12544268071905695
1436,0.002996340889229597,0.2168622593830246,0.46464219933366163,0.31549920039408413
1437,0.0008099175153073489,0.27442372193397224,0.6038940063417607,0.12087235420895964
1438,0.00038065552538070664,0.19948114508981532,0.7570124413969312,0.04312575798787273
1439,0.00016417173498993565,0.9765088598816052,0.023175584995067482,0.00015138338833748437
1440,0.00015858612913771718,0.9912821462234082,0.008483098235404846,7.616941204925318e-05
1441,0.00024082564449754318,0.06560474072746468,0.5411696998611497,0.3929847337668881
1442,0.0011341380904480555,0.6799366794541727,0.3141910128805474,0.004738169574831847
1443,0.001586982263353901,0.3262660893723642,0.5980899810155885,0.07405694734869349
1444,0.0008941880156077366,0.9357139897548797,0.06288294906012523,0.0005088731693873077
1445,0.0008614106772674908,0.6083537639525394,0.3824534012979851,0.008331424072208032
1446,0.0013359058915566925,0.7990214599834109,0.19830499463653994,0.001337639488492307
1447,0.0005571747076234433,0.930011703227716,0.06845080490748198,0.0009803171571786547
1448,0.0011549961008675584,0.5916998842641188,0.39556267591180194,0.011582443723211756
1449,0.0006270219182562873,0.7731572883087232,0.22457481266668686,0.0016408771063337946
1450,0.0012871935374996627,0.8558829241473298,0.14160367897184886,0.001226203343321752
1451,0.0009916058754887284,0.40909355918908197,0.5731631493818132,0.016751685553616037
1452,0.0002684874571080597,0.9336673986646402,0.06573492979472972,0.0003291840835220625
1453,0.007810281072775237,0.8312720597099134,0.15627685233607128,0.004640806881240145
1454,0.0017792742013224843,0.24223705411313035,0.5328415692916015,0.22314210239394566
1455,0.0012264881998705493,0.7989019666396056,0.19735050747187635,0.002521037688647593
1456,0.001301362164868472,0.5366357902999609,0.4443570744539135,0.01770577308125719
1457,0.001702845502835339,0.8836157043287488,0.11408384124692289,0.0005976089214929812
1458,0.0027051261210053724,0.8781762125146403,0.11684073597229286,0.0022779253920614966
1459,0.0008939444782267077,0.10411087086508997,0.35948522184321413,0.5355099628134692
1460,0.0008592885105149928,0.18166101485991842,0.5165841240334523,0.3008955725961142
1461,0.0011064835957328512,0.40606552735778917,0.5534338970235179,0.03939409202296
1462,0.0013586390219071061,0.7252151971237205,0.2693840204457757,0.0040421434085966615
1463,0.0009162275332289481,0.3342848973504661,0.5702676232421051,0.09453125187419989
1464,0.0009201634922415301,0.9083036714757182,0.0897452268306385,0.0010309382014017663
1465,0.0006894419870009309,0.6667732340915091,0.32266516107134136,0.009872162850148549
1466,0.0004632287774217826,0.7783687304621361,0.21690132588449906,0.004266714875943175
1467,0.0010844089382294002,0.4126028021454603,0.530885369372813,0.05542741954349726
1468,0.0014492432240674638,0.889548013108285,0.10762454287412396,0.0013782007935235572
1469,0.0008360281555190475,0.1316133497332771,0.45060666895182255,0.4169439531593814
1470,0.001387943188656626,0.2690885471564024,0.5758358163555528,0.15368769329938814
1471,0.001403504425650135,0.23477545890793952,0.5346382518543443,0.229182784812066
1472,0.0009165806158379709,0.7676537296925328,0.22747786249554555,0.003951827196083708
1473,0.005700151703423023,0.6541127894032573,0.3171112958860848,0.02307576300723504
1474,0.00017060783835137088,0.02596445325786909,0.12427910445569604,0.8495858344480836
1475,0.0007039892859418823,0.7214175590340901,0.27453475681778816,0.0033436948621798765
1476,0.0001761935431269502,0.935869934844772,0.0634947522891189,0.0004591193229822665
1477,0.00027704452679158247,0.973517334661201,0.026003482741091183,0.0002021380709162142
1478,0.0003419098182746189,0.6250129883357893,0.3687519855331154,0.005893116312820617
1479,0.004197372379608118,0.828290437935884,0.16395495208368685,0.003557237600821125
1480,0.0023723098310701697,0.777002025192336,0.2159827573487435,0.004642907627850306
1481,0.0008163497528822906,0.6982098611365377,0.29629880266462355,0.00467498644595659
1482,0.0005293692970969354,0.9664943198961613,0.032771428470690284,0.00020488233605154681
1483,0.0016564752136643797,0.831506372577485,0.16394748383401825,0.0028896683748323732
1484,0.002366936427707719,0.6710044671813236,0.3149038764512135,0.011724719939755313
1485,0.00097633348469834,0.2270216702722363,0.6114522772666888,0.16054971897637654
1486,0.00013355923251482334,0.959092649001728,0.040361205133814346,0.00041258663194284196
1487,0.002992904040035955,0.9686010569491543,0.027728828327261392,0.0006772106835483005
1488,0.003466452534604614,0.2630904291263108,0.463993282143347,0.26944983619573754
1489,0.0015601931152037036,0.32777521918085933,0.607628779376129,0.06303580832780797
1490,0.0012180430865327376,0.9617083929782878,0.036643970586084484,0.00042959334909499416
1491,0.001600980558573575,0.5219321825802683,0.4494833481364908,0.026983488724667215
1492,0.00036255988594763647,0.9419932439663046,0.057094295488412994,0.0005499006593348225
1493,0.0004943022511060824,0.7156100972240335,0.2769564566408992,0.006939143883961294
1494,0.00044248808620667515,0.7554647151307148,0.2393674902568972,0.0047253065261813575
1495,0.0009320659020464353,0.8061813169076746,0.18986258130180778,0.0030240358884712723
1496,0.001032388261568244,0.9492469409349417,0.04914717524037228,0.0005734955631178039
1497,0.001088298367276646,0.6910341067131301,0.2993226064861885,0.00855498843340466
1498,0.0016639121805988935,0.2909820958201176,0.5948548980064141,0.11249909399286939
1499,0.001769858209716988,0.188188509579087,0.43809395782764426,0.3719476743835517
1500,0.0016229985490922305,0.3180105915478934,0.5796810676288052,0.10068534227420903
1501,0.0026851888470100804,0.4464910055505852,0.4955866124752984,0.05523719312710637
1502,0.0016385064965639623,0.14983826426312885,0.4323936149133575,0.41612961432694967
1503,0.0009655229716472096,0.13708222162730796,0.5334222676915192,0.3285299877095257
1504,0.0026496705836195527,0.4080931000183532,0.49898914520540716,0.09026808419262006
1505,0.004878959972658655,0.28882682207721433,0.47995911323234897,0.22633510471777807
1506,0.001568962857945457,0.1425461525107006,0.4174092724510332,0.4384756121803207
1507,0.0023492213611171838,0.2097341188124315,0.5266694969855186,0.26124716284093275
1508,0.0021463769246677835,0.22172165409318106,0.5050081145865019,0.27112385439564934
1509,0.0018069133858007068,0.5480623831722171,0.40986524352203735,0.04026545991994482
1510,0.0006594102155269221,0.9096713486479342,0.08827895138601323,0.001390289750525653
1511,0.00030212274780536135,0.23113301173774392,0.7293512550727803,0.03921361044167041
1512,0.001425486995669479,0.46806984382495176,0.5160875648285795,0.014417104350799391
1513,0.0006188865187727873,0.5588290556159595,0.4297061287033499,0.010845929161917902
1514,0.0028592938512413285,0.7208463010020348,0.2673697548454003,0.008924650301323623
1515,0.00014500734549323298,0.9761482255689709,0.023524744075766015,0.00018202300976989942
1516,0.0006550626984106029,0.12302672065894132,0.4377781381835561,0.43854007845909193
1517,0.0009012371687987331,0.9342565867251378,0.06439541958504062,0.0004467565210228299
1518,0.0014520067663373716,0.9493199913993855,0.04890599960592139,0.000322002228355755
1519,0.0011102377794395258,0.6080190419929259,0.380728574922744,0.010142145304890621
1520,0.0013100811516675306,0.933111687780261,0.06463755868983562,0.0009406723782359079
1521,0.0007008985688414607,0.8959342754605455,0.10244155517538514,0.0009232707952277106
1522,0.0010627943036739121,0.8166926379770756,0.17921252993141867,0.003032037787831883
1523,0.0022886451805352185,0.45979235021628484,0.4769132334324061,0.06100577117077391
1524,0.0014181881362554613,0.8953172384577289,0.10123158503842801,0.0020329883675875345
1525,0.001258505938868619,0.5223706785755626,0.45759149387624326,0.018779321609325463
1526,0.0015767845998785684,0.2450990167175073,0.5949001483501637,0.15842405033245047
1527,0.0008277806601581244,0.9568866824869339,0.04193931355830896,0.0003462232945991427
1528,0.00014497805067363356,0.9840927457160553,0.01563169020826057,0.00013058602501050452
1529,0.0010195205958849483,0.8245924101471631,0.17295982909823326,0.0014282401587186679
1530,0.00038947662855016025,0.4911613501529847,0.5009304681383201,0.007518705080145218
1531,0.009032142368613416,0.8107800983491118,0.17437446710257806,0.005813292179696764
1532,0.0019916786967227674,0.41214862743391234,0.5304259289238195,0.055433764945545375
1533,0.00022696213467610142,0.03015859795669505,0.1376765755647962,0.8319378643438327
1534,0.0028550210253755395,0.3560550512588616,0.494078472749251,0.14701145496651186
1535,0.0026516390804670288,0.7764967525564428,0.21773769602936455,0.0031139123337256655
1536,0.0016738167172780935,0.9378526407137173,0.05874016558214487,0.001733376986859723
1537,0.00144396159732013,0.3903325355152355,0.5571171156644008,0.051106387223043476
1538,0.001074174930716638,0.8092374986136488,0.18842170157077603,0.001266624884858568
1539,0.0011365988895356827,0.6910283621911423,0.30135271788872603,0.006482321030596087
1540,0.0014944014031205532,0.16755364970499317,0.5275230100334841,0.3034289388584022
1541,0.0002715691945478711,0.8762487971308546,0.12222658795984007,0.0012530457147575335
1542,0.0003321029348491861,0.9004509224443787,0.09826739917080386,0.0009495754499682547
1543,0.003953077672657927,0.98856087140566,0.0074146863447436245,7.13645769384224e-05
1544,0.0027653320819528253,0.8336603202900884,0.1606399214955162,0.0029344261324426293
1545,0.0002786721004155605,0.04865303857708998,0.24277025360784174,0.7082980357146527
1546,0.002326578564326598,0.8635584134458727,0.13242495463495815,0.001690053354842633
1547,0.000624184377556219,0.08158566630392325,0.309486496625772,0.6083036526927486
1548,0.001278142923047243,0.8348503221540655,0.16169201093540522,0.0021795239874820116
1549,0.0008154424175904539,0.8544118246213525,0.14333686788299096,0.0014358650780661936
1550,0.0011831172944148055,0.6197755377699375,0.35840471077657376,0.0206366341590739
1551,0.002171111172882996,0.8690191450717205,0.12830602496656832,0.0005037187888281647
1552,0.00035524881532728156,0.5318902783667718,0.4636755472264815,0.0040789255914193655
1553,0.0007373860960055836,0.69288982121028,0.2997664114723579,0.006606381221356582
1554,0.001016727353800986,0.1793918279731364,0.5431059627080053,0.2764854819650573
1555,0.0004531422599229714,0.06518697543264086,0.2881302155549178,0.6462296667525184
1556,0.004031696126171579,0.36888148572514856,0.4778681110430945,0.1492187071055854
1557,0.0043096462581341385,0.30914026701242575,0.46215008114535006,0.22440000558409007
1558,0.0024382635168780885,0.1442350075295834,0.3495081506656248,0.5038185782879137
1559,0.0011278592118937247,0.5739051268130017,0.4075752855720601,0.017391728403044406
1560,0.0010789287761154979,0.5085312259333872,0.46911139182172384,0.02127845346877353
1561,0.00021244936249239992,0.02655138808451168,0.11903916725232702,0.854196995300669
1562,0.003167534391176519,0.5930621693457944,0.3874832760009931,0.016287020262036035
1563,0.003107355474006999,0.6500129645752933,0.3391505483452661,0.007729131605433696
1564,0.007638082472545138,0.8632474263695177,0.12063026094349166,0.008484230214445502
1565,0.0014592216760032615,0.9729293878576935,0.025446634591310295,0.00016475587499310913
1566,0.001086965949580352,0.9423588344362019,0.05614385868665595,0.0004103409275618328
1567,0.005118677064528126,0.521075519554844,0.44003881094929453,0.033766992431333284
1568,0.008457296841844828,0.7376422412621383,0.24570067756840194,0.008199784327615076
1569,0.001514584119397798,0.22114031604267956,0.4909892975159875,0.2863558023219351
1570,0.0023239505870706876,0.3438982566085644,0.5455278380461583,0.10824995475820666
1571,0.00031078830757360894,0.9714174443037062,0.028122347882003858,0.0001494195067163072
1572,0.0008999051683740367,0.9618619850934619,0.0370424290496687,0.00019568068849539508
1573,0.0001482910039550236,0.020458970799367884,0.09475423690462861,0.8846385012920486
1574,0.00982549186528795,0.8605101168304022,0.12862912490752748,0.0010352663967824528
1575,0.0019308017988614848,0.46537734486205123,0.4797408476647121,0.05295100567437533
1576,0.0067172021022152955,0.5739928083963973,0.3939988361016986,0.025291153399688786
1577,0.0009302604213282592,0.6258887206160914,0.3649061843600933,0.008274834602487026
1578,0.001025856754346811,0.3820576705884666,0.5409796991834948,0.07593677347369175
1579,0.0007217630065308503,0.7071297014984603,0.28599679272004186,0.006151742774966955
1580,0.0006844644235331199,0.20763842719133427,0.6751613101687244,0.11651579821640827
1581,0.0005375061573458322,0.9738507047632785,0.025440864919244133,0.00017092416013152916
1582,0.001462190050234137,0.19659531696395494,0.46993482206197307,0.33200767092383787
1583,0.0013874834471377798,0.5198204513497099,0.4517726144286058,0.027019450774546587
1584,0.0009408998544485512,0.6747497579941417,0.31930568921920105,0.005003652932208643
1585,0.00044997956878226346,0.7962454861387462,0.20107557585561742,0.002228958436854088
1586,0.0010203273801970257,0.7839828951456388,0.21274744972863882,0.002249327745525481
1587,0.001260463177656002,0.8961681416946848,0.10007443800557389,0.0024969571220852453
1588,0.026648648421508873,0.7509622123158888,0.2134793368252016,0.00890980243740082
1589,0.0005068671858036165,0.7460565522323964,0.24998849655855054,0.0034480840232494247
1590,0.0012136403325758989,0.16565475962832046,0.5229613377292832,0.31017026230982053
1591,0.0007612901788877984,0.9392831153048312,0.05940712655050444,0.0005484679657766048
1592,0.0008058930408328321,0.1550039843000019,0.48454739852083006,0.3596427241383352
1593,0.0004109504068755958,0.05889565155339532,0.26895610097890266,0.6717372970608264
1594,0.0011754204128670985,0.3199673217191963,0.5953712647838107,0.08348599308412583
1595,0.0007195728636290949,0.17972507423227244,0.5597595766173807,0.2597957762867177
1596,0.0027679447524575867,0.5424107068335514,0.42259679155163715,0.03222455686235395
1597,0.0004204388321113575,0.8398988795181364,0.1583241060020229,0.0013565756477294207
1598,0.0011382565836699132,0.1301178609684438,0.4094597071196107,0.45928417532827565
1599,0.0005892854955564478,0.04328728307692069,0.1479322074577551,0.8081912239697677
1600,0.0008207778495553973,0.1832667418331121,0.5819614779473833,0.23395100236994926
1601,0.0015414379630329762,0.25091892117184916,0.5944405030393826,0.15309913782573542
1602,0.0023700652017399444,0.2680763408185226,0.565703918027386,0.1638496759523515
1603,0.004374626519128062,0.8346312798775026,0.15925595740300247,0.0017381362003669404
1604,0.005371942622358045,0.8563528497326531,0.1372960349981583,0.0009791726468305092
1605,0.0010997960177265712,0.2787320349458677,0.6125817507556091,0.10758641828079663
1606,0.0009415972185300425,0.3337614730016659,0.6075260429980699,0.0577708867817341
1607,0.0009909565652915788,0.7665428979512223,0.22921602634814708,0.00325011913533884
1608,0.0009721225561321047,0.8481396760309892,0.14958299898934665,0.0013052024235320572
1609,0.0006968472677234432,0.37589462549601854,0.5809282030257836,0.04248032421047439
1610,0.0009480695823475014,0.7531904752922051,0.2407805755444956,0.005080879580951845
1611,0.0011798061876500392,0.1651075984834427,0.4819623053886188,0.35175028994028856
1612,0.003858622039150414,0.30801710070732957,0.5312722623815743,0.15685201487194578
1613,0.0005602997856900458,0.058801219119925266,0.21806754298873396,0.7225709381056507
1614,0.0010287908984044454,0.2812459537008898,0.6095464512142823,0.10817880418642344
1615,0.0002849271745238508,0.04218406892790372,0.14561340975432147,0.811917594143251
1616,0.003314155097512686,0.29365802604200125,0.5296507363571704,0.17337708250331577
1617,0.0006218118777084178,0.28809272035403605,0.6161912847701924,0.0950941829980631
1618,0.0011978388950982376,0.5697845875420247,0.41545057007804487,0.013567003484832228
1619,0.00030061253322787257,0.0532523777863214,0.26794033063696754,0.6785066790434833
1620,0.0013664001508688134,0.4503395395191577,0.5132577062306577,0.035036354099315804
1621,0.0013580617356251548,0.7037043708236632,0.28920934134184684,0.005728226098864856
1622,0.0007554833499457748,0.7763495462690783,0.21847018956783562,0.004424780813140367
1623,0.002660823206843581,0.9709069191990669,0.026035005867871427,0.00039725172621812345
1624,0.0027621233342781104,0.9589004741756767,0.03803468871332032,0.00030271377672494285
1625,0.0043316906123125765,0.4865563286719452,0.4873086021475509,0.021803378568191326
1626,0.00614960143725813,0.690827410079102,0.29788420189129783,0.005138786592341981
1627,0.0027016895598868623,0.45978864957146004,0.48594559150728756,0.05156406936136537
1628,0.00357384479638704,0.39392825818832056,0.4969740776762705,0.10552381933902191
1629,0.0024931603199523913,0.3854055909927313,0.49887919567571337,0.11322205301160292
1630,0.000489192336919428,0.8759316174063136,0.12150077324206299,0.002078417014703815
1631,0.000811536362445537,0.6659449352591571,0.3297828230052991,0.0034607053730981614
1632,0.0018019985630582593,0.5875400158098388,0.3928941661974234,0.017763819429679317
1633,0.0018462012976801175,0.29624346154313497,0.5356570915377564,0.1662532456214286
1634,0.0027238037949850495,0.22883343805642095,0.4744359670532796,0.2940067910953144
1635,0.0008038991184604659,0.9108824020828812,0.0851980441542102,0.0031156546444481886
1636,0.0007518977460010359,0.8943886003628343,0.10199048198295708,0.0028690199082075764
1637,0.00018106075687126215,0.02700252584268869,0.12115755324729588,0.8516588601531442
1638,0.0012422725017847533,0.6870587434245637,0.3097494374291064,0.0019495466445452168
1639,0.000929605366996545,0.2700048189329918,0.651587997214832,0.0774775784851798
1640,0.0004773191999027647,0.7735158901695169,0.22234901497398646,0.0036577756565938494
1641,0.0028029601219576594,0.8350964543367473,0.16043815274830925,0.001662432792985791
1642,0.0006048623477259871,0.1291552524345461,0.5251738895628502,0.34506599565487783
1643,0.000483411833336326,0.7563077670000203,0.24074901076250552,0.0024598104041379507
1644,0.0007474958681653347,0.9629877401055125,0.03547694084190079,0.0007878231844213679
1645,0.0005679598359534571,0.8989942101347596,0.09902848763859701,0.0014093423906901097
1646,0.000714592650175541,0.11668549733527661,0.428173622009269,0.45442628800527884
1647,0.0013332907802764866,0.2853188656606752,0.5747297098930759,0.1386181336659724
1648,0.0020931060778329163,0.6582587891316355,0.31941363879642864,0.02023446599410297
1649,0.0010763799812082068,0.6918856568625031,0.29906270379894684,0.007975259357341738
1650,0.009571452753625663,0.3221187941501766,0.45940695002781007,0.20890280306838782
1651,0.0004265441871697276,0.803824688475116,0.1939958932698103,0.0017528740679040105
1652,0.00032341237182882286,0.9043291191138318,0.09455054389578708,0.000796924618552259
1653,0.00027226751368091483,0.9381497753925765,0.060951013160941564,0.0006269439328010966
1654,0.0003554417891614614,0.9477534159224543,0.05145142912844924,0.0004397131599349774
1655,0.0004461842173413119,0.9332098643276165,0.06553492171715423,0.0008090297378878779
1656,0.0010507108091953445,0.05341948606294758,0.1760810993707711,0.769448703757086
1657,0.0006963541026129735,0.10957565879305847,0.34980190474209283,0.5399260823622357
1658,0.0008009417676870304,0.4023817414330034,0.5515000670143928,0.045317249784916816
1659,0.0014350336479715866,0.4869069184410791,0.4766705214582226,0.03498752645272668
1660,0.0021529463469364923,0.38950213225479663,0.5085779220923002,0.09976699930596679
1661,0.005877834006562911,0.27673076666964896,0.4290948574159068,0.2882965419078814
1662,0.0008383981114045045,0.08488438955781072,0.24118020420342257,0.6730970081273622
1663,0.0009432115558119397,0.9222719202497286,0.07620061083004359,0.0005842573644158923
1664,0.002703707576946319,0.32786692004202395,0.5466980492893105,0.12273132309171922
1665,0.0022821680308596046,0.448265888061228,0.5129315704262764,0.03652037348163584
1666,0.0011083974389673014,0.37035534967889816,0.5701200291550284,0.058416223727106316
1667,0.0013294950313760573,0.43689021106986214,0.521426538668976,0.040353755229785696
1668,0.0010316635350534715,0.8869908066003872,0.11059742063265222,0.0013801092319071482
1669,0.0018295972684852734,0.4543477409715657,0.50050290139886,0.04331976036108913
1670,0.0004121569569599275,0.3473260274695507,0.631008602286824,0.021253213286665427
1671,0.000505235063260757,0.27458667686844274,0.6076066777795304,0.11730141028876626
1672,0.004987342530027349,0.8789031806044858,0.11509359745292563,0.001015879412561199
1673,0.0013444141867916311,0.2226585618524462,0.5066191231810195,0.2693779007797426
1674,0.0011280079054991415,0.9513219161844958,0.04726413676010727,0.0002859391498977857
1675,0.0003256027751570586,0.9885628895861014,0.011037263231159276,7.424440758234662e-05
1676,0.0010343663116253738,0.5339347180059788,0.44258867979016303,0.0224422358922328
1677,0.0013213200944280933,0.5775372884919886,0.40585529416257177,0.015286097251011587
1678,0.0013829201731430413,0.7676490292792628,0.22768810677087672,0.0032799437767175774
1679,0.0007674181817740717,0.7474339669144692,0.24931625423610287,0.002482360667653807
1680,0.005304092156089079,0.9377064071057701,0.056449928614820725,0.0005395721233201567
1681,0.0007543109936279891,0.5358637039816504,0.4561644465942855,0.007217538430436064
1682,0.004321984817025297,0.5105296691221717,0.4219065108534926,0.06324183520731042
1683,0.0023634959488361,0.7523090107024186,0.2405327730977045,0.004794720251040773
1684,0.0008094412041068997,0.12854565170980767,0.44509544447285904,0.4255494626132264
1685,0.0028280962931408657,0.9101026306781235,0.08576730336544203,0.0013019696632936457
1686,0.0024038276953576828,0.8908868529145051,0.10555378468940042,0.0011555347007368615
1687,0.003346220613211221,0.9248911612781435,0.07119909317214276,0.0005635249365024759
1688,0.000374604994781538,0.060927452307205976,0.36389070436042553,0.574807238337587
1689,0.00037044633409746277,0.0905821731351282,0.4760007872496319,0.4330465932811425
1690,0.011836606886634507,0.48263441650796113,0.4549330151115914,0.05059596149381295
1691,0.006768701077259212,0.6320105119725317,0.3515681143149242,0.009652672635284916
1692,0.0004891521232362041,0.32261045739666366,0.6397445207891961,0.037155869690904036
1693,0.0014368046644180042,0.4893825212958004,0.4946042909142222,0.014576383125559412
1694,0.0006668800302411309,0.41057378746548745,0.5702612764559812,0.01849805604829021
1695,0.0006212119051919231,0.9560194907557951,0.04283560114865037,0.0005236961903626205
1696,0.0004647906577453009,0.9723366095197076,0.026989178081057597,0.0002094217414895788
1697,0.0004205142261917959,0.9881614238626784,0.011339654151375146,7.840775975473721e-05
1698,0.0016737932994050646,0.4366126222210712,0.49524056803299943,0.06647301644652429
1699,0.004634433225309062,0.40764246344079047,0.4885090813726011,0.0992140219612993
1700,0.0010856265471588648,0.2554286484480496,0.5812096988508899,0.16227602615390155
1701,0.0008347101877637533,0.8377930547967858,0.15862620711184253,0.00274602790360797
1702,0.0006873195225524506,0.2355031276710791,0.6253411849287474,0.13846836787762115
1703,0.0015446638957011323,0.253224861951802,0.5522991961708708,0.1929312779816263
1704,0.0018834279471337935,0.5523308877976343,0.4220470598264975,0.023738624428734513
1705,0.0019088277176524393,0.22468973033436085,0.4716846960534749,0.3017167458945118
1706,0.0007139239325342529,0.6677150658070827,0.32789723207311006,0.003673778187273023
1707,0.00042378645503254913,0.15931201055061464,0.5857611659076203,0.25450303708673266
1708,0.0001612331461476,0.9524010399508632,0.04713944173079117,0.000298285172198029
1709,0.0002181995961228342,0.9645185479094185,0.035070699230426966,0.00019255326403175074
1710,0.0023592560485520804,0.8755831175689712,0.12039429345775113,0.0016633329247257161
1711,0.0015132880762037026,0.17152452153019382,0.4745300894848682,0.35243210090873434
1712,0.0012934666323980793,0.12346206288375733,0.3251818252053864,0.5500626452784583
1713,0.0010721812760500458,0.9876306148489354,0.011196517524901283,0.00010068635011331236
1714,0.00037098839281345347,0.3209417137068833,0.645793816166542,0.03289348173376126
1715,0.00022169157904436068,0.9684580257981091,0.03107532823868247,0.00024495438416407064
1716,0.0025008950535496265,0.9410243359202594,0.055695072305346205,0.000779696720844764
1717,0.0004027790189460183,0.35810112153459833,0.6186051909697999,0.022890908476655657
1718,0.0010410763338893363,0.28897535112118083,0.6078671374210812,0.10211643512384849
1719,0.0012442104686442399,0.6546809377092205,0.3373253647840581,0.006749487038077236
1720,0.011662700289802798,0.7521200422379879,0.2239624111416958,0.01225484633051352
1721,0.0008561866538649132,0.8337065476735929,0.16384391370978846,0.0015933519627538
1722,0.00019206307913111715,0.031579109750892134,0.16500758466389293,0.8032212425060838
1723,0.0017116225356773823,0.22605070287895312,0.5149718779285029,0.2572657966568666
1724,0.0031464547329463667,0.28992004633978496,0.5056770270528739,0.20125647187439474
1725,0.002480371979741778,0.3234693424462757,0.5316634550144274,0.14238683055955528
1726,0.001437193156123266,0.5892484915875467,0.39472125996220164,0.014593055294128425
1727,0.0006448119038761893,0.8109844161786126,0.18679966365488476,0.0015711082626263867
1728,0.0009280519875890671,0.24327751874768722,0.5912760261297666,0.16451840313495705
1729,0.0019166809803645942,0.22639385657669103,0.5243740164442973,0.2473154459986472
1730,0.0007905467227695274,0.7073424323867931,0.2854281784918102,0.006438842398627152
1731,0.002052505707181041,0.8090499050739627,0.1854438283697547,0.0034537608491015375
1732,0.0009823590339222061,0.14011399401616548,0.4695974797481114,0.389306167201801
1733,0.003139775424761672,0.38525260205713924,0.4981828610855258,0.11342476143257335
1734,0.001315434187466303,0.21704303713095446,0.5047721105135177,0.27686941816806154
1735,0.0008105638955778175,0.14514813003905877,0.5362047228286001,0.3178365832367633
1736,0.0006114381988649926,0.7956562709200908,0.201462684583273,0.0022696062977712473
1737,0.0012166671845865104,0.36212614553434963,0.5395431146829391,0.0971140725981248
1738,0.0019158440250973507,0.2832224875508642,0.5113741184654821,0.20348754995855642
1739,0.0012150526356554231,0.6575422590744631,0.3340047389538205,0.0072379493360610805
1740,0.0015938256102258042,0.23093389546806903,0.5054113197328123,0.26206095918889294
1741,0.002689371374590465,0.3335444971701689,0.5039526982997808,0.15981343315545987
1742,0.001304170586893797,0.3495637636649773,0.5570788620255005,0.09205320372262848
1743,0.6437855931519174,0.29446537275176565,0.05131448894517785,0.010434545151138983
1744,0.002441790980315593,0.447575119518422,0.4770404618644666,0.07294262763679578
1745,0.0016253724806051533,0.2925109111845962,0.5677420482501031,0.13812166808469553
1746,0.0009263781504203581,0.08433791311212283,0.297170248279205,0.6175654604582518
1747,0.0016142135133947948,0.2307838800005933,0.4917514432370147,0.2758504632489972
1748,0.0018249534378044219,0.9206916032377042,0.07659249834530708,0.0008909449791843937
1749,0.0020058804143536437,0.9345099740108412,0.06273669105701797,0.0007474545177871724
1750,0.0002522262038215315,0.7786497373418134,0.2194063017440982,0.0016917347102669538
1751,0.00032230911089361163,0.924438316025325,0.0746892722655683,0.000550102598213101
1752,0.001860483080113657,0.8274532379074389,0.16880655776547066,0.0018797212469767958
1753,0.0011985533142640375,0.21315592390049704,0.5941568270206476,0.19148869576459138
1754,0.0068228499829803505,0.3943056006083197,0.5293185923605875,0.06955295704811251
1755,0.015194461147363064,0.6532900501953477,0.3166880095901451,0.014827479067144208
1756,0.0013427289835568625,0.31536972470571795,0.5764698562813652,0.10681769002936012
1757,0.004507948679719112,0.7602242728051948,0.23199998021960277,0.00326779829548311
1758,0.00044897014040850224,0.048805362640011285,0.22367494859615386,0.7270707186234264
1759,0.001675827864166723,0.4931473996758255,0.48265898932419293,0.02251778313581484
1760,0.00014551122078981435,0.02085964288287697,0.149586321749906,0.8294085241464273
1761,0.0007351099539323069,0.6784938912618497,0.3168609712649262,0.0039100275192917614
1762,0.0006765112239728031,0.26443619131907503,0.6648834061422361,0.07000389131471622
1763,0.0003787191334111215,0.9885877028061154,0.010948795826780003,8.478223369347426e-05
1764,0.0006636934606331212,0.8974785316868601,0.10109816934210442,0.0007596055104023892
1765,0.000285353732011678,0.7724682307251329,0.2254358976259106,0.0018105179169447638
1766,0.003772736732125414,0.6822328583100448,0.3036046733916693,0.010389731566160486
1767,0.1045221079551717,0.7452994905216724,0.14589830093297007,0.004280100590185827
1768,0.001190409032333284,0.47670755768248013,0.48761831212204215,0.034483721163144486
1769,0.0007146069522332197,0.8407461095874825,0.1569003142281341,0.0016389692321501588
1770,0.0011923448693808864,0.3254454842793043,0.5574491227983605,0.1159130480529543
1771,0.00453822148784057,0.9055606457627208,0.0870162835840641,0.002884849165374589
1772,0.008261834941907638,0.9231042285539985,0.06834175045688719,0.0002921860472065729
1773,0.0026522630187058643,0.4838648050700415,0.4838362840714429,0.029646647839809706
1774,0.0009973173817306666,0.9157871200609786,0.08212552752028857,0.0010900350370021553
1775,0.00034746378717775083,0.9324476635288318,0.06664263648182929,0.0005622362021612481
1776,0.0009152512158101369,0.6080044240150532,0.3880930553908126,0.002987269378324068
1777,0.0003627351319859809,0.4562715755592528,0.5358081993812456,0.007557489927515738
1778,0.0005491189435299349,0.4759295679894576,0.5026142310253447,0.020907082041667642
1779,0.0011137190454867712,0.7812322686414654,0.2132901616208205,0.004363850692227337
1780,0.0033855520032385336,0.7810957603109663,0.2113205713127495,0.00419811637304584
1781,0.0027508714724172913,0.8996334224702787,0.09687422935036,0.0007414767069440332
1782,0.0019872638201280076,0.24978069072367898,0.511823164740109,0.23640888071608407
1783,0.0022637491385073174,0.2675288342321105,0.541934707459427,0.18827270916995517
1784,0.0005216771901497534,0.8989809357554341,0.09927597726403631,0.001221409790379813
1785,0.0005790741647790517,0.8208799826961626,0.17607640852210166,0.002464534616956799
1786,0.0014660327713038493,0.3258207192331392,0.555056823234623,0.1176564247609339
1787,0.0020982570378395805,0.3959315215349118,0.5156141929136331,0.08635602851361572
1788,0.0006447525996571766,0.8869562902522998,0.11190460092620642,0.0004943562218367351
1789,0.0008466164489566979,0.30514751245060956,0.6298304267970523,0.06417544430338161
1790,0.0008767602533371324,0.4866224782958709,0.504834294400301,0.007666467050490976
1791,0.0003470411142453642,0.1355990138784555,0.615677828132694,0.24837611687460512
1792,0.00048090866875211076,0.0832984321688716,0.3426231962536258,0.5735974629087505
1793,0.0010435318510161383,0.6285413979180379,0.3593706342811161,0.011044435949829942
1794,0.0010219558122476634,0.39951164322746074,0.5492429191741147,0.05022348178617697
1795,0.0009327401110873672,0.809182667957492,0.18622049581942798,0.0036640961119925935
1796,0.0010084442102274564,0.2160922923991888,0.5621974407709992,0.22070182261958465
1797,0.0010016843819965248,0.9076776511105671,0.09019640706303952,0.0011242574443968245
1798,0.0008667101932324703,0.6067019724643157,0.3806526480043033,0.011778669338148529
1799,0.0012985889929732998,0.9402859300120461,0.057990624184068765,0.00042485681091188716
1800,0.0011647542214345053,0.9420218866093758,0.05641365514147541,0.0003997040277143754
1801,0.0003877788102397058,0.10146742568119552,0.5306337454888772,0.36751105001968754
1802,0.0006367351479634868,0.6793720091964797,0.3151515363520608,0.00483971930349609
1803,0.0016944408209465499,0.8026733789599256,0.19291273239019657,0.0027194478289313266
1804,0.0006995505412023182,0.153036387954407,0.5183087145556824,0.3279553469487083
1805,0.0005420520983591966,0.07472775480748663,0.2749351096840163,0.6497950834101379
1806,0.001223601574683945,0.47413804456279485,0.4956102392885544,0.029028114573966823
1807,0.0016214200221953896,0.9520708031045106,0.045464552547668756,0.0008432243256252374
1808,0.002487356896906031,0.38228702832536715,0.5190626950858299,0.09616291969189697
1809,0.0017374688227080185,0.7088736396997797,0.28631980393302764,0.0030690875444847623
1810,0.003938939415746812,0.5055863532870074,0.42751940138918043,0.06295530590806526
1811,0.0002540548210226858,0.587625522830272,0.40884712174409144,0.0032733006046138545
1812,0.0042665964941719535,0.48889054529207654,0.4674167394694753,0.03942611874427622
1813,0.0021316049355777273,0.5550405608111882,0.42719906340295494,0.01562877085027917
1814,0.003973408639427744,0.5376957303471896,0.42540993871336363,0.03292092230001897
1815,0.001373568966527933,0.5451789234752434,0.4370719423153324,0.01637556524289608
1816,0.0008726636840026244,0.8981026754799627,0.0998014499077507,0.0012232109282839876
1817,0.00048295334409199697,0.9737638633269848,0.02549486786718208,0.00025831546174114365
1818,0.0008746674879812256,0.18905934551656797,0.5578213216437077,0.2522446653517432
1819,0.003232745557383872,0.7029700372019634,0.28587627229722823,0.007920944943424515
1820,0.0015699665614325514,0.5878698865174644,0.40340778690666335,0.007152360014439734
1821,0.001690028378196302,0.3589088347001118,0.5556723809158579,0.08372875600583396
1822,0.0006334067491514245,0.14910193796829196,0.6111322531062073,0.23913240217634923
1823,0.0009948216896760044,0.33639893523596576,0.6047241907155327,0.05788205235882546
1824,0.0004999243691214871,0.31352752973787557,0.619867962482835,0.06610458341016805
1825,0.0006863395554391448,0.9244076398821028,0.07437086237884057,0.0005351581836174821
1826,0.00045730431361784844,0.9262530656399663,0.07279099557712862,0.0004986344692871307
1827,0.003656636834973852,0.23164374811629673,0.4519183123785584,0.312781302670171
1828,0.000826633792979154,0.9540493758340325,0.04488843406808288,0.00023555630490551408
1829,0.0034345128222620877,0.5306563749026596,0.4423317605417305,0.023577351733347844
1830,0.0017669707541819858,0.24245867938403481,0.5528264243543412,0.202947925507442
1831,0.001900259786184307,0.7200801249559375,0.27267303698674683,0.005346578271131339
1832,0.002460965363196454,0.5749439862879734,0.3999205963211321,0.02267445202769819
1833,0.0017389602068715877,0.6612549758388235,0.3281568561852808,0.008849207769024049
1834,0.0012953722332752812,0.8611990182505663,0.13565648466238148,0.001849124853777019
1835,0.0006955570434365845,0.8547710283961485,0.14335328649564177,0.0011801280647731377
1836,0.0008557635367236809,0.8655888611065818,0.13142787574374787,0.002127499612946537
1837,0.0016174949121536544,0.2411077694571262,0.5774953002598062,0.1797794353709139
1838,0.005850898115478588,0.8231843302310276,0.1689554262126371,0.0020093454408568016
1839,0.0008469592943728241,0.7484452151352264,0.24657894734422753,0.004128878226173265
1840,0.0033452366961018738,0.39311554947711613,0.5595172887083109,0.044021925118471125
1841,0.0023326802687044144,0.6367277105772345,0.34565891349833416,0.015280695655727016
1842,0.003322566297621385,0.5103779200441482,0.46097888666944364,0.025320626988786683
1843,0.0011937070341750137,0.4178837086031351,0.5418381752191196,0.03908440914357033
1844,0.00011246015473155471,0.9666113205608413,0.03293835099719333,0.00033786828723386214
1845,0.19672201106434725,0.5953873393673629,0.19257104608618086,0.015319603482108982
1846,0.0006040575971184844,0.8161495474566492,0.18125368191716087,0.0019927130290714316
1847,0.0014672905112600482,0.4489975289305587,0.5116507897069795,0.03788439085120176
1848,0.0014930323105988472,0.9198469384006064,0.07800143441094529,0.0006585948778494978
1849,0.0031947828691998095,0.228295131651374,0.45754552499991835,0.3109645604795078
1850,0.001884250793379515,0.18908744075341505,0.4483882056853234,0.36064010276788205
1851,0.0005631530457526273,0.9692466667659192,0.029989235813159515,0.0002009443751687562
1852,0.009820729179223059,0.8606994039466564,0.12830140730899664,0.0011784595651239064
1853,0.0006172635822265072,0.10743145669678694,0.3871884944676436,0.504762785253343
1854,0.0007399207158129302,0.08860778855660079,0.31861728453406224,0.592035006193524
1855,0.0012035745010052993,0.7088242683873114,0.2867768479323334,0.0031953091793500772
1856,0.000741926705398287,0.29527568008237903,0.5981082551545795,0.10587413805764306
1857,0.0005761257654194777,0.9051571721633913,0.0935870712134516,0.0006796308577377101
1858,0.00046086634290821917,0.8034065985631683,0.19457777559331674,0.0015547595006067492
1859,0.0006094742905356786,0.85086591964298,0.14702925005805445,0.001495356008429918
1860,0.0004160504920653706,0.12061991971190217,0.5567802725714176,0.3221837572246149
1861,0.0007300403812880617,0.38829849757773804,0.5873550014623139,0.023616460578660108
1862,0.0002682570027001782,0.05512670597432746,0.31684328605958445,0.6277617509633879
1863,0.004273634636497142,0.4489509167147608,0.4653790252232502,0.08139642342549196
1864,0.0034154533937381473,0.7226912638699838,0.26061924767373623,0.013274035062541788
1865,0.003167147248814957,0.24114280805225274,0.47166639289031453,0.28402365180861777
1866,0.004096716302909678,0.8766839289700883,0.11786993621099458,0.0013494185160075824
1867,0.0012852330063940916,0.7507291123403654,0.24506951141201183,0.0029161432412286633
1868,0.0011152454895418597,0.6911736979563842,0.3005175507644091,0.0071935057896647375
1869,0.0020764820867604965,0.3076269884737204,0.5335715237159018,0.15672500572361736
1870,0.001283588344338572,0.9194456032704801,0.07802532912098067,0.0012454792642007072
1871,0.0023985125572610947,0.7734893647467898,0.22073453172369564,0.003377590972253565
1872,0.001690363474549424,0.3228115071443156,0.531498981398192,0.14399914798294297
1873,0.00022089547766675736,0.9662250071518459,0.03335894153316214,0.0001951558373251566
1874,0.0010868478624002412,0.586627662778804,0.3975924158272263,0.014693073531569551
1875,0.001078132287815049,0.1964691442333943,0.5491167822343234,0.25333594124446734
1876,0.0007326966159047312,0.9273238276062847,0.0708863149925108,0.0010571607852998116
1877,0.0012766060434771887,0.18838048510355956,0.4823724416936536,0.3279704671593097
1878,0.0010444419576076146,0.15480482219823025,0.4481634415856114,0.3959872942585509
1879,0.0032931481059117916,0.9414032235422581,0.05478573314244641,0.0005178952093836902
1880,0.009474313608669396,0.38908015939739615,0.4397167951578698,0.16172873183606468
1881,0.017165670779971713,0.760300492993059,0.21175838522266965,0.010775451004299667
1882,0.0007818891216400012,0.9720715753822168,0.026932887608139593,0.00021364788800362983
1883,0.001286728445417845,0.1786490366199813,0.4602194440088192,0.3598447909257816
1884,0.0008213513822163491,0.45582661333396923,0.528281833867893,0.015070201415921497
1885,0.005534200853835441,0.9107506427608855,0.08287862286800907,0.0008365335172699686
1886,0.0004764889703962195,0.10191541870692426,0.38558146633574275,0.5120266259869368
1887,0.0009028630125825271,0.33675095180670206,0.584939722321218,0.07740646285949745
1888,0.0005733129417926325,0.9060655913110147,0.09260599514315154,0.0007551006040409628
1889,0.00044693217515791333,0.9148563936998413,0.08405149676910101,0.0006451773558997329
1890,0.0029534635977263566,0.8642959330157596,0.13136377230662258,0.0013868310798916214
1891,0.0005167569604531444,0.6575382333586567,0.33779683661546317,0.004148173065426945
1892,0.0022756214409644987,0.20046033088034632,0.4860672010467635,0.3111968466319257
1893,0.00367304227406998,0.5564155120871492,0.4149323057248564,0.024979139913924378
1894,0.0013369261326188365,0.8394808059265123,0.15744642751628224,0.001735840424586616
1895,0.000866838359780278,0.9613771053650677,0.03750298738410725,0.000253068891044687
1896,0.0025550374807861245,0.9351375407163594,0.06184558096121385,0.00046184084164058436
1897,0.0005436261093089049,0.16245806573157778,0.5405328457851244,0.29646546237398885
1898,0.00019100683513310264,0.9924863449210396,0.007252587940098983,7.006030372833148e-05
1899,0.001245288097764311,0.5843264740765354,0.40278128164362864,0.011646956182071686
1900,0.0007632826347064678,0.9173228013277392,0.08081076436372311,0.0011031516738312258
1901,0.00042693135934942367,0.9768330687591784,0.022399121516294283,0.00034087836517788725
1902,0.00220661927690226,0.2902030835399121,0.5170727762418466,0.19051752094133914
1903,0.002833332811379319,0.17294544964004693,0.3890905374367033,0.4351306801118705
1904,0.0016663013056613758,0.3236711475923151,0.5835493149012702,0.09111323620075344
1905,0.0006829116703539797,0.08177128000390317,0.3273037664072337,0.5902420419185093
1906,0.0012157291408305439,0.43028442795811517,0.5387498789589785,0.029749963942075852
1907,0.0008639255581152097,0.43060341079115644,0.5359660832863663,0.032566580364362094
1908,0.0012460877603257614,0.30824713535546855,0.611261995938005,0.07924478094620072
1909,0.003282820535651509,0.2848626384406506,0.5310228432072064,0.1808316978164915
1910,0.00415720062447851,0.2172944164074654,0.4617793923514507,0.31676899061660535
1911,0.0007475841526640329,0.22745750862626476,0.6315233398133229,0.14027156740774835
1912,0.0004692461882268201,0.6792743113247831,0.31621233661225107,0.004044105874739071
1913,0.0007693623785908783,0.8927388024969491,0.10529588293339125,0.0011959521910686706
1914,0.01033052899393255,0.36860521669364765,0.4371947730638234,0.1838694812485964
1915,0.00023058324623882157,0.0265722338233879,0.14580172506378733,0.827395457866586
1916,9.496729727783958e-05,0.011020125739370733,0.05528078606138202,0.9336041209019694
1917,0.0003382054745127165,0.04995822665109562,0.2054437599390523,0.7442598079353394
1918,0.004346398449096859,0.5534700757747528,0.39491138154249406,0.04727214423365622
1919,0.0035505205502269184,0.3265084243564259,0.5096908378304706,0.16025021726287653
1920,0.0012037686721403052,0.9677186888977245,0.030886221748971335,0.00019132068116378692
1921,0.0012779984437586184,0.7741491762995304,0.2179297985616346,0.006643026695076445
1922,0.0016269116847041543,0.6667379135508299,0.3223404318195525,0.00929474294491341
1923,0.0016310849809533941,0.6700449267345813,0.3189414008845713,0.009382587399894171
1924,0.0005499953130245355,0.5846604327360789,0.4081678278583588,0.006621744092537683
1925,0.0012952229438145963,0.27735594624149146,0.5744173757663016,0.1469314550483924
1926,0.0006092876084474199,0.061382547472686635,0.21940444063076386,0.718603724288102
1927,0.0005949977396098674,0.04922920445071925,0.17831231861467886,0.771863479194992
1928,0.0011529177033991742,0.255793270374388,0.6044802449322355,0.1385735669899773
1929,0.0007594120339014161,0.12893966829655185,0.39993499761636514,0.47036592205318156
1930,0.000718353921380492,0.9566834172124173,0.04201638600939992,0.0005818428568022108
1931,0.004225940693156551,0.45106117308851984,0.4499134430339689,0.09479944318435472
1932,0.0016360283549910037,0.6679091056615305,0.32057536754813354,0.009879498435345005
1933,0.0020154426583484375,0.19953060510886786,0.4711722537366865,0.3272816984960973
1934,0.000650957431220617,0.21356818405185807,0.6604562061858837,0.12532465233103757
1935,0.0006059889378093473,0.423434148971635,0.5610414251200148,0.01491843697054087
1936,0.0025978509144117447,0.6824868443396218,0.3005410251976103,0.014374279548356135
1937,0.016192067156241236,0.8517136566589191,0.12719493649206523,0.0048993396927744645
1938,0.002814160762546631,0.4959766044362902,0.4558144411520464,0.04539479364911679
1939,0.0009071853887771349,0.34947844737569467,0.6074568491508581,0.042157518084670165
1940,0.0006763522457423493,0.23460131807543722,0.6591119544640487,0.10561037521477178
1941,0.0003384349927538742,0.9181051541308145,0.08095488335128823,0.0006015275251434166
1942,0.00158688313250876,0.9622978458373608,0.03567038292494451,0.000444888105185974
1943,0.0006057984652982687,0.9815899702373756,0.017644473753799954,0.00015975754352617224
1944,0.0006649221639857955,0.8139759651317489,0.18160684040581077,0.003752272298454537
1945,0.0009796543073406975,0.16095266290281465,0.4786532018458885,0.3594144809439561
1946,0.00040687725838075444,0.9500834819211519,0.04918603311225211,0.00032360770821522687
1947,0.0006327239469218864,0.8863430261746548,0.11203315535278544,0.0009910945256377704
1948,0.0009217778288630228,0.19440516800968094,0.5853815227523542,0.21929153140910182
1949,0.003689212896387512,0.6499533517216207,0.33597445751535465,0.010382977866637211
1950,0.009437014673084108,0.5928526875998493,0.3694759108039667,0.028234386923099826
1951,0.0010912680282446792,0.15269295371003347,0.49846103592231467,0.34775474233940723
1952,0.0006235415703670992,0.896319819655057,0.10224829424693054,0.0008083445276451373
1953,0.00046018790302564236,0.057127784816238106,0.23521166525482956,0.7072003620259066
1954,0.0003498068562495528,0.9541930146636696,0.04513911127700634,0.0003180672030745873
1955,0.0002215452770132007,0.9674801207957731,0.032102987364823345,0.00019534656239038992
1956,0.000649918733676792,0.9570136332393921,0.041881355438186454,0.00045509258874464357
1957,0.0012537981301395163,0.5130790435718993,0.45739889301811476,0.02826826527984644
1958,0.0028409548575167973,0.6009576969970093,0.3871939456100863,0.009007402535387692
1959,0.0011230995068667988,0.21668910163969346,0.591997209371048,0.19019058948239168
1960,0.0009786588897530842,0.5813688380499488,0.4054897543825507,0.01216274867774736
1961,0.002059537158188707,0.9476345083236797,0.0499720346841647,0.00033391983396689176
1962,0.0026526776362089566,0.47429162081087745,0.4913859985816294,0.03166970297128421
1963,0.0014264920284280617,0.9719554036841639,0.026464166042914912,0.00015393824449319062
1964,0.0006857460411240212,0.4883530935372438,0.4989844614184725,0.01197669900315963
1965,0.0006457102339268179,0.943048613692436,0.05587608769315198,0.00042958838048518097
1966,0.0008817224660021762,0.9702687319226261,0.028333639908009627,0.0005159057033621697
1967,0.0013471742992521552,0.20074708940658764,0.5146149582242001,0.28329077806996006
1968,0.0018092045620570838,0.9090270800896764,0.08791620988865666,0.001247505459609815
1969,0.0024493721239072378,0.2473259377701057,0.4496826242083928,0.30054206589759425
1970,0.00030468738537468344,0.8396635401657677,0.15840067405020986,0.0016310983986477451
1971,0.00026178025534567037,0.9745334198318332,0.024986214238235514,0.00021858567458570493
1972,0.0040037911237802695,0.9549445260124513,0.04069365905746316,0.00035802380630537935
1973,0.0013630154264497566,0.16435889296299955,0.5134732832321457,0.320804808378405
1974,0.0005517968945117493,0.9221575267237437,0.07521539330078235,0.0020752830809621916
1975,0.008003670553007738,0.3696908572069796,0.49869010793720414,0.12361536430280859
1976,0.001738378190364025,0.8220029841015366,0.1742811264978515,0.001977511210247824
1977,0.0013251386098502322,0.157929715248076,0.5082193447696568,0.33252580137241694
1978,0.0011069615834712607,0.4929879734696245,0.48285191106074066,0.0230531538861635
1979,0.0013955617926224065,0.4367614232772618,0.5281854883083509,0.03365752662176489
1980,0.0012155187126377256,0.20657828491786126,0.5416029941355157,0.2506032022339854
1981,0.00020877503489331295,0.019857370667733923,0.1054300441565681,0.8745038101408047
1982,0.00040251992459573434,0.9038746897359242,0.09460054572824833,0.0011222446112318313
1983,0.0008318274393877611,0.9812307494898305,0.017813998093628887,0.000123424977152819
1984,0.005491321542743344,0.33731554235946415,0.4879263049798277,0.1692668311179648
1985,0.002245511107437883,0.9379203580840361,0.059466110081911217,0.00036802072661481816
1986,0.0018139203876031949,0.843224921242627,0.1536257430627851,0.0013354153069847132
1987,0.0016121602452981074,0.6517269443442244,0.33949638036201163,0.007164515048465931
1988,0.0010742229820966775,0.1416089709590924,0.4594302653175781,0.39788654074123286
1989,0.0006744013918962258,0.18177436104791267,0.5719916026258178,0.24555963493437333
1990,0.0009726430967695848,0.22957760125017504,0.5922375323122497,0.17721222334080566
1991,0.00033856499959744103,0.05148299288732015,0.2619560105064499,0.6862224316066325
1992,0.0013007377360603452,0.1687705316526593,0.5432878087362488,0.28664092187503154
1993,0.001975877913089459,0.23697185737808765,0.5407477708321914,0.22030449387663154
1994,0.0027455508157513938,0.5124832773357216,0.437894790042454,0.04687638180607297
1995,0.00032538959927945997,0.6573182288198026,0.3386685421780112,0.003687839402906747
1996,0.00033506797747204144,0.41250684893880996,0.5731926774662108,0.01396540561750709
1997,0.0060635255269464484,0.4941544034609885,0.44914100041730504,0.05064107059476006
1998,0.0017278029070302717,0.4336317902080339,0.49603517661494445,0.06860523026999142
1999,0.0015570520884897391,0.18383013609698376,0.4488117933196767,0.3658010184948498
2000,0.2087816545705234,0.7118245813862947,0.07729026581086518,0.0021034982323167644
2001,0.0016532600814881731,0.23345300824744736,0.5018011189156703,0.26309261275539414
2002,0.0025740947170135036,0.5785036285556727,0.3992823095274041,0.01963996719990969
2003,0.00608883100970897,0.7553524676593136,0.23419875043518362,0.004359950895793936
2004,0.001539650777410621,0.36984996973004647,0.568097446655035,0.06051293283750779
2005,0.00041536196910664904,0.048439525810266906,0.3145155372461892,0.6366295749744373
2006,0.01922017991841947,0.38581898168082474,0.4790986221057806,0.11586221629497516
2007,0.40803435229031276,0.4397415834020884,0.14023096099826582,0.011993103309333052
2008,0.0027113244885869038,0.7635523498109809,0.2306238467260531,0.0031124789743791127
2009,0.00024311687765976028,0.6892538743979095,0.3072252402458776,0.003277768478553118
2010,0.0015846841253693528,0.6353241645270185,0.353136905710405,0.009954245637207119
2011,0.00037764556183226503,0.33868301388136784,0.6441112553740226,0.016828085182777376
2012,0.6777220328620169,0.2705370100750313,0.049174318763756365,0.0025666382991954657
2013,0.2435330988838449,0.6843417967984551,0.07047779358346055,0.0016473107342393392
2014,0.0010090667712748965,0.4441407592808073,0.5244314300934222,0.030418743854495514
2015,0.0018223657305225839,0.20907650198918923,0.5012627048116052,0.2878384274686831
2016,0.006937049397410392,0.23787428640063146,0.44847217535550177,0.30671648884645636
2017,0.0007897952563967053,0.24096966948809567,0.6480891248742957,0.11015141038121191
2018,0.0032920541386458955,0.47286349506024566,0.5062550641986627,0.01758938660244578
2019,0.23469036494516404,0.5033447375362691,0.2479279382760629,0.014036959242504001
2020,0.0012481729262043325,0.3558670657889195,0.5808332511133566,0.06205151017151947
2021,0.002771346705307778,0.7081034492242677,0.28149959075851694,0.007625613311907585
2022,0.4177110363432541,0.43842229554934875,0.1314342797992688,0.012432388308128305
2023,0.3337162925946041,0.4623060043659562,0.1806561550199309,0.023321548019508923
2024,0.5315019738611815,0.35799652678734317,0.10017616867513984,0.010325330676335528
2025,0.0060862553980186775,0.6062859079577991,0.36828378908450304,0.019344047559679212
2026,0.0010601178235754346,0.9005555094570152,0.09778788811597691,0.0005964846034325185
2027,0.009077151302280147,0.6106507724023155,0.3675019252256634,0.012770151069741045
2028,0.0008015114899431916,0.35593197306487095,0.6181597288618134,0.02510678658337265
2029,0.0008333406151535727,0.09439018927087331,0.3988314198576241,0.5059450502563491
2030,0.0005260926509669448,0.9041423925086843,0.09459322436595224,0.0007382904743964795
2031,0.01380211611874407,0.5779310235625719,0.3830585563110057,0.02520830400767833
2032,0.0016694776308293958,0.9257308105221128,0.07214147465737138,0.00045823718968650474
2033,0.008578447829670455,0.8023710654484961,0.18569032131156615,0.0033601654102673405
2034,0.04337606194374908,0.8955056641901407,0.060273253262432366,0.000845020603677932
2035,0.14503463330222036,0.7901659838167371,0.06367840952471464,0.0011209733563279911
2036,0.0543638063922863,0.8859615017327351,0.0590645712659029,0.000610120609075585
2037,0.0014519162307367831,0.8443593351979543,0.15285999586593485,0.001328752705374128
2038,0.003354775523156647,0.7455444164638801,0.24784525879723213,0.0032555492157311386
2039,0.0021909992884652264,0.7608878074070138,0.23268553481298213,0.00423565849153891
2040,0.2179816338716427,0.7191025734046704,0.061555578010924865,0.0013602147127620512
2041,0.07423147143215557,0.7631519708597087,0.15896252911790168,0.0036540285902341104
2042,0.0021155183487412835,0.2314683309127084,0.5487701420276128,0.2176460087109376
2043,0.0006996733249595005,0.044826731186633814,0.23336526654883177,0.721108328939575
2044,0.0008695955889497734,0.28056910015729863,0.6069259424478766,0.11163536180587494
2045,0.0012445619422349462,0.3345099101107224,0.5662614752452828,0.0979840527017599
2046,0.01678622870507543,0.6986761425934568,0.2657104965303012,0.01882713217116666
2047,0.0009411083429170617,0.10807356603472745,0.4373179430147033,0.45366738260765227
2048,0.0030422935909402956,0.19468841161772601,0.5377319833543894,0.26453731143694426
2049,0.010687569998343874,0.37326066038184424,0.46109485473303413,0.15495691488677776
2050,0.0024637652052455243,0.5782130890279993,0.40539622735129743,0.013926918415457746
2051,0.00731038459638006,0.6902495004071277,0.28799165518938813,0.01444845980710405
2052,0.002850360371584273,0.8483775260857167,0.14631759692962107,0.0024545166130781055
2053,0.001748013742966243,0.9474069784423778,0.05049879458327878,0.00034621323137722917
2054,0.0020341418980245065,0.3693641765854974,0.5591168466133918,0.06948483490308631
2055,0.004883173599037105,0.6034277937129284,0.37579479851924513,0.015894234168789288
2056,0.944313984737317,0.042366773472063135,0.011787610003663766,0.0015316317869560497
2057,0.548825253213886,0.3749790022056097,0.0738055921252476,0.002390152455256794
2058,0.0022001061068109107,0.5161589823154354,0.45989618352898953,0.02174472804876418
2059,0.07484582911102534,0.8627528852759605,0.06141488139116513,0.0009864042218490207
2060,0.027039706266110443,0.5908509063080781,0.3400081762676522,0.0421012111581593
2061,0.8852918309163593,0.08783015508574145,0.022268623799432015,0.004609390198467277
2062,0.0003479633979362498,0.8025166204680851,0.19617780087350287,0.0009576152604757655
2063,0.06935217194470358,0.5818006633941408,0.31228199402987894,0.03656517063127667
2064,0.18696407891371492,0.49263637969819385,0.2833535194185812,0.03704602196951004
2065,0.056772416415225,0.4960410177433754,0.3956657308446294,0.05152083499677027
2066,0.0003002579076743807,0.044945308611612764,0.4129643865059689,0.541790046974744
2067,0.0015271891541188858,0.15935415595345528,0.570603223812618,0.26851543107980796
2068,0.3374545897303379,0.6249974003341539,0.03688629767706832,0.0006617122584400447
2069,0.03807900317320339,0.9102466449450077,0.05097944792968718,0.0006949039521014787
2070,0.0027244712372018415,0.22536433765232233,0.5268266188985558,0.24508457221191998
2071,0.0014583365279789416,0.31870283364760343,0.6001232912678112,0.07971553855660635
2072,0.0008572382917578183,0.3769902142671528,0.5875659534503423,0.03458659399074702
2073,0.0003145976309434287,0.15197354682543907,0.817437322172498,0.030274533371119468
2074,0.017643226443771216,0.658377010791476,0.3109311482314682,0.013048614533284451
2075,0.02329177359258273,0.6581679037074804,0.2932136849045618,0.02532663779537513
2076,0.013225677637789018,0.7569683737217412,0.22400745612276746,0.005798492517702411
2077,0.0007584392553701359,0.7451348184456821,0.2512982525016646,0.002808489797283229
2078,0.013876574413484829,0.7631292305170511,0.2167746468285153,0.006219548240948915
2079,0.8283216947625027,0.12216779262525365,0.04310595090372206,0.006404561708521472
2080,0.0015353506418870724,0.8432153722671655,0.1536745539328274,0.001574723158120156
2081,0.0037318030555973745,0.5720948071769832,0.4060503606351964,0.018123029132222995
2082,0.0026826294917259123,0.6361333071702292,0.35516793505845284,0.006016128279591982
2083,0.0013661645671162277,0.23642340331619432,0.5727704494996252,0.1894399826170643
2084,0.022944722901953856,0.5685334873875061,0.3575255164549783,0.05099627325556188
2085,0.0072924696173856446,0.4703809567584858,0.45931166397978146,0.06301490964434711
2086,0.0008891960071303806,0.1079313012408602,0.49501161412912975,0.3961678886228797
2087,0.0076412684136941255,0.37926464603388693,0.5033114609800167,0.10978262457240237
2088,0.007393386152413826,0.29099909856473877,0.554298742536996,0.1473087727458515
2089,0.0025708784033534418,0.6821720389159882,0.308429200972904,0.006827881707754335
2090,0.002403259793605766,0.9133064315722021,0.08351906359810898,0.0007712450360831017
2091,0.0025429342544077077,0.8440672270823268,0.15122030102840117,0.002169537634864223
2092,0.0005707790617784993,0.2109795809128715,0.7440424023692581,0.04440723765609188
2093,0.001133436322961251,0.3663164526996221,0.5735322346307807,0.059017876346635925
2094,0.008079411477312457,0.5423405289760275,0.4173411316106019,0.03223892793605819
2095,0.012197661663383425,0.8791077521956188,0.10711121636537219,0.0015833697756255662
2096,0.000777507030798031,0.798617242201122,0.1995427426958391,0.001062508072240919
2097,0.002941514397027263,0.8286275293396828,0.16664005551318722,0.001790900750102711
2098,0.00026429201767961733,0.6092690367125511,0.3877042443257678,0.002762426944001581
2099,0.0027799879448359996,0.36865124503175517,0.518031588754527,0.11053717826888187
2100,0.0019095866456735233,0.37084161203780075,0.5350634885721937,0.09218531274433206
2101,0.49552296311168487,0.4213553980848119,0.07823659710158543,0.004885041701917868
2102,0.18483874312389698,0.6447118708152652,0.1607393716338872,0.009710014426950712
2103,0.08622276211006137,0.8638187144046698,0.04906857823866269,0.0008899452466060839
2104,0.0011229953084389817,0.7377458542509553,0.2567542811045447,0.004376869336061193
2105,0.009582350750379342,0.528988161300266,0.41619759456202143,0.04523189338733319
2106,0.002488350241899309,0.8363551154389411,0.15799060921322672,0.003165925105932856
2107,0.0011386464976385327,0.9023408384049895,0.0954891346835642,0.001031380413807917
2108,0.0012887299095594791,0.22282390063160257,0.6486808888193059,0.1272064806395321
2109,0.004489615842354203,0.300060908293569,0.5296715637744948,0.16577791208958198
2110,0.0032363442598340193,0.3660951400045593,0.5673706321484117,0.06329788358719503
2111,0.00036724700716573677,0.9633400576544822,0.036106821847488355,0.00018587349086368103
2112,0.0025190636215299276,0.9198810663516012,0.07689675149534908,0.0007031185315197828
2113,0.004383535844332622,0.8824813370019563,0.11119814638843296,0.0019369807652781948
2114,0.026205445859368043,0.8338600032467514,0.1352516517333013,0.004682899160579355
2115,0.02961583097547877,0.8989675952171515,0.07038063317808124,0.0010359406292884377
2116,0.7112162003710035,0.2635079398051019,0.023697849363277193,0.0015780104606173866
2117,0.4512606456822283,0.4586399600016189,0.08724344193758353,0.00285595237856923
2118,0.0004397721439635078,0.14698747044103322,0.7253883435364896,0.12718441387851367
2119,0.0069673670421700265,0.26083207340533665,0.5319242128461599,0.20027634670633343
2120,0.001629467666830454,0.6340584221063896,0.3594435838610661,0.0048685263657137845
2121,0.0006171060907780819,0.3694910720556333,0.6059011996043938,0.023990622249194946
2122,0.016428524007701777,0.6247055857819123,0.3392803248231063,0.01958556538727952
2123,0.001613032744967471,0.3439375326515307,0.5725660660364802,0.08188336856702164
2124,0.07827683395283987,0.736551694127445,0.17925871449745343,0.00591275742226169
2125,0.012399066679074736,0.6118416527567355,0.35543426571202225,0.02032501485216751
2126,0.001165649208882246,0.5451122245986658,0.44620632567743584,0.007515800515016073
2127,0.0006102443124429022,0.4483533660789875,0.5426229952258664,0.008413394382703124
2128,0.9681609536751048,0.024482516043988323,0.006001312761358784,0.0013552175195481895
2129,0.22472160275940864,0.6646560651238945,0.10550339303386892,0.005118939082828061
2130,0.5774753399349671,0.37133872868179096,0.04822073357807513,0.002965197805166832
2131,0.0022858024133077214,0.29568610615721796,0.5874780185722962,0.11455007285717811
2132,0.18444358795941998,0.6600268997776519,0.15164747749377547,0.0038820347691526976
2133,0.006122269308742434,0.6202295850967365,0.3595014541847158,0.014146691409805278
2134,0.00071319687967745,0.6539691931151914,0.3407745399668718,0.004543070038259413
2135,0.02847704099593321,0.9290089682136407,0.04218620496201954,0.00032778582840662317
2136,0.005163202354881481,0.8679194704634431,0.12593990137242075,0.0009774258092547124
2137,0.009042460137579984,0.8759055089423776,0.11379733499197278,0.0012546959280696109
2138,0.0008518773222532956,0.45343587566684573,0.5235827028646886,0.022129544146212363
2139,0.0012295384648569445,0.05217985234155984,0.17062797771189667,0.7759626314816865
2140,0.8887731152893467,0.0802932651793795,0.026702312821606445,0.004231306709667477
2141,0.8307220712904643,0.13173403734669648,0.03287366698294378,0.004670224379895501
2142,0.006870409866982331,0.45094534497811334,0.4745955099022892,0.06758873525261509
2143,0.0009942447313302173,0.1337173035433013,0.525761376340873,0.33952707538449545
2144,0.009417634009385402,0.35634696674749605,0.4874303802435107,0.14680501899960785
2145,0.00027246462439380645,0.7429262427879215,0.25479470555186023,0.002006587035824523
2146,0.0009522755607623974,0.7145946428896542,0.27903433340986356,0.0054187481397198894
2147,0.0004020674724043902,0.8948784643714096,0.10362405560066514,0.0010954125555209609
2148,0.49756358226499925,0.3724553334579894,0.11793119309586327,0.01204989118114812
2149,0.05314430636446717,0.7308423083404522,0.2027515666032077,0.013261818691872887
2150,0.0007581904103244995,0.6000710592342379,0.3934162741986703,0.005754476156767181
2151,0.0029682595819260525,0.25235215288138724,0.5688438355444366,0.17583575199225004
2152,0.017727501006844105,0.758528609169956,0.21907546703045527,0.004668422792744735
2153,0.0003964978133194341,0.8074822935207542,0.19141918640427225,0.0007020222616542275
2154,0.02363417896174705,0.5445073170193324,0.3707808618543959,0.06107764216452469
2155,0.005302706918473335,0.7485136273914156,0.24245663766807352,0.003727028022037563
2156,0.0008276590857306512,0.16852783093110982,0.7063459990156411,0.12429851096751847
2157,0.006813933719660709,0.3289226653718648,0.48172602400942743,0.1825373768990471
2158,0.001002519623745772,0.1578783963288859,0.5523523749513488,0.28876670909601954
2159,0.0016150184582881285,0.38204799361281694,0.5707091163052076,0.045627871623687394
2160,0.0007252701026776708,0.8737226067636572,0.12461553922635035,0.0009365839073148451
2161,0.000952738629131354,0.9281093988846354,0.07049225194808098,0.0004456105381523294
2162,0.07760350923549508,0.5765904707570155,0.3242388974397971,0.021567122567692297
2163,0.010615440575926395,0.36102886189663774,0.5423195202046162,0.0860361773228198
2164,0.0011803312376234263,0.31240934031599277,0.6164752782174585,0.06993505022892531
2165,0.013826702351922298,0.38882733856340546,0.47254228258663544,0.12480367649803678
2166,0.745728167519245,0.18906999765707033,0.059206241899517474,0.005995592924167102
2167,0.1888131048648296,0.47647771680003936,0.280731940458672,0.053977237876459014
2168,0.0006165777644076417,0.04956522003945548,0.2087345240421579,0.741083678153979
2169,0.000684148173095604,0.1364472648728055,0.6118249854152898,0.25104360153880906
2170,0.05750097174577856,0.7634901043949281,0.17357878799885537,0.005430135860438083
2171,0.056006102812645536,0.809190179234506,0.13051042133635263,0.004293296616495867
2172,0.0009968564476162298,0.1175147024245686,0.5213897843143747,0.36009865681344055
2173,0.003626014934106221,0.33364839132224156,0.511367947643522,0.15135764610013028
2174,0.0020689910421726634,0.4446162206614176,0.5162737486888263,0.037041039607583495
2175,0.0014207418392929204,0.25374211366014526,0.6235755181077812,0.1212616263927807
2176,0.0017827339046786275,0.5227086003346391,0.4459866009866069,0.029522064774075464
2177,0.003110552211282163,0.5762774295946579,0.40155624366461407,0.01905577452944588
2178,0.04929079803390333,0.39365522578489015,0.3697558890810995,0.187298087100107
2179,0.004789755118870045,0.9176546249796096,0.07705343753206392,0.0005021823694564537
2180,0.0027411074801263805,0.21775033684096506,0.49441210476902114,0.28509645090988744
2181,0.004445351298850351,0.2692209093343189,0.5322375663269772,0.19409617303985355
2182,0.19322126019925076,0.5824492198594232,0.20366311071123197,0.020666409230094177
2183,0.0033537125321767523,0.4537111779629476,0.48597585805770005,0.05695925144717573
2184,0.009008977622731973,0.9287758570186715,0.06159262902365212,0.0006225363349444264
2185,0.014152071006762197,0.9720958501442071,0.013621048709235773,0.0001310301397949899
2186,0.0017468261144521686,0.5359453150388905,0.43157856869231875,0.03072929015433859
2187,0.0025020127080256772,0.8325677154963231,0.16234296193131936,0.002587309864331862
2188,0.0014384230150217049,0.6691576262843499,0.3221280415172405,0.007275909183387803
2189,0.0018043092548438544,0.4299541053148285,0.5360157735941059,0.032225811836221696
2190,0.1449589601884715,0.7259082892770117,0.12584303007418948,0.0032897204603273686
2191,0.41054235503713665,0.5137571650391067,0.07230769606844235,0.0033927838553144025
2192,0.1727206120917863,0.7411846271270601,0.084223548675634,0.0018712121055195585
2193,0.28782182292149633,0.6397903533610483,0.0686220607309305,0.0037657629865249283
2194,0.010639661764018593,0.7176868152897701,0.2637865159965181,0.007887006949693324
2195,0.0018399360622754247,0.1422374062815342,0.5325527306771934,0.3233699269789969
2196,0.7758696994519194,0.20119206669735223,0.021363274704555194,0.0015749591461730948
2197,0.9829832196345716,0.013637000802840787,0.00287983830565864,0.0004999412569289617
2198,0.0695223975186047,0.7161605713393933,0.20527726853649336,0.009039762605508796
2199,0.10633365287744938,0.6851769565988616,0.19637571916559213,0.012113671358097088
2200,0.9645473096708437,0.02722422787674527,0.00685333509943117,0.0013751273529799461
2201,0.005705450396430814,0.5491803869152017,0.4209355229676074,0.024178639720760203
2202,0.9292197722510284,0.056047289063711,0.01314322759333667,0.0015897110919240061
2203,0.0029555113360482613,0.8984574767915119,0.0977823269488913,0.0008046849235485526
2204,0.0012055897873572466,0.4582053176861024,0.5273347740487854,0.013254318477754944
2205,0.001056782186510384,0.23256929407543117,0.6431410639383734,0.12323285979968497
2206,0.0024904883248431835,0.2745399641188747,0.5428569000189206,0.18011264753736161
2207,0.0003901308566120683,0.17652250565233812,0.7940087790530985,0.029078584437951298
2208,0.03149935515575822,0.9547506131719258,0.013614180293123676,0.0001358513791923964
2209,0.0010297102600796838,0.9810515003139224,0.01783917000718378,7.961941881399572e-05
2210,0.0023197999184933855,0.20689125074976294,0.5660136656979732,0.22477528363377056
2211,0.9527955162497753,0.03960279311668407,0.006538361601196757,0.0010633290323436469
2212,0.0023656223691392152,0.13447896968454237,0.43003349974669514,0.4331219081996232
2213,0.00010338197930099085,0.007709761995269832,0.053024268097338276,0.9391625879280909
2214,0.0018861375058173045,0.3413898638744233,0.6151546715075492,0.04156932711221028
2215,0.847225828434989,0.13150995731160559,0.01959593787850713,0.0016682763748983435
2216,0.0009685044125964669,0.9322023040542796,0.06631379524624963,0.0005153962868743885
2217,0.009737081765750766,0.8476969970486536,0.1401011865438652,0.002464734641730495
2218,0.0012507970680236393,0.5566295522754179,0.4335289920195098,0.008590658637048613
2219,0.001442664295524886,0.2998436496643707,0.613847245439928,0.0848664406001764
2220,0.9598465717757205,0.03191965643079738,0.007069593432207286,0.0011641783612747966
2221,0.9677612448843382,0.026477765667914252,0.004946629149773473,0.0008143602979738905
2222,0.00371494152565936,0.3008430546693333,0.5296391837059558,0.16580282009905167
2223,0.001884236645411451,0.20592066513926505,0.5048862078163007,0.2873088903990228
2224,0.015151235749489301,0.5361652226185768,0.40326920421971874,0.04541433741221504
2225,0.0012056753295845253,0.08397108834791639,0.3378975308603349,0.5769257054621642
2226,0.0014719807510987536,0.596559438704637,0.3957679361284442,0.0062006444158199696
2227,0.0007312690594102336,0.12031020600790585,0.5367428841972878,0.3422156407353962
2228,0.02179039017221914,0.4120340668608402,0.45319988436210823,0.1129756586048325
2229,0.021664480024329056,0.4923877633352531,0.4334100748998478,0.05253768174057008
2230,0.0010574246646434544,0.18780925474388344,0.6442617816722236,0.16687153891924955
2231,0.004395957778581736,0.8585099721730161,0.13516997712007112,0.0019240929283310944
2232,0.10893613413014566,0.5587866261687731,0.2896140616234756,0.04266317807760571
2233,0.00866066510635297,0.8485196352800513,0.1411904651988558,0.0016292344147399735
2234,0.01815258313105866,0.898859290294779,0.08190679341313285,0.0010813331610294255
2235,0.0875188186238771,0.6932509227973678,0.20846728258184666,0.010762975996908473
2236,0.8815671538376848,0.10716103799613103,0.010652778303281674,0.0006190298629024158
2237,0.001196422062605422,0.8938640664468567,0.10422667397906343,0.0007128375114745252
2238,0.0013518415276313307,0.17305986546355268,0.5016709171924532,0.3239173758163628
2239,0.000964054899590347,0.42370706418807197,0.5423485715719585,0.032980309340379224
2240,0.002543353890121053,0.8958366330540812,0.1009318868311817,0.000688126224615957
2241,0.1285177677977054,0.5624218753349597,0.2784417830031571,0.030618573864177795
2242,0.012471434756254675,0.9049058252477596,0.08147402898481843,0.0011487110111673645
2243,0.02604350182253469,0.9547961852160625,0.01895649059571937,0.00020382236568346445
2244,0.0010533451365749942,0.502231398048391,0.4763380571336089,0.020377199681425186
2245,0.000473739520235593,0.8345281097972701,0.16421103947572815,0.0007871112067660454
2246,0.0034809549722768177,0.21724653324058374,0.47295584042529526,0.30631667136184415
2247,0.0022669285884707817,0.9169570688331058,0.08006704628031107,0.0007089562981124327
2248,0.0021635328884167786,0.3677822669932367,0.5630229707311971,0.0670312293871495
2249,0.0013926388087125425,0.6222764632172848,0.3668462126610943,0.009484685312908425
2250,0.004626709541718032,0.5843270140165523,0.387084305919198,0.023961970522531517
2251,0.0015129977577984276,0.47651787382977207,0.49702811096876653,0.024941017443662936
2252,0.0037400888386380643,0.26330791850513535,0.5700473737729165,0.16290461888331015
2253,0.01087532080091262,0.39161695134398583,0.48132305164006167,0.1161846762150399
2254,0.8715840881037655,0.11532245106659948,0.01233103070811819,0.0007624301215169109
2255,0.31510487684777366,0.5280995715756573,0.14105612091094888,0.01573943066562013
2256,0.00811071758051214,0.9445952826861466,0.04693330375682604,0.00036069597651514534
2257,0.0047140362837440365,0.8466741095493773,0.1464325036823926,0.0021793504844859596
2258,0.7384596998971471,0.22340523960621644,0.036602601559430216,0.0015324589372062406
2259,0.2304791880230886,0.6888177798004813,0.07781247263807245,0.002890559538357691
2260,0.004674149370704602,0.8791615773045406,0.11419327816079866,0.0019709951639559384
2261,0.9288369090704378,0.06236945769442421,0.008116022690304847,0.0006776105448331422
2262,0.0022697658759175355,0.31154695096752505,0.5806808949216813,0.10550238823487608
2263,0.0004979399130534843,0.0861194896903798,0.5321962088503341,0.3811863615462327
2264,0.031263656456310955,0.5349693234090962,0.392437007458688,0.04133001267590501
2265,0.011133269734736119,0.40472093377269025,0.516896710537634,0.0672490859549398
2266,0.0009424391590335699,0.884213727672571,0.11405488962609328,0.0007889435423021553
2267,0.004395190794839991,0.5836443418959699,0.3928816907241539,0.019078776585036185
2268,0.9577055089136552,0.03210535830643326,0.009089860514491663,0.0010992722654198227
2269,0.291214294247629,0.6232967031240597,0.08268810326755349,0.0028008993607577517
2270,0.03537224512120242,0.5302942369512005,0.3984529634700431,0.03588055445755406
2271,0.03270806798726244,0.561020020178644,0.3766318283687407,0.02964008346535263
2272,0.07477692602570986,0.5723832224277091,0.30245204793441616,0.05038780361216484
2273,0.0006400994944058217,0.07544043853627881,0.35959552843601206,0.5643239335333033
2274,0.004741386297860457,0.2615886118189187,0.5166799845486545,0.21699001733456647
2275,0.0004957038325910095,0.036559876861316946,0.19134321191486858,0.7716012073912235
2276,0.00638908751879302,0.1656899827593845,0.3266325655843654,0.501288364137457
2277,0.0005645740040672458,0.030649215833241712,0.09832222837394197,0.8704639817887492
2278,0.014276940187567802,0.4142569991766253,0.4567164474340687,0.11474961320173821
2279,0.0005570766123544777,0.8851193293541324,0.11382902721573081,0.0004945668177823219
2280,0.4350603867194609,0.4480217721727012,0.10353801417961325,0.013379826928224616
2281,0.8404537299859977,0.13669450470032507,0.02077711946421362,0.00207464584946376
2282,0.010723732213034829,0.3554452748219217,0.5059158234709893,0.12791516949405418
2283,0.0012471821686207522,0.3135913367284533,0.6426415655578122,0.0425199155451139
2284,0.007547697237900163,0.8789875105882464,0.1116841882871165,0.0017806038867369605
2285,0.0016708820369399726,0.8467961349305126,0.14908930946670274,0.00244367356584452
2286,0.21080635354330843,0.6718102116256998,0.113632837735344,0.003750597095647756
2287,0.01880851346828898,0.6692090474467605,0.29755191285678745,0.014430526228163165
2288,0.006824867393600352,0.2827413670525424,0.5160724035351354,0.19436136201872187
2289,0.002377732127308156,0.36641931059669297,0.5636783390412037,0.06752461823479525
2290,0.0020253373068152137,0.7058198803966439,0.28293917193905066,0.0092156103574903
2291,0.18466747943003478,0.6847679403480832,0.12624297303875692,0.0043216071831251885
2292,0.011699821924278936,0.3094398759161668,0.5049737871136892,0.1738865150458652
2293,0.003916053977234423,0.3056269116719572,0.5828215920146992,0.10763544233610922
2294,0.005751436225248473,0.9242269137581234,0.06940504276019313,0.0006166072564351009
2295,0.001036951025274908,0.879317387265087,0.11889105359790422,0.0007546081117338419
2296,0.010203596438560366,0.630166416193759,0.3425094852069238,0.017120502160756786
2297,0.0007622569431069038,0.32668993479492947,0.6190683882701855,0.05347941999177808
2298,0.0014242887477434196,0.7959936329207408,0.200446873305989,0.002135205025526806
2299,0.0040971566481789136,0.7626714847926552,0.22971775884305237,0.0035135997161135526
2300,0.000866255044393512,0.48834538531244526,0.4954320118433261,0.015356347799835217
2301,0.0008900275998612072,0.7648858258474417,0.2321278906572502,0.002096255895446886
2302,0.008234378215929195,0.4304444747924616,0.49766690554973175,0.06365424144187748
2303,0.01854869995438754,0.6297536512295644,0.31290962922396753,0.03878801959208046
2304,0.001148548664110631,0.1878161253185435,0.590677319815159,0.22035800620218696
2305,0.002604496403348556,0.19206547350862255,0.5107717242834927,0.2945583058045363
2306,0.0029347010598370325,0.8028891219718102,0.192793597545784,0.0013825794225687971
2307,0.0008509609224555338,0.9134574585375859,0.08494767383864153,0.0007439067013170746
2308,0.4554256484113546,0.4482003524016184,0.08947973031751014,0.006894268869516977
2309,0.0031104122059978957,0.9440218691512816,0.052486450673136106,0.0003812679695844211
2310,0.012954037203086058,0.42805380275253024,0.4543793372458519,0.10461282279853182
2311,0.02447130582279531,0.48427029949739125,0.41491031228402603,0.07634808239578743
2312,0.023457049351603476,0.7504494585015328,0.22120469132331988,0.004888800823543615
2313,0.08655959966805908,0.7641299759155623,0.14632836230911994,0.002982062107258699
2314,0.0007711643454201523,0.7695266004539549,0.22813123621414516,0.0015709989864797782
2315,0.011678221221863724,0.2750183807652381,0.4445592678831604,0.2687441301297377
2316,0.011451231327569918,0.5987227237255103,0.35761236710326805,0.032213677843651756
2317,0.0034208196917209607,0.9282084129612951,0.0678919748009103,0.00047879254607358725
2318,0.0105772005013201,0.6013394238334487,0.3703160178730444,0.01776735779218682
2319,0.003953156744934701,0.36581947509715984,0.5187959511298954,0.11143141702801015
2320,0.008562735800753752,0.7399223620932437,0.24641932715292744,0.005095574953075127
2321,0.0008162032310699732,0.4347813669621994,0.5477974851935746,0.016604944613156043
2322,0.0020782436490222565,0.22961362479485573,0.5514816686539084,0.21682646290221375
2323,0.0008291048994916375,0.2589043162309945,0.6585097216873758,0.08175685718213803
2324,0.803445729172927,0.15418549468835047,0.03708397342115461,0.005284802717567985
2325,0.08306295560354383,0.7962295089294626,0.11845080193815763,0.0022567335288359836
2326,0.002593589877203083,0.09516481647547312,0.2688670545682296,0.6333745390790941
2327,0.34214336536986345,0.6214965336789644,0.03550122455130933,0.0008588763998628864
2328,0.000649304948845449,0.4573244456130037,0.5287437096991005,0.013282539739050487
2329,0.0051164068241475675,0.5925849350628617,0.3813020901064346,0.02099656800655592
2330,0.13683582304293157,0.47765282123606523,0.3039474030427001,0.08156395267830316
2331,0.0008186017379092786,0.1915562373372443,0.6636737493918294,0.14395141153301694
2332,0.011988823107206614,0.5345376947283997,0.4066221736244009,0.04685130853999277
2333,0.003712476924140405,0.3153297095629038,0.5711166974381408,0.10984111607481517
2334,0.000844380520672585,0.5809817389081097,0.40727793410388347,0.010895946467334282
2335,0.00019192137300655027,0.22348059275934823,0.7683716799639126,0.007955805903732611
2336,0.9128942534063603,0.07309070525091681,0.012354364270827822,0.0016606770718951215
2337,0.9810706131886003,0.015626367570684065,0.0027591051348857375,0.000543914105829959
2338,0.055390842522551643,0.3973881256652871,0.3724561257198492,0.17476490609231196
2339,0.0013297236912702879,0.4879425474754341,0.4831816362126562,0.02754609262063937
2340,0.010135318258860493,0.36278583462826997,0.4870469874948428,0.14003185961802678
2341,0.0006019699396754687,0.4927664715376747,0.4881821301419653,0.018449428380684453
2342,0.013265411367899138,0.7918023129438501,0.18831812926446811,0.006614146423782663
2343,0.754555524331482,0.20171467502320473,0.03954960291253937,0.004180197732773845
2344,0.03389568490447231,0.43423923845874846,0.41472784721834677,0.11713722941843252
2345,0.00404239921105197,0.815957113685151,0.1777058220863662,0.0022946650174308766
2346,0.9642920018186205,0.02886960162821296,0.005862284214722923,0.0009761123384436478
2347,0.9628057349085981,0.029069305690607943,0.006821029766299043,0.0013039296344949283
2348,0.0010794582708621245,0.7285270809064667,0.2679841025897513,0.002409358232919853
2349,0.011599126313295504,0.37485445053366223,0.47697666822716317,0.13656975492587917
2350,0.007804497922338579,0.4800172368446265,0.46247057600743563,0.04970768922559936
2351,0.2574230106992206,0.4824939383693322,0.23289423586776772,0.027188815063679494
2352,0.0007738361167932245,0.07916599923817727,0.4062748470096387,0.5137853176353908
2353,0.0002654115272415889,0.6941592814307356,0.30236352468186956,0.003211782360153255
2354,0.011704753516348459,0.6309028363653112,0.3389586612739566,0.01843374884438373
2355,0.0011170185866465601,0.23448892625328163,0.7018026191498806,0.06259143601019125
2356,0.006451429913210516,0.45424271983118336,0.4915582584054745,0.047747591850131464
2357,0.008310176057586573,0.45053773345043513,0.511210196404732,0.029941894087246398
2358,0.01105054999199875,0.41517957913959713,0.4850023527302353,0.08876751813816888
2359,0.25202138704260557,0.45246690060492323,0.2441863098653823,0.05132540248708883
2360,0.017780118964737433,0.8804210692785406,0.09928765632062603,0.0025111554360959286
2361,0.038058837137692016,0.4457071218464823,0.3983181304277891,0.11791591058803658
2362,0.006197376966444042,0.3909121082401662,0.4955485620255365,0.10734195276785331
2363,0.003037460270448663,0.2644380631907894,0.5875098459205648,0.14501463061819722
2364,0.0014847763474405144,0.6261318753740959,0.36474021045006133,0.0076431378284023774
2365,0.017880856383158762,0.6245674613536363,0.34075232944708256,0.0167993528161225
2366,0.0025020310260621993,0.2345044004023115,0.5750926061655958,0.1879009624060306
2367,0.0010436155318176309,0.13498641116862511,0.5253262008710079,0.3386437724285494
2368,0.00030936771115237007,0.7150984272704944,0.28191152949976067,0.0026806755185924585
2369,0.004081819635553262,0.5444001462389638,0.42666471811352524,0.024853316011957713
2370,0.005661799675638089,0.6695618494469806,0.31556503188023766,0.009211318997143725
2371,0.0011613525193064213,0.5414529523170271,0.4517520383657296,0.005633656797937016
2372,0.0008995299884322777,0.2840846276697201,0.6366534222446112,0.07836242009723637
2373,0.0033994776205685745,0.352859455913491,0.5724421716072016,0.07129889485873886
2374,0.04416444259320407,0.6395287778292631,0.29912657565060313,0.017180203926929743
2375,0.002361150783554977,0.8100048486191662,0.18605697459483655,0.0015770260024424098
2376,0.7707452474871581,0.20385527929794445,0.024009445386634524,0.0013900278282628778
2377,0.007121106338719352,0.8092105483882424,0.18152122816088814,0.002147117112149997
2378,0.0019583829397909285,0.7637752586447574,0.23007734418553433,0.004189014229917477
2379,0.0036176851236031345,0.683415654977951,0.3051103620631044,0.007856297835341577
2380,0.001472742175558902,0.7732479634165356,0.2208629215683868,0.004416372839518658
2381,0.0018778505240078817,0.2548776052976781,0.5621158841485885,0.1811286600297256
2382,0.8988750777065738,0.08104868117422111,0.017468630264611935,0.0026076108545931365
2383,0.03350099625535669,0.5834609751263575,0.3453120396231221,0.03772598899516382
2384,0.0005922622996532231,0.12039584692037544,0.6155294089936469,0.26348248178632444
2385,0.005627513976609891,0.42571285261105085,0.497587452313891,0.07107218109844826
2386,0.004761560789006033,0.6867324857276141,0.30076323629809076,0.0077427171852891205
2387,0.00034549992795806063,0.21461530656004155,0.7211903110672655,0.06384888244473486
2388,0.0022843080222195,0.08802783278494225,0.330095466227209,0.5795923929656293
2389,0.0027701889710882023,0.16551204305036687,0.43271411022576844,0.39900365775277646
2390,0.0010180777623185076,0.7245046424875361,0.2709034760727132,0.0035738036774323034
2391,0.002680627056174778,0.8452474778603796,0.1505332950647919,0.0015386000186537185
2392,0.004788276707250139,0.32280858966832193,0.5279442752346151,0.14445885838981284
2393,0.000866328327466681,0.6911296342504449,0.30384324298912146,0.004160794432966908
2394,0.5085048949094586,0.44818852313611257,0.041854937612266635,0.001451644342162247
2395,0.8422173132196819,0.1518178086340352,0.005709297469190683,0.00025558067709233374
2396,0.8618761924770802,0.12168359956289444,0.015071486995443454,0.001368720964581869
2397,0.0002606514290449817,0.9578192218986377,0.04166664788990726,0.0002534787824101238
2398,0.006566758608678929,0.3219230567807388,0.4953593913348392,0.1761507932757431
2399,0.0020731926503291887,0.8721143410970879,0.12475837488750274,0.0010540913650802428
2400,0.01377685599938222,0.8981189274619537,0.08729458373756631,0.0008096328010979558
2401,0.15787711489070624,0.7883553356098685,0.0527239215802183,0.0010436279192068197
2402,0.15724281484843528,0.7212907535119647,0.11710555706692583,0.0043608745726742715
2403,0.012149584723942683,0.7271351533203615,0.25283751147624667,0.00787775047944917
2404,0.001924785036982772,0.24629663538415725,0.6278521643316527,0.12392641524720735
2405,0.008145788217004393,0.5873025312361981,0.37163940613377433,0.03291227441302314
2406,0.1084657575057669,0.6176897492605247,0.2616809742347527,0.012163518998955746
2407,0.0023749216620291315,0.7152805901864177,0.2786872698140376,0.003657218337515611
2408,0.0011387265013688347,0.6893164449445832,0.3028616661832805,0.006683162370767511
2409,0.0070568737934522015,0.41533413084805715,0.4798096043863559,0.0977993909721347
2410,0.025651474748210813,0.5881428207259958,0.36374566308249745,0.022460041443295987
2411,0.4163187477747934,0.4737706016782957,0.10246169199629546,0.0074489585506154355
2412,0.0017302081339751218,0.2786666858055377,0.5784941478861703,0.14110895817431696
2413,0.0015292220464093733,0.21866689773743345,0.6322762885837422,0.14752759163241508
2414,0.006513201018908885,0.3412673329174435,0.5488420546020116,0.10337741146163598
2415,0.5957849560308167,0.2849596512657923,0.11035735357609618,0.00889803912729493
2416,0.01242028237173115,0.5236806639052394,0.42362756599317486,0.04027148772985466
2417,0.19943774284078844,0.41375705464713575,0.27491591624868217,0.1118892862633937
2418,0.038427328742586635,0.7745313258101229,0.18275594328112824,0.00428540216616237
2419,0.0012530379246082227,0.8291124097071161,0.16813053670651754,0.0015040156617581605
2420,0.01222587555358204,0.8017828937086178,0.18401461922387669,0.0019766115139235436
2421,0.020851053345581915,0.9395426123808552,0.03915637272996522,0.0004499615435976992
2422,0.006344818220387279,0.9338304019878569,0.05913554444447798,0.0006892353472778595
2423,0.06326368041106967,0.8393330698812083,0.09495368118782875,0.002449568519893306
2424,0.003690485858393131,0.2089004448261776,0.5285563871795587,0.25885268213587065
2425,0.008279409754809553,0.46988264917290307,0.45253748320936943,0.069300457862918
2426,0.0035577346805822072,0.6793401209072826,0.30675279128179395,0.010349353130341384
2427,0.003489901426780696,0.3399345315754179,0.5594876633695586,0.09708790362824295
2428,0.0007988099814113232,0.09442329641348518,0.3507600231021849,0.5540178705029186
2429,0.0016069337081884485,0.21563226526650214,0.5805765903213387,0.2021842107039707
2430,0.004876418737726542,0.32620076442146284,0.5016460607723119,0.16727675606849873
2431,0.005552117213326134,0.46226644565980124,0.4511659365422334,0.08101550058463922
2432,0.01920736645464994,0.8122049191258092,0.1628788991047895,0.00570881531475127
2433,0.004118935574536858,0.957041420530658,0.03855215053742628,0.0002874933573788921
2434,0.0014003171812422368,0.0859888493647334,0.2931934345505284,0.6194173989034961
2435,0.009655853080384873,0.4803811313807338,0.4300872331911294,0.07987578234775183
2436,0.002676152506371593,0.46579700137841906,0.48340038799125107,0.048126458123958216
2437,0.001759189918349077,0.6646085382335354,0.32474744363785335,0.008884828210262208
2438,0.0031717583973607023,0.44748151008843506,0.5149680881186214,0.03437864339558283
2439,0.004726814213543712,0.6267768522983298,0.35214507350093605,0.01635125998719048
2440,0.057379502468938165,0.8187108019300651,0.1212116332360187,0.002698062364978011
2441,0.21289110720872323,0.723603798116739,0.06070947101901844,0.00279562365551925
2442,0.014614107373120362,0.4323704325802451,0.43133099711891587,0.12168446292771867
2443,0.03095346078023641,0.8035243946731812,0.15782916612112483,0.007692978425457631
2444,0.005213886297906877,0.5126118976674403,0.4494726976225097,0.0327015184121432
2445,0.0029431990661956723,0.23596259385605983,0.5379113556439645,0.22318285143377992
2446,0.003740743033644097,0.4710460766229505,0.48136328365115966,0.043849896692245864
2447,0.004332064512627933,0.6267139713766758,0.35388040011336375,0.0150735639973326
2448,0.006991947804712445,0.1638747251820256,0.36865636882247926,0.46047695819078277
2449,0.0029381402467532755,0.20771842804840676,0.5154409954121781,0.27390243629266187
2450,0.0073560250559602585,0.4298055406552671,0.4998707887558087,0.06296764553296397
2451,0.0024691922505241937,0.7595933590672217,0.23361612280702693,0.004321325875226966
2452,0.008671578172308852,0.31219698122297335,0.4884565278246802,0.19067491278003756
2453,0.004016767204072043,0.24102277099041575,0.4987409859820455,0.25621947582346677
2454,0.8108930590348706,0.1714511777564524,0.016485634217120935,0.001170128991556027
2455,0.6568386697497528,0.3125460022518209,0.029360181650966446,0.0012551463474598673
2456,0.0011141697214796117,0.6195576813201287,0.3746666979219348,0.004661451036456896
2457,0.00019311174042211708,0.4720925774682335,0.5222331522013148,0.005481158590029524
2458,0.0003391327772967157,0.5067435645208171,0.48825770213273534,0.00465960056915085
2459,0.022181857401950382,0.7721206659998031,0.2012972464651027,0.004400230133143942
2460,0.06592559219329192,0.6302346001726008,0.276354247381832,0.027485560252275335
2461,0.010915229816946788,0.7557810244981126,0.2274532421475308,0.005850503537409831
2462,0.0026671941945685166,0.6272341422502683,0.35554556074850185,0.014553102806661326
2463,0.1879152412006332,0.7274509482887923,0.08183317163888687,0.0028006388716877114
2464,0.00013313580401509616,0.9704876987182555,0.029225057541388988,0.00015410793634055496
2465,0.001443142121435609,0.5114452986340069,0.47086816587536107,0.016243393369196474
2466,0.01623928675669164,0.9088586086769813,0.0740015672898605,0.0009005372764666031
2467,0.009677203710187997,0.9397391998769804,0.050210311011835596,0.0003732854009960282
2468,0.04383009347255819,0.8320944091758027,0.12185848274132224,0.002217014610316855
2469,0.014376167870150872,0.8842919749503988,0.10038543697364627,0.0009464202058040723
2470,0.006957189104482155,0.697693164478683,0.27884529057531204,0.0165043558415227
2471,0.0004186277062386716,0.8522854453100047,0.145526922762578,0.0017690042211786403
2472,0.0051219158133832,0.8980897844201762,0.09596124588353931,0.0008270538829013601
2473,0.0029356729102622894,0.870798301638203,0.1249499982314231,0.0013160272201115787
2474,0.010690042264955476,0.694377774648123,0.28414756753477877,0.010784615552142792
2475,0.07254596025845933,0.6898252689710784,0.22491849226184102,0.012710278508621333
2476,0.001512100566194971,0.23461404278897474,0.5822564178152806,0.1816174388295497
2477,0.00013934046741123347,0.018539092548223144,0.1765691561752661,0.8047524108090995
2478,0.004895366018048164,0.530377578726427,0.44910653651237603,0.015620518743148881
2479,0.02548845113276071,0.7445327902649679,0.22118623661877562,0.008792521983495944
2480,0.04712319795135067,0.6682511925154292,0.2714657410814965,0.013159868451723613
2481,0.0007402490386111533,0.726408074788979,0.2683527021102075,0.00449897406220235
2482,0.002323169402085579,0.12564115578698437,0.37788305495058616,0.49415261986034387
2483,0.16523187242551085,0.38686009277891337,0.2983330334494804,0.14957500134609542
2484,0.47857804457193903,0.4558533968227882,0.06373218755040433,0.001836371054868464
2485,0.026043007524336154,0.7979379880589343,0.17227538285906044,0.0037436215576690714
2486,0.003938267590262346,0.4446310899559757,0.49770711693847225,0.05372352551528976
2487,0.004624094602461778,0.2196572496609343,0.4903486919995924,0.2853699637370114
2488,0.0002727996231207833,0.12444438900700559,0.8293357058382526,0.045947105531621124
2489,0.0036208886180529335,0.5950088765374738,0.3902739375550485,0.011096297289424737
2490,0.26576616772586864,0.58319075785461,0.13986437544581592,0.01117869897370526
2491,0.9522570188704846,0.03790324454746545,0.008229943974580552,0.0016097926074693705
2492,0.0009986129625228616,0.5762563502092558,0.4142294014998048,0.00851563532841657
2493,0.0004746291872455553,0.7498373227890991,0.24706174669264194,0.0026263013310134737
2494,0.0019559007575717002,0.5428580167873267,0.44038807944091773,0.01479800301418397
2495,0.008076135000036738,0.7007145813782638,0.28173104806225474,0.009478235559444744
2496,0.6325340032029009,0.2615932725704858,0.09102174980283774,0.014850974423775684
2497,0.008024455006029482,0.7227753093463171,0.25655148688684004,0.012648748760813483
2498,0.0016073088001615473,0.9053092370307667,0.09244542616003175,0.000638028009039789
2499,0.001354216338469045,0.2294872072962697,0.5982905874067752,0.1708679889584861
2500,0.001392316556246073,0.5163924022730244,0.46654237321247666,0.0156729079582529
2501,0.006361694518747995,0.31058815852946337,0.507786259513201,0.17526388743858767
2502,0.02030952327010297,0.6667162957360867,0.30456697387684856,0.008407207116961836
2503,0.09109367342915367,0.6631604040950445,0.23331453021484627,0.012431392260955592
2504,0.058445525873128054,0.4771545794145073,0.3793792987667118,0.08502059594565287
2505,0.10543087749422267,0.5441753035156596,0.3090964835568838,0.04129733543323396
2506,0.0011052893721651214,0.84289105824568,0.15434601931720318,0.0016576330649516824
2507,0.00022995389825502006,0.8727603958716776,0.126265242896524,0.0007444073335433716
2508,0.5790976308676858,0.34837262300706634,0.06890041084821058,0.003629335277037325
2509,0.014503778320133753,0.7477478502140393,0.22794717618446267,0.009801195281364321
2510,0.002290334156461493,0.10042146355948703,0.27414087637079865,0.6231473259132528
2511,0.06587382524063883,0.4660592087442349,0.36944546738687084,0.09862149862825546
2512,0.006351565529374624,0.8839908382142805,0.10848875176815403,0.00116884448819077
2513,0.0013661652435482067,0.18076197463142696,0.3877943341422089,0.43007752598281596
2514,0.0006557277449548263,0.7926580187561075,0.20446826680406813,0.002217986694869571
2515,0.009954371833790778,0.8783046539259485,0.11041848250046976,0.0013224917397910104
2516,0.005551933165175372,0.2778094775457547,0.4758121952577788,0.24082639403129114
2517,0.0012597071488548869,0.6151796015260128,0.37331394273634944,0.010246748588782831
2518,0.004921072568578801,0.8862540815548298,0.10783497112696293,0.0009898747496286063
2519,0.0005109838210352639,0.5811219533872519,0.4097291214207632,0.008637941370949689
2520,0.0035098878601069563,0.4544472111198934,0.4888958545131513,0.05314704650684832
2521,0.013641375768974796,0.6161151774027734,0.3404425260588519,0.029800920769399837
2522,0.0043922226470454965,0.8862190600481812,0.10865035261717887,0.000738364687594497
2523,0.006013752471220115,0.862439677274106,0.12973204162280852,0.0018145286318653866
2524,0.008491046427362675,0.6717979800365923,0.3107030592853084,0.00900791425073665
2525,0.012013803351927598,0.568034813175858,0.3973805518499103,0.022570831622304156
2526,0.2567738124761244,0.5259876146816203,0.19786314516795428,0.019375427674301005
2527,0.0012162671041234723,0.40518499415417264,0.5635083576055655,0.03009038113613833
2528,0.028252491164698197,0.23544728818390692,0.38001961044362,0.3562806102077749
2529,0.962617572561283,0.027566595407020025,0.00804023234588008,0.0017755996858169819
2530,0.0012637362378318446,0.2865016050643543,0.6354847739919987,0.07674988470581527
2531,0.00064598845803963,0.354978400290328,0.6053377909860329,0.03903782026559938
2532,0.004774759052261719,0.746602880376356,0.2460994844087557,0.002522876162626575
2533,0.026578033154950102,0.8210902988875806,0.1498063787517917,0.002525289205677607
2534,0.00089276671329021,0.8364498384942471,0.16114633175921167,0.001511063033251003
2535,0.005194000358500617,0.6681078104575757,0.3163093757676053,0.010388813416318319
2536,0.025431920634527726,0.8285676330213989,0.14423208395595088,0.0017683623881225735
2537,0.17172440070228098,0.6965142670988144,0.12747914240185776,0.004282189797046985
2538,0.004684300876030669,0.8348921351971166,0.1588872395414802,0.001536324385372532
2539,0.0013604016883284266,0.46747257230727585,0.5220400590284895,0.00912696697590627
2540,0.0010366573963185937,0.8462964684020855,0.15127022903403972,0.0013966451675560924
2541,0.9587466343597412,0.03050203633795678,0.009203489088694622,0.0015478402136074407
2542,0.020481472374360238,0.6010368398000538,0.34361395699656017,0.03486773082902582
2543,0.03504758867499306,0.7807352173225062,0.18050251170955964,0.0037146822929412975
2544,0.04904386076083533,0.5913691152383733,0.32302740787524464,0.03655961612554669
2545,0.000961532402061027,0.5075773912460132,0.47431423510954357,0.017146841242382343
2546,0.7294511132429922,0.22910467667869833,0.038316222432631226,0.0031279876456782
2547,0.02433485694986713,0.7656737428231907,0.20501124969329348,0.004980150533648739
2548,0.0007671730873856399,0.06252311555595241,0.22591774684034321,0.7107919645163188
2549,0.0076540243064160155,0.3734102601995338,0.5184507317505739,0.1004849837434763
2550,0.04895159371631845,0.5344617112084584,0.3739215505530505,0.042665144522172786
2551,0.18780292308981453,0.5699639276389935,0.21560860767771645,0.02662454159347559
2552,0.004633414647439291,0.41190403076330134,0.506984800294287,0.07647775429497233
2553,0.011401297744924115,0.7060073095854578,0.2617940003009824,0.020797392368635863
2554,0.3361426550506396,0.5270942689553586,0.12802429112347874,0.008738784870522914
2555,0.0036823041192373977,0.12331755040396977,0.32081230187341,0.5521878436033829
2556,0.4589378264013313,0.5004773123014685,0.039323802309659615,0.001261058987540615
2557,0.4416389481924419,0.48407753425748845,0.06989656784160347,0.004386949708466139
2558,0.014902549688134512,0.9230941681408155,0.06106969301215169,0.0009335891588982918
2559,0.010507689102719509,0.9334625086746483,0.055306205797574635,0.0007235964250575952
2560,0.016084316781241503,0.5416922524913426,0.39171923585813395,0.05050419486928187
2561,0.03137705747947897,0.525379467424387,0.38280642523282926,0.06043704986330477
2562,0.09208598893715858,0.7594204909929687,0.14509096032768903,0.003402559742183668
2563,0.0035487183798668565,0.3617660885666712,0.5181535835651271,0.11653160948833477
2564,0.002927857495724389,0.4132636961866778,0.5335844954486624,0.050223950868935475
2565,0.000220517970077683,0.904047566908948,0.09534110757972869,0.00039080754124548914
2566,0.003110794295314929,0.47619032189300114,0.4825507712156783,0.03814811259600568
2567,0.001113535531721719,0.49520289014205165,0.48991024086076074,0.013773333465465904
2568,0.001073867033685777,0.42638790498252954,0.5480638749942732,0.02447435298951159
2569,0.015119874554474763,0.295193878483613,0.4618326958673901,0.22785355109452216
2570,0.005019686781287098,0.5559034246439007,0.4129183621681993,0.026158526406612828
2571,0.0008276858253117382,0.26356471418433747,0.6574301437513306,0.07817745623902032
2572,0.0004319667770134708,0.615868141212583,0.37996952575468623,0.0037303662557171702
2573,0.00766951580371251,0.6063606978446656,0.35931387200108217,0.02665591435053958
2574,0.08568924665857211,0.7125452546383775,0.17962105893320293,0.022144439769847524
2575,0.055396808361488484,0.8394647145162258,0.10302638722158566,0.0021120899006998087
2576,0.7840167906305027,0.1868043710744332,0.02696876202806329,0.002210076267000833
2577,0.03561456450072217,0.9041020720569076,0.05914825040426182,0.001135113038108369
2578,0.003160763607058371,0.3527134194145247,0.5174804256680002,0.12664539131041658
2579,0.0038894589078891685,0.21679092036897002,0.5129620557961012,0.26635756492703955
2580,0.7155257708349707,0.2581677984618201,0.025009761569216925,0.0012966691339923596
2581,0.8691988217806172,0.1098988056272422,0.018616804588487117,0.002285568003653404
2582,0.5371945627276695,0.2952520134228165,0.1386544002124869,0.02889902363702712
2583,0.08440657089061307,0.38205310161367334,0.3790696206807389,0.15447070681497474
2584,0.9017143457062071,0.08594295447476277,0.011028784155176111,0.0013139156638539299
2585,0.9515295825261275,0.038105612070229826,0.008757569164970835,0.0016072362386719283
2586,0.011310106651750099,0.5784291683475432,0.3875530445961545,0.0227076804045522
2587,0.0020651356489761177,0.22488140720365393,0.5449397695817635,0.22811368756560652
2588,0.004080672691150843,0.52454147613414,0.4407011863820931,0.030676664792616055
2589,0.0001791901424037407,0.7818838314564359,0.2163110815049009,0.0016258968962595158
2590,0.0026159098895604067,0.4960690202232648,0.45618229150063827,0.045132778386536516
2591,0.00018854578721773366,0.9574179950390656,0.04219892521707407,0.00019453395664268555
2592,0.0015383413680964539,0.35823273577973325,0.5755861310529802,0.06464279179919007
2593,0.0008806678111518214,0.23562106759618337,0.632780415848611,0.13071784874405384
2594,0.4577253556134726,0.4980445140378559,0.042882156690286555,0.0013479736583849825
2595,0.05776747690711703,0.8421391232764434,0.09882848050928839,0.0012649193071512365
2596,0.001701045188255564,0.8703824425271345,0.1262090281177716,0.001707484166838444
2597,0.0009823678434899192,0.3528132054047343,0.6186803081723895,0.02752411857938627
2598,0.001843673709608161,0.2652270633285141,0.5865284588715989,0.14640080409027886
2599,0.009215966852189606,0.935313259489781,0.054744555736419856,0.0007262179216095458
2600,0.0010588201378167745,0.6812863779717175,0.31194027968721216,0.005714522203253589
2601,0.004168240981827402,0.5107956448418304,0.4472283876500028,0.03780772652633956
2602,0.007942401243581884,0.3979611512877766,0.49663564798051274,0.09746079948812877
2603,0.002874885002318523,0.15901264252803682,0.4631666889655512,0.37494578350409347
2604,0.013352931537867084,0.6520242175548434,0.31557373664377875,0.01904911426351068
2605,0.015079744986912981,0.7623336833472132,0.21818457444912323,0.004401997216750655
2606,0.0017401340315620585,0.22507131141470407,0.5410067469989883,0.2321818075547455
2607,0.0013102509474689486,0.9256079490719136,0.0725184323698071,0.0005633676108103571
2608,0.3793885591920508,0.4943737892645855,0.11170587602869303,0.014531775514670801
2609,0.023816838644804224,0.5215834929295136,0.3920156954090563,0.06258397301662602
2610,0.0006304846434746901,0.6917041321697456,0.3039654593995745,0.003699923787205349
2611,0.0004197082151971179,0.37843961393204917,0.6050786379219444,0.01606203993080934
2612,0.042503984369282946,0.612297761711495,0.32838878174039465,0.01680947217882736
2613,0.001606524811634722,0.28021938761295323,0.592807541145714,0.12536654642969802
2614,0.5339395394038089,0.36475163467257654,0.09580984201636182,0.005498983907252862
2615,0.02267975719141185,0.5434923262651615,0.36567360040143354,0.06815431614199319
2616,0.00039076717504218906,0.8762871582501005,0.12242018047667072,0.0009018940981866387
2617,0.0039868175291981915,0.7750086205847969,0.21734506682644014,0.0036594950595648687
2618,0.9702591287555605,0.02339083816927254,0.005243776435961762,0.0011062566392051438
2619,0.23631876793911194,0.7157921090350903,0.046908230347457364,0.0009808926783404527
2620,0.0025954078859482003,0.1280951385040862,0.42425545624025685,0.4450539973697088
2621,0.2923227896246378,0.6144851220425784,0.09165546404179276,0.0015366242909909751
2622,0.0020195343000190963,0.11141656505568429,0.29773312272612174,0.588830777918175
2623,0.0014814999974682116,0.32197334036381875,0.6047018172422696,0.0718433423964435
2624,0.009310840190331507,0.2764964188186811,0.4299380509768074,0.28425469001418
2625,0.00046361204553800074,0.8492454330447569,0.1495389533687917,0.0007520015409134759
2626,0.4616798475177653,0.49796554949371075,0.03848318606470051,0.00187141692382345
2627,0.06136086451947822,0.7879741326224485,0.1477730101190131,0.0028919927390602946
2628,0.0015416291199530747,0.7561064736791658,0.23721472227576154,0.005137174925119613
2629,0.0011636909284140093,0.8327233354736263,0.16395022052056735,0.002162753077392258
2630,0.02301455077283546,0.6572732116487943,0.3031827946182507,0.01652944296011958
2631,0.008048142752810798,0.4158822758318367,0.4418966839416061,0.13417289747374647
2632,0.008900078801734126,0.7092638778549827,0.2766871517028619,0.005148891640421289
2633,0.005453583910142817,0.49586896770230304,0.46569465653556674,0.03298279185198737
2634,0.04788460261174167,0.7412190883164981,0.20101230682716925,0.009884002244591112
2635,0.039782345271817586,0.7867381069100577,0.16820030557638085,0.005279242241743949
2636,0.41250487633973276,0.4149817039907014,0.15842003796315893,0.014093381706407053
2637,0.5159913447296532,0.372708213061837,0.10093719936741943,0.010363242841090187
2638,0.24681456173217456,0.5565133544814435,0.18292817810183762,0.013743905684544446
2639,0.03163912810578874,0.7742302836360092,0.18629029333606442,0.007840294922137699
2640,0.010894467840545284,0.6661592846555064,0.30167896454348997,0.02126728296045831
2641,0.000849623923361,0.7817336787338822,0.21377732953281542,0.003639367809941373
2642,0.0012318256740890085,0.2586278093771627,0.6346697019596729,0.10547066298907548
2643,0.005970132862942342,0.5474809667479609,0.40777005061278093,0.038778849776315794
2644,0.006779732004654089,0.8793095712936138,0.11277555882967856,0.0011351378720535865
2645,0.0632741966396031,0.8797728027508837,0.05603762219887825,0.00091537841063507
2646,0.0021177693359256066,0.12552001012895536,0.3296985918958807,0.5426636286392384
2647,0.00029250628349019887,0.05705181002330864,0.4054300988178339,0.5372255848753673
2648,0.04682735314028763,0.8031949115225767,0.14514108009791982,0.004836655239215882
2649,0.0052853835001433055,0.33052980933474285,0.545910589375466,0.11827421778964797
2650,0.005379478136184165,0.34834569357061135,0.501121285557017,0.1451535427361875
2651,0.0017508844907600846,0.62874304266344,0.3576217550172001,0.011884317828599783
2652,0.0017220806839453044,0.13972680726555342,0.4562158788540768,0.40233523319642445
2653,0.005493680950247504,0.3008664841402031,0.4895720752429694,0.20406775966657997
2654,0.7721522589788985,0.20330903369194425,0.022733009295525162,0.0018056980336321868
2655,0.022395413061240568,0.6015081368906321,0.3509206697867592,0.025175780261368134
2656,0.17870847681462404,0.7002964792044504,0.11654784818491451,0.004447195796011077
2657,0.614818914535641,0.3287360622280022,0.0546369173115302,0.00180810592482668
2658,0.8534416480173408,0.11869189201066799,0.02477012099094658,0.0030963389810447135
2659,0.12883070909745678,0.6539342907266732,0.20786152928112475,0.009373470894745245
2660,0.00454097244619944,0.7445121671306333,0.24594675929300772,0.0050001011301596164
2661,0.0015335530629822134,0.5398789647343899,0.452484059005881,0.0061034231967469444
2662,0.006879841796549182,0.6307545227103848,0.34820355505993794,0.014162080433128096
2663,0.007147444036168617,0.8306036491483996,0.1600972124400927,0.0021516943753391673
2664,0.021427702929422546,0.5683115792057163,0.3640798894796731,0.046180828385188055
2665,0.006386430772622678,0.6785821732173457,0.3011325906740137,0.0138988053360179
2666,0.0022007530263660514,0.7707359526794411,0.22224589399980982,0.004817400294383173
2667,0.0016487203012367207,0.5705062323199551,0.41105742373714843,0.016787623641659668
2668,0.005278956867431054,0.8186638849124638,0.17345161715903448,0.002605541061070512
2669,0.006181177741547107,0.9325464407682391,0.06073350234134568,0.0005388791488681633
2670,0.00118057359416393,0.7862131155312593,0.2099870135006433,0.0026192973739333106
2671,0.06772861977537675,0.61085042808035,0.2887288002379067,0.03269215190636657
2672,0.008246946764339864,0.7399742303783704,0.2417729114812969,0.010005911375992865
2673,0.0007179817574102304,0.07288598356225191,0.34229570847938795,0.5841003262009499
2674,0.007149119488675282,0.7800802027291148,0.2083303514330195,0.004440326349190469
2675,0.07692046323327036,0.7151905571713554,0.1986264437839094,0.009262535811464936
2676,0.019289602452927542,0.7182974198483084,0.2527790523861464,0.00963392531261769
2677,0.006734665803269627,0.7891935011946174,0.2014062137050472,0.0026656192970657493
2678,0.009759204425190156,0.6142931303076371,0.35102911799573455,0.024918547271438184
2679,0.016928256752727883,0.4930220299659364,0.4669044706481495,0.02314524263318625
2680,0.27402669782687344,0.6767557502418683,0.048132682241249274,0.001084869690009147
2681,0.47195186246645104,0.46378067487900615,0.06185686495085969,0.002410597703683086
2682,0.007943242809057957,0.903082884655348,0.08824151231712403,0.0007323602184699067
2683,0.0015390185786914102,0.8531397121770317,0.143607488729671,0.0017137805146059545
2684,0.0361577347755787,0.8989849842719866,0.06369424813037507,0.0011630328220597129
2685,0.0188398452376629,0.743286422653455,0.22741780494416838,0.01045592716471374
2686,0.0056080830641782806,0.2956883303923763,0.5428447915683643,0.1558587949750813
2687,0.003572465543539022,0.41218663120606763,0.5341971298926743,0.050043773357719146
2688,0.0016704441906631486,0.782948341196301,0.21175506869802477,0.0036261459150111353
2689,0.004386005940590998,0.5476956922776707,0.4226883389862205,0.02522996279551785
2690,0.012137867899488175,0.6701773693573289,0.30595486871578675,0.01172989402739619
2691,0.003292674948984324,0.5720125478266272,0.4021659389244008,0.02252883829998766
2692,0.1282124372674877,0.6164541980911709,0.23424132439320383,0.021092040248137656
2693,0.5988169933369416,0.3192495343884997,0.0749670711219089,0.00696640115264977
2694,0.0013622254779370952,0.2645821675158361,0.6134023843714647,0.12065322263476214
2695,0.007829967027766047,0.5323888922306069,0.4130721578747617,0.04670898286686537
2696,0.013639061428357907,0.569214634835728,0.3898419840153079,0.027304319720606235
2697,0.5140323372688963,0.3478341175154561,0.12042236096601472,0.01771118424963289
2698,0.0009275015957097576,0.891713706885889,0.10620349973033881,0.0011552917880624282
2699,0.005120199810681353,0.9227241347271846,0.07143683136394484,0.0007188340981891679
2700,0.01009507609926849,0.3657212145307005,0.4868490265278319,0.13733468284219913
2701,0.0023869640435197946,0.36620145631005174,0.5956895060429772,0.035722073603451254
2702,0.002521700874281718,0.49188165507508197,0.4629017127113009,0.04269493133933547
2703,0.0010732587416491764,0.44671752027195394,0.5377343077989943,0.014474913187402601
2704,0.0006218857930564261,0.6252628863126406,0.36980014349391016,0.004315084400392822
2705,0.025144814152556816,0.8659232496818232,0.10664538151637999,0.0022865546492399705
2706,0.006858556861359303,0.6381337317095,0.33791135547565077,0.01709635595348989
2707,0.0030814190512053344,0.8376468866674095,0.15729495390653972,0.001976740374845311
2708,0.36735070055943186,0.485689433149056,0.13756199919313356,0.00939786709837858
2709,0.24743809062990996,0.4500584248068736,0.24817251841897428,0.0543309661442422
2710,0.0006213876257503242,0.7407987538598518,0.2550587571853854,0.003521101329012401
2711,0.0038174432824457775,0.7923908696432254,0.19937113855684152,0.0044205485174873774
2712,0.18040049649331277,0.7245613845110189,0.08994079892441739,0.005097320071250913
2713,0.0066263057385019045,0.6809115493102061,0.30389878908716106,0.008563355864130939
2714,0.0025556217399537065,0.9200310442939241,0.07687487674292978,0.0005384572231922688
2715,0.004713232404768409,0.21333593664728007,0.44041764769796227,0.3415331832499893
2716,0.005291148671324563,0.2221620203605945,0.4531064618167111,0.31944036915136986
2717,0.026787799935891907,0.6465795901534438,0.3051942916377015,0.021438318272962838
2718,0.009736992237105056,0.6151940844399469,0.3513263082716858,0.02374261505126234
2719,0.02004146013048219,0.8247644776001661,0.15287277348997866,0.0023212887793727867
2720,0.024704463225453326,0.7003195565738581,0.25806203298640734,0.01691394721428128
2721,0.003940139283782911,0.584238472296625,0.38621730269124,0.025604085728352113
2722,0.0010367836904917745,0.7198519993390557,0.2763347762796602,0.0027764406907922826
2723,0.17318854590999472,0.6166146172862057,0.19486160293517485,0.015335233868624787
2724,0.0002873933453028675,0.02226698681745831,0.14903173334158204,0.8284138864956567
2725,0.00010584136330364638,0.010094961892922326,0.05210096857433916,0.9376982281694348
2726,0.9392189138060059,0.04775750062450755,0.01097497958644509,0.0020486059830414943
2727,0.02660398152899622,0.6142199135637747,0.33711969874452197,0.0220564061627071
2728,0.0033781127160925615,0.5694566443810982,0.40488974016907164,0.022275502733737563
2729,0.0015711632067701362,0.7850765970951199,0.2104965460690683,0.0028556936290417083
2730,0.03836473918499615,0.8446286036779096,0.11293022747193954,0.004076429665154731
2731,0.021673056279560187,0.8306676887567959,0.1442521916167202,0.0034070633469237928
2732,0.02075532432593842,0.360379544403382,0.44623724683117383,0.17262788443950586
2733,0.008438119286708307,0.6395402974527711,0.33198000682681783,0.020041576433702843
2734,0.005523057509180672,0.33587406887269217,0.516294313095867,0.14230856052226
2735,0.1796548925502874,0.3257604166529355,0.3464087587385186,0.14817593205825846
2736,0.008527476211308291,0.5971212050267787,0.3776725551395669,0.016678763622346174
2737,0.004224992600083983,0.38178940811999235,0.5212455410674468,0.09274005821247688
2738,0.06798158451344756,0.5676540242849902,0.33150839145433925,0.0328559997472231
2739,0.00508721411658646,0.5151129476568931,0.438556110566421,0.041243727660099504
2740,0.002936159091564872,0.498024124922846,0.46434614300959437,0.03469357297599463
2741,0.003343683537085234,0.8896978527368175,0.10558520557968606,0.0013732581464112599
2742,0.9650495308223714,0.027505005184665213,0.006184379164124013,0.0012610848288391507
2743,0.9805338586985123,0.016206842989883726,0.0027664690811945074,0.0004928292304095177
2744,0.004543503270695923,0.5863749670628915,0.38567335831855604,0.023408171347856506
2745,0.0006890468721131895,0.4393465891418864,0.5357989817685502,0.024165382217450137
2746,0.00810144408885292,0.48320809142225774,0.4644059944145262,0.04428447007436324
2747,0.0006875224279527694,0.8518597153625103,0.14649793382987736,0.00095482837965967
2748,0.027456775760572722,0.830800725832153,0.13928522094129525,0.002457277465978975
2749,0.9254227907125656,0.05922195877611585,0.014032353900007104,0.0013228966113114228
2750,0.0017131679907957235,0.6788990565133648,0.31324710301856346,0.006140672477276155
2751,0.0244276200043353,0.7505236183553172,0.2194861750143865,0.005562586625961
2752,0.0007049828856131395,0.7865677897292667,0.2106374424292526,0.0020897849558675864
2753,0.002711536722914052,0.7637416064127185,0.22840758745672618,0.005139269407641313
2754,0.0046413485224944635,0.6221281128588514,0.36293460699752356,0.010295931621130645
2755,0.0011705646943959936,0.4397529327871521,0.525257099137985,0.03381940338046685
2756,0.0010100392407560994,0.4446729134959768,0.5232126213279846,0.031104425935282405
2757,0.0039087134703872295,0.39907955507166626,0.5231719927440214,0.07383973871392516
2758,0.007011087348260966,0.6129882440640388,0.3550049728337451,0.024995695753955056
2759,0.0022292772362402244,0.6890170807117796,0.3016023199030552,0.007151322148925027
2760,0.0024045608959044774,0.8582272813921439,0.1379791738748764,0.0013889838370751467
2761,0.005174167628060753,0.9629459034474572,0.03162475316835721,0.0002551757561248508
2762,0.001623290882167724,0.7261651772283585,0.26980825942760517,0.0024032724618687114
2763,0.004739056523600316,0.49776505766455703,0.45105702833148476,0.046438857480357955
2764,0.0019381356243104142,0.23976318398367816,0.5833195237205013,0.17497915667151012
2765,0.006136650665413455,0.8193481872160382,0.1724349658354198,0.0020801962831286324
2766,0.0030991668136369464,0.31975244563213046,0.5385930408304613,0.1385553467237712
2767,0.09341868744040144,0.5838887249846934,0.2918322370883035,0.030860350486601615
2768,0.0014657071925317875,0.919165556954816,0.07883024838445211,0.0005384874681999035
2769,0.8452562442181322,0.12257986270977309,0.028419176255413264,0.00374471681668149
2770,0.0012951208887641134,0.21019232080613737,0.6018719939691537,0.1866405643359449
2771,0.003422416131380115,0.44438146994356326,0.5086948567829885,0.04350125714206807
2772,0.7481308558917523,0.14810448010147262,0.07930830744440368,0.024456356562371388
2773,0.005664930888480073,0.2928688430011429,0.522526322942771,0.1789399031676061
2774,0.000771983222232134,0.5336183670989196,0.4562038177615983,0.00940583191724995
2775,0.009952499829387798,0.8158653623388911,0.17218866046586456,0.001993477365856503
2776,0.000690769547449121,0.542569318985976,0.44427930717346714,0.01246060429310781
2777,0.0011040936264818558,0.7597220961484218,0.2365040666332042,0.002669743591892249
2778,0.2232342192067405,0.6353010226105285,0.13548741045431315,0.00597734772841791
2779,0.06906651238996352,0.8324719688987673,0.09609018457563717,0.002371334135632058
2780,0.01831605238570395,0.8233735908404148,0.15524182874135947,0.003068528032521744
2781,0.35293790078433057,0.5681552065473869,0.07678050324496784,0.002126389423314677
2782,0.0019303901237821867,0.07610390878683508,0.23303582391504804,0.6889298771743347
2783,0.003756655543520007,0.2718473594114319,0.5443533004202565,0.18004268462479156
2784,0.10373889436499656,0.8707395139400831,0.02499823966640551,0.000523352028514863
2785,0.014653137129126284,0.9391964554783971,0.04522832148515449,0.0009220859073220782
2786,0.00779951417841788,0.5850939896453816,0.3833606926245511,0.023745803551649514
2787,0.0013155066010836788,0.37444226339339154,0.5817697548768103,0.04247247512871458
2788,0.10900270502984799,0.7952523354919441,0.09274829085025521,0.002996668627952742
2789,0.012663612130299718,0.68239885064076,0.29689518193690045,0.008042355292039864
2790,0.0003325632714300853,0.857621865375681,0.14120530255950092,0.0008402687933881081
2791,0.0005739993893442478,0.9028557177357599,0.0958860670569768,0.0006842158179191182
2792,0.0023179451222420616,0.6394479844548682,0.34976023294251823,0.008473837480371577
2793,0.0004636664909574881,0.09283310614795534,0.4518585546983835,0.4548446726627037
2794,0.9236755707652411,0.0691795954053989,0.0060035588136290235,0.0011412750157310208
2795,0.7472621701691164,0.22930349038620873,0.02149055788930254,0.0019437815553722602
2796,0.021895486410250145,0.4681086148270147,0.4353137535253382,0.07468214523739701
2797,0.21331749396347757,0.5478808580154702,0.21498168364611053,0.02381996437494171
2798,0.0017042388779182692,0.8346560024331099,0.16196412654139922,0.0016756321475727108
2799,0.0006960087564071019,0.31801915227413147,0.6414908719644508,0.03979396700501066
2800,0.00025353275015688984,0.01960536270408196,0.15141827402827784,0.8287228305174833
2801,0.00564189647054185,0.27103396657843903,0.4597594288131981,0.26356470813782107
2802,0.004671951517440253,0.7749625818991442,0.21452334957041408,0.005842117013001432
2803,0.0017172022761783527,0.21258301374993901,0.6924343638769453,0.09326542009693733
2804,0.0061452503553132524,0.7510039420652405,0.23747847874405034,0.005372328835396105
2805,0.8739754658386681,0.1098190570415352,0.014995716089005295,0.001209761030791375
2806,0.011996024708663202,0.45830899961615434,0.44202722547519924,0.08766775019998323
2807,0.059728711232996085,0.7519913750655198,0.18325087469094878,0.005029039010535368
2808,0.00786575541787103,0.4151780728220146,0.4858719729329964,0.09108419882711799
2809,0.11690955381684344,0.4245691845691282,0.3483341839326932,0.11018707768133526
2810,0.0029711766016955136,0.1988487788940115,0.49223019053494677,0.30594985396934615
2811,0.0032991143719486695,0.28845995741312946,0.5413085337117568,0.16693239450316513
2812,0.0011419148828209795,0.17959823636054728,0.6270520772956097,0.19220777146102197
2813,0.05321984222630815,0.7682356612602673,0.17357992531474312,0.004964571198681381
2814,0.5184664095182553,0.40388174989980097,0.06730968102598056,0.01034215955596318
2815,0.737434667123829,0.2357857127988496,0.02570480201763366,0.0010748180596877803
2816,0.0022792019215845797,0.7714869050657491,0.22275575982335796,0.0034781331893081607
2817,0.00519666674444582,0.8012287918064204,0.19037020646191294,0.003204334987220849
2818,0.8344505776344658,0.14747531777423697,0.016925118965418536,0.0011489856258787342
2819,0.005358203872664632,0.3528255604142515,0.5416926349875102,0.10012360072557377
2820,0.002784218471210682,0.5986053194962269,0.3832033803674225,0.0154070816651399
2821,0.000395971995414294,0.046840637568900556,0.25973764947932615,0.693025740956359
2822,0.0007042815248958911,0.35959980769142474,0.612298996143729,0.027396914639950486
2823,0.008750601683417146,0.43572634274776756,0.49308272469720327,0.06244033087161212
2824,0.0041243440319766,0.2243713981265893,0.5352299631428266,0.2362742946986076
2825,0.000663569080481767,0.7715274306555326,0.22527281115991926,0.002536189104066281
2826,0.01744019748128603,0.5034698527981627,0.41520701980355657,0.06388292991699468
2827,0.014034412891318893,0.5387024644553675,0.40929133569686776,0.03797178695644586
2828,0.001902568325848307,0.15252595292181892,0.5383371661900677,0.3072343125622651
2829,0.0006039669889502062,0.07988479621277023,0.3530152569036252,0.5664959798946545
2830,0.0025834102321944117,0.41594830938474414,0.5466101742107579,0.03485810617230363
2831,0.01316819251172541,0.5542853066633566,0.4010851695064724,0.03146133131844552
2832,0.0010738683611796137,0.9540096272951865,0.044560963624443665,0.0003555407191903575
2833,0.002904498082363621,0.8897028657401632,0.10616572318969743,0.0012269129877757936
2834,0.0011815710073566407,0.07594502925705623,0.25700499298887347,0.6658684067467137
2835,0.003343650190084553,0.3899689493089418,0.5371395941293753,0.06954780637159842
2836,0.002035593767145778,0.3095410731350625,0.5770649059193735,0.1113584271784182
2837,0.003293114207737379,0.1632415862890646,0.4341657990634538,0.39929950043974427
2838,0.0007582564334300693,0.1950621423787619,0.6464381662593572,0.15774143492845083
2839,0.0016370026430856492,0.5003513155506114,0.47050204612230684,0.027509635683996104
2840,0.002143734006442412,0.5621921133544963,0.4125923624604515,0.02307179017860985
2841,0.9203752621131377,0.06364811043660734,0.014575313815664615,0.0014013136345904272
2842,0.0018338945441281214,0.9449277854457667,0.05275508707699345,0.000483232933111808
2843,0.001984328278403764,0.423523783113311,0.5328882146413244,0.04160367396696089
2844,0.0019461706863521063,0.7518321830802088,0.24265783270400854,0.0035638135294306207
2845,0.0037322208182418997,0.8285034524144207,0.16530801706909878,0.002456309698238714
2846,0.007510457005578477,0.41102792198671645,0.46609146205269414,0.11537015895501095
2847,0.002837417480573011,0.33079343406280864,0.5871962755697933,0.07917287288682509
2848,0.9731510862796104,0.020204813680611236,0.0054457385746924485,0.001198361465085999
2849,0.9536638636049051,0.03765554902359623,0.007476363338729008,0.0012042240327696722
2850,0.44300164576872003,0.5343663039271271,0.022117585948899718,0.0005144643552531863
2851,0.004112956511921989,0.7625605289889574,0.23006334183451999,0.0032631726646006128
2852,0.0012837405450796973,0.8846923013067013,0.11267896336971903,0.0013449947784999988
2853,0.0005773883849060173,0.24142380085620688,0.661983934188106,0.09601487657078119
2854,0.0016273496749941228,0.2469229915003513,0.6208026964411162,0.1306469623835384
2855,0.006286463370111715,0.605527971726632,0.37337524009592565,0.01481032480733055
2856,0.0033919635176916227,0.6460219274152748,0.34381297610860984,0.006773132958423845
2857,0.00123155143742696,0.1467671541727711,0.6258013452113584,0.22619994917844338
2858,0.0016367004428815613,0.8047202252742938,0.19141925183226116,0.0022238224505635416
2859,0.014103072490676074,0.801545014029852,0.17900504902099712,0.005346864458474871
2860,0.039709130732187084,0.8726179390796631,0.08620922591057856,0.0014637042775712144
2861,0.0027710857729393184,0.8323192463883344,0.16281010086847472,0.0020995669702516154
2862,0.00035122771656831875,0.9056467634284726,0.09326054252366675,0.000741466331292291
2863,0.00358021611670221,0.3288917713601994,0.5603254232894654,0.10720258923363293
2864,0.0003313560334587947,0.08452189026997053,0.5907899274845224,0.3243568262120482
2865,0.0005952393077495595,0.22012644008337187,0.6521243526658291,0.12715396794304945
2866,0.0003748427162838108,0.37416759376929154,0.6123081520402347,0.013149411474189925
2867,0.521289887047231,0.4114056909133036,0.06467341077114426,0.002631011268321141
2868,0.8369982749200071,0.1326586016819542,0.027522289193683838,0.0028208342043548724
2869,0.7853014880068103,0.1693028727238263,0.039852800476260546,0.005542838793102611
2870,0.0044686149916281495,0.39246694116708025,0.5205690997185719,0.0824953441227197
2871,0.009569225990859447,0.3811842283245956,0.5061619421405774,0.10308460354396765
2872,0.0010378139052973458,0.8273364821826812,0.17049667926089485,0.0011290246511267135
2873,0.00915668726014582,0.6728465359931473,0.30547080843523794,0.01252596831146894
2874,0.0305905483130116,0.9367705811572007,0.03222037795344527,0.00041849257634254017
2875,0.014409183236561655,0.6149526645727207,0.34038310795967963,0.03025504423103808
2876,0.5114642302908421,0.4246320832897579,0.0618275771655753,0.002076109253824683
2877,0.0009668852109918556,0.8910096405060235,0.10740644192584319,0.0006170323571412891
2878,0.010950872641734827,0.4835130074273079,0.4295002995413691,0.07603582038958805
2879,0.0009363510354317597,0.8064901081755573,0.19166264167110703,0.0009108991179038795
2880,0.0016081064095513384,0.36795094451908295,0.5783910528841401,0.052049896187225636
2881,0.007427782897896999,0.5945438069716531,0.36611147391537524,0.03191693621507463
2882,0.004165773592970379,0.4588447554464421,0.5073719884794373,0.029617482481150204
2883,0.008031416097617844,0.3826563914713196,0.4995958083888423,0.10971638404222023
2884,0.0021829788808045373,0.5819737553135441,0.401285836593705,0.01455742921194635
2885,0.0019310073358537552,0.7186545091379669,0.27402482785126175,0.005389655674917562
2886,0.3764857714276841,0.5047094095493703,0.11357522459053127,0.005229594432414365
2887,0.9311059512633024,0.06104361497157782,0.0073747695229288155,0.00047566424219096015
2888,0.0036881350500029544,0.7687826671128648,0.2224121024808679,0.005117095356264251
2889,0.00022030426564399055,0.9851978877388263,0.014492816453520355,8.899154200915512e-05
2890,0.42172222597802456,0.5287493785742294,0.04573155759660071,0.003796837851145256
2891,0.14862419981870495,0.7285347152628969,0.12047647614526358,0.0023646087731345735
2892,0.9712629532921139,0.02284947809540577,0.004928782594846121,0.0009587860176343818
2893,0.9713318658376362,0.022520454781673593,0.005129663309405494,0.001018016071284725
2894,0.2999394861552261,0.6438458594305518,0.05401622338845565,0.002198431025766413
2895,0.0776915224008189,0.7241811946503898,0.18441958241107848,0.013707700537712945
2896,0.00829290854657546,0.4446845387508124,0.46516325342483744,0.08185929927777477
2897,0.02484223517251821,0.3279687517752404,0.47095911024214027,0.17622990281010126
2898,0.002510271442465506,0.3240347045133137,0.5483503571332485,0.12510466691097236
2899,0.005239888131713366,0.23730369933972995,0.48659993664635515,0.2708564758822015
2900,0.0014672310814142313,0.45874295243136554,0.5148273704483829,0.024962446038837363
2901,0.02372061122440814,0.6003392458144621,0.3559392380406078,0.02000090492052204
2902,0.15247370373857463,0.42787799185750636,0.29984832934245836,0.11979997506146069
2903,0.0012250227390524244,0.09703303811289085,0.37844346691597475,0.5232984722320819
2904,0.009756858099467837,0.4311175321319156,0.4727742637697475,0.086351345998869
2905,0.0053348389458213194,0.8469382805836229,0.14552576547951737,0.0022011149910382707
2906,0.00025489592879769174,0.017977522847407612,0.1185912355399254,0.8631763456838693
2907,0.0007240940636423813,0.08490252900591196,0.43011684406356987,0.48425653286687576
2908,0.0007108123356829145,0.052115143961821916,0.29688612987853746,0.6502879138239577
2909,0.007242881998055887,0.34839769265053794,0.4926401766040197,0.15171924874738654
2910,0.0007867224037160341,0.8293786554761435,0.16836992208887483,0.0014647000312656522
2911,0.0008138861299375448,0.9462554845409352,0.05264078392083354,0.0002898454082937458
2912,0.0008239181798279872,0.28109690422442013,0.6819328057559291,0.03614637183982285
2913,0.008239724070123185,0.4978012591030031,0.43999915133603956,0.05395986549083415
2914,0.012165433019918568,0.42619336285103276,0.4777859493377252,0.08385525479132354
2915,0.004047474841936296,0.3737469322605309,0.532381689392764,0.08982390350476879
2916,0.008696867534215617,0.5585236241434239,0.38228741727210924,0.050492091050251195
2917,0.024264348403759718,0.8935160686817721,0.08067752812688271,0.0015420547875854567
2918,0.0024974557082871555,0.6877667794238721,0.30286485435880817,0.006870910509032475
2919,0.10566989773552873,0.7731212083621978,0.11841495195358237,0.0027939419486911216
2920,0.001299167875052354,0.7378408698527591,0.2584265589141536,0.0024334033580349895
2921,0.0028933002315435323,0.4429609387117366,0.5077265343098196,0.04641922674690024
2922,0.0036936116437072206,0.3635418526584281,0.5604262258532473,0.07233830984461737
2923,0.005289853527716612,0.2500428448645867,0.5095102971681047,0.2351570044395921
2924,0.007263795353744062,0.828754130196448,0.16185959057983065,0.0021224838699772396
2925,0.005948094652620835,0.44485140509061927,0.4726214430912328,0.07657905716552715
2926,0.00558144602310422,0.464506829744195,0.47647819329820124,0.053433530934499554
2927,0.00478193416725456,0.7344022880848771,0.2535564852496488,0.007259292498219516
2928,0.1581411895150017,0.739892041154011,0.09955996439799147,0.002406804932995839
2929,0.002568810273262116,0.6324958764995117,0.3577143194493959,0.007220993777830276
2930,0.00047796957967998497,0.12180948929326979,0.6401635108595538,0.23754903026749646
2931,0.0008547969724757771,0.38572970032001547,0.5708591938657129,0.04255630884179586
2932,0.05009132638731352,0.7716278448764222,0.17352835388278195,0.004752474853482392
2933,0.0037015387438052256,0.8377299723441329,0.1565214880887505,0.0020470008233114045
2934,0.27345852315100055,0.7047227030750686,0.021433999176007534,0.0003847745979234179
2935,0.0011109213635601216,0.11403008631749371,0.5646701425612024,0.32018884975774387
2936,0.001452896033663538,0.35703313348206084,0.5989604253602927,0.04255354512398306
2937,0.004178412634722336,0.7159556598700545,0.2754062322578329,0.004459695237390303
2938,0.0038300868870469623,0.24273920597980872,0.5987456615266318,0.15468504560651258
2939,0.027205543330596355,0.6512123176165998,0.30564836128633477,0.015933777766469134
2940,0.005134056351860855,0.549432109036857,0.4224112448007572,0.023022589810524994
2941,0.002563698265813568,0.18574691039775595,0.47285504703789605,0.33883434429853443
2942,0.8532622417151454,0.13152449902030372,0.014226048069339515,0.00098721119521147
2943,0.0005017590933188892,0.8739523700169984,0.1251124577175643,0.0004334131721184681
2944,0.9425025379495002,0.04412972773649806,0.01139742180723704,0.001970312506764755
2945,0.95757369715677,0.033766589499773375,0.0073124046750443275,0.001347308668412299
2946,0.9841477955556047,0.01215854064653699,0.003024137914361532,0.0006695258834967283
2947,0.9823523208853275,0.013781711002776083,0.0031761785405221995,0.0006897895713742193
2948,0.05320898071505775,0.8218451013088375,0.12208752071929077,0.0028583972568140426
2949,0.0030920966203745676,0.2260104473900123,0.5684355972232723,0.2024618587663409
2950,0.19353706985452696,0.7434763425311779,0.061091788274505635,0.0018947993397895125
2951,0.013638663588034308,0.8882894116983333,0.09632221743467645,0.0017497072789559535
2952,0.0385499926218856,0.45168894884496086,0.3873843237382552,0.12237673479489843
2953,0.050694352667625925,0.5306853328373609,0.3499170693671094,0.06870324512790382
2954,0.01050405414994963,0.5613800133816793,0.4092105445895006,0.01890538787887053
2955,0.0010512724820188545,0.6518963403999486,0.3400500229585037,0.007002364159528949
2956,0.29251710142594184,0.662085590515869,0.04409319223050439,0.0013041158276849059
2957,0.17360693379757886,0.7960559144722394,0.029669510425169743,0.0006676413050119854
2958,0.006156760572108823,0.275649509931045,0.4608915247284391,0.25730220476840715
2959,0.0024591382104332286,0.5466672684634653,0.43214071665234266,0.01873287667375894
2960,0.1022104061713828,0.42108938927389455,0.3584644871129916,0.11823571744173102
2961,0.0066487462968892064,0.3307068108354294,0.5237932667077656,0.13885117615991577
2962,0.02696521889749135,0.7826750087613841,0.1824548516322501,0.007904920708874556
2963,0.18764975280018098,0.6971572371769821,0.11304626814654829,0.0021467418762885922
2964,0.3720239213072477,0.5690579141973033,0.05622249297847957,0.0026956715169693785
2965,0.0007423649829861093,0.8282742266968645,0.17008575266370302,0.0008976556564465577
2966,0.0007540767945190772,0.26749899591408666,0.6639677275549896,0.06777919973640478
2967,0.01169971158531338,0.803320890233689,0.17897297555287414,0.006006422628123462
2968,0.0008213025986922886,0.716195428382142,0.27950702620990076,0.003476242809265043
2969,0.022797282377821516,0.5565729962565705,0.36160023338713787,0.0590294879784702
2970,0.5097818352672349,0.43947009421852185,0.049046665933925954,0.0017014045803174387
2971,0.0019310528270720067,0.8775166319869335,0.11892215015469582,0.001630165031298617
2972,0.001393028757461779,0.9050585850798378,0.09319540215117372,0.0003529840115266941
2973,0.03280797808167673,0.7389012072598985,0.2222631179896775,0.006027696668747372
2974,0.0006928864917598133,0.1270406179334223,0.5356714209319358,0.3365950746428821
2975,0.0004120232739995332,0.02857818091761062,0.12877106935959765,0.8422387264487923
2976,0.002391245437098512,0.8686208811960363,0.12745456700224037,0.0015333063646248463
2977,0.012997938633137491,0.5874105011871251,0.37572387329250234,0.023867686887235038
2978,0.013889871464113641,0.7418798470682701,0.23443497305879613,0.009795308408820107
2979,0.0008994565375787705,0.64830687877245,0.34593191372921817,0.004861750960753233
2980,0.0026880352293442993,0.5008349402962405,0.4671107577785729,0.02936626669584215
2981,0.0018884044329977269,0.7112654352895343,0.2821360152082738,0.004710145069194191
2982,0.0007078566061950204,0.2379529402540857,0.6913262063377899,0.07001299680192942
2983,0.0008257102253241761,0.4214061218114865,0.5652934205403886,0.012474747422800796
2984,0.006083147453735675,0.37759231578126917,0.5296024976111803,0.08672203915381481
2985,0.005847975003547423,0.6369476211969229,0.3454962571985029,0.011708146601026773
2986,0.02082309532676654,0.8390120029448039,0.1381559826763692,0.0020089190520603175
2987,0.0020359435507075977,0.7367261610927895,0.2566042259866938,0.0046336693698091624
2988,0.004132113219818563,0.20545629121566827,0.42631396100369073,0.36409763456082245
2989,0.0009273512595979073,0.409675705352174,0.5751060868886401,0.014290856499588021
2990,0.009955205789892082,0.8643586041060277,0.12371867289695751,0.0019675172071226977
2991,0.01163780540483797,0.8917141638248774,0.09500840699835607,0.001639623771928593
2992,0.4607611330477027,0.46491729913319585,0.07141753157956397,0.002904036239537373
2993,0.0035394682350288285,0.9193197245773495,0.07623010537602082,0.0009107018116008977
2994,0.23575863135970185,0.7167835556611357,0.0465850525097488,0.0008727604694137325
2995,0.018845876955220518,0.8160193589386644,0.1616221565590903,0.0035126075470248487
2996,0.003286314647379801,0.24697727982803142,0.5455149404383095,0.2042214650862792
2997,0.0022890584326756094,0.9626416211538573,0.03482441844791992,0.00024490196554714333
2998,0.013045753547829109,0.8964390855726373,0.08951634137995075,0.0009988194995829453
2999,0.0008081181245776406,0.871827316226845,0.12647637770384418,0.0008881879447333836
3000,0.00032275736216567696,0.9392290400345765,0.05968199112028663,0.0007662114829711969
3001,0.0009090390407790925,0.7686022334029414,0.22789862720504617,0.002590100351233384
3002,8.841940541283746e-05,0.807817429057039,0.19174993442364704,0.0003442171139011554
3003,0.0001605219499455217,0.4458221336938212,0.5511297960334762,0.002887548322757059
3004,0.0006120203333997591,0.6900774452012172,0.3059808298401991,0.003329704625183967
3005,0.00010277748621708948,0.5334524452071582,0.4632838383816057,0.0031609389250189398
3006,0.00016994981676533405,0.9466586618914603,0.05308135231762796,9.003597414631716e-05
3007,6.0903500801248855e-05,0.8938291402984267,0.10598363736886893,0.00012631883190311114
3008,0.00014784665839322506,0.8547505339837024,0.14468170422030188,0.00041991513760254934
3009,0.000165584493593648,0.8408115149770471,0.15874847064469794,0.00027442988466142926
3010,6.444465617793139e-05,0.526785958880997,0.47148035840111857,0.0016692380617064954
3011,0.0006949054975809756,0.9751221569965015,0.0240915640928872,9.13734130303028e-05
3012,0.00047078479272732234,0.9626003401232686,0.0367697748378318,0.00015910024617228987
3013,0.00014355276010441146,0.9327134661222534,0.06680864552073121,0.00033433559691111234
3014,0.0004377622754154266,0.8240492369201733,0.17407379677444296,0.0014392040299682487
3015,0.00013394693679196507,0.9382218291440834,0.06149220399115439,0.00015201992797034855
3016,0.00014637817158574695,0.9832708746416162,0.016538200935299764,4.454625149832247e-05
3017,0.005849078151361792,0.9250410123909085,0.06856285127286346,0.0005470581848661906
3018,0.0004434069062258355,0.9301310479325702,0.06885226723581526,0.0005732779253887392
3019,0.0014687735090900959,0.4873572182257288,0.4799192187751635,0.03125478949001764
3020,0.00033641922039811693,0.22213681996051826,0.6961611072390744,0.08136565358000915
3021,0.0007087339129882647,0.853292905409831,0.14462824255548926,0.0013701181216914657
3022,0.00022079785755983646,0.9647539516197849,0.034926157926423174,9.909259623211612e-05
3023,0.0016398988452634945,0.5220137050777848,0.4566440478772017,0.019702348199750027
3024,0.00029789743498668755,0.6683427212347164,0.3266253782463627,0.0047340030839342385
3025,0.0009674502989419939,0.41853341675139766,0.5318775995897823,0.04862153335987802
3026,0.00015077480305102412,0.5513380671217951,0.44424441670459747,0.00426674137055643
3027,0.021117851091826484,0.8601741241966361,0.11745373896152372,0.0012542857500138374
3028,0.0015815618804440631,0.9239327738949503,0.07404426792741228,0.00044139629719332403
3029,0.00022546238087981966,0.8093599735085623,0.18977432081023654,0.0006402433003214016
3030,0.0016468282849676046,0.9371835169602778,0.06091014285916914,0.000259511895585413
3031,0.0011353652533697435,0.25040281927261715,0.5894768461032597,0.15898496937075351
3032,0.002154750155348442,0.5704467175675881,0.3999457979008386,0.027452734376224825
3033,0.00015927199815502904,0.243862840842849,0.6815662305437622,0.07441165661523377
3034,3.067584222290762e-05,0.8354502255519735,0.1642175089672176,0.0003015896385860619
3035,0.00010974608101383867,0.4288642770519495,0.5624180647755441,0.008607912091492538
3036,0.00016719233519835096,0.0865942014839215,0.6385088053529091,0.27472980082797105
3037,0.00014080503885475018,0.3691357074715795,0.6080319960987473,0.02269149139081844
3038,0.0006302435719018397,0.8853866959056786,0.11323250319114198,0.0007505573312775113
3039,0.0004874736554555658,0.571242333596382,0.41938073817071353,0.008889454577449022
3040,0.0019947069356464828,0.7952032633489461,0.1990580585199997,0.0037439711954077833
3041,0.00017583640862690173,0.6657010727065991,0.3305320962841011,0.003590994600672928
3042,0.00027191662599867204,0.8535197902577889,0.14556745568221335,0.0006408374339991169
3043,0.0009747908023099014,0.6983211250770315,0.29637845988650025,0.004325624234158377
3044,0.0005977164361426847,0.8642355571904122,0.13429082912804607,0.0008758972453990275
3045,0.0011314304119763984,0.4162838046113923,0.5408314149652909,0.04175335001134052
3046,0.0006207602167324622,0.9513492283880194,0.04770767478798897,0.00032233660725918087
3047,0.0003256732455217352,0.23452945293442978,0.669083207173035,0.09606166664701343
3048,7.107869854246653e-05,0.8923528368471758,0.10733414436821481,0.00024194008606698376
3049,5.616466801366214e-05,0.9098718125524282,0.08988097095027715,0.00019105182928104986
3050,0.0003371165149149435,0.15129234550486453,0.7043887578367092,0.14398178014351143
3051,0.00032644419906890693,0.8539288054702909,0.1447637609338892,0.0009809893967509594
3052,0.0003485063266532343,0.7449731612450319,0.25235649337657223,0.0023218390517426514
3053,5.822120350822561e-05,0.07413091473398879,0.8383499163313373,0.08746094773116572
3054,0.004025822024533066,0.7123696993780513,0.28187164990848373,0.0017328286889320315
3055,0.002107407076799787,0.9756342840923606,0.022133622046144087,0.00012468678469555245
3056,0.002240768909144469,0.9247098341323633,0.07251454528052109,0.0005348516779711308
3057,9.911752401258494e-05,0.8116215568439094,0.18806215560305362,0.00021717002902441702
3058,0.0006448481522695008,0.5871705999747843,0.40941275983962266,0.0027717920333235704
3059,0.0004973097816823247,0.8849537981364509,0.1139650593531099,0.0005838327287569038
3060,0.001100558631996905,0.5361267121280561,0.4411729365900672,0.021599792649879997
3061,0.00017402891609490152,0.8858009238647894,0.1136729129525222,0.00035213426659361403
3062,3.97386716863055e-05,0.9394812174889912,0.06040238475334929,7.665908597329595e-05
3063,0.0010171261874637057,0.9007526369526573,0.09772595630769468,0.000504280552184425
3064,0.0010272606780479176,0.20666506234057508,0.6142010615845139,0.17810661539686307
3065,0.0014600636812982107,0.9720192335461644,0.02641064038885777,0.00011006238367960113
3066,7.141787686707442e-05,0.9285789959941189,0.07112650836317425,0.00022307776583987081
3067,8.06559343556397e-05,0.6103128603463367,0.3881544479398587,0.0014520357794488646
3068,7.582502403335172e-05,0.5935878433156937,0.40499827906707125,0.0013380525932017923
3069,0.0013346832016044123,0.48981363147825313,0.477332015287068,0.03151967003307457
3070,0.0006386331576984914,0.9345668855405828,0.06456273304340768,0.00023174825831110034
3071,7.876042934682484e-05,0.5904268712322889,0.4074366846600074,0.0020576836783569056
3072,0.00015951900067475312,0.22946933642926248,0.7351880314679691,0.035183113102093704
3073,0.00048047672729814947,0.6275953779330611,0.36944716892757634,0.002476976412064563
3074,0.00021453069714375442,0.6158019279533903,0.38223095518160327,0.0017525861678628267
3075,0.0006798367550190868,0.6092178360681324,0.3823414188651934,0.0077609083116551925
3076,6.429167355303653e-05,0.41999198944591987,0.5779985015238089,0.0019452173567182439
3077,5.878358431604633e-05,0.8385799099436128,0.16069055255356118,0.0006707539185100634
3078,0.0007158116305079108,0.9793508615335687,0.01987709084286278,5.62359930606205e-05
3079,0.00024539704810225857,0.8356380815038207,0.16308620381617706,0.001030317631899974
3080,0.00012562079500088729,0.8131649490685537,0.1858044775042837,0.0009049526321616366
3081,0.0009132385456949872,0.8417774198275989,0.15401877389622481,0.0032905677304811962
3082,0.00017513798762014703,0.9522959419185408,0.04734618763464436,0.00018273245919472306
3083,0.0008989444521368933,0.8700274710868363,0.1271560702514179,0.001917514209608901
3084,0.0012427668537451165,0.9022772360118672,0.09603397563011853,0.00044602150426922035
3085,0.00691756683972319,0.9609095812956358,0.03201454086175885,0.00015831100288220493
3086,0.001526310161880451,0.4589042264788535,0.523072292430362,0.01649717092890411
3087,0.00011500349934686141,0.21194218514144064,0.746376755019657,0.04156605633955562
3088,0.0004606194166564109,0.27685452767933727,0.6695947390640562,0.05309011383995012
3089,0.00029437120787059967,0.7709381627543628,0.22597110750221427,0.0027963585355523456
3090,0.00033903363647795945,0.7844572927979966,0.21218345506183037,0.0030202185036951063
3091,2.037821770651513e-05,0.8847112862990493,0.11510212557286505,0.00016620991037923674
3092,8.189459919710286e-05,0.931082602195096,0.06868823638061788,0.00014726682508909122
3093,0.0001734436868093939,0.11636708120792019,0.7564094999008069,0.1270499752044637
3094,0.0003863548334232576,0.6617440188807305,0.336080531820434,0.00178909446541221
3095,6.853316913855501e-05,0.5622606880519747,0.4368577729363612,0.0008130058425255408
3096,0.0007841923109513982,0.36082022449526674,0.6099865083411374,0.028409074852644597
3097,0.00029029977009140324,0.9869761324747943,0.012699881266525489,3.3686488588808594e-05
3098,0.00013634686007049017,0.8831134057338342,0.11623969666376802,0.0005105507423273182
3099,0.000335654759209342,0.8104001283581853,0.18791002006634405,0.0013541968162612658
3100,5.6266918562565434e-05,0.9613465837805388,0.038445352811159496,0.00015179648973914826
3101,0.00040717605472055093,0.982241846134881,0.01730729714837489,4.368066202369889e-05
3102,0.00014733787481354784,0.4664873704423793,0.5281920904420211,0.00517320124078612
3103,0.00014092754665695495,0.39789483952348204,0.5926236217784289,0.00934061115143213
3104,0.00010297857968737398,0.6206769641879503,0.378153037948901,0.0010670192834613798
3105,0.00026622568890386124,0.9449141387250206,0.0546071416900955,0.00021249389597991514
3106,0.00014107079784190333,0.9371338683691429,0.062447645409013104,0.0002774154240021189
3107,0.002333251469969725,0.20421375204620998,0.5336976055082501,0.25975539097557027
3108,0.00013262932606482447,0.9051999784366477,0.09435943953116516,0.0003079527061224056
3109,0.0002841145254670625,0.9359300089150695,0.06353212053089237,0.0002537560285709248
3110,0.0002672100921324737,0.6845348527991301,0.31143354001416906,0.0037643970945684113
3111,7.768265519783355e-05,0.970595991193174,0.029300347638858696,2.5978512769508587e-05
3112,4.330519317656245e-05,0.7282421678235098,0.2714095436398194,0.0003049833434942338
3113,4.560721712644182e-05,0.8906248614563615,0.10915607859300422,0.00017345273350780226
3114,3.8437913906115266e-05,0.42297379333151897,0.5755276733467815,0.0014600954077935203
3115,0.0009586079991777885,0.6981360387525455,0.2951742581091273,0.005731095139149468
3116,0.0029070351199012284,0.5891705981718314,0.3950394572244431,0.012882909483824314
3117,0.00016726478354481486,0.7739215664904289,0.2250367870292141,0.000874381696812267
3118,9.27063463327622e-05,0.8136782177862651,0.18554327172422885,0.0006858041431732481
3119,0.0002497714754592861,0.2991458270318479,0.6890934883647416,0.011510913127951213
3120,0.000175511692894999,0.7915156450552676,0.20775387597654826,0.0005549672752891352
3121,0.00026221993178357294,0.08870784194840298,0.4961002381613789,0.41492969995843465
3122,0.0021028531972691997,0.4141295653171892,0.5461730143218692,0.03759456716367243
3123,0.0006228511405844144,0.10776083418584184,0.6472539703819786,0.24436234429159515
3124,0.00026037774659280527,0.8740592069045706,0.12403633307902602,0.00164408226981058
3125,0.00011944992157385059,0.9239397028059371,0.07573776477174399,0.00020308250074509073
3126,9.859391951412517e-05,0.8048214683811941,0.1948855350858418,0.00019440261345004975
3127,0.0001371169497438458,0.9136313233144182,0.08597486614566192,0.0002566935901759854
3128,0.0004310530605478045,0.5368275157825115,0.45228183668175004,0.01045959447519064
3129,9.244566841467696e-05,0.9227200517903899,0.07691092909684441,0.0002765734443510766
3130,0.00027775209918126946,0.5996351739471792,0.3948463499797954,0.005240723973844124
3131,0.00010201857305473393,0.9554441751752097,0.04433248181549996,0.00012132443623558526
3132,0.0003357881189871642,0.6357819927660376,0.3610956156691075,0.002786603445867755
3133,0.00012522614490681762,0.9241809987757608,0.0755229368483583,0.0001708382309739863
3134,5.724067511887033e-05,0.8822173115272135,0.117569394769926,0.00015605302774160406
3135,2.8852399130606713e-05,0.5729257744702663,0.42617255176808966,0.000872821362513487
3136,0.0002682943462934608,0.14823484544425788,0.6762168467262414,0.17528001348320735
3137,0.0005163585324213517,0.44930758600520115,0.5420975138046757,0.00807854165770182
3138,8.048760716843065e-05,0.8420122948874171,0.1575743088445088,0.0003329086609056118
3139,0.005753435166188398,0.854489593819821,0.1385877260679916,0.0011692449459989374
3140,5.579795573335134e-05,0.6981426859744939,0.3014172833093424,0.00038423276043029293
3141,6.239776121117168e-05,0.9960552567636489,0.0038699184110154118,1.2427064124532476e-05
3142,0.00014497866108143718,0.1543440141239049,0.7136244932235396,0.13188651399147414
3143,0.0001606178774681053,0.3754346477929029,0.5999286746447641,0.024476059684864892
3144,0.00012951931261567218,0.30541629192445136,0.6846419904403634,0.009812198322569502
3145,0.0010920504745005,0.3368466227530128,0.6014193925105659,0.06064193426192087
3146,0.0005638901269327102,0.906390902446645,0.09268030581482951,0.0003649016115928191
3147,2.213661884329828e-05,0.8728361550712864,0.12702070855769582,0.00012099975217450811
3148,0.00015834254413769672,0.9065787971378089,0.09289028729895552,0.0003725730190979145
3149,0.0003187013945181075,0.9291995501143155,0.07012555433276317,0.0003561941584032356
3150,4.223000554817717e-05,0.9582014579934259,0.04167653205413532,7.977994689055182e-05
3151,0.00034907536862812684,0.49680045375071025,0.49498932247486116,0.007861148405800426
3152,0.0006371029292994687,0.37532272802067623,0.568348920000406,0.05569124904961828
3153,9.542734946153427e-05,0.920870269176719,0.07869592138411849,0.00033838208970100837
3154,0.008988018183394559,0.6979607143746037,0.28976728064556767,0.003283986796434074
3155,0.00011229628080933538,0.9127504814526095,0.08685446703747526,0.0002827552291059434
3156,0.0001604309452202866,0.9025483442872478,0.09692330985763464,0.0003679149098972544
3157,7.242239242270192e-05,0.5750572875897527,0.4231419065695735,0.0017283834482510817
3158,0.004387257361997576,0.887951213229329,0.1054269236234259,0.002234605785247375
3159,0.00040548402830011183,0.9494288305211556,0.04987211370300165,0.0002935717475425312
3160,4.641596918986827e-05,0.9349508162675824,0.06483040473274566,0.00017236303048209157
3161,0.0010204177754169392,0.9409391786876372,0.05790594787749903,0.00013445565944683932
3162,0.0003058827480484411,0.6780621663517685,0.3176380596052367,0.003993891294946277
3163,0.0002326841082273555,0.6677139014799716,0.3279352585363928,0.004118155875408098
3164,0.00010339149210912394,0.9280438563439428,0.0716903168869816,0.00016243527696647257
3165,0.00011004451844183083,0.9295949996486133,0.07010680404689314,0.00018815178605164381
3166,7.198086522112273e-05,0.5504706944454795,0.44762451676163967,0.0018328079276598143
3167,0.00011448692225788522,0.9530876028974846,0.04668839982631649,0.00010951035394098882
3168,0.00016407630839346472,0.49221374636829274,0.5044070266706373,0.0032151506526765707
3169,0.000423141962121463,0.951898907885872,0.047517735818145154,0.00016021433386152338
3170,0.00011136187248892305,0.023387294896829006,0.1915047127291457,0.7849966305015363
3171,0.00014528149506158933,0.12353122203894025,0.7690063202559807,0.10731717621001749
3172,0.0015583373039665133,0.5736436579587175,0.40848805169837543,0.016309953038940565
3173,0.0002031908012221394,0.8772052578841781,0.12191734036223341,0.0006742109523663591
3174,0.0007282911185330957,0.9083829384620645,0.09052203513551875,0.0003667352838836672
3175,5.008943446951584e-05,0.9413469763872713,0.05849638503043626,0.0001065491478229681
3176,5.979065774354593e-05,0.9283754723937842,0.07142098101421007,0.00014375593426235202
3177,0.002604948813040958,0.525121372387645,0.44842747720052806,0.023846201598785942
3178,0.0001674590360643391,0.6180242746367354,0.3777416466846156,0.004066619642584804
3179,7.753772671262374e-05,0.533582730953482,0.46434875232457873,0.001990978995226739
3180,0.00037033998318329126,0.29872295172615404,0.6792667183186383,0.021639989972024393
3181,0.0002477253410066918,0.841893771627603,0.15765297648868276,0.00020552654270742027
3182,0.0007002987344560479,0.7219273087828094,0.2742502187812876,0.0031221737014469125
3183,4.848869440840155e-05,0.79455573374691,0.20492454157270829,0.00047123598597310315
3184,0.00016085547245570873,0.9383918390970672,0.06132773085751098,0.00011957457296610686
3185,0.00013056987509144663,0.8598937880069005,0.13940770998283228,0.0005679321351757931
3186,0.000556133731432489,0.8648448510271822,0.13383914180046483,0.0007598734409205774
3187,0.00010843578325408141,0.9694781325822202,0.030365759337783266,4.767229674252454e-05
3188,0.0002563564146557461,0.85833327570096,0.14079636703478263,0.0006140008496017358
3189,0.0010662157028259955,0.8821694030046333,0.11631266754802783,0.00045171374451289265
3190,0.00015402735634880706,0.9209340126214315,0.07869380914453962,0.00021815087768007043
3191,0.00042280623080317043,0.255576917599747,0.6701422706405173,0.07385800552893251
3192,8.36649382479017e-05,0.8976880899964507,0.10208632311353331,0.00014192195176818766
3193,3.396716864762571e-05,0.7892419973220566,0.21043836723672862,0.0002856682725671698
3194,0.0022918368944572463,0.5674236717607908,0.42066797882927476,0.009616512515477205
3195,0.00018762489781846937,0.8628547148351985,0.13646943015053736,0.00048823011644569275
3196,0.0002034206212649182,0.9448361627757902,0.05486287841468212,9.753818826271557e-05
3197,0.0006223485803584113,0.8157238628260162,0.18314021680012138,0.0005135717935040911
3198,4.589651355230415e-05,0.8150385812899597,0.18445837750871844,0.00045714468776942495
3199,6.295124196176932e-05,0.9729344400771176,0.026929646128529175,7.29625523914003e-05
3200,0.00039279213783472415,0.9525312938961848,0.046934097389651555,0.00014181657632888778
3201,0.00013967755549678325,0.5081836162423187,0.48594237686728836,0.005734329334896196
3202,0.00022897323377376775,0.6370226093157937,0.36009984451281907,0.002648572937613473
3203,0.00025613736732579926,0.2257119442386993,0.7044478438724526,0.06958407452152232
3204,0.00011167711222335697,0.8281827659074229,0.17093907813702955,0.0007664788433242397
3205,4.47937381399429e-05,0.9532465352217259,0.046602584760396075,0.0001060862797381776
3206,0.00024183533803146263,0.9770968650331665,0.022598355153498655,6.294447530343754e-05
3207,0.00029774012953830186,0.3608434828797989,0.6248237330266424,0.01403504396402044
3208,0.0006679198816319008,0.9522987785235604,0.04684941933121774,0.00018388226358999834
3209,0.0015964639799323152,0.6525856414622804,0.3276963809749739,0.018121513582813414
3210,0.0005098281985699378,0.07490820701157638,0.44699850676384645,0.4775834580260072
3211,0.0009038199705030787,0.9287469442700358,0.06987614270943712,0.0004730930500241153
3212,0.00012480794438949502,0.9691740793858303,0.030637522014935543,6.359065484464598e-05
3213,0.00011218886346712963,0.08963558662873244,0.7595032117823991,0.1507490127254013
3214,0.00023060091254667505,0.45360438410838083,0.5328582192999911,0.013306795679081305
3215,0.00027154904586235894,0.8254734597342654,0.17329766849999764,0.000957322719874559
3216,9.069517761311277e-05,0.7115076701756095,0.28731296086013464,0.001088673786642917
3217,0.00011121665742619802,0.9108041830771116,0.08887704433959957,0.00020755592586266957
3218,7.417967870906425e-05,0.9804115764174441,0.01947712653497746,3.71173688693695e-05
3219,0.00024586688572551194,0.9558914930204778,0.04374790314096175,0.00011473695283490693
3220,0.0004450015612100447,0.8713252684007975,0.1276683863527327,0.0005613436852597928
3221,0.00016501964250144007,0.9652872818897911,0.034413964286247746,0.00013373418145973026
3222,0.00043342127972503157,0.21022796636829544,0.6877957074969697,0.10154290485500977
3223,0.001292375687693644,0.58412002850884,0.3912896961816974,0.023297899621768925
3224,0.0002079747373310592,0.9666274760460025,0.03301621197942792,0.00014833723723847397
3225,0.0025632870407786643,0.7603548771107105,0.23077341495515208,0.0063084208933587745
3226,0.0009453431216911343,0.7939955697083751,0.20399481797928654,0.0010642691906469532
3227,0.0004913525084708237,0.6063865176825052,0.38686248643909416,0.006259643369929711
3228,0.000290514361933349,0.8352878816294377,0.1620264364358443,0.0023951675727845144
3229,0.00020089186148945838,0.8873932093573818,0.11118413731197355,0.0012217614691552795
3230,0.000449651087419118,0.38175668278677033,0.5898417606519287,0.027951905473881853
3231,0.0003649997778011569,0.5340427389362544,0.4616919165673097,0.003900344718634734
3232,0.00011235145907612863,0.05496211603021044,0.589009904251252,0.35591562825946155
3233,0.00015075184307290662,0.7315411441389836,0.2671932508192491,0.0011148531986944594
3234,0.00024484921339952586,0.4669548514286,0.5197993171500023,0.013000982207998281
3235,0.0002243135431742986,0.6973082247729524,0.2995440991629805,0.0029233625208927726
3236,9.846255891752764e-05,0.7906023596803315,0.2083080012560165,0.0009911765047343978
3237,8.931477705200688e-05,0.9261772649952168,0.07348878450579736,0.00024463572193385004
3238,0.0004008811889668085,0.8016689345122433,0.19705895897676567,0.0008712253220243017
3239,0.00018944210055297134,0.7739617125176539,0.2249664828344511,0.0008823625473420311
3240,0.00011319943987043342,0.6498323418066521,0.34816253801023583,0.0018919207432417564
3241,8.469262999927362e-05,0.5228100670025482,0.47115192772567993,0.005953312641772644
3242,5.110012991634931e-05,0.972278554789605,0.027610581496975498,5.9763583503152273e-05
3243,0.00011266127281576706,0.12419847043011015,0.8102488604963396,0.06544000780073454
3244,9.21918924784561e-05,0.4613008693323492,0.5362791278956321,0.002327810879540223
3245,0.0015165360241558134,0.5357416528644479,0.4390167674712337,0.02372504364016267
3246,0.002809772974628604,0.38926066956361705,0.5137743957016888,0.09415516176006555
3247,8.656370844754603e-05,0.6448037205232443,0.35336430840689287,0.0017454073614154247
3248,0.00024702076518522527,0.8185771170739313,0.1800281835489338,0.0011476786119496013
3249,0.00019019206463630482,0.8778690108160984,0.12151612437581533,0.0004246727434500776
3250,9.132800355819457e-05,0.4589044050799775,0.5390462394887332,0.001958027427731097
3251,0.0012235851805034688,0.8227618545002524,0.17486796596588544,0.0011465943533587866
3252,0.00037911237713311735,0.21637976583627241,0.7050422597834423,0.07819886200315221
3253,0.0001239714498614502,0.46861351118531785,0.518945505539807,0.012317011825013796
3254,0.0002127783957500135,0.50895697326924,0.48510102588544135,0.005729222449568617
3255,0.00016197440950668762,0.6688179212050283,0.3271497506211984,0.003870353764266624
3256,0.0007410061696873269,0.6769921577723848,0.31999499465088244,0.002271841407045623
3257,0.00016153640976480208,0.9812397296022107,0.018547403828584712,5.1330159439767587e-05
3258,0.0010682610874826089,0.9586052167913184,0.04015381506029492,0.00017270706090410774
3259,0.0001993908794118041,0.9363420699387274,0.0630352221888974,0.0004233169929635327
3260,0.0005746534244257733,0.6537273630756912,0.34084346716668823,0.004854516333194879
3261,6.674898965575365e-05,0.9678988312369635,0.03197595324545167,5.8466527929100466e-05
3262,3.4721011722884363e-05,0.8042414889578002,0.19533185480458337,0.00039193522589358215
3263,4.75012001898676e-05,0.9600206126884567,0.039885908282074584,4.597782927887515e-05
3264,0.0011546489839300916,0.5098005971707326,0.46958186106023736,0.019462892785100036
3265,0.002143805346842864,0.48548443826892707,0.45868227841349707,0.053689477970733056
3266,5.8085759848409525e-05,0.540644477374023,0.4575255434637199,0.0017718934024086607
3267,0.0002692260461680342,0.8125554024888884,0.18654015145479694,0.000635220010146499
3268,9.272233630780991e-05,0.5089489280157187,0.48804485405764975,0.0029134955903237524
3269,0.00040922186141270487,0.9592830714713163,0.040175112356894374,0.0001325943103766761
3270,0.00010237750032600931,0.9112444010466314,0.08851364599547223,0.0001395754575703621
3271,0.0023330807444589684,0.27930254648932057,0.5352482779058518,0.18311609486036862
3272,0.0020751705251370587,0.2648359055436392,0.5844116147700593,0.1486773091611644
3273,0.00033825055623141776,0.05790465442136618,0.32215944403708374,0.6195976509853187
3274,0.0005069681070187849,0.9139189775812956,0.0852909546455913,0.0002830996660943445
3275,6.29288586380044e-05,0.7184982890920696,0.28037563425384143,0.001063147795451069
3276,0.0002098768388556929,0.8971853435541899,0.1021409129221041,0.00046386668485031503
3277,0.0005290244504809914,0.4825206122911499,0.49679364586310887,0.02015671739526021
3278,0.0025164628785528803,0.6393907743965982,0.3489990819472564,0.00909368077759246
3279,0.0006526511377234319,0.40525818999451046,0.541403461748721,0.05268569711904517
3280,0.0008938586060631228,0.8446306775730634,0.15320619490668222,0.0012692689141912826
3281,0.00018300513096263402,0.1149842188041258,0.7974012626515311,0.08743151341338051
3282,0.00132023544248189,0.8793391480694368,0.11871415493696011,0.000626461551121163
3283,7.644517228575847e-05,0.8271213636262662,0.17230729855106877,0.0004948926503790857
3284,0.00011460591327982875,0.14463978410177114,0.8000037717702494,0.05524183821469965
3285,0.005205219504837788,0.8096813196793218,0.18311172246364402,0.0020017383521965543
3286,0.0006596398739480067,0.6200442949160206,0.3752221576564396,0.004073907553591823
3287,2.8201296273977262e-05,0.7683731195503155,0.23135290333616484,0.00024577581724576596
3288,7.929455421866123e-05,0.841840506880483,0.15775171203582913,0.0003284865294693869
3289,0.00012703342918322824,0.44931813139133,0.5447598113353728,0.00579502384411403
3290,0.00015345198599846615,0.9283392252618735,0.07127740395932827,0.00022991879279975373
3291,0.0003851309070945589,0.9789226075627977,0.02062861210013977,6.364942996795172e-05
3292,3.660967910547961e-05,0.9554780235796957,0.04443124806010619,5.411868109270509e-05
3293,6.494000762610344e-05,0.7603959596857301,0.23904108927954876,0.000498011027094982
3294,0.0001712304669188451,0.9067808955929827,0.0927967371960927,0.0002511367440058391
3295,0.0017955329944989583,0.5473648524353651,0.43628001679865125,0.014559597771484686
3296,6.632855593438698e-05,0.9448895276075494,0.05493778048398865,0.00010636335252757684
3297,0.0003396596782209674,0.9563191765333422,0.0432908864492864,5.027733915051154e-05
3298,0.000273538277775645,0.6774157508692737,0.31811424959941065,0.004196461253539947
3299,0.0006344125761577156,0.7606495150754037,0.23636752862453494,0.002348543723903648
3300,0.00014223394741292702,0.9113887701851979,0.08816790104331165,0.00030109482407750926
3301,9.368494943146031e-05,0.9224615208333367,0.07732310826235164,0.00012168595488022265
3302,0.0002227926398631489,0.19501912808220812,0.7406680615136407,0.06409001776428808
3303,0.00018506629164343415,0.9768860337386824,0.022881681603332555,4.7218366341657965e-05
3304,4.419828325427309e-05,0.9055856486880665,0.09426365647141396,0.00010649655726534798
3305,0.0007341528391680899,0.8617865114301004,0.13628604032292896,0.0011932954078025205
3306,0.00088708196614645,0.4199951292157612,0.5455905134078506,0.03352727541024187
3307,0.00012662265836606073,0.6026082973674366,0.3963697836839592,0.0008952962902382673
3308,0.00029511277010391536,0.21073740937497648,0.7762480660419833,0.012719411812936288
3309,0.00034588275282342306,0.9510676904928421,0.04831696250236898,0.00026946425196553374
3310,6.535811249316017e-05,0.7305102305990558,0.2683881193472204,0.001036291941230563
3311,5.439639680167879e-05,0.40095861062378485,0.5950662567229558,0.003920736256457783
3312,0.00017072377005857475,0.8864724654457502,0.1132356820816095,0.00012112870258171806
3313,6.743725577549171e-05,0.8846634911312022,0.11495444414328988,0.00031462746973238775
3314,8.054685424577558e-05,0.9336081399586514,0.06616262085773786,0.000148692329364965
3315,0.00013781278191502788,0.15863598449217406,0.7791632506088307,0.06206295211708029
3316,0.00022769435733911253,0.2221251624094689,0.7161425142212723,0.06150462901191971
3317,6.310917614276991e-05,0.23930684750347825,0.7535589393093565,0.007071104011022566
3318,2.2259312733600672e-05,0.1356643318859771,0.8619425237115839,0.002370885089705488
3319,0.0003038073465117168,0.9037312997592554,0.09562061717813923,0.00034427571609379
3320,6.708797353858956e-05,0.19264261424394252,0.7772416057333069,0.030048692049211793
3321,2.3976902148591296e-05,0.08296838081818021,0.8862544672427285,0.030753175036942724
3322,5.107374225499889e-05,0.05711064706841477,0.7292421082952346,0.2135961708940957
3323,5.0355383713676306e-05,0.9730844586054208,0.02683122360020109,3.396241066453514e-05
3324,0.00019053219673153808,0.9002505933028163,0.09917018821562346,0.00038868628482879836
3325,0.0003002821403781525,0.6070977526697288,0.38743438316766476,0.005167582022228375
3326,0.00010921384517299576,0.978528919454223,0.021314477287180587,4.7389413423325796e-05
3327,0.010453615560392098,0.9061394196920324,0.08230055398279568,0.0011064107647798366
3328,5.8452247243785634e-05,0.8190670530813728,0.18063067811536307,0.000243816556020399
3329,0.00016028654564475504,0.9135037055933009,0.08592781162045551,0.0004081962405989632
3330,0.0003963992367239641,0.7297036142418846,0.26739661460709413,0.002503371914297389
3331,5.1293183974432e-05,0.7630704312929215,0.23618527110512433,0.00069300441797969
3332,9.614880554625135e-05,0.7786795530114067,0.22037992878893933,0.0008443693941078606
3333,9.041477821470206e-05,0.6939822181743768,0.30534863600666745,0.0005787310407411742
3334,7.24326963143369e-05,0.3640871732005894,0.6298215433476191,0.006018850755477117
3335,0.00012596176315201848,0.892209311190657,0.10751184360444,0.0001528834417509809
3336,8.318459450671817e-05,0.8418363133456126,0.1577702555622114,0.00031024649766912447
3337,4.231564822630518e-05,0.7492040742132683,0.25038456354791816,0.00036904659058731813
3338,0.0001883705944578066,0.4156713111736438,0.571525676499753,0.012614641732145455
3339,4.1707843411304195e-05,0.9172173142766968,0.08260232337854878,0.00013865450134310932
3340,0.00036104152605233346,0.6489651670744339,0.3475672833871061,0.0031065080124076574
3341,0.00012545186999722596,0.7181305595890171,0.2804462271977872,0.0012977613431985504
3342,0.00019073235503486822,0.9272312751124914,0.07228211212351349,0.00029588040896037256
3343,0.0001679608486085687,0.7978792230436061,0.2015138966409559,0.0004389194668293558
3344,0.0008023959023397401,0.3427988739160872,0.6147031464998467,0.04169558368172641
3345,5.1856870144562645e-05,0.8945620508850056,0.10519896837107967,0.0001871238737701559
3346,5.0713270947576665e-05,0.8545291428881653,0.1451264079455446,0.00029373589534269315
3347,6.535670797013311e-05,0.9391087157381635,0.06068755785555001,0.00013836969831643078
3348,0.00018474954058716892,0.8947888461847545,0.10472243729300369,0.0003039669816547402
3349,2.6612068186067878e-05,0.7198494945066695,0.2797033242753686,0.00042056914977574246
3350,3.948180900491286e-05,0.818523779166829,0.18113874072459088,0.0002979982995753698
3351,0.0009646413513496792,0.9438524260680646,0.054898428459296746,0.0002845041212890194
3352,0.0001778830185465695,0.5333807679261143,0.4626682061514698,0.0037731429038692565
3353,0.0008080268902411846,0.952770926934598,0.046083802692207125,0.0003372434829537479
3354,0.0014696312624489496,0.9567720138643999,0.04133929883978512,0.0004190560333660215
3355,0.00034155053274251463,0.3343727565786252,0.6562947201592715,0.008990972729360783
3356,0.0003572677930350767,0.0940429683588665,0.6048358934846907,0.30076387036340774
3357,0.0006598354736901685,0.6652673413071154,0.33347143898512893,0.0006013842340654164
3358,0.0003976249110544,0.9700591656121939,0.029403948312684575,0.00013926116406724032
3359,0.0006092766168166767,0.27762298436464405,0.6779653372134878,0.04380240180505137
3360,4.5087039281066644e-05,0.7793780714583033,0.22020003306767208,0.00037680843474361
3361,0.0010318085196898072,0.40244966530363213,0.5455689182646889,0.05094960791198916
3362,0.019719705237826797,0.8547901818897566,0.12296650225088493,0.0025236106215315844
3363,0.00015362833892487005,0.20494218929059527,0.7792218135978406,0.015682368772639267
3364,0.0011424188839981339,0.22696417325891494,0.6102951754280469,0.1615982324290401
3365,0.00019837272403098885,0.9784824709775058,0.021231474790836865,8.768150762635966e-05
3366,0.0015776309918509154,0.892136244729944,0.10511898247971825,0.0011671417984867834
3367,5.832197506681623e-05,0.9243938418088316,0.07510472863943987,0.00044310757666171945
3368,0.00012234583018626427,0.915933467008943,0.08341160254739066,0.0005325846134801369
3369,0.00014200639064841175,0.6996664990092195,0.2995715887296734,0.0006199058704586414
3370,0.00024350803484781287,0.6745854480964533,0.3239214200433236,0.001249623825375405
3371,9.123138445816746e-05,0.14892240703393508,0.7137658137232777,0.13722054785832904
3372,0.00022774786793550278,0.42562238858203433,0.557648414885245,0.01650144866478533
3373,0.0007584311711350154,0.37186535901030265,0.5920028352728431,0.03537337454571911
3374,0.0011384772381104688,0.15389411951248821,0.5694197864130107,0.27554761683639056
3375,0.00024603788268069,0.8501920114389254,0.14902181240381326,0.0005401382745804396
3376,0.000129631772362196,0.770926811048576,0.22845253986537328,0.0004910173136885023
3377,0.00021262660525839548,0.7314253709498719,0.266372892981771,0.001989109463098586
3378,0.00030901809583919253,0.06233702584496385,0.3673680033780263,0.5699859526811707
3379,0.0003335419328298281,0.9160817306954833,0.08329259924529743,0.00029212812638947154
3380,0.00121672866483705,0.7780643451459763,0.21902683102176146,0.001692095167425146
3381,0.0002120142454233598,0.6625062372640218,0.3356551872610807,0.0016265612294742136
3382,5.569539448061407e-05,0.3924830032217344,0.6040370545246289,0.0034242468591562194
3383,0.00031249542677208814,0.1400008630874866,0.7701046125207497,0.08958202896499173
3384,0.00011309741790950815,0.29704283760202255,0.6936520892345551,0.009191975745512863
3385,2.9498962300464304e-05,0.2598779096636993,0.7346321109840457,0.0054604803899544856
3386,0.0006512293350143896,0.9435863032190979,0.05564366061725607,0.00011880682863155037
3387,0.00013554700491060002,0.17469472790014953,0.7699897102858577,0.05518001480908216
3388,0.00019438193314617443,0.8683807577588581,0.13105958183669547,0.00036527847130016965
3389,0.0004566337635574502,0.9536108206993302,0.04567605133761189,0.00025649419950044564
3390,9.225641421844857e-05,0.8747382260924187,0.1247927106643839,0.0003768068289790114
3391,3.3588338740562094e-05,0.584525252552762,0.41461142442079,0.0008297346877074058
3392,9.438006483017807e-05,0.14355531157119283,0.742794762525995,0.11355554583798202
3393,0.00046597672941122624,0.7660230621535625,0.23193828037616143,0.0015726807408649505
3394,4.802499196456843e-05,0.9032204622280592,0.09647125674729327,0.00026025603268302946
3395,4.194427382555647e-05,0.6713462060657142,0.3278729361066211,0.0007389135538392846
3396,0.00010760073944027876,0.7798404296524455,0.2192493782285136,0.0008025913796006405
3397,0.0026510313674955907,0.9645383203929015,0.032688210546242075,0.00012243769336085344
3398,0.0005645108845207139,0.8441204125995438,0.1547316580589494,0.0005834184569860995
3399,0.0003182090122423482,0.25459940272978,0.7211770283107188,0.023905359947258946
3400,0.00030989241384897113,0.8529839003062646,0.1463242621083258,0.0003819451715607021
3401,0.22147424551021283,0.4544754603001565,0.30731476827573245,0.016735525913898146
3402,0.0009166508724073311,0.5428050493361295,0.44210167023499514,0.01417662955646813
3403,0.00011340469465761389,0.652353446208809,0.34631647736971455,0.0012166717268189936
3404,0.000545888090567641,0.21235966254220037,0.7187364340785256,0.06835801528870647
3405,0.00046142167473069254,0.685698410861938,0.30774712762995626,0.006093039833375095
3406,2.2827053810131268e-05,0.08896595905571038,0.9010606687472551,0.009950545143224448
3407,0.000505160424189486,0.4399955693891541,0.5442331297673902,0.015266140419266268
3408,0.0003391345410246989,0.9285732261115403,0.07079095423062066,0.0002966851168144509
3409,0.00020740267068500252,0.8822428487738758,0.11726425251255204,0.0002854960428872069
3410,0.00020960305858558386,0.2579451119225501,0.7042033198132616,0.03764196520560282
3411,0.00029633089592556445,0.9366047175671605,0.0627984926053781,0.0003004589315359649
3412,0.0004771983920072708,0.9019072791873056,0.09679243216517434,0.0008230902555128415
3413,0.0007201334668433634,0.7585217631184735,0.23837681507599473,0.002381288338688289
3414,0.0004891548220263683,0.4382586469875904,0.5542199547960164,0.00703224339436689
3415,0.0006820950102385812,0.5915653843565817,0.4024944168210011,0.005258103812178737
3416,0.0011669689933826296,0.7092776904068694,0.2821311058484739,0.007424234751274144
3417,0.0006688595803919158,0.8435928544386723,0.15276185861371164,0.002976427367224238
3418,0.0007680635400097277,0.2783073531319291,0.6369295271266924,0.08399505620136866
3419,0.00024149971466560317,0.5030630364529649,0.49527571409631527,0.0014197497360542162
3420,0.0008927240952294586,0.9078706353946475,0.09065553144326136,0.0005811090668617119
3421,0.00011515698648718487,0.5497026166393556,0.4451249456716407,0.005057280702516336
3422,0.00017930612626015707,0.8349103668249163,0.1643461775297817,0.000564149519041809
3423,4.4619806644787526e-05,0.8959608456570333,0.10380726034666547,0.00018727418965648517
3424,0.0002635760513870672,0.6916689428333243,0.30585022130057016,0.0022172598147185583
3425,4.8936450379462884e-05,0.836083111539746,0.1636076157024674,0.00026033630740710987
3426,0.00026841771700337195,0.3118066421823073,0.6590940912283283,0.02883084887236097
3427,0.00015362469502357062,0.918433098224945,0.08123091871019919,0.0001823583698323049
3428,0.00026436017862517894,0.9798703225428637,0.01980925825968233,5.60590188289221e-05
3429,0.00019107271055461217,0.9345042232963675,0.06516783752191013,0.0001368664711678069
3430,0.0002914970276746359,0.8556033029452718,0.1435727647285373,0.0005324352985163257
3431,0.00816528138068126,0.8942020640612518,0.09713206562558582,0.0005005889324810929
3432,0.000145249100408146,0.3347545345193146,0.6504458147764303,0.014654401603847053
3433,0.00034573519959237297,0.6670731582675906,0.33162293247017793,0.0009581740626390677
3434,0.0004026589066026593,0.8952490011026047,0.10406784885603682,0.0002804911347558024
3435,0.0006240894817169471,0.8988879888012454,0.1000271440980115,0.0004607776190260867
3436,8.664613961690103e-05,0.9707534008816681,0.029081942441356444,7.801053735864182e-05
3437,0.001506932339932624,0.37204996910911997,0.5740369029691533,0.052406195581794116
3438,0.00015057523900882249,0.19029769372147898,0.7750993956249398,0.03445233541457245
3439,0.0002503183252118885,0.8849313894938257,0.1140104869996884,0.0008078051812740494
3440,3.6834028038680935e-05,0.18613689439970632,0.8079100686397284,0.0059162029325266615
3441,0.00017264551791160555,0.2176410847352669,0.7405000144866934,0.04168625526012817
3442,0.00032936842333837165,0.9480557261099074,0.05139900360682444,0.00021590185992972894
3443,6.694376209079887e-05,0.9316554594982465,0.06809918959764029,0.00017840714202254157
3444,0.0006609603180869702,0.6675871060631547,0.32736299712024464,0.0043889364985137775
3445,0.00012455245752278018,0.9728568619498608,0.026960160571299577,5.8425021316980194e-05
3446,0.0001166284861898091,0.8777624456832424,0.12187243911938642,0.0002484867111814615
3447,0.0005791649713074169,0.9259575056012074,0.07316829072515064,0.00029503870233457447
3448,0.00014639186400150863,0.7734479841824428,0.22613484780799373,0.0002707761455619507
3449,7.742180760717462e-05,0.9795254059890237,0.020367202726999076,2.9969476370086434e-05
3450,0.00011408472538255185,0.9587678597747302,0.04094516716618282,0.00017288833370452455
3451,0.0001581118397510508,0.9388078684871225,0.06084875800788939,0.00018526166523716593
3452,0.0003413619331392873,0.6400314052358412,0.35725342669462135,0.0023738061363981584
3453,0.00019301471290886752,0.9203538978477424,0.07931815480901593,0.0001349326303328368
3454,0.0006021800901510536,0.9732717803069962,0.02604868323692991,7.735636592286847e-05
3455,4.2868116794633545e-05,0.8377236696933296,0.16190073593277665,0.0003327262570991365
3456,0.0003682934063563023,0.9348084937105241,0.06457508344890268,0.0002481294342168782
3457,0.00015435846914728482,0.2215682415146621,0.7088460268126024,0.06943137320358811
3458,0.00029848469358776595,0.6908594791781077,0.30786840577725283,0.0009736303510516446
3459,5.6302816167872636e-05,0.9020197678919638,0.09780578473054154,0.00011814456132687586
3460,0.000449281308240264,0.48482060450349984,0.5028220712000507,0.011908042988209109
3461,0.00019294018540518644,0.39198331684289145,0.5976160706681537,0.010207672303549641
3462,0.00011888310988970346,0.9689210673257427,0.030835736796242984,0.00012431276812465623
3463,0.000680882438088093,0.7139161842897431,0.2827415731445097,0.002661360127659029
3464,8.928710084184343e-05,0.6993272273215914,0.29876440831929907,0.001819077258267692
3465,0.0003529339187327552,0.7326563467219445,0.2633791838914394,0.003611535467883494
3466,4.4187543757044324e-05,0.8259886994652536,0.17367265565894754,0.0002944573320419078
3467,6.676013661347257e-05,0.47499797061932897,0.5215425501942825,0.003392719049775031
3468,0.0002541867648379794,0.3274145716386768,0.6465154585440493,0.025815783052435926
3469,0.00037612627055682646,0.25356031548323094,0.7113098558916537,0.03475370235455852
3470,0.00010483203818614224,0.7207849206108348,0.27747830140848273,0.001631945942496483
3471,0.00019897662990401332,0.7193802642472551,0.2784773459444622,0.0019434131783787273
3472,3.856873026770205e-05,0.9108865634367298,0.08887035743935962,0.00020451039364284646
3473,5.79432191153084e-05,0.5960631080416051,0.40338273836718347,0.0004962103720960889
3474,0.0006637753959528368,0.5122507622120747,0.48112028994857303,0.005965172443399484
3475,0.00020620478675018004,0.8062778340260366,0.19203876435644776,0.0014771968307655413
3476,0.0001994174302534719,0.9673565047918641,0.03238235503538569,6.17227424968146e-05
3477,0.0001208455359684844,0.9402270629104498,0.059575076510504935,7.701504307683441e-05
3478,7.593211130992705e-05,0.9761882495477754,0.02366494336317635,7.087497773833135e-05
3479,9.787698249418083e-05,0.6388876449278804,0.3593724831961024,0.0016419948935230853
3480,0.002204726096962297,0.8777219732086222,0.11961978192957884,0.00045351876483669124
3481,7.531429007158522e-05,0.9554615109969737,0.044364907118545155,9.826759440956562e-05
3482,0.00024179726865653802,0.8979928350671889,0.10136732213439098,0.0003980455297636048
3483,0.00025788024541276405,0.21603872266492957,0.6985429968026595,0.08516040028699819
3484,0.0007260681862562275,0.933602831527848,0.0654316838034022,0.0002394164824936504
3485,5.445637242339176e-05,0.687199873014482,0.31211861978571603,0.0006270508273785063
3486,0.0001938003048931792,0.8316547561443289,0.1675620474859761,0.0005893960648018766
3487,0.0003151409076574312,0.8283149406019117,0.17092500361847762,0.00044491487195335097
3488,0.00010177637780366099,0.9414529005550928,0.05835854161418411,8.678145291956769e-05
3489,1.794262214786813e-05,0.8167957076287415,0.1830011040415171,0.00018524570759349975
3490,0.000168676519775699,0.4726857286002506,0.5245665243316529,0.002579070548320837
3491,0.0005809452685716442,0.4582794151986011,0.5313296650606895,0.00980997447213785
3492,7.511001025174031e-05,0.8528087714562939,0.14682899216136286,0.00028712637209161334
3493,9.712754420620567e-05,0.9680450316033739,0.031770600792163255,8.724006025678391e-05
3494,7.537352180963754e-05,0.8676447197451758,0.13193568813947804,0.00034421859353639937
3495,9.104479908522109e-05,0.9404483470708953,0.059263450504414616,0.00019715762560487793
3496,0.00011074582779235426,0.7400523119355017,0.25897740306899997,0.0008595391677059708
3497,5.3764965052422336e-05,0.5612259213530215,0.4374965891125216,0.0012237245694045745
3498,0.00018446943521027725,0.9010590499405733,0.09849004143961983,0.0002664391845966221
3499,0.0002903000130296498,0.1323580698922956,0.7140586804816327,0.15329294961304207
3500,0.0001783404131467788,0.13715943240757655,0.7938247258331562,0.06883750134612042
3501,0.00027083647490421496,0.4087345853019515,0.5787289318006416,0.012265646422502682
3502,9.678215350066786e-05,0.8391039288911615,0.16028406986278926,0.000515219092548613
3503,0.00023867532942753347,0.6719787420633052,0.32417703164084694,0.003605550966420268
3504,0.0001955484355104019,0.8993243495846048,0.09959342504458679,0.0008866769352980358
3505,6.17859859116986e-05,0.8957330022998262,0.10406676806292091,0.00013844365134119143
3506,0.00012920114915874532,0.9710449819080518,0.02877632094562916,4.9495997160303994e-05
3507,0.00031350546896892565,0.9466878927280964,0.052797481268145305,0.00020112053478935446
3508,0.0001537176722234735,0.6535214844769754,0.3451222364044526,0.0012025614463484127
3509,0.0004893551852718027,0.20521891447073476,0.6816249713338302,0.11266675901016321
3510,0.002626080250637234,0.2198025094522572,0.5258388866179552,0.25173252367915033
3511,0.00018583846110733403,0.8549720051811337,0.14452792375513204,0.0003142326026269352
3512,0.0002734821193855425,0.12426984785687789,0.6204317278560452,0.25502494216769134
3513,0.0003737295311466884,0.17719709338666717,0.6996624631908572,0.12276671389132891
3514,0.0003915483685639553,0.944723987127843,0.05472533226712771,0.00015913223646533053
3515,0.00015106308447465335,0.8484874305289102,0.1507806665587399,0.0005808398278753054
3516,0.00012359550779377415,0.9211832504812484,0.07851110055258294,0.00018205345837498256
3517,0.00023525674522406726,0.2619062942926048,0.7230327119236191,0.014825737038552137
3518,0.00047665263131891977,0.5671960568592418,0.42735303361321914,0.004974256896220107
3519,0.00016665217604025533,0.9135110720240963,0.08603748560743676,0.0002847901924267525
3520,0.0001342507477613019,0.05659122416785278,0.4649548287213416,0.47831969636304433
3521,4.7558668058130836e-05,0.8543203487181542,0.14525450112966592,0.0003775914841217798
3522,9.311191531101463e-05,0.7920701821913406,0.2070251665346118,0.0008115393587366052
3523,0.0006170518999978754,0.8274219785227731,0.17023645014842845,0.0017245194288005572
3524,0.0007287919360799052,0.9629703674999268,0.03599735346267144,0.0003034871013218868
3525,0.00047991362529139635,0.925691370672056,0.07371846307157885,0.00011025263107356773
3526,9.127206901784373e-05,0.69869979837141,0.3004514465487276,0.000757483010844546
3527,8.419634140900632e-05,0.5329552712279747,0.4648458789508745,0.0021146534797419378
3528,0.0003197963947077205,0.3879428252640985,0.5950698085840402,0.01666756975715359
3529,0.00018175738043738895,0.3593131625067546,0.6325258465358836,0.00797923357692438
3530,0.00025118812006454956,0.929416289292818,0.06991042174849817,0.00042210083861926796
3531,0.0004044871477471553,0.7401437510471581,0.2578896528554309,0.0015621089496638237
3532,0.0011611157172962089,0.35411078883123176,0.612958951743501,0.031769143707971084
3533,8.882522443078247e-05,0.945312602754026,0.05439396534524135,0.00020460667630194888
3534,8.096015193308052e-05,0.9288223265868435,0.07091904552288258,0.0001776677383409399
3535,0.0002549375838125152,0.952835341557377,0.04670410222586112,0.00020561863294927635
3536,0.00020421517797770584,0.8467464922364293,0.15247977261725248,0.00056951996834049
3537,0.0024919821879248443,0.6637898530846101,0.3261618321633604,0.0075563325641046005
3538,0.0001949198755991402,0.08975338146082276,0.641370345470609,0.26868135319296904
3539,0.00018708624395020557,0.014430529624957715,0.06714866529980458,0.9182337188312876
3540,0.00024871196263319406,0.8531641838212852,0.14567062779413661,0.00091647642194508
3541,0.00011813686383224461,0.4163143617663016,0.5795102443389528,0.004057257030913373
3542,0.0001714419441895328,0.779249797128634,0.21988508973883153,0.0006936711883449944
3543,0.0002845109133649623,0.9329850395981203,0.06654402711369703,0.00018642237481764282
3544,0.0006511358247722487,0.16825402428569142,0.6907421498793125,0.14035269001022382
3545,4.959059028902697e-05,0.9465721010500375,0.053172464438273045,0.0002058439214004079
3546,0.00025473874661872514,0.9464073855655294,0.053184507531169725,0.00015336815668214892
3547,0.00029077683178638177,0.8040882518000556,0.19480511229443342,0.0008158590737246492
3548,0.00017656788028855684,0.3067465291755514,0.6610041367443195,0.032072766199840515
3549,0.0001817631123932303,0.6942117668448435,0.30333674067334726,0.0022697293694160393
3550,0.0013955600772737838,0.3765803972791389,0.5351374571194877,0.08688658552409961
3551,0.0005855972270136219,0.25157436040326453,0.7062407971319148,0.041599245237807114
3552,0.00036768473516171743,0.9791417316634151,0.020406143242981276,8.444035844192478e-05
3553,0.004577029252054473,0.9110185545578917,0.08402804383542575,0.0003763723546280445
3554,0.00019620603096529325,0.46563381398742,0.5195549312577838,0.014615048723830883
3555,0.00015909972088550537,0.4312524369314147,0.5617669818726392,0.00682148147506066
3556,0.00018872909712840688,0.9269450794193075,0.07266641597235107,0.00019977551121304582
3557,0.00033954591509898646,0.907034584455009,0.09220710127631745,0.0004187683535746308
3558,0.00031825401087103586,0.9652468545956905,0.034219637538366314,0.00021525385507214668
3559,0.00033344332023799394,0.9591097501017812,0.040490221392585145,6.658518539560878e-05
3560,0.0002071049052172262,0.9478824450356321,0.05184430441519805,6.614564395266583e-05
3561,0.00029661077941653906,0.9267089442379043,0.07272829436760941,0.00026615061506962706
3562,0.0002854307777597094,0.7443067735631603,0.2542499756720982,0.0011578199869818281
3563,2.221783994685073e-05,0.5353978443186357,0.46422759055019247,0.00035234729122508623
3564,5.4486732754402124e-05,0.4149868628035968,0.5814142983042032,0.003544352159445615
3565,5.861369386807581e-05,0.8454688363668758,0.15424751291225713,0.0002250370269990962
3566,0.0002779886846173022,0.9662074644317564,0.03342293392672578,9.16129569005363e-05
3567,0.0004635932822979922,0.8267956217487813,0.17119367097410482,0.0015471139948160485
3568,0.00047687644361743195,0.9683365566492461,0.031039107502671814,0.00014745940446473185
3569,3.547241952732683e-05,0.9115690399205968,0.08826195042234636,0.00013353723752953346
3570,0.0003182772400308948,0.9161051827746612,0.08288249156367997,0.0006940484216279871
3571,2.0783111699188843e-05,0.9730670481422176,0.026868507701476776,4.3661044606485654e-05
3572,6.41229236961666e-05,0.9599594161833847,0.039929940596606026,4.6520296313025076e-05
3573,6.287208868443221e-05,0.28723470550878144,0.70089613478391,0.011806287618624178
3574,0.00012550339929534994,0.13997683918548803,0.8041110109594107,0.05578664645580589
3575,8.251804610455434e-05,0.8725332210185577,0.12708051357266312,0.00030374736267453194
3576,4.918280590956794e-05,0.013714444406037984,0.1395153174900547,0.8467210552979978
3577,0.00026723452394889055,0.3027531804086005,0.6615049383151576,0.035474646752293136
3578,0.00010091933791599116,0.13425533261419523,0.7823499441742456,0.08329380387364313
3579,0.00020855911643716764,0.41344983783816336,0.5780952112366937,0.008246391808705678
3580,4.501153214875618e-05,0.9703577041344033,0.02957018892076661,2.709541268147049e-05
3581,0.0015303832847558788,0.8798250389237255,0.11764589813870681,0.0009986796528118056
3582,0.10030085489264665,0.7454950404288945,0.147405305914458,0.006798798764000857
3583,0.00027833592534177483,0.8644962631013227,0.13400117244346607,0.0012242285298696412
3584,0.00039712989447293883,0.30184824979548464,0.6500926874565367,0.04766193285350583
3585,0.0003748180281834193,0.7136186860567483,0.28526741198867883,0.0007390839263894712
3586,4.47141844671203e-05,0.9206812405720031,0.07917267802578876,0.00010136721774102139
3587,0.0003270849456752732,0.6920879814575437,0.30412357710399096,0.003461356492790254
3588,0.0009693287572426483,0.8722834010013432,0.12587547689186354,0.0008717933495507711
3589,0.00023776882987536506,0.2844741102143059,0.6827601137039685,0.03252800725185024
3590,0.0006068700146409813,0.3380777122288639,0.6163178541715709,0.04499756358492429
3591,5.3104784289623634e-05,0.4378693948514349,0.5599798878805329,0.002097612483742748
3592,0.00013100867704755593,0.7854253555217553,0.21361331625090416,0.0008303195502930681
3593,0.00021240300457592217,0.406997105628651,0.5828103663946578,0.009980124972115334
3594,0.00016864510498406708,0.05115913280943772,0.4510546359318427,0.4976175861537355
3595,0.0002460619728399511,0.9520010545897124,0.04766132164703624,9.156179041131622e-05
3596,5.307845729186589e-05,0.2327681200958149,0.7393438490752497,0.027834952371643604
3597,0.00011232223216808398,0.9198745809681611,0.07964898033488792,0.0003641164647829886
3598,0.00034582258347843166,0.9732904928181796,0.026296038212334796,6.764638600711915e-05
3599,0.0001426491363520004,0.8825592105075737,0.11712839748501648,0.0001697428710579139
3600,0.0158428794954835,0.8974593745603733,0.08614551431850508,0.0005522316256381711
3601,0.00021694937979119502,0.12691707604621066,0.7027416397378873,0.17012433483611092
3602,0.002117782212678519,0.9092444923360739,0.08817634510065604,0.0004613803505914214
3603,0.0020972021294761575,0.8964228122521285,0.10119763966614445,0.0002823459522508746
3604,0.00035579586898194186,0.936355875938504,0.06305459903838137,0.00023372915413277318
3605,0.00016953404503443725,0.679115470676528,0.31994190517112003,0.0007730901073176305
3606,0.00013069972450697288,0.799173627722324,0.19999970643309245,0.0006959661200764913
3607,1.784105603502007e-05,0.9071758954593746,0.09274337208466005,6.289139993034424e-05
3608,6.029901596391592e-05,0.8516773580387138,0.14801071892862563,0.0002516240166966945
3609,5.1960116969505165e-05,0.6746276928650154,0.32411977613176246,0.001200570886252563
3610,5.332928003563864e-05,0.6120292985531317,0.3865975778453107,0.0013197943215219957
3611,4.186132222412316e-05,0.5118199641767909,0.4857871390618604,0.002351035439124526
3612,5.41196186213279e-05,0.920834433480964,0.07898972807985306,0.00012171882056160504
3613,0.0001967218455810584,0.731738421347085,0.266612678232002,0.0014521785753319472
3614,0.001012341042462488,0.7746243192335469,0.22234466886485638,0.0020186708591341963
3615,0.00032672925626136293,0.4712130078799964,0.5166628559799229,0.011797406883819417
3616,0.00025799745817328045,0.457705761223737,0.5332633822321406,0.008772859085949155
3617,0.0012699176682996422,0.9386164755792519,0.05967319196154855,0.00044041479090006015
3618,0.0001493126382662354,0.77949544368846,0.21966185529140947,0.0006933883818643398
3619,0.0008255943042859994,0.5282277598580645,0.45945373921853483,0.011492906619114746
3620,0.00048051421918536476,0.505784058043597,0.4857151287438965,0.008020298993321085
3621,2.8806992042451938e-05,0.8794070607861272,0.12046015012984294,0.00010398209198746915
3622,4.5016559991390834e-05,0.9562582278433993,0.043628999240256955,6.775635635234381e-05
3623,0.002352799260289086,0.6655734819487015,0.3260319028837895,0.006041815907219867
3624,0.00037570244882375713,0.444449594037533,0.537279324627755,0.017895378885888352
3625,0.00034942252157739846,0.7504212480087938,0.2476891501731683,0.0015401792964604777
3626,0.0002037686402797217,0.37807542795348853,0.6013964976335351,0.02032430577269669
3627,0.00018489209075409148,0.8913005976782196,0.10823444633024187,0.000280063900784473
3628,0.00023800577738917764,0.6877203380229566,0.31092472389578873,0.001116932303865539
3629,0.00018284391399025303,0.9045795523393784,0.09474633022075041,0.000491273525880968
3630,6.743179674162175e-05,0.9717848008270402,0.028101176055142077,4.659132107605599e-05
3631,0.0030868204976111048,0.9469058992896277,0.04969088485545048,0.0003163953573108001
3632,0.0004821574558218951,0.14521532996421968,0.6966194785293834,0.15768303405057507
3633,0.00026035822126975965,0.9221727167281435,0.07725218620587897,0.00031473884470789516
3634,0.0001160770460846655,0.11355665793246847,0.7499934327986029,0.13633383222284406
3635,0.0002476400750625215,0.2138088869799183,0.7320432074063586,0.053900265538660466
3636,6.43321914878713e-05,0.6709839201391354,0.32846016152246066,0.0004915861469161382
3637,3.077486897003055e-05,0.714450607970629,0.28528227770902626,0.0002363394513746633
3638,0.00033999297153230925,0.848058977987232,0.15102420141057638,0.0005768276306593676
3639,4.4551252502668935e-05,0.8814172030616775,0.11830652106402663,0.00023172462179317388
3640,0.0006547482840993776,0.8885849746809651,0.11021861925032445,0.000541657784610936
3641,6.296822380104971e-05,0.6735739678255342,0.3256742100570141,0.0006888538936506693
3642,9.447792684146403e-05,0.6505234013390114,0.3474364795727993,0.0019456411613479074
3643,0.0007185767258614487,0.7568161507082528,0.23990415187111377,0.0025611206947721296
3644,3.043093859543271e-05,0.9601024826419,0.039820585075050235,4.650134445434377e-05
3645,4.8578195744265186e-05,0.9609433222770765,0.038951531021288344,5.656850589098843e-05
3646,0.00023739360738863363,0.8325129902360326,0.1658200965576821,0.0014295195988967195
3647,0.0007908315855494054,0.8623269070675539,0.13555044017914705,0.0013318211677495497
3648,0.00019952351183099578,0.11975937319405751,0.702432761187649,0.17760834210646248
3649,0.00019406788042100072,0.7613034315482519,0.23787881279923706,0.0006236877720899079
3650,0.00015340828175934942,0.39342038425658943,0.5971976840481014,0.009228523413549822
3651,0.00014616379015461648,0.2612862936533241,0.7285836638547519,0.009983878701769379
3652,0.00012855732235793937,0.5125541894880639,0.481427540546511,0.0058897126430672055
3653,2.813651608028931e-05,0.9747166637247374,0.025226396153759316,2.8803605422982406e-05
3654,0.00024084263723215944,0.8987949327918728,0.1005675346646941,0.0003966899062010619
3655,0.0001129240663356484,0.872272609950875,0.12724644610934294,0.0003680198734464463
3656,0.0006094391461518322,0.40612192001039293,0.5689728754345115,0.024295765408943668
3657,0.0011917159003347248,0.17738168854213257,0.5376862301211635,0.2837403654363693
3658,0.0010415012270210495,0.6132405745806669,0.37600834979915104,0.00970957439316105
3659,8.087142169379766e-05,0.982616182476272,0.017266580400536965,3.636570149728364e-05
3660,0.00011277744701838526,0.6453470351297736,0.3529388284086975,0.001601359014510397
3661,0.0006619016550923777,0.21696744241423477,0.6765654405244325,0.10580521540624031
3662,0.0003478716782806492,0.6840150873575022,0.31396009553504156,0.0016769454291756735
3663,0.001015061688188081,0.5619171142623617,0.43122583350740673,0.0058419905420434405
3664,0.0008423409144756024,0.6096527130517503,0.3820168373974211,0.007488108636353051
3665,0.000894004052751068,0.44324637235828523,0.5264953245072261,0.02936429908173758
3666,7.47649472645493e-05,0.6879503570910152,0.31094975382053075,0.0010251241411896562
3667,0.00015451113704885807,0.8590897410427509,0.14036445106174514,0.00039129675845488734
3668,2.362671207623128e-05,0.9535070847265129,0.04641744879118848,5.1839770222433396e-05
3669,0.00010075528456545145,0.5976737410280234,0.4000136535009046,0.002211850186506594
3670,0.8899170317651367,0.09107370117280968,0.013751208538961444,0.005258058523092226
3671,0.0003163740269284862,0.8462821759167743,0.1521067670556533,0.0012946830006437902
3672,0.00024317884375399428,0.9837854979205952,0.015935099147753623,3.6224087897214264e-05
3673,4.4992373333231e-05,0.9141109656455302,0.08565668241068769,0.00018735957044885583
3674,0.00032324789191672,0.8133627115442332,0.18455614818985727,0.0017578923739927847
3675,0.000497274639873258,0.6926747191377084,0.3015499652676938,0.005278040954724677
3676,0.0014425765652700375,0.3733638870058543,0.5887640672339551,0.03642946919492049
3677,0.000595723411702917,0.22255232005886827,0.7284992909940885,0.04835266553534035
3678,0.0003842623572330567,0.9206723219926792,0.07827785649127278,0.0006655591588147298
3679,0.0002457833656511094,0.07509208998402914,0.5225552786900025,0.4021068479603172
3680,0.00025908711635082694,0.3101777211462651,0.673775768999974,0.01578742273741003
3681,0.0001180718504418652,0.972566866252874,0.02727005608687852,4.500580980554682e-05
3682,4.7547255905069695e-05,0.7982575000632468,0.2010502074359275,0.000644745244920597
3683,6.546119345299023e-05,0.6625358080157393,0.335906010199342,0.001492720591465708
3684,0.00037947992930211676,0.9234250402779357,0.0757845171768267,0.00041096261593557247
3685,0.00014516168307390022,0.04908088670143704,0.5785752417558698,0.3721987098596193
3686,0.00013582236466424985,0.9781606111305711,0.02164803380945062,5.5532695314101796e-05
3687,0.006301960704505977,0.8756455551046631,0.11661683131843395,0.0014356528723970339
3688,0.0001903863778878243,0.9288451059961456,0.07047112182521671,0.000493385800749895
3689,0.00021840537822232102,0.8539216736486631,0.14528799761124128,0.0005719233618730975
3690,0.0012202267165846866,0.7564844929003608,0.24033879946243275,0.0019564809206217195
3691,0.00018254631439117389,0.26823801261759656,0.7104353657229235,0.02114407534508867
3692,0.0004346992643096662,0.37612487653735,0.5806476217824234,0.04279280241591693
3693,3.7774018727396933e-05,0.08736979020820607,0.9022173388200381,0.010375096953028469
3694,0.00010321873633897132,0.5941882392814675,0.4031456557268157,0.0025628862553777757
3695,0.0008797562600905605,0.31786522926032884,0.6223711905215019,0.05888382395807879
3696,0.0001987873925431676,0.7218441111775072,0.27627481486818395,0.001682286561765613
3697,0.00018797580364448592,0.43935624395806905,0.5521899280656901,0.008265852172596374
3698,0.0002752909930965572,0.896388260233304,0.10313655650358393,0.0001998922700155825
3699,5.1873513184718044e-05,0.950107001496612,0.04980403845566424,3.70865345391058e-05
3700,4.285208179033494e-05,0.4394324851277642,0.556885504653451,0.003639158136994413
3701,0.0002429712668097777,0.1510945765076107,0.7520265709480918,0.09663588127748769
3702,8.773479343252482e-05,0.847332150362138,0.15225856058947035,0.00032155425495911696
3703,0.00011599039626585137,0.8745344972211507,0.12473321815762443,0.0006162942249590288
3704,8.407625535580959e-05,0.9181970090298063,0.08148962537642662,0.00022928933841135618
3705,0.00011418014634309664,0.9493995653858731,0.05034320262762924,0.0001430518401543991
3706,0.00014515846754943373,0.06769146638639002,0.6762540071953285,0.25590936795073205
3707,0.0003572514160562535,0.3132869834399765,0.6498777289842645,0.03647803615970272
3708,0.0001478258246125338,0.9223324412628781,0.07706204487268682,0.0004576880398227292
3709,0.0004444881240490355,0.7953017176225594,0.20091690179677593,0.0033368924566156435
3710,0.0005560326576499778,0.8972304596223807,0.10189248244222202,0.00032102527774721565
3711,0.00015219057058924818,0.7515041292550129,0.24759839939141212,0.0007452807829857919
3712,0.0006125667166858238,0.6719117623724272,0.3235936407866359,0.0038820301242510156
3713,0.0002550496634376592,0.9482762027723489,0.05126187128767414,0.00020687627653924318
3714,0.00033414181598782075,0.457863762610898,0.5296417379740277,0.012160357599086534
3715,0.000739154545096756,0.11524378683119386,0.4264080998215499,0.45760895880215946
3716,0.0010198209258860161,0.8897561498559494,0.1084856667267424,0.0007383624914221896
3717,0.00031818199278007376,0.955916622845794,0.04354611691362794,0.00021907824779779652
3718,0.00024148576672531315,0.2730750668869325,0.6551610735646649,0.0715223737816773
3719,8.556126136716038e-05,0.09889992477077605,0.6823722820067298,0.21864223196112686
3720,0.001831327936101823,0.841864443910498,0.15548197799868196,0.0008222501547182034
3721,7.421317253491878e-05,0.7091002442148505,0.2896880292326252,0.0011375133799894368
3722,0.00029817765586162304,0.6273967490989785,0.36811317863437404,0.004191894610786004
3723,0.0009222183628901095,0.5231310887025417,0.45925020056759014,0.016696492366978278
3724,6.369079470610837e-05,0.8697882758227752,0.1299129832952792,0.00023505008723953742
3725,0.0002180449990511071,0.8827328998676499,0.11667392766802102,0.00037512746527803973
3726,0.0011351201461882322,0.8948624624476417,0.10306627804195238,0.0009361393642178156
3727,0.00011543067549464887,0.6910382569275897,0.3080427188740531,0.0008035935228624904
3728,0.00015993058423003243,0.5197195051539967,0.4718852418212608,0.008235322440512591
3729,5.387241356651541e-05,0.1019358362217289,0.8580590068444462,0.039951284520258264
3730,4.631412719545941e-05,0.20260651181023318,0.7928434611732693,0.004503712889302064
3731,3.8745773826876996e-05,0.3510267652837619,0.6468035025031796,0.00213098643923165
3732,0.0023255625312429266,0.9276064528763815,0.06975629005691435,0.0003116945354610081
3733,0.00023108280752387946,0.2059794463238808,0.6816914222748091,0.11209804859378629
3734,0.0003282598706419563,0.19621315191530742,0.6741845201843021,0.1292740680297486
3735,0.002083144775615638,0.6868959444707188,0.3030000859881615,0.008020824765504118
3736,0.00021676536013390385,0.8992340760660745,0.1002653218733375,0.00028383670045408605
3737,6.314149595865599e-05,0.9505909227187964,0.04924412400494418,0.00010181178030077886
3738,7.837909178594255e-05,0.4783439853555515,0.5176375089995243,0.003940126553138265
3739,0.0005239924749246847,0.5160547167516024,0.46409050075034,0.019330790023132857
3740,0.0002176928817169939,0.6515065854304205,0.3461562951088347,0.0021194265790277166
3741,0.00016859613307515883,0.6567072368789979,0.33752833299665386,0.005595833991273107
3742,0.00022193754984792567,0.900486436941336,0.09899279973778605,0.00029882577103006766
3743,0.0006996471324309404,0.2522890496476679,0.6523506758482011,0.0946606273717001
3744,0.0001314836351360299,0.9088922246650576,0.09081239082493524,0.00016390087487119895
3745,8.788691949748922e-05,0.3706830150670706,0.6185659387553581,0.01066315925807372
3746,0.0015410887098984039,0.3303881335197968,0.56520692662045,0.10286385114985476
3747,0.00020303257956366699,0.7696370114512674,0.22822400816747948,0.0019359478016894875
3748,0.0001403889146491569,0.897358848166146,0.10223670329013507,0.0002640596290698294
3749,0.0001610073100207466,0.8950210110211044,0.10456622101810842,0.0002517606507663859
3750,7.608056181787773e-05,0.8938720264787241,0.10579402078258135,0.0002578721768766563
3751,0.0001830856320906126,0.1790971004996477,0.749252566617445,0.07146724725081662
3752,7.376986898020354e-05,0.881231450747423,0.11850070961276218,0.00019406977083459115
3753,0.0001745952491376873,0.9689705692467354,0.03080655002219679,4.828548193014561e-05
3754,0.00010643457339046963,0.8912321986063572,0.10839868644945931,0.0002626803707931545
3755,0.0001279175896404376,0.6339164788173917,0.36431577006027993,0.0016398335326879368
3756,0.00041089079048248515,0.7367903730871003,0.2612665605978524,0.001532175524564799
3757,0.0005010328794481248,0.18627461077181845,0.6860120684381911,0.12721228791054243
3758,0.0001501393515625689,0.7402009391175147,0.25860364916616063,0.0010452723647621375
3759,0.0008801316489909586,0.5879777958318735,0.39675635665986975,0.014385715859265817
3760,0.001151929360294344,0.906785578377721,0.09164085205810708,0.0004216402038775448
3761,0.002277396412421174,0.8982987729932501,0.0989682605083182,0.0004555700860105365
3762,0.00011762381191594994,0.9173588129762353,0.08217017383469549,0.00035338937715320907
3763,0.00011810804626421155,0.3239039676494353,0.6673570859424982,0.00862083836180225
3764,0.00391870942683505,0.7390227299618924,0.2535264555664262,0.003532105044846243
3765,0.0005113278090261085,0.4582498622970079,0.5203457926800223,0.020893017213943654
3766,0.00019610351854219086,0.739678049464176,0.25922018377551354,0.0009056632417682838
3767,0.00023089562883507709,0.49550606533115477,0.49677521204685143,0.007487826993158702
3768,0.0005086085659387999,0.20690118303747518,0.6500255369166035,0.14256467147998253
3769,0.00013566222731586707,0.5789766528569207,0.41776582627233777,0.003121858643425673
3770,3.679845109177693e-05,0.8602495763889013,0.1394237625871505,0.0002898625728564713
3771,0.0008021870898059652,0.27282094532201295,0.5959297494420466,0.13044711814613452
3772,0.0018505103363382041,0.9882077841726075,0.009882457885511457,5.92476055428821e-05
3773,0.003689448138353234,0.2670586899040053,0.5535341537386937,0.1757177082189478
3774,0.00018010119604831224,0.7957566797469029,0.20350213637171896,0.0005610826853298316
3775,0.00014477464097721824,0.7354127268394398,0.2632960131355781,0.0011464853840049086
3776,9.993052392492516e-05,0.7914324967233463,0.2081041180190409,0.00036345473368800296
3777,6.877095970619258e-05,0.9004025524806416,0.09924541252535819,0.00028326403429409104
3778,0.0011548320385206606,0.5725247313251944,0.41043105838565097,0.015889378250634016
3779,0.00023162909483618818,0.8244124447238617,0.17391370239894607,0.0014422237823559375
3780,0.003822634330924344,0.5488140661808457,0.42282407582886317,0.024539223659366814
3781,0.0007569611094241969,0.7728475811334766,0.22396686578135616,0.0024285919757430726
3782,0.0001897075740613086,0.49660444661581016,0.49663687627278374,0.006568969537344751
3783,0.0003736495000315974,0.48934005116849855,0.5002649043958927,0.010021394935577172
3784,0.0008930895811782105,0.40577585932874516,0.5545214487023128,0.038809602387763834
3785,0.0001537344189761865,0.7567949317688372,0.2422576218444777,0.0007937119677090157
3786,0.0005278912343653047,0.4968443886776418,0.4904450057084856,0.01218271437950726
3787,4.824096203286526e-05,0.9567476071804095,0.04316038132327668,4.377053428089904e-05
3788,0.00012508348399488896,0.18513637362655885,0.7335019140735314,0.08123662881591481
3789,2.931412040369636e-05,0.7862973118480809,0.21333910371471454,0.00033427031680077486
3790,9.986113157513734e-05,0.8907980308342673,0.10888933212831116,0.00021277590584647819
3791,6.392511566028175e-05,0.8863188282067436,0.11338701580343666,0.00023023087415938824
3792,8.726978743258009e-05,0.9579724198642791,0.04185208339145123,8.822695683718146e-05
3793,7.22586874335843e-05,0.8258277794789111,0.17336179433605756,0.0007381674975978174
3794,0.0004957947956170422,0.5031700814118137,0.48390015278803494,0.012433971004534401
3795,0.0004251529723927768,0.11432229612728748,0.527598103767261,0.3576544471330587
3796,0.00018099507316935318,0.9448059176973561,0.054888834630847545,0.00012425259862704614
3797,0.0002236825241829201,0.8492442584852511,0.14984092591169312,0.0006911330788728534
3798,0.0012130821965730117,0.9126653746551945,0.08573428718526194,0.0003872559629705623
3799,5.755694645142352e-05,0.890088412836162,0.10966407059239647,0.0001899596249901727
3800,0.00021089703084058433,0.9060093301697606,0.09346202459725451,0.00031774820214440014
3801,0.00041609328969549316,0.908497220611576,0.09071084632864682,0.00037583977008174267
3802,0.00018813653093380437,0.2178058766516964,0.7431140652625963,0.0388919215547735
3803,0.000574589581581387,0.5465673615619832,0.4473100732233795,0.005547975633055955
3804,5.970740083620273e-05,0.637196645888019,0.36126054407173097,0.0014831026394138789
3805,0.00014284032130491473,0.8039238738676575,0.1949185750199014,0.001014710791136181
3806,5.70173582933147e-05,0.9788059025177163,0.021012746032467885,0.00012433409152255327
3807,0.000513043329485508,0.1826751879492971,0.6235638831342513,0.1932478855869662
3808,5.951038058002516e-05,0.6147585282441269,0.3841180138668105,0.0010639475084826301
3809,0.0008096781072287826,0.7762366864585135,0.2209956157439357,0.001958019690322071
3810,4.429103975457799e-05,0.9624991642735561,0.037413849743280485,4.269494340886087e-05
3811,0.0001134102109502174,0.07031059344098267,0.6537835147646741,0.275792481583393
3812,5.694929689100055e-05,0.49650777120582495,0.5003246442704752,0.0031106352268089857
3813,0.00017979177913984723,0.7327077669945838,0.26576550483635897,0.0013469363899174342
3814,2.634797248158442e-05,0.6909995053723251,0.3086401591557059,0.0003339874994874512
3815,0.000123024152347882,0.5740025870138318,0.4246926108829357,0.0011817779508847095
3816,0.00036312861887891095,0.9511057934397589,0.04838811895334101,0.00014295898802114027
3817,7.300643834267978e-05,0.9717084461724548,0.02816634579911154,5.220159009098369e-05
3818,4.775961503305587e-05,0.3656159750509448,0.6316908916376647,0.002645373696357452
3819,8.998816848513842e-05,0.938203949701744,0.06154413084735891,0.0001619312824119475
3820,0.0003423298576723694,0.718335295272689,0.27732354314387014,0.003998831725768532
3821,9.406429626317698e-05,0.8965036151657799,0.10301222047242298,0.00039010006553394106
3822,0.00011184900236907697,0.9728057824226398,0.027044536821018903,3.783175397224318e-05
3823,8.524943673321189e-05,0.6685825004248801,0.3301669165585947,0.0011653335797920871
3824,0.005144873780378287,0.3806389926420906,0.4655249876968297,0.14869114588070154
3825,0.0003959349350691146,0.49330714999937864,0.49273679596768566,0.01356011909786666
3826,5.830260267530836e-05,0.5332575351810867,0.4649808128336663,0.0017033493825717298
3827,6.156776365481546e-05,0.6219284936436049,0.376596059100495,0.0014138794922452748
3828,3.2242585607784054e-05,0.8491577639137335,0.15038708382996052,0.0004229096706982933
3829,0.00041829509889893375,0.9801062518827497,0.019439050502642226,3.640251570917337e-05
3830,0.00015813509995402453,0.6786858609352929,0.320549222289662,0.0006067816750911398
3831,7.022707780586246e-05,0.9370424897060461,0.06267982342706378,0.00020745978908410118
3832,0.0020427188135975025,0.41215941242021914,0.5361664692354345,0.049631399530748854
3833,0.000167293068921791,0.7901304220071863,0.2088549399235136,0.0008473450003783179
3834,7.81552767034711e-05,0.9621687165766467,0.03765285842413034,0.0001002697225194904
3835,0.00022030661506390538,0.9584950794893754,0.041097686762759045,0.00018692713280169375
3836,0.0003624806170952675,0.8947619537829964,0.10427555864106244,0.0006000069588458459
3837,0.0010785107986692809,0.08752966949830979,0.3640519370699665,0.5473398826330544
3838,0.00014473145086815864,0.43942088319968153,0.5574096717582555,0.0030247135911948197
3839,5.34190187998531e-05,0.5871636125168436,0.41153174042236856,0.0012512280419881012
3840,6.063549321369681e-05,0.7718313982020182,0.22788086898504342,0.00022709731972485138
3841,3.7849471194924146e-05,0.10208258236994192,0.8416131797881488,0.05626638837071446
3842,2.35359689060979e-05,0.5143119826920701,0.4846312886076437,0.0010331927313800727
3843,0.0012097367865347576,0.19228586563594152,0.5093286515231301,0.29717574605439356
3844,0.00018073682111496576,0.05448972860967828,0.4080828547967589,0.5372466797724479
3845,0.0001808663561892812,0.9664581372530778,0.033267547210863724,9.344917986918075e-05
3846,0.00023665821114904453,0.28632848350029927,0.67657558456695,0.03685927372160166
3847,5.775959821548474e-05,0.8921262629941435,0.10767436545369138,0.00014161195394939833
3848,0.0013091943872329784,0.43574270910057034,0.5301916892277585,0.03275640728443814
3849,0.0002403099639470479,0.7482442316896436,0.2503479421679459,0.0011675161784634187
3850,0.0003478789014605438,0.33643875889233676,0.6300708887770943,0.03314247342910844
3851,0.0015090099816569276,0.6053116059005085,0.3822331240736436,0.010946260044191084
3852,0.00017486306284593674,0.5543792029130603,0.44328554833942113,0.002160385684672725
3853,0.0001056916679266508,0.24711942753471566,0.7244368177773342,0.028338063020023542
3854,0.0002541800076530775,0.8286544951154762,0.1697196795186796,0.0013716453581911019
3855,0.0004287439292224973,0.7514146171420655,0.24562494436923168,0.002531694559480306
3856,0.0042232346570099675,0.8946979719003159,0.10046021760325186,0.0006185758394223255
3857,7.427628382298788e-05,0.9233819714648179,0.0763713785788625,0.00017237367249670047
3858,0.00023199093626098135,0.9105681185499921,0.08870106482625988,0.0004988256874870861
3859,0.001191834879218007,0.32966606891907974,0.5958902727219166,0.07325182347978562
3860,0.00010399002782550183,0.7155149495107701,0.28401002292635086,0.00037103753505368447
3861,0.0003822585491833955,0.9860511147109612,0.01353836503295517,2.826170690033627e-05
3862,8.809177406756256e-05,0.2992846680335156,0.6940210992168421,0.0066061409755747225
3863,0.00021779114210363797,0.3777049802593133,0.6052295737774784,0.016847654821104632
3864,8.251901054108397e-05,0.9303758319099618,0.0693408787290604,0.0002007703504367518
3865,3.949476499821484e-05,0.9395650679887957,0.06032141963879449,7.401760741160366e-05
3866,0.0020142302661378016,0.5625850430392291,0.41861777726847094,0.016782949426162166
3867,6.709028047965894e-05,0.9134664509708194,0.08625039471685944,0.0002160640318415419
3868,0.000456570488683049,0.9249690967913864,0.07430865563297305,0.0002656770869575103
3869,0.00011112695370989526,0.8092458783346372,0.18961992732022787,0.0010230673914251147
3870,0.00011612182906918636,0.9201090437021019,0.0796782420341319,9.659243469700834e-05
3871,5.9852728714341814e-05,0.8210733573620576,0.1786361192757567,0.0002306706334715086
3872,0.000556399770395047,0.08432545331245818,0.45913798257670124,0.4559801643404455
3873,0.00014182758648287956,0.8928005022777803,0.10666278288742287,0.000394887248313881
3874,0.00010620595616197333,0.94024136732347,0.05955461140838836,9.781531197973854e-05
3875,0.00028710961563367497,0.9535558169411043,0.046033416186632176,0.00012365725662995258
3876,0.00014544888706982418,0.8820056398169465,0.1172842584321737,0.0005646528638100495
3877,0.0010036048192104694,0.3866199442080933,0.5491236550991103,0.06325279587358598
3878,7.274428116968349e-05,0.9854583085094551,0.01439565453176101,7.329267761411941e-05
3879,0.0001236080252994522,0.5856467591620272,0.41093283812358167,0.003296794689091728
3880,0.005637253815683048,0.720204194060226,0.26466354248481383,0.009495009639277248
3881,0.0008507459280060046,0.29271047680546886,0.6161162220571943,0.0903225552093308
3882,0.003397906409161461,0.9443135020998275,0.05190341073850532,0.0003851807525058087
3883,0.00010007933329705737,0.4944089309776436,0.5020274864194257,0.0034635032696336515
3884,3.146389373991706e-05,0.5234603140472305,0.4751927842582182,0.0013154378008114745
3885,0.00015237133988166984,0.3105574783655794,0.6692875595780169,0.020002590716522103
3886,0.0001009584885082767,0.9728343350517914,0.027005408454007604,5.929800569274382e-05
3887,8.062337859081436e-05,0.9284973284620659,0.07125389589206858,0.00016815226727477
3888,0.000588840948563057,0.5603015613704709,0.4298040058268132,0.00930559185415286
3889,0.001900896095861123,0.5555306783488675,0.42653800859849555,0.01603041695677593
3890,4.996893845747335e-05,0.8865466582862737,0.11328495725660513,0.00011841551866372908
3891,3.489551593097605e-05,0.9638743565691864,0.03604760580360301,4.3142111279683515e-05
3892,0.0002506046916512604,0.9629845813879581,0.03672661472313403,3.81991972566611e-05
3893,8.765428771075256e-05,0.6404014323404481,0.35841233038162856,0.0010985829902125652
3894,0.0006912926525553753,0.13882578020419029,0.5248591742921338,0.3356237528511206
3895,0.00040677840060652457,0.9780972853332266,0.02136903892749183,0.00012689733867502759
3896,4.6891470316561435e-05,0.8031605420715688,0.19631294494998958,0.00047962150812502915
3897,8.511024869597223e-05,0.34545413678273407,0.6420334326308248,0.012427320337745199
3898,0.00013638334209264028,0.9811712715686208,0.01866171205949464,3.063302979196899e-05
3899,6.346317766207061e-05,0.9136924179822109,0.08616610031502123,7.801852510584823e-05
3900,0.00028712737489861755,0.6323739314812572,0.36282790735049897,0.004511033793345158
3901,0.00013870769412847742,0.9620336950766316,0.03771701691448694,0.00011058031475298003
3902,9.46926423806118e-05,0.8338378401905362,0.16582283574500487,0.0002446314220784393
3903,5.227451567079954e-05,0.8270395133691072,0.17267418219877131,0.00023402991645072652
3904,2.739074972789774e-05,0.8508551923019503,0.1488671935219916,0.00025022342633024454
3905,0.00010892324434550194,0.5164448228043668,0.4787033255366534,0.004742928414634455
3906,0.0007752576644108936,0.8226605069050303,0.17588801966160494,0.0006762157689538558
3907,0.00012673524246955035,0.7359483768052861,0.2632187352434231,0.0007061527088212379
3908,0.00014008402091231792,0.9304409840277907,0.06926889310032545,0.00015003885097151902
3909,0.00036315863715082573,0.15052518842950602,0.6461618395101697,0.2029498134231735
3910,0.00014554946962091954,0.8502859606372953,0.1491335756958161,0.00043491419726768364
3911,0.0001978958873975919,0.9161668139779424,0.08331261530323869,0.00032267483142129515
3912,0.00047319940408649576,0.8144415344407459,0.18341095156724016,0.0016743145879275906
3913,0.00024446052289583465,0.4464006857003926,0.52937785995795,0.02397699381876161
3914,0.00030154063770234133,0.20720017205840918,0.7559724642375234,0.03652582306636516
3915,0.0005030963068727789,0.8377901528660668,0.16052302084642725,0.0011837299806332217
3916,2.93456098961286e-05,0.41765273146236553,0.5809701349205213,0.0013477880072171023
3917,0.00016684478275946814,0.7454476665349319,0.25339748692377184,0.0009880017585367665
3918,9.269293166799033e-05,0.2698754758211032,0.7157034814495263,0.014328349797702469
3919,0.00015745675409883456,0.26131856736155146,0.7098897575489277,0.0286342183354219
3920,0.00012160827599755149,0.5784830548643086,0.418023617463117,0.0033717193965769046
3921,0.0001615496456065574,0.8519017059302092,0.1474556205880422,0.0004811238361420796
3922,0.0011457115974667666,0.22422281853613357,0.621554926640293,0.1530765432261067
3923,0.0034340711880496704,0.9087419693238754,0.08725798007773436,0.0005659794103406384
3924,0.0001886358798077537,0.29222568974355084,0.6717425736571381,0.03584310071950326
3925,0.0001811159383207364,0.9256337522263589,0.07393844400159127,0.0002466878337291097
3926,0.0005789694097025559,0.9462936283304215,0.052893385864949655,0.000234016394926227
3927,0.00015787100298657794,0.9621050775742271,0.03754013036274696,0.00019692106003930295
3928,0.00029189520591076324,0.9426561095179484,0.05681812558223488,0.0002338696939059722
3929,0.0004740137759532873,0.6559308635955869,0.3406038525506824,0.002991270077777435
3930,6.447581316179188e-05,0.8556410005621597,0.14390609604813784,0.00038842757654045123
3931,0.0015989419817936316,0.8142831550480426,0.18263566184789876,0.0014822411222650772
3932,0.002316919062932332,0.30755873527341065,0.48430177424293913,0.20582257142071791
3933,0.00011365614629107657,0.654195452821857,0.34402290247084966,0.0016679885610022794
3934,0.00022227599837889046,0.44525451369322305,0.5466236350110738,0.007899575297324301
3935,0.00023298480086564669,0.17408477240952855,0.7365318660332769,0.08915037675632892
3936,0.00035991329697186096,0.28306125965864015,0.669914110090599,0.04666471695378911
3937,0.9814757243417638,0.01580312132222786,0.0021259829046505,0.0005951714313578892
3938,0.0009856963799232015,0.7857145334706657,0.2114733078032176,0.0018264623461937055
3939,0.0001226496843413298,0.96759790287093,0.03221442495942462,6.502248530413291e-05
3940,0.0003068976881961559,0.37871840219683156,0.6021780417104169,0.018796658404555362
3941,0.0005799491282235025,0.5402205813698658,0.45623739989077067,0.00296206961114006
3942,0.0003066963438145047,0.7364144111397597,0.26094521214554983,0.0023336803708760095
3943,0.0020163633841538153,0.9629368041017259,0.03481727111252717,0.00022956140159314208
3944,8.954495215271752e-05,0.9272704983817414,0.07248631401239597,0.00015364265370997372
3945,0.001308293919069706,0.6615913642560223,0.3263362944293853,0.010764047395522778
3946,0.9232703071366175,0.05602380927020802,0.016735632757798765,0.00397025083537572
3947,0.00011186398971999366,0.5018872030176554,0.49670759871923875,0.0012933342733858868
3948,0.0033874905200720925,0.9564225250316137,0.03988742730959021,0.00030255713872399373
3949,0.000914506103753524,0.9166528038686481,0.08192744683252441,0.0005052431950740562
3950,0.00017433340018536096,0.9054279225795782,0.09395173700600878,0.0004460070142276854
3951,0.002074241097537865,0.6075449299120103,0.3806371365100368,0.009743692480415225
3952,0.9604163873915128,0.029477043583042192,0.006932211161444815,0.0031743578640002768
3953,0.9604163873915128,0.029477043583042192,0.006932211161444815,0.0031743578640002768
3954,0.000233531424289588,0.32150263748815755,0.6592113307564662,0.019052500331086686
3955,8.651378406467861e-05,0.9393936343142564,0.060395228028979175,0.00012462387269968823
3956,7.968571684369128e-05,0.9361596224509975,0.06359304995081635,0.00016764188134240954
3957,0.00072712173938443,0.9524910903484061,0.046458245532438866,0.0003235423797707186
3958,8.671834563905975e-05,0.7881662706887093,0.21139042880455453,0.00035658216109715833
3959,0.00036409335320676837,0.6109478415560248,0.3844447843451699,0.004243280745598516
3960,5.509717077053636e-05,0.8721321863198335,0.12750245296623527,0.0003102635431606512
3961,0.00012475746127094844,0.37212540541573486,0.6162854125514581,0.011464424571536083
3962,0.0001858843488025461,0.7398970898828544,0.25747504189310566,0.0024419838752375586
3963,0.00013405567555272615,0.9335244182841873,0.06593358068768822,0.00040794535257186867
3964,0.00020540373667878527,0.8937916488845101,0.10571128847518291,0.0002916589036282027
3965,0.00022595609209153492,0.9729205354738121,0.026766789115773005,8.671931832338037e-05
3966,9.515753112045363e-05,0.8105911746071858,0.18869397582226277,0.000619692039431001
3967,0.00038273240323580287,0.577009273613694,0.41479486167633106,0.007813132306739086
3968,8.941288171773432e-05,0.5725194065420495,0.42508465168363874,0.002306528892594177
3969,0.0003369699317263442,0.6198103630909666,0.37517367920060984,0.004678987776697227
3970,7.283373703368723e-05,0.7340441301977013,0.26477538121643607,0.0011076548488289425
3971,8.891557496389755e-05,0.9221901314932183,0.07758753692617133,0.00013341600564633168
3972,0.0006127828746784168,0.9627373115507797,0.03650620382016153,0.00014370175438042796
3973,0.0002432134508638259,0.845987348061342,0.15212071487737452,0.0016487236104196351
3974,0.00015477064219082844,0.46530035313296303,0.524690332861747,0.009854543363099167
3975,0.0003562872678298991,0.9748534564944441,0.024734563636669666,5.569260105630401e-05
3976,2.7117650249861336e-05,0.9080859037953821,0.09178639407123049,0.00010058448313756542
3977,8.093852176513863e-05,0.9133147471662579,0.08650711907838796,9.719523358896635e-05
3978,0.00014666362784084981,0.17663955095494763,0.6953666378537987,0.1278471475634129
3979,8.39048254475575e-05,0.12413347466729684,0.8228839263380542,0.052898694169201475
3980,5.2807118459750714e-05,0.7861285918607626,0.21344366439385362,0.0003749366269240475
3981,5.3158720566849015e-05,0.9674531924680704,0.03241202207190362,8.162673945916742e-05
3982,0.00018869377336212025,0.9833600404464223,0.01637497775470654,7.628802550897918e-05
3983,0.0012622202191365946,0.7902085694682655,0.20545848527418342,0.003070725038414534
3984,0.0022153954941107378,0.8380058079998567,0.158895804039372,0.000882992466660655
3985,0.0005594444001710793,0.44921884267267825,0.5250870627906279,0.02513465013652278
3986,0.0009856505233557923,0.5992883228339511,0.3897048604719862,0.010021166170707078
3987,0.0005983643382795141,0.09908402020315363,0.4916110067087133,0.40870660874985354
3988,6.244488871166317e-05,0.6708883202434694,0.32801561826434783,0.0010336166034711205
3989,5.672943845056226e-05,0.728609983544268,0.2709250237400126,0.00040826327726893596
3990,0.00024751904913319727,0.40637877554045376,0.5756386806461198,0.017735024764293283
3991,0.00018488109965005356,0.8218828424364757,0.17729083429617656,0.0006414421676976734
3992,0.00014596523310514255,0.810298641624231,0.18884732335031248,0.0007080697923513094
3993,0.0001358259203839632,0.431805830234433,0.560776491684236,0.0072818521609470995
3994,0.00016116375477503056,0.9740826301969949,0.02567873069242004,7.747535581003181e-05
3995,0.00011954282715458158,0.20755719618764817,0.7491084353137465,0.04321482567145085
3996,0.0004393464648306063,0.9571602721875244,0.04227213593837157,0.00012824540927350696
3997,0.0002513263410364852,0.9033282678217891,0.09611070826677051,0.0003096975704039874
3998,8.708837406574499e-05,0.08243317641942419,0.7697116094237972,0.1477681257827128
3999,0.00024248946236113023,0.7749428163223966,0.22297483311475969,0.001839861100482597
4000,0.0004924129966044781,0.19233698891500442,0.7128976459456147,0.09427295214277648
4001,0.0004951119400952548,0.09157879603878732,0.4746228506739839,0.4333032413471335
4002,0.000965677739984872,0.4234841687597814,0.5506545881009518,0.024895565399282015
4003,0.0007578109835761188,0.2500395363725577,0.6631873605742723,0.08601529206959382
4004,0.0019446134679163797,0.5123875082047262,0.45171950212613393,0.03394837620122328
4005,0.004079538464869752,0.41649236163634895,0.479163645338359,0.10026445456042221
4006,0.0026551135523865347,0.43074385832769146,0.49141268324888426,0.07518834487103776
4007,0.0010344943162095641,0.19433774817764848,0.6140709725608274,0.19055678494531447
4008,0.00125382282368896,0.294394737241288,0.6179031151726171,0.08644832476240584
4009,0.0011266193690727577,0.24432393649611306,0.5865620275995762,0.16798741653523797
4010,0.0025869392195635027,0.39384856458017264,0.5339360024661262,0.06962849373413768
4011,0.002824371676725248,0.34781581556528207,0.5288825450100542,0.12047726774793849
4012,0.0011116639753642075,0.3521699766638054,0.5829425110460285,0.06377584831480193
4013,0.0016977260435137825,0.28713229903467985,0.5795473921289546,0.13162258279285183
4014,8.815569289913756e-05,0.011803014424630293,0.05938284065252375,0.9287259892299469
4015,0.00040934169360575765,0.19494745953628706,0.6913413209922842,0.11330187777782301
4016,0.0019706675639244633,0.2435401328549735,0.5655265625313313,0.18896263704977082
4017,0.0037238212098085646,0.47987084557706894,0.459457401190238,0.056947932022884486
4018,0.0019458589004430267,0.32458969434266066,0.5481943762750975,0.125270070481799
4019,0.001734566615551431,0.34984020048945774,0.540278510123718,0.10814672277127287
4020,0.0004897676384228893,0.194941598698642,0.6416581210414188,0.16291051262151637
4021,0.0019321162012371177,0.21461144311900165,0.518469756558747,0.2649866841210142
4022,0.002097994832027858,0.1983847860739021,0.519803359721722,0.27971385937234805
4023,0.0024071858815755747,0.2501695044272498,0.5009937457852858,0.24642956390588888
4024,0.0002682587628604848,0.03153104351053831,0.16905160967695226,0.7991490880496489
4025,0.0023393730288937048,0.2974575558295994,0.5594839933918764,0.1407190777496306
4026,0.00010878830026941602,0.017127541564479026,0.10550317695340754,0.8772604931818441
4027,0.0005124879039195657,0.09157077137987407,0.44535829653184605,0.4625584441843603
4028,0.00206255875069372,0.23754007937791893,0.503065145415687,0.2573322164557004
4029,0.0012038245139944863,0.1652355014171585,0.45646622931617975,0.3770944447526673
4030,0.0023523630428554185,0.37006607350398796,0.5625109968954881,0.06507056655766855
4031,0.0016254951565927685,0.17315935184667955,0.46716505227794547,0.3580501007187822
4032,0.0009687061602312202,0.15379698150664747,0.47947162370578655,0.3657626886273348
4033,0.0006613506184322663,0.26281018823201074,0.6393632165233462,0.09716524462621083
4034,0.0008690070860504905,0.2619718183911409,0.6259014528924243,0.11125772163038425
4035,0.0002902603398890819,0.042730482610970094,0.26199464791336713,0.6949846091357736
4036,0.0018685230779127656,0.40847223916269376,0.5326219916244144,0.05703724613497911
4037,0.004958557784294068,0.6690170002886204,0.3116819470950585,0.014342494832026965
4038,0.0010205663470457896,0.8711693563653446,0.1261900142624837,0.0016200630251258347
4039,0.0008848688056053826,0.09625055987765054,0.37483679672719306,0.5280277745895511
4040,0.0005437506888715204,0.08750996011431889,0.326249952366642,0.5856963368301675
4041,0.001298120727892744,0.2649863543188701,0.5945310658485712,0.13918445910466598
4042,0.0013334057321052837,0.23319465746195156,0.5867076843517373,0.17876425245420594
4043,0.0005363232982615133,0.0877655936182025,0.3296039520680454,0.5820941310154906
4044,0.0004048295120663975,0.05779306079737517,0.2690666573349176,0.6727354523556408
4045,0.0001588386661678435,0.015289845717988458,0.08874870314571713,0.8958026124701266
4046,0.0009732069269617362,0.23117816573604838,0.5640864966152503,0.20376213072173952
4047,0.0010185797553166375,0.22267476823941168,0.5876370127988452,0.18866963920642657
4048,0.00046817915145714315,0.12441297015100028,0.5436812411399776,0.33143760955756496
4049,0.0008043667646680252,0.362409976190864,0.5740900591263691,0.06269559791809871
4050,0.00022790870624089495,0.04137448839381686,0.297222658591389,0.6611749443085532
4051,0.0003475951800587712,0.08608735736406614,0.4498902217549745,0.4636748257009006
4052,0.0005845006441365433,0.2510649046061111,0.6973613026498595,0.05098929209989299
4053,0.0006204082987360084,0.2848523075937237,0.6405519460847664,0.07397533802277387
4054,0.0006184070274507245,0.474898998358406,0.49882091034637943,0.025661684267763805
4055,0.0003104706747112163,0.26715987254718665,0.6889717205648931,0.04355793621320901
4056,0.010411074967299292,0.8695193689950602,0.1178263673331825,0.0022431887044579747
4057,0.0017491128138273178,0.0864669413025691,0.24137503815835543,0.6704089077252482
4058,0.0011457427982566382,0.07497952166222369,0.22520455236538822,0.6986701831741314
4059,0.002047056133925361,0.10855121384090131,0.30635293976355155,0.5830487902616217
4060,0.0007147021308952536,0.11214988144977675,0.39776504009075503,0.48937037632857294
4061,0.00042864520628259074,0.09888217955683751,0.34577598358898765,0.5549131916478922
4062,0.0010311618424132657,0.5241255341779856,0.4605653123543766,0.014277991625224546
4063,0.0009060158878477192,0.4773605990056956,0.505461754016035,0.016271631090421623
4064,0.000513554308800564,0.2583598241711998,0.6184468702422813,0.1226797512777184
4065,0.0005407402065874472,0.2624286765553091,0.6130799662506488,0.12395061698745474
4066,0.0006830205062629166,0.4161008731149616,0.5278938018072908,0.055322304571484696
4067,0.00038923527840003765,0.24329133432890576,0.6603791554138083,0.09594027497888585
4068,0.0010421053025931946,0.30920030169560986,0.6188568273961494,0.07090076560564748
4069,7.719087440669292e-05,0.007451248065567361,0.046689579002054095,0.9457819820579718
4070,0.0016596175588860082,0.4147198432646202,0.5393363713366639,0.044284167839829885
4071,0.0012515020630418767,0.26387657356595945,0.5686649966273772,0.16620692774362145
4072,0.0009801164758889947,0.11630920686638113,0.42560984959364256,0.45710082706408733
4073,0.0053081975102970405,0.37757440581063056,0.5115251003615415,0.10559229631753099
4074,0.0004366249131030237,0.13256480720342717,0.6756684978700745,0.19133007001339536
4075,0.0002696168719533063,0.09376312725955602,0.718215618746908,0.18775163712158272
4076,0.0002993734068186801,0.043730708180013206,0.21480164282066688,0.7411682755925013
4077,0.00032369305354632103,0.05626430785546353,0.3005417542140909,0.6428702448768993
4078,0.0003849663464206141,0.04156020592529729,0.17028287839108164,0.7877719493372005
4079,0.00020185079161664116,0.02890084665711081,0.15131328409194938,0.8195840184593232
4080,0.0013444754741884497,0.17995711190743058,0.4812686212222912,0.33742979139608975
4081,0.0010146491573595647,0.2972499676792072,0.6031202774696158,0.0986151056938174
4082,0.000815995045316129,0.39700082981976925,0.5588493691876457,0.043333805947268905
4083,0.002505676791497117,0.41672028187801413,0.522669858464206,0.0581041828662828
4084,0.0003502127398997891,0.03584818096807726,0.14658007563927675,0.8172215306527463
4085,0.002527330049617537,0.2012949266628853,0.4601059032893716,0.3360718399981255
4086,0.0010512581743369154,0.7306094731373852,0.26268130649655863,0.005657962191719123
4087,0.010777082345013948,0.421870251904389,0.4476475870287214,0.1197050787218757
4088,0.0008849395051088931,0.329841292131216,0.6093408396819757,0.059932928681699506
4089,0.000735680731186966,0.13678983111638496,0.48795499386255675,0.37451949428987136
4090,0.0004605350833600736,0.40079176913902054,0.5815904137148783,0.017157282062741124
4091,0.0019804934660999003,0.5304709746933182,0.4412118543254656,0.026336677515116376
4092,0.00011689894061859231,0.019877398828269385,0.1200217273041263,0.8599839749269858
4093,0.00019450825281141005,0.030276173789815314,0.143026686212265,0.8265026317451083
4094,0.00015911581444628636,0.02632800595164394,0.1382108601652695,0.8353020180686402
4095,0.00038079433058787495,0.1291214276875095,0.5714335850591361,0.2990641929227665
4096,0.0006342978849553037,0.11578679598097785,0.46689947730280146,0.4166794288312655
4097,0.0003539056412748181,0.04908899732937066,0.2536436965401106,0.696913400489244
4098,0.0018131229905610706,0.25448788680278245,0.5053048674519632,0.23839412275469327
4099,0.0017898337334303132,0.18456670193915564,0.45497000387607256,0.35867346045134146
4100,0.00028968515160038787,0.06068249315719473,0.3114720962217123,0.6275557254694927
4101,0.002129037715328823,0.3333521784749659,0.5495008240462324,0.115017959763473
4102,0.006865188735084011,0.35354527798900975,0.5041854384951798,0.1354040947807264
4103,0.0015936010757394514,0.22239965539388873,0.5127339698893243,0.2632727736410476
4104,0.00044696653316560924,0.6248196072161256,0.3680585713255854,0.006674854925123441
4105,0.0005300460882581402,0.34829410602659433,0.5879122479923096,0.06326359989283806
4106,0.0013289641808049675,0.3651258101819673,0.5573370402364575,0.0762081854007702
4107,0.0006840313279617211,0.7846844196941292,0.2116307167425635,0.0030008322353456316
4108,0.002103240158163002,0.2999643882375872,0.550934792356905,0.1469975792473449
4109,0.002516111419415374,0.3881721721292078,0.4984846655701966,0.11082705088118033
4110,0.00016008837016472994,0.015439192250870034,0.06900257764574977,0.9153981417332155
4111,0.0015094273576667643,0.16581687260451017,0.4672593176937033,0.36541438234411977
4112,0.0017003267698909388,0.3943059379619235,0.565640914576162,0.038352820692023705
4113,0.0005933652950315228,0.3422294819171988,0.6367189325199554,0.020458220267814343
4114,0.00096146903343068,0.20568780112252655,0.653406119634692,0.13994461020935076
4115,0.0011059731492539327,0.6973374369787055,0.2969767451459262,0.0045798447261143575
4116,0.0006654145300407969,0.14467871621388173,0.5622290239497213,0.29242684530635626
4117,0.0001661454031326409,0.019597326844452784,0.11265641281677896,0.8675801149356356
4118,0.0006007554679722296,0.15119282663935316,0.5909161665383659,0.2572902513543089
4119,0.00031802441357963774,0.08560182207037212,0.4654403906889881,0.4486397628270601
4120,0.000575246424502295,0.16773206142663377,0.5374340083519296,0.2942586837969344
4121,0.0018586013403241502,0.22728212875708015,0.5059489266186654,0.26491034328393026
4122,0.002132109308288461,0.6026439302373359,0.3847184868020177,0.010505473652358035
4123,0.001680120366593378,0.18903383014225433,0.4838566510190425,0.32542939847210983
4124,0.0009928515345129759,0.14143736551476685,0.4686260967772835,0.38894368617343666
4125,0.0004109939073046137,0.23942032905230964,0.6776581609484196,0.08251051609196622
4126,0.00034608419593132073,0.07044310290178811,0.349516747261718,0.5796940656405627
4127,0.0002708319597547116,0.055320766085087694,0.32438021472551876,0.6200281872296388
4128,0.000813136946863726,0.6688510825534356,0.3241600703365815,0.006175710163119207
4129,0.00043195494521147513,0.1453722817107923,0.690547254999734,0.16364850834426228
4130,0.0006505436766615408,0.22946816384763918,0.6587569392664095,0.11112435320928973
4131,0.00045684540596215825,0.38853924856519806,0.5806018117452865,0.03040209428355333
4132,0.0002427645925567424,0.04851761948916,0.31529523258958353,0.6359443833286997
4133,0.001909296216300936,0.20173526954293436,0.44589878095842717,0.35045665328233755
4134,0.0004185714152388001,0.09016783371250356,0.38984313181337144,0.5195704630588862
4135,0.001063631228226916,0.3230209950364617,0.5857398815265451,0.09017549220876647
4136,0.0008171250056567635,0.19926258100652802,0.6436813529640478,0.15623894102376748
4137,0.0005162949591607787,0.22270179438052162,0.6888404491935936,0.08794146146672398
4138,0.0004371169484927884,0.15213181356823283,0.6142486509203885,0.23318241856288577
4139,0.000852731087697135,0.2952879461281594,0.6110491640656013,0.09281015871854212
4140,0.00014728990903460678,0.01987602148725106,0.1007936248996871,0.8791830637040272
4141,0.00015866902763836478,0.023005988165464755,0.1213861360259343,0.8554492067809626
4142,0.0018607705351457854,0.5052553129041176,0.47323077974125016,0.01965313681948646
4143,0.0008597925289353487,0.12265552596119395,0.4583147683856965,0.4181699131241743
4144,0.0014275055714500046,0.8329933996741571,0.16369829600526153,0.001880798749131416
4145,0.001412873643477859,0.7719501343390346,0.2232273085222961,0.003409683495191476
4146,0.0006122175013480933,0.19455782961661677,0.7051544720378589,0.09967548084417625
4147,0.0019244605269272698,0.19489745702080416,0.5226699716094768,0.28050811084279176
4148,0.0010233458858901912,0.23536239276370005,0.6029105279596301,0.16070373339077965
4149,0.0011509397781264662,0.12979711796697838,0.429664281359068,0.43938766089582726
4150,0.0030840948081546837,0.3017979349676235,0.5092882458625604,0.18582972436166142
4151,0.0011343859188904096,0.40870576654207263,0.5499011287826742,0.040258718756362895
4152,0.0014892319845245922,0.6639944129976175,0.3203760429160454,0.014140312101812588
4153,0.0012842565752881777,0.6607564067138195,0.3268866913738103,0.011072645337082125
4154,0.0004947645795970545,0.7264679470920653,0.26664394876202335,0.006393339566314418
4155,0.0005498986971711074,0.09779190003160465,0.44957572180259164,0.45208247946863256
4156,0.0010402603878426307,0.39541488312959894,0.5691759669931256,0.03436888948943295
4157,0.0006317497270775635,0.19207761121218533,0.6764693627752807,0.13082127628545648
4158,0.0006894067154335686,0.33230190997039993,0.6154923849156816,0.05151629839848502
4159,0.0005903292061579357,0.1344313298934494,0.6266384332619316,0.2383399076384611
4160,0.00011910200975146773,0.02312372432327408,0.19325629401152322,0.7835008796554512
4161,0.0007860059241760868,0.1905090781544231,0.5394598696428442,0.26924504627855667
4162,0.00045331283288638344,0.14265461613796254,0.5374052487510896,0.3194868222780615
4163,0.00023267471334411196,0.059252446745910216,0.4848306393423657,0.45568423919837997
4164,0.0030056040350528467,0.4472373441751461,0.515706050175034,0.03405100161476715
4165,0.0004804095207139149,0.7931541278430276,0.20357342107237533,0.0027920415638832373
4166,0.0009282540827217707,0.32938395052809805,0.6096806322947501,0.060007163094430126
4167,0.000958156149820997,0.28107784301740857,0.6166205411459664,0.10134345968680403
4168,0.0004956739206264494,0.27432220275624464,0.6813241016402164,0.04385802168291242
4169,0.0005423429368592679,0.0976765549826788,0.5560258527702047,0.3457552493102573
4170,0.0010723699147989585,0.15367254823523124,0.554981382428344,0.29027369942162573
4171,0.0011168812185999347,0.25778755353803834,0.6084325535061323,0.13266301173722944
4172,0.0005024645060422821,0.08181469539139355,0.3234414791293506,0.5942413609732136
4173,0.0009143261324559718,0.15143776462357916,0.46318857433456306,0.38445933490940176
4174,0.0007257065001882437,0.10846761515548312,0.3696562180481289,0.5211504602961998
4175,0.0006645473444912032,0.1006964177323553,0.38108697277911835,0.5175520621440353
4176,0.00036103080025881807,0.10540511226552339,0.7210571932648279,0.17317666366939005
4177,0.0008746182431494142,0.1304954626851451,0.5487324360967301,0.31989748297497544
4178,0.0012904705780009795,0.3205850084457408,0.5795107203735256,0.09861380060273273
4179,0.0003703746654174074,0.18661464865210495,0.6756578652853942,0.13735711139708345
4180,0.0014400216241819428,0.30506312203270297,0.5910512774314619,0.10244557891165307
4181,0.0035992323424667455,0.23576139949715036,0.48874399144932146,0.2718953767110614
4182,0.0012275079112028175,0.5063934982861896,0.4597610600274907,0.03261793377511689
4183,0.000699621952403671,0.09022740110831845,0.3225000091551563,0.5865729677841216
4184,0.00044270393209547927,0.19930762639459876,0.6274122879886166,0.17283738168468915
4185,0.0011523281630248304,0.353439499839854,0.5863374139418258,0.05907075805529533
4186,0.0007803640587159002,0.8225013254506018,0.17534130205043386,0.0013770084402483637
4187,0.0011549965959412394,0.3233671221556813,0.5855851142735452,0.08989276697483224
4188,0.0012913921639854569,0.4548752833732416,0.5010450294410675,0.042788295021705405
4189,0.0010839335482804686,0.2683771409981468,0.5970001250749888,0.133538800378584
4190,0.0010260416984899062,0.473473569155453,0.504575246000728,0.020925143145328978
4191,0.0009502890964703543,0.25558859682570123,0.5754410819971064,0.16802003208072197
4192,0.0013964567198161918,0.20676874238070786,0.49640348852985433,0.2954313123696216
4193,0.0013544669633396489,0.21749424723313368,0.5454290372745985,0.23572224852892815
4194,0.001502196971558763,0.18136732615358436,0.47733175855390386,0.339798718320953
4195,0.0009961856092593488,0.14032146552582928,0.4429705340097694,0.4157118148551421
4196,0.0009896035243109557,0.11911916417301363,0.38378940158196906,0.49610183072070635
4197,0.0007147480631877499,0.38245574310972663,0.5642924978216258,0.052537011005459676
4198,0.0005091806629497852,0.09167842011798397,0.37884915999649915,0.5289632392225672
4199,0.0019947389066020896,0.15096993596792202,0.39728215131350064,0.4497531738119752
4200,0.0013452866770402505,0.27569478321893237,0.5960000579071665,0.1269598721968609
4201,0.001822815139484101,0.3336418790512089,0.4993105439020048,0.1652247619073023
4202,0.0013065098273862454,0.23113414817043637,0.5439833086365393,0.22357603336563814
4203,0.004534832850481976,0.40551093846731145,0.4709249595651014,0.11902926911710515
4204,0.002565865862936636,0.41997130110157177,0.5023873241293783,0.07507550890611334
4205,0.0005175561297810561,0.5255665393683431,0.45557291481971307,0.018342989682162827
4206,0.0021561276316843818,0.5412618211354796,0.4342627559206763,0.02231929531215976
4207,0.0034752668908011853,0.43844735214856645,0.49113722136321397,0.06694015959741835
4208,0.0005049281972224844,0.07969516644295313,0.38686091239689524,0.5329389929629291
4209,0.002291836319650328,0.22362750880908694,0.46187156103946153,0.3122090938318012
4210,0.00029517896354263614,0.05804073420087908,0.2238744065167014,0.7177896803188769
4211,0.000928834469384185,0.13600909918172172,0.38105633958841956,0.48200572676047454
4212,0.0017569501089406533,0.47196302749291763,0.5002717858277594,0.026008236570382277
4213,0.00039940174084122633,0.0517000918842127,0.34150837246682275,0.6063921339081233
4214,0.0012310856912851331,0.2608726525640001,0.5999583297316756,0.1379379320130391
4215,0.0011404228198463764,0.1614612179796907,0.4260652601717995,0.4113330990286634
4216,0.001147506365260186,0.5151940987339296,0.458888171451986,0.02477022344882423
4217,0.001610107893098281,0.401844937816541,0.5424720940873335,0.05407286020302724
4218,0.0016056866777039084,0.20915403650507042,0.558637872143121,0.2306024046741047
4219,0.001124822714607296,0.09265248822857547,0.27336048674249086,0.6328622023143264
4220,0.0006690883716774724,0.1152774760602141,0.4195290494062436,0.46452438616186487
4221,0.000122582266043587,0.018706790511241102,0.12650512799192068,0.8546654992307947
4222,0.00112960181943001,0.46520387325906104,0.5021232195718691,0.03154330534963988
4223,0.000592035432886599,0.3478376417664709,0.6148447072242285,0.036725615576414045
4224,0.0005510722729118905,0.06709061699450439,0.28301126553834055,0.6493470451942431
4225,0.0003874543249889995,0.11639110091574571,0.4955086627359328,0.38771278202333254
4226,0.0003040537587379566,0.06951931244311994,0.3803601247165724,0.5498165090815698
4227,0.0008395021213956938,0.21454171333993813,0.5798793108892246,0.20473947364944156
4228,0.002987912820206793,0.37351549408292317,0.5178765804018153,0.10562001269505483
4229,0.0010705559226758486,0.13177088159454883,0.45851042389882524,0.4086481385839501
4230,0.00405246983812901,0.4164746602183119,0.500432792620963,0.07904007732259608
4231,0.0009883057608897092,0.23079567389846367,0.6519310182655014,0.11628500207514522
4232,0.0005567038869641016,0.06651684967700804,0.2987197516490767,0.6342066947869511
4233,0.0012672024930421336,0.24208431383932041,0.5879514377480747,0.16869704591956272
4234,0.0005509115517344719,0.0706785430214366,0.37685486956996855,0.5519156758568603
4235,0.0018501400816259542,0.19146872829209138,0.4714322630619445,0.3352488685643381
4236,0.002146994429813035,0.2702588568304417,0.5214866963878264,0.2061074523519189
4237,0.0003009083433015968,0.07538462205531962,0.44038539888346306,0.4839290707179157
4238,0.002003010723987242,0.29772297497850075,0.5469245823067393,0.1533494319907726
4239,0.0008164107447610212,0.2551264261436101,0.6147948349609402,0.12926232815068878
4240,0.0007482902707813435,0.1072461394721931,0.41027756053481074,0.48172800972221486
4241,0.0024874104667944345,0.3700678951159757,0.5315219019814024,0.09592279243582752
4242,0.001945794877705187,0.47878566080981455,0.48605003184944096,0.03321851246303935
4243,0.002022979053849114,0.43303539392221047,0.4929263112412291,0.07201531578271134
4244,0.0006446579423770831,0.5455834441302079,0.4338088943666371,0.019963003560777993
4245,0.0007305072028787319,0.8952644162403858,0.10269054985111278,0.0013145267056227012
4246,0.0007875386545961007,0.4313891912101709,0.5354027471453406,0.03242052298989249
4247,0.0008914593179351292,0.1328161457228736,0.4897869272305942,0.3765054677285971
4248,0.0002357396828593453,0.03918153995665122,0.34434747582317626,0.6162352445373132
4249,0.00025017141803812174,0.03598562632625619,0.1659430931504993,0.7978211091052064
4250,0.00027761563440551097,0.059078428269129735,0.36496328423703606,0.5756806718594287
4251,0.0007718870298575667,0.3151296573056244,0.6207359028724984,0.06336255279201967
4252,0.00045462097266237895,0.07016292779515566,0.2877604568555004,0.6416219943766817
4253,0.0005405588632134026,0.29840709456563813,0.6294688515214517,0.07158349504969665
4254,0.0005403694544938219,0.13834625239521864,0.6160769841299891,0.24503639402029842
4255,0.0009617268607409516,0.25576265917313873,0.6293904106636086,0.1138852033025117
4256,0.000643280759040944,0.1773116577580387,0.6586719209180212,0.16337314056489927
4257,0.00045615281924048473,0.16798288558940602,0.6986252228035941,0.13293573878775944
4258,0.0008474728762665125,0.1623093718418216,0.6036488461952934,0.23319430908661853
4259,0.00040348226591141207,0.12708224532477902,0.6550272564485284,0.21748701596078118
4260,0.0017049698488840325,0.29708732246493036,0.5701536308020482,0.1310540768841375
4261,0.0008494874174255058,0.12916804244752866,0.4343537414554704,0.43562872867957547
4262,0.0017843725214158185,0.25039721416818866,0.5894508494031998,0.15836756390719575
4263,0.0005073954945844315,0.1068923229106391,0.42340465033498803,0.46919563125978847
4264,0.0006128606182421634,0.4608727071591542,0.5158514004104138,0.022663031812189913
4265,0.0014376574114237663,0.22921500694720892,0.5512980742277881,0.21804926141357928
4266,0.0006908580407240088,0.11372513121604792,0.5043944063266813,0.38118960441654676
4267,0.0007719087301460962,0.16176707878947771,0.5824247918790589,0.2550362206013172
4268,0.0008755106996810847,0.27676798131980096,0.6158303073004041,0.10652620068011384
4269,0.0009765687996924058,0.6195470400105516,0.36871587007683776,0.010760521112918243
4270,0.0016950766496937127,0.317155473440988,0.5719891247935571,0.10916032511576114
4271,0.0011894521598383135,0.393541854274288,0.580168157285894,0.025100536279979636
4272,0.001354438129398818,0.5284547942383974,0.4482354291551987,0.021955338477004968
4273,0.0007921699985206766,0.10228329037848512,0.3762362239832796,0.5206883156397146
4274,0.0007769054935931358,0.2029738287976341,0.5912456746815845,0.20500359102718824
4275,0.0022616554665689623,0.5259356765850275,0.4215910650259032,0.050211602922500397
4276,0.0006295163499718784,0.11856810371220931,0.43568135850922857,0.44512102142859034
4277,0.0009755116687573275,0.30383644744437605,0.5993954592542459,0.09579258163262085
4278,0.0011565109916357398,0.16682296981546552,0.45299668936446263,0.379023829828436
4279,0.004064129790911205,0.27578299520001426,0.5047295504638831,0.21542332454519153
4280,0.0008090587994836019,0.2709574415678982,0.6356855492522412,0.09254795038037693
4281,0.0010042566640882762,0.14969031847738076,0.4590382095433136,0.3902672153152174
4282,0.00251883500112179,0.3866768532775,0.543575463635166,0.06722884808621228
4283,0.0006045581783666708,0.3611435871798847,0.5896150620020633,0.04863679263968537
4284,0.0016066510336228744,0.284170192535344,0.5547830109575828,0.15944014547345037
4285,0.0013278673010438703,0.24445350160378873,0.5471760110426884,0.20704262005247898
4286,0.0018591870698588197,0.3162523509775872,0.5312161987088798,0.1506722632436741
4287,0.002196466950823948,0.42495492553656106,0.5151754854281457,0.057673122084469404
4288,0.0005435183204362671,0.14840652633837553,0.6017777507292964,0.2492722046118918
4289,0.0004085585259738238,0.06365005587532288,0.3148018090415442,0.6211395765571591
4290,0.0003226959501905712,0.05645916874408958,0.34321214494194274,0.6000059903637771
4291,0.0003244916637906125,0.07760064013044991,0.4488510866561757,0.47322378154958383
4292,0.001134246506094062,0.22938793629682824,0.59786410164043,0.17161371555664767
4293,0.00013898739122641411,0.015178942367121525,0.06974116129144496,0.9149409089502072
4294,0.0012351627748504609,0.1741873249106129,0.5296399274117348,0.29493758490280175
4295,0.0008655235051252647,0.22984678966437622,0.6323696171174328,0.1369180697130657
4296,0.0032250106490199423,0.37633777587820094,0.4848528946822348,0.1355843187905444
4297,0.0012988096606701797,0.31705091852047473,0.5625377462952281,0.11911252552362697
4298,0.001653591106835316,0.25012489988483116,0.5954811424469056,0.1527403665614279
4299,0.0009794546929548643,0.27489643686989634,0.5923148812412153,0.13180922719593363
4300,0.0003946668354395179,0.13300003563008325,0.5288099776773499,0.3377953198571273
4301,0.0008816449348080456,0.42753919713584565,0.5253349327091694,0.04624422522017685
4302,0.0008382133025768555,0.23738671387920418,0.5696889764099413,0.19208609640827778
4303,0.0006533608331542443,0.137785895936092,0.5167336454776157,0.3448270977531382
4304,0.0012017675396347233,0.0921084016329018,0.2608145746044367,0.6458752562230269
4305,0.0027525191057108586,0.17589576824753034,0.40772095600393776,0.4136307566428211
4306,0.0013931422804590926,0.18031888819356007,0.44245546525347834,0.37583250427250253
4307,0.0006642461254064199,0.08482403819317418,0.3239787248680206,0.5905329908133989
4308,0.002277934556922598,0.6622011195324689,0.3296332085525506,0.005887737358057892
4309,0.0008472836088609848,0.140044733215665,0.4200154822733523,0.4390925009021218
4310,0.00200592764038251,0.6905483844518312,0.3003187842005577,0.007126903707228566
4311,0.002927250194302997,0.514036866177042,0.4585049601366047,0.0245309234920503
4312,0.0010889506013102225,0.4887789696157711,0.4822928168090344,0.027839262973884307
4313,0.0015553566748511616,0.309499367511572,0.572003371814921,0.11694190399865594
4314,0.0015174722534283729,0.3528812344555225,0.5599725870292099,0.08562870626183931
4315,0.0006700895210142435,0.35712076786943764,0.5937901961848998,0.04841894642464836
4316,0.0011430353087954028,0.15955554262273022,0.47121086228818126,0.3680905597802932
4317,0.0002601080711431292,0.029576700675728627,0.14356433980899191,0.8265988514441364
4318,0.0007363039217829696,0.09139057904025889,0.3136462677359876,0.5942268493019707
4319,0.0002990775179829393,0.03670550014397309,0.17266364625801567,0.7903317760800284
4320,0.0008670212004019547,0.6463949157838863,0.34858197938858543,0.00415608362712642
4321,0.00060178082137582,0.41099156919943497,0.5739949361932383,0.014411713785951121
4322,0.0009927718117087034,0.3757335151006628,0.5786220637565349,0.0446516493310935
4323,0.003520672894967638,0.5286272978323696,0.42363309804455007,0.04421893122811271
4324,0.0008816303051774426,0.2426349021901179,0.6412153999112591,0.11526806759344563
4325,0.0005556879508184912,0.07493231183459843,0.32304243200923954,0.6014695682053435
4326,0.00025292147970984224,0.08133847475780667,0.474883891724851,0.4435247120376325
4327,0.0005161612996372068,0.12530544061810547,0.5032543259422395,0.3709240721400179
4328,0.0007105535477601526,0.0868995165746697,0.39867513682265554,0.5137147930549146
4329,0.0008287811711557042,0.10456610927382179,0.39866652930224283,0.4959385802527797
4330,0.0017826736612342828,0.2777809680692054,0.6033636756222904,0.11707268264726992
4331,0.0016446894228711057,0.7798196052071755,0.21584539630237817,0.0026903090675752454
4332,0.0009397545806050863,0.1285751195636543,0.46455443620576076,0.4059306896499799
4333,0.0024896803706200427,0.3853742920195665,0.5261497846259827,0.08598624298383067
4334,0.00046528859865826083,0.06433083729734376,0.3211483048490473,0.6140555692549508
4335,0.0013005662299198299,0.3970699179892345,0.5562001957444782,0.04542932003636755
4336,0.00027850555700224155,0.08227627751271155,0.6132337166422981,0.30421150028798816
4337,0.00020894019236853372,0.052927498420750674,0.3933872628869268,0.553476298499954
4338,0.000655027843240004,0.15004829806788547,0.5815315185651916,0.26776515552368296
4339,0.0005480241847442398,0.13268763637574613,0.6391895575379916,0.22757478190151814
4340,0.00029077836733888425,0.06946740775677923,0.3479042274999361,0.5823375863759458
4341,0.002220452155174883,0.27907735025478414,0.519411956010408,0.1992902415796331
4342,0.00031556322202464535,0.05403636024104029,0.25831245493168553,0.6873356216052495
4343,0.0018250951230922062,0.550392204231694,0.42445108188337166,0.023331618761842136
4344,0.000940217828242599,0.23633735705693965,0.6172056340439942,0.1455167910708236
4345,0.001661384451212359,0.7274529553775845,0.26701956438182817,0.0038660957893750124
4346,0.002526455068663515,0.32252137041779944,0.5216520197003699,0.15330015481316722
4347,0.002473955696971593,0.7579887156975839,0.23610877143357936,0.003428557171865225
4348,0.0029863768183290935,0.22709649516709135,0.4691414083824885,0.30077571963209104
4349,0.0004893094615113407,0.6495406221695261,0.3453965891553388,0.004573479213623746
4350,0.0012677208020429348,0.807719916506212,0.18841691388439435,0.0025954488073506986
4351,0.0012617465022089023,0.42865353680725493,0.5383417727417952,0.031742943948741005
4352,0.0028377092088351288,0.5119201406798167,0.46108672303019715,0.024155427081151
4353,0.0020846043232195105,0.667776107672256,0.3183724095278456,0.011766878476678823
4354,0.0007329150467947603,0.12248319430302024,0.41488041627003014,0.4619034743801549
4355,0.0006633648909253638,0.10506024765820464,0.3747487024897959,0.5195276849610742
4356,0.0001243326725296856,0.012645071689409811,0.06258691864872047,0.92464367698934
4357,0.0015023025123594986,0.20869810828165314,0.5791225347939829,0.2106770544120044
4358,0.0006384633937850521,0.10433324539951092,0.37538609770038617,0.5196421935063178
4359,0.0006781411644577345,0.08854910356919271,0.31779936420855515,0.5929733910577943
4360,0.0001964332417358927,0.02281749325702168,0.12032047942235594,0.8566655940788865
4361,0.00036217594271418954,0.0746027844050803,0.4448386660549197,0.4801963735972859
4362,0.0019269540442859558,0.21948609917519352,0.5029217239598953,0.2756652228206252
4363,0.0005619834517707174,0.08484368087093574,0.40724154297685744,0.5073527927004361
4364,0.0008676212096117168,0.20218100682593423,0.6092293071475637,0.1877220648168904
4365,0.00017210674725560445,0.028750868915537603,0.16734195191065734,0.8037350724265494
4366,0.0018409616567983417,0.23030550091694607,0.5842247717845008,0.18362876564175473
4367,0.0018522020513943014,0.285909944275181,0.587877647031386,0.1243602066420387
4368,0.0002117878559302329,0.03321465741172904,0.19643264996533652,0.7701409047670043
4369,0.0012880026308393843,0.24339881751590534,0.6587802940575023,0.09653288579575298
4370,0.0012037361795292577,0.25940030938102676,0.6152400102975392,0.12415594414190487
4371,0.0025765072048228865,0.3339502308954695,0.5666158200339039,0.09685744186580372
4372,0.0010057263529065252,0.4804491691456916,0.4954611468583179,0.02308395764308406
4373,0.00043813585683185414,0.40790976919406596,0.5665651615334754,0.02508693341562681
4374,0.0012681888257097345,0.42668798887811804,0.5377855604020847,0.03425826189408763
4375,0.005041056485964019,0.5342766851186911,0.4214981274537457,0.039184130941599234
4376,0.0010395489521096695,0.32745588207054793,0.5738392626264311,0.09766530635091136
4377,0.0006035151356317245,0.6216153346030604,0.3693063435106869,0.008474806750621013
4378,0.0014173138043302752,0.43773620189958484,0.5116546524268567,0.049191831869228264
4379,0.0006169060411163734,0.6669313348078334,0.3245106955846899,0.007941063566360283
4380,0.00328980121991618,0.43078808433946236,0.5121223231000966,0.053799791340524886
4381,0.000755142234361009,0.5028943129806306,0.48620208122622316,0.01014846355878525
4382,0.0007531022616605648,0.7693121689909885,0.22805596676310497,0.0018787619842459214
4383,0.0009909362301888439,0.6069220540124184,0.38417454563060055,0.00791246412679225
4384,0.0011468041650746475,0.5112946067429293,0.4763025092887016,0.011256079803294534
4385,0.0015430823954983804,0.5418655169834876,0.4399835762369474,0.01660782438406663
4386,0.0022494318305123547,0.32309136148401696,0.5616428837894547,0.1130163228960159
4387,0.002783016316620999,0.37298935678100237,0.5411623792446526,0.08306524765772415
4388,0.02701358239929761,0.6862573673161854,0.28181803582895226,0.004911014455564803
4389,0.0018921701286964184,0.14094754053080227,0.36075807425584605,0.4964022150846553
4390,0.007086684701166351,0.545951054102024,0.4249864225608686,0.0219758386359411
4391,0.00046171234466881625,0.07355675114116614,0.31869554948324996,0.6072859870309151
4392,0.0016093235165527157,0.3592879123686876,0.5752284517861745,0.06387431232858504
4393,0.002462024531206305,0.3125771151779492,0.5539668327224553,0.1309940275683893
4394,0.0006138927465946883,0.2063729607359929,0.6027688826841232,0.19024426383328916
4395,0.0005084768677571879,0.09272500042572396,0.4201186881922216,0.48664783451429733
4396,0.0002984123708146194,0.13088120688304145,0.6976104021059302,0.1712099786402138
4397,0.003350633440218407,0.6089396258551384,0.37275370265978686,0.014956038044856512
4398,0.0016265923561745337,0.4141376006816802,0.5351195023415211,0.04911630462062412
4399,0.00115823687042935,0.45774697220166194,0.5106248795081603,0.03046991141974832
4400,0.0009995054511899892,0.16696887085674567,0.5704680628913629,0.2615635608007014
4401,0.000770082899965832,0.22539407147591628,0.6409371255291041,0.13289872009501388
4402,0.0005663038610393438,0.39988596931181186,0.55475800200293,0.044789724824218856
4403,0.0006500456611728952,0.33126148307189207,0.6202313539393106,0.04785711732762442
4404,0.0017495013542829546,0.3559472297071125,0.531534726260954,0.11076854267765054
4405,0.0017260477569051144,0.2990848917275675,0.5637679396068623,0.13542112090866512
4406,0.005140193637748605,0.6010052444578186,0.37137279749938457,0.022481764405048187
4407,0.0024642289691151785,0.29592310907634056,0.5498273676182754,0.1517852943362687
4408,0.001620162700609751,0.2537858699253981,0.5534308231002811,0.19116314427371095
4409,0.0014220547068394377,0.2628043447348631,0.6028002955234392,0.13297330503485827
4410,0.0011083342080652513,0.13419221132067288,0.4351420831147836,0.42955737135647837
4411,0.0016572018292300972,0.4288827187952732,0.5005509149404274,0.06890916443506939
4412,0.0006811012471889741,0.14035829402829614,0.4678621592625932,0.39109844546192163
4413,0.0007681192791410166,0.1344650043032626,0.4562080921638465,0.40855878425374986
4414,0.0008810753035111059,0.21598166127525942,0.6060506909181568,0.1770865725030727
4415,0.0002581886735719202,0.055359229495888035,0.30644923877105124,0.6379333430594889
4416,0.0019721936524241548,0.1692583488179396,0.4314708895849702,0.39729856794466606
4417,0.0018726239623663484,0.34367469094982633,0.5680978321236307,0.08635485296417655
4418,0.0008221085039180837,0.11566723559593063,0.390730517426328,0.4927801384738233
4419,0.0022683449142841053,0.27886856310933167,0.5362489663381229,0.1826141256382613
4420,0.0012267681431929558,0.18240450200514496,0.6002034299144307,0.21616529993723138
4421,0.0010900371440405727,0.475710784287454,0.4782368539499731,0.044962324618532376
4422,0.0003680276007342724,0.30389752165167827,0.6476141555853473,0.048120295162240104
4423,0.0029433936484510063,0.4012380732097476,0.5168148233084339,0.07900370983336755
4424,0.0015096651030866459,0.16716678409203725,0.46773712688961605,0.36358642391526014
4425,0.00010225334486334308,0.016892011908712555,0.10291424427781495,0.8800914904686091
4426,0.0003514438668702941,0.0992000572455605,0.5004364818354702,0.4000120170520991
4427,0.000768201266436262,0.09797093528534405,0.3540024570298765,0.5472584064183432
4428,0.0005097306627282365,0.0593697185237284,0.21400311749417122,0.7261174333193721
4429,0.0008294913688877959,0.18750872726059065,0.5830188437594653,0.22864293761105625
4430,0.0008393181172833856,0.18153054367481997,0.5309825442528978,0.2866475939549989
4431,0.002744930556314361,0.29981773498634195,0.5539746949324448,0.14346263952489902
4432,0.00084910352018842,0.25555517915586,0.6339247532470296,0.10967096407692188
4433,0.0008085314857291938,0.16952061340449848,0.5547591193391559,0.2749117357706165
4434,0.0009796891567650193,0.3429285398262735,0.6150829811725029,0.04100878984445855
4435,0.0010120420107587532,0.37039510971265754,0.5589631483151458,0.06962969996143792
4436,0.0004749147676981261,0.09277605983931374,0.43009771438580047,0.4766513110071877
4437,0.0022600225716688724,0.5582138486918674,0.3998165283421201,0.03970960039434361
4438,0.000722539253856691,0.22983072063989352,0.6419102947471388,0.12753644535911107
4439,0.00044528272307070354,0.12422574511706325,0.543603729036757,0.33172524312310914
4440,0.000903339135478796,0.26592700661310226,0.5982204065136839,0.1349492477377351
4441,0.0009366072133912907,0.2776091063758893,0.605150749961082,0.11630353644963753
4442,0.0011161879655278194,0.2369374500332555,0.5662276268095693,0.19571873519164745
4443,0.0008376233853424624,0.21972979199412895,0.6074053555769832,0.17202722904354545
4444,0.0007373914582545563,0.1636845674866231,0.5740141868082442,0.2615638542468781
4445,0.0010651665227938362,0.154256755633503,0.49474232146655384,0.34993575637714935
4446,0.0007495357613369544,0.10364697128844232,0.37552006054763415,0.5200834324025866
4447,0.0004355941818333614,0.08273860415624706,0.3878914088534834,0.5289343928084362
4448,0.0006841892212689625,0.595608284435634,0.3977340943721922,0.005973431970904784
4449,0.0018262894559721954,0.6763841402396783,0.3148779861419039,0.006911584162445782
4450,0.000549833735926019,0.583042554641219,0.4049061950544705,0.01150141656838459
4451,0.0009640141482407876,0.4239289040148517,0.5377509045956805,0.03735617724122704
4452,0.002599399693172244,0.3874643834161012,0.5079672932433472,0.10196892364737936
4453,0.0011599180314945505,0.5240361100969078,0.45108318758986443,0.023720784281733368
4454,0.0011189519185415737,0.27081684297123365,0.6032057003398349,0.12485850477038989
4455,0.0008704802405640529,0.18277489461305962,0.5752736931603404,0.24108093198603603
4456,0.004224894703706978,0.4844945638627102,0.47648480218834877,0.03479573924523401
4457,0.00034601286288402354,0.42302600503751087,0.5571551781691025,0.0194728039305027
4458,0.004028649818363359,0.6720772435622955,0.3098290281228656,0.014065078496475557
4459,0.0006936907658525325,0.3133024618917708,0.6448577148808796,0.04114613246149699
4460,0.0009219454927758031,0.3480439300308926,0.5821768848808553,0.06885723959547631
4461,0.0012597982705651887,0.25059648952210806,0.560518320449749,0.1876253917575777
4462,0.0009254867728338417,0.1472888214698586,0.5217199399194622,0.3300657518378454
4463,0.0007845732056322133,0.1349831447419198,0.4577868686582659,0.4064454133941821
4464,0.0005179750405353567,0.5163244622616244,0.4748315950640908,0.008325967633749369
4465,0.0014451568758138862,0.3919940898916966,0.5640537410886259,0.042507012143863564
4466,0.0013047265162735746,0.24897741634748,0.5701763100959583,0.17954154704028816
4467,0.0005897429565074896,0.5842248608301178,0.4023972504799076,0.012788145733467085
4468,0.0020151741394667374,0.319199081788764,0.5545699645675826,0.12421577950418673
4469,0.0014650693852989983,0.3100073320706961,0.5623879801867353,0.12613961835726964
4470,0.0009270598336187195,0.44021874660443755,0.5337754724724452,0.025078721089498653
4471,0.001919119007278081,0.37677917753178347,0.5525314667314902,0.06877023672944826
4472,0.0008608120307590455,0.35089884768841195,0.5784671412721198,0.06977319900870915
4473,0.0002673035274971257,0.12264202973284194,0.694409040147371,0.18268162659228993
4474,0.0006346952840195503,0.2993864549428871,0.6121694910251418,0.08780935874795154
4475,0.00047965870172787985,0.15845941986700507,0.6777700787000758,0.16329084273119127
4476,0.0004795550703397399,0.0912078440438853,0.41912672902661263,0.4891858718591623
4477,0.0005845089499838454,0.17522434168445986,0.6097905935969321,0.2144005557686242
4478,0.0003489816632444428,0.10273433650974227,0.5342606033493198,0.36265607847769354
4479,0.0006896040055232851,0.34037354164907313,0.6241066566652919,0.03483019768011185
4480,0.0022782122367194396,0.6018651736823776,0.38090996272474176,0.014946651356161194
4481,0.0014043026575074379,0.45985642907970314,0.5146491124897876,0.024090155773001765
4482,0.001098582152013847,0.5113225378771219,0.46740428676868484,0.020174593202179437
4483,0.0008956530241708443,0.21778470681543652,0.6732814337039621,0.10803820645643043
4484,0.003712793195545099,0.23554899884532837,0.49059405171711024,0.2701441562420163
4485,0.0005696843386916793,0.3359647028945459,0.629110312895848,0.03435529987091452
4486,0.0007565468835499167,0.04825375003169324,0.16857631647972993,0.7824133866050269
4487,0.0027674447847101692,0.4119424798721584,0.5149665692445137,0.07032350609861776
4488,0.00011628724090708933,0.024715972452483304,0.20718899374027394,0.7679787465663357
4489,0.0013617423448680308,0.24102660189494068,0.5773373603601804,0.18027429540001094
4490,6.322890126585409e-05,0.009403456619750354,0.08385379994668306,0.9066795145323008
4491,9.822813236283167e-05,0.018440448282778486,0.15660275759076409,0.8248585659940946
4492,0.00032468050094383523,0.04156587897315373,0.16477903936932034,0.7933304011565822
4493,0.0001201056235259215,0.013210431674002251,0.06929932058594028,0.9173701421165316
4494,0.0001659900675368209,0.023967303908921697,0.14054385840894448,0.8353228476145971
4495,0.0008183965959707038,0.11440003852991516,0.3958117556282553,0.4889698092458587
4496,0.0010919921326018862,0.25753584212264885,0.5671412190083379,0.17423094673641146
4497,0.0025464575195727366,0.3206756989431346,0.5216429183098175,0.15513492522747516
4498,0.0024523566315138075,0.23300618179675314,0.5071372499696557,0.2574042116020774
4499,0.0005664272720718378,0.10107324916594901,0.4717822681630338,0.4265780553989454
4500,0.000415737869948041,0.8304835943922145,0.16791281741906797,0.0011878503187694699
4501,0.002450368133429089,0.5264994287151675,0.4452270447144844,0.02582315843691891
4502,0.0002095484172478367,0.03247594875645142,0.16869714600105185,0.7986173568252489
4503,0.0018368718161410522,0.468469285083749,0.48845089886343107,0.0412429442366788
4504,0.0007274030967682873,0.3909228340509525,0.5757967387306543,0.032553024121624946
4505,0.0006384861401368962,0.36794814837038914,0.6078946729467067,0.02351869254276726
4506,0.0001730883422722047,0.07935230686015116,0.732683051181588,0.1877915536159886
4507,0.0004451848150552278,0.2588623759390648,0.6847931503577036,0.05589928888817636
4508,0.0006524716815369048,0.6013197590523975,0.3813474863314057,0.016680282934659865
4509,0.0004083157462367932,0.4964025601479417,0.48961187350682245,0.013577250598999037
4510,0.0007483395943000783,0.3497082220756071,0.5811146935130499,0.06842874481704293
4511,0.0013248506976431672,0.1504943690864384,0.4003617920648054,0.44781898815111315
4512,0.00115749138101609,0.2936445962724928,0.5897970783969902,0.11540083394950093
4513,0.0009294309613080856,0.15433164272689945,0.5087987676068292,0.3359401587049632
4514,0.002409633895977234,0.3046287777490244,0.5659226047735453,0.1270389835814531
4515,0.002152338962761122,0.3499395140963243,0.5882018972212875,0.05970624971962712
4516,0.0007995318123138357,0.14174594491985112,0.4732445514214387,0.38420997184639644
4517,0.0005553259219784525,0.11372240619877681,0.4781441831638266,0.4075780847154182
4518,0.0005157246698726018,0.33038715782519934,0.6306385749516186,0.038458542553309494
4519,0.0006246536998407316,0.11504949287572894,0.4460125326270144,0.438313320797416
4520,0.0004932551855535373,0.3714658147766657,0.5946848633122875,0.03335606672549328
4521,0.0007614438854864453,0.46398434696682417,0.5008384783210769,0.034415730826612506
4522,0.0005241647669767097,0.3056636135201146,0.6319674813605409,0.061844740352367755
4523,0.0004788092824591702,0.41999114937471005,0.5566732586145002,0.022856782728330603
4524,0.0008917057520773884,0.5095186378123125,0.4688957433278528,0.02069391310775729
4525,0.0009779738594419595,0.3445923797205188,0.5636410316284017,0.09078861479163758
4526,0.0014545175747340702,0.31349192048570124,0.5750121969095982,0.1100413650299665
4527,0.0009818012425402052,0.6280675022085228,0.3622397931477795,0.008710903401157597
4528,0.0010426976776711397,0.7018656705091553,0.2938635144144801,0.003228117398693436
4529,0.0011302415188701143,0.7116438378622857,0.28407528854634007,0.003150632072504102
4530,0.003477675025027044,0.30424308908192765,0.43505781932523035,0.25722141656781505
4531,0.0007629773564887652,0.7634131604796857,0.23331199778394585,0.0025118643798797287
4532,0.00020873784289861204,0.03303162273240861,0.17694774126085883,0.7898118981638339
4533,5.59630699789664e-05,0.005475464893338403,0.03694259887562208,0.9575259731610606
4534,4.402923356382709e-05,0.0037883908466394608,0.02473532747332862,0.9714322524464681
4535,7.266288298040925e-05,0.0066020076689698405,0.0403848439953411,0.9529404854527086
4536,0.0021273194989923604,0.7745811817827843,0.22093478338569822,0.0023567153325251013
4537,0.008447994325656925,0.2109070838407888,0.35731262818838005,0.4233322936451742
4538,0.002390474662950533,0.16115499985615783,0.3811528403338318,0.4553016851470598
4539,0.0044631642329166854,0.31274825971062087,0.4356272239367577,0.2471613521197048
4540,0.0005786616816207117,0.050612569659298424,0.24694417565544036,0.7018645930036405
4541,0.0006554484550948925,0.06276042069816987,0.3526591436226748,0.5839249872240604
4542,0.00033176806661801414,0.042953309645486756,0.23119655469896216,0.7255183675889331
4543,0.0015743903417325539,0.29807496074933076,0.5938472103224905,0.1065034385864461
4544,0.00036594350338984064,0.05901108189887179,0.23359216017326617,0.7070308144244721
4545,0.0008136593348645107,0.1431119710089941,0.4346424252117096,0.42143194444443177
4546,0.0016137173538102916,0.5379692785650702,0.4247053495158652,0.035711654565254165
4547,0.000423887723548264,0.11022470479435655,0.5730762761543291,0.3162751313277661
4548,0.0006359974502208466,0.7289251903607407,0.26561330416882317,0.004825508020215371
4549,0.0010464787987587653,0.25925507806348336,0.6096642013166104,0.1300342418211477
4550,0.0008151786196416036,0.10596031320038723,0.4522797237606423,0.4409447844193289
4551,0.0010166492534258527,0.1439223317820194,0.5147334570406619,0.34032756192389296
4552,0.00035552297083473063,0.2602665528692202,0.7154761226629652,0.023901801496979996
4553,0.0006077895592125932,0.7557502058368074,0.2391295578230381,0.004512446780941951
4554,0.0004464041491434059,0.23911442491280888,0.7412693107553416,0.019169860182706076
4555,0.000813231410366388,0.32801897004605907,0.6352358295964612,0.03593196894711333
4556,0.0004520792645550675,0.12815208800919062,0.6057642376702171,0.2656315950560372
4557,0.0015142832938577953,0.34751061336832956,0.581021798938052,0.06995330439976064
4558,0.0005119415948760043,0.07992885277611674,0.35097947807409585,0.5685797275549114
4559,0.000612030282059457,0.09026857168777674,0.35238859402411904,0.5567308040060448
4560,0.0011697510398693252,0.3366869086927443,0.5782195945390525,0.08392374572833394
4561,0.0006334132782629719,0.13419032339680875,0.5421436179927828,0.3230326453321455
4562,0.0003613742476282354,0.06774160060622303,0.40548806506031376,0.5264089600858349
4563,0.00027389833530113946,0.07006535047413542,0.622476361578062,0.30718438961250155
4564,0.00043913749990828066,0.24099193411498537,0.6521371271071739,0.10643180127793249
4565,0.0013672778290799833,0.31904588617346785,0.5933500328621525,0.08623680313529974
4566,0.0002117539241853818,0.04420143178129514,0.285400106496011,0.6701867077985084
4567,0.00018845223354927058,0.23455552524384346,0.7232950417507454,0.0419609807718619
4568,0.0009246275148613641,0.31878375171930423,0.5921857099224771,0.08810591084335741
4569,0.0007060837095851352,0.3166208710085707,0.590123624440543,0.09254942084130119
4570,0.000328322929037736,0.03782540400853792,0.16640475431365676,0.7954415187487676
4571,0.0005043207462730607,0.07404737347771267,0.26790318424275084,0.6575451215332635
4572,0.0010002380684896478,0.13613296568889635,0.4952938543061105,0.36757294193650353
4573,0.0013368946030804696,0.5470401328523018,0.41011945236831326,0.041503520176304466
4574,0.0004413931786628099,0.43801769941870317,0.5460309111477748,0.015509996254859222
4575,0.000881558351912398,0.1754646833002919,0.5377162969143185,0.28593746143347704
4576,0.0004103064730891557,0.4734881009356293,0.5075268972918445,0.018574695299437102
4577,0.0008635003896190993,0.3443183831171957,0.5837904735145494,0.07102764297863587
4578,0.0006217949725244808,0.14174835696956287,0.5920477147166154,0.2655821333412972
4579,0.0006428570439250141,0.1114052912562778,0.3611132435739198,0.5268386081258775
4580,0.0002960269116672698,0.5523427570916206,0.43456569651968624,0.012795519477025872
4581,0.001281115809348065,0.33306386145637024,0.5541098149421224,0.11154520779215937
4582,0.0006026563138737979,0.44141262502533196,0.5487373385477479,0.009247380113046391
4583,0.0004072571010429465,0.7325922268121672,0.2642164980341799,0.0027840180526100032
4584,0.00013500949349434124,0.017960737666695557,0.09092084965356728,0.8909834031862429
4585,0.0031959859415827694,0.25361366524352147,0.5423559770523078,0.20083437176258814
4586,0.0035121378487063494,0.28000267883455443,0.51012692415473,0.2063582591620092
4587,0.0006063685241090012,0.1800236597633918,0.6368926620437163,0.18247730966878295
4588,0.0008854971157194354,0.21328842607697057,0.6143384475039187,0.17148762930339126
4589,0.005914555690095739,0.46600073080542637,0.470535174112205,0.05754953939227292
4590,0.0036260722674954257,0.3251263130242015,0.5453149065200346,0.12593270818826846
4591,0.008218149697218718,0.7993354214850652,0.18766059225471465,0.004785836563001421
4592,0.0006494292017081705,0.1925052237062872,0.604524665676996,0.20232068141500856
4593,0.001240716208506651,0.2538887684479919,0.5849829106376553,0.15988760470584631
4594,0.0013223992058552275,0.39511226423267,0.5349181068865547,0.0686472296749201
4595,0.0007447847120013189,0.20518783757585374,0.5578786571651243,0.23618872054702067
4596,0.0015322113682977544,0.7196510558720233,0.2701456767783016,0.008671055981377372
4597,0.0011488411452608167,0.4331606836825377,0.5301114411914316,0.03557903398076988
4598,0.00040616390347652484,0.9134106291862784,0.08522386744259963,0.0009593394676455104
4599,0.00017999975453947018,0.04834478757137426,0.2988096488017444,0.652665563872342
4600,0.0005409056451679919,0.13304034969541254,0.5451524447424144,0.32126629991700506
4601,0.0019397030415168927,0.16034129618465942,0.45829348611762355,0.3794255146562001
4602,0.0002518383970971431,0.032117286310285924,0.162966659523143,0.8046642157694739
4603,0.0007398753263702531,0.15786569867223207,0.5139379934623913,0.3274564325390064
4604,0.0009036676582754823,0.4482702017572757,0.5333334657850262,0.01749266479942271
4605,0.000528454247673525,0.09757194331681256,0.4268737025669159,0.47502589986859795
4606,0.00034460878515199083,0.03837627121466227,0.1640931885340578,0.7971859314661278
4607,0.002333037671908885,0.8131816495123859,0.18218540629128935,0.002299906524415892
4608,0.000802770838919742,0.4338294924136301,0.5420113205735764,0.023356416173873823
4609,0.0005418657477706696,0.12443734191301783,0.4453742799403658,0.42964651239884577
4610,0.0009229903613103398,0.20943259963667968,0.5840877030227333,0.20555670697927678
4611,0.0013181403651821215,0.17840000624184607,0.5234314326369908,0.29685042075598117
4612,0.0009232199412228738,0.08553377447316082,0.30975683844556356,0.6037861671400527
4613,0.0006442552029531012,0.5507801870149271,0.43986165257644855,0.00871390520567133
4614,0.0035537864208882554,0.23618954122400296,0.5027838143504693,0.2574728580046395
4615,0.00032063237990609953,0.0423524247925609,0.22171885514707954,0.7356080876804535
4616,0.0013339995017309367,0.32070678250786805,0.5702697698520091,0.10768944813839197
4617,0.002366593158005032,0.3204880271654753,0.5303608559744871,0.14678452370203254
4618,0.0007602591756490086,0.2880094721397745,0.6117549372724826,0.0994753314120939
4619,0.0013241517004689977,0.22885187962315928,0.521443355492682,0.2483806131836897
4620,3.4278643023332144e-05,0.003614862913445774,0.02655497958752525,0.9697958788560057
4621,0.003436077832030461,0.34811633505479556,0.5162728428842405,0.13217474422893355
4622,0.003349621514659665,0.3377327828327998,0.5200366912924151,0.13888090436012535
4623,0.003286603816107611,0.4586360739379244,0.46623294881850785,0.07184437342746011
4624,0.0003136135345695076,0.2321653588804642,0.7162961872108136,0.051224840374152716
4625,0.000354728108911176,0.06681992895052312,0.3357614045642301,0.5970639383763356
4626,0.0019991718929649135,0.3342366056875806,0.5301384331762046,0.13362578924324997
4627,0.0005530034129270788,0.20493012414351175,0.6823469713691822,0.11216990107437902
4628,0.0011730383050155147,0.17177823254071561,0.5116723321222578,0.31537639703201115
4629,0.0020237677523539687,0.4127297016355481,0.5133816681325706,0.07186486247952731
4630,0.0009035094591879036,0.46498322532954994,0.49974205180534875,0.034371213405913446
4631,0.0011071968725429719,0.3693373189694411,0.562929330180273,0.06662615397774296
4632,0.0006205225657902917,0.24540002857278315,0.6988598160052483,0.05511963285617823
4633,0.00046433552584023433,0.17003183793950064,0.5869749408285965,0.24252888570606274
4634,0.00024985801756644444,0.054732704778508584,0.31188392770516976,0.6331335094987551
4635,0.00033309307181111106,0.060653704266462966,0.287730189752969,0.6512830129087569
4636,0.0009583866845730558,0.30990956889920324,0.5889431673865543,0.10018887702966948
4637,0.00030257621977068617,0.08621841022430927,0.3546903383018649,0.5587886752540551
4638,0.001673156955914984,0.2977511975634639,0.5172858386745784,0.18328980680604268
4639,0.0010652423136933578,0.664679309485757,0.3266902862793491,0.0075651619212004665
4640,0.0024561636552741083,0.34906019775629893,0.5155765064248254,0.13290713216360156
4641,0.0006325874903322842,0.20329339000956564,0.6041097669997831,0.19196425550031898
4642,0.0010273046725521719,0.23691943607052396,0.6183288976240685,0.1437243616328554
4643,0.0006265371178973137,0.20748515066772003,0.6742477403506122,0.11764057186377058
4644,0.00013499452041501755,0.02626762508093185,0.17059582318378624,0.8030015572148669
4645,0.00019209587786567862,0.14433664310558816,0.7999499662941962,0.05552129472235
4646,0.0006646784028388344,0.2279529772336834,0.6999280260602749,0.07145431830320279
4647,0.000620502531004223,0.29809318217233355,0.6407087541494836,0.06057756114717862
4648,0.0008050473691408589,0.25321983889743255,0.6112764541689123,0.1346986595645144
4649,0.0007936968778081085,0.10906580775260447,0.3860509155724325,0.504089579797155
4650,0.0007047910917704877,0.07517677520336592,0.25455409037853577,0.6695643433263279
4651,0.001438452249615683,0.4010005686051522,0.5384926028506722,0.05906837629455994
4652,0.0021620436916932025,0.5049920169759019,0.4528740987050207,0.03997184062738423
4653,0.0001416673101198136,0.016752988375275894,0.08191517564224333,0.901190168672361
4654,0.0010728937158818099,0.32081851133484096,0.610260610240048,0.06784798470922943
4655,0.00041126213579462773,0.10529118942332744,0.5115599164509923,0.38273763198988564
4656,0.0025919874178394905,0.3427245464992885,0.5336057483277608,0.12107771775511139
4657,0.0013234821854291971,0.7663330308849485,0.22724838090710947,0.0050951060225129016
4658,0.003911576637296208,0.7144834522273854,0.27119114599204147,0.010413825143276966
4659,0.0020636695972220563,0.6627734369521788,0.3216808098580862,0.013482083592513065
4660,0.001569930741526201,0.7382108778192228,0.2535777711001771,0.0066414203390738925
4661,0.0009204761757347446,0.19817831334238584,0.5500506651148203,0.2508505453670592
4662,0.0020934329228277067,0.42675544164520895,0.4886603031305268,0.08249082230143656
4663,0.0004110861097440827,0.1504178744865386,0.5659322056915741,0.2832388337121433
4664,0.0005820842451481126,0.274363688093694,0.6477063032810487,0.07734792438010933
4665,0.0015465248638300364,0.41297067694900036,0.5519875169511796,0.033495281235989854
4666,0.001999514759185969,0.6400439317384445,0.34494874285685007,0.013007810645519504
4667,0.00048050479949896083,0.09780286668478952,0.4146844942926174,0.48703213422309416
4668,0.0005608408579602047,0.0827468367964633,0.3049840915547039,0.6117082307908727
4669,0.0012675641611782002,0.8667543950109393,0.13054038222195286,0.0014376586059295922
4670,0.0010270794045978014,0.2203081225464235,0.6443266276686743,0.13433817038030438
4671,0.001922538963263314,0.4622987605626521,0.5001327955166063,0.03564590495747838
4672,0.0006702185292533933,0.36818057820882527,0.5901012867241398,0.04104791653778153
4673,0.004223381929879975,0.25955638203719394,0.4719415047363976,0.2642787312965285
4674,0.003792553095941686,0.793524134181786,0.19874564143920126,0.003937671283071018
4675,0.00749666754291254,0.7589458763332714,0.2263849120519191,0.007172544071897035
4676,0.0006044094576620437,0.08366764313283784,0.3845479458495933,0.5311800015599069
4677,0.00039921565918273354,0.09214131216092096,0.4168339822586956,0.49062548992120075
4678,0.0009150397004502842,0.3174133394223654,0.5787363830779138,0.10293523779927057
4679,0.00015103554602109273,0.021170634252553416,0.11785907505509566,0.8608192551463298
4680,0.0012119639782362476,0.3029033017782275,0.5526186366675453,0.14326609757599099
4681,0.0011886318334550683,0.25935283400531706,0.5827984774575345,0.15666005670369332
4682,0.0013422487500315678,0.2738523700388506,0.591720964109808,0.1330844171013098
4683,0.0005067456346234968,0.10770138378520702,0.4015915747250359,0.4902002958551336
4684,0.0006316019930119906,0.1785456853791056,0.5705573047578693,0.2502654078700131
4685,0.0008192804215830056,0.5455768066322805,0.43401137955071645,0.01959253339542006
4686,0.0021380878018641917,0.5841347601850817,0.38926317063708116,0.024463981375972957
4687,0.003076204952159831,0.31105146245031073,0.49654625114543904,0.18932608145209037
4688,0.00045099418195956577,0.13304956541792257,0.6248984494183347,0.24160099098178311
4689,0.0006586672558438274,0.09470385022273349,0.41885365853556905,0.48578382398585357
4690,0.0004135552018112794,0.05799157334806872,0.31772868903389095,0.623866182416229
4691,0.0004685441703343189,0.07393176951578889,0.37133255972040335,0.5542671265934735
4692,0.0007244274880659268,0.16316736384027541,0.7009613199229376,0.13514688874872108
4693,0.0011083942057184323,0.3212516086501442,0.5874123931067374,0.09022760403739996
4694,0.0011961881970845,0.3946141087280532,0.5485788193661109,0.05561088370875153
4695,0.0014555080925226565,0.43879273227889315,0.5162377427530802,0.043514016875503964
4696,0.0005479969418672115,0.3169839954286547,0.6252190918840227,0.05724891574545552
4697,0.0035297861615933204,0.4608150544471088,0.4598394203933801,0.07581573899791769
4698,0.0015946003577289969,0.6547130478594602,0.3378728546597372,0.005819497123073617
4699,0.006314990650786468,0.5026737690152704,0.41707258374330525,0.07393865659063802
4700,0.0012490623271651964,0.2049692408351083,0.5374873573438742,0.25629433949385233
4701,0.0011666619430808697,0.4704825946364758,0.4862416839198069,0.04210905950063648
4702,0.0005046150081670035,0.2501438290924123,0.679129033747296,0.07022252215212459
4703,0.0004831712827004205,0.2887840143526381,0.6446917412588773,0.06604107310578407
4704,0.00047376448107458365,0.24117057805157588,0.6813187474020114,0.07703691006533821
4705,0.00018965297470079545,0.029403222129821965,0.1808811080377743,0.789526016857703
4706,4.94077178024531e-05,0.005002553947197201,0.032606049415682396,0.962341988919318
4707,5.412938344804138e-05,0.00636845931667249,0.0393505892332366,0.9542268220666429
4708,6.892393436595762e-05,0.007134002426777989,0.050084102648241376,0.9427129709906147
4709,0.0006186284487713482,0.15286096924279333,0.5684089466330814,0.27811145567535395
4710,0.001384988798092249,0.44080054639744687,0.5219477790962297,0.03586668570823124
4711,0.002855153694892101,0.5171112488760845,0.45871618683324916,0.021317410595774355
4712,0.0014353780445125577,0.30850388883897467,0.5805249560733682,0.10953577704314464
4713,0.0009389013067518939,0.11866207102117542,0.41920992185953143,0.46118910581254136
4714,0.0006150508714209616,0.18344340120988328,0.6582888412727709,0.15765270664592496
4715,0.0012125694508376599,0.1897360903212605,0.5099312388932682,0.29912010133463374
4716,0.0042280460854858285,0.4058787411037966,0.4797039419334781,0.11018927087723956
4717,0.007490464832846893,0.7620550948195205,0.22370808825715016,0.006746352090482454
4718,0.0009314846556471115,0.16065046068063643,0.4604982139969094,0.37791984066680706
4719,0.0017002931434289984,0.20190660733178162,0.451688157274318,0.34470494225047144
4720,0.000987640865103468,0.14668936895698148,0.4242138464456694,0.4281091437322456
4721,0.0006710435053358052,0.4533571457707447,0.5269125706870389,0.019059240036880584
4722,0.00045223199120464184,0.3056704897076061,0.6637799348150981,0.030097343486091298
4723,0.00078061435939186,0.6485014811267498,0.33944905068190157,0.011268853831956884
4724,0.005174447743274149,0.6077517844873563,0.366173233800856,0.020900533968513504
4725,0.00038513832256344626,0.06407571045048004,0.26161879788180237,0.6739203533451542
4726,0.0007202161362542409,0.12548425216059284,0.47461459800464656,0.39918093369850643
4727,0.0012535911599978033,0.22793158942445552,0.5390942819214231,0.2317205374941237
4728,0.0008822568805005618,0.162188605982571,0.49528635725651604,0.3416427798804124
4729,0.0005446288784417279,0.09412738583774284,0.38385311025517865,0.5214748750286369
4730,0.0013507123834841518,0.33138121430621625,0.5501593705655514,0.11710870274474822
4731,0.0012844053216419299,0.18395214496646578,0.5649112549673241,0.24985219474456818
4732,0.0008472517490884788,0.16795240118855653,0.5644153558577187,0.2667849912046363
4733,0.001736840488365408,0.20340630030839363,0.5241055227410574,0.2707513364621837
4734,0.0009834782614025193,0.8046462473749865,0.19268243321381812,0.0016878411497929383
4735,0.0008833264037880872,0.17928650073704877,0.5436358953034515,0.2761942775557118
4736,0.0006076983181822338,0.7899039773225595,0.2075651658453538,0.001923158513904512
4737,0.0002679864545169183,0.05072183268557848,0.27659095463019717,0.6724192262297074
4738,0.0022404063410032538,0.6492190204991585,0.34334630069383604,0.005194272466002357
4739,0.0016117567178215125,0.46569341205778225,0.5068001845792027,0.025894646645193548
4740,0.0012477369304416687,0.34617281022609914,0.5774018251901162,0.07517762765334304
4741,0.0005047289472620088,0.11201113427958792,0.5249411217203452,0.36254301505280495
4742,0.005416289539130879,0.4329490737505555,0.47994785678362967,0.08168677992668398
4743,0.0010109866161363604,0.23482801449865248,0.5964147130488036,0.16774628583640763
4744,0.0012056984818583864,0.31279971234623116,0.5490812391576885,0.13691335001422195
4745,0.0006971040500835557,0.14026549723740406,0.48024914914550526,0.3787882495670072
4746,0.0011754773907242427,0.317255521903704,0.600042073713462,0.08152692699210973
4747,0.0011903831519447473,0.3832070996904219,0.5816335131832545,0.03396900397437888
4748,0.0013755337001521185,0.41192050347167497,0.540208547779968,0.04649541504820482
4749,0.0010348274221842657,0.1284735062138558,0.37488187742540824,0.4956097889385517
4750,0.0007386250977172207,0.7910247729240868,0.20419875407839339,0.004037847899802587
4751,0.002068420294622707,0.6238986847776737,0.3577301492577509,0.01630274566995275
4752,0.001699038558644586,0.5104580615750883,0.45498818061528207,0.032854719250984994
4753,0.0016488225759899652,0.6889205697767138,0.2996712248436442,0.009759382803652069
4754,0.0011299774790952339,0.14451187279747885,0.4434935733188139,0.410864576404612
4755,0.0006259151841838577,0.08575063929439569,0.2509501976533213,0.6626732478680991
4756,0.0020065916962185943,0.6145511721033743,0.37697797144773426,0.006464264752672871
4757,0.00011367680958868095,0.0136994436225574,0.0863300591254791,0.8998568204423748
4758,6.141283192287777e-05,0.01232494405224387,0.09728664154642397,0.8903270015694094
4759,0.00017637461271503735,0.023217913761621755,0.11929726508106663,0.8573084465445966
4760,0.0010544919922998914,0.14976569333947304,0.450908926092121,0.39827088857610615
4761,0.0016684120253194971,0.10546299176741736,0.3072094348783261,0.585659161328937
4762,0.0012333304452636473,0.3212830254733504,0.5734374319496859,0.10404621213170001
4763,0.0019354218879886757,0.14872836103772308,0.43771984237679656,0.4116163746974917
4764,0.0007467238152173449,0.3163980111034692,0.6161625727492166,0.06669269233209686
4765,0.000724537147978937,0.28807587792004113,0.6546066505908819,0.05659293434109802
4766,0.00239156917136671,0.3364248089494123,0.5425342757194772,0.11864934615974382
4767,0.0006001666635074129,0.15290287991062096,0.6425056175736623,0.20399133585220924
4768,0.0005965761410759473,0.14588927187921144,0.5764753801070308,0.2770387718726819
4769,0.0004568125239312868,0.5220126534185396,0.4637183400974143,0.013812193960114853
4770,0.0007903097883748355,0.8545250238099215,0.1422457253105138,0.0024389410911899627
4771,0.0010338977726548231,0.14644325044005166,0.4524708299588215,0.400052021828472
4772,0.001908822600012136,0.1717488458019727,0.47114619975559946,0.3551961318424157
4773,0.00046744390800189747,0.04526839351101679,0.15404506060382403,0.8002191019771574
4774,0.000776422797461725,0.1367920424273661,0.49508249061539283,0.3673490441597793
4775,0.002188253866471775,0.33983217423963097,0.5325485726079726,0.12543099928592466
4776,0.0008926946330221422,0.13594895082130198,0.5011512939805034,0.3620070605651726
4777,0.0004381677204966551,0.05998627622151588,0.24118305378703117,0.6983925022709563
4778,0.003032698727479346,0.501821554335631,0.4390061946450564,0.05613955229183322
4779,0.0008130799012542323,0.7961652438772335,0.19905270686902876,0.003968969352483544
4780,0.0003513832055146988,0.04611578496034942,0.17466751447010845,0.7788653173640274
4781,0.0013034013214426666,0.1210162679238564,0.38419383935169027,0.49348649140301065
4782,0.008359965548519997,0.4237744119916776,0.5146945862731935,0.053171036186608844
4783,0.0013699041466594302,0.2541257362223712,0.6085082007155753,0.13599615891539407
4784,0.0002084444018070267,0.036495559040090754,0.19262671054037506,0.7706692860177272
4785,7.808709277666829e-05,0.008956778951848708,0.04391014466955658,0.9470549892858181
4786,0.00012588176136052307,0.01912487387213013,0.1025441511165468,0.8782050932499625
4787,9.094531086384594e-05,0.009784346120214445,0.056099870522307305,0.9340248380466144
4788,0.00025759889614103046,0.02374366550035628,0.11701941453153439,0.8589793210719684
4789,0.0013292879420260522,0.1907703027577944,0.5234907653607317,0.28440964393944784
4790,0.0011655388692377224,0.2736164618372043,0.6019863455481578,0.12323165374540024
4791,0.001049729257609638,0.6666945428262683,0.32318116321560125,0.009074564700520952
4792,0.0009655305322209933,0.4821917471811173,0.5000372275498605,0.016805494736801336
4793,0.0006481849068007665,0.7409978202586609,0.25471127253362386,0.0036427223009145495
4794,0.000740028685491106,0.27138822112836725,0.6413896784114697,0.08648207177467196
4795,0.00038350142738635505,0.5270772028298017,0.45071527278394474,0.02182402295886726
4796,0.0008861870328689016,0.3191858777708654,0.5850262700222756,0.09490166517399015
4797,0.0004935677333833377,0.07162299298108041,0.2964577158249344,0.6314257234606018
4798,0.0010002396073022536,0.5168024716625966,0.46323396391017163,0.018963324819929555
4799,0.0002807521991001456,0.39623604983985883,0.5870966032469094,0.016386594714131758
4800,0.000487112419698229,0.09771455182444169,0.3963079674020378,0.5054903683538223
4801,0.00017650369095177052,0.026290784003885515,0.11711636557432578,0.856416346730837
4802,0.0009243135573079461,0.25674808514511116,0.548151587266114,0.19417601403146695
4803,0.00011450171312415655,0.019159398536683234,0.11496973863997065,0.865756361110222
4804,0.00045123860502709425,0.05586647341076699,0.21121826116680514,0.7324640268174007
4805,0.0011216734521153912,0.6695569194479819,0.3193518290706343,0.009969578029268261
4806,0.0010312737203716426,0.17242949871582752,0.4874289332936505,0.3391102942701503
4807,0.000741646804872803,0.3224690930706383,0.6063884542002944,0.07040080592419445
4808,0.0005434707396540478,0.8434104857456218,0.1538942444316386,0.0021517990830856354
4809,0.0014563816011933283,0.19881170406700202,0.5130437508944341,0.2866881634373705
4810,0.0020385972543240575,0.21408881803855512,0.5006153971480356,0.28325718755908524
4811,0.0005841736514274839,0.10173867717961818,0.4138477820690829,0.48382936709987145
4812,0.0015951713482036526,0.45656307655270817,0.5181147910351076,0.023726961063980614
4813,0.0012028563496023718,0.17114367372908768,0.5093337030780806,0.31831976684322943
4814,0.000327413379122765,0.05361505040417819,0.2857443168542182,0.6603132193624808
4815,0.0010983149663190222,0.14944755668332316,0.5118495922806846,0.3376045360696732
4816,0.0006647258596808606,0.12863148938575625,0.44836419505668756,0.4223395896978754
4817,0.0003434341054116094,0.05776506939100769,0.265251919654859,0.6766395768487218
4818,0.0031947395018562044,0.26147407911187037,0.4772924451989985,0.2580387361872749
4819,0.006015078093324859,0.3902429945204834,0.4496564878703748,0.15408543951581688
4820,0.001286882727033281,0.13885529524447884,0.4051264544938621,0.4547313675346258
4821,0.0013726759217871673,0.5461888785965614,0.4324558242099711,0.01998262127168038
4822,0.0005346437631646277,0.23915601745791215,0.7018666456260442,0.05844269315287911
4823,0.0010184362153199205,0.6113905751721967,0.37639457762562817,0.011196410986855216
4824,0.0003793539818634261,0.6599357324696703,0.3341640135971484,0.005520899951317919
4825,0.004970221570729454,0.38639344206264925,0.5119582571269901,0.09667807923963134
4826,0.0011363895121017538,0.5783182389354087,0.3941607410206802,0.026384630531809443
4827,0.0009678418908016205,0.2638623361712796,0.5578095296469465,0.1773602922909724
4828,0.00034753344436188666,0.06272278993556947,0.2661757978929183,0.6707538787271504
4829,0.00023402556789531377,0.13181807811155313,0.7394100371075454,0.1285378592130062
4830,0.0011556795110231105,0.3012844514612194,0.6371358274681026,0.060424041559654876
4831,0.0010578907765383143,0.2463496691496888,0.6106856634764766,0.14190677659729636
4832,0.000565735918431401,0.39842310895378175,0.5688156632271351,0.03219549190065184
4833,0.0003696142124593037,0.11019837146809401,0.5115478688654952,0.3778841454539515
4834,0.0005428323554754415,0.06735206797416075,0.2591067013847144,0.6729983982856494
4835,0.0004462536435483824,0.05279058361109104,0.2125256592713012,0.7342375034740594
4836,0.003479464940298117,0.5451384931321307,0.4229651277203252,0.02841691420724589
4837,0.0006810809401127031,0.19272114534486545,0.7051598116925076,0.10143796202251422
4838,0.0007291687922468358,0.2053690059783973,0.6751426728326253,0.11875915239673067
4839,0.001059043006967915,0.3357671056631066,0.6173994838404366,0.045774367489488904
4840,0.000995831045310959,0.20026161010532056,0.5962259512343592,0.20251660761500928
4841,0.0007491927644181583,0.37580447954522395,0.5881676484531178,0.035278679237240276
4842,0.000468401072884931,0.14794266626135796,0.6380397881495421,0.21354914451621512
4843,0.0006914601579827062,0.14104745996913093,0.6023773701654289,0.25588370970745755
4844,0.0006732553979715113,0.23500926247614726,0.6673826377325506,0.09693484439333072
4845,0.0003686821026745589,0.06733662867650025,0.30690612131190126,0.6253885679089239
4846,0.000341996613339065,0.04311174414968761,0.21436514000387408,0.7421811192330993
4847,0.00018625526097494887,0.019891720989084438,0.09203854422022946,0.8878834795297111
4848,0.00011827059102507318,0.012824931305283708,0.05975075599362806,0.9273060421100632
4849,0.0014395907472470166,0.2684088853193633,0.579892190053396,0.15025933387999374
4850,0.0013776962833551428,0.7552670707488358,0.23781157134386688,0.005543661623942246
4851,0.0012826466570885033,0.2681876492098098,0.6119002138155262,0.11862949031757541
4852,0.0016081237812469373,0.5978868907156476,0.3868407720134588,0.013664213489646623
4853,0.0005609641079458088,0.3464417558829998,0.5874870107215698,0.06551026928748462
4854,0.0004698765427164891,0.06439564331342824,0.26333072885637443,0.6718037512874808
4855,0.0022443794517316203,0.31655888918405517,0.5539686616711801,0.1272280696930331
4856,0.0017533365940317035,0.376408651730375,0.5218951202734832,0.09994289140211021
4857,0.0005715301032852131,0.6739033850807131,0.3207475071457498,0.004777577670251832
4858,0.0002621496314190588,0.8146725510914571,0.18370059229478383,0.0013647069823400026
4859,0.0009587646363528124,0.6346179403370885,0.35862855484511313,0.005794740181445586
4860,0.0011204825629682073,0.4485571443584082,0.5084538711619944,0.04186850191662923
4861,0.0010153818839994998,0.2022112693715764,0.5504636824020308,0.24630966634239326
4862,0.0008649130075168438,0.2231063690883691,0.5792973168275871,0.19673140107652692
4863,0.0002819732022843625,0.07516491000884169,0.4669263638729209,0.457626752915953
4864,0.0007226964102255596,0.4489895982346639,0.5339728854348346,0.016314819920276048
4865,0.0007017479343711818,0.30204604894484516,0.5890622305070261,0.10818997261375762
4866,0.0006551943167295442,0.09236399024041565,0.36473863134263995,0.5422421841002149
4867,0.00046287786350011114,0.7321353923267387,0.26558400300269086,0.0018177268070702108
4868,0.0008977736170142262,0.320799297753735,0.5886264747889223,0.08967645384032866
4869,0.0002484624249117727,0.09549961725826692,0.5558272694532336,0.3484246508635878
4870,0.0004206711418710168,0.07015185487718381,0.33389726647930446,0.5955302075016408
4871,0.0003331754954863036,0.11239298633102457,0.541176821170866,0.3460970170026231
4872,0.00029332499620040204,0.09916003990450585,0.5522063301011555,0.34834030499813834
4873,0.0018589078002586522,0.36108600583979966,0.5489546878224194,0.08810039853752231
4874,0.0022095940295217163,0.35076551631323105,0.5437405959761323,0.10328429368111487
4875,0.0003576937898076707,0.045503073506129074,0.2493101280720006,0.7048291046320627
4876,0.0004492204769482748,0.11078380592652956,0.539172377780142,0.3495945958163801
4877,0.00040174043800984355,0.1292922960776426,0.6494744520405811,0.22083151144376653
4878,0.00203129410805135,0.26373979831162797,0.5652508168719899,0.16897809070833086
4879,0.0006114483008272039,0.2112564712646165,0.6735867410936114,0.11454533934094495
4880,0.0009886397262204413,0.29550614676314424,0.615246599463867,0.08825861404676846
4881,0.001151388366379683,0.14597022581820274,0.4568308291276709,0.39604755668774666
4882,0.0008874987105771778,0.10609552083771366,0.3997678649465433,0.4932491155051658
4883,0.0010322508564476873,0.13978044292865843,0.5235054232365396,0.3356818829783543
4884,0.00047947556344274004,0.15277970814174452,0.5561338747509684,0.2906069415438444
4885,0.0002598762866845298,0.030651682442194746,0.1122797955902127,0.8568086456809081
4886,0.0014200938127118712,0.30526753398380274,0.5618579907268859,0.1314543814765995
4887,0.0005709782625481817,0.04454884641372146,0.15145641439531743,0.8034237609284129
4888,0.0013949668999650615,0.11438623392992484,0.39162829929308113,0.49259049987702896
4889,0.0023349453536490755,0.5735743176708702,0.40490153787510763,0.019189199100373065
4890,0.0024794216611863625,0.8287651437162432,0.16542255305990347,0.0033328815626670837
4891,0.002686299308018294,0.2200797537076201,0.5681117395965973,0.20912220738776435
4892,0.0024893149773982793,0.502081573200536,0.4548819562611388,0.04054715556092705
4893,0.0004339190327736917,0.8440884806854407,0.153733100508947,0.0017444997728385963
4894,0.0015978167249323279,0.38916906779063026,0.5557296205880602,0.053503494896377235
4895,0.0019986429270629465,0.4434768555344494,0.518298780530257,0.036225721008230655
4896,0.0007572782710275488,0.3958843923229078,0.5525363200064125,0.05082200939965225
4897,0.001954897561825543,0.27373033727966944,0.5852908273504379,0.1390239378080671
4898,0.002501150950358497,0.14884162820452274,0.38755128818637297,0.4611059326587458
4899,0.0005107641836805951,0.06836852938361299,0.26997270482561664,0.6611480016070899
4900,0.0014630997373814023,0.28924964263368813,0.5575686068478081,0.15171865078112245
4901,0.00043261221439700435,0.07046677093970867,0.28802944392923224,0.6410711729166622
4902,0.0002357794224137058,0.03134993217947473,0.12404447259133829,0.8443698158067733
4903,0.0011105320821171035,0.20631543625941193,0.5608256457994276,0.23174838585904345
4904,0.001384395723458834,0.4343209522808275,0.5343445755372523,0.0299500764584614
4905,0.0010892609844567113,0.38735193277003693,0.5802055364346703,0.03135326981083613
4906,0.0022213691242260157,0.2460115545316223,0.5560085042884743,0.19575857205567743
4907,0.0010317871274843605,0.2052961313001995,0.59709907311055,0.19657300846176612
4908,0.0011145435730254567,0.1972337165554629,0.5365455275674111,0.2651062123041005
4909,0.0016544056459043112,0.6019476277849272,0.37235346753180176,0.024044499037366787
4910,0.011141081040400558,0.44799945405021246,0.4440572581998201,0.09680220670956691
4911,0.0017395462508026042,0.501793973765588,0.468553166476937,0.027913313506672418
4912,0.0010827782486141262,0.465293785143905,0.4913076411624045,0.042315795445076375
4913,0.0008876494721569379,0.8234822661609653,0.1714891517647138,0.00414093260216401
4914,0.001334388359457343,0.17682521426507733,0.47469345121650663,0.3471469461589587
4915,0.0018559317413606514,0.4449178156136197,0.4963546071393712,0.05687164550564845
4916,0.0033967803591520938,0.35990418730687695,0.5221893054110699,0.11450972692290104
4917,0.0018098472746914602,0.8904238511328003,0.10687381710731049,0.000892484485197748
4918,0.0020841005856168404,0.48030446498772233,0.4541064293275947,0.0635050050990661
4919,0.0034343533646349084,0.7591461168294585,0.22895126263813342,0.008468267167773125
4920,0.0008012915251746015,0.23337139764242332,0.6391291839311933,0.1266981269012087
4921,0.0014743433845145113,0.40851054978170326,0.5333345161613032,0.056680590672479124
4922,0.0012852933815815921,0.32262764064621013,0.5726035387110296,0.10348352726117865
4923,9.998948232124911e-05,0.013996909642205289,0.09009309574924375,0.8958100051262297
4924,0.0004860173353363802,0.26105075458992844,0.6786970170042057,0.059766211070529554
4925,0.0022371407478246116,0.40785934809071406,0.4862362685807974,0.1036672425806639
4926,0.0015935250568678554,0.3511915189166936,0.5557354537268543,0.09147950229958439
4927,0.0022875891677746007,0.34620634705693787,0.5084518193376217,0.14305424443766573
4928,0.0014311680441581307,0.28645360596081376,0.543658218995928,0.1684570069991001
4929,0.0026375114528972773,0.3150238624432325,0.4950142721738133,0.18732435393005692
4930,0.0005045316103824763,0.8081567186086863,0.18909626363461804,0.0022424861463132047
4931,0.0030052181915646748,0.6647146794668138,0.32116716334106826,0.011112939000553329
4932,0.0003284026428644327,0.5561958955082663,0.4328715523569048,0.0106041494919645
4933,0.0008820289578572791,0.16938931674140167,0.532953140776991,0.29677551352375015
4934,0.0021628643087263874,0.36619359141339325,0.5555354241052769,0.07610812017260361
4935,0.00116037999036622,0.22135872382609023,0.5553107265199364,0.22217016966360725
4936,0.0008506829125945703,0.17134905848101,0.5778425741643813,0.2499576844420141
4937,0.005192377278143233,0.5554492961844042,0.3870570725551344,0.05230125398231819
4938,0.0005766684432898701,0.14167839550278766,0.6102147906814578,0.24753014537246465
4939,0.0008270356061210824,0.18785842332848857,0.6114041851465561,0.19991035591883421
4940,0.0023749137223963513,0.514103709317555,0.43040913103869766,0.05311224592135088
4941,0.0008542047434489729,0.12538461953518093,0.4671791871201193,0.40658198860125094
4942,7.769789232974101e-05,0.00797853928459799,0.051110691962316025,0.9408330708607563
4943,0.0004724482409486309,0.0826699478386157,0.4690716456811539,0.44778595823928175
4944,0.0002091790577229106,0.018035597089820943,0.08751204553200673,0.8942431783204494
4945,0.001652808098874063,0.23125391439818616,0.5150534323443465,0.2520398451585932
4946,0.0009061729453270382,0.6235155216121276,0.36214441206050996,0.01343389338203542
4947,0.0009779164657023574,0.17987145787828046,0.5556017950057425,0.2635488306502747
4948,0.001739342005220835,0.2080430133366457,0.5609487243528453,0.22926892030528817
4949,0.0012099325726894364,0.0907635641904996,0.2865517825777954,0.6214747206590157
4950,0.0006498342756847701,0.21159938565947292,0.6575921206987017,0.13015865936614066
4951,0.0013902044631858574,0.3263906744102352,0.610509583051834,0.06170953807474487
4952,0.0015223126898642407,0.4843186251772269,0.48082898429490856,0.033330077838000335
4953,0.0013603404924254817,0.5771172244237603,0.4013801887631332,0.02014224632068106
4954,0.000656280616482317,0.06386316559174735,0.23706208308588056,0.6984184707058898
4955,0.0008736109234841741,0.7401941646838401,0.2563071533094987,0.002625071083177139
4956,0.0016285840040957803,0.6605930470499487,0.3276612677372,0.010117101208755502
4957,0.0008336490413623817,0.4216608917394453,0.53191840559926,0.04558705361993233
4958,0.0007280693055315341,0.22140325097964492,0.6099930946817269,0.16787558503309674
4959,0.0008600808757417569,0.33527183826957146,0.5738577851212502,0.09001029573343668
4960,0.00034972733559796086,0.041719205310484654,0.18728053802047467,0.7706505293334427
4961,0.00037968149761486694,0.0754355130767593,0.32614342804871027,0.5980413773769155
4962,0.0020123221239671868,0.26531193808241915,0.5160038748377771,0.21667186495583643
4963,0.0008202865853612703,0.4334471145052238,0.514310541034218,0.05142205787519699
4964,0.0015736910791537295,0.28811244539158753,0.5518925662537197,0.15842129727553894
4965,0.001330520048589215,0.5093607694938503,0.4662609321008019,0.023047778356758582
4966,0.0010863304716771383,0.3235628259277016,0.5984680168904164,0.07688282671020488
4967,0.001362159909686836,0.3155430537815245,0.5907265040303047,0.09236828227848398
4968,0.0011027393415239672,0.5027965755277621,0.4702761565466615,0.025824528584052424
4969,0.002515579203957229,0.3806230716059561,0.5146747536963205,0.10218659549376616
4970,0.0011103643913761587,0.432917390774223,0.5137132488455476,0.05225899598885328
4971,0.0013392381778933719,0.6206616112313715,0.35880851481516346,0.01919063577557155
4972,0.0022747514524364956,0.2636690493074799,0.538671976395088,0.19538422284499563
4973,0.0020192798817955855,0.6478909692065725,0.3384357607781045,0.011653990133527463
4974,0.0006734119683143581,0.20168986948094697,0.6027533269808099,0.19488339156992893
4975,0.000990439295783118,0.9641698259178182,0.034690980923981485,0.00014875386241730332
4976,0.0007224318162143088,0.18038615967279023,0.613607055807717,0.2052843527032785
4977,0.0005593683690299876,0.11121740559284286,0.4554148343643137,0.4328083916738135
4978,0.0003929963577307008,0.08426555647699231,0.4065785019138002,0.5087629452514768
4979,0.0008147674440205395,0.13389276004984746,0.4860087669478472,0.3792837055582848
4980,0.0022042382584434956,0.5138616752422783,0.4474241427568334,0.03650994374244482
4981,0.0008014724517681885,0.6650167331690573,0.32847850049508887,0.005703293884085688
4982,0.0016005417612199797,0.47306074678317916,0.48540595242000484,0.0399327590355961
4983,0.003192737743705723,0.850453061473859,0.14475352984899353,0.0016006709334417117
4984,0.0017633061675169205,0.28657832092506064,0.5695061461443416,0.1421522267630808
4985,0.0014518775421063148,0.19204841995446587,0.5304142719750957,0.2760854305283321
4986,0.0007732488879175084,0.1388414763561839,0.4373854528994189,0.42299982185647966
4987,0.000770197870299576,0.10043325942662278,0.34498664003668505,0.5538099026663926
4988,0.0005461226392672731,0.08838254120744762,0.31986447969666376,0.5912068564566213
4989,0.0012385022681579204,0.1784143322270378,0.5014402447537926,0.3189069207510118
4990,0.0007214311351240786,0.19478616867752158,0.6142941825537178,0.19019821763363653
4991,0.00036718328059695874,0.10933966336970796,0.5552346424518717,0.3350585108978234
4992,0.00041819118204006135,0.12484477641252235,0.5817006380654202,0.29303639434001744
4993,0.0007459110786364628,0.5944940338614855,0.38921457293136197,0.01554548212851627
4994,0.0007414827264573093,0.37711740683536815,0.5860213087925009,0.03611980164567377
4995,0.0008473009693205192,0.3926481455340399,0.5597215788000798,0.04678297469655984
4996,0.0008778186052121311,0.1964197122399162,0.5605722472874999,0.2421302218673718
4997,0.0016755221648544342,0.25553169621125965,0.5843816507324856,0.1584111308914004
4998,0.0009234082645435625,0.34491595560116883,0.6020593237140148,0.05210131242027276
4999,0.0015715408449823204,0.15536050728491618,0.4420685085407938,0.40099944332930776
5000,0.0007769928165681375,0.19429690056726545,0.6525574579867139,0.15236864862945243
5001,0.0009660464287981594,0.6456126544629762,0.3471943474096846,0.00622695169854099
5002,0.0032219940915053156,0.33551268151063623,0.5231955384563861,0.13806978594147248
5003,0.0016758342615874242,0.16679905425661476,0.48142185441830176,0.3501032570634961
5004,0.0009393777561579454,0.793120212680352,0.2042770203433222,0.0016633892201676943
5005,0.0010820565008951883,0.11351185930331231,0.45076396149511866,0.4346421227006738
5006,0.00043046532676290893,0.5793377114556066,0.41376862314500323,0.006463200072627207
5007,0.003449893479426325,0.8175956798289961,0.1758023562886664,0.003152070402911227
5008,0.023162220168179877,0.39808696478259786,0.45062597989527714,0.12812483515394502
5009,0.006077100470910875,0.428244040587585,0.5082730972254031,0.05740576171610105
5010,0.0006337904954407069,0.319022247904797,0.6317356041645726,0.04860835743518977
5011,0.0018481962209613394,0.2706141596809623,0.5802926122031955,0.14724503189488083
5012,0.07464170115923949,0.4902893369509701,0.36813530322558163,0.0669336586642088
5013,0.004374311867941743,0.3746020764127152,0.5578006883798177,0.06322292333952541
5014,0.0007911898869521277,0.4349603935152311,0.545184377063678,0.019064039534138877
5015,0.002550648333634352,0.20532767583633324,0.5230297179904669,0.26909195783956535
5016,0.0035380314100938153,0.5865484488109122,0.3920341340845019,0.017879385694492083
5017,0.007071897226356157,0.5649832244811134,0.4037074655786619,0.024237412713868582
5018,0.0010558027319715418,0.2266796455717244,0.6923654385984763,0.07989911309782781
5019,0.0007601591415601608,0.3790176491784621,0.6020980179265454,0.018124173753432445
5020,0.007181346786701977,0.5301162298462417,0.4351072790442543,0.02759514432280201
5021,0.0008994158359905486,0.15506363410086718,0.5942281379751354,0.24980881208800682
5022,0.0025772023956839593,0.32410125463094247,0.6010472947475797,0.07227424822579401
5023,0.0009491807298767071,0.2214454643406103,0.627060279946939,0.15054507498257408
5024,0.0016227484173138922,0.2957606451504771,0.6053073879842654,0.09730921844794352
5025,0.006204950520860131,0.19673092478696597,0.4317704011698792,0.3652937235222947
5026,0.0008565838761262189,0.09009197844403556,0.3979909847167793,0.511060452963059
5027,0.0006003146378591303,0.08490400035999489,0.38407047592112287,0.5304252090810232
5028,0.000673764323153527,0.14221682314644912,0.5832089151747193,0.273900497355678
5029,0.0023685373033710813,0.3318090498700894,0.5787285768777185,0.08709383594882111
5030,0.0014712823020755809,0.39109641303012965,0.567395167644991,0.04003713702280382
5031,0.0033473887364439273,0.3976549906322113,0.5359758993645887,0.06302172126675605
5032,0.4250261132999805,0.5187219985267003,0.05153262284623078,0.004719265327088402
5033,0.0010563430484733939,0.31258888457573347,0.6514105170280106,0.03494425534778255
5034,0.000939420177395896,0.05277839788430193,0.20838385607192267,0.7378983258663796
5035,0.0019337355842169665,0.5322500242873502,0.45086453836246476,0.014951701765968028
5036,0.013585943990827609,0.8375913009822725,0.14575344989897962,0.0030693051279203237
5037,0.012461446851960583,0.7013349771619588,0.2796092858726168,0.006594290113463814
5038,0.08038007594140997,0.6707855177047669,0.23666603475274697,0.0121683716010763
5039,0.0013908888051265582,0.4423623486073914,0.5452946150234963,0.01095214756398584
5040,0.002939223896517237,0.8386569073992076,0.15687520046933903,0.0015286682349361777
5041,0.04292942204214043,0.583790091145307,0.3495543696470759,0.02372611716547673
5042,0.0006309847842685018,0.11405696956630879,0.5920717847066453,0.2932402609427775
5043,0.00029187088636731717,0.0744139524003281,0.5215969057550713,0.40369727095823327
5044,0.0025048131437793155,0.4854199115994407,0.48612034566588946,0.025954929590890477
5045,0.003622978535291369,0.4716634938659897,0.5012943820331384,0.02341914556558065
5046,0.0005896211007711383,0.2577055420112932,0.6967075890206527,0.044997247867283034
5047,0.0026410588476117507,0.34147149506098096,0.5995960442003334,0.05629140189107393
5048,0.019712349144327984,0.5082536112351987,0.41251118732459613,0.05952285229587714
5049,0.0027571684450826838,0.4594020919442445,0.4968519236137785,0.04098881599689442
5050,0.001804696914773857,0.1985016070889661,0.5403736657053078,0.25932003029095235
5051,0.003305265363644701,0.2345099058017931,0.56171691087464,0.2004679179599222
5052,0.0006770786555647296,0.5436681988396301,0.4458308189565931,0.009823903548211988
5053,0.002216148741699148,0.4171819701642513,0.5309079145357763,0.049693966558273156
5054,0.013675677775974776,0.422817763687866,0.4667469043719085,0.09675965416425071
5055,0.030388834785345188,0.5948192064194762,0.3434409696846962,0.03135098911048245
5056,0.001365371284114751,0.1795378902455637,0.5378504902019969,0.2812462482683247
5057,0.0009521731454643378,0.1592791098232751,0.5327179505462741,0.3070507664849864
5058,0.000429341373311197,0.06813473744707294,0.3103550451834928,0.621080875996123
5059,0.0005312481413280791,0.03832760340041712,0.21682400639078922,0.7443171420674656
5060,0.00015207225096045408,0.020328877515074277,0.10142766209081411,0.8780913881431511
5061,0.00021157272457870968,0.024285896738553435,0.17390811813623766,0.8015944124006302
5062,0.0013001982437094366,0.3137176476466401,0.6208960399645224,0.06408611414512809
5063,0.0018353447529056248,0.19028711778439134,0.5552813060645517,0.25259623139815135
5064,0.039823089050791814,0.5092718153371711,0.3754766144610604,0.07542848115097661
5065,0.0012484599955900448,0.30584463706622855,0.6221649397102875,0.07074196322789386
5066,0.002337424495923725,0.6557677101603452,0.33459466525029363,0.0073002000934373635
5067,0.0028085987703539185,0.41822419505369973,0.5251906217753894,0.05377658440055704
5068,0.0013189128519036247,0.20801193905824678,0.5596032644926676,0.231065883597182
5069,0.00205765427037022,0.28546155186869654,0.619016474964183,0.09346431889675033
5070,0.0007140791391062921,0.49974797677336047,0.48666956881977935,0.012868375267753872
5071,0.00028730856929017913,0.21947392033572483,0.7539429627326242,0.026295808362360854
5072,0.01334283109564833,0.9398689251534352,0.04626217833700398,0.0005260654139124762
5073,0.00044598086132478126,0.8172373147695196,0.18088129890493224,0.0014354054642235158
5074,0.0039493134808353675,0.30048054714018907,0.5292687924504093,0.16630134692856635
5075,0.0012380749709537664,0.29465410540895076,0.6570769751627056,0.047030844457389906
5076,0.005137331042681343,0.36258753130969557,0.5727309221361455,0.05954421551147771
5077,0.03466248320004178,0.4563392645458144,0.4283586511210177,0.0806396011331261
5078,0.0038905623116095587,0.306715454807014,0.5292990990024381,0.16009488387893833
5079,0.00210634708490706,0.29666999224929536,0.6230302497657453,0.07819341090005241
5080,0.07893378901413405,0.4792908514808456,0.3326982637910148,0.10907709571400544
5081,0.0024852678394805356,0.19866047349296395,0.48572822460440784,0.31312603406314765
5082,0.0032998820492386167,0.3467144108357684,0.5357452773305954,0.11424042978439745
5083,0.0008365993829209082,0.09015418243512831,0.336462185961448,0.5725470322205028
5084,0.0011330356813569694,0.15087243887194907,0.5235409044519358,0.32445362099475816
5085,0.0002073988068593818,0.019917558209011164,0.10576931243102783,0.8741057305531017
5086,0.0006216149635367374,0.06619602825673268,0.2875289933062188,0.6456533634735118
5087,0.0006870114273445606,0.039833774913878614,0.15654970036615568,0.8029295132926212
5088,0.0007830549211674995,0.07576665136924846,0.46570370462191996,0.4577465890876641
5089,0.002157564606888094,0.35544175270442135,0.554169753724252,0.0882309289644386
5090,0.0023201867559826984,0.2367378450324899,0.6233750138939773,0.13756695431755012
5091,0.0008428062094058171,0.9378936601460806,0.06067217182934256,0.0005913618151711186
5092,0.0005734634740903,0.20053734880357926,0.7263709271383582,0.07251826058397226
5093,0.0006303250932002121,0.9353002668932909,0.0636929115074614,0.00037649650604757226
5094,0.0005053405553178252,0.06642976934681569,0.42442070362792556,0.508644186469941
5095,0.0021666965592065453,0.5983894959253812,0.38159234155373767,0.017851465961674747
5096,0.0010416500217855533,0.29990638254752167,0.6251063340222576,0.07394563340843519
5097,0.002924405374731219,0.2745500737990544,0.5269548944222746,0.19557062640393985
5098,0.005295158461125695,0.8034202926063985,0.18825872077674133,0.0030258281557345853
5099,0.002178277060422607,0.3950854778079877,0.5584224952041617,0.044313749927428064
5100,0.003715103378084889,0.7156453144889998,0.27423088551078934,0.006408696622126028
5101,0.0008652328656955366,0.47836588981522105,0.5091760317587778,0.011592845560305693
5102,0.004233447479957503,0.6679195916464329,0.3150531281202288,0.012793832753380936
5103,0.0033089489105185277,0.3367170313896753,0.5706471551818337,0.08932686451797242
5104,0.0009916044148382296,0.10876217888178394,0.44546442785609813,0.4447817888472797
5105,0.001041643552455811,0.21904125191745788,0.5981498618667971,0.1817672426632892
5106,0.003206785858803515,0.2920066585400188,0.5567223509348398,0.14806420466633796
5107,6.894089702335246e-05,0.009811097703782117,0.059799284381252565,0.930320677017942
5108,0.006154132791803732,0.28208391011005757,0.5428503735948411,0.16891158350329757
5109,0.0018513697759243012,0.16529943802397068,0.5164054356673067,0.3164437565327983
5110,0.003279993715860684,0.2379518594991431,0.5608370573156833,0.19793108946931298
5111,0.0015861531767857049,0.1209596046668988,0.40725722035564715,0.4701970218006684
5112,0.0007781068984322181,0.2049366667695234,0.7405165988294204,0.05376862750262399
5113,0.0009876372330689107,0.1539174147210293,0.5772617531006874,0.26783319494521435
5114,0.0025806274037605157,0.5012501937174849,0.47127012909223176,0.02489904978652282
5115,0.00029032530074460123,0.06730696868290671,0.5586928363646471,0.3737098696517016
5116,0.0032889446390408352,0.3637835032545713,0.5704715967429869,0.06245595536340098
5117,0.012916489667605412,0.596897469008992,0.37555548626886004,0.014630555054542582
5118,0.010375664964553485,0.21622590131915465,0.40074951127710257,0.37264892243918935
5119,0.0005820861935528424,0.09034889238100438,0.4893073106474363,0.41976171077800645
5120,0.0022544083710362046,0.1615442011437087,0.4904360063033798,0.3457653841818753
5121,0.0007263266873292671,0.39263111191217975,0.5750559647272219,0.031586596673269234
5122,0.00439557670809285,0.31745789768144883,0.5182332877577485,0.1599132378527099
5123,0.000578507033463469,0.22891913829356264,0.667977384112807,0.1025249705601669
5124,0.018678499261033845,0.6478864380606154,0.3118579050121769,0.021577157666173803
5125,0.0012941358950013535,0.6375318425489838,0.35302895030580944,0.008145071250205421
5126,0.026127553218279895,0.797754973653301,0.17094159636369,0.005175876764729216
5127,0.0031507791065983593,0.850699749132651,0.1445737869623677,0.0015756847983830356
5128,0.002054314866802897,0.26585414533667817,0.5971449773725799,0.13494656242393901
5129,0.024255151728803624,0.5860221427104503,0.3682607643194571,0.02146194124128899
5130,0.0017750477836346859,0.3259036446490396,0.579471022769917,0.09285028479740871
5131,0.009660863251089735,0.6644329592544551,0.3187167060114494,0.0071894714830057355
5132,0.0011636388751770105,0.25993240889663566,0.6651677343377018,0.07373621789048551
5133,0.0009429366415977073,0.661911063473826,0.3297132629476786,0.007432736936897664
5134,0.0009132470035491319,0.18178644831382865,0.6838402479615767,0.1334600567210456
5135,0.0007953801169881771,0.19117889912110048,0.6862036172729878,0.12182210348892351
5136,0.00048708870039286593,0.09436551111900379,0.5433974566577175,0.3617499435228858
5137,0.0007283164944987366,0.13550717890487798,0.5780187779826664,0.28574572661795683
5138,0.0005374268686871959,0.07785611090383526,0.5062799376198778,0.41532652460759983
5139,0.0004711629177276387,0.06117940043792233,0.5038040556359902,0.4345453810083599
5140,0.0002912969209508604,0.03870910192870697,0.29630892653817925,0.6646906746121629
5141,9.713855883228328e-05,0.009743470800369582,0.08540381157543667,0.9047555790653615
5142,0.0008022303181537847,0.061840576381652135,0.2721781981975104,0.6651789951026837
5143,9.688319419254331e-05,0.0084180979198517,0.04267194031638471,0.9488130785695711
5144,0.0012121093934295258,0.0927451320029207,0.3826490017406797,0.5233937568629701
5145,0.013033164528840267,0.45009868600262004,0.45946191896460853,0.0774062305039311
5146,0.0002738068029799842,0.028258738212225753,0.19554760466950943,0.7759198503152849
5147,0.006433765587700903,0.2860851086026801,0.5382497209029785,0.16923140490664043
5148,0.003981540551163197,0.300982816858101,0.5362268393958187,0.15880880319491703
5149,0.01605793333553651,0.5783694029000765,0.3790755456345444,0.026497118129842543
5150,0.0006842649064443963,0.05836256385865808,0.2518232130429557,0.6891299581919419
5151,0.01432287811604867,0.47673277219742694,0.44430400797749514,0.06464034170902931
5152,0.002147580719206661,0.16765636776738943,0.5257597886979353,0.3044362628154687
5153,0.0028181002782753763,0.5565760897663085,0.42487644085078313,0.015729369104633063
5154,0.0017740274756676794,0.10942878613065882,0.36335885818361224,0.5254383282100612
5155,0.0008825896693056875,0.18138241583242515,0.6175250554955005,0.20020993900276873
5156,0.0012603377370788088,0.7839572943474954,0.21151667927796414,0.0032656886374616803
5157,0.0016224376985295849,0.3200484918535377,0.599391920210114,0.07893715023781872
5158,0.0009396153525554132,0.0871679450893762,0.4179220975993284,0.49397034195874007
5159,0.0012387808504580916,0.23620726106206746,0.6235990505283768,0.13895490755909767
5160,0.0013038041647985598,0.25736244543270625,0.6697201846811647,0.07161356572133043
5161,0.006069778849503568,0.3986977924445559,0.4923989545917749,0.10283347411416567
5162,0.0027309733791232764,0.2945616831846664,0.571988521895236,0.13071882154097433
5163,0.0005037630879009661,0.04296259616194367,0.25648673922396287,0.7000469015261925
5164,0.0012712704097445774,0.8351637044494722,0.1617006547071443,0.0018643704336390218
5165,0.0009350073080326249,0.2758433624166061,0.6761356454520963,0.047085984823264884
5166,0.0014187912545060464,0.1416872908009328,0.5538027264191779,0.3030911915253832
5167,0.001475618485444241,0.7069503801184944,0.2872025324267261,0.004371468969335233
5168,0.005990881438796468,0.39698544304754313,0.5180367079411365,0.07898696757252388
5169,0.0010943388171101513,0.23384866333829613,0.671811639237121,0.09324535860747284
5170,0.003523993656631004,0.3574175607263912,0.5737411416433009,0.06531730397367691
5171,0.0008350988631107017,0.17640920129423468,0.6693080034455215,0.15344769639713307
5172,0.0022456921488640774,0.21814517863318833,0.5555824293377498,0.2240266998801978
5173,0.0005980891818359091,0.32176187477278373,0.6309516377568517,0.04668839828852883
5174,0.0005861049724593108,0.11978617641419094,0.67195158832166,0.20767613029168985
5175,0.06750859907009328,0.6454222515480267,0.2640660510603746,0.023003098321505603
5176,0.0011341653267201157,0.27833353638132774,0.6296999498965368,0.0908323483954154
5177,0.0013889248870693398,0.11436075804089964,0.4656305556270684,0.41861976144496266
5178,0.004070963681547652,0.4781398830779997,0.4551265044988869,0.06266264874156581
5179,0.003892296658653543,0.4542771215363093,0.4886560036482057,0.05317457815683146
5180,0.001746240085874068,0.5006331754468748,0.4744926862431327,0.023127898224118378
5181,0.002560803687884639,0.42161591751193717,0.5210780691159037,0.054745209684274376
5182,0.0032192514933480566,0.46008017353315,0.4819796975323203,0.05472087744118165
5183,0.005788027324109804,0.4831185984327142,0.4501526205404385,0.060940753702737535
5184,0.016583869162085513,0.49029214274452604,0.4405855332119657,0.05253845488142267
5185,0.008069858827572291,0.7134114959514594,0.270151734190724,0.008366911030244286
5186,0.016242663678049746,0.47026191756956043,0.4542035020198228,0.05929191673256711
5187,0.007728132716022344,0.7495056105767051,0.23653794278858753,0.00622831391868509
5188,0.0026555527678911663,0.5521737141141287,0.4243676987885694,0.02080303432941074
5189,0.0062325962712932725,0.36762772015937234,0.5036438935742882,0.12249578999504612
5190,0.0005290780879011456,0.4524380514408895,0.5317904746709293,0.015242395800280029
5191,0.0010653137948801275,0.6929596883764206,0.3016192239403117,0.004355773888387544
5192,0.013340296245921038,0.5687996220029586,0.3867406829825688,0.031119398768551534
5193,0.003964953248790381,0.41276183131140387,0.508497418171103,0.07477579726870263
5194,0.002877352882382715,0.4861823196327614,0.4645814363616188,0.04635889112323711
5195,0.00270131966039788,0.1927127999109214,0.4633693704453374,0.34121650998334335
5196,0.0034793842624427493,0.2858587395102796,0.5686197064339618,0.14204216979331577
5197,0.007083694357194404,0.4220378499449895,0.469656976378411,0.10122147931940516
5198,0.002485687114186975,0.2652283467687856,0.5282608433308343,0.2040251227861931
5199,0.002343600055845293,0.21083791481322017,0.49769923829397467,0.2891192468369599
5200,0.00011313198718113348,0.023954682176510877,0.24787736567148044,0.7280548201648275
5201,0.0005462156286412353,0.2353961010758045,0.701643136247547,0.062414547048007286
5202,0.001071664854183611,0.3379832807574511,0.5906143123898862,0.07033074199847918
5203,0.0005314089348164113,0.24898184511781052,0.7066426657498855,0.043844080197487534
5204,0.00959515736698775,0.563437949097474,0.4011112574643035,0.025855636071234808
5205,0.0013268006532964262,0.50848563692233,0.4750906242844763,0.01509693813989745
5206,0.000789464829221827,0.45556855109430533,0.5338661501230069,0.009775833953465991
5207,0.002697840671263054,0.649385639678975,0.34170562560630235,0.006210894043459625
5208,0.0011623841928834779,0.320261999791772,0.6034220856778225,0.07515353033752203
5209,0.007694622305973784,0.413638622037099,0.4685353003220044,0.11013145533492288
5210,0.0011611234317144984,0.3535430627829893,0.595240890836358,0.05005492294893821
5211,0.005787905024848642,0.6304629659552546,0.3464313148777714,0.017317814142125406
5212,0.0008662733502795697,0.2291664654215128,0.6899456503768713,0.08002161085133633
5213,0.015221846083392158,0.5242649235976662,0.42837398910545854,0.032139241213483105
5214,0.009098269698397003,0.5311003824999581,0.42258892975124374,0.03721241805040116
5215,0.002447580940381605,0.35815396576590264,0.5690297253802127,0.07036872791350313
5216,0.042499685328184184,0.49309042520304147,0.3960315227459214,0.06837836672285301
5217,0.00942780649005453,0.2957044129343397,0.508465409536354,0.18640237103925172
5218,0.0038188363905719835,0.44412303325453406,0.49621488070084163,0.055843249654052185
5219,0.023783670979767125,0.5655936206010764,0.36516863028019,0.04545407813896658
5220,0.0017990888649611655,0.20543355230931978,0.6498390329584681,0.14292832586725096
5221,0.0016410261973028566,0.2851873459765752,0.5833677542756528,0.12980387355046924
5222,0.006765235634320158,0.42510640311201586,0.4902587134695007,0.07786964778416336
5223,0.001991594683185444,0.2453626401452439,0.6678198399165207,0.08482592525505003
5224,0.00199216328153171,0.4718515397290849,0.5119294689737468,0.014226828015636583
5225,0.0037326343178341057,0.38964178436005614,0.534187403168182,0.0724381781539277
5226,0.005951170572581055,0.49677065342163135,0.4579597453292773,0.039318430676510294
5227,0.0015294393395759432,0.3575593204806448,0.5829349984663704,0.05797624171340891
5228,0.0015430707381774245,0.35322621005577576,0.5806975852311208,0.06453313397492612
5229,0.0009599542221134228,0.3446058487726031,0.6009047153512783,0.05352948165400524
5230,0.07134196067931842,0.5960782468826801,0.2958340647056706,0.036745727732331035
5231,0.0017713269573000003,0.4462749614410586,0.5265596023662968,0.025394109235344603
5232,0.00025096859973886145,0.015300542641267557,0.08114340276289285,0.9033050859961007
5233,0.0008175038320807212,0.07078815744238388,0.27519406024182913,0.6532002784837062
5234,0.000495086704454456,0.06941532138733364,0.40249506162329995,0.5275945302849119
5235,0.0010077151096196633,0.14058013687835313,0.601139259010575,0.2572728890014523
5236,0.0009022971500912447,0.2367643139203377,0.6174350077905122,0.1448983811390589
5237,0.0033881356806815172,0.3395056288619522,0.5179244770013215,0.1391817584560449
5238,0.003597812656334123,0.17558515877708142,0.451334843863657,0.3694821847029275
5239,0.0011214575152348936,0.10836150699696975,0.3373841097541178,0.5531329257336776
5240,0.00017617364690649732,0.023990138415007356,0.19191801032412253,0.7839156776139636
5241,0.0008484108938974127,0.09837265583569452,0.42312882024321286,0.4776501130271952
5242,0.0008841977698191174,0.07809380282055753,0.33818706916491426,0.5828349302447091
5243,0.0013761128192460034,0.234553579995186,0.6236768017770961,0.14039350540847195
5244,0.004364413058297023,0.3151440398354318,0.5687286622216319,0.11176288488463927
5245,0.0009627991576975626,0.3449816816421881,0.6080692944554673,0.04598622474464695
5246,0.0017468462918359884,0.08441956397861475,0.32043445668891907,0.5933991330406303
5247,0.00015058006989400767,0.01121579297398281,0.0611277064875831,0.9275059204685401
5248,0.009257349724408937,0.27768002792369023,0.4467973453710995,0.2662652769808014
5249,0.024767437194844914,0.6524190057141699,0.3057965408214008,0.017017016269584434
5250,0.01444555078775368,0.745553447230782,0.23275462647681044,0.0072463755046539395
5251,0.0004296971131642214,0.9205080294981942,0.07856033000532117,0.0005019433833203886
5252,0.0014663680650828443,0.602867165557113,0.38845194739106836,0.007214518986735826
5253,0.0035531543621864017,0.4890450233399034,0.45297490906298643,0.054426913234923824
5254,0.0015619799111992107,0.7823795600561338,0.21445098647265776,0.0016074735600091418
5255,0.0015307572333004107,0.4990471578376968,0.47864640947702664,0.020775675451976113
5256,0.0633762190949245,0.6143588220976332,0.29371188826478273,0.028553070542659653
5257,0.05727060195280148,0.37830563007843226,0.43784513287668275,0.1265786350920836
5258,0.0014232518599171877,0.12371852498964145,0.37165156547761025,0.5032066576728311
5259,0.0012971580258594707,0.11720724608022923,0.44698493985053644,0.4345106560433749
5260,0.23123601029348573,0.5682452616906136,0.18835489376023276,0.012163834255667695
5261,0.03107303451613615,0.4987086052631813,0.4042510171972845,0.06596734302339807
5262,0.002296071261364282,0.4226243886778576,0.5242658972137774,0.050813642847000684
5263,0.0036444444318754154,0.9264672162579675,0.06937357597204463,0.0005147633381124572
5264,0.003324079782800913,0.6147553070895626,0.36985913436689416,0.012061478760742353
5265,0.0007002821309636759,0.24279019074787517,0.6851344054949285,0.07137512162623263
5266,0.03058890519574872,0.5581973534654596,0.3871508343422078,0.02406290699658392
5267,0.005877370409928734,0.573622435583812,0.4018063426533252,0.018693851352934072
5268,0.000826847427737442,0.10221687072626193,0.4105544185904677,0.4864018632555329
5269,0.00047407103853212834,0.4645749329505656,0.5219590867096614,0.012991909301240811
5270,0.006617461730242702,0.5280591126011728,0.426712175354196,0.03861125031438863
5271,0.0006435672953340886,0.23492001312290095,0.7027169063423289,0.061719513239436134
5272,0.0006279420431242327,0.36987958377963687,0.5738504531020631,0.05564202107517585
5273,0.0022923868489416674,0.18917666631076163,0.5442598863073562,0.2642710605329405
5274,0.002788664567232887,0.5100534511934268,0.45811963537784883,0.029038248861491513
5275,0.0013962451545923508,0.4320736194405935,0.5377987115804971,0.02873142382431698
5276,0.005553085256167865,0.2938053186697457,0.48887423220968496,0.2117673638644015
5277,0.004543163903269424,0.37062714305719757,0.49150851395264483,0.13332117908688818
5278,0.006360250228680071,0.42633327827480527,0.4737150332369495,0.09359143825956506
5279,0.0010542547493665852,0.23029803226171253,0.6712014621431829,0.09744625084573805
5280,0.0026454453565330567,0.7979814725761429,0.1969379492264073,0.0024351328409164754
5281,0.0030323480608999945,0.29978042709843467,0.5485001174053143,0.14868710743535102
5282,0.007005230038271415,0.4948479476299024,0.4842748133270623,0.01387200900476396
5283,0.007453195790951698,0.34258889270999715,0.5183219978777871,0.13163591362126406
5284,0.0015287187397124882,0.3940478157671331,0.5536846188156888,0.05073884667746562
5285,0.0007155024957966089,0.22437169990190756,0.6539576895854158,0.1209551080168802
5286,0.0005555974979573565,0.09367177923800954,0.41082713022254425,0.4949454930414889
5287,0.0002468327356705218,0.01861130328725467,0.11084144330970526,0.8703004206673696
5288,0.001176018469683555,0.18581223195001448,0.5913850160627329,0.2216267335175691
5289,0.006621450697425348,0.39279295062118114,0.4720254492986812,0.12856014938271237
5290,0.005472339571248919,0.4984964594323501,0.46915603877958634,0.02687516221681462
5291,0.0017211191236490377,0.17360019595347193,0.5503078869382182,0.2743707979846608
5292,0.0008674795533415497,0.17201254819763825,0.6334131661505202,0.1937068060985
5293,0.0027796018372689573,0.2770224477746718,0.5338831882163756,0.1863147621716837
5294,0.0016361250844041993,0.2748351247146581,0.625265062840791,0.09826368736014682
5295,0.001543868251159196,0.8393467857560033,0.15728069035242948,0.0018286556404081308
5296,0.0008586504025041239,0.1927614778237732,0.558064812556673,0.24831505921704972
5297,0.0005897048252373443,0.4244041646211242,0.567418499545712,0.007587631007926546
5298,0.0015418918599380243,0.3341890781993252,0.5888626375454589,0.075406392395278
5299,0.0018822920360801526,0.4435645837301522,0.5114225310248369,0.04313059320893081
5300,0.007693003212696023,0.42596937974195037,0.4832464140271644,0.08309120301818929
5301,0.0009962680391872357,0.4210660204692491,0.5584185718336099,0.01951913965795382
5302,0.00029089872519219215,0.04160388685817297,0.3300448252937942,0.6280603891228407
5303,0.0015131974362864791,0.1302826402889063,0.4358030784070358,0.43240108386777143
5304,0.0006774785509570951,0.13515557323086774,0.5388439282635469,0.3253230199546283
5305,0.0001037418678144753,0.007726087845208909,0.04517579399689501,0.9469943762900817
5306,0.0009954755630913518,0.15251189222814698,0.5954434479527482,0.2510491842560135
5307,0.0005535173826726051,0.2003075874920489,0.716009584013016,0.08312931111226252
5308,0.0017395914783787003,0.2588008873078729,0.5928761784576986,0.1465833427560499
5309,0.0007631638931035392,0.27205565078728844,0.6683228108142535,0.05885837450535458
5310,0.0004794446290166928,0.10082251834996747,0.50320525895467,0.39549277806634586
5311,0.028167702794699885,0.7093038734433136,0.24821447761996457,0.014313946142021871
5312,0.0033375493519695416,0.34941931630593104,0.5903286524206748,0.056914481921424676
5313,0.006124032005615822,0.2511228031928906,0.4654236553651027,0.27732950943639084
5314,0.0006464831448675261,0.02940240005666456,0.0972480618519951,0.8727030549464728
5315,0.0004049191963291152,0.035456430643602925,0.15267379185152832,0.8114648583085396
5316,0.0015531535842475128,0.2790766652459969,0.6503377050697065,0.0690324761000493
5317,0.010206798527190478,0.5565377315679649,0.4098287063379117,0.023426763566932938
5318,0.0023851788117308912,0.19896958933629702,0.514686351668763,0.2839588801832092
5319,0.00014392821392643024,0.021252363961324464,0.13704558211533982,0.8415581257094094
5320,0.002251609511679693,0.14538757708753083,0.40744327857144996,0.44491753482933954
5321,0.0021973354983597514,0.24051326067171833,0.5285271318145819,0.22876227201534013
5322,0.0008737725202422078,0.0713559724679319,0.28054220007309194,0.6472280549387339
5323,0.0010597266821208338,0.10874559750628462,0.3928774991991786,0.4973171766124159
5324,0.0017472513102033548,0.17947487120086522,0.5294038928814857,0.28937398460744584
5325,0.0009668774730997722,0.09080949402447105,0.3774942355946932,0.5307293929077359
5326,0.0005565998112961246,0.055714054559590526,0.25335288292389135,0.690376462705222
5327,0.003480035047370342,0.12936548847239815,0.32320498816981524,0.5439494883104163
5328,0.0007463586267763317,0.3058464440126185,0.6418049758135134,0.051602221547091806
5329,0.0009258239663652548,0.12664275655949547,0.5091771648011466,0.36325425467299266
5330,0.00044153897924707297,0.03953203164664526,0.1779001862254835,0.7821262431486241
5331,0.0008947292678878777,0.11228797256213299,0.517049336880824,0.36976796128915507
5332,0.004019437806827055,0.2029283704217141,0.497369233020958,0.29568295875050093
5333,0.0009158022897371298,0.24470469031020003,0.6385493187617353,0.11583018863832759
5334,0.0017786752732774982,0.2055839143309475,0.48927357573259944,0.3033638346631755
5335,0.0017753420250086122,0.25002179825741877,0.626738999616493,0.12146386010107967
5336,0.005785017427733403,0.48396197394839413,0.4628462438507073,0.04740676477316516
5337,0.0019521117256645958,0.26052795864630895,0.6154880515686497,0.12203187805937676
5338,0.0042550627736316704,0.616206530831853,0.36452796371044144,0.015010442684074012
5339,0.011259645382965698,0.5763137705282788,0.39157386460958,0.02085271947917552
5340,0.0023476149918459973,0.25452542925925636,0.5436944831283694,0.19943247262052818
5341,0.00046779961038007225,0.03402137078362017,0.18136174670995964,0.7841490828960402
5342,0.01720388389526744,0.5159061911698556,0.39339836063374295,0.07349156430113418
5343,0.003489955130498874,0.19575668490176157,0.46589283674538384,0.3348605232223557
5344,0.000968607249690224,0.5636723732197348,0.42692243012268255,0.008436589407892454
5345,0.0019080664896545358,0.48421355273261135,0.4954387922716042,0.018439588506129975
5346,0.0009399431960531797,0.585445906042563,0.40458885083916307,0.009025299922220826
5347,0.002340493812977211,0.35594354966698244,0.5871205954508548,0.05459536106918557
5348,0.0007563076948427668,0.5229988280415805,0.46270453052352034,0.013540333740056417
5349,0.03105071095725616,0.8655034861400666,0.10190711748166247,0.0015386854210148273
5350,0.001932566113310926,0.38483098601790305,0.5716113236286845,0.04162512424010153
5351,0.0019560097744632738,0.5464790387198474,0.4369378938932797,0.014627057612409695
5352,0.8832020426948002,0.09450526380922691,0.02000884988736912,0.0022838436086039496
5353,0.7090490847478773,0.2586016247769577,0.030369503285284684,0.0019797871898804575
5354,0.0018679043129463345,0.21367900858449285,0.6252482568231594,0.1592048302794015
5355,0.01343726989439817,0.7974985795546091,0.18398793701812008,0.005076213532872665
5356,0.0018104524882597527,0.34295086615775455,0.5713424291049684,0.08389625224901744
5357,0.0015237994755005401,0.4121556868291285,0.5366752531931884,0.04964526050218264
5358,0.0020479560317200967,0.15034677642047373,0.4462740323454265,0.4013312352023797
5359,0.16509507092319495,0.690921048896999,0.13662219849211737,0.0073616816876887
5360,0.0022363736022466703,0.2691974209426394,0.572254805442944,0.15631140001217006
5361,0.0018256780877167864,0.16660737033695777,0.5107875971832558,0.3207793543920696
5362,0.0008899718506105189,0.12360139318627004,0.5306360082209446,0.3448726267421749
5363,0.003309412959803135,0.5014973800746696,0.45153139104557927,0.043661815919947985
5364,0.0007099803244721788,0.168175734131007,0.6908648200007417,0.14024946554377918
5365,0.003906398594568298,0.23422788739899295,0.5012776097374998,0.26058810426893897
5366,0.001737600021420505,0.3297855114767362,0.642924528780938,0.025552359720905304
5367,0.0014465452666637814,0.4016173779840435,0.5591353450697317,0.037800731679561
5368,0.0010042907374100915,0.3657194473308967,0.6048109723044084,0.028465289627284805
5369,0.001492642393821961,0.26256738118550627,0.680617414567904,0.05532256185276772
5370,0.000538077265177288,0.34794968696561746,0.625189658149514,0.026322577619691277
5371,0.0007985670073000211,0.8151875312941448,0.18299502483354388,0.0010188768650112906
5372,0.0009874132976696636,0.15432241363619703,0.5897671405987824,0.25492303246735093
5373,9.823093342953833e-05,0.019127283850225465,0.17138343031033892,0.8093910549060062
5374,0.00019816537850542062,0.08700951279588033,0.5848672916001159,0.32792503022549835
5375,7.517443749352143e-05,0.009675079018378436,0.09931450778353162,0.8909352387605964
5376,0.024406519298367936,0.2273891716547805,0.35707800823917757,0.39112630080767397
5377,0.00027190844789803416,0.031196423487223252,0.18203073319556767,0.786500934869311
5378,0.0009504016629241245,0.06539312492133229,0.38455105590306704,0.5491054175126766
5379,0.0003796326645174305,0.0862268506361418,0.4380405646649008,0.4753529520344399
5380,0.000285991531845726,0.02079904577163195,0.15365117240376025,0.8252637902927621
5381,0.0003418709826973963,0.056238494946213524,0.34065257543183297,0.6027670586392562
5382,0.0030641576447848484,0.0843928099724679,0.2600212842330014,0.6525217481497458
5383,0.0005947236642387954,0.10246132956232461,0.5068125983556442,0.3901313484177925
5384,0.0063810058207194025,0.49450862216982283,0.45472987252163943,0.044380499487818394
5385,0.0013307332210953783,0.42362824312483416,0.5380272854075243,0.03701373824654609
5386,0.0072353570523981114,0.5870721213534501,0.3802906035458972,0.025401918048254667
5387,0.0011773783216651305,0.465248397077624,0.5144589902971497,0.019115234303561157
5388,0.00207462735198067,0.7667607028146535,0.22850802356779384,0.0026566462655719923
5389,0.00047079603414314686,0.29045381033340034,0.6568573400743081,0.05221805355814854
5390,0.0008702508075122303,0.16013537438158792,0.5721979648509048,0.26679640995999504
5391,0.0019297213418711782,0.15932882324025066,0.6043680555494009,0.23437339986847738
5392,0.0007096897400677834,0.14243237161762362,0.6048373520231631,0.25202058661914545
5393,0.0003762342296380821,0.2849716521283452,0.6810966937411912,0.033555419900825556
5394,0.0011888073480629325,0.1721471145662056,0.5800513693942427,0.24661270869148882
5395,0.0002600511694287977,0.312062871819803,0.6665289857454493,0.021148091265318886
5396,0.0006115982149516426,0.11487550758981654,0.49707210530060875,0.3874407888946232
5397,9.202953096973886e-05,0.01106834565927059,0.05221034057499052,0.9366292842347691
5398,0.0004300100850106813,0.07866297867721754,0.479593713928116,0.44131329730965574
5399,0.0009007470393954106,0.2607622678111844,0.6509090281866666,0.08742795696275359
5400,0.002601402938224717,0.4930450963445952,0.4630686789485244,0.0412848217686558
5401,0.0014514634094355218,0.8323597034797429,0.16462473167777317,0.0015641014330485216
5402,0.0028797425509330832,0.5614172961613693,0.4216355814369614,0.014067379850736209
5403,3.914018302784752e-05,0.007279038477261681,0.07498781477959485,0.9176940065601157
5404,0.0006679691064959306,0.5905667813004851,0.4031521371715975,0.005613112421421487
5405,0.0001419119451322387,0.023330714585234873,0.15674613767010312,0.8197812357995298
5406,0.004387161619851432,0.5553548941739603,0.4219301289039889,0.01832781530219925
5407,0.00032228869804453277,0.7706588195446994,0.22736610990614198,0.001652781851114051
5408,0.0009346874718677036,0.17301238375175296,0.628712337563842,0.19734059121253733
5409,0.0002527505631909594,0.030562377047776826,0.14597155566055758,0.8232133167284746
5410,0.0007956705091682213,0.17526689820995242,0.6457114875805312,0.17822594370034822
5411,0.003530442581534273,0.2719647741284449,0.5304587300339718,0.194046053256049
5412,0.0008124992990120031,0.15604581534399353,0.679834298418253,0.16330738693874142
5413,0.0023332720820415584,0.10626509910334483,0.2437324368482921,0.6476691919663214
5414,0.0001458857386693089,0.08335861657799983,0.8598259982996534,0.05666949938367742
5415,0.001420866855967542,0.2370804144648266,0.5821755877860236,0.17932313089318233
5416,0.004344823279697477,0.3943522111922219,0.5219562898206699,0.07934667570741075
5417,0.03582009607622583,0.5191236670419117,0.36374043017282853,0.08131580670903395
5418,0.0005246754341621791,0.7208314670557421,0.27607015890996917,0.002573698600126551
5419,0.0004470594244168855,0.08196179327198554,0.6261427449988335,0.2914484023047641
5420,0.004579286051262756,0.5505673616928615,0.4124518254412667,0.03240152681460909
5421,0.0021162911539073593,0.3326773040280601,0.6059598309461323,0.05924657387190034
5422,0.0021116179529318173,0.2155465514331411,0.5765710787388583,0.20577075187506877
5423,0.014210185182502933,0.1727795711556694,0.3201252835335199,0.49288496012830785
5424,0.01427109499108788,0.674306639928886,0.2906702007074944,0.02075206437253185
5425,0.002058926408691948,0.2847871979266372,0.5958249974202847,0.11732887824438615
5426,0.0023797582275613778,0.23298982006012597,0.5392233395136246,0.22540708219868805
5427,0.0012080405526350081,0.24743116417331312,0.6137918386782069,0.1375689565958451
5428,0.0009392657392388144,0.20920848839087575,0.6064252245346715,0.18342702133521388
5429,0.0020866854384527507,0.19098507136172846,0.563493299392764,0.24343494380705474
5430,0.001384419216971097,0.18597136745883194,0.5659786685100683,0.24666554481412875
5431,0.0017364990603669223,0.23223211822319106,0.5880176370648335,0.17801374565160855
5432,0.0006367175660220708,0.11773345112556802,0.6569104884223614,0.2247193428860484
5433,0.007235835823615604,0.44692812902111717,0.47130708977354385,0.0745289453817234
5434,0.00521994945771117,0.26194646208981265,0.4737815901064691,0.2590519983460072
5435,0.00210260760205298,0.3687404604585812,0.5528542323991892,0.07630269954017671
5436,0.0016271547780247312,0.13085955311848294,0.4188389350807531,0.4486743570227393
5437,0.0015580206961782694,0.2783723811361535,0.5637201687036207,0.15634942946404756
5438,0.0006222825631956727,0.30525101261460685,0.6637276213273047,0.030399083494892877
5439,0.0017105138700228488,0.19564136368842758,0.49053726293040684,0.3121108595111427
5440,0.0010414481118747674,0.7628343145135474,0.2310103503728907,0.005113887001687109
5441,0.0007057308006914659,0.3546901952156376,0.6062379902273849,0.038366083756286064
5442,0.001979094176792189,0.09601223590664945,0.32892995410318626,0.5730787158133721
5443,0.0018788847310374952,0.16694152332839157,0.48449636085950176,0.3466832310810691
5444,0.002634491992861451,0.21092520989236432,0.5709915084396002,0.21544878967517403
5445,0.004633737288407356,0.34598724822059324,0.525854799893422,0.12352421459757743
5446,0.001635924563835888,0.2646287850927297,0.6188434181793185,0.11489187216411594
5447,0.0009229028389859064,0.47251492980037696,0.49997526625708805,0.026586901103549155
5448,0.0013799922929788257,0.1712371278498696,0.538895986842119,0.28848689301503244
5449,0.008012229464112012,0.139047668171976,0.3092656056113235,0.5436744967525885
5450,0.004316342165839452,0.3538880364820008,0.4670022452903409,0.1747933760618189
5451,0.0009955170458127234,0.24161869974143368,0.6272399941920659,0.1301457890206878
5452,0.01015360330169883,0.4811078447615676,0.43474037347326777,0.07399817846346576
5453,0.04376901305907824,0.3664542437207903,0.4069071581356362,0.18286958508449527
5454,0.00044527853536648933,0.29521783130516754,0.6576554029939892,0.04668148716547681
5455,0.0012208582932798804,0.2637949848920972,0.6117279261478992,0.1232562306667237
5456,0.0029430840655786388,0.27763962761194855,0.47430406668094705,0.24511322164152577
5457,0.0015153800057586431,0.176823202413095,0.6040241092037799,0.2176373083773664
5458,0.004288658109814894,0.3538383360471626,0.502630333260066,0.13924267258295667
5459,0.0014145685466740508,0.5534045250804743,0.42886577316824015,0.01631513320461132
5460,0.002473000669523751,0.20167154256877828,0.44569634451886453,0.35015911224283347
5461,0.0014698840129273973,0.3721218138485468,0.5831598322093958,0.04324846992912998
5462,0.0036810602401767386,0.2824916720153136,0.5061371253468128,0.20769014239769684
5463,0.001960689203614136,0.5380608580073202,0.4357845833725108,0.024193869416554842
5464,0.0019783204022367326,0.6225167874733716,0.36589912683450476,0.009605765289887038
5465,0.0022210986159067257,0.7161134596214628,0.2754926480276388,0.006172793734991847
5466,0.0020251552428884084,0.8255202741473682,0.170967126547311,0.001487444062432388
5467,0.002338186212857728,0.4499574581868683,0.505390591440316,0.04231376415995812
5468,0.001994176380286997,0.5693595182784813,0.41332161759709884,0.015324687744133024
5469,0.0012190716571017911,0.3819752898394868,0.5710889625852494,0.045716675918162135
5470,0.0014768031909753307,0.590362767128677,0.39750448283160944,0.010655946848738291
5471,0.0019529414870756675,0.42338222406643494,0.538680356471147,0.035984477975342516
5472,0.0013326226059715662,0.2517859999452109,0.6014470834535167,0.14543429399530097
5473,0.001015594394929706,0.17832713781234555,0.658436665433493,0.1622206023592318
5474,0.001485053559038017,0.10238376095555882,0.4119980117203409,0.4841331737650624
5475,0.06049177753852575,0.33789135554582206,0.37430109205962847,0.22731577485602378
5476,0.003967263584532863,0.25921785495487637,0.5447231718088292,0.1920917096517616
5477,0.008304993029012083,0.2727627069375812,0.4752834748676785,0.24364882516572817
5478,0.002866295861872943,0.5261829551361357,0.4534448313442855,0.017505917657705962
5479,0.009497233762134611,0.3263127225232182,0.45525831258236693,0.20893173113228017
5480,0.0026980902837018335,0.5622775240060691,0.406766957740892,0.0282574279693371
5481,0.0021018677539557298,0.20320538878461566,0.5422279534048482,0.25246479005658046
5482,0.00018325657967109533,0.01885741839897341,0.10654193373954554,0.8744173912818098
5483,0.0009369751337337825,0.1689697673324721,0.5945923423296786,0.2355009152041156
5484,0.002941399902765471,0.1886677731594381,0.44718260617181316,0.36120822076598336
5485,0.0007759299514897767,0.5031417529607037,0.4848188116931023,0.011263505394704236
5486,0.0010709144309265753,0.06733963059676815,0.2578108255548377,0.6737786294174677
5487,0.0012561212685629959,0.2968480696499177,0.5940541643480846,0.10784164473343469
5488,0.004787721572500241,0.23549598978925243,0.463940705617916,0.2957755830203314
5489,0.0009566969333546223,0.4289622161313802,0.554938379265976,0.015142707669289076
5490,0.003402098710695617,0.18866452713475118,0.5362456467258914,0.2716877274286619
5491,0.0051294391136664655,0.31291938454793583,0.5112798341332739,0.17067134220512384
5492,0.0015319812530508188,0.12092829419012312,0.469503941542567,0.408035783014259
5493,0.010402061777402303,0.5746613701452907,0.3774542209724314,0.03748234710487561
5494,0.0003777904676973993,0.0971789135831457,0.701601621908382,0.20084167404077474
5495,0.00428992300143392,0.20669067114349288,0.4743087089377859,0.3147106969172873
5496,0.008267710181076554,0.3633093781695784,0.5019637503829136,0.12645916126643142
5497,0.00257352706224713,0.3248954858783417,0.5504508095519456,0.12208017750746561
5498,0.0025743795083252256,0.31647450301742347,0.5527863174237857,0.12816480005046557
5499,0.025501618027355906,0.6722163384613995,0.28827302448665554,0.01400901902458905
5500,0.003509827549469406,0.29611194388177575,0.5693629363120793,0.13101529225667546
5501,0.0014898916098014718,0.3074479523753508,0.5794982729517687,0.1115638830630791
5502,0.00043193716552640044,0.5531435654283534,0.43821976527223744,0.008204732133882729
5503,0.0003463259927461988,0.09093615469783992,0.5109533337355738,0.3977641855738401
5504,0.0013422706211685717,0.2742281085234379,0.6590263999362725,0.06540322091912096
5505,0.004293571361686934,0.25866615825798167,0.49284888014337436,0.24419139023695713
5506,0.0010959537238004475,0.14174798192357801,0.45947063249448894,0.3976854318581326
5507,0.00178724652298038,0.13421516803175423,0.46554174002359383,0.39845584542167156
5508,0.0022809195802893207,0.48461180581657654,0.4756440231538632,0.03746325144927104
5509,0.0032251436451007785,0.2579791480844036,0.5454034410454407,0.19339226722505504
5510,0.07399063930796275,0.6222213911789811,0.2664430062306572,0.03734496328239888
5511,0.049596230947970686,0.519258002998712,0.3895146737898734,0.041631092263443824
5512,0.00102767694300091,0.2913688115946412,0.6351305625781241,0.07247294888423386
5513,0.0010294709921804016,0.21247115008242612,0.6765476732098562,0.10995170571553728
5514,0.005891403655226444,0.3327046465579648,0.5142148807832727,0.14718906900353612
5515,0.001321627535290075,0.17550253272234184,0.5544345039370417,0.26874133580532644
5516,0.0015586172157274797,0.2788637281598484,0.6292470444053438,0.09033061021908037
5517,0.0031039599434879864,0.4095827115252955,0.5396556844501748,0.04765764408104167
5518,0.002032719050230877,0.4599076089015303,0.49263213332529865,0.04542753872294017
5519,0.00022550310007558137,0.09970466810671236,0.7060896661172625,0.19398016267594956
5520,0.000965814764287038,0.2683498354246848,0.6238739720738186,0.10681037773720974
5521,0.0017748085081310204,0.4022880284961136,0.5608156397713882,0.03512152322436721
5522,0.0010897877277557353,0.1900320297828198,0.6203163876375424,0.18856179485188213
5523,0.0011265087592313983,0.09339852537910351,0.3879538154804865,0.5175211503811786
5524,0.0032058529496076745,0.34704393357471924,0.5612791294942424,0.08847108398143082
5525,0.002374925464392125,0.1725876336592445,0.5592676001457462,0.26576984073061727
5526,0.14791557806464975,0.5224819346716505,0.2847165307887966,0.044885956474903184
5527,0.3414769326742981,0.42528370600584525,0.20475452881328962,0.02848483250656707
5528,0.00024187764674832405,0.028039407871571886,0.20995872993028236,0.7617599845513974
5529,0.004317144609123932,0.2757193512260122,0.5464986743296119,0.17346482983525202
5530,0.0004589208177992289,0.19066665148846257,0.7566358873755109,0.052238540318227424
5531,0.0006004577970620345,0.18232800515967748,0.6478552208455505,0.16921631619770997
5532,0.00018215141081219464,0.030357174510142776,0.26345000418193576,0.7060106698971094
5533,0.0003412211954371813,0.059839280830031656,0.3948990710612822,0.544920426913249
5534,0.0003586754401636407,0.1733121290142765,0.7281201305489688,0.098209064996591
5535,0.0003404564788070776,0.07785983699825262,0.4179502896721124,0.503849416850828
5536,0.00019509261585825367,0.5103694803332995,0.48582260924194587,0.0036128178088963856
5537,0.00034378667061365825,0.19553174387283245,0.6951857143604103,0.10893875509614365
5538,0.002470925162252333,0.269559796701213,0.5863456163610382,0.1416236617754965
5539,0.01648480171903056,0.31897531405523727,0.4762497747420945,0.1882901094836376
5540,0.0007746189197932828,0.220599667740683,0.738803557820236,0.03982215551928781
5541,0.014687605721063375,0.4781653159724505,0.43126873832973533,0.07587833997675081
5542,0.3688351464201294,0.48296490209663595,0.14197699516395254,0.006222956319282282
5543,0.21960138536463658,0.6321058338982759,0.1422144498113333,0.006078330925754124
5544,0.0019292745929577722,0.1063197947903925,0.2978440716349556,0.5939068589816942
5545,0.002578836074776313,0.5851923490225812,0.39972759578251105,0.012501219120131427
5546,0.008572692543688318,0.5020430847853038,0.44786904868102767,0.04151517398998032
5547,0.002252530597794302,0.3799793812671355,0.5639057752363346,0.053862312898735755
5548,0.05509401829437589,0.6463518493519725,0.27443118541499323,0.024122946938658307
5549,0.10336879409360138,0.5502974817558739,0.3112821134198038,0.035051610730721085
5550,0.00041510983665209525,0.1670946502471578,0.7482843915811578,0.08420584833503225
5551,0.0043009315031412,0.362095115546833,0.512776095822126,0.12082785712789995
5552,0.0046692319365604805,0.5872704599260611,0.3858713808113604,0.022188927326018227
5553,0.0006147900114126915,0.306343422483989,0.6573650247082611,0.03567676279633741
5554,0.0029283941981723747,0.33455087266105926,0.5722350094702978,0.09028572367047065
5555,0.003292649166868095,0.15730573233160647,0.40184951830822646,0.437552100193299
5556,0.0016281187410467583,0.23659726114850604,0.6564643975574319,0.10531022255301535
5557,0.001975289152678998,0.395926447599558,0.5386484918964057,0.06344977135135749
5558,0.0010229315262721447,0.2810310304754351,0.6641047559358987,0.05384128206239418
5559,0.0012562523784262402,0.3688011087161832,0.5682118485499073,0.06173079035548334
5560,0.0017796839820127678,0.3162327692287576,0.6342760593561603,0.0477114874330694
5561,0.00045134625682541135,0.04083968321581566,0.15686673784082641,0.8018422326865324
5562,0.004799920924834351,0.3472497555686732,0.5448951152470201,0.10305520825947248
5563,0.026751594850314468,0.3782142720913079,0.4086123771758237,0.18642175588255389
5564,0.005090981858603254,0.45218365349932005,0.4689982060610738,0.07372715858100284
5565,0.006106273500659814,0.35647152044032004,0.5425299622548208,0.09489224380419953
5566,0.011007431656557097,0.5342227553130542,0.40749065824200453,0.04727915478838435
5567,0.013540254086341784,0.48882744771676995,0.45446161535171686,0.04317068284517144
5568,0.054065281918214414,0.48859591063719243,0.3926885924547864,0.0646502149898068
5569,0.010021199548031122,0.3395909750994056,0.4386946481009441,0.21169317725161918
5570,0.004395762254537652,0.4862281446763105,0.47550305139089033,0.033873041678261606
5571,0.0009021234153682157,0.2428774807157231,0.6697955449324063,0.08642485093650236
5572,0.0011628851281527408,0.2678585550130608,0.652055375182037,0.07892318467674944
5573,0.0026049938373036746,0.48309748730501667,0.48635542820106037,0.027942090656619192
5574,0.0022810625861713263,0.2679833114620003,0.5590810261521646,0.1706545997996639
5575,0.001012727856363349,0.3113819393588268,0.6210148202832496,0.06659051250156033
5576,0.0008430423658123448,0.16586115415186742,0.6974368307350474,0.13585897274727296
5577,0.0004213840412368384,0.1752013697016862,0.6995243070843362,0.1248529391727407
5578,0.0003679172183914318,0.3122342703261959,0.6543734745868907,0.03302433786852202
5579,0.0005258506121138032,0.1394522775432881,0.7433819430266982,0.1166399288178999
5580,0.00031481156537340675,0.10190218912377112,0.5663916904671827,0.3313913088436728
5581,0.00033870638554944044,0.05390420508193698,0.5232191459329317,0.42253794259958194
5582,0.00014326958930173646,0.02235826956824509,0.12212444501239905,0.8553740158300541
5583,0.0004387363152538487,0.06426954461744522,0.46502629608542556,0.47026542298187535
5584,0.0007871461584502905,0.25888081708219485,0.6320913107934331,0.10824072596592184
5585,0.0006892888247994423,0.32882291264878916,0.6525507114356106,0.017937087090800788
5586,0.0014556141169868124,0.21694959495345156,0.5627949205758324,0.21879987035372933
5587,0.024596598357804415,0.4041355126896888,0.430018324817791,0.14124956413471573
5588,0.0008259199919782364,0.08934573404413827,0.354598634813274,0.5552297111506095
5589,0.1540325022362667,0.34053295097898983,0.3287078615181562,0.1767266852665873
5590,0.00048157411637733807,0.05463536492083167,0.29764075791782385,0.6472423030449671
5591,0.09840316680013506,0.43496800990678725,0.3358185917086296,0.13081023158444813
5592,0.000740966562769429,0.17662664083024893,0.6112446281573802,0.2113877644496015
5593,0.0002080925285738002,0.030423857414345116,0.21319306154432255,0.7561749885127586
5594,0.005582246667352717,0.5668820827325477,0.3969831543312688,0.030552516268830814
5595,0.009159948191224485,0.6470888525154128,0.32734735648382485,0.016403842809537928
5596,0.002662346235175826,0.4280759846083624,0.5256887382400496,0.04357293091641226
5597,0.004725584982112031,0.23887223027395782,0.49251590403003154,0.26388628071389864
5598,0.0009518429105719625,0.12285152261201987,0.45814482565381304,0.4180518088235952
5599,0.0318860526148215,0.4634240873281566,0.4044803729590658,0.10020948709795613
5600,0.00104519509834215,0.24785383433097352,0.6405451606048271,0.11055580996585732
5601,0.0011483469803773,0.3017806454460059,0.6354404560973858,0.06163055147623099
5602,0.0014872828360271329,0.1845860794729443,0.6302724976788576,0.18365414001217095
5603,0.0030001856353847924,0.11967342928194442,0.3583625320256631,0.5189638530570078
5604,0.00028840016189862793,0.04254437068089055,0.3080237689200074,0.6491434602372034
5605,0.000690564466899695,0.10673590944312723,0.46468686805148673,0.42788665803848636
5606,0.0005258555106383231,0.8089056116633233,0.18922343583741819,0.0013450969886202643
5607,0.0022343140265694414,0.7202630278040844,0.27239952278111806,0.005103135388228146
5608,0.00041486510422073116,0.060466429203866426,0.5279800991960546,0.4111386064958582
5609,0.00011080997672510692,0.024635018000800486,0.37433409686600616,0.6009200751564683
5610,0.004259579581685254,0.4629263614935406,0.49466743000420677,0.038146628920567374
5611,0.002824266142022841,0.7715488834924156,0.22104975152637227,0.004577098839189475
5612,0.49923368585151273,0.3807216288521235,0.11093171512995584,0.009112970166407875
5613,0.025514136411041288,0.7217989674926196,0.24148800909996934,0.011198886996369697
5614,0.08221877841351694,0.5776015911710315,0.29953109705225933,0.04064853336319232
5615,0.1580354677266288,0.6343007563655751,0.19302127882293,0.014642497084866094
5616,0.0029268406814597636,0.24799890745057696,0.5506659100092604,0.19840834185870287
5617,0.006339094395402669,0.8588029868281815,0.1332249162993724,0.001633002477043458
5618,0.001546491761868244,0.7443135376395273,0.24988082003838868,0.004259150560215734
5619,0.0010221422034154429,0.42868009739012214,0.554555768487221,0.01574199191924153
5620,0.0024389486941177613,0.30240485278581997,0.5370794674725122,0.1580767310475501
5621,0.004244608832212915,0.4788169526906594,0.48747040541957143,0.029468033057556388
5622,0.0035781867639441698,0.31848378459743754,0.522864679059021,0.15507334957959734
5623,0.0015496217217210602,0.3215772567302906,0.6168159634728689,0.06005715807511951
5624,0.00713794217976464,0.39553571798395526,0.4942589393781069,0.10306740045817323
5625,0.004024206100220753,0.42937675508220563,0.5227864049761232,0.04381263384145039
5626,0.0022626713835171394,0.5103474141456108,0.466337524626373,0.021052389844499073
5627,0.0004603622613678645,0.4227765955335978,0.5566090758079061,0.02015396639712821
5628,0.010607014103142635,0.296507874055252,0.4449447539716485,0.24794035786995697
5629,0.002012215787528086,0.24723087421087572,0.5970363932090714,0.1537205167925247
5630,0.0022673223095651,0.2669028469210615,0.5677445537431756,0.1630852770261979
5631,0.0005690450164208548,0.11344373021858992,0.5513561675104333,0.33463105725455594
5632,0.0005985924490498464,0.061317834084545594,0.23982006215993001,0.6982635113064746
5633,0.0009461402368053603,0.22663335736441892,0.6306413534164276,0.14177914898234809
5634,0.0017665102109280504,0.45785972631122507,0.5104728844439079,0.029900879033939076
5635,0.008361665409284182,0.35777645737790775,0.4853758521110946,0.14848602510171352
5636,0.0031330124031810898,0.3308405852936741,0.5789760697002478,0.08705033260289696
5637,0.11939800423565819,0.5189105692823852,0.29834501028422483,0.06334641619773176
5638,0.007172263997114934,0.40243441256515966,0.5229312628688765,0.06746206056884901
5639,0.007617259261217052,0.3557515844217866,0.5043175399571828,0.1323136163598137
5640,0.0010457156804005872,0.3577335192152648,0.5736014047398384,0.06761936036449624
5641,0.009091246751715713,0.5787949986123596,0.3810339838530317,0.03107977078289305
5642,0.0006245542574795107,0.2562026377644141,0.6972413513192397,0.04593145665886662
5643,0.0029877124365610863,0.6042530740784549,0.37437990041070845,0.018379313074275618
5644,0.04565058922769845,0.4471425521189002,0.34356675371662726,0.1636401049367741
5645,0.002711666647592386,0.30715997184854965,0.5696375295342033,0.12049083196965475
5646,0.004488444947388751,0.32730562747193537,0.5087556554323022,0.1594502721483738
5647,0.000821550387428418,0.13450498377967193,0.45667144870531007,0.40800201712758954
5648,0.0008841655918870497,0.11113760818941947,0.5855200696586169,0.3024581565600765
5649,0.0005835283003488141,0.532385362340325,0.45394710497971846,0.013084004379607751
5650,0.0018506030956424381,0.17377596367879222,0.48170973229510905,0.3426637009304564
5651,0.000575903072317656,0.20720496190596335,0.7269623934598891,0.06525674156182988
5652,0.007123812424899667,0.5386226870243118,0.4316516866230897,0.02260181392769889
5653,0.000939376093841553,0.27425258555649423,0.6789592551195249,0.04584878323013926
5654,0.0015173937064565876,0.37860635779568136,0.5929011962388052,0.026975052259056956
5655,0.0041852457169822,0.20936797369894766,0.5074374588070422,0.279009321777028
5656,0.0001476349076395444,0.20226175710589997,0.7777417480157863,0.019848859970674183
5657,0.0008756752827222036,0.2914424991517847,0.6645297852180473,0.04315204034744586
5658,0.3609767436975428,0.5506893010045676,0.08573560385655836,0.0025983514413311436
5659,0.006601537304367215,0.710398021471973,0.27688190248023825,0.006118538743421619
5660,0.0017374450630870735,0.2616490187950978,0.5934133226474075,0.1432002134944077
5661,0.0031505787636467095,0.6169595501488538,0.35636353934878673,0.023526331738712797
5662,0.37633126112135074,0.5282731365125821,0.09233370777047856,0.003061894595588671
5663,0.6301781273831726,0.3273533142837104,0.0397703340100387,0.0026982243230782308
5664,0.003269790208358222,0.3198306844530904,0.5638459374245999,0.1130535879139517
5665,0.0017471282822175552,0.37848113656280935,0.57041733155073,0.0493544036042431
5666,0.00027811586898500245,0.025636508401994166,0.13671710097515627,0.8373682747538647
5667,0.0008904195821121902,0.0603934801487174,0.2637820234125059,0.6749340768566645
5668,0.0005160319963336092,0.06230241440883282,0.31869711374231924,0.6184844398525144
5669,0.0013150646528743198,0.08376038460298083,0.3978107260182009,0.517113824725944
5670,0.0003209643321102853,0.03582712619733895,0.19891538234955064,0.7649365271210002
5671,0.0005545477902463279,0.06640497517193934,0.30275373862063293,0.6302867384171814
5672,0.0007559965031027641,0.04671236019617455,0.19381217698966235,0.7587194663110604
5673,0.8419671473627842,0.11998984382550681,0.03326076148440341,0.0047822473273055775
5674,0.0007193032680109535,0.0646577045421321,0.4947454634369849,0.439877528752872
5675,0.0016395012854405974,0.5684909072975911,0.41805081155663304,0.011818779860335393
5676,0.0007660778011338123,0.16310927012804077,0.7064072758390765,0.1297173762317489
5677,0.013416096167860235,0.8774605264498824,0.10781555099341715,0.0013078263888402547
5678,0.0013681942352438475,0.14011298778694126,0.6324870851884155,0.2260317327893996
5679,0.004070110931353796,0.5050215181797315,0.46543530811166556,0.02547306277724916
5680,0.0002957674267679327,0.05270888367353457,0.5455120433759184,0.4014833055237791
5681,0.004627058406963564,0.7239235902565581,0.2659372025829749,0.005512148753503544
5682,0.0017220646619407383,0.13653423885425992,0.39348335315873073,0.46826034332506855
5683,0.00022512623753308811,0.06250870572071357,0.40833436640765397,0.5289318016340994
5684,0.0005636679237636077,0.05976275455508705,0.3483340888761628,0.5913394886449865
5685,0.0017848932126519976,0.19422225180361755,0.5506742896564144,0.253318565327316
5686,0.0007026164248690675,0.12972169818105098,0.6007959031747323,0.2687797822193477
5687,0.0008661289452521394,0.2270940195995631,0.6760431256425417,0.09599672581264304
5688,0.0005489917651363325,0.10744649371013984,0.7039511484662666,0.18805336605845718
5689,0.0021886645334800447,0.23565429476365157,0.5932451988901337,0.16891184181273466
5690,0.0010399188364569483,0.2836372925507892,0.6454367350596169,0.06988605355313705
5691,0.012180312748354537,0.7613824019782587,0.2192180135454292,0.007219271727957549
5692,0.0007675749545673344,0.4349488012476673,0.533630487487453,0.030653136310312433
5693,0.002135703600776275,0.2849772131177205,0.6098715606428862,0.10301552263861707
5694,0.011156495823196312,0.44215096465483383,0.4571455473006619,0.08954699222130788
5695,0.008089722239512362,0.5080959513583874,0.44503015283607517,0.038784173566025176
5696,0.0017150611010601543,0.2883561137776022,0.6376803367619139,0.07224848835942366
5697,0.0008316862446178144,0.2602586709017958,0.6748524277845076,0.06405721506907876
5698,0.00021048012125848457,0.012930455959314725,0.06311883907972356,0.9237402248397033
5699,0.0005621116475872655,0.024299425756851654,0.08991042554687262,0.8852280370486885
5700,0.015752425896586247,0.3846765382738408,0.47870075423546277,0.12087028159411013
5701,0.001127373153117514,0.11988199815208905,0.46947841637424625,0.40951221232054713
5702,0.046690745223278894,0.5916478500743713,0.3368451575122684,0.02481624719008153
5703,0.00025287854695657026,0.09553707728630176,0.5970928554246221,0.3071171887421196
5704,0.00036034234755591605,0.02072356083574515,0.09807828467641755,0.8808378121402815
5705,0.00027014256291973574,0.023670350299242925,0.1874475789645646,0.7886119281732727
5706,0.002504531732473165,0.4262521308071462,0.5330226634831335,0.038220673977247085
5707,0.0026091331300827462,0.4322866076583504,0.5156912399709277,0.04941301924063911
5708,0.02530464202875049,0.4674072035305561,0.42210171316393735,0.08518644127675608
5709,0.0009287673666426828,0.10345451864268822,0.47187433236755905,0.42374238162311
5710,0.019600750718688106,0.34446599771614544,0.4912408832439311,0.14469236832123528
5711,0.0010431778789260478,0.16543735701376355,0.6101092427964541,0.22341022231085633
5712,0.008132577410747015,0.5433488074579615,0.4115958365067881,0.0369227786245033
5713,0.0027599578156598356,0.305303235866191,0.5898874705123801,0.10204933580576918
5714,0.0030246704674910213,0.21882289023842355,0.4846018899927602,0.2935505493013252
5715,0.00040689802481101527,0.07018573935655768,0.35867420926223204,0.5707331533563993
5716,0.0030724357535063303,0.14961133654694617,0.385840769903645,0.46147545779590243
5717,0.00036423394953834096,0.035841141980461406,0.2151870845768648,0.7486075394931355
5718,0.005527983594851314,0.1720657469036172,0.40869920085809075,0.41370706864344065
5719,0.001715933600927861,0.18702837410382755,0.5463070994201885,0.2649485928750561
5720,0.004919514194028847,0.16393295734368535,0.3952516723088014,0.43589585615348436
5721,0.0003595356415466589,0.0378831179668198,0.18610505433523156,0.775652292056402
5722,0.00112516094020061,0.2099660158836243,0.6823134805910603,0.10659534258511483
5723,0.0020266997950068137,0.11734682495729165,0.3364272701139721,0.5441992051337294
5724,0.007100281168663161,0.34064556690173176,0.48892170312676425,0.16333244880284087
5725,0.003754024674302976,0.20283150660150417,0.46261551721344263,0.3307989515107503
5726,0.0034178410989654153,0.13563805070180968,0.3423816821561082,0.5185624260431168
5727,0.0027267082139914058,0.09774630664495007,0.3022785726674926,0.597248412473566
5728,0.0026250479701160623,0.22374383191087827,0.5109076069838081,0.2627235131351977
5729,0.0019248127503871423,0.14869987601748827,0.5009837398894816,0.3483915713426429
5730,0.005241443423704925,0.25997846326452423,0.4586635133468959,0.2761165799648749
5731,0.0011720775308812863,0.6348581176223681,0.35848933226811025,0.005480472578640377
5732,0.002652716951784418,0.3214697498919612,0.5492899323803552,0.1265876007758992
5733,0.0031499731813253097,0.6993347173794032,0.2895731004930738,0.00794220894619772
5734,0.009024650715447526,0.4194840492557705,0.45542730904569817,0.11606399098308387
5735,0.005581600042571731,0.7459085790779212,0.24464215094453998,0.0038676699349672536
5736,0.00035463656959121244,0.03893641079545422,0.20523471006741958,0.7554742425675349
5737,0.0005283300305322647,0.030850799398318578,0.1410414800105475,0.8275793905606017
5738,0.002014640585731755,0.2942331307218323,0.56523509242049,0.1385171362719461
5739,0.0001432199121981808,0.007812785161369743,0.0438071357135454,0.9482368592128867
5740,0.0028855168649175944,0.17312481096792914,0.43231847807012225,0.39167119409703105
5741,0.0014292752152736691,0.23584160239325358,0.6516498766305856,0.11107924576088707
5742,6.599547219839182e-05,0.004024714515342159,0.02000265566802998,0.9759066343444295
5743,0.000171898421504093,0.01972160455744568,0.1337561694364286,0.8463503275846217
5744,7.140244031327982e-05,0.005196337631916084,0.02830356091524318,0.9664286990125275
5745,0.0007981477310551315,0.062289672861026615,0.23333369813348695,0.7035784812744313
5746,0.0006002411898860397,0.36092453411280045,0.5899493873678204,0.048525837329493
5747,0.0005245764686359343,0.19245114966071342,0.7442417274946185,0.0627825463760322
5748,0.0020489087591094753,0.3767902769751152,0.5663482848372934,0.054812529428481985
5749,0.0008376616351439474,0.18082054895947344,0.7284666962678797,0.08987509313750287
5750,0.0009537171070978998,0.26740391246541817,0.5940357586574324,0.13760661177005157
5751,0.00037830942201154676,0.21577824455929986,0.724715425475674,0.05912802054301457
5752,0.0002558656309433305,0.13978182514079945,0.7425219041605499,0.1174404050677074
5753,0.0005129009233552717,0.2497627772169289,0.7133174934373443,0.03640682842237153
5754,0.0009791301345631546,0.18506355920305298,0.6438924329669746,0.17006487769540923
5755,0.0009712029315232756,0.1078433332763505,0.3837522748826391,0.5074331889094872
5756,0.006445966596612016,0.2765023821696766,0.4876662536563553,0.22938539757735618
5757,0.001106951686370374,0.06605351592559468,0.2606465692194812,0.6721929631685537
5758,0.00028644809376649784,0.06415611230228473,0.568882058970817,0.3666753806331318
5759,0.0010525789164195787,0.12006701264814651,0.44220484691449885,0.43667556152093506
5760,0.0005184366560135204,0.11497398610290886,0.5620448272843341,0.32246274995674346
5761,0.0010075126773578733,0.11017496805190125,0.4202974007779948,0.4685201184927461
5762,0.0016860480678107502,0.6586360180721871,0.32944535422332066,0.010232579636681515
5763,0.0021907170033039344,0.3867749307603542,0.5482904495595278,0.06274390267681415
5764,0.00013918178732717548,0.03666341028605889,0.2592250333773803,0.7039723745492337
5765,0.0005474839971320981,0.10572228555982588,0.5954982554163619,0.29823197502668014
5766,0.00031263538842019213,0.042585233396797005,0.18786173119740512,0.7692404000173778
5767,0.0002497144388588257,0.05088601531121495,0.4754007775401746,0.4734634927097516
5768,0.00024565412460681314,0.0842030623638793,0.5362073155503609,0.37934396796115305
5769,0.0005399385670715499,0.14922689195089245,0.6429390934865621,0.2072940759954739
5770,0.0014443869282223178,0.32160729218184714,0.6308364457861424,0.046111875103788176
5771,0.009489237085431299,0.5475620061100099,0.4262622950629214,0.016686461741637473
5772,0.0005847261741798312,0.08873538937127198,0.428487008775707,0.48219287567884117
5773,0.0013055707153331513,0.24495349670426023,0.6020634976873394,0.15167743489306734
5774,0.00044580670961958584,0.17463701415305177,0.7759580048607584,0.04895917427657029
5775,0.00281791182807812,0.3396986465770687,0.6290053896418231,0.02847805195303019
5776,0.0005392614905735554,0.21356004096389028,0.7233484110118995,0.0625522865336367
5777,0.0013104108825956213,0.3149341850491365,0.6294050132162907,0.05435039085197717
5778,0.005231059292967317,0.2019526115145288,0.42159845266029966,0.37121787653220417
5779,0.17166883545377562,0.5514432612025839,0.23356532676420783,0.04332257657943267
5780,0.004882354066588353,0.20086717170237034,0.4383764357917217,0.35587403843931964
5781,0.004481128733544458,0.8410993255374304,0.1525440228844019,0.0018755228446232703
5782,0.015116395181606597,0.49359964328916356,0.4178276362518404,0.07345632527738946
5783,0.010840996931287044,0.8832114731599746,0.1043060396650753,0.00164149024366314
5784,0.0025077440670898438,0.16435982527556284,0.44895819185867614,0.3841742387986712
5785,0.0014845621044045996,0.36970233242888334,0.5680825904253959,0.060730515041316116
5786,0.002866266073132276,0.2892163613140533,0.5558008087072458,0.15211656390556874
5787,0.012199257237042908,0.2603978716553765,0.5225485777211998,0.20485429338638073
5788,0.0005510378841238773,0.17632835753154785,0.7106190779263162,0.11250152665801208
5789,0.0022692413144201657,0.36061776464903794,0.5629366061394656,0.0741763878970763
5790,0.0008201266971938688,0.4939421878769341,0.49743723535248396,0.007800450073388058
5791,0.8667995204414389,0.10894919810388745,0.022464062033260623,0.001787219421413037
5792,0.0017023847994260476,0.14285772132631488,0.5006950674637938,0.35474482641046534
5793,0.0010683936409283733,0.1971781685670525,0.6222239089280517,0.1795295288639675
5794,0.00015628399200351493,0.022272315305568786,0.1648124642194358,0.8127589364829919
5795,0.0012485011937896785,0.2830568051301789,0.6331201703445212,0.08257452333151041
5796,9.876027732224024e-05,0.008383650234525086,0.04617820998699502,0.9453393795011577
5797,0.001090701377325465,0.15951705523151272,0.5266753482701886,0.31271689512097317
5798,0.0007196779317862429,0.1770077629144772,0.6482789462449617,0.17399361290877485
5799,0.00136967394716211,0.4065360076325545,0.5570023986942554,0.03509191972602804
5800,0.0004754045209717291,0.1025558231091753,0.5413908752071848,0.3555778971626682
5801,0.0006891760370350345,0.1066942383717952,0.5754799088113673,0.31713667677980234
5802,0.008464099895662805,0.4343953974762187,0.4891855955162261,0.06795490711189223
5803,0.0014287379882814075,0.510274234420381,0.46389805571629195,0.024398971875045673
5804,0.010922559422931504,0.49691268873094563,0.42329055627648493,0.068874195569638
5805,0.0011160958797685938,0.36015695031439304,0.5884762709361817,0.050250682869656685
5806,0.009957010078420305,0.45156192128590966,0.4665185641797387,0.07196250445593137
5807,0.005634942606138631,0.788142233275467,0.20335478497079476,0.0028680391475997295
5808,0.002021914616938794,0.2678937028129086,0.5251220101217116,0.2049623724484411
5809,0.0019307847892679828,0.2968697323740561,0.5389228940310233,0.1622765888056525
5810,0.011804812552998062,0.31302116389131346,0.4705818779174826,0.20459214563820569
5811,0.003035468468484183,0.14651921877298774,0.4439278318641908,0.40651748089433726
5812,0.00021979260116183452,0.03031047440081699,0.20212330914579263,0.7673464238522286
5813,7.657431929436543e-05,0.006419727668416441,0.036669440816220165,0.9568342571960691
5814,0.005749069952561569,0.2182761317963847,0.49530315226776206,0.28067164598329164
5815,0.0021939015997257424,0.12445481817386797,0.3935845051820075,0.47976677504439885
5816,8.285852416239629e-05,0.012702423404075626,0.07129550313068597,0.915919214941076
5817,0.0006761432178966635,0.14576161638213314,0.5721719854627145,0.2813902549372556
5818,0.005773901508984364,0.8572229312563349,0.13539753980716854,0.001605627427512253
5819,0.057003641462105244,0.6295678116523244,0.2822202259524849,0.031208320933085357
5820,0.003918807056686517,0.3787353155550725,0.533465133990396,0.08388074339784499
5821,0.013657540719822633,0.3886454704047297,0.46098745473250563,0.13670953414294212
5822,0.002924829873033149,0.621051446834889,0.3606111586536193,0.015412564638458536
5823,0.00859786341142701,0.3093654626423205,0.4905949841230984,0.19144168982315415
5824,0.6389701211519533,0.2937700584077248,0.06044257921917431,0.006817241221147678
5825,0.5877078298081955,0.32378201266962836,0.07956234786773278,0.008947809654443419
5826,0.0051976698786582645,0.2563930593574519,0.49823624221722185,0.240173028546668
5827,0.0025294936992872508,0.31908803388518,0.5589524403774525,0.11943003203808039
5828,0.0044768788342048425,0.2029597794774014,0.49687471579469467,0.2956886258936991
5829,0.0016522693994078291,0.17120356554585578,0.5544301648125961,0.2727140002421404
5830,0.0032471223281054615,0.155544248672312,0.427006194122103,0.4142024348774796
5831,0.001428895203809505,0.08931148840585121,0.3137636057401556,0.5954960106501836
5832,0.0008800859375776556,0.057161037315967195,0.21981634938649788,0.7221425273599573
5833,0.003033460664855797,0.12831276652986934,0.3811076809791618,0.4875460918261131
5834,0.009704780937086033,0.3947110860321756,0.497084715882327,0.09849941714841139
5835,0.0005125093323132945,0.24958539504205746,0.7105980388448663,0.03930405678076303
5836,0.002650697984608061,0.22225633273254233,0.5295069443443349,0.24558602493851472
5837,0.010887682168262072,0.40066855936165985,0.5121326587966448,0.07631109967343333
5838,0.008173361199024634,0.5189527879921296,0.4429267604721582,0.02994709033668748
5839,0.000840094105575292,0.2418294549703207,0.6972848453023803,0.06004560562172368
5840,0.025920010484843707,0.4771088793723948,0.42913439414047216,0.06783671600228931
5841,0.0022199635035158823,0.4145742864403316,0.5442852819762307,0.03892046807992194
5842,0.0025122446485014846,0.4014933436608976,0.5468341730305268,0.04916023866007398
5843,0.004048670223732682,0.27072058209678806,0.5213915117704476,0.2038392359090317
5844,0.004877798765826605,0.6668486512532693,0.31727607924235235,0.010997470738551679
5845,0.0014008620171242425,0.27625105829852475,0.6110405933899354,0.11130748629441553
5846,0.07678251523195373,0.4567817700645197,0.36799540544476017,0.09844030925876632
5847,0.11016258333620213,0.3897621936027123,0.3444065865625988,0.15566863649848672
5848,0.0013827783302879457,0.7701658384900871,0.22556931918246012,0.002882063997164749
5849,0.002684384444813742,0.25622803404482297,0.561057590486738,0.18002999102362538
5850,0.0020156679116281745,0.2605815575123494,0.6215929588239675,0.11580981575205498
5851,0.0026930174978534887,0.26567028252990527,0.5515034554137385,0.18013324455850277
5852,0.0010218036400542708,0.21106682150340939,0.6689634724923552,0.11894790236418108
5853,0.0022765016318621783,0.26052366800202315,0.545225757035529,0.19197407333058583
5854,0.0016959461826542626,0.41323579179856096,0.5453339102154997,0.039734351803285106
5855,0.020949817163163256,0.4715898462147461,0.42055430524212245,0.08690603137996822
5856,0.0033935997361277713,0.36495034491274564,0.5127458202533209,0.11891023509780568
5857,0.00041278756621227945,0.1180142245063505,0.6449544031837879,0.23661858474364927
5858,0.002528204187979465,0.4241118173184616,0.5160403636236864,0.057319614869872554
5859,0.0005773037872823849,0.355960060175463,0.6020383080361577,0.04142432800109691
5860,0.0002786109082142558,0.025526359277199852,0.10272422398746092,0.871470805827125
5861,0.0005279945830128964,0.05501344724007209,0.42159937963543925,0.5228591785414758
5862,0.015832317378569882,0.5101615191375664,0.4268579706877831,0.047148192796080735
5863,0.0038651384093208114,0.4360583207518201,0.49928067331758713,0.060795867521271994
5864,0.002008473142115141,0.2641419980962443,0.5083054875385539,0.2255440412230867
5865,0.0006759951720528827,0.08971572562535773,0.5438136116894241,0.36579466751316536
5866,1.572951353550155e-05,0.0014935292730108658,0.020074751805619618,0.978415989407834
5867,0.00018461732553251762,0.02464244242272389,0.17533065832890143,0.7998422819228421
5868,0.0011843039902002645,0.25996940729625045,0.6178032806278324,0.12104300808571695
5869,0.008021157239778585,0.4063275620428648,0.46197682162640147,0.12367445909095512
5870,2.7202902402152275e-05,0.003008504090008136,0.0339731312919846,0.9629911617156052
5871,0.0010838973784225974,0.08974929703220738,0.4001041780233758,0.5090626275659943
5872,3.207688115752639e-05,0.0026755241714129093,0.020267363311735957,0.9770250356356937
5873,0.0001642677091254035,0.012958267527746975,0.08053828340696925,0.9063391813561584
5874,0.00032950637318777677,0.05955542755840256,0.39557468154193637,0.5445403845264732
5875,0.0022973192548617566,0.26822725019680116,0.6130583817347839,0.11641704881355325
5876,0.0007702990872996765,0.11706300150162247,0.6237966445264873,0.2583700548845906
5877,0.00651333646794507,0.4299493352546748,0.5012418360909687,0.06229549218641141
5878,0.0006059053057714356,0.08912777539645556,0.47208600193603467,0.43818031736173835
5879,0.005763292679531424,0.2772653051501446,0.49764855547154757,0.21932284669877644
5880,0.00038942378810141715,0.10784041658777327,0.7216956703038353,0.17007448932029
5881,0.004345408845995035,0.3134270404254255,0.5491428101278409,0.13308474060073866
5882,0.0013461940224640048,0.36267090475480823,0.5902025274807488,0.04578037374197906
5883,0.00029930537100226107,0.3069818978569985,0.6619265908582193,0.03079220591377996
5884,0.00043043322106426366,0.23705914911494214,0.7315823143972165,0.030928103266777036
5885,0.0010294750518000588,0.14797972455355599,0.3917611125506489,0.45922968784399515
5886,0.0006988581494855903,0.12719595680301016,0.6805398484382953,0.1915653366092089
5887,0.0014134617528826598,0.09407843643430511,0.34406937948272864,0.5604387223300835
5888,0.0004054752158716611,0.1149713031096827,0.7204968171887973,0.16412640448564828
5889,0.002321169034465699,0.4158573750572947,0.5195172865346841,0.06230416937355544
5890,0.002146022146927503,0.3516657048818227,0.5743216433799214,0.07186662959132839
5891,0.004069374949518953,0.38190522304590324,0.5238095726306474,0.09021582937393034
5892,0.027379251516935117,0.45910071733473695,0.4276269388398241,0.08589309230850388
5893,0.006525299100566281,0.2705638456666858,0.5036709241889823,0.21923993104376555
5894,0.001411027326596532,0.20961376567930962,0.5896613377427389,0.19931386925135497
5895,0.0026007076777631983,0.7460252322333676,0.24698374818594246,0.004390311902926872
5896,0.016094080834284697,0.3585500964128267,0.45906429499112383,0.16629152776176484
5897,0.01674110868664492,0.4965846600572001,0.41616459429488367,0.07050963696127133
5898,0.0010245048856113656,0.12248638544511906,0.5272465791952832,0.34924253047398635
5899,0.000526031838265055,0.2790869669591844,0.6621964753175288,0.058190525885021785
5900,0.004527629022466912,0.13921658608774623,0.34501120841553085,0.511244576474256
5901,0.00031085952122462875,0.06759354318735221,0.43725300886792623,0.494842588423497
5902,0.0008935847555199975,0.2720511554854381,0.6842433766454643,0.04281188311357757
5903,0.06006902902564511,0.5799021116681331,0.3350364799822069,0.024992379324014782
5904,0.0035465525783048095,0.15793198258135466,0.3710083202290642,0.46751314461127635
5905,0.0005953852204590199,0.15242761288675247,0.6319143049405056,0.21506269695228303
5906,0.8755384535296904,0.09707655036489904,0.024290046944462435,0.003094949160948183
5907,0.052399149332401,0.49934654032746195,0.3511518095751871,0.09710250076495
5908,0.8755384535296904,0.09707655036489904,0.024290046944462435,0.003094949160948183
5909,0.08553968645368454,0.4922963973416081,0.32602156997010817,0.09614234623459925
5910,0.0020360286600498117,0.24392479883983664,0.550874728197973,0.20316444430214053
5911,0.0015960137972336474,0.20205342785649263,0.5441965737884815,0.2521539845577922
5912,0.0020360286600498117,0.24392479883983664,0.550874728197973,0.20316444430214053
5913,0.0015884704409820094,0.20858751454914456,0.6142797478041528,0.17554426720572058
5914,0.0002551307639861667,0.04320767586373458,0.3728017918073441,0.5837354015649352
5915,0.0005234143696964458,0.05266936049254721,0.3550517017659709,0.5917555233717855
5916,0.0005351245601564103,0.0882705377898319,0.48582158624113836,0.4253727514088733
5917,0.0012936002591619356,0.10898946345772714,0.49691860439467755,0.3927983318884334
5918,0.0005524921328884291,0.03509978387171063,0.18198584978898097,0.78236187420642
5919,0.002587904752965531,0.2681469103279817,0.6301059836875068,0.09915920123154598
5920,0.00030292819748562274,0.019647185444249274,0.12054009037420665,0.8595097959840585
5921,0.014282800831306088,0.3471155671938264,0.4914445689029061,0.14715706307196136
5922,0.0007578963292006529,0.7792757179167461,0.21671217164494994,0.003254214109103347
5923,0.0049997749583974935,0.5554733602112788,0.40365442478435126,0.03587244004597245
5924,0.0018493998715309154,0.3753299531499047,0.563205671104313,0.05961497587425141
5925,0.0034303045652653297,0.8593082436325167,0.1350113373592891,0.0022501144429287172
5926,0.0007692234609969108,0.5366435131116483,0.44857359903566885,0.01401366439168598
5927,0.0011670613540548116,0.19967386592413916,0.5014160237078424,0.2977430490139636
5928,0.0006957114154591361,0.199929520366245,0.6671186785260587,0.13225608969223726
5929,0.0018931228040020664,0.22983330912060698,0.5509525281478664,0.21732103992752455
5930,0.223407003446137,0.6773561676840159,0.09570172851716516,0.0035351003526818835
5931,0.11458844321670184,0.5949510921605756,0.25572653241288257,0.034733932209839974
5932,0.0035665455873379716,0.34317106418249693,0.5462457765956055,0.10701661363455978
5933,0.010226016524316086,0.5574467947154693,0.4126316182687759,0.01969557049143864
5934,0.0015810101341200106,0.1909999042128686,0.565328859891009,0.2420902257620023
5935,0.005618267194098193,0.2808879273774753,0.49745884664232887,0.21603495878609763
5936,0.0020433583798200672,0.5318859671578148,0.4464461607442054,0.019624513718159826
5937,0.007122351159455349,0.35081411894582815,0.47685620441300963,0.16520732548170683
5938,0.0007630480717627465,0.17476670013696,0.6504926401497464,0.1739776116415309
5939,0.0016920219637194887,0.14636857834359612,0.43533558919641546,0.416603810496269
5940,0.0019825774295460963,0.23409991368481417,0.6174591488376334,0.14645836004800636
5941,0.00011793939324232004,0.008305570705218604,0.04225763196760973,0.9493188579339293
5942,0.0003742084441105645,0.05967731080791422,0.4130563778430669,0.5268921029049083
5943,0.0005520096993071547,0.03647184463161297,0.1420226555048328,0.8209534901642471
5944,0.0008395716582526556,0.18889288061329654,0.711245566104443,0.09902198162400788
5945,0.002005534371387837,0.14890870115269758,0.3608194962151101,0.48826626826080455
5946,7.370448284050416e-05,0.007480707002028122,0.05570508025973844,0.9367405082553929
5947,0.0004483479874313717,0.06485844468684016,0.34447656178723673,0.5902166455384918
5948,0.0022161217959163174,0.16873680900206506,0.47300276453005463,0.356044304671964
5949,0.000438205142757994,0.06654700442203115,0.30613914337706083,0.62687564705815
5950,0.0006282296451946568,0.06696944889841053,0.3032157026559657,0.6291866188004291
5951,0.0003523264765827299,0.0500851822923321,0.294634484923279,0.6549280063078062
5952,0.002123492188145976,0.18681347169922713,0.5791384694648309,0.231924566647796
5953,0.00023743072336055676,0.02620121493200854,0.20731001136371463,0.7662513429809164
5954,0.0007421476725516074,0.0668818774487466,0.3001757934987787,0.6322001813799231
5955,0.016861533948850205,0.405247397638935,0.45549205683841276,0.1223990115738021
5956,0.0014751483734939434,0.8496314577412178,0.1476576324586896,0.0012357614265986316
5957,0.015705571192139278,0.5607299652883133,0.37223965435664774,0.05132480916289971
5958,0.0012139516114474235,0.0881561102108082,0.3063347075781052,0.6042952305996392
5959,0.010715631454843264,0.3019023795880721,0.4703914960251271,0.2169904929319576
5960,0.00043341953197392324,0.07040827102094814,0.4687081751581163,0.4604501342889617
5961,0.002263176108490647,0.4216865334879053,0.5119935317227813,0.06405675868082279
5962,0.0016201857389389618,0.796643434456834,0.1989557469863864,0.002780632817840644
5963,0.001295787005243133,0.5402693642753612,0.4420122599590566,0.016422588760339158
5964,0.0017670667012793882,0.2885325430674865,0.6017973080126999,0.10790308221853415
5965,0.01935456427310932,0.45878116792941004,0.4124590778256317,0.10940518997184902
5966,0.11675709016775765,0.5058661810475303,0.3062497001136109,0.07112702867110125
5967,0.0025542035767267147,0.3050343503352474,0.5507915921831626,0.1416198539048633
5968,0.005711324256451968,0.39500076513418203,0.5796455477980104,0.01964236281135566
5969,0.0038635387167311403,0.44600035599611454,0.5105298038054388,0.03960630148171557
5970,0.020521451842519096,0.5927131200763576,0.34619733909958406,0.04056808898153924
5971,0.0037566811405891523,0.3901832655949712,0.5260305278157894,0.08002952544865041
5972,0.0038142093621411546,0.5405008093465058,0.4269233531140252,0.02876162817732788
5973,0.0007843828165521599,0.5386189468211956,0.45131441159901403,0.00928225876323829
5974,0.0012615969843879696,0.3836681639527732,0.5770801778304263,0.03799006123241238
5975,0.0002202054819357044,0.03524328848868574,0.31811893650892725,0.6464175695204514
5976,0.0002504320906091147,0.4326624045322185,0.5543916642264932,0.01269549915067918
5977,0.0014076081182118694,0.4609561944850626,0.49209590685490023,0.04554029054182536
5978,0.00019520667357473642,0.012595760364129897,0.05667309226863937,0.930535940693656
5979,7.579145345565767e-05,0.0059485932073404715,0.046461130099595654,0.9475144852396082
5980,5.787525788362778e-05,0.0033826480992310373,0.021791493226076604,0.9747679834168087
5981,3.831627811942849e-05,0.002926916612266843,0.02523914158970322,0.9717956255199105
5982,0.0001946014875672198,0.009288042901637652,0.038114395798351186,0.9524029598124439
5983,0.00016174767648069355,0.008530016475570161,0.05104110174968465,0.9402671340982645
5984,0.0003600328742718382,0.03928312654818577,0.1939423997101307,0.7664144408674117
5985,4.489714584462567e-05,0.003185488042367287,0.022593206734623315,0.9741764080771648
5986,0.0013180293240339478,0.6501621866117188,0.34207907183645553,0.006440712227791866
5987,0.00016695405162707124,0.01976070987649096,0.1367836299787317,0.8432887060931502
5988,0.4087237920358354,0.538764338712062,0.051092473909771285,0.0014193953423311551
5989,0.0004656106002598104,0.12220429927962746,0.5834948424412614,0.2938352476788514
5990,0.039608515790794684,0.44830960133836234,0.4140834115292014,0.09799847134164165
5991,0.0011778312164244264,0.18036640486264474,0.6086019838065386,0.20985378011439226
5992,0.0020034616422523167,0.1836183537680435,0.5513235908901609,0.26305459369954337
5993,0.00025608440603717264,0.02358286368378011,0.1276916940739415,0.8484693578362412
5994,0.005901738805820878,0.42268789361097103,0.4848697630987472,0.08654060448446084
5995,0.0031009618028823294,0.7598966934701815,0.23335200743995277,0.0036503372869833694
5996,0.001678207904121199,0.6170365858723657,0.37681320115628514,0.004472005067227897
5997,0.07768310961257956,0.6780023034837385,0.22882499852758384,0.01548958837609825
5998,0.007905500674481782,0.35421969042319834,0.5034601804068586,0.13441462849546124
5999,0.017779178145099755,0.5685528838867104,0.38225369491796696,0.03141424305022288
6000,0.0002712657535421775,0.6595865722717515,0.3381612965459713,0.0019808654287349855
6001,0.00036855263489615883,0.6927901308071692,0.3052507429782582,0.0015905735796764
6002,0.00045917684748056185,0.30892802785808915,0.6714458479992393,0.019166947295190924
6003,0.0002179006541599739,0.08277646138805195,0.4740504695170116,0.44295516844077654
6004,0.00014473429905075764,0.6099106558446745,0.3879599815683842,0.0019846282878905864
6005,0.0002096084214302064,0.689436289429915,0.309013985146832,0.0013401170018227488
6006,8.040860904153744e-05,0.7210276123020029,0.2783779597494567,0.0005140193394987795
6007,6.527581469732196e-05,0.5508161143709808,0.44645949912694793,0.002659110687373975
6008,0.00017483881879594505,0.4517486865327874,0.5421675514696235,0.00590892317879316
6009,0.00027008295128618323,0.7911616191259164,0.20769368827808107,0.0008746096447164435
6010,0.00015338893041256984,0.6586601007594836,0.33868930031443656,0.0024972099956672277
6011,0.0005134758956630734,0.5795559446371679,0.4078328501978961,0.01209772926927296
6012,0.00010033402208367128,0.0539276791897797,0.6022882466488002,0.3436837401393364
6013,0.0007327229553374955,0.2011952767780829,0.6442059750967974,0.15386602516978215
6014,0.00038026500597359675,0.24394072709729597,0.6777521782475675,0.0779268296491629
6015,0.0005683754752636515,0.21240618944517206,0.6758369583022569,0.11118847677730746
6016,0.00041266644182674024,0.11002330633961957,0.5704752065363357,0.319088820682218
6017,0.00013161587433179476,0.16034578544957814,0.7618026481900273,0.07771995048606274
6018,6.712387150313177e-05,0.2487060655562769,0.7354311537706986,0.015795656801521372
6019,0.0002306446156976402,0.40526219333147584,0.5886920258062841,0.005815136246542426
6020,6.740881559015864e-05,0.015047151342076188,0.15906215917021924,0.8258232806721144
6021,0.0007008854471844486,0.2750253793668998,0.698400964765616,0.025872770420299805
6022,0.0002701150421652526,0.13121676317913716,0.6776061385147575,0.19090698326394012
6023,0.0005801193304502388,0.2135906428185414,0.6879044569561134,0.09792478089489501
6024,8.071948106767274e-05,0.15523308651924964,0.8232429137996271,0.021443280200055644
6025,0.00012863039934819646,0.058581318522381264,0.5962868401542073,0.34500321092406333
6026,0.0002817296922306233,0.1853345045776483,0.6941434980285166,0.12024026770160451
6027,9.52766442190379e-05,0.1864924089736339,0.794581880920938,0.018830433461209127
6028,0.0007141092589656913,0.24918040728549765,0.6624108678680919,0.08769461558744482
6029,0.0001489192371249072,0.15578285668191416,0.796646562067023,0.04742166201393797
6030,0.00019784054226288273,0.3003745090430922,0.6720515305423488,0.02737611987229605
6031,6.991097494350681e-05,0.6619504474156718,0.3369466202466762,0.0010330213627085057
6032,0.00022781490367324904,0.5503754487962235,0.4427360183665513,0.006660717933551926
6033,0.00022651418311313442,0.32850535199720177,0.6595571435395449,0.011710990280140316
6034,0.00032685880691593914,0.23736259889983158,0.7371553131572258,0.025155229136026785
6035,0.0005446391213448339,0.2682559688133206,0.6843518210907776,0.04684757097455691
6036,3.3118414844777274e-05,0.10951224983664078,0.8729496107178156,0.017505021030698873
6037,2.251554654525107e-05,0.007177390706198175,0.10315043155302661,0.88964966219423
6038,3.576672971717115e-05,0.07069556333034344,0.8024965865685596,0.1267720833713798
6039,2.5912352019105805e-05,0.025002929306045793,0.5917115880172205,0.3832595703247147
6040,0.00042207984253409003,0.32581782067681964,0.6277067205775031,0.04605337890314318
6041,0.00029101938112830725,0.09607391750755434,0.5207004379254038,0.38293462518591365
6042,7.15209596506607e-05,0.3007007985534759,0.6893399555903902,0.009887724896483248
6043,0.001031321183183722,0.6516859119372531,0.3434109679974473,0.003871798882115817
6044,0.00035285920571215273,0.10100630189286068,0.5708073195714473,0.32783351932998
6045,0.00010080390529868174,0.5345222482811502,0.4639003428269271,0.0014766049866240204
6046,0.00010207273271010481,0.09892469086784281,0.8421266223282899,0.05884661407115711
6047,0.00038174999586628757,0.5065467689982753,0.48193566468288096,0.011135816322977393
6048,0.00025264196570076074,0.1605287498768867,0.6915949935284678,0.14762361462894485
6049,0.00012447006821420813,0.04504030498228532,0.36185442230349596,0.5929808026460045
6050,0.00020073100897726888,0.22342749548020951,0.7185448134985168,0.05782696001229645
6051,0.00010184618217727313,0.14314793355759864,0.7450909699177195,0.11165925034250465
6052,0.00018895471978388266,0.24292084812923082,0.6985701177842877,0.05832007936669766
6053,0.00030378460707796833,0.3097537378927735,0.6502025665593992,0.03973991094074933
6054,0.0001154502483160216,0.08312903136095692,0.7295469474039816,0.1872085709867455
6055,8.120852348897546e-05,0.07259827465442353,0.7078522652100608,0.2194682516120267
6056,9.770301558331292e-05,0.3996161896239418,0.5875131846176114,0.012772922742863416
6057,2.6882154010665323e-05,0.14837490557201305,0.8365453138308476,0.015052898443128668
6058,0.0002739271574769774,0.5114267050740255,0.4839054809128309,0.004393886855666647
6059,0.00016817468069574786,0.5718452956325348,0.4262486981045055,0.0017378315822639174
6060,4.653231404303752e-05,0.057284110685099254,0.6943427615433798,0.24832659545747793
6061,0.0006149293950708238,0.12614528398208658,0.5269272368151644,0.3463125498076783
6062,0.00010478327045468887,0.01862024159611908,0.1303024657311703,0.850972509402256
6063,0.0001420690196847825,0.02834671003808621,0.19546407795079201,0.776047142991437
6064,0.0005780148291049051,0.15912619624081606,0.5661275656251065,0.2741682233049726
6065,0.00024323085765739642,0.10476963248257762,0.5624061893574575,0.33258094730230764
6066,3.017652968380552e-05,0.007022713228710307,0.09193103408715904,0.9010160761544469
6067,0.00043416380817506566,0.16998699163661957,0.6724785800844439,0.15710026447076147
6068,0.00021750002074743448,0.0529563909255546,0.31598313949115153,0.6308429695625465
6069,0.0005582504097028737,0.11315607863113253,0.48195381022278494,0.4043318607363796
6070,6.0318805111894546e-05,0.23904777096915572,0.7391600090043238,0.02173190122140866
6071,5.445368875830108e-05,0.29526815011560675,0.6952003886819897,0.009477007513645191
6072,0.0011952945413204199,0.8512282026490642,0.14696821154694872,0.0006082912626666946
6073,7.760589960093685e-05,0.02874657900057101,0.3479116569944589,0.6232641581053692
6074,0.00028214902980981346,0.33183532445945446,0.6262878355794473,0.041594690931288356
6075,4.314640622631722e-05,0.4057082974118263,0.5911173342376207,0.00313122194432676
6076,0.0004920436997259147,0.35248774339175865,0.6144749328564815,0.032545280052033956
6077,0.00014749408817828783,0.09820266558345964,0.7075593790902795,0.19409046123808252
6078,0.0002089194133354464,0.1593557655703952,0.7055203080903523,0.13491500692591715
6079,0.00039166596373998373,0.29455976837163417,0.6655596661213334,0.03948889954329256
6080,3.8336200459147064e-05,0.00998356484075102,0.13113223626939538,0.8588458626893944
6081,9.557296267052214e-05,0.3995971942263611,0.5893142089676491,0.010993023843319419
6082,8.085386290392352e-05,0.1322994615196244,0.7641267273263964,0.10349295729107527
6083,5.146403578663995e-05,0.16700849328818515,0.7909564585692885,0.041983584106739615
6084,0.001643480870670012,0.348705048555273,0.5387582362396887,0.1108932343343684
6085,0.00012150683450390093,0.364574255352424,0.6228544593603529,0.012449778452719232
6086,0.0003438943674092859,0.6347349351158077,0.36047810635848787,0.004443064158295113
6087,0.00014378141632797226,0.6661947201674971,0.3324202958709529,0.0012412025452219655
6088,0.00020320384116963544,0.17278938410968708,0.755062647354301,0.07194476469484239
6089,0.0006916079979378304,0.11901181974612679,0.5629364181647225,0.3173601540912129
6090,8.835782967416044e-05,0.16005776067061664,0.761981952992058,0.07787192850765123
6091,0.00019947039553765763,0.18158561332941037,0.7578508304514848,0.060364085823567074
6092,8.337161022466225e-05,0.11162437539659456,0.8231862272500363,0.06510602574314432
6093,6.493802678892623e-05,0.0996811989268563,0.817135217461303,0.08311864558505172
6094,0.0001336813512536088,0.15905755247545217,0.7753942188134924,0.06541454735980186
6095,0.0001036950991641451,0.05646711488304859,0.5267466174153099,0.4166825726024773
6096,2.6453837522816615e-05,0.10474364249664202,0.8754357524295241,0.01979415123631107
6097,5.548387914266656e-05,0.044152341842327476,0.45720237566828054,0.4985897986102494
6098,6.233566176776067e-05,0.04864801368492468,0.5766060776957656,0.3746835729575419
6099,3.4163702810276886e-05,0.0499968201120731,0.8166882467397875,0.13328076944532924
6100,8.627252509393336e-05,0.6001798145194148,0.3975959579789035,0.002137954976587532
6101,0.0011746701183636525,0.29449088646396065,0.5924932803527148,0.111841163064961
6102,0.0012273177670282427,0.48194926604947963,0.493184589343119,0.02363882684037319
6103,0.000684861018607779,0.15222936643986618,0.6190083737836071,0.228077398757919
6104,0.00032131369080160834,0.12071472618567715,0.7568918695148633,0.122072090608658
6105,0.0010406072153030643,0.2775754372048641,0.5425782784788327,0.1788056771010002
6106,0.0002627130841769693,0.791506506829528,0.20700734955223787,0.0012234305340572216
6107,0.0007531514091165361,0.3086826993462724,0.650352446670009,0.04021170257460211
6108,0.00023787030250127283,0.2711339471312369,0.6929519214914934,0.035676261074768366
6109,9.152286242471572e-05,0.08479075109133635,0.803095671751052,0.11202205429518702
6110,7.555813334195819e-05,0.4110122685362444,0.5845382362045989,0.004373937125814829
6111,0.00022707118274094797,0.15716861281464736,0.7010751277787531,0.14152918822385868
6112,0.00012853027512847221,0.3810484764899954,0.609609070205698,0.009213923029178176
6113,0.0006712948357621976,0.25416168744571055,0.6105131898022111,0.13465382791631614
6114,0.0005158708300208972,0.42696263070412577,0.5414274057623336,0.031094092703519767
6115,0.00037443534856994835,0.9491357133537027,0.05036040494897941,0.00012944634874792645
6116,9.82089633383346e-05,0.11666903952252959,0.7447921733299585,0.13844057818417355
6117,0.00019500033208040736,0.1348122377873384,0.6716244786466548,0.19336828323392652
6118,0.0001025144991714629,0.08180671795720947,0.6461984092324339,0.27189235831118524
6119,8.808773132546504e-05,0.8777439888579389,0.1219879721754962,0.00017995123523943253
6120,0.0019096277197045944,0.2965909626178385,0.613502901974446,0.0879965076880109
6121,0.0006025820794576752,0.19910317211858902,0.6940634031568714,0.10623084264508198
6122,0.0009467041189484937,0.5900107809416044,0.39348341790470354,0.015559097034743582
6123,0.0010013479667446183,0.5106759910879147,0.4654782967105989,0.022844364234741642
6124,0.0006747501920194934,0.1407164169993889,0.6072529738432917,0.25135585896530005
6125,0.00019569632122874584,0.2921262695400525,0.6747614925904011,0.032916541548317704
6126,7.876504491308262e-05,0.02336148059505949,0.2916298213265218,0.6849299330335056
6127,3.401161213942644e-05,0.015002275900333307,0.31835559397318547,0.6666081185143419
6128,0.0005703317706789239,0.3899085008131676,0.6005337837858529,0.008987383630300588
6129,0.00021775686020189072,0.3302467096893313,0.6483847586264854,0.021150774823981578
6130,0.0001145799356186611,0.736581418385058,0.26207373701699804,0.0012302646623252355
6131,7.353584787094382e-05,0.5382049268139757,0.4606863347354496,0.001035202602703721
6132,7.271749820968905e-05,0.11898301999745779,0.8095240866274903,0.07142017587684223
6133,0.000184483637964816,0.3076254168343459,0.6777925788928475,0.014397520634841756
6134,5.4758210280333036e-05,0.6469428114629137,0.35235650675545377,0.0006459235713522384
6135,0.0002921228226421879,0.27164620306327747,0.6835166298371032,0.04454504427697724
6136,0.0001384502048555446,0.24218734814676635,0.743554669981226,0.01411953166715204
6137,0.0005956046013678413,0.4152033725501529,0.5568414794099077,0.027359543438571717
6138,0.0010478536846953643,0.3089516029721391,0.5683521669340794,0.12164837640908623
6139,0.0003710982820358912,0.31532939609626603,0.6356411509189968,0.04865835470270139
6140,5.695794586379676e-05,0.11832313087998561,0.8380654813776287,0.04355442979652194
6141,0.000299386314468089,0.440633958699394,0.5491450408958124,0.009921614090325614
6142,0.0016834297501153357,0.2154604559158647,0.6107873948979257,0.17206871943609434
6143,0.0005796627942963281,0.44517614530674343,0.5356791849551223,0.018565006943837874
6144,6.13987966973974e-05,0.12145315327324524,0.8521532588643448,0.026332189065712514
6145,0.00015075480025722956,0.49465121256085676,0.4966217461392114,0.008576286499674573
6146,0.00010749721857689842,0.21667245389087944,0.7617500843672647,0.02146996452327912
6147,0.000616741489894872,0.3189868621649063,0.639685519229606,0.04071087711559279
6148,4.109430160961202e-05,0.3380516095940799,0.6593194854893568,0.002587810614953723
6149,0.00025718524924565336,0.0724395452542948,0.44238085674531313,0.4849224127511465
6150,0.00010757099675204996,0.4727387251328917,0.5229397980491164,0.00421390582123991
6151,8.79270436450321e-05,0.4200883291309088,0.5758790588632059,0.003944684962240198
6152,5.0822626933568016e-05,0.7267217123592423,0.2722869869862577,0.0009404780275664675
6153,0.00030854710415591127,0.2327774110615763,0.6976002359867056,0.0693138058475622
6154,0.00016123062846151628,0.3872943236983696,0.5973862983873867,0.015158147285782233
6155,0.0002493372731196738,0.4300830121245113,0.5481691482995582,0.021498502302810932
6156,0.0001711202094367,0.0697934564870768,0.4799317536673213,0.4501036696361652
6157,9.47762250415836e-05,0.1085389731300711,0.8228424125480363,0.06852383809685098
6158,0.0002867115012593137,0.15449408989109847,0.6477476755405046,0.19747152306713753
6159,8.15551609332495e-05,0.23879194891067845,0.7428311351045491,0.01829536082383929
6160,0.00027467243147224915,0.17513235640600827,0.7319634326860912,0.09262953847642824
6161,1.9523149873144276e-05,0.0044645047263672365,0.057722168135328114,0.9377938039884316
6162,0.0001407125503492888,0.15133922595335803,0.7788051195215764,0.06971494197471624
6163,0.00018921852837701668,0.5227797174740169,0.4681649765395856,0.008866087458020507
6164,5.26131718322095e-05,0.007861813954120247,0.06902149717122635,0.9230640757028212
6165,0.00010965549874428794,0.37358317820758913,0.6125033431413436,0.013803823152322953
6166,0.00013997674762394603,0.3672266095260963,0.623721287757993,0.008912125968286798
6167,9.983443570743056e-05,0.3168529398273187,0.678456491014689,0.004590734722285016
6168,0.00028346042664553403,0.07931280910796897,0.6175400168354711,0.3028637136299144
6169,0.0005212630900599084,0.2953793735208695,0.6263863351138813,0.0777130282751892
6170,0.0005397533305148602,0.2642824540758217,0.6517221237036225,0.08345566889004087
6171,0.0003472968416433185,0.053604427498616075,0.280278521880178,0.6657697537795627
6172,6.162930505455101e-05,0.14689613086506065,0.8459756598705214,0.007066579959363427
6173,5.3391041821707255e-05,0.2621316474713356,0.7279469260766355,0.00986803541020712
6174,0.00014201316885387394,0.10417195429847179,0.7252018989557287,0.1704841335769457
6175,5.1377030893808975e-05,0.5727317725859847,0.42584616612167503,0.001370684261446331
6176,0.00015866454822337678,0.20179718376334982,0.7430559149492565,0.05498823673917036
6177,5.348711285347321e-05,0.014107252914020521,0.22350320147055344,0.7623360585025726
6178,0.0003878880873070226,0.08033892436103003,0.4995534949032158,0.41971969264844716
6179,0.00021401951077599382,0.07114026996748427,0.5923119642146618,0.33633374630707796
6180,0.00033257279514449165,0.1909817954520422,0.7048899224580483,0.10379570929476509
6181,0.0002175630105652689,0.5252243199216436,0.468221392633784,0.006336724434007174
6182,0.00029873870863166376,0.8557358632223573,0.14332958742533966,0.0006358106436714783
6183,6.049637317560591e-05,0.08310317291310135,0.8266037627209942,0.09023256799272883
6184,9.186985764904403e-05,0.06556949903667886,0.6665682112655757,0.26777041984009636
6185,1.726977146253448e-05,0.13431194483135253,0.8615646218535741,0.004106163543610889
6186,4.7416943454752515e-05,0.22265525152487142,0.7694201268062055,0.007877204725468226
6187,3.2822390117860676e-05,0.09129309195076593,0.8904226363714368,0.018251449287679397
6188,0.00011815804030573903,0.6521497253881052,0.3464074708011182,0.0013246457704707503
6189,0.00013443981354173697,0.7829821671524305,0.21584099371994264,0.0010423993140850827
6190,5.285048710006182e-05,0.8784823658413327,0.12114825422700956,0.00031652944455769726
6191,5.770403763015373e-05,0.6581867902783871,0.3409691382302236,0.0007863674537592033
6192,0.00019303841169317874,0.15515122991296396,0.7766218819548618,0.06803384972048095
6193,0.00027520778748804604,0.17346305615559443,0.7264563923269216,0.09980534372999594
6194,0.000780814863064315,0.3600201079240577,0.5904647060482255,0.04873437116465241
6195,0.00015681442061291968,0.0553690143314821,0.39503356708156606,0.549440604166339
6196,5.322331021203898e-05,0.1238684685895291,0.8661590006384041,0.009919307461854609
6197,0.0004099732143200314,0.20636196601226645,0.6799290215186118,0.11329903925480182
6198,0.00024548538537408533,0.25232713320348027,0.7349343995234051,0.012492981887740503
6199,0.00012454173451443721,0.27338003633173935,0.7116157049294021,0.014879717004344154
6200,0.00015446732521670866,0.14201406782009002,0.776628448668625,0.08120301618606827
6201,7.700512355200893e-05,0.19762651820938093,0.7801242923251481,0.022172184341918956
6202,6.612096272854224e-05,0.04768953861672981,0.6847533356074422,0.26749100481309934
6203,0.00012503244962510813,0.22507947608166629,0.7329374048263372,0.041858086642371506
6204,0.00023868921361785137,0.26325937521335463,0.7173704235130375,0.01913151205999005
6205,9.617000184607071e-05,0.28789591567469525,0.7022606588915141,0.00974725543194458
6206,0.00036082093941339026,0.5957843457654363,0.3976311670831074,0.006223666212042992
6207,7.290224077905365e-05,0.6660491059151789,0.33291900332377355,0.0009589885202685787
6208,8.038199959569005e-05,0.528236660850649,0.46924144240901133,0.0024415147407440352
6209,6.371676532467176e-05,0.09871609637959786,0.8105286652665912,0.09069152158848641
6210,4.917334592414869e-05,0.38387436836215905,0.6135235633715765,0.00255289492034033
6211,0.00014060705061989055,0.7571686812893303,0.24206011612913278,0.0006305955309169104
6212,0.00014680504782652924,0.08578051234598597,0.6647998871701888,0.24927279543599878
6213,0.000261628112928446,0.14216862068696423,0.7202112404960351,0.1373585107040722
6214,0.00037788641726195634,0.3092580328156595,0.6192091929502828,0.07115488781679574
6215,0.00013072805348705676,0.5861833031218501,0.41045138859110125,0.0032345802335617072
6216,0.00012888490242335206,0.08068619543552424,0.6361172648283547,0.2830676548336977
6217,8.555229970925866e-05,0.009181351468268128,0.06142985027056051,0.9293032459614621
6218,5.639971607174705e-05,0.005730020900202174,0.049505375600911,0.9447082037828152
6219,0.0008167731019084289,0.25396205088357715,0.6161643752965029,0.12905680071801154
6220,0.00010093439129531645,0.015926681656819094,0.11094740406530633,0.8730249798865792
6221,0.00010547727514685568,0.019377184701499666,0.1534149119088779,0.8271024261144756
6222,9.461054748178237e-05,0.020952188713054914,0.1614459277368132,0.8175072730026501
6223,0.00016982238282947805,0.022267381997715878,0.17110502259647326,0.8064577730229815
6224,0.00022439780128721902,0.4161843796504274,0.5754280966836568,0.008163125864628423
6225,0.0002129523002769793,0.2802370992980467,0.6761210013864095,0.04342894701526684
6226,0.0003076637248991181,0.6043033865164755,0.3922350071488441,0.0031539426097813503
6227,5.862592959281852e-05,0.05064258583942194,0.8503654172512557,0.09893337097972951
6228,0.000135037940500752,0.12759671126590105,0.7117720788854494,0.16049617190814888
6229,7.254535552078923e-05,0.016645881588659896,0.17846392142341488,0.8048176516324044
6230,3.530632056219747e-05,0.04148926795397507,0.6554884233718573,0.3029870023536055
6231,7.527110799719359e-05,0.10342307891434999,0.754191399723687,0.14231025025396582
6232,6.284472150538836e-05,0.047855860048542746,0.7315013252901368,0.22057996993981507
6233,0.00012740075515320595,0.11878609288058076,0.7912838940880658,0.08980261227620027
6234,7.172057388373292e-05,0.016963490788919275,0.2013451149328259,0.7816196737043711
6235,3.579593635400087e-05,0.006517482044618566,0.07131598367349004,0.9221307383455374
6236,0.00019722230975742112,0.08050904401650791,0.6232179682902891,0.29607576538344565
6237,1.8934199555971427e-05,0.0035076471074798462,0.03683174920318403,0.9596416694897801
6238,3.5173226391016526e-05,0.0062400754585390066,0.0685351883262171,0.9251895629888529
6239,9.030482348008334e-05,0.025264163926081308,0.2954164259674758,0.6792291052829629
6240,4.2791193454440093e-05,0.016558689787494304,0.22979326790986837,0.7536052511091829
6241,5.643316161377433e-05,0.025664476442621067,0.35158745872691616,0.622691631668849
6242,6.35203158883141e-05,0.023165821064045793,0.2724437290864628,0.7043269295336031
6243,2.9799851086956936e-05,0.011329754179585885,0.1561459605085991,0.832494485460728
6244,0.0001125235281606753,0.3337726119704496,0.6483579998663469,0.017756864635042845
6245,0.0003479365966787363,0.5961383888294696,0.39615485009254336,0.007358824481308392
6246,0.0001125235281606753,0.3337726119704496,0.6483579998663469,0.017756864635042845
6247,0.0008671630803235372,0.38352501349128026,0.574637550660504,0.04097027276789227
6248,6.267459421070861e-05,0.12742844102168027,0.780711567253563,0.09179731713054595
6249,6.529114404635135e-05,0.03272214011433507,0.3416341538723522,0.6255784148692664
6250,0.0002534339423186608,0.06973875923532968,0.3646783861951668,0.5653294206271848
6251,8.53087615794294e-05,0.11843103773476327,0.7871349637923255,0.09434868971133187
6252,0.00012459685881422455,0.1310554981828019,0.6689931437589083,0.19982676119947565
6253,0.0004558786616808992,0.28450983326830454,0.672948409401643,0.04208587866837162
6254,8.147382331149496e-05,0.14312690349496143,0.8019397320793143,0.0548518906024128
6255,0.0031279439461602476,0.547416112344955,0.43183777621233194,0.017618167496552865
6256,3.170061559238555e-05,0.011126520070688652,0.23505748740983895,0.7537842919038801
6257,3.287272544513246e-05,0.008425034165653449,0.12466275523938526,0.8668793378695162
6258,0.00011347115026407957,0.07412053452357291,0.7061970747197118,0.21956891960645122
6259,0.00010068916486222161,0.030004438994210358,0.41919953383896125,0.5506953380019661
6260,4.660464826394716e-05,0.09076186631474394,0.8309910229807904,0.07820050605620162
6261,6.97708293384137e-05,0.04140393895594635,0.5966047407854347,0.3619215494292805
6262,0.00010484935922844423,0.16690316651177164,0.8193075850125684,0.01368439911643145
6263,5.626964970884597e-05,0.1924468688547162,0.8000051921940933,0.0074916693014816784
6264,4.046740095950818e-05,0.26448583858454555,0.7286544552036514,0.006819238810843512
6265,2.2709753987327088e-05,0.1280476771515326,0.8518566080782892,0.02007300501619087
6266,7.440809992106922e-05,0.0688706118819135,0.7478025856093162,0.18325239440884922
6267,7.587060495869145e-05,0.3123348171594979,0.6775937841022976,0.009995528133245833
6268,0.0003860098730033835,0.05581702551780235,0.3047085921357605,0.6390883724734338
6269,0.000457006586066992,0.10415737421132581,0.47199272327058156,0.4233928959320256
6270,0.0001264725213933081,0.03378964057158384,0.2527541643352744,0.7133297225717485
6271,0.000623954162639107,0.29465928292744475,0.5918046557756682,0.11291210713424799
6272,0.00010477648811620701,0.18977308769128992,0.7581432485064754,0.051978887314118496
6273,6.0250360749086013e-05,0.01922194380967058,0.19406921493244217,0.7866485908971382
6274,0.00018407674335908325,0.3542777888498397,0.6338865742278961,0.01165156017890517
6275,0.0001507781515137778,0.11252378419491184,0.7395947216553383,0.14773071599823606
6276,0.0002769082735931125,0.5779756562503738,0.4137011909365681,0.00804624453946504
6277,0.00014302809066751726,0.3753994275220041,0.614957695367983,0.009499849019345375
6278,0.00029694925942387796,0.35605375794633015,0.6152752110451557,0.02837408174909037
6279,6.470847354187277e-05,0.008820991147330585,0.0864691697340919,0.9046451306450356
6280,9.591858528815445e-05,0.4089829071448676,0.5874165642893094,0.0035046099805347178
6281,0.00024685098691266857,0.21154252373919616,0.7402460362391815,0.04796458903470973
6282,6.107286327988303e-05,0.30821216306557503,0.6820979438381193,0.009628820233025838
6283,0.00010967834484704717,0.5491258103025423,0.4480950111039682,0.0026695002486424257
6284,4.2395651623289734e-05,0.5750056003234931,0.42300955013410957,0.0019424538907739206
6285,3.732913033754057e-05,0.3036178510530057,0.6913979672743152,0.004946852542341564
6286,0.00011737841496947842,0.17362644811403463,0.7551840630619093,0.07107211040908654
6287,2.0512979116869406e-05,0.27625720598212034,0.7176258175391752,0.006096463499587583
6288,1.9143239070974673e-05,0.3067697861849219,0.6917994168235321,0.001411653752475088
6289,6.540315588829354e-05,0.10361829585202023,0.8719518455905741,0.024364455401517344
6290,2.477033841354076e-05,0.13041042359609276,0.8622603509481187,0.007304455117374946
6291,6.00524182149677e-05,0.5645447948873763,0.4340102917734579,0.0013848609209508572
6292,0.00019010372673338197,0.8409981290609275,0.15791435402023887,0.0008974131921002964
6293,0.00013606506901457806,0.7936719058259892,0.20493399108679825,0.0012580380181979613
6294,0.004123398469610995,0.709965348009363,0.2791257450718768,0.006785508449149231
6295,0.00018458384133097016,0.838839998731315,0.1600972502824148,0.0008781671449391813
6296,0.0001753038528890722,0.1581415141879544,0.6909528650541924,0.15073031690496402
6297,0.00019849044897628633,0.0698159133171735,0.510800990006701,0.41918460622714937
6298,3.542923967661146e-05,0.07304381380370881,0.7453183970916555,0.18160235986495904
6299,0.00023867943007859323,0.2693617823984666,0.6731005713271463,0.057298966844308546
6300,0.0006383696640914067,0.13849108607423855,0.6055169319769873,0.2553536122846827
6301,0.0005798156909545612,0.9089718797447203,0.08976498710949962,0.0006833174548255514
6302,0.0001367231741883138,0.622817931947226,0.37425853169691914,0.0027868131816665095
6303,0.0002710074507903225,0.8707843621642665,0.12797411758772873,0.000970512797214324
6304,0.0007246005636248915,0.28020638660003155,0.6342138815309701,0.08485513130537348
6305,0.0001423167167273479,0.49250376740875823,0.5052060547039977,0.002147861170516702
6306,5.110204509971747e-05,0.0712264302697807,0.8494068698568644,0.07931559782825513
6307,0.00048795524955617617,0.16599804256261302,0.6874594911190166,0.14605451106881415
6308,0.0005259386946987381,0.13653897174454935,0.5934977182440297,0.26943737131672224
6309,0.00016989746071725896,0.061876659838657054,0.6159711449049571,0.3219822977956687
6310,0.00019313674688185126,0.4208674725027567,0.57003865654823,0.008900734202131392
6311,0.0006333817217571627,0.24241953349929607,0.6225505406943727,0.1343965440845742
6312,0.00028391730189481244,0.034279222534026245,0.1825558268258924,0.7828810333381866
6313,0.000129590861331758,0.06805793882886237,0.6927687408294623,0.23904372948034353
6314,4.6160542562552224e-05,0.014988203187906583,0.24596126206004532,0.7390043742094855
6315,1.332733107154375e-05,0.0027954535469004054,0.03400325088789349,0.9631879682341347
6316,4.819467892466253e-05,0.37089589047258514,0.6275320618545446,0.001523852993945774
6317,4.3712241269247756e-05,0.14186059006777946,0.8390338329521774,0.0190618647387739
6318,5.2912843423982827e-05,0.24779971638707693,0.7427416617686206,0.009405709000878604
6319,0.00015358841409209213,0.2517683308205012,0.7232025758615319,0.02487550490387482
6320,7.601888926036678e-05,0.15854103527567134,0.8263669508386653,0.015015994996403086
6321,8.189336901152714e-05,0.08519372478025003,0.80720732946793,0.10751705238280845
6322,7.159945706273719e-05,0.33499431021877196,0.6620243675575898,0.0029097227665755556
6323,4.353599955758023e-05,0.13721690690405208,0.8550384862131454,0.007701070883244962
6324,0.00035275269050546776,0.2938179293698852,0.6848293958655155,0.020999922074093902
6325,0.0003358918771974877,0.2307192726130228,0.7296633518584801,0.0392814836512996
6326,0.16968655241189062,0.6902494091628216,0.13786781975648038,0.002196218668807358
6327,0.0003399735661599517,0.07656824219651794,0.5130384284985874,0.41005335573873475
6328,0.00011700356861974246,0.15745609564340549,0.7772340723342307,0.06519282845374416
6329,4.4049345995996e-05,0.01066402873110378,0.11147872423481262,0.8778131976880876
6330,2.0824240989964647e-05,0.09680068734100951,0.8715311337546694,0.03164735466333119
6331,1.7451481708927978e-05,0.004085923190752748,0.03414751166498186,0.9617491136625564
6332,0.0003178750201940657,0.6335122590646101,0.36346359566074216,0.0027062702544537907
6333,2.517883327483175e-05,0.2504214512750598,0.7468397626317552,0.0027136072599101956
6334,2.1739779083611514e-05,0.41801640477005325,0.5806881749987342,0.0012736804521291051
6335,3.4646242413877214e-05,0.34109593649522263,0.6563885157821123,0.0024809014802512964
6336,8.36440424572231e-05,0.03835631388445457,0.5524822338502042,0.4090778082228841
6337,4.027219069738582e-05,0.6832672056241049,0.3156840704503389,0.0010084517348587499
6338,6.362727092783978e-05,0.0493257739581795,0.6650373682974968,0.2855732304733959
6339,7.304329389548426e-05,0.24808106825696494,0.7437735454599391,0.008072342989200414
6340,9.828022204523412e-05,0.0677684839069934,0.7797195760331557,0.1524136598378056
6341,0.00015756119831102978,0.27504700541066784,0.6906256047182185,0.034169828672802605
6342,5.582432683156954e-05,0.035865224597780535,0.5985870395489272,0.36549191152646066
6343,9.265793725371948e-05,0.1078385747225728,0.770659245225524,0.12140952211464959
6344,0.00024821856730217727,0.2705735221326425,0.7108021975617412,0.018376061738314076
6345,0.0005551637533941316,0.18560991377026603,0.634606131292659,0.1792287911836809
6346,0.0010841799280137457,0.4335136362859502,0.541007232461066,0.024394951324970146
6347,0.00040745935630717435,0.9135293628580827,0.08564594525312383,0.00041723253248631044
6348,0.00023764257123881665,0.1888520970182433,0.7481076335503896,0.06280262686012834
6349,0.00026311085157294274,0.4772290700358482,0.5135712495598159,0.008936569552763061
6350,5.940519569960872e-05,0.12514958134224782,0.8396418401130513,0.0351491733490012
6351,4.107558023507075e-05,0.26171569541884354,0.7240157598898905,0.014227469111030861
6352,7.782486158768457e-05,0.04776320898231313,0.6489529220394713,0.3032060441166278
6353,0.0005977674355728573,0.4178625939488337,0.5462126154068977,0.0353270232086958
6354,0.00025710663986079835,0.38195177250344237,0.6150492402896692,0.002741880567027595
6355,4.625621420318582e-05,0.03675124982120724,0.7562453647457621,0.20695712921882753
6356,0.00030500222657325806,0.06646976797602781,0.4114476812375444,0.5217775485598546
6357,0.0002729902759074902,0.125205569694814,0.6207896066619634,0.2537318333673151
6358,0.00022582642302989328,0.6663562926626068,0.33174424361537647,0.0016736372989868183
6359,0.00029061357314724245,0.44852429981390546,0.530221550507643,0.02096353610530434
6360,4.973006220323351e-05,0.36321482016162626,0.6347176169009123,0.0020178328752582233
6361,6.734321784600814e-05,0.29157413687892203,0.6896385031382261,0.01872001676500605
6362,0.00013752705706064882,0.47055456210236657,0.5232987616783011,0.006009149162271642
6363,0.00010510803423493774,0.24796431177039494,0.6918108877723068,0.060119692423063406
6364,0.0005041996788318453,0.2883461872319565,0.663818726351159,0.04733088673805278
6365,0.0005898199350234806,0.4971645569862074,0.485657502690759,0.01658812038801003
6366,0.00027435432289573433,0.14004450260289397,0.6754662879590666,0.18421485511514363
6367,0.00042862827463843446,0.3001277591389895,0.6555664432571959,0.04387716932917618
6368,0.0001665530126018521,0.04162736020005548,0.397403069389473,0.5608030173978696
6369,3.5494883270274605e-05,0.26411563224002554,0.7296641696973247,0.006184703179379419
6370,0.000378017811329296,0.5953985598990001,0.39602752024157595,0.008195902048094606
6371,0.00014999551510174483,0.07398576792982857,0.5961288974170724,0.3297353391379973
6372,7.307541846866448e-05,0.10654480970803137,0.7899064589052408,0.10347565596825922
6373,5.471549006689586e-05,0.0511959617618704,0.7112451234913574,0.23750419925670524
6374,8.926539052353546e-05,0.07937891061161044,0.7386655897186556,0.18186623427921045
6375,2.93588905095496e-05,0.11158756182317703,0.8800387528058657,0.008344326480447702
6376,4.234010130361001e-05,0.01260591703910158,0.1828300312332642,0.8045217116263306
6377,1.7149672533256984e-05,0.004317131826376485,0.08156222526746221,0.914103493233628
6378,3.311798742491914e-05,0.07200043065896619,0.8293989989697466,0.0985674523838623
6379,4.7137909389390654e-05,0.06525894631824616,0.7754889119224065,0.15920500384995798
6380,0.0011866275704189556,0.410883061297636,0.5367374433218692,0.05119286781007579
6381,0.001224998041100421,0.26580650741270606,0.5806159916078205,0.152352502938373
6382,0.0009196169553138447,0.11586744078305657,0.48888295358192824,0.39432998867970137
6383,0.00026634948051524904,0.030326225805374148,0.21731825758066928,0.7520891671334413
6384,0.002117795065125677,0.5447763732990949,0.43788458972823363,0.01522124190754582
6385,0.00017464292735299761,0.5835358670195736,0.41083388305997326,0.0054556069931001525
6386,0.00023681622920926546,0.26305152295644996,0.6942765094054306,0.04243515140891006
6387,0.00040881789698713736,0.3883363290247402,0.5879899504954623,0.02326490258281032
6388,0.00019438385217279821,0.24537098858271997,0.6884939872696088,0.06594064029549847
6389,0.00043467109503311584,0.25554669787935846,0.6689475845926651,0.07507104643294342
6390,0.00022319447583645218,0.636991019261467,0.3588392078669288,0.003946578395767815
6391,0.0005641245672160309,0.18720971950167564,0.6745588748439433,0.13766728108716514
6392,0.00013230964888537007,0.2267888227175973,0.7349100008470065,0.03816886678651093
6393,0.00031075996583142647,0.26015507341172117,0.6934445799896438,0.04608958663280363
6394,0.00011794630548908864,0.18116500894186643,0.7737699622020644,0.04494708255058019
6395,0.00032830874081543214,0.2379883310668094,0.7123194535840245,0.0493639066083507
6396,8.162797248639597e-05,0.5169549010697313,0.4801876528792362,0.0027758180785462374
6397,7.117834155287844e-05,0.8027407383536973,0.196837985090633,0.00035009821411677083
6398,0.0007568527776490553,0.4476335024423473,0.5335121247194242,0.01809752006057951
6399,0.0003000611106360449,0.7259699910411823,0.2726032508296753,0.0011266970185063192
6400,6.532458079298418e-05,0.007340208257236877,0.05320248124281332,0.9393919859191568
6401,0.00035235122218535333,0.28357368243186587,0.6302252342396746,0.08584873210627418
6402,0.0005852096388796297,0.3337283030454915,0.6164820576839632,0.04920442963166559
6403,0.00016675688069216573,0.3084059224197959,0.6669847681054173,0.02444255259409453
6404,0.00020116280744847493,0.2750283541614355,0.6898704758208274,0.03490000721028872
6405,0.00010088461952203426,0.03659154572138741,0.3260157132985493,0.6372918563605413
6406,0.0007118649908481331,0.12610983169026868,0.5063292362111953,0.36684906710768794
6407,0.00019775066310248303,0.22058734353146242,0.7106051120934486,0.06860979371198657
6408,0.00011609007545451034,0.05737026928605502,0.7892374313333248,0.1532762093051656
6409,0.0001326749789424551,0.0563101819799704,0.590136486089766,0.3534206569513212
6410,4.2515064672507484e-05,0.034486215515732464,0.597874812807339,0.3675964566122561
6411,0.0002674171061889415,0.17170616253864962,0.6554322192060121,0.1725942011491494
6412,9.637302971820916e-06,0.001985312843730382,0.021262719688121413,0.9767423301651764
6413,1.3252718922995008e-05,0.001858169012048059,0.020969560018193507,0.9771590182508354
6414,2.601560617486209e-05,0.002464897032654254,0.015119743993496842,0.982389343367674
6415,7.639593133916762e-06,0.0009075667071136179,0.0100034909253833,0.9890813027743692
6416,0.0025780843818012083,0.6552452106246857,0.3374478028072361,0.004728902186277112
6417,0.0013382450928327108,0.8946951399580212,0.10309115513721848,0.0008754598119276168
6418,0.0016335749299751486,0.42759625986488464,0.5482538391921536,0.02251632601298657
6419,5.6497952583299036e-05,0.12182537861540826,0.8433625992548877,0.03475552417712075
6420,0.00022215096959538,0.027632632995119623,0.20420932562599808,0.7679358904092869
6421,4.452623978436622e-05,0.0131589403867549,0.20285464636550604,0.7839418870079548
6422,0.0002358652165212573,0.022742676111148528,0.15522781404310393,0.8217936446292263
6423,0.00021208575563387057,0.028839332941238437,0.20470275965753768,0.76624582164559
6424,0.0003989866286946904,0.21956124257697987,0.681031151974691,0.09900861881963456
6425,0.00013960678100025014,0.24347014369301814,0.7436900032771766,0.012700246248805098
6426,0.0001597124534189122,0.2958886303046308,0.6817954402695482,0.022156216972402266
6427,0.0001024539994565728,0.15833456043408928,0.7828250166818608,0.058737968884593386
6428,9.635075383716775e-05,0.03599440049238888,0.3359985016594722,0.6279107470943017
6429,0.00016400641192388716,0.04306212648266031,0.35357696492547463,0.6031969021799412
6430,3.2860153131789333e-05,0.004847982646137143,0.04691643185341424,0.9482027253473169
6431,1.4801543446991436e-05,0.0024768117180431763,0.034884580762763434,0.9626238059757464
6432,4.7264691077307935e-05,0.11740991995684504,0.8294816669529422,0.05306114839913544
6433,8.667800726429588e-05,0.2064829759667768,0.7492128192721226,0.04421752675383641
6434,4.7264691077307935e-05,0.11740991995684504,0.8294816669529422,0.05306114839913544
6435,0.00033913377704837224,0.08630069903989458,0.5204856949875252,0.39287447219553184
6436,0.00037784375138629085,0.2700394961620144,0.6413031366312831,0.0882795234553162
6437,5.112735812341761e-05,0.051164813474466525,0.8710077136295056,0.07777634553790456
6438,0.00014208771460052843,0.05895455948208075,0.42976976164112696,0.5111335911621918
6439,4.951434235826548e-05,0.757159545114437,0.2422320482634099,0.0005588922797949036
6440,0.00032642992349057046,0.1528217011760408,0.6156031840916208,0.2312486848088479
6441,0.0005074534935342435,0.3144766965171905,0.6338761801691938,0.05113966982008144
6442,0.00027212892995167324,0.29343723965359153,0.6668688667954035,0.03942176462105346
6443,0.0001684178506766174,0.2273270209552693,0.7434482430643592,0.029056318129694916
6444,0.0002159524589572877,0.1252643110895699,0.653178948853516,0.22134078759795683
6445,0.0002790929566910419,0.19969952644158437,0.7029241922023257,0.09709718839939883
6446,0.0001807332394773038,0.23818734753072113,0.6745426310443408,0.08708928818546077
6447,7.231338240603355e-05,0.08676390362881486,0.7398485383846266,0.17331524460415249
6448,0.0009275691171115348,0.13098187108640286,0.4516962799909462,0.41639427980553945
6449,0.0001143953414272329,0.031231424921405907,0.36261250187170024,0.6060416778654667
6450,0.00025302862228410015,0.1947656111302843,0.7621872504111372,0.04279410983629439
6451,0.0001352469938507012,0.026504662574162487,0.2488178091765516,0.7245422812554352
6452,5.569622049356345e-05,0.04525459470610621,0.647911797418695,0.3067779116547052
6453,6.65348772238547e-05,0.02666546582281977,0.38918726887134314,0.5840807304286133
6454,9.13703136419501e-05,0.06120889506157453,0.6519976560713507,0.2867020785534327
6455,0.00248357830926083,0.22662225600971087,0.552878880158022,0.21801528552300628
6456,8.669352520969701e-05,0.09373819321545326,0.8078608473134902,0.09831426594584688
6457,8.699430090740101e-05,0.4493468441280067,0.5460229441873394,0.004543217383746475
6458,1.8911772103527312e-05,0.005118840477712361,0.07807671103564538,0.9167855367145388
6459,0.00010856142352675945,0.04726060520894888,0.649186052074578,0.3034447812929464
6460,7.01979144378475e-05,0.09461509529875674,0.85501412013897,0.05030058664783539
6461,0.00035129764654335844,0.6479590391349193,0.3474634118956045,0.004226251322932944
6462,0.00011492346810927459,0.13845576158081058,0.794674507110971,0.06675480784010925
6463,4.658710570560251e-05,0.17719117851075966,0.7946003707601963,0.028161863623338487
6464,0.00011956528128064355,0.2271360994589838,0.7379083805107943,0.03483595474894129
6465,6.959496416377487e-05,0.22389855482762835,0.7610922370734825,0.014939613134725365
6466,0.0002368009795321422,0.19876642182500348,0.7188481187656166,0.08214865842984775
6467,4.768693869067013e-05,0.45862002878915886,0.5377941434692736,0.003538140802876899
6468,0.000135395018445168,0.31783587072157904,0.6693394386813836,0.012689295578592172
6469,0.0002535930790135223,0.05161368978571071,0.3999820797832875,0.5481506373519882
6470,0.0001787238366562146,0.06817424467983839,0.5450729636653887,0.3865740678181168
6471,9.874731323209111e-05,0.35066127642468486,0.6423299816861687,0.006909994575914338
6472,2.103151637917136e-05,0.004999764786217718,0.05848818493857616,0.936491018758827
6473,0.0002603505011247207,0.21641058127146814,0.6710486811550904,0.11228038707231668
6474,0.00016698911979541129,0.21679794554140974,0.7192411478380413,0.06379391750075358
6475,7.651577317987682e-05,0.017210056990084235,0.169402813265713,0.8133106139710229
6476,0.00010149073874627058,0.2508626047649272,0.7373862663285875,0.011649638167739007
6477,4.277417733995452e-05,0.10091696708149302,0.8557172724072309,0.043322986333936095
6478,9.208983632184966e-05,0.1500508519172938,0.8231413481687639,0.026715710077620233
6479,0.00024492727487985654,0.1949734342163222,0.7589600484926003,0.045821590016197664
6480,5.8986864856646606e-05,0.04126647515401717,0.5604046832169838,0.39826985476414245
6481,0.00010863513658264292,0.02815473352965274,0.3239037513035929,0.6478328800301718
6482,3.682042805039234e-05,0.018727234485528134,0.4026449168553722,0.5785910282310492
6483,4.848049991756994e-05,0.05130652164419046,0.8102913235280428,0.13835367432784929
6484,0.0002330949595273358,0.2782071705614312,0.673093139960134,0.048466594518907564
6485,0.0008862920781172511,0.35710895387439107,0.5843011412139486,0.05770361283354315
6486,0.001281116716751354,0.4284347536190032,0.5345879295296523,0.03569620013459314
6487,0.00020718522930803654,0.2702280944810807,0.6793258121702989,0.05023890811931257
6488,7.228173784030785e-05,0.2192229640887483,0.7667493965433302,0.013955357630081317
6489,5.914356537754532e-05,0.20504496606140832,0.7730591523562097,0.02183673801700451
6490,3.572369300542682e-05,0.07207000843268917,0.8476890345811822,0.08020523329312321
6491,0.00018663239281571404,0.322860506972911,0.6491551729040889,0.027797687730184387
6492,6.816053830541177e-05,0.027275656492420558,0.5015763436473136,0.47107983932196046
6493,0.00036252099090868455,0.2282636999163082,0.6809940302412627,0.09037974885152035
6494,3.14279510545306e-05,0.015915113662839323,0.22795578109500358,0.7560976772911026
6495,6.959850220382603e-05,0.09392888712899886,0.7345291265823888,0.17147238778640855
6496,0.0005078473924162107,0.16218430242868065,0.6339416616537201,0.20336618852518307
6497,0.00014968689595901523,0.11549050020791518,0.8256244331218145,0.05873537977431134
6498,0.0001805291687666882,0.06665378059253291,0.6228201090558357,0.31034558118286465
6499,0.00023624219378536835,0.18789505959796038,0.7258501944719964,0.08601850373625783
6500,9.444408334812962e-05,0.16912600913581413,0.7968054996246166,0.03397404715622102
6501,9.237202077722539e-05,0.4920092397898254,0.49887554282903396,0.009022845360363498
6502,0.00017447607284321186,0.30647584185038435,0.6769815052965054,0.01636817678026714
6503,0.0004052152024442567,0.48190666702514673,0.5081009539332674,0.009587163839141618
6504,0.0004902653249107694,0.12741624003181806,0.608365224297386,0.2637282703458852
6505,0.004824288381507921,0.6450999856460975,0.32814533364173765,0.02193039233065687
6506,7.163050509669237e-05,0.5864832243321786,0.41295555537383805,0.0004895897888867386
6507,0.00018928086541682062,0.5174421961362516,0.4772404163975966,0.005128106600734898
6508,0.0002423951095119714,0.7795394251254815,0.21934030937933985,0.0008778703856667575
6509,0.000593763771775052,0.12003572087721248,0.6325142559289354,0.24685625942207717
6510,0.0009125083073710768,0.851949399212913,0.1464787093220802,0.0006593831576356564
6511,0.0003673302819749125,0.8583866106730378,0.140704952862923,0.0005411061820644248
6512,0.00012437695186990578,0.7308943544670921,0.26803269691488985,0.0009485716661481745
6513,0.0009248897584801305,0.4298968317573676,0.5495139388321927,0.019664339651959666
6514,0.00046615158651778143,0.4501251682055024,0.5436778154332109,0.005730864774768905
6515,0.0001268044984017658,0.03129135046767677,0.2846675527724241,0.6839142922614974
6516,0.000542311227616963,0.2586442322992358,0.683598048386113,0.05721540808703418
6517,0.0004051853794141788,0.19613229953103853,0.7384927869689951,0.06496972812055223
6518,0.00035417751250351733,0.15919859222206786,0.7680058362868988,0.07244139397852994
6519,0.00035359553951681263,0.2749890078213805,0.7000405877707075,0.024616808868395193
6520,0.0007752840830572507,0.2596476374581661,0.687363931670797,0.05221314678797967
6521,6.933525168269113e-05,0.3935156592314817,0.60480152636212,0.0016134791547154914
6522,0.0008841790417669694,0.7961951491660667,0.20072977372261072,0.002190898069555617
6523,0.00023935860073961724,0.13319464539530995,0.7626846122934514,0.10388138371049908
6524,6.362751367943806e-05,0.06380695190768003,0.6794312596572882,0.2566981609213523
6525,0.00015351567542710315,0.1740613191936008,0.7882079689153767,0.03757719621559536
6526,0.0001333951605092198,0.06077962471332237,0.5601115542702886,0.37897542585587984
6527,0.00022217650689319266,0.0769911969508201,0.7011976387127281,0.22158898782955855
6528,0.00015919510959867413,0.9571522493506699,0.04256645048537189,0.00012210505435957198
6529,0.0005789354425469404,0.1401762885895944,0.6020288053291185,0.2572159706387401
6530,0.0001628798625664013,0.06689535230789671,0.6143686820184071,0.3185730858111298
6531,0.00045382220238113235,0.9288501137467761,0.07047511823709164,0.00022094581375123684
6532,0.0001300686414898682,0.27607467521871476,0.7151820684937467,0.008613187646048733
6533,0.00018345913349216634,0.22833451971222174,0.7143544510245005,0.05712757012978561
6534,0.00011727651269885202,0.15987461105564107,0.7521698861785945,0.08783822625306559
6535,0.00018426036844388418,0.37358423144715597,0.6150718545625652,0.011159653621835002
6536,2.887945703958624e-05,0.04931016144744369,0.8139446465205761,0.13671631257494068
6537,8.437006072660253e-05,0.08432779728059053,0.8238772773155152,0.09171055534316754
6538,3.887976582288635e-05,0.017355701794807256,0.28525633820818,0.6973490802311899
6539,6.51621355737475e-05,0.12771598246955357,0.8266937519015579,0.0455251034933148
6540,0.00017044034322597228,0.09119057783480879,0.5796144833065967,0.3290244985153685
6541,0.0001544150530460785,0.2587325109656837,0.7131270088622432,0.02798606511902691
6542,0.00012217073547635197,0.1519460795155239,0.7630801385157139,0.08485161123328587
6543,0.0006664985550751273,0.23043102530681372,0.6811892935889903,0.08771318254912092
6544,0.00030754795051824384,0.17616837564440194,0.7674940082532222,0.056030068151857404
6545,0.00041091089193779457,0.07411701828083879,0.3997249112911606,0.5257471595360628
6546,0.00047552959009352925,0.06676024932168236,0.40009942653808195,0.5326647945501422
6547,0.0003150304033179217,0.1985523445073458,0.7573586563775195,0.04377396871181674
6548,0.00029383858011192783,0.6182220003187493,0.37772789446043853,0.003756266640700402
6549,0.0006018701411481455,0.26913689175220823,0.6494692484000426,0.08079198970660095
6550,0.0004118873696476343,0.14047097574779732,0.6023644812092752,0.25675265567327976
6551,0.0002690129959129868,0.09033820549453583,0.5582164396459068,0.35117634186364444
6552,2.885800701057896e-05,0.07376213739026287,0.8403162844106191,0.08589272019210725
6553,4.6610175571447615e-05,0.09541016503128211,0.8444323763131465,0.06011084847999991
6554,9.035702532313522e-05,0.17305676818186236,0.7830078727872144,0.04384500200560018
6555,7.218213060711121e-05,0.11506560907002594,0.836778044268174,0.04808416453119285
6556,0.000736821950043684,0.2957814844674819,0.650411888660861,0.05306980492161344
6557,0.00031107747094920296,0.12812584732985838,0.7618971264104194,0.10966594878877306
6558,0.000736821950043684,0.2957814844674819,0.650411888660861,0.05306980492161344
6559,8.20920461793282e-05,0.03921027770091462,0.5935606605863744,0.3671469696665317
6560,0.00017954077292036894,0.20624777778068726,0.7404312118921675,0.05314146955422484
6561,0.00011198722903605867,0.7681804541732633,0.2308971099194071,0.0008104486782936456
6562,0.00019048638668350216,0.37387261764434027,0.6148352129321815,0.01110168303679485
6563,0.0002039395793256395,0.44707197630761325,0.5468342422182407,0.005889841894820496
6564,0.00011228984733174289,0.6788600605738998,0.3193207534024351,0.0017068961763333963
6565,0.00015214504422637526,0.6447138804004194,0.3517347232486976,0.003399251306656622
6566,0.00012970776470043417,0.512268820719866,0.4840989554071661,0.003502516108267431
6567,7.269360601844643e-05,0.45362703671104054,0.5433758217103822,0.002924447972558755
6568,6.604786250768237e-05,0.22834920892206184,0.7634827990013563,0.008101944214074196
6569,0.00015271746913743031,0.1248171157663919,0.8123485563976449,0.06268161036682576
6570,0.00011423293293808358,0.19620704748132262,0.7846127782773012,0.019065941308438104
6571,0.0004899351442892936,0.21114741531485196,0.7553504576044779,0.033012191936380865
6572,0.0004547503740713704,0.5491298212273629,0.44265190088265643,0.00776352751590941
6573,0.00021976679648882984,0.2607159637576939,0.7088355520269896,0.03022871741882767
6574,0.0002886255240460609,0.25038345130813777,0.6591102622148102,0.090217660953006
6575,0.00044820249640620475,0.1955123607885338,0.6672910679635027,0.13674836875155733
6576,0.0006198980977230395,0.13515389774150255,0.607613770651523,0.25661243350925145
6577,0.0001648488380414974,0.08019837000423319,0.662384097677291,0.2572526834804343
6578,0.000422771198809386,0.25876592294680933,0.7104453124330932,0.030365993421288158
6579,0.00017183389843516815,0.12078080939961794,0.642723820603608,0.23632353609833884
6580,0.00040304998990206076,0.10032585941315207,0.6149063970261824,0.28436469357076344
6581,0.00019110573138549506,0.0778489794667878,0.5337813155632494,0.38817859923857745
6582,0.00035849596117357196,0.22450178974737772,0.6645436153298732,0.11059609896157568
6583,8.576186192621215e-05,0.051374277985570094,0.6352335500033934,0.3133064101491103
6584,0.00513726709525148,0.30546287452730614,0.4973200204490599,0.1920798379283825
6585,0.0031798086307611283,0.522292886007951,0.42313613767469516,0.05139116768659263
6586,5.283838499406371e-05,0.6000964896113146,0.3982639920479125,0.0015866799557789398
6587,6.0316314328962886e-05,0.20901453003478776,0.7694944814292184,0.021430672221664886
6588,5.280983329273541e-05,0.15669152019880808,0.8058746535263077,0.037381016441591586
6589,4.566227994273983e-05,0.014677608756379426,0.2429067005968576,0.7423700283668202
6590,0.00011778594909813336,0.17285532081355204,0.7438003704532579,0.08322652278409201
6591,5.029032691189746e-05,0.10234876194971704,0.8493779464995288,0.04822300122384225
6592,0.00011714607094989771,0.32577032871101036,0.6648391628813849,0.009273362336654777
6593,0.0009564566481681056,0.6272588908315017,0.36224422079861285,0.009540431721717318
6594,0.0008691909527288676,0.7758078738861548,0.22054824307654483,0.0027746920845716444
6595,0.00017870080970489564,0.3383718205684402,0.6376531675873334,0.02379631103452158
6596,0.00017874522686734727,0.6892203552839631,0.30849366799917066,0.002107231489998898
6597,0.0007222312141278843,0.22211949333501796,0.6462158697129312,0.13094240573792296
6598,0.0008360940050305577,0.6354113761982455,0.3588119871125958,0.004940542684128037
6599,0.0005289363793929681,0.15508421534685687,0.6141275643100615,0.23025928396368872
6600,0.000634641442973011,0.19958165322790478,0.6567614197783549,0.14302228555076743
6601,0.00017838196380756368,0.12361821849908242,0.7121852275988718,0.16401817193823814
6602,5.684072972518885e-05,0.09119948394845584,0.8237057993199828,0.0850378760018363
6603,0.00016914225143206235,0.12224594134786204,0.7018418429007696,0.1757430734999364
6604,0.0002690618269407281,0.17227137635721448,0.7082332103093576,0.11922635150648725
6605,0.0001707659624429093,0.11411011083294273,0.6316985643054366,0.2540205588991778
6606,0.00048613709258307124,0.14373349221788542,0.5902894653968149,0.2654909052927166
6607,0.0005622323315479756,0.19753907785647945,0.6245041460833329,0.17739454372863966
6608,0.00012252141613085205,0.8741837157242242,0.12545605919657757,0.00023770366306745093
6609,0.00015070869422455232,0.5067878031661074,0.48577090275021656,0.0072905853894516095
6610,0.00030608342694371147,0.03959353108874524,0.18391976558303771,0.7761806199012734
6611,0.00015115740487805569,0.2625374991019238,0.6933754083307389,0.04393593516245932
6612,0.000378819226188688,0.6344145524251891,0.36319323299452916,0.0020133953540931782
6613,0.00012486833208595643,0.6857479449081811,0.3133309998942604,0.0007961868654725709
6614,0.00032354811314910597,0.10527593934607861,0.7093016198008031,0.1850988927399692
6615,0.00039074950377913714,0.25364730508698236,0.6636611899338718,0.08230075547536678
6616,0.00011933793847261195,0.02628276952074293,0.2283753740293099,0.7452225185114745
6617,0.00039614261625526615,0.07628283741051209,0.47384959060561194,0.4494714293676207
6618,0.0002169482905816977,0.11000444558217956,0.7388595251674535,0.1509190809597854
6619,0.0003136829605507994,0.396632859617341,0.5890971541119586,0.013956303310149529
6620,0.0017437795161945224,0.726687125844354,0.2689701856017564,0.002598909037695015
6621,0.001844075319537656,0.16705679935361512,0.5072370106966757,0.32386211463017156
6622,0.00021737231294927052,0.14693738174896723,0.751743838083896,0.10110140785418759
6623,0.00047276134692669043,0.11897874261665603,0.7146225600964529,0.16592593593996446
6624,0.00027761766475519546,0.11974003522688903,0.6731677199512713,0.20681462715708454
6625,0.00024133842640638965,0.13473472017069202,0.7601432933447854,0.10488064805811623
6626,0.0012827916478861858,0.13070290642736815,0.49731547520599706,0.3706988267187485
6627,0.0001197170837119581,0.16717551397174057,0.8051079770730468,0.027596791871500607
6628,0.00040078744276212736,0.0653085710125426,0.4078730687914053,0.52641757275329
6629,0.00025819724481717326,0.23285733102340683,0.714315183178141,0.052569288553635
6630,0.0005243477419831392,0.22500672333921012,0.673259845989844,0.10120908292896272
6631,8.287480789914539e-05,0.020198129193791502,0.16910541027287762,0.8106135857254317
6632,8.81612775971446e-05,0.17389216508330482,0.7366470562584441,0.0893726173806541
6633,1.637253312472472e-05,0.4846686516112223,0.5149765778484089,0.00033839800724415635
6634,0.000256242085381346,0.5561596414235838,0.441299691446643,0.0022844250443919568
6635,0.00013153521292206342,0.11565115060882596,0.8064005881090294,0.07781672606922262
6636,7.237950760579624e-05,0.6850596392624252,0.31422521884581056,0.0006427623841585917
6637,0.0035227339421845497,0.6105938320664881,0.3743424827755106,0.011540951215816896
6638,0.003254681864933947,0.40067695135333536,0.5406162471446836,0.055452119637047104
6639,0.00010781116531962221,0.4343257571113998,0.5619229542582301,0.0036434774650505805
6640,0.0013789606235240027,0.27700365746940003,0.6395310385498791,0.08208634335719682
6641,8.943994594842684e-05,0.08390822311912233,0.7778507659691491,0.1381515709657802
6642,0.0001374706538609154,0.052410202541281176,0.5567002369399898,0.39075208986486804
6643,0.00015067137796937128,0.0986983036320647,0.7629196110644105,0.13823141392555532
6644,8.755253458680617e-05,0.0808151520227029,0.7695149076649138,0.14958238777779656
6645,8.251072160063449e-05,0.39977929250560884,0.5953673017644765,0.004770895008314096
6646,0.00016307817980034794,0.6032445738043888,0.3924784695530322,0.004113878462778649
6647,0.0001384679519594249,0.5124501380689773,0.48430597245780993,0.0031054215212535188
6648,0.007761420422685006,0.7743389195189961,0.2133355358499758,0.00456412420834305
6649,0.00010648191016013152,0.060536779890771206,0.6678435281807404,0.2715132100183282
6650,7.842357861050518e-05,0.01575988873560319,0.14124591206548784,0.8429157756202985
6651,0.00032330964459051413,0.13169101317013188,0.6677539564048796,0.20023172078039814
6652,0.0004261388324665447,0.1195952835133808,0.5762648566996412,0.30371372095451143
6653,6.339141324932344e-05,0.11652170364686526,0.7499167559783516,0.1334981489615338
6654,0.00012380182662883967,0.2524289465518663,0.712205390706816,0.0352418609146888
6655,0.0001448394849256423,0.15332510966514584,0.7524646826939976,0.09406536815593103
6656,0.00016030660058162825,0.28437611680788444,0.6963008547720908,0.019162721819443146
6657,1.835073655462157e-05,0.01203431494580751,0.8503661874830957,0.13758114683454226
6658,4.202929475197798e-05,0.030755239542261635,0.7779770918479707,0.1912256393150157
6659,3.792330534986407e-05,0.03702579483316935,0.831421902403748,0.13151437945773287
6660,0.00012562035234763908,0.1096754055791544,0.7537174850897258,0.13648148897877221
6661,0.0012953224254506426,0.24184947097125756,0.579194593900986,0.1776606127023057
6662,0.0009851230202284427,0.9078903378113414,0.09068943164563259,0.0004351075227975116
6663,0.008648751357455015,0.9335360796403204,0.057017486689457705,0.0007976823127668908
6664,0.0005911609817717763,0.3535591577069646,0.612406494741551,0.03344318656971263
6665,0.00020433044161787662,0.2303525595667199,0.6897841751549996,0.07965893483666273
6666,6.529560738832287e-05,0.27725227881751374,0.7109081311465719,0.011774294428525955
6667,0.00010698283959969737,0.25203489554454955,0.7279290598505301,0.019929061765320614
6668,0.00022106238108199181,0.6495839490475664,0.3480614735936912,0.0021335149776603433
6669,5.5660428263287415e-05,0.5927254955621446,0.40560900699297064,0.001609837016621451
6670,0.00024635157531474123,0.29694070037978587,0.6697934085706063,0.03301953947429309
6671,8.086025716840304e-05,0.732171669253152,0.2671009507163264,0.0006465197733531494
6672,5.394073809088133e-05,0.1329814811703663,0.8472615112347898,0.019703066856753083
6673,2.4789720475155965e-05,0.006648742636952955,0.08100032849440465,0.9123261391481673
6674,0.00010814431952750213,0.09124069602722537,0.7429183965884707,0.16573276306477644
6675,0.003466442423865875,0.38164674710069535,0.5152299275844229,0.09965688289101587
6676,0.0002453600528635311,0.1321079560633678,0.7500345876545622,0.11761209622920651
6677,4.8340284728421485e-05,0.09254156910579303,0.7994462897107002,0.10796380089877834
6678,3.823316514344794e-05,0.016967131612775722,0.2901467346666305,0.6928479005554504
6679,3.6732316176870906e-05,0.1747664665795571,0.8146928078741134,0.010503993230152676
6680,8.182583600261267e-06,0.002073986541997226,0.024825273461943326,0.9730925574124591
6681,0.00015639233865413822,0.2784235469272464,0.6859515910080984,0.0354684697260011
6682,6.87860526408618e-05,0.18813937946545353,0.7814942120575998,0.030297622424305858
6683,0.00014435628656794025,0.08176863419918462,0.6211581603067117,0.2969288492075358
6684,0.00014204983536681727,0.3930944286464031,0.5928141398319691,0.013949381686260998
6685,5.99218106116842e-05,0.4075331905118205,0.5911417770440136,0.0012651106335542707
6686,2.856786577807522e-05,0.5389101418720927,0.46024537506423846,0.0008159151978907851
6687,7.294007000927433e-05,0.09830213090843981,0.8241583663474743,0.07746656267407667
6688,6.256903261739138e-05,0.10047305131820589,0.8463166944252541,0.053147685223922506
6689,0.00015544176326221084,0.29798431557078414,0.6802321928221976,0.021628049843756072
6690,3.866470681750028e-05,0.33487694686438707,0.660617584598443,0.00446680383035236
6691,5.340884385414555e-05,0.07365997668245827,0.8281608607951207,0.0981257536785668
6692,6.520130222664283e-05,0.11534851674750424,0.8397433475475097,0.04484293440275951
6693,5.0643037802365936e-05,0.8518942337070395,0.14781503775182941,0.00024008550332874803
6694,0.00010705011105179259,0.7575525515031931,0.2418713823850528,0.0004690160007022662
6695,0.0004598101838426632,0.37609041965390616,0.5935797410133822,0.02987002914886908
6696,0.00011773200234675566,0.11043932552970268,0.8121488798944347,0.07729406257351568
6697,0.00018986653302690288,0.1665314479713397,0.7154201849291614,0.11785850056647208
6698,9.929308483564154e-05,0.8846011620236152,0.11509202003201169,0.00020752485953749
6699,0.0003178666896457682,0.9469574022766044,0.05231585277191689,0.0004088782618330114
6700,5.685514901660696e-05,0.7455373895814708,0.2526116339959527,0.0017941212735598298
6701,0.0001888450305938009,0.22997235748608127,0.7418180802333775,0.02802071724994748
6702,8.340149227953073e-05,0.1889071836628986,0.7838073577943777,0.02720205705044412
6703,8.784796568997768e-05,0.07420432121685748,0.7215754669402284,0.20413236387722417
6704,4.443912783731055e-05,0.15922101535848554,0.8204404270340592,0.020294118479618078
6705,1.639900111018233e-05,0.004591744445494478,0.09341479963408889,0.9019770569193064
6706,4.369396100164372e-05,0.07523434585524068,0.8745126292069408,0.05020933097681677
6707,9.77317172711701e-05,0.0324551533355739,0.4527106324898785,0.5147364824572764
6708,8.046644691933434e-05,0.1278580717031288,0.8360393508853441,0.03602211096460776
6709,3.824804035435255e-05,0.5084775262055753,0.4898150366327168,0.0016691891213536077
6710,0.0001026568633863448,0.8114948934476027,0.1876190405539494,0.000783409135061422
6711,0.00033142491161218204,0.6695556151367552,0.3265873541198813,0.003525605831751312
6712,0.00022143284475000611,0.6071772989545834,0.38725254550992927,0.005348722690737502
6713,3.9554445618774575e-05,0.016675719088020804,0.26384328827900305,0.7194414381873574
6714,5.7356699779362614e-05,0.06685818331542202,0.8186183950380778,0.11446606494672082
6715,6.347524829325207e-05,0.046744122549364296,0.6445557145203562,0.30863668768198627
6716,4.8886380144519764e-05,0.07742780540712879,0.8733648307942459,0.04915847741848085
6717,7.011055149373615e-05,0.604123064829054,0.39465222753680096,0.0011545970826512847
6718,0.00017521957245349526,0.6088822175174515,0.3881352323978422,0.002807330512252738
6719,0.00010362698794125615,0.567058636211335,0.4308879028118424,0.0019498339888812553
6720,0.00013563440040729855,0.0758105362412001,0.5545098533894265,0.3695439759689662
6721,0.0009060163044119262,0.1751894763980747,0.6713788449886358,0.15252566230887765
6722,0.00030881865907067557,0.2244524066323691,0.723548658353412,0.05169011635514821
6723,7.460641260220816e-05,0.1163546089589523,0.7801963627148971,0.10337442191354844
6724,0.0006583857971480771,0.11810915007455011,0.5672265516026476,0.3140059125256542
6725,9.231812759572734e-05,0.07689390898905125,0.5908122220088667,0.33220155087448633
6726,0.00016087928588459904,0.08970666438284772,0.6943339415202494,0.2157985148110183
6727,9.6030612867458e-05,0.05716823001240993,0.7104335351362345,0.23230220423848813
6728,8.634278898577084e-05,0.019725060734001355,0.20416665748761162,0.7760219389894013
6729,0.0007698123437766394,0.37679101391642916,0.593982144812592,0.028457028927202286
6730,0.0003574738938089261,0.4755604838784503,0.5195886366437111,0.004493405584029668
6731,0.0003872034188661155,0.2837942151050346,0.6688133617835438,0.04700521969255552
6732,7.399618833632326e-05,0.5452077799318455,0.45333041857761947,0.0013878053021986448
6733,0.00012831302706577916,0.13233796726585634,0.8163602466489511,0.05117347305812677
6734,2.972656045792867e-05,0.02760227053339584,0.7065237985905579,0.26584420431558836
6735,5.035333777288642e-05,0.013809700785707526,0.22208215581343727,0.7640577900630824
6736,4.7682668667973444e-05,0.07223842804310106,0.8526317935249366,0.0750820957632944
6737,0.0001768541938109122,0.5003639079429273,0.49079888580589837,0.008660352057363476
6738,0.0003523144822886364,0.7374179769970204,0.2594995257963866,0.0027301827243043355
6739,0.0008151219468925614,0.6345807301299965,0.35455096134926106,0.010053186573849826
6740,0.0013877958786978313,0.18200193891079258,0.5456905456985301,0.2709197195119794
6741,0.00037715785137223143,0.23962605539959353,0.6538395746390694,0.10615721210996484
6742,2.532322166771124e-05,0.005601347330140085,0.1099635536935717,0.8844097757546205
6743,4.350406094722919e-05,0.18949774109549458,0.7993903231424148,0.011068431701143489
6744,0.0029119157437123636,0.6616582171042575,0.3225873301126657,0.012842537039364412
6745,1.730246114594601e-05,0.002953905928860256,0.0338698568801266,0.9631589347298672
6746,6.245134151678267e-05,0.23719808703872836,0.7428102341553332,0.019929227464421613
6747,0.0009449748116536515,0.08332708552967802,0.4148463926506397,0.5008815470080286
6748,0.001368883481811402,0.2552300535348019,0.6074622575276212,0.1359388054557656
6749,5.835242180595663e-05,0.014821406185173608,0.192617024714006,0.7925032166790145
6750,0.00041741015296611114,0.18475593034152663,0.6993478298448098,0.11547882966069745
6751,6.85952101955939e-05,0.02005940960300172,0.33356508802389795,0.6463069071629047
6752,0.0002230388404404866,0.0680536240631321,0.6282817805241314,0.303441556572296
6753,0.0001507925762941015,0.22800003179330472,0.7536818878436182,0.01816728778678306
6754,6.0330493377048214e-05,0.08609189059152052,0.8202427724610191,0.09360500645408322
6755,0.00017369597841111284,0.07687514630629183,0.6284591838139562,0.29449197390134085
6756,0.0001397963399689649,0.12689592331548064,0.8192865083274663,0.05367777201708417
6757,0.0006113252403536943,0.1778832737195865,0.6327884322311057,0.1887169688089541
6758,0.00013495733860754183,0.20630817104392388,0.7345874337301764,0.058969437887292156
6759,0.0005727064135802009,0.5076451435010223,0.4840953832702187,0.007686766815178799
6760,5.766370892395509e-05,0.45316272102878347,0.5444367155077919,0.0023428997545005964
6761,9.123807021716646e-05,0.17399802029884645,0.7712941051060913,0.05461663652484516
6762,0.0002688637321959773,0.14120780315453885,0.7001077117593464,0.15841562135391885
6763,3.235177920074006e-05,0.006726881679408403,0.09821035614332249,0.8950304103980684
6764,0.00011551747161557403,0.15075072599924189,0.7132630431717939,0.13587071335734868
6765,0.00023655764129413979,0.286306507072306,0.6903115882926615,0.023145346993738367
6766,0.00010726067703656483,0.6673952992671617,0.3317805680588143,0.0007168719969875388
6767,7.402637233956012e-05,0.3934904841396608,0.6035269542333845,0.002908535254615112
6768,0.00011603926749609983,0.618965320134203,0.3798081486723145,0.0011104919259863136
6769,0.00025052228818477545,0.2846483464475055,0.6926371634519056,0.022463967812404124
6770,0.00015693848610290762,0.20968719616751272,0.7564080888476254,0.0337477764987589
6771,0.00032291341554649427,0.10511149425188561,0.6380272036539889,0.25653838867857903
6772,0.0004587586568686623,0.19922215102301066,0.6917000553722528,0.10861903494786791
6773,0.0002136773717360959,0.2478468091970707,0.7276440898694534,0.024295423561739825
6774,0.0007235644682203463,0.4529048887564885,0.5233954381222538,0.022976108653037317
6775,0.0002303792995894631,0.3185736956241424,0.6466056152781824,0.03459030979808579
6776,0.0008526869811948816,0.3909835760272268,0.57177906015677,0.03638467683480831
6777,0.00040332574066109865,0.3305832341502138,0.6478447121310088,0.02116872797811645
6778,0.00014936047645625313,0.32732002750904693,0.6457798224447445,0.026750789569752246
6779,0.000295244563321656,0.2124799521347951,0.7176032453121232,0.06962155798976001
6780,0.00013532865749540956,0.1281939838235136,0.7222911256195422,0.14937956189944882
6781,0.00013633475849147612,0.06900737260490648,0.6686972596530312,0.26215903298357096
6782,8.952561288203768e-05,0.03613335744953419,0.569134881215138,0.3946422357224457
6783,3.1135614881595394e-05,0.009034955579148077,0.10529702931335584,0.8856368794926145
6784,3.189858894102137e-05,0.007146982832229297,0.11078090846914872,0.8820402101096809
6785,0.0002494991358741446,0.13999411983573676,0.6451469608936996,0.2146094201346894
6786,0.00023517852339434477,0.37708414716337196,0.5993260792983536,0.023354595014880294
6787,0.0005469869683187137,0.31480143571698604,0.6546756241673539,0.029975953147341465
6788,0.002106684034825287,0.5004057726827021,0.46252626034208816,0.03496128294038453
6789,5.1306825081183605e-05,0.1980408607853021,0.7917257411650297,0.010182091224587075
6790,3.617727972918743e-05,0.09417304237215497,0.8659865143325386,0.03980426601557729
6791,0.0001032454895701591,0.5258963128541642,0.47152388981633325,0.0024765518399324712
6792,9.185580188671898e-05,0.21692216345709936,0.7587825038553111,0.02420347688570283
6793,0.00020559883146949946,0.4968855496560568,0.48934095288291085,0.013567898629562838
6794,0.0001830582571789838,0.19657224390167533,0.7213335117726687,0.08191118606847704
6795,0.0002737237429319636,0.7513145934812824,0.24704816558543707,0.0013635171903486603
6796,0.00014435317114653534,0.18369882032261745,0.7524030268616053,0.06375379964463078
6797,0.00024020146588452768,0.4068214496492543,0.5837833746678546,0.009154974217006617
6798,0.0005639084626124793,0.3607991077453823,0.6024725134759017,0.036164470316103536
6799,0.0006472367942947381,0.6345428852906578,0.35784637092735905,0.006963506987688375
6800,0.00043044661693732557,0.2774354579128923,0.6585797914575192,0.06355430401265108
6801,0.00011219244651681687,0.40814044914777314,0.5822388109936174,0.009508547412092679
6802,0.00033952587959425493,0.20749494091485032,0.7165148496845386,0.07565068352101684
6803,0.00013397009541877186,0.489257835562247,0.5071151084756872,0.003493085866647069
6804,0.0011553743960810636,0.2351871046348643,0.5970810235319308,0.16657649743712385
6805,9.142575678146273e-05,0.09828576199086456,0.8142920040013698,0.08733080825098416
6806,5.0758499167516245e-05,0.17226100896844138,0.808956023411573,0.018732209120818088
6807,0.00013014308499629702,0.6326586267507726,0.36629940828027574,0.0009118218839555569
6808,6.566161310649855e-05,0.17911105901103364,0.8008025230755911,0.020020756300268876
6809,0.000129220192769247,0.6228818895228786,0.37592643082279875,0.0010624594615534408
6810,0.0009091771705685809,0.18601637267335397,0.6684531364079455,0.14462131374813197
6811,0.00023613186473029564,0.8329817788121953,0.1662989655388261,0.0004831237842484538
6812,0.0013850838935146618,0.3739799133565297,0.5637156255506118,0.06091937719934386
6813,4.532892600611549e-05,0.022284699963939923,0.2951575704367314,0.6825124006733225
6814,9.60470075291551e-05,0.04042903739790617,0.4168632979368484,0.5426116176577163
6815,4.394662876990682e-05,0.00831372188947028,0.09116364077778007,0.9004786907039798
6816,7.998409843052923e-05,0.037078999328451774,0.39743734603584807,0.5654036705372696
6817,2.855907911726415e-05,0.4461209931991629,0.5531151554118939,0.0007352923098259476
6818,4.2949250828100286e-05,0.02641979388970054,0.5098870250368819,0.4636502318225896
6819,7.404588674647109e-05,0.10290817638932229,0.7882155238195727,0.1088022539043585
6820,0.00014425781628731897,0.1470174663889976,0.7700797742211682,0.08275850157354678
6821,4.8326501533278454e-05,0.126761954887317,0.8407377163152605,0.032452002295889175
6822,5.857388075625117e-05,0.6441097928809063,0.354962220111557,0.0008694131267804751
6823,3.6964042925535136e-05,0.17633431212427542,0.8150846752047175,0.00854404862808155
6824,0.000141254649532833,0.10591751493474391,0.7214002815783513,0.1725409488373719
6825,0.00025760271244710506,0.29566116951755855,0.6553817917456448,0.04869943602434958
6826,9.821642821370478e-05,0.20042214951062143,0.7706306240959783,0.02884900996518667
6827,0.0001229171911450639,0.19480039289043946,0.7817986506396584,0.02327803927875716
6828,0.0006052988024373031,0.2664156705663617,0.6784823297453179,0.0544967008858831
6829,0.000522602361654454,0.04647476187836759,0.20916457338879516,0.7438380623711829
6830,6.456610025708415e-05,0.07166235021142567,0.7132259948438802,0.2150470888444371
6831,0.00016102847772903162,0.050658103163240584,0.346171359169708,0.6030095091893224
6832,1.0916461911613329e-05,0.004089608645899728,0.045901708901626356,0.9499977659905623
6833,0.0007179360469390041,0.46894713551332634,0.5161014791838466,0.014233449255888063
6834,0.00016849828954674823,0.32825716044032993,0.664760974808988,0.006813366461135389
6835,6.848379923060848e-05,0.2114363386759191,0.7790366900246444,0.00945848750020592
6836,0.00020491403324411194,0.11789816509407906,0.749459566575475,0.13243735429720183
6837,2.6406835217016287e-05,0.07818359076676554,0.9003815897500949,0.021408412647922676
6838,7.98272624196737e-05,0.11253893982565902,0.7673449303370772,0.1200363025748441
6839,4.5287701548159526e-05,0.2395257683010051,0.7543809275873367,0.006048016410110103
6840,0.00011027142619147117,0.16207032857747158,0.7717151223793917,0.06610427761694522
6841,7.227049193744172e-05,0.5658700726846322,0.4325448359903505,0.0015128208330800002
6842,9.503761512231813e-05,0.24681344659878626,0.7480183348873509,0.00507318089874052
6843,0.0002804112775702178,0.7746177528019051,0.22413744824234338,0.000964387678181276
6844,3.3965754811488795e-05,0.7755004527473215,0.22395522621671185,0.0005103552811552176
6845,0.00041787229015780307,0.2658427890775099,0.6701165761542399,0.06362276247809229
6846,1.0719951012119314e-05,0.002665264020983614,0.03677377805610141,0.9605502379719029
6847,8.629813671627196e-05,0.10785619310796249,0.827819339586481,0.06423816916884023
6848,0.00012888826546353298,0.18930371767502055,0.7685262519587721,0.04204114210074381
6849,0.00015057797726618005,0.6016134141780457,0.39646694937741345,0.0017690584672747198
6850,0.0007993150976941873,0.16442570142402502,0.5189155970143404,0.3158593864639405
6851,0.0007498870348641486,0.2734968283784623,0.6148329133907021,0.11092037119597158
6852,0.0008730179827877522,0.40579001730670206,0.5486725715587927,0.0446643931517176
6853,0.0006191320376905092,0.4828406190351921,0.4952997530138848,0.021240495913232665
6854,0.00023899690873623882,0.31834756141499443,0.6624011743072372,0.01901226736903215
6855,0.0001971367794031335,0.23186055656110371,0.7347056420776945,0.033236664581798664
6856,0.0006609609379737168,0.5547686901638657,0.4341477342014441,0.010422614696716539
6857,9.238121906124836e-05,0.5644318058079397,0.4323494797973124,0.0031263331756866053
6858,0.0004053583828064553,0.5917662739152444,0.3977151206202073,0.01011324708174195
6859,0.00045952660833482265,0.09385304375334338,0.41348619304828704,0.49220123659003473
6860,0.0017433199806653266,0.2527899205205862,0.6169504524834258,0.12851630701532274
6861,0.0009973153798772082,0.16429323544712932,0.5605729945969218,0.2741364545760717
6862,0.0010157059482028316,0.49037112337567196,0.5045619650100694,0.004051205666055871
6863,0.0032272206596825692,0.42175750920415234,0.4910464101207278,0.08396886001543735
6864,4.784436567731087e-05,0.16245668283722947,0.814845765355414,0.022649707441679243
6865,7.957674854069923e-05,0.04804939808792982,0.6085695178105277,0.34330150735300186
6866,3.506821281456304e-05,0.014315324982297383,0.32037436047963763,0.6652752463252505
6867,0.00015119493331007043,0.1512818294999374,0.7638001767890698,0.08476679877768273
6868,5.890591990739931e-05,0.012087605837624724,0.18037507208486805,0.8074784161575999
6869,0.0001663440414772094,0.28278466648860395,0.7025588124835394,0.01449017698637952
6870,0.00012668915402274836,0.24246824051917606,0.7339897240868849,0.023415346239916365
6871,7.185463940587199e-05,0.2791037113740149,0.7169010575663384,0.00392337642024097
6872,0.00025635271467271196,0.7212221544986502,0.2775559656589139,0.0009655271277632488
6873,9.55968593691787e-05,0.03744575334760254,0.4415368413611366,0.5209218084318917
6874,0.00012283879031154397,0.06970710983077262,0.6529075878796669,0.27726246349924893
6875,0.0001543160564468725,0.09176765520078128,0.6533920765934963,0.25468595214927553
6876,6.146554131294596e-05,0.013321258492475228,0.15849352142087095,0.8281237545453409
6877,0.0005726775544396042,0.5189126321345199,0.47206100259910083,0.008453687711939606
6878,0.001663907965787015,0.7172796156197958,0.27583537764279636,0.005221098771620788
6879,5.791386805980424e-05,0.31684014118790127,0.6769608647573024,0.0061410801867365005
6880,0.0001405867733859918,0.4125760510727483,0.5816243481488622,0.005659014005003453
6881,0.000236694278851333,0.43361504375479987,0.5618368699744849,0.004311391991863945
6882,6.964487145602298e-05,0.23242826721446522,0.7600780693528636,0.007424018561215267
6883,0.0002121218255245986,0.40836299085661504,0.5837827866776262,0.0076421006402342204
6884,0.0001843795892662577,0.7387122282209869,0.260013861671802,0.001089530517944899
6885,0.0008286909346584537,0.6423187976552094,0.3535873124304091,0.003265198979723208
6886,8.641837006953145e-05,0.10229777090482868,0.8592220503971886,0.03839376032791327
6887,6.0679866938463786e-05,0.10008364984943156,0.8612289944649189,0.038626675818711195
6888,2.7987813765902138e-05,0.4094131769415296,0.5892104462253799,0.0013483890193246959
6889,0.007919489521763967,0.8880419444287226,0.10318072755260732,0.00085783849690618
6890,0.00015497209788409213,0.5730569717322189,0.42123277716979546,0.005555279000101511
6891,7.107826640388083e-05,0.9627605512684132,0.037058095814019566,0.0001102746511634287
6892,0.00015283196991242807,0.920518747327171,0.07911936121501462,0.00020905948790194898
6893,0.00032191367710738677,0.5367739051871362,0.4581200427886811,0.004784138347075211
6894,0.0019110068663904015,0.7073796815445202,0.2864090534773895,0.004300258111699841
6895,0.0021925200974360314,0.5785232300409661,0.4036198024504211,0.015664447411176934
6896,0.0009528594294754921,0.6739667914893519,0.320092269240519,0.004988079840653721
6897,0.0002614064394736993,0.6518648562104118,0.34365970716990246,0.004214030180212094
6898,5.8181171538988544e-05,0.01680936197337661,0.23062263429728957,0.7525098225577949
6899,0.00013584561414611452,0.32909002630306733,0.6568502945915635,0.013923833491223066
6900,0.0005644488868251985,0.14537612378904574,0.5998505516316719,0.2542088756924572
6901,0.012951425275449988,0.8563300871154575,0.12851145391820107,0.0022070336908913512
6902,0.00044714113990800605,0.1908453884661031,0.6996453766495765,0.10906209374441247
6903,0.0002726315040052267,0.20818181113207224,0.7411084492992619,0.0504371080646606
6904,0.0019055456888955875,0.339726088474808,0.5772692916103331,0.08109907422596324
6905,2.6496442317730706e-05,0.14839984703900522,0.8430739675766512,0.008499688942025973
6906,9.817663703013904e-05,0.11156836460539961,0.8468748176367423,0.041458641120828005
6907,7.252885584619625e-05,0.21371370614125326,0.7635007322806475,0.022713032722252956
6908,2.3581892880167267e-05,0.3971547326141727,0.6011945599874613,0.0016271255054859
6909,0.00010117209101340909,0.617805812031059,0.3795328649720733,0.002560150905854363
6910,0.00032866166814899154,0.6538195214317007,0.3428919031580143,0.002959913742135917
6911,0.0003688426535958594,0.5457683784627243,0.4444888143531326,0.009373964530547368
6912,0.00018551551749354192,0.6215358058958422,0.3731604494504006,0.005118229136263574
6913,0.00033711689177672705,0.3322764870855048,0.6268402432020923,0.04054615282062617
6914,0.0007827675155168575,0.372333528558916,0.5903791409015314,0.03650456302403579
6915,0.0005289569135135728,0.39963769105992203,0.5643225595749427,0.03551079245162171
6916,0.0012183536471168704,0.32187615259428615,0.6048278194930894,0.07207767426550771
6917,8.666302356067376e-05,0.03331597555757472,0.30775320762502084,0.6588441537938438
6918,6.614515014030173e-05,0.046399114835553326,0.780800079822428,0.17273466019187833
6919,2.7934622508382624e-05,0.006242656824745724,0.07609795721414046,0.9176314513386055
6920,0.0001293239492896865,0.04067221452351999,0.5156144233631375,0.4435840381640529
6921,0.0004795029138333739,0.36667459470306674,0.5976624952433818,0.035183407139718105
6922,0.00018608669122267853,0.2865997364605365,0.6909514008860534,0.022262775962187453
6923,0.0004886363483448889,0.23762200654292057,0.6065250014350874,0.15536435567364726
6924,0.00011879143207377003,0.1521201236739262,0.7276052110558127,0.12015587383818735
6925,7.842754568297152e-05,0.047226519553659446,0.6444169386630375,0.30827811423762
6926,9.760283956156411e-05,0.08240610701204042,0.7322496327186171,0.18524665742978097
6927,4.8937892414313734e-05,0.030631817466286515,0.539205744794886,0.4301134998464131
6928,5.158627272532648e-05,0.1157912141409212,0.853758096518311,0.030399103068042554
6929,8.971146647546291e-05,0.038565273798774974,0.5280878965681666,0.433257118166583
6930,1.822202137976138e-05,0.0035301351285271917,0.05299061506393944,0.9434610277861536
6931,8.69237288261501e-05,0.02669415935588291,0.4288913070804981,0.5443276098347928
6932,4.186636732929636e-05,0.011655640258517487,0.2010350383157144,0.7872674550584389
6933,0.00032464732745548234,0.790788742679917,0.20716148594502481,0.0017251240476025408
6934,6.255680590679926e-05,0.06931925833407407,0.825789785130844,0.10482839972917515
6935,0.00015746350784980027,0.13586728178187363,0.7331022512374317,0.13087300347284492
6936,0.0002485507489273601,0.09116719920440519,0.6375909928124106,0.27099325723425693
6937,0.00012480004611677264,0.13454637302003158,0.736646896745264,0.12868193018858762
6938,8.529339743888707e-05,0.1272129056259662,0.7702546888360164,0.10244711214057856
6939,8.894218879311895e-05,0.21939766942554875,0.7385109492335666,0.04200243915209156
6940,0.00033089761981065763,0.09449108739334183,0.5403741782741063,0.3648038367127413
6941,0.0003470252141534452,0.37028035961053496,0.6101743376765763,0.01919827749873545
6942,0.00018246084024748762,0.24477276406347714,0.7002410769032539,0.05480369819302153
6943,0.0004740297214606474,0.37965602037277746,0.581727048719151,0.03814290118661085
6944,0.00043160195073599995,0.2002452923192442,0.7297758614569987,0.06954724427302111
6945,5.157696557097953e-05,0.8237278267453276,0.17586786439888125,0.0003527318902201088
6946,4.82410554395983e-05,0.5826263359642302,0.415412620966261,0.001912802014069298
6947,7.791758882458216e-05,0.8889578990926887,0.11071196168612987,0.0002522216323568774
6948,0.0002757461158127159,0.16858066770773364,0.6545356974143369,0.17660788876211678
6949,0.00010535104736093957,0.45296906373268586,0.5442264589581888,0.0026991262617643915
6950,0.00014364180958733228,0.50423608541637,0.48938252046523484,0.006237752308807635
6951,0.00015901318320702423,0.6077052157314166,0.38899595744686416,0.0031398136385123263
6952,0.00045726067252290577,0.5579466788045431,0.43536923484736645,0.006226825675567574
6953,0.0008394705296616809,0.45176564201625813,0.5265674548572964,0.020827432596783917
6954,0.0004044371112190299,0.9313426947021937,0.06787027197173995,0.00038259621484741137
6955,9.69947718155661e-05,0.0525638152691681,0.5092328242007711,0.43810636575824524
6956,0.005587475148995987,0.9451489098357654,0.04905936589664251,0.00020424911859618898
6957,0.0001022888593906506,0.17227041146121552,0.7874060336230072,0.040221266056386436
6958,0.00014727776981631396,0.22616683425206668,0.7575954941096079,0.016090393868509082
6959,0.00045567538188003313,0.25321498850387153,0.6861594574459968,0.06016987866825173
6960,0.00022559473561909311,0.6136122218350238,0.3824750949443454,0.003687088485011601
6961,0.00012578271620417776,0.09119555335308638,0.6886272367787163,0.22005142715199322
6962,0.00012356716135312673,0.16341746879670813,0.778424722168288,0.058034241873650784
6963,0.00032808585793362837,0.259280809157834,0.6583993264236895,0.08199177856054274
6964,0.00010838549781202926,0.17202410200517484,0.7427418346538288,0.08512567784318435
6965,0.00012905542413155346,0.09708876459130716,0.5455050019512908,0.3572771780332705
6966,0.0003067617458591899,0.05623704417762494,0.2661535690996846,0.6773026249768314
6967,0.002157679194624901,0.4007228068035326,0.5132554918483582,0.08386402215348443
6968,9.446431405803469e-05,0.010046782883187473,0.06025399807445031,0.9296047547283043
6969,2.1656910676960343e-05,0.4341664177394269,0.5641597439375412,0.0016521814123548932
6970,0.00013154152219174963,0.5277184595794332,0.46892141827502765,0.0032285806233474904
6971,2.7604664319594962e-05,0.3814332622194253,0.6152613920269125,0.0032777410893425783
6972,2.6618356767902403e-05,0.312357273357325,0.6832694037042736,0.004346704581633543
6973,0.0001113070809040504,0.02249983550606505,0.1411718544014219,0.8362170030116091
6974,8.7798535567747e-05,0.048453353593714395,0.44733668789116393,0.504122159979554
6975,8.064939650234226e-05,0.04750242662472662,0.4414846855576905,0.5109322384210806
6976,6.024201785537626e-05,0.021925689424496915,0.3400856145975587,0.6379284539600891
6977,0.0001453630389536699,0.32265285664450766,0.6645525412259566,0.012649239090582054
6978,0.00011587111757541861,0.45595829832338364,0.5380243523072796,0.005901478251761277
6979,4.8233960887322594e-05,0.08231245804650413,0.8218582237788323,0.09578108421377624
6980,5.962968061586837e-05,0.038437591154912076,0.5364513883145643,0.42505139084990773
6981,0.00045252123213436446,0.2359784927891072,0.6969281268994549,0.06664085907930346
6982,0.0013752896992544666,0.3470929253015042,0.6077416899234519,0.04379009507578948
6983,0.00010934720396969507,0.647566852494404,0.35058463045039534,0.001739169851230986
6984,4.2554011264813836e-05,0.7452189464509443,0.2543727784393268,0.00036572109846401256
6985,2.977073368121996e-05,0.8380473830204018,0.1617317806008966,0.0001910656450204021
6986,4.489646711876401e-05,0.13821277854819564,0.8145729696581246,0.04716935532656091
6987,7.98842163788086e-05,0.15059472319318346,0.8179652647899802,0.03136012780045744
6988,6.585954136393215e-05,0.4686856015146512,0.5295767930169398,0.0016717459270450105
6989,0.0004800760593589017,0.6859514974319134,0.3103126935118403,0.003255732996887365
6990,4.956667685705717e-05,0.21934985444396599,0.7625629606355533,0.01803761824362366
6991,7.480104453372368e-05,0.19024597377258973,0.7691128064547189,0.04056641872815763
6992,5.8657355510737884e-05,0.5811071908604851,0.41684917719848014,0.0019849745855240225
6993,0.0008343341518850124,0.28894006905627373,0.6592338357047601,0.0509917610870812
6994,0.00011519255964588673,0.2482936342067353,0.7389416499524716,0.012649523281147244
6995,7.199778488873996e-05,0.08286617671794244,0.8269195871779835,0.09014223831918527
6996,0.0005218926642851084,0.865280679407169,0.13350666961709576,0.0006907583114501092
6997,0.0009352667430669581,0.19734359307269345,0.6088566575346543,0.19286448264958528
6998,0.0002323642297690317,0.12459704950374831,0.608767432884679,0.26640315338180365
6999,0.0002017148350989158,0.5529670900653815,0.441432627396484,0.005398567703035664
7000,0.002004466230716131,0.25943146239779624,0.5329888478200757,0.20557522355141195
7001,0.000510411609922023,0.06532135919354953,0.24584351772007162,0.6883247114764568
7002,0.00016357310040214537,0.01732022165045173,0.08075005720045918,0.9017661480486869
7003,0.0005412532615353672,0.1046533944568154,0.3869542823759199,0.5078510699057294
7004,0.004392675219068979,0.265790504998195,0.478356173374924,0.25146064640781196
7005,0.00048001088982148733,0.04913892746056822,0.19754557088303396,0.7528354907665763
7006,0.00044043449626273264,0.05227844372809916,0.2266956325086614,0.7205854892669767
7007,0.0010706012955125914,0.12497456514090155,0.3438160163193962,0.5301388172441897
7008,0.0009773525340329467,0.2517777535108702,0.6256884007060104,0.12155649324908648
7009,0.0005441440470678088,0.1353406898758847,0.5136318668212412,0.35048329925580635
7010,0.00042855610492619297,0.04430184813254981,0.1698017019045447,0.7854678938579793
7011,0.0008479316155089146,0.04186320487094643,0.14217461419771665,0.815114249315828
7012,0.002602758598951783,0.23340266868150186,0.47260166439479506,0.29139290832475134
7013,0.000105693676178109,0.008793488116835991,0.04364513210964526,0.9474556860973407
7014,3.132931436396167e-05,0.003315691859868055,0.020346581845857005,0.976306396979911
7015,7.269185657812345e-05,0.007345467526459324,0.045736113840062854,0.9468457267768997
7016,4.624365816536735e-05,0.00602227602436417,0.03999200731939416,0.9539394729980764
7017,0.0004607397387960734,0.08091342865846937,0.35270799438811185,0.5659178372146227
7018,0.00022128431735261904,0.0365110032316591,0.18790665158152975,0.7753610608694586
7019,0.0001001434223054545,0.010279537556035138,0.05456499747960992,0.9350553215420495
7020,0.0006288905497321264,0.06702768270973485,0.2659540584125021,0.6663893683280311
7021,0.0003201421267435221,0.03550606124784954,0.17389969387710527,0.7902741027483017
7022,0.0004895437305490395,0.09590239926424801,0.4463524118627447,0.4572556451424582
7023,0.0009897379415505225,0.14546327994673836,0.45635156402763155,0.39719541808407954
7024,0.0029103948545294014,0.47087858837558205,0.45352918097981154,0.072681835790077
7025,0.00019711850758450343,0.02888747072958621,0.16885611501165532,0.802059295751174
7026,0.000518156515358685,0.04755252540554903,0.15017104631495035,0.8017582717641419
7027,0.0001401859625248888,0.020598908564540462,0.10256516429628647,0.8766957411766483
7028,4.352263197067351e-05,0.0048670921818815506,0.028872031111571248,0.9662173540745765
7029,0.0011682775061664119,0.10070263291275236,0.3561545969562056,0.5419744926248756
7030,0.00023605163010217194,0.03341529495779459,0.14381917470977224,0.8225294787023311
7031,0.003202126100140898,0.44345342099489005,0.4808662461149777,0.07247820678999145
7032,0.0003152822233993516,0.07714453887467715,0.39432955799194286,0.5282106209099807
7033,0.00019164637134422763,0.024886834122864042,0.16119196013683684,0.8137295593689549
7034,8.444297292747368e-05,0.0088641352230512,0.04631584622604691,0.9447355755779745
7035,0.00044234308737998117,0.07431285539644328,0.3012254418427449,0.6240193596734318
7036,0.0007459519707234073,0.19290646051772464,0.5704016887827881,0.23594589872876393
7037,7.405202048077833e-05,0.013079847136496426,0.09880540632558224,0.8880406945174406
7038,0.0016631615271798334,0.17068984215137292,0.4356283611898834,0.39201863513156393
7039,0.000704243869424096,0.23034535438383627,0.6344887140317989,0.13446168771494085
7040,0.0017389420225168023,0.20691084023609704,0.4921783687315656,0.2991718490098206
7041,0.0005099314714556906,0.05978946613479667,0.2441400675121908,0.6955605348815569
7042,0.000490085064060003,0.12180765235730712,0.5410647274621212,0.3366375351165117
7043,3.063752458149408e-05,0.003443172245538565,0.018215249800707163,0.9783109404291728
7044,0.0018145382760498294,0.29564694630110344,0.5217104848185964,0.1808280306042503
7045,0.0007600239459090944,0.11968315680790642,0.3988645184505893,0.48069230079559516
7046,0.0005091995777854663,0.26285053197857694,0.6768880977099317,0.05975217073370578
7047,0.00011854515211350221,0.01223227877952647,0.07035672246468064,0.9172924536036794
7048,0.0004035774815081388,0.043228943279039214,0.1676918509283845,0.7886756283110681
7049,0.0009815833597507193,0.11194144234327931,0.3503012178365872,0.5367757564603828
7050,0.0010535763904729913,0.13116148667191485,0.4353287638176697,0.4324561731199425
7051,5.4245978185060993e-05,0.004889920668983104,0.02783878472867516,0.9672170486241567
7052,0.00011199938140029963,0.012302437907707402,0.07066333635604853,0.9169222263548438
7053,8.288330598930162e-05,0.01145627165567549,0.0811442741071797,0.9073165709311555
7054,9.302224804641075e-05,0.011884233540816719,0.05547526945899178,0.9325474747521452
7055,8.509068017503522e-05,0.007659127373130628,0.03545515611822435,0.95680062582847
7056,0.0007150062505528031,0.10474876441559311,0.4014398502705474,0.4930963790633067
7057,7.931439068574006e-05,0.008028399585914694,0.0425002382414269,0.9493920477819726
7058,0.0007167881104724301,0.13947771511701396,0.6140406656798347,0.24576483109267883
7059,0.00020394486503953513,0.04034543064512816,0.22215177268663439,0.737298851803198
7060,8.598695240004159e-05,0.008502085868133724,0.04306542946243451,0.9483464977170317
7061,0.000448745886551899,0.11173798881324441,0.5171914974353345,0.3706217678648691
7062,0.0020136975347594174,0.14569864307863084,0.381560031507514,0.4707276278790958
7063,5.3001586654761584e-05,0.004749161902491789,0.024258198689259575,0.9709396378215938
7064,0.00025095271272320487,0.06922862901688984,0.3542594417526544,0.5762609765177326
7065,9.619584712259849e-05,0.014725248522807304,0.11255466226244337,0.8726238933676267
7066,0.000938987641266837,0.0859532762965372,0.2961041128482502,0.6170036232139458
7067,9.799052490389504e-05,0.014015239825702396,0.10787679998129704,0.8780099696680967
7068,0.00034422633998313235,0.05930046379618743,0.2278296030251757,0.7125257068386537
7069,0.00022345122250712134,0.04643144457660244,0.2613192527680886,0.6920258514328019
7070,0.00013800608366586442,0.02001240198326433,0.12452586186192849,0.8553237300711414
7071,4.89659281097885e-05,0.004501812185644439,0.02709630067547532,0.9683529212107704
7072,0.00083109215851964,0.1674500036202648,0.5512318395035616,0.28048706471765394
7073,0.0008761725137291388,0.1963820716642634,0.5512360196206914,0.2515057362013161
7074,0.0002098930874753036,0.01867921924450649,0.08500270342493421,0.896108184243084
7075,0.0005435196942648437,0.1238846213670712,0.5103203887179161,0.36525147022074794
7076,0.0011181556177055135,0.16059661126049377,0.49055299456692186,0.3477322385548789
7077,0.00012429790346234876,0.013067918719236078,0.0731812939188895,0.9136264894584121
7078,0.00037032066971284,0.05217812067676244,0.24442058146641174,0.703030977187113
7079,5.545002594237048e-05,0.008415470431568269,0.0639275304030899,0.9276015491393995
7080,0.00012601400091835144,0.018226317831693623,0.10575720196910815,0.8758904661982798
7081,0.00043579552465385443,0.09776488561860491,0.4473960807524921,0.45440323810424915
7082,0.00111379775073206,0.10796294507020901,0.31793805191499236,0.5729852052640666
7083,0.0021927909318282773,0.21570901356583277,0.4884814281429587,0.2936167673593802
7084,0.0002046317384427182,0.03592648170169721,0.22911571677687936,0.7347531697829807
7085,0.002189954561459724,0.2848966411239056,0.499874045277063,0.21303935903757182
7086,0.00010841660486454895,0.011537688726212218,0.05999487976056221,0.928359014908361
7087,0.0004689109236714099,0.1054107987662944,0.5186580030842464,0.37546228722578784
7088,0.0001663816358970348,0.019884635660731252,0.09217416735668366,0.887774815346688
7089,0.00036120620879473013,0.0661343390274679,0.3177417306900836,0.6157627240736537
7090,0.0003529650058714253,0.03157938056509892,0.12646257297777547,0.8416050814512542
7091,0.003107072963610957,0.4924975633238116,0.46487698378972386,0.039518379922853564
7092,5.81254035609091e-05,0.010430221811911257,0.07420391517037402,0.9153077376141538
7093,0.00023338436973684514,0.026468342988776403,0.12744211573181763,0.8458561569096692
7094,0.0005288124116176933,0.18426759006660987,0.6769493123942187,0.13825428512755367
7095,0.00026390879245562573,0.03842452309254833,0.18496542902893587,0.7763461390860602
7096,0.0019243692496517428,0.1929374385851812,0.4500469621281036,0.35509123003706344
7097,0.0002461273292991571,0.03551818087469334,0.15386150115547104,0.8103741906405365
7098,0.00010391664737842543,0.013451909417978225,0.07068005582148063,0.9157641181131628
7099,5.417226324836031e-05,0.005080710370677521,0.027915867459397167,0.966949249906677
7100,4.7205970381835615e-05,0.005117029502343789,0.03483610382776246,0.9599996606995118
7101,6.867405919985071e-05,0.006700629755837473,0.03652548403732091,0.9567052121476418
7102,6.134598290681137e-05,0.007682739658691349,0.044732166672346994,0.9475237476860549
7103,6.646463315158084e-05,0.005987930317479599,0.0389385385386889,0.95500706651068
7104,0.0016209939283042796,0.3443696536302219,0.5648437899367529,0.08916556250472098
7105,0.0004668595946750541,0.08718823404661787,0.35859676493847664,0.5537481414202304
7106,0.00012638002808117873,0.012520227347748518,0.058536182861551836,0.9288172097626185
7107,0.0002944363888279141,0.02858977616371927,0.148757335541151,0.8223584519063019
7108,0.0004797927531809022,0.052317387409300975,0.20227556789815154,0.7449272519393666
7109,0.001852622871972567,0.28339553992153355,0.5707915348939656,0.1439603023125283
7110,5.261502949923547e-05,0.008446924599218994,0.05888366455533476,0.932616795815947
7111,5.027018295415286e-05,0.006786468765968173,0.04465492151275211,0.9485083395383256
7112,5.9499216059340247e-05,0.007633750856930535,0.06164808439111917,0.9306586655358909
7113,8.667130323585559e-05,0.015484904350153084,0.16171050826578653,0.8227179160808246
7114,4.283796579711605e-05,0.003895968305936159,0.020000066773151342,0.9760611269551154
7115,5.5725456804167015e-05,0.006473437916730343,0.04146081480838451,0.952010021818081
7116,0.0005432026574980638,0.1420002702558682,0.425843117449795,0.4316134096368388
7117,0.00013254983481825186,0.014237754329102797,0.0649833462017089,0.9206463496343701
7118,0.00014183331154285202,0.021558301076411983,0.14421503105234068,0.8340848345597045
7119,9.445040260825447e-05,0.008307941709673845,0.04467276367109685,0.946924844216621
7120,0.004032063522157575,0.3303250323109364,0.5031718110414015,0.16247109312550456
7121,0.001589618456504424,0.3502891666060571,0.5705068846861059,0.07761433025133274
7122,0.0006502831390200521,0.14071906019677968,0.5150195724536103,0.34361108421059
7123,0.0009263927935062571,0.14317531482740592,0.47705468888750824,0.37884360349157964
7124,4.748094194606104e-05,0.004267951493505447,0.01988941970332346,0.975795147861225
7125,0.0003581848362817863,0.0627173082895894,0.33953699661253234,0.5973875102615965
7126,0.00012515384340908451,0.016062198473220955,0.08838205056038506,0.8954305971229849
7127,0.00014377081408556492,0.01847028250760285,0.11025007623202063,0.871135870446291
7128,0.0006742906780754124,0.14959160080676043,0.5780903000338371,0.2716438084813271
7129,0.0008696601949434964,0.292720275929236,0.6074189101793005,0.09899115369652
7130,0.0003856026342268466,0.0518504261706398,0.2459558290140758,0.7018081421810576
7131,0.0011342106570814692,0.27450990503365663,0.6299119260022309,0.09444395830703095
7132,0.0004377930943322229,0.07071583518204573,0.28481679087241546,0.6440295808512067
7133,0.0008942236438063649,0.09070716607723867,0.38789171777431564,0.5205068925046393
7134,0.0020894093401197158,0.21544557255673863,0.4945586730979856,0.287906345005156
7135,0.00011479395006837186,0.015343418593597268,0.08325263505088025,0.9012891524054542
7136,0.00042027884077457003,0.053323931394365726,0.18963229297399428,0.7566234967908655
7137,0.00028680615695299744,0.03442351627640878,0.13905633283692356,0.8262333447297148
7138,0.0009501255417957177,0.08493153408496382,0.271784177821772,0.6423341625514685
7139,0.0003923704674384542,0.07406879702767581,0.3833352001421625,0.5422036323627232
7140,0.0007222089277213364,0.1415781038956296,0.4411567226056649,0.41654296457098416
7141,0.00024122569092582436,0.032418184501548805,0.16013616476388323,0.8072044250436421
7142,0.0010902631807063754,0.3502995089484075,0.602502189110676,0.046108038760210135
7143,0.0002590020543259603,0.05367942303286484,0.38268480882149725,0.5633767660913119
7144,0.0006877398804159521,0.09601052995790255,0.361517966426004,0.5417837637356775
7145,0.0001515190221980996,0.025785486042056723,0.1383771692563973,0.8356858256793479
7146,0.0008437955762598097,0.1465446318442661,0.5241280363719234,0.3284835362075507
7147,0.002086074835961574,0.19237888667673414,0.44629193050795984,0.35924310797934444
7148,0.0009845877467285914,0.24194917630302915,0.6767327457363544,0.08033349021388778
7149,4.609098612741213e-05,0.004914328509012388,0.029381123976569935,0.9656584565282903
7150,0.0006857631883641235,0.08596790222878224,0.2851842183747531,0.6281621162081006
7151,0.003313613919585625,0.265885362510531,0.5141424966770081,0.21665852689287537
7152,0.0001304146787399647,0.022307366238490924,0.14057551512760386,0.8369867039551653
7153,7.296573936744587e-05,0.008420848288653972,0.05391187026213744,0.9375943157098411
7154,0.00031205288815141336,0.033339119045178944,0.1440121143759421,0.8223367136907276
7155,0.0017280218916851146,0.2291551435580543,0.4925638772457868,0.27655295730447377
7156,0.0001191181649321616,0.01242722814941961,0.06981584413694829,0.9176378095486999
7157,0.0032008036742648006,0.18443108961819424,0.4597033865231862,0.3526647201843548
7158,9.039603555214232e-05,0.008050679298671981,0.03928875484689999,0.9525701698188759
7159,0.0006500104397941388,0.11988319586611479,0.45499310921374275,0.42447368448034845
7160,0.0008740749631184236,0.08006920310268431,0.26103955806633833,0.6580171638678589
7161,0.0012576625333540802,0.17618222170107498,0.4952346801021699,0.32732543566340105
7162,0.00126438643512892,0.16999992354921767,0.4673534636443469,0.36138222637130657
7163,0.0007625261060290252,0.08526795459041629,0.3030238903780149,0.6109456289255398
7164,5.50586325128332e-05,0.006377974847696774,0.035197555327487556,0.9583694111923029
7165,0.00019505609350578676,0.0152281649484469,0.06330669216287615,0.9212700867951712
7166,0.00037673428922804287,0.04903260723107,0.21996573797481797,0.730624920504884
7167,0.0006710286931175778,0.09534539565640351,0.3107866239054619,0.5931969517450171
7168,0.00024393022490309566,0.028508259830263595,0.13195380994310368,0.8392940000017296
7169,0.0005989471713390942,0.16015712520799502,0.6498047849667409,0.18943914265392497
7170,0.00015850573038425598,0.019920483040340217,0.09975640086143289,0.8801646103678427
7171,0.00021759762519219826,0.0228976096220389,0.09723292098878876,0.8796518717639802
7172,0.001415337577963359,0.12489860233943273,0.36928838949975473,0.5043976705828492
7173,0.0003062522277185997,0.046908334016749396,0.2912816566563493,0.6615037570991827
7174,0.0006642742570978425,0.053845945755345445,0.20067727910728894,0.7448125008802678
7175,0.0006332283777892616,0.16909928205625707,0.5741595468346441,0.25610794273130955
7176,0.00013530870234091888,0.016781040090628654,0.09646852234819897,0.8866151288588314
7177,0.0001008883349936007,0.010671132898472612,0.06377243898716185,0.9254555397793719
7178,0.0003469758367461077,0.028426104149413073,0.11605943942913449,0.8551674805847063
7179,0.0005840199855916417,0.07755809352975801,0.26569073674571697,0.6561671497389334
7180,0.0014807823076880833,0.30199298163237853,0.565676130342921,0.13085010571701233
7181,5.754142533742352e-05,0.004764805954035921,0.030746841710923623,0.9644308109097031
7182,0.0008820655715083981,0.08205168353978494,0.2950845271074526,0.6219817237812542
7183,5.36444765813683e-05,0.005673174629418585,0.028986185283022034,0.965286995610978
7184,0.0008165785622024271,0.11550382449636651,0.4377589788227306,0.4459206181187005
7185,3.729897470868739e-05,0.0035360007682908776,0.022431055465968297,0.9739956447910322
7186,0.0031565591382832635,0.47631743636120405,0.4793062915141474,0.04121971298636534
7187,0.000635531953122226,0.09985113468049416,0.4076103937838592,0.4919029395825244
7188,0.0003888872681526814,0.04169968267980597,0.18811356546720226,0.7697978645848391
7189,0.00010852532241284381,0.008165068343995508,0.034084076828648384,0.9576423295049432
7190,0.0007637450895796506,0.11825225067017395,0.37617894725332895,0.5048050569869176
7191,0.000111619480014814,0.014994885329722495,0.08320976530126001,0.9016837298890027
7192,0.0002665215922910232,0.10631835095912795,0.5120919547734555,0.38132317267512555
7193,3.227774607457563e-05,0.0035681574742371424,0.022376260583291105,0.9740233041963973
7194,0.0004067582685342293,0.07020881512239423,0.34101506476911037,0.5883693618399612
7195,0.00040616418092869535,0.03964219394518785,0.1821443389005285,0.777807302973355
7196,0.0009427947128724808,0.10613973804241753,0.371816912429589,0.5211005548151211
7197,4.676463667557964e-05,0.004301411983955389,0.02683087815472939,0.9688209452246397
7198,0.0011104076669048656,0.17576574909742154,0.440735378095394,0.3823884651402796
7199,9.044464005386607e-05,0.015433166398327921,0.07741551460706976,0.9070608743545485
7200,4.016853386538694e-05,0.004154602924399546,0.028908454576797023,0.966896773964938
7201,6.585547550641484e-05,0.0064539738921918464,0.03436801917684765,0.9591121514554541
7202,5.772273139180448e-05,0.006575246062115645,0.047840584993816195,0.9455264462126763
7203,0.0006236136163010363,0.10631360336772253,0.4045848584804903,0.48847792453548616
7204,6.266307643915117e-05,0.010374278274806319,0.07212876634082921,0.9174342923079253
7205,0.0007228777181554197,0.0790063809537078,0.2759280947777052,0.6443426465504316
7206,0.001111669320913763,0.09878991253066191,0.3177478458772307,0.5823505722711936
7207,5.880489020661764e-05,0.010579299515664197,0.09768170969760963,0.8916801858965195
7208,0.0012409297667466221,0.18407063410292285,0.5366436390524411,0.2780447970778896
7209,0.001222267417854011,0.22110705921596727,0.600206682174603,0.1774639911915757
7210,0.0004090409345498843,0.05395916845532231,0.25903424301740025,0.6865975475927275
7211,0.0009860487660708825,0.2995359938068373,0.5964092502138792,0.10306870721321261
7212,0.0001493055293329856,0.011975898808661161,0.042955519730200564,0.9449192759318052
7213,0.0007055881302396424,0.1296840766059346,0.4237302839359687,0.4458800513278571
7214,0.00029029933689632675,0.024223268564875028,0.09437158915260489,0.8811148429456237
7215,0.0010330197890543596,0.18570259443556036,0.4770624956844899,0.3362018900908954
7216,2.173705264684731e-05,0.002822406536930862,0.023550340791087712,0.9736055156193346
7217,7.415522727255536e-05,0.008115886442544386,0.04540401426326568,0.9464059440669175
7218,6.896218431781689e-05,0.007001996542509514,0.03893451472204808,0.9539945265511246
7219,0.00030178560259508933,0.06273812758364239,0.2965411848149879,0.6404189019987746
7220,0.00021487341853740837,0.030127965025051696,0.1715504775493304,0.7981066840070805
7221,0.0002759386969462802,0.047995399639971764,0.24327159648015592,0.7084570651829261
7222,0.0002683225166004396,0.04337597846842206,0.3002701095455734,0.6560855894694041
7223,0.002005496847114409,0.2636664415097414,0.5070711041875219,0.22725695745562238
7224,5.5371537496853404e-05,0.0092697826121937,0.07483589704763748,0.9158389488026719
7225,0.001440828728070713,0.10981605517576157,0.27574385445721356,0.6129992616389541
7226,0.00029675697114062995,0.07166512239275788,0.3567851675096301,0.5712529531264714
7227,5.619217059789511e-05,0.006972605620246659,0.04394285338160277,0.9490283488275527
7228,4.5033833052589775e-05,0.0038705885565575265,0.020183595021288428,0.9759007825891015
7229,0.00012967911330399016,0.014828327833561281,0.07995330127938069,0.9050886917737541
7230,0.0003400338922503233,0.04659007027905268,0.1743850223659822,0.7786848734627148
7231,4.5461230409166516e-05,0.005731747718767889,0.043638145919319575,0.9505846451315034
7232,0.0003156816614138249,0.03224645821775124,0.11108002963678959,0.8563578304840453
7233,0.0002155733962494276,0.019601731051638115,0.09035559085329087,0.8898271046988215
7234,9.577664200410793e-05,0.013218931756429565,0.07868663356551699,0.9079986580360493
7235,0.0005559561631242576,0.09431145537911834,0.3929386354913688,0.5121939529663886
7236,5.48289547927672e-05,0.006813100516191015,0.0484411380663943,0.9446909324626219
7237,0.02358972412363286,0.5181995613742122,0.39681227610545805,0.06139843839669677
7238,6.53185880241157e-05,0.007668205553930137,0.048241396312577345,0.9440250795454684
7239,4.196833828245897e-05,0.005501917830480252,0.044345466255688276,0.950110647575549
7240,9.771098010476617e-05,0.013860382466273281,0.11028626818142209,0.8757556383721998
7241,0.0010758635696064972,0.1299470958373123,0.4218744882014731,0.4471025523916081
7242,0.00046635658183902164,0.07952852915595002,0.311861354373727,0.608143759888484
7243,0.0011740247897755638,0.1891755699528252,0.531941020863804,0.27770938439359527
7244,0.003001257652676449,0.2092054494569906,0.44532386167849336,0.3424694312118396
7245,0.00039825100516156743,0.06803586880421121,0.2958091151625859,0.6357567650280413
7246,4.4211652143287194e-05,0.0039377236225217925,0.02086560333489211,0.9751524613904428
7247,0.0005763650703937081,0.09547773951856396,0.4561661216569928,0.44777977375404954
7248,7.831604540798526e-05,0.009171277450843176,0.04758885146601464,0.9431615550377342
7249,0.0001930271806346119,0.03417347003279604,0.20947923288556425,0.7561542699010051
7250,8.3084710233048e-05,0.014478996455686843,0.10270298593199795,0.8827349329020822
7251,0.00011423376712717658,0.0191017779314527,0.119214868727193,0.8615691195742271
7252,0.001515114323807993,0.1553796812268256,0.42014731606667244,0.422957888382694
7253,4.500488412783001e-05,0.005310647235945358,0.036650222893022714,0.9579941249869042
7254,0.0011034947467251216,0.6797562587723405,0.31364076391227036,0.005499482568664028
7255,0.00047223844652612287,0.07483085213585672,0.3865713589359124,0.5381255504817047
7256,4.6314997697146217e-05,0.0040571258949158385,0.022700818500069768,0.9731957406073173
7257,0.000742496473325726,0.08711075331738616,0.3441326572602399,0.5680140929490483
7258,0.00034875616356680884,0.04577166385816958,0.2142411859790824,0.7396383939991813
7259,0.00022936305572758515,0.04119969667789615,0.20306228533664797,0.7555086549297283
7260,0.0007283624971292359,0.20830315715852796,0.5560895402191226,0.23487894012522026
7261,0.0032464981737117815,0.2679750018954735,0.5177570370711089,0.2110214628597058
7262,0.0016001832672789733,0.12296547636721902,0.37846741519590316,0.49696692516959895
7263,0.00019629380262171616,0.037069452170537594,0.23275511087283096,0.7299791431540097
7264,0.0002320479813882578,0.04699929678329752,0.2617491730917499,0.6910194821435645
7265,8.564662812690185e-05,0.008141704990212245,0.0400084106515254,0.9517642377301354
7266,0.0007700301010643475,0.17493500429041225,0.6395259546648754,0.18476901094364806
7267,0.0031199112606424212,0.34875579219480235,0.5052996401424918,0.14282465640206338
7268,0.00033916922044825693,0.02479186825574274,0.09594660238848898,0.8789223601353201
7269,6.375878524385678e-05,0.005843425900209918,0.03257352854269012,0.9615192867718562
7270,0.00013759422866102615,0.014192653455273757,0.09278500534503392,0.8928847469710313
7271,0.0006700647413822376,0.13105024822841918,0.47921419564118584,0.3890654913890128
7272,8.202106291369549e-05,0.011642055754695613,0.07279508971809182,0.915480833464299
7273,0.00014324397814182308,0.01964292959894968,0.11651593476494679,0.8636978916579617
7274,0.00010578758995397262,0.011548885601910355,0.05459432104912426,0.9337510057590114
7275,0.00020028485715430897,0.02029850485094205,0.09732495424783842,0.8821762560440652
7276,0.0008480197162592085,0.11453771420071551,0.4406481023641041,0.4439661637189211
7277,7.812589957111729e-05,0.00822996630396616,0.04228275346279699,0.9494091543336658
7278,7.855218295226548e-05,0.009166466324088296,0.05870314603469304,0.9320518354582664
7279,9.515668361468737e-05,0.009646318786443772,0.05619805012552533,0.9340604744044163
7280,0.006293111684520637,0.19678580473342433,0.3894646308943588,0.4074564526876962
7281,0.00024568046969840237,0.06436693998343465,0.41221158295989146,0.5231757965869756
7282,0.0002568152908449219,0.017933574012483657,0.06575444262563687,0.9160551680710346
7283,0.00019946071251191567,0.022624124586001437,0.12127721096799986,0.8558992037334868
7284,0.0006750249165945301,0.06480289361878594,0.2651890340957909,0.6693330473688286
7285,8.258849786106673e-05,0.006903906196385303,0.03175692290499183,0.9612565824007618
7286,0.00026684032050960075,0.0818253810568576,0.3558934161707792,0.5620143624518537
7287,8.900867428346791e-05,0.012907049437906357,0.0812598905756616,0.9057440513121486
7288,9.779647939512582e-05,0.008909259422867537,0.049473655233288755,0.9415192888644486
7289,0.002383589828781338,0.22087071324649538,0.45939009890289567,0.31735559802182767
7290,0.00014729786867654618,0.021481808016127528,0.14162776412359385,0.8367431299916022
7291,0.00015203829150694078,0.018423092360180464,0.10236048894288464,0.8790643804054279
7292,0.0003446888322160359,0.2632257138980155,0.6860141605079234,0.050415436761845026
7293,0.0005902160882483775,0.08758766825543408,0.42053926942187425,0.4912828462344433
7294,0.00018638158521638637,0.02040369469691688,0.08201889567831168,0.8973910280395551
7295,0.0003159874908174689,0.03722946024359894,0.14440089405548343,0.8180536582101002
7296,0.00013529115671289126,0.016099622259118734,0.08293953716546903,0.9008255494186993
7297,0.00040243280910273727,0.07136670856128163,0.3963920787936274,0.5318387798359883
7298,0.0009735164693831851,0.1526100084722758,0.5460462146148606,0.3003702604434805
7299,0.0006274879522391024,0.13144020253163383,0.5474452574875419,0.32048705202858524
7300,6.297115676354444e-05,0.0059257135708621995,0.027823325206000886,0.9661879900663733
7301,0.00029307150369591874,0.04110219088920478,0.2225760248059293,0.73602871280117
7302,0.001029732011814143,0.1564261598733394,0.48127540210537506,0.36126870600947136
7303,0.00017722223793397509,0.018996876634969493,0.0949400721063505,0.8858858290207461
7304,0.0005358087840283104,0.07644449445609325,0.3219262815003147,0.6010934152595638
7305,0.0046740491523265875,0.24882133838847784,0.4329416116866232,0.31356300077257243
7306,0.0008202073693119607,0.10819432610268868,0.43220191545110354,0.45878355107689583
7307,0.0007422652790296861,0.1387508790656865,0.48278142454035644,0.3777254311149274
7308,0.0001190227434505651,0.013951364208736609,0.08076899478489137,0.9051606182629215
7309,0.00019127824738547405,0.022250037374279497,0.09345778235847177,0.8841009020198632
7310,0.0004294662590763266,0.05963422193933969,0.23088686216809823,0.7090494496334858
7311,9.241177939992378e-05,0.01741534738660036,0.1203750688391848,0.8621171719948149
7312,0.0001659279952566689,0.020479298007460556,0.10998684856804933,0.8693679254292335
7313,0.00010616771292116947,0.012016674233411156,0.07188047182081381,0.9159966862328539
7314,0.0004993071647021962,0.07824250094465167,0.29311037611032054,0.6281478157803255
7315,0.0001762012632385382,0.021775265575263634,0.16596457071561757,0.8120839624458802
7316,0.002175472433646618,0.18367986325104996,0.4086968696715121,0.4054477946437913
7317,0.002188277969581505,0.3863345470691666,0.49986604264821344,0.11161113231303849
7318,0.0006317696638751272,0.07610902949859383,0.23411902744423668,0.6891401733932944
7319,0.0007185075816499754,0.1566390392483878,0.4900764196378572,0.352566033532105
7320,0.0009169497240914147,0.16989335083957963,0.5310807392858061,0.2981089601505229
7321,0.0022836154581471883,0.2659193356386294,0.5824284299089433,0.14936861899428006
7322,9.129373991717082e-05,0.012323885277144356,0.08442391597625731,0.9031609050066811
7323,0.004234740547222555,0.23936882155812236,0.4524291998899927,0.30396723800466247
7324,4.5199022589950546e-05,0.004383308697621165,0.02449865704917076,0.9710728352306182
7325,0.00011082201469980445,0.010889562265782422,0.0469852460002083,0.9420143697193095
7326,5.669863127364465e-05,0.006588671877592404,0.033128784217412256,0.9602258452737217
7327,9.759604189979481e-05,0.01794370203701657,0.10380153125496949,0.8781571706661142
7328,4.3589980144850155e-05,0.003985942385896709,0.022747794504182798,0.9732226731297756
7329,0.00042172741022224625,0.07479737848575461,0.3451770625376867,0.5796038315663364
7330,0.0001733344924549474,0.021598941915712336,0.1021794302358785,0.8760482933559542
7331,5.5274791289905805e-05,0.006169380026382427,0.03722889804403928,0.9565464471382884
7332,9.168569884810704e-05,0.016238848503385344,0.09845966333284129,0.8852098024649253
7333,0.00030507683755463203,0.029678909935155717,0.14038238632745853,0.8296336268998311
7334,0.0007015623788268718,0.11964655393151903,0.45284599507688206,0.4268058886127721
7335,8.82039532279411e-05,0.008742941048873992,0.06250458083572477,0.9286642741621733
7336,0.00045840574246786936,0.056982768300786905,0.27928324307018443,0.6632755828865609
7337,0.00023330471873371866,0.027915794823521273,0.16620092848034007,0.805649971977405
7338,0.00024223548661615112,0.020948764246014773,0.08493591351920951,0.8938730867481596
7339,0.0020744959497482436,0.23431594124981353,0.48652650252408625,0.277083060276352
7340,0.0008521395048233134,0.16529591884319578,0.5111695082879427,0.32268243336403823
7341,0.0010823825478042555,0.13445256139252082,0.43235768775610944,0.43210736830356544
7342,0.0007096589218669027,0.159168747812622,0.5345853872840486,0.30553620598146264
7343,0.0007536819097781792,0.12186402015371296,0.41515985848888104,0.46222243944762786
7344,0.00015216047320675103,0.021054698712087018,0.12436023367225324,0.854432907142453
7345,0.0007090154594528129,0.10346194792103056,0.3900133447467767,0.5058156918727399
7346,0.0006101173137922211,0.1309306158421644,0.5257922296264472,0.3426670372175962
7347,0.0003366900001408619,0.07026297733711218,0.3952156725958631,0.5341846600668839
7348,0.0007511863362916995,0.14936681381995226,0.5421435062832598,0.30773849356049626
7349,0.00026645312749458205,0.04088686865281643,0.1922150969575995,0.7666315812620895
7350,8.053067898309676e-05,0.008063553085502505,0.04786028096359511,0.9439956352719193
7351,0.0023034662774766273,0.2877042257245579,0.5565559287891519,0.15343637920881364
7352,0.00025140157627174734,0.03175965468300499,0.11827379099097138,0.849715152749752
7353,0.0006900575055095779,0.11992966620597859,0.4991880860815596,0.3801921902069522
7354,0.00021642080564562044,0.036661886214946655,0.18809302453163115,0.7750286684477766
7355,6.300211570944866e-05,0.005035569100156522,0.0246323916888481,0.9702690370952859
7356,0.00018353967867075618,0.016839067802167706,0.07235885749512078,0.9106185350240408
7357,0.00012251086714589737,0.018572546790377217,0.12053277635896674,0.8607721659835101
7358,0.0008744879541073688,0.07407366086058612,0.23058501103734974,0.6944668401479568
7359,0.0006140790510992608,0.09133562367871467,0.359476980268162,0.548573317002024
7360,0.0008202702650427975,0.12935962929280576,0.5045506118461522,0.36526948859599917
7361,0.0008514292547565586,0.20646285609825665,0.5597371123863668,0.23294860226061997
7362,0.0009378421374636799,0.1939569243342381,0.5756173217873852,0.22948791174091304
7363,0.0002178187514341755,0.020878003621668743,0.10257784860475815,0.8763263290221389
7364,0.00014585745778776662,0.015823143660622176,0.06374737367150449,0.9202836252100857
7365,0.0005616952591503161,0.12331401829420391,0.5052480704648612,0.37087621598178466
7366,0.00032088001486936887,0.03887885952467015,0.18066558169956565,0.7801346787608948
7367,0.00017854086556434045,0.03336936343591057,0.20234150684592916,0.7641105888525959
7368,0.00024696260367645267,0.034769667954349014,0.20579493817776606,0.7591884312642085
7369,0.0002802221924148421,0.05854437702988037,0.2627897106983579,0.6783856900793469
7370,0.001043914920990984,0.10548194299797342,0.3603661072346865,0.5331080348463492
7371,5.6690375834248544e-05,0.008685186631157152,0.08242883948989993,0.9088292835031087
7372,0.00014010499137212724,0.011916030158516696,0.05860197576038429,0.9293418890897269
7373,0.0006655933490240706,0.06830624689637933,0.22660086715098146,0.7044272926036151
7374,0.00012102679091921856,0.015696476921239454,0.08836553869259028,0.895816957595251
7375,0.0004121233542084159,0.05545422923590873,0.2344666261579199,0.7096670212519629
7376,3.8253340996118415e-05,0.004577763213444705,0.038598132589430775,0.9567858508561284
7377,2.589956137022288e-05,0.0019298928350269717,0.010954545285395035,0.9870896623182077
7378,0.0010091688854088018,0.150272582512243,0.4200867176993074,0.42863153090304085
7379,0.00015876898043497336,0.014255679309914065,0.07031719424800885,0.9152683574616421
7380,0.00025286177829500603,0.08374941682860407,0.5385340347710027,0.37746368662209834
7381,0.0007383436464565617,0.08068432932243233,0.2913477978457205,0.6272295291853905
7382,0.00039578212562771517,0.04760536940823508,0.2070793851770364,0.7449194632891009
7383,0.0018273423241186052,0.2524649555153359,0.5571406592936933,0.18856704286685233
7384,0.00023956238462079696,0.0305694736765396,0.2017043649732002,0.7674865989656394
7385,0.00024080389915681388,0.031804554924211886,0.19794905206893976,0.7700055891076916
7386,0.00014956316858108628,0.0177866942464699,0.10131071934858044,0.8807530232363686
7387,7.50526031270132e-05,0.006895507461262122,0.04931046372993734,0.9437189762056736
7388,0.0012074115461812888,0.21127194549527367,0.5611103743381635,0.22641026862038155
7389,0.00022996873943731305,0.02836376697911626,0.14981341203694856,0.821592852244498
7390,0.00031165630087393904,0.04890629347631253,0.25693200850466913,0.6938500417181444
7391,6.311261571289727e-05,0.008703337292026008,0.05532647994223829,0.9359070701500228
7392,7.38203504751868e-05,0.014567110314778652,0.08849061825712456,0.8968684510776216
7393,7.808752939397186e-05,0.009928581657645832,0.06692549944983693,0.9230678313631233
7394,0.0002298520012137351,0.03534675451483761,0.15682774138241976,0.8075956521015288
7395,0.00034803910837777504,0.10855158862298189,0.5430235386825684,0.348076833586072
7396,0.00012490875958122606,0.016824908430197676,0.08299648155657446,0.9000537012536466
7397,0.00060766642155147,0.13544055194510532,0.49225404609286405,0.3716977355404792
7398,3.160413354773505e-05,0.0036591728307248444,0.0248355716357242,0.9714736514000033
7399,0.00016255486586252147,0.025349237500420962,0.15796155089463443,0.8165266567390821
7400,0.0004391147139054784,0.08331385692784973,0.4123559994105499,0.5038910289476949
7401,0.0007240685863432205,0.1221493537876419,0.40665535243224443,0.47047122519377055
7402,0.0002579236256680241,0.03507243235044714,0.20144331277455577,0.763226331249329
7403,0.0007662544988174081,0.21249753722363543,0.5157434678339984,0.2709927404435488
7404,0.00022998701328812355,0.026987116582387005,0.14740020295095768,0.8253826934533672
7405,0.0001206712659182474,0.016859783816977253,0.09257786004568354,0.890441684871421
7406,0.00225967350896849,0.26937609017583714,0.5150409862407548,0.21332325007443964
7407,0.0009877707347982208,0.10939380158824988,0.34335207833714554,0.5462663493398063
7408,0.0002662205029272571,0.04321065253485237,0.19753282687346896,0.7589903000887515
7409,0.0004580770209878595,0.053952208978440275,0.22553148550668325,0.7200582284938886
7410,0.0005939820670790649,0.3052087961312582,0.5402440552643124,0.1539531665373504
7411,0.0002099635584000158,0.031054448514322163,0.14559143200053903,0.8231441559267387
7412,4.4258527242478154e-05,0.004593542015564615,0.023382700577995078,0.9719794988791979
7413,0.0003263725084113434,0.03219922264854545,0.17206300810459446,0.7954113967384489
7414,0.004356792008192404,0.24330129057045785,0.48024595452187485,0.2720959628994749
7415,0.00036936875661375246,0.04466319445000984,0.22050126509691928,0.7344661716964571
7416,0.0003282350765268444,0.05543401871744825,0.30693774875421165,0.6372999974518132
7417,0.0009769233295661948,0.10659244003777195,0.39949655851181415,0.4929340781208478
7418,0.00015725650689510132,0.0201105548950437,0.13035010084932339,0.8493820877487377
7419,0.0004803104896518741,0.06859161733336194,0.29473122026880283,0.6361968519081833
7420,0.0001080179258241434,0.008436893032980688,0.04123298065528421,0.9502221083859109
7421,0.0011768848547759135,0.27891168504702113,0.616852795797603,0.1030586343006
7422,0.002730797210187595,0.3226139033826797,0.5374006149644693,0.13725468444266345
7423,0.00014476652071414786,0.015976658852089768,0.07602272723876097,0.9078558473884352
7424,0.0008649078593436324,0.1344515063579997,0.45778043178368877,0.4069031539989679
7425,0.00011271690497392515,0.018466472172135415,0.09418900455844928,0.8872318063644414
7426,0.0009640129062184131,0.20313017818165569,0.5721686712071753,0.2237371377049507
7427,0.0009543017354440896,0.09376140862458154,0.3699934217533243,0.5352908678866501
7428,0.0015996319338528486,0.3321601364492839,0.5604246694205687,0.10581556219629462
7429,0.0012653113425789898,0.23639926871147626,0.5538198955845544,0.20851552436139037
7430,0.0002496574707774571,0.04810132211401355,0.22384350504448558,0.7278055153707235
7431,0.0002524404458737183,0.024631726475400895,0.11206783616258356,0.8630479969161419
7432,0.0001504227284418577,0.015728528063093397,0.07983352872971711,0.9042875204787477
7433,0.0002407648806138979,0.02672182855266022,0.13636928245725452,0.8366681241094713
7434,0.0006594796776103813,0.10480895190008895,0.37751973743632883,0.5170118309859719
7435,0.0004128457803363643,0.09177080676951202,0.3845410728883604,0.5232752745617912
7436,8.698747465246242e-05,0.010568461067845918,0.06164771934643169,0.9276968321110699
7437,0.00027943005579385044,0.03774349446655173,0.15434463132664605,0.8076324441510083
7438,0.0002516522348060648,0.03221490615321339,0.17233488176692613,0.7951985598450544
7439,6.020465090286608e-05,0.005642999821161435,0.033287000835798775,0.961009794692137
7440,0.00039503057241892627,0.038833999755247595,0.17603941539239887,0.7847315542799347
7441,0.0005671531748692678,0.09431959517878508,0.3222890758617648,0.5828241757845808
7442,0.0002255826183083796,0.023921531169880828,0.11489085753545597,0.8609620286763549
7443,8.411256912410152e-05,0.013406349223561091,0.1056286371013488,0.8808809011059661
7444,0.0018584442683984837,0.3882151206085652,0.5222692154806394,0.0876572196423969
7445,0.0003491321074541859,0.04444976498161852,0.2465458795256475,0.7086552233852798
7446,0.0006333932672094188,0.09589703149818199,0.3797022758008214,0.5237672994337873
7447,0.00015670886157394295,0.019563600810233565,0.09531368857411728,0.8849660017540752
7448,0.0005340795583273991,0.06060024066083462,0.2446094366628488,0.6942562431179892
7449,0.00527214644271707,0.32427690682169225,0.4758823328319866,0.1945686139036041
7450,7.08541330530516e-05,0.009804490601649268,0.07219232230361333,0.9179323329616844
7451,0.0005845840174344922,0.12347926057484077,0.48747051591261203,0.38846563949511276
7452,0.0005683038691622411,0.07422193167154005,0.28774984012472815,0.6374599243345697
7453,0.00026550496966643467,0.04626481412375087,0.23126479251391968,0.7222048883926631
7454,6.162995892333035e-05,0.006484758727944689,0.04262309359595734,0.9508305177171746
7455,0.00033317325300235916,0.03369463553981349,0.15339370131225144,0.8125784898949328
7456,0.00047528304487945016,0.09647238688547358,0.44483918702301284,0.4582131430466341
7457,0.0010833095737927826,0.4319991524977176,0.5144485289907763,0.05246900893771338
7458,0.0003157637279531753,0.06785675846345798,0.32558277998677765,0.6062446978218111
7459,0.0004746749237019908,0.07854557574314784,0.4069457079031341,0.5140340414300161
7460,0.0001700420808664417,0.02806695243363877,0.1270302503360754,0.8447327551494195
7461,0.002032154099943901,0.11417506572717698,0.3026254629069798,0.5811673172658993
7462,0.0007897494062308048,0.14126468700183048,0.4765243167284429,0.38142124686349577
7463,0.00042954717085897867,0.04554830578357446,0.2013171367973645,0.7527050102482021
7464,0.00021302325350640517,0.02039923364894287,0.08153966198177709,0.8978480811157736
7465,0.00013476478683332077,0.01432528280557878,0.06742051330938473,0.9181194390982033
7466,0.0011230976398253743,0.23130489733176376,0.5948393736501961,0.17273263137821485
7467,0.0013372214859311876,0.3057426411415761,0.585456390747725,0.10746374662476772
7468,3.4687338869866373e-05,0.004306575772459222,0.02950836361717648,0.9661503732714944
7469,0.0002969418689045248,0.03275624206348473,0.14117818653031644,0.8257686295372942
7470,0.0005504424106204117,0.09781603056161133,0.35823378544105605,0.5433997415867122
7471,0.0012595399910373011,0.1434084895149655,0.39134284605147135,0.4639891244425259
7472,0.0005359442850787629,0.07219756985826191,0.3060927439693433,0.621173741887316
7473,0.00016122443883595527,0.019310374827648746,0.1010072101358506,0.8795211905976648
7474,0.0009347298303459451,0.10049225066750062,0.28389109153568237,0.6146819279664711
7475,0.0029423321794295114,0.25390337677381475,0.48023074223970874,0.2629235488070471
7476,1.976594630929118e-05,0.002061862553642947,0.01630374569008424,0.9816146258099636
7477,4.2777767335445964e-05,0.005464862584574301,0.04335787983733411,0.9511344798107562
7478,0.0009361079624220005,0.1325419172499906,0.4241406965986163,0.4423812781889711
7479,9.695830483036404e-05,0.010929294860377685,0.08394469058616363,0.9050290562486283
7480,0.00038953538700194166,0.09209536984550355,0.38555722353674216,0.5219578712307523
7481,0.00026257245007861726,0.03290128268504159,0.14073441033078166,0.8261017345340982
7482,0.00010545569715222043,0.014793655743717262,0.093247268758812,0.8918536198003185
7483,0.00012691955068347882,0.018705780815308565,0.08784059628353215,0.8933267033504758
7484,0.00029632002289110837,0.0412779490184784,0.17161130653519152,0.786814424423439
7485,0.0011056259197410345,0.13947500081604813,0.4033175720429818,0.456101801221229
7486,0.00012530131769464663,0.015455013893245547,0.07804455133644103,0.9063751334526188
7487,0.0005995160895400462,0.11653293626442224,0.49039100374817834,0.3924765438978593
7488,0.0004652432306945369,0.0703964300741204,0.34431526090840514,0.5848230657867799
7489,0.001477696349208095,0.4772090953771916,0.48470640440549556,0.03660680386810477
7490,2.050652668977422e-05,0.0021580666029181643,0.01733649161013181,0.9804849352602603
7491,0.0007784341132248061,0.16404663311968112,0.5060535918467562,0.3291213409203379
7492,0.00035427766007524913,0.0392812571584558,0.16588911527712805,0.794475349904341
7493,0.0002890953346452621,0.04870694491889184,0.2339777509986381,0.7170262087478249
7494,0.0005110964657649122,0.062062006622247826,0.2731138683366754,0.6643130285753119
7495,0.0022216324881715044,0.28704263119237394,0.4974201601745861,0.21331557614486846
7496,0.00043505894671507905,0.09172260404569227,0.4503020418185263,0.45754029518906636
7497,3.3460783791911983e-05,0.003340774350797748,0.020939566513351587,0.9756861983520588
7498,7.957137626790988e-05,0.006561574249836734,0.030083150866723408,0.963275703507172
7499,0.0003318865019371868,0.05707538709753733,0.2739294563613922,0.6686632700391333
7500,0.0003486172993708113,0.1010483250470208,0.5516182406894832,0.3469848169641252
7501,0.0006482887282469391,0.18249238655197925,0.5325119939813999,0.2843473307383739
7502,0.0010843413817904874,0.20059346472200773,0.49533893611947416,0.30298325777672763
7503,0.0008685229717509936,0.126971347551932,0.35276134139993715,0.51939878807638
7504,0.00025095957434794034,0.0447708495199262,0.23305319321429693,0.7219249976914289
7505,3.4208892645067084e-05,0.0031453553383343717,0.018438208782132995,0.9783822269868876
7506,0.0010106287417320366,0.1303194406578823,0.4349870823476016,0.4336828482527841
7507,0.001545578462982359,0.2689460059011133,0.5663768335028803,0.1631315821330241
7508,0.002323033413951519,0.25091143252328885,0.5244175755094064,0.22234795855335338
7509,0.0014596983102840473,0.23971951426655122,0.5468608576744427,0.21195992974872202
7510,0.0001627030251333029,0.01263587037229989,0.0470095601495098,0.940191866453057
7511,0.0002990896264464329,0.029056387236485577,0.120801499379845,0.849843023757223
7512,0.0014713504339187433,0.18040659662388936,0.47207861210832586,0.34604344083386607
7513,5.7477024237499254e-05,0.0048919557672752875,0.023704808875207567,0.9713457583332796
7514,0.0009591297430107028,0.23831267631790234,0.587640030175957,0.1730881637631299
7515,0.001053316677937152,0.06518588075892608,0.22250139773088878,0.711259404832248
7516,0.0007154722399062665,0.11270865999651963,0.43476110975405946,0.45181475800951465
7517,0.00017225723065249769,0.016371754486350625,0.08447797358548438,0.8989780146975125
7518,7.095278213997556e-05,0.005636475659632078,0.029203132896795336,0.9650894386614326
7519,0.0002750081781448139,0.018384172564210596,0.07573181764148998,0.9056090016161547
7520,8.763921155297322e-05,0.00945488329937419,0.048092166299233255,0.9423653111898396
7521,0.0008060972868641234,0.2223940930642467,0.6315994576301477,0.14520035201874154
7522,6.894332813729015e-05,0.00772036112887022,0.049900226240790525,0.942310469302202
7523,4.44042828068061e-05,0.005842798858439951,0.042175028694158775,0.9519377681645945
7524,0.00012640453598487973,0.01930197594880735,0.12354672601509356,0.8570248935001142
7525,0.00032576936469099675,0.027735325408831522,0.11231688609065775,0.8596220191358197
7526,5.1030828970455307e-05,0.004958385274989854,0.023774831945331865,0.9712157519507079
7527,0.00018704585492009885,0.02944668948264732,0.17673563759207395,0.7936306270703587
7528,0.000891339635553154,0.0966075323729885,0.30496122712510443,0.597539900866354
7529,0.00018750247036589628,0.020164434066341518,0.1061632927189744,0.8734847707443183
7530,0.0014798387254523267,0.40937200802885376,0.5423255344758455,0.0468226187698485
7531,0.0009341143367150214,0.4257490916307063,0.5493814471570703,0.023935346875508415
7532,0.0009402305827276245,0.20973022919166198,0.5512529021123841,0.23807663811322638
7533,0.0020741293140954936,0.28458399054448325,0.5364672777624911,0.17687460237893
7534,0.0030751712040145026,0.20365662435433257,0.45280560355946486,0.34046260088218805
7535,0.0010469359616217914,0.09752815135657135,0.3352504921599577,0.5661744205218491
7536,0.00013685726184370567,0.01548540968814063,0.09425669947481544,0.8901210335752003
7537,0.00018243647645276972,0.02937505707897848,0.20290098311474442,0.7675415233298244
7538,0.00012918710288586038,0.02058462909906512,0.11891225429519209,0.860373929502857
7539,8.597509205548626e-05,0.00892511194409359,0.08651135300925065,0.9044775599546003
7540,0.0006222934886943974,0.16715218657127554,0.6250438300986687,0.20718168984136145
7541,0.00035921081373562413,0.04720755794644717,0.18553794053753195,0.7668952907022852
7542,0.0007879293044976766,0.0973800461465589,0.3156827542854048,0.5861492702635387
7543,0.0004347435473316579,0.09105606462513897,0.38730433101403494,0.5212048608134944
7544,0.0022183231511600106,0.31303480091529823,0.5578130830921222,0.12693379284141953
7545,0.0011906325155306946,0.3733195626520992,0.5337073650831591,0.0917824397492111
7546,0.0005447803639058144,0.06203444580394551,0.2728549395841232,0.6645658342480255
7547,0.00020496070074662041,0.030249045123997672,0.16779093702293385,0.8017550571523219
7548,0.000840450577659547,0.08719348562787334,0.343018967601897,0.5689470961925701
7549,0.00046774744876603623,0.05853069503101621,0.2546403313706765,0.6863612261495412
7550,0.0022498388118361618,0.63230010270561,0.3515312797020825,0.013918778780471468
7551,0.0010663031723058538,0.13546237260754518,0.4189282132392762,0.44454311098087274
7552,0.0001992658778339426,0.03658114861808212,0.22619903096099797,0.7370205545430859
7553,4.415114621060077e-05,0.007812041069321142,0.05841991143171721,0.9337238963527511
7554,0.00014130292783235047,0.016481772704484705,0.07058004952179633,0.9127968748458866
7555,0.0009832758413462197,0.12763596209312228,0.41756976406148977,0.4538109980040418
7556,0.001224494429810668,0.26200713991310765,0.6167152970795264,0.12005306857755521
7557,0.0016211694561670262,0.15463773081314683,0.4379882343165973,0.40575286541408884
7558,0.0024320352013692693,0.1265207083064074,0.3160960573496764,0.5549511991425469
7559,0.002254005431653718,0.2847089905013511,0.513402666815201,0.1996343372517941
7560,0.00021881119018033656,0.030319906195021087,0.14667337302426128,0.8227879095905373
7561,0.0007825455252712728,0.06377005686745396,0.2008308455854917,0.7346165520217831
7562,9.536665113241174e-05,0.008669385276307775,0.04230263250962636,0.9489326155629334
7563,0.00025062086340901953,0.051728658400077815,0.3301032330283702,0.6179174877081429
7564,0.00013275785516333598,0.02426659718868243,0.11831554731779588,0.8572850976383584
7565,0.000196149364564559,0.030366302693251558,0.1834486114840403,0.7859889364581436
7566,0.0007625375255002533,0.08384391102637402,0.2832698269221613,0.6321237245259644
7567,0.002676107516952568,0.35118449360304405,0.5026071851065205,0.14353221377348285
7568,0.000495195524447094,0.09139365769388161,0.3796374026649404,0.528473744116731
7569,0.0001457664761222094,0.020059475962152903,0.12109918961612565,0.8586955679455992
7570,0.00037588460535430785,0.050508973923061196,0.2057340557114407,0.7433810857601437
7571,0.0006678700276192232,0.09127908840281695,0.29950552978735745,0.6085475117822063
7572,0.0009646276892426605,0.7803491706306717,0.21447100195485147,0.004215199725234254
7573,0.0006182245940893024,0.12944025450531307,0.5499773223771208,0.31996419852347685
7574,6.66692182208688e-05,0.008872379246630181,0.06022603840003531,0.9308349131351137
7575,0.0007999837345671822,0.09766758785118727,0.3341374025223146,0.5673950258919309
7576,0.0008956757003003243,0.1099522654616681,0.4725316152688861,0.4166204435691455
7577,0.00011346678465912759,0.01286255186691507,0.06797085645374779,0.919053124894678
7578,0.0004953090868779339,0.06649740612966379,0.29264030766700055,0.6403669771164577
7579,0.00010783687779357286,0.011993566111319678,0.06513114764221833,0.9227674493686684
7580,0.0004583684919527615,0.08317597512818035,0.3368382694377352,0.5795273869421317
7581,0.0001852310586694339,0.035865566700799364,0.1916769273317519,0.7722722749087794
7582,0.0014144327411492583,0.22686435647349734,0.575355691801811,0.19636551898354232
7583,0.0008179946311009348,0.2878431184074738,0.6037507264461629,0.1075881605152624
7584,0.0011757969113068895,0.16681608503344852,0.49876371362430916,0.33324440443093545
7585,5.9563854958934593e-05,0.006376319575108412,0.03691480790814546,0.9566493086617872
7586,0.0001691351332328142,0.016333639515996614,0.08485083723385209,0.8986463881169184
7587,3.891284843599118e-05,0.005006010386603958,0.03824211532651794,0.9567129614384422
7588,0.005818941930991845,0.3160390603013672,0.4555906369627075,0.22255136080493332
7589,0.0007086228309020697,0.13015017300936363,0.4487398973958763,0.420401306763858
7590,0.0005349638851265831,0.06472152573641861,0.2425664557673919,0.6921770546110629
7591,0.00032983523482299883,0.03989176709390162,0.16848707985946304,0.7912913178118124
7592,0.0011279710603403225,0.23131336372142267,0.5488699575574578,0.21868870766077922
7593,3.281883264361739e-05,0.002813164042631188,0.015521440803659397,0.9816325763210658
7594,0.00021757381015096035,0.014689070150377972,0.05707415420515956,0.9280192018343115
7595,0.00012367858342382984,0.016297362961716726,0.09722203333377448,0.886356925121085
7596,0.00013485417116761996,0.01811253904239736,0.12413824294694087,0.8576143638394942
7597,9.584844280882541e-05,0.009302076871302844,0.04685395181960547,0.943748122866283
7598,4.908053054205127e-05,0.004399062845503363,0.023207603782758452,0.9723442528411962
7599,0.0007089402234006981,0.12188752680768206,0.4646401773637655,0.41276335560515176
7600,0.0007152650868468592,0.18590651561319713,0.7059766937717279,0.10740152552822813
7601,2.321940680590587e-05,0.0026415862737874216,0.01460279388791796,0.9827324004314888
7602,0.0004505902830153469,0.07308313362162698,0.271188049838763,0.6552782262565948
7603,0.00045835934666201776,0.05171347233233405,0.19621038494857568,0.7516177833724282
7604,4.783878390983561e-05,0.004162318786291201,0.024219823626940463,0.9715700188028585
7605,0.0016306049773501215,0.23195549435281354,0.527087974156186,0.23932592651365026
7606,0.00025528799921491365,0.04582453028821186,0.22639682134532693,0.7275233603672463
7607,0.000248731634060949,0.02466562562109377,0.08610172209374477,0.8889839206511005
7608,0.00028930489752011486,0.029123317540276916,0.13655069262039451,0.8340366849418085
7609,0.00013196428249916895,0.013168039248749996,0.061560006774883685,0.9251399896938672
7610,0.0020449689071200218,0.1144178346376068,0.2906524814539958,0.5928847150012774
7611,0.000597461189861674,0.1110316736164579,0.39777263390850265,0.4905982312851778
7612,0.00038198426917269063,0.09404895374941617,0.4592606276937488,0.44630843428766226
7613,0.0011514605709867644,0.11981961905340818,0.38547309470420915,0.4935558256713959
7614,0.00022614147698503303,0.028187087235115413,0.14428824650343391,0.8272985247844656
7615,6.951908247437277e-05,0.00606964355899297,0.029027179800457742,0.9648336575580749
7616,0.000518309539517723,0.4149152399639984,0.5649616871830383,0.019604763313445663
7617,0.0002717748684306409,0.06042062919686298,0.36854469076128105,0.5707629051734253
7618,0.0011349211607024176,0.16618998273719915,0.4793192178347874,0.353355878267311
7619,4.938142713951769e-05,0.005436892243824769,0.031632304954225504,0.9628814213748103
7620,5.466392371006295e-05,0.005488643991669805,0.03019896969659966,0.9642577223880204
7621,5.2491277988945085e-05,0.006574282380774926,0.06313666944499059,0.9302365568962455
7622,0.0005370129840773123,0.06192198639638362,0.24083700473216085,0.6967039958873783
7623,0.00040160984414322156,0.044542101878893105,0.186383031471528,0.7686732568054357
7624,0.0012381871260832363,0.24074688655760665,0.514612596033224,0.24340233028308608
7625,0.0009705906369970534,0.4100592554534217,0.5133128663910913,0.07565728751849003
7626,7.476218066144829e-05,0.008031064651595714,0.03878075109246447,0.9531134220752784
7627,7.978088302689634e-05,0.00768140152357483,0.04134108167683568,0.9508977359165627
7628,6.450886244844136e-05,0.007850164184592707,0.05180434927142465,0.9402809776815342
7629,0.0002717647002586925,0.07105658291533241,0.5272914579789402,0.40138019440546885
7630,0.00017819580910431225,0.029035906651516806,0.167479154483691,0.8033067430556879
7631,0.00040773455756139076,0.10325686766717715,0.4353451723401985,0.460990225435063
7632,3.956350620716085e-05,0.004609269714338686,0.0343663408678075,0.9609848259116467
7633,6.977622669550009e-05,0.008573431623147441,0.05019221681334385,0.9411645753368132
7634,0.0009886795953802769,0.1109176051674193,0.3850505780352129,0.5030431372019875
7635,5.830583369800499e-05,0.005467596507596926,0.03629885434492083,0.9581752433137842
7636,0.0003808777955098056,0.05182431388207088,0.20709292463255988,0.7407018836898595
7637,4.5638817001828575e-05,0.004023733711639654,0.02550930796448525,0.9704213195068733
7638,0.00026915455403389923,0.03137926510658101,0.13724005817258403,0.8311115221668011
7639,0.00012289463070405617,0.01106733020758165,0.056632114368823275,0.9321776607928911
7640,0.0002126956248592905,0.023891314155357175,0.1244927316348906,0.851403258584893
7641,0.00016725260917664153,0.02906465122567175,0.1908552089613162,0.7799128872038354
7642,0.0008095741208481684,0.16589863655653464,0.5684889490986439,0.2648028402239734
7643,0.00017475316353844658,0.019030666980978266,0.08283757560435623,0.8979570042511271
7644,0.00022527851004744333,0.020776350975435662,0.1023999032095635,0.8765984673049534
7645,0.0014382754878760674,0.31035430686429577,0.5705867881079723,0.1176206295398558
7646,0.0008234150139211307,0.08755546202754143,0.27837790051298966,0.6332432224455479
7647,0.0007761944297382843,0.17906225570610912,0.5544702020833272,0.26569134778082537
7648,0.00032412724489096244,0.05190670021558902,0.27673196438484426,0.6710372081546758
7649,0.0006126719349119302,0.10121806082686924,0.39571881824410426,0.5024504489941146
7650,0.0014555134643066277,0.12639709928115045,0.37083753760565896,0.5013098496488839
7651,0.0011777980587210789,0.1569716005202686,0.43584501441245094,0.4060055870085594
7652,6.201639155778451e-05,0.006324557358067708,0.0380862435895451,0.9555271826608294
7653,0.00022152574062543078,0.031498522477842704,0.18319185718712372,0.7850880945944082
7654,6.669352855652439e-05,0.007775624947455981,0.04774670449396423,0.9444109770300233
7655,0.00013582283187358197,0.020629790588109313,0.10746857970027396,0.8717658068797431
7656,0.0004965273241140589,0.06384279489827503,0.27196334966681524,0.6636973281107956
7657,0.00016261283180901345,0.026718044848345668,0.1433108548247314,0.8298084874951139
7658,0.00038769641751554046,0.05099812639637414,0.23504720178335342,0.7135669754027569
7659,0.00010149886847833642,0.016242152387593887,0.10477471057565751,0.8788816381682703
7660,0.0032091304482201486,0.2949571454402756,0.5295427043394467,0.17229101977205766
7661,0.0017450334393649181,0.37831278080213215,0.5325911277373082,0.08735105802119465
7662,0.0001464213225483056,0.021148815995614106,0.09942238634700191,0.8792823763348356
7663,3.508320312362987e-05,0.0037341151373290866,0.024062892704450712,0.9721679089550965
7664,6.440432136111655e-05,0.007151813112626901,0.038040520722377534,0.9547432618436344
7665,0.000785305294090554,0.11438487810212669,0.41896218398890867,0.46586763261487407
7666,0.0012752132724456135,0.2751862031301711,0.5877160965237412,0.1358224870736421
7667,0.0011085634484288428,0.18077913492764836,0.4844263025321386,0.33368599909178426
7668,0.0004383673535799811,0.07167176315157286,0.3492373760497913,0.5786524934450559
7669,7.318243842889661e-05,0.009423935420846713,0.06146224984097874,0.9290406322997457
7670,0.0001316150224629401,0.020380936399371927,0.12881704201827368,0.8506704065598915
7671,0.00029166245768932805,0.05563855450206287,0.29093485625323123,0.6531349267870166
7672,0.0005592763168518695,0.07797829445066806,0.27920952641804964,0.6422529028144304
7673,0.0005067013713014598,0.07838680368052386,0.38490624826669606,0.5362002466814786
7674,0.00015601570349948834,0.010653808973061448,0.040395852561084786,0.9487943227623543
7675,0.0002602147223671343,0.049355143164661455,0.2704265722546588,0.6799580698583125
7676,0.0007560295516095025,0.08635656065140607,0.2889727124364978,0.6239146973604868
7677,0.0011856122404811744,0.12991709337610508,0.3924108903622763,0.4764864040211375
7678,0.0003773465828904763,0.04998416338131806,0.2699098969843027,0.6797285930514888
7679,0.000526809134358386,0.06275775496395622,0.24565333628061226,0.6910620996210732
7680,0.00043451502575649016,0.10431362501404363,0.4593349639575026,0.43591689600269723
7681,0.0001878794738659942,0.033504205169223235,0.17718259799459474,0.7891253173623161
7682,0.002164184728622522,0.20029511819204693,0.4784394173192065,0.31910127976012403
7683,7.411827887964567e-05,0.011735327065433766,0.08844312681329888,0.8997474278423877
7684,8.297122819940072e-05,0.008722108668416285,0.05225794939128297,0.9389369707121014
7685,3.532685835783386e-05,0.004577057559517753,0.03221741490729528,0.9631702006748292
7686,0.00045095567679330484,0.11767597972100913,0.502924353776359,0.3789487108258384
7687,0.0001814265277742306,0.03002956151857498,0.17846116663201425,0.7913278453216366
7688,0.0004148714140008292,0.038084762232485296,0.1564775798455969,0.805022786507917
7689,0.000794191636672953,0.11079936673233552,0.36289770152011036,0.5255087401108811
7690,4.671730248574312e-05,0.004061600832025124,0.019270465895443487,0.9766212159700457
7691,0.00022471630537045366,0.031049362467775087,0.20971918284175067,0.7590067383851038
7692,0.0013025957433944067,0.2720793887681652,0.5416946715298536,0.1849233439585869
7693,0.0004120641227562501,0.06265477552159732,0.2589786119399294,0.677954548415717
7694,0.0006199754945509584,0.0660420749070915,0.1932445833774222,0.7400933662209355
7695,6.817375939831123e-05,0.009506663903984823,0.04455853436281369,0.9458666279738032
7696,4.415166404856537e-05,0.007592211868199778,0.07592549553752424,0.9164381409302274
7697,3.382413497673947e-05,0.004018668672762597,0.03363958470331603,0.9623079224889446
7698,0.0004530116077968014,0.06521171115506269,0.2937494884433627,0.6405857887937778
7699,0.0001483373922132942,0.018355849012259038,0.08761211787334144,0.8938836957221862
7700,0.00015468206919390387,0.02490117976890695,0.1304862233903588,0.8444579147715403
7701,0.00021578152746154293,0.06544770763240024,0.503057669044927,0.4312788417952112
7702,0.0007529296161733724,0.08190560824909125,0.30837067839270493,0.6089707837420304
7703,0.000410072227286608,0.07502789181659808,0.2790822111176866,0.6454798248384287
7704,0.0007554542312283846,0.17309378628233202,0.572649341182775,0.25350141830366457
7705,0.00022523703970704412,0.028802113979025552,0.12832846158359723,0.8426441873976702
7706,0.00021412767304054955,0.027403810388248344,0.1642493699205847,0.8081326920181264
7707,0.000682488495202309,0.19623751164062264,0.6971566822841234,0.10592331758005166
7708,0.0001468941018898311,0.0184844302827639,0.09318906207528102,0.8881796135400652
7709,4.304955373591435e-05,0.0039775222405903,0.02309344138108993,0.9728859868245838
7710,0.0011823771145922177,0.20436010418502681,0.5419213912923374,0.2525361274080436
7711,0.00018023448269223626,0.030044211793311685,0.16647451599959912,0.803301037724397
7712,0.0004268952782950843,0.09226583400486324,0.45886020033430364,0.44844707038253806
7713,0.00016159451523171394,0.011412300690346355,0.05274579132322579,0.9356803134711962
7714,0.00021753677106859054,0.03127601519388226,0.15986358152819344,0.8086428665068557
7715,0.0005151999232806874,0.07734971712581362,0.29138515793164,0.6307499250192656
7716,0.00041634344742741023,0.05911396649612577,0.32631445026955963,0.6141552397868872
7717,0.00031680980183585366,0.03445183643834525,0.13641956960056323,0.8288117841592557
7718,7.31809679434509e-05,0.0089891972962377,0.04970127675090353,0.9412363449849154
7719,0.0021705378857259324,0.17921423295159244,0.4150563230557111,0.40355890610697054
7720,0.0017207543131328253,0.3063921934972792,0.5039435138436856,0.18794353834590238
7721,0.00014053087607999315,0.017828346537254708,0.10123229596297115,0.8807988266236941
7722,0.000206650853766786,0.024652524041041284,0.12160389846317497,0.853536926642017
7723,8.576684620432461e-05,0.009038771761392976,0.047988140479004224,0.9428873209133986
7724,0.000774920284193267,0.08443975523129943,0.32668135946158633,0.588103965022921
7725,6.264940184247687e-05,0.006212321832435771,0.02805647403921528,0.9656685547265065
7726,5.0077789258603245e-05,0.006782321476533213,0.050008921266526535,0.9431586794676816
7727,0.000790253124703313,0.2562602272147438,0.6165032693957676,0.1264462502647853
7728,0.001278946764989233,0.3328537751442201,0.5540915627607855,0.1117757153300052
7729,4.7855745613849134e-05,0.00642322156482085,0.03519538245212592,0.9583335402374394
7730,0.0002908601488141928,0.02810388153590849,0.15528232659908772,0.8163229317161896
7731,0.00016244584639397606,0.010662325091141105,0.059755792151005384,0.9294194369114596
7732,0.00011495476127627407,0.014223724113550502,0.08261332213878987,0.9030479989863833
7733,0.00013715464992935725,0.019761554437077014,0.13106536021643644,0.8490359306965571
7734,0.002411952846116656,0.19137530714750456,0.41384458975941313,0.39236815024696575
7735,0.00022292354398671703,0.03987064680254647,0.16574020573366866,0.7941662239197982
7736,7.690404774072997e-05,0.00891517223081027,0.05326898437769143,0.9377389393437576
7737,0.0004855161447699833,0.07029876715249336,0.29218615584126917,0.6370295608614674
7738,0.00018435796316150195,0.023654454778142625,0.1048650910231535,0.8712960962355424
7739,0.00026019593442958114,0.0659648844287004,0.3306489414087437,0.6031259782281264
7740,0.0008605570818243607,0.16708392648886083,0.4864662219140482,0.3455892945152666
7741,6.319552347259639e-05,0.00566786320373246,0.028194493507932832,0.9660744477648622
7742,0.000685994253865001,0.12036742476479956,0.5596462214942209,0.31930035948711444
7743,0.00024172814536200943,0.022808215641720475,0.10593880559115428,0.8710112506217633
7744,0.00020670446304647236,0.026480813865546092,0.14548776382415457,0.8278247178472529
7745,7.063896045983476e-05,0.014070664318845415,0.1416886157755864,0.8441700809451084
7746,0.0009176847260583441,0.12276758182574432,0.39405533785285973,0.4822593955953376
7747,0.00027411975864895943,0.03290970828772227,0.15236555565527385,0.8144506162983549
7748,0.00012761029137226465,0.01930216790023937,0.12754774630436455,0.8530224755040239
7749,5.880304098933867e-05,0.007832591363392932,0.044873530364276826,0.947235075231341
7750,0.0017831037595101202,0.7939154581049642,0.20107061354477865,0.003230824590747088
7751,0.00017680808916903382,0.026916246229743635,0.17606653557923024,0.7968404101018571
7752,2.6409909061986278e-05,0.004630345085736247,0.06374987912918029,0.9315933658760215
7753,0.00034861514682484713,0.03826804968456615,0.2162350066913839,0.7451483284772251
7754,0.0002713771746679944,0.050692268365189114,0.2398248602781216,0.7092114941820213
7755,0.00046907216422378676,0.05545752994833248,0.2657142755380867,0.678359122349357
7756,0.0028144172711000387,0.28018024977121825,0.5185350056690242,0.19847032728865743
7757,0.0007655192106354382,0.13796771124958424,0.5394441514893006,0.32182261805047974
7758,0.0006849948714682144,0.039718815464702996,0.12793808481603688,0.8316581048477919
7759,0.000690333015539192,0.19609711179155517,0.6609619892180989,0.14225056597480673
7760,3.29455851474115e-05,0.004486057574289101,0.03360072914892166,0.9618802676916418
7761,7.827224059310518e-05,0.01484554616430163,0.09677717368957392,0.8882990079055313
7762,3.5592976149451134e-05,0.0033351300610256797,0.02371701031666356,0.9729122666461614
7763,0.00024392906304560307,0.0364417615299889,0.1725959983976302,0.7907183110093353
7764,0.00028287909592656637,0.0639724481423824,0.349243496104892,0.586501176656799
7765,0.00038911269958536555,0.0939532548897439,0.4011261074758134,0.5045315249348574
7766,0.0007112431613304985,0.15654936337336878,0.5561677663621282,0.2865716271031725
7767,0.00041195187264417987,0.07993206810809611,0.38177848817962334,0.5378774918396363
7768,0.00011668857768251531,0.01526630049617328,0.11728005000017995,0.8673369609259642
7769,0.0004738340388261192,0.05626079554236893,0.22561413983803846,0.7176512305807665
7770,0.00033803278874166914,0.060949249244312186,0.2995523574172655,0.6391603605496807
7771,0.00567920351541711,0.5491511026436864,0.4040451939370452,0.041124499903851475
7772,0.001360202733811454,0.2050461943389244,0.582049975598671,0.2115436273285932
7773,7.91454128929013e-05,0.014711522122876613,0.1073795523520226,0.8778297801122079
7774,0.0003126448524578793,0.038255660303223464,0.16598914212686472,0.7954425527174539
7775,0.0047170172923998565,0.31280525116789265,0.44623290491625184,0.23624482662345564
7776,0.00027255881479514845,0.03233607415670797,0.17793870258326744,0.7894526644452294
7777,0.00012310934216671607,0.014075539499912852,0.06303572480001549,0.9227656263579049
7778,8.4500215066409e-05,0.010439177641865902,0.10334923806120563,0.886127084081862
7779,6.908431005445519e-05,0.011798979406166622,0.07936062650230066,0.9087713097814782
7780,4.733751019397901e-05,0.004327158875907271,0.023910342382448754,0.9717151612314501
7781,0.0004057631045601456,0.06736265128605282,0.3264147570005158,0.6058168286088712
7782,0.0006074171265461105,0.05550131635928064,0.16989856440863987,0.7739927021055334
7783,0.0018086175744762628,0.2164410459142215,0.5034866400246959,0.2782636964866063
7784,0.0008486038804228979,0.07792412056029678,0.2711162000903091,0.6501110754689712
7785,3.990373161531901e-05,0.005064727989079755,0.038018492870522044,0.9568768754087829
7786,9.307782469003304e-05,0.009687037712296457,0.04645362999052945,0.9437662544724841
7787,0.00018428207903438664,0.029312586453988633,0.14071239935159885,0.8297907321153781
7788,0.00033689067848901503,0.0499932723910269,0.21365688091129756,0.7360129560191866
7789,0.0013983669133169794,0.1931379533819131,0.4761367182322593,0.3293269614725106
7790,0.0005008369912986593,0.13352716300060283,0.5246080371222275,0.341363962885871
7791,0.00011771511662393803,0.01729782082290085,0.10944591799722411,0.873138546063251
7792,0.00011461737133030763,0.012892061478894878,0.07190935926884583,0.915083961880929
7793,0.00020184012370955,0.039204716210138116,0.2370152930606418,0.7235781506055106
7794,3.113086683261195e-05,0.0035783615244546017,0.02506309004119179,0.9713274175675211
7795,0.0002721970981830783,0.05007574405255369,0.2183017500049128,0.7313503088443505
7796,0.0004909334824525083,0.08663976498279097,0.39098337526142907,0.5218859262733274
7797,0.0008757231405410357,0.17984731285507505,0.581484641038842,0.2377923229655419
7798,4.342499260824325e-05,0.004096161963162395,0.024454574358212522,0.9714058386860168
7799,0.0007566315063532409,0.13130656978830016,0.5136847238993316,0.3542520748060151
7800,3.7664284065223096e-05,0.0038445357852512426,0.02371539122247339,0.9724024087082102
7801,7.195908712676772e-05,0.009404264321747687,0.06037796532347911,0.9301458112676464
7802,0.0008429168323726513,0.08664756154869735,0.29935661109791767,0.6131529105210123
7803,0.0005178963453324609,0.09443663165508548,0.47990318335277105,0.42514228864681103
7804,0.0001938301391406533,0.03173940511635488,0.17139212050194055,0.7966746442425638
7805,0.0008449138155549886,0.20270450940125864,0.6522442975107279,0.1442062792724585
7806,5.885479246477626e-05,0.006249475039724702,0.04301963762589703,0.9506720325419136
7807,0.00017572286898301912,0.02005615945214049,0.10525685893509584,0.8745112587437807
7808,6.524567290664259e-05,0.007816846100171217,0.05045112184303872,0.9416667863838835
7809,0.0002759020595075986,0.046549554067666477,0.2198255902610658,0.7333489536117601
7810,9.940991128278936e-05,0.011090375956179125,0.056628558962143444,0.9321816551703946
7811,0.0001338435247166986,0.014752943726530594,0.08257958453196491,0.9025336282167878
7812,0.000141903417162125,0.01406711097974547,0.06700275495854842,0.918788230644544
7813,0.0003415660980868729,0.04284275020182875,0.19858297165675887,0.7582327120433255
7814,0.007463115811373278,0.37479429086781063,0.44952200061154,0.16822059270927608
7815,0.0017042332381525535,0.18795347043601207,0.46200723218537054,0.34833506414046483
7816,8.002501540883157e-05,0.009044436678174218,0.04701400451179732,0.9438615337946197
7817,0.0006467886439211941,0.08887599818780281,0.4001565459789596,0.5103206671893163
7818,0.0018621413168689645,0.2345667414229632,0.5729547337837991,0.19061638347636878
7819,0.0023579991122323852,0.22135376323123387,0.491636541165222,0.28465169649131183
7820,0.00044878586350139576,0.04229711899290806,0.15684644514787513,0.8004076499957155
7821,0.0006600765872659098,0.6086825780857972,0.3826573469902409,0.007999998336696089
7822,6.999915731185422e-05,0.0065948251406912645,0.04161319100065684,0.9517219847013401
7823,0.0001585525361185513,0.026108106935251216,0.16193579464897503,0.8117975458796552
7824,0.0001673126193413114,0.0286871348804683,0.1773848632589058,0.7937606892412846
7825,0.001325375849540041,0.25089304118476136,0.5391001424503012,0.20868144051539733
7826,0.00035378946208508615,0.11102046172926187,0.5677716384411219,0.32085411036753125
7827,0.0001274456270738553,0.013747346527271383,0.06753099219084764,0.9185942156548071
7828,0.00010584553617473071,0.008611676326296712,0.040748170997462856,0.9505343071400656
7829,0.0003520487530096232,0.049997313126484165,0.26982660963414645,0.6798240284863598
7830,0.0002492710062074951,0.07612113683077447,0.5864956083780594,0.3371339837849588
7831,8.284298805711195e-05,0.010326575119874785,0.0606962642693213,0.9288943176227469
7832,0.0007153874346493505,0.0766675177456079,0.28343033633185366,0.6391867584878892
7833,7.484443246109592e-05,0.011323447790568323,0.07799287737383077,0.9106088304031398
7834,0.00014373276876876787,0.030183039752316572,0.22734817692972703,0.7423250505491876
7835,0.00023496282535878567,0.028996147792550574,0.16043395309582195,0.8103349362862686
7836,0.001226583557641315,0.2125129401108252,0.563001457216065,0.22325901911546847
7837,0.0002244819201658445,0.026887670876153985,0.15184162974144616,0.8210462174622339
7838,0.00016686493194356395,0.017436424914562508,0.13629708067891813,0.8460996294745757
7839,0.0002857032909076169,0.03869638746946985,0.20233911958228945,0.758678789657333
7840,0.0009332701998909765,0.09276324384687362,0.2986250097527747,0.6076784762004608
7841,0.0003636383086347746,0.04038235715646999,0.1701870087631096,0.7890669957717856
7842,0.0015946829752311045,0.2189555917047789,0.5338430394544422,0.2456066858655478
7843,0.0011570599709321459,0.13412686106497881,0.4798031903189682,0.3849128886451209
7844,0.00012077019706139877,0.012482737991303729,0.0657419732327149,0.92165451857892
7845,0.0005346063921993159,0.3212393946076199,0.6208683995580492,0.05735759944213172
7846,0.00025685804827573335,0.03395379490868414,0.19276736542253625,0.773021981620504
7847,0.000374253287578632,0.2941598107109724,0.6711515105501009,0.034314425451348156
7848,0.0018425559734088711,0.3993575802206576,0.5217191356315054,0.07708072817442821
7849,0.0008228646631700451,0.272333993605961,0.5697423902137317,0.15710075151713715
7850,0.0012247691236586008,0.23398102911647325,0.5894679015683746,0.17532630019149348
7851,0.000330400474526636,0.04250876936330908,0.2035281067232442,0.7536327234389201
7852,0.0001957599325214944,0.020184289529925084,0.08855244602154332,0.8910675045160101
7853,0.0005138891823171699,0.06499029453970688,0.2852060568234719,0.6492897594545041
7854,0.00038053083065347956,0.05976902462315463,0.31756880937316767,0.6222816351730243
7855,0.0007650850841481838,0.164976795184975,0.6263389794356204,0.20791914029525646
7856,5.2730786743376384e-05,0.005205633700791226,0.035521857276681515,0.9592197782357839
7857,0.0005067504378809694,0.04272390035091086,0.1644597512864394,0.7923095979247688
7858,0.0006751975811814116,0.1400843518990813,0.5916524960124332,0.2675879545073041
7859,0.00010846481785219391,0.014997504959573079,0.09747254752610465,0.8874214826964701
7860,0.0001275731804646105,0.02614300322991273,0.1521054734941531,0.8216239500954695
7861,0.00012047508913619692,0.03449369791214435,0.24138947309461747,0.723996353904102
7862,0.0005173015336175314,0.046493035424462995,0.18642935659955162,0.7665603064423678
7863,6.550428073248427e-05,0.006295371531028384,0.03343201347699573,0.9602071107112434
7864,0.00031615030943694527,0.071429063381554,0.29373866186709807,0.634516124441911
7865,0.0006731363785968011,0.10806479854926546,0.38672633141911955,0.5045357336530183
7866,0.0001284697604219635,0.022804505863184776,0.11023428576732926,0.866832738609064
7867,0.0003916664558889007,0.043314968132258554,0.22120477831210134,0.7350885870997512
7868,0.00021718643980211,0.026787288889258652,0.1125107759827097,0.8604847486882297
7869,0.0002486999911403372,0.03834034870639351,0.25023456536821254,0.7111763859342537
7870,0.0002120786711705274,0.026918000756079807,0.12319690864200297,0.8496730119307467
7871,0.00046931840098843845,0.09657022520778744,0.5093354953150191,0.393624961076205
7872,0.00016892023410339992,0.027724331999714774,0.1506790205199998,0.8214277272461821
7873,8.608546516790464e-05,0.008451478762664957,0.042944774125752774,0.9485176616464144
7874,0.000657291228850947,0.06266022595246573,0.2605333029991482,0.6761491798195352
7875,9.888301337463047e-05,0.007828518198513457,0.034170327681325864,0.9579022711067859
7876,0.00012638222631640943,0.009792870670906352,0.051946537104403015,0.9381342099983743
7877,0.0004224656623005559,0.10079457571951883,0.4853814871275972,0.41340147149058337
7878,0.000123811874068503,0.016241220478598675,0.14567053203300417,0.8379644356143288
7879,0.0017207220099115256,0.2735035752756126,0.5124839996712578,0.21229170304321804
7880,0.00022195242667742902,0.03378661844865165,0.16856090803295068,0.7974305210917203
7881,0.00010131045410546795,0.008675378078764211,0.03523571217417033,0.9559875992929601
7882,0.00070306219998178,0.16363563045617452,0.5863606785311027,0.24930062881274095
7883,0.0014624300371250528,0.14404251534902623,0.38433698828325047,0.4701580663305983
7884,0.0025003896043106107,0.16075380492362332,0.35003153641549384,0.4867142690565723
7885,0.00025704862580150237,0.042069282704111394,0.19904225742949627,0.7586314112405909
7886,7.145525579026249e-05,0.006643611397669221,0.038070675810769616,0.9552142575357709
7887,0.000363197848405728,0.053967400581173317,0.2685498964913835,0.6771195050790375
7888,0.0001545967963846826,0.017245708740750668,0.10701692769189956,0.875582766770965
7889,0.0001494020736832222,0.020846295204373436,0.10715564217748977,0.8718486605444535
7890,0.0005103480041078833,0.04674075397150947,0.23426999314773436,0.7184789048766483
7891,7.999511269961689e-05,0.009847755926566826,0.05293689561532201,0.9371353533454116
7892,0.00023655121809037052,0.014940501638252116,0.06213411231261591,0.9226888348310416
7893,0.0010367754424074754,0.16967432360239793,0.5580839702726007,0.2712049306825939
7894,0.0006960101022734059,0.08311432966576071,0.3913889278572276,0.5248007323747383
7895,0.00013717864067088815,0.014576360945178009,0.07016450474798418,0.9151219556661669
7896,0.00017709985004649314,0.023849326238599595,0.11172333100431323,0.8642502429070407
7897,0.0004240846284218121,0.10765495937092827,0.5454819231001592,0.3464390329004907
7898,0.00018094669775046513,0.018155360892870724,0.10281139950652576,0.878852292902853
7899,9.197462319511721e-05,0.015292415619676024,0.08543964159313698,0.8991759681639919
7900,6.972330762039641e-05,0.008050047079157395,0.04642634439464313,0.9454538852185791
7901,8.710809285975124e-05,0.00776343962123242,0.03789739023283488,0.954252062053073
7902,5.981148458965373e-05,0.007028040232057832,0.06075784012056386,0.9321543081627887
7903,0.00010309142199656113,0.01188863122729462,0.07800564962236181,0.9100026277283471
7904,0.00016118395809637607,0.016056717785901994,0.06718978824343178,0.9165923100125699
7905,0.0008106110331314918,0.07349448065171946,0.27959548850258753,0.6460994198125615
7906,0.00012175702622127948,0.015308984062273042,0.09454524551121099,0.8900240134002947
7907,0.0005945597324754701,0.07642320177403948,0.26486835050388124,0.6581138879896038
7908,0.002942251232331354,0.30600735991969397,0.5645958196867136,0.12645456916126122
7909,0.0001303731503535557,0.02189989869316819,0.13672877880520717,0.8412409493512711
7910,0.0002010641304280915,0.02505681180039277,0.10521114703589426,0.8695309770332849
7911,0.001647232917653458,0.23449439025646243,0.48884397184242717,0.27501440498345703
7912,0.0003385662887299787,0.05642619671335973,0.3536731154108922,0.5895621215870182
7913,0.002302985839530944,0.26460903851877016,0.5018582844760292,0.23122969116566983
7914,0.000590413336943114,0.08949055730558639,0.417522551275866,0.4923964780816045
7915,0.00021957330336505007,0.032729431021630166,0.1592163774569548,0.80783461821805
7916,0.00014241820993053097,0.015493036869027196,0.07790014721139371,0.9064643977096486
7917,0.0009838098845188958,0.10337146924045774,0.3431562909192143,0.5524884299558092
7918,0.0008883516294232218,0.2881173436435203,0.6030991355190725,0.10789516920798402
7919,0.00010123746877603671,0.010467137026068132,0.0696218556961549,0.919809769809001
7920,0.0001022997945630269,0.012498352361712142,0.07723951916392649,0.9101598286797984
7921,0.0005640053241681444,0.1108264051659329,0.4485551855748398,0.4400544039350591
7922,0.0037544837077320183,0.2520717272912867,0.49885256360415775,0.24532122539682355
7923,0.00012134154380315541,0.00853336792080023,0.04113067112790361,0.950214619407493
7924,0.00038334247099159816,0.06367865171129564,0.33066665779678295,0.6052713480209297
7925,0.00010415512224494002,0.024114609142868823,0.17585938466400264,0.7999218510708836
7926,0.001113576457881627,0.1354471149056018,0.515633341790924,0.3478059668455926
7927,0.0001108710976495301,0.018556871326294702,0.11620881078018985,0.865123446795866
7928,0.0002739546399494562,0.04625728221170532,0.30149217276858525,0.6519765903797601
7929,2.376640679166711e-05,0.003139704828531149,0.0280665070882605,0.9687700216764167
7930,0.0009082914592362429,0.12472901524818347,0.3867518811958175,0.4876108120967628
7931,0.000998437071205274,0.26594867231243635,0.6061772372684953,0.1268756533478631
7932,0.00034117214274610063,0.05880974953415872,0.2600386486916749,0.6808104296314204
7933,0.0018658246028529799,0.2575302057331081,0.5689697502826231,0.17163421938141588
7934,7.872572473482241e-05,0.007429978849646391,0.03875913844630231,0.9537321569793165
7935,0.00011248003267242884,0.013031275611363705,0.08745720394426583,0.899399040411698
7936,0.000351272580528952,0.042012027639533774,0.18150171881964483,0.7761349809602924
7937,0.00044538186261865387,0.04515661523462439,0.1929888300174991,0.7614091728852579
7938,0.00012126378691750111,0.013102690789967071,0.06915260326901011,0.9176234421541053
7939,0.003430369976316179,0.2276902814535925,0.47177539635169163,0.29710395221839964
7940,0.0007657363142313119,0.21031920623680495,0.5952868181156625,0.19362823933330114
7941,0.0009371022291837362,0.1579737449417094,0.5063685765369953,0.33472057629211155
7942,0.001099245398974108,0.10156259421331257,0.3110234580803749,0.5863147023073385
7943,3.147632216976496e-05,0.0028924072655702295,0.017978176164818914,0.9790979402474411
7944,0.0010806153061479304,0.2662997182229311,0.616752053013103,0.11586761345781812
7945,0.00031940852590537435,0.03166287824894183,0.13580615212580271,0.8322115610993501
7946,0.0004979242585470345,0.05238786453283993,0.22637972704676615,0.7207344841618469
7947,0.0005331933077432534,0.08306216668326584,0.3471661328243779,0.5692385071846131
7948,0.004454901941190825,0.31469105491191185,0.48169189001690627,0.19916215312999108
7949,0.00034434649772717625,0.05827112363546627,0.2629708972185034,0.6784136326483032
7950,7.741977519706826e-05,0.00966809948319796,0.0572982714654676,0.9329562092761374
7951,0.0005252309290523314,0.0960966778220193,0.3560924060675509,0.5472856851813775
7952,0.000178017753054043,0.029311174844257826,0.15527851015922822,0.81523229724346
7953,0.0005876737243914667,0.21121030928711554,0.6214016454966934,0.1668003714917996
7954,0.0012817773494367384,0.21816845337116153,0.5116017227255039,0.2689480465538979
7955,0.0017062354293733545,0.16088179866722055,0.4051693942651857,0.43224257163822044
7956,0.0010479174855312111,0.18808362314564564,0.5110542546254313,0.29981420474339193
7957,0.0002867918302274842,0.021782253530635974,0.09595521888019605,0.8819757357589405
7958,0.0005842226951569566,0.18404053820901367,0.6586020366499632,0.15677320244586618
7959,4.445055123318529e-05,0.0034357077234592167,0.0180712969990642,0.9784485447262434
7960,6.803215570277011e-05,0.0069434398340260835,0.03778497280480193,0.9552035552054693
7961,0.0011331908663566206,0.14088241354489767,0.5771891348727667,0.280795260715979
7962,0.00016736679880725288,0.021741134664483793,0.12268530469387476,0.8554061938428342
7963,0.00022055799569037837,0.030362672309376733,0.14187702261763135,0.8275397470773015
7964,4.302524243325837e-05,0.0038179373864985766,0.024893520502635352,0.9712455168684329
7965,0.0002600876936019622,0.04927767981883314,0.29106712962071335,0.6593951028668517
7966,0.0010054763936846267,0.11927492483370755,0.37867874940828994,0.5010408493643179
7967,0.0005459200239465469,0.17243715894463324,0.5166448759039539,0.31037204512746625
7968,8.868917135778959e-05,0.013055796761105999,0.08092590643612182,0.9059296076314145
7969,0.0006585290678785883,0.08971638059185741,0.35420816404743005,0.5554169262928339
7970,0.000374670004593777,0.08690985874626411,0.46606556335406146,0.4466499078950806
7971,0.00016055339171839323,0.015059897826804645,0.07094070266141875,0.9138388461200583
7972,0.0003138234269558136,0.042218833179718765,0.1901181601416124,0.767349183251713
7973,0.00011637556459085158,0.010826279379547714,0.04619039487187021,0.9428669501839912
7974,0.001074046747716983,0.13365555388923472,0.39283676675345924,0.47243363260958915
7975,0.00025008411841461196,0.03527571446929366,0.17343203820057385,0.7910421632117179
7976,5.650983611131435e-05,0.006492593956620637,0.03834929025491139,0.9551016059523567
7977,0.00029384904416071035,0.034431831691299354,0.17358758960518172,0.7916867296593583
7978,0.00021610990954362512,0.02710596576573854,0.13176803367632928,0.8409098906483886
7979,0.001223689847990531,0.4404944827293465,0.4984953154354142,0.05978651198724887
7980,0.0012065261398779752,0.15736693744640223,0.3962408342668131,0.44518570214690667
7981,4.6074634832640123e-05,0.006081990224333337,0.04432850880826692,0.949543426332567
7982,0.00108559896860827,0.1890577522082112,0.5143570999508413,0.29549954887233915
7983,9.007393803650113e-05,0.005954654102386,0.030357213637401896,0.9635980583221756
7984,0.00013368377292408297,0.01462486875337336,0.06482381397241456,0.920417633501288
7985,0.0003398013582329819,0.04812531599925746,0.26722495908544797,0.6843099235570617
7986,6.523158881385678e-05,0.008746490163497439,0.0698702895314662,0.9213179887162225
7987,7.931944842088088e-05,0.011722062903276162,0.06052706577112611,0.9276715518771768
7988,0.000603554264856632,0.14519993568896733,0.5654422931218362,0.2887542169243397
7989,0.0006982256372075195,0.17971841845770237,0.6535815141320468,0.16600184177304345
7990,0.00044853796159130543,0.09414134552479156,0.41958006746236376,0.48583004905125343
7991,0.00014820544532782225,0.02231603861810009,0.11345246964835773,0.8640832862882144
7992,0.0009095715696980095,0.1900681533086926,0.5994635390344609,0.20955873608714853
7993,5.267100494274689e-05,0.0072045100094063775,0.05131064351096146,0.9414321754746895
7994,0.00020668161362375013,0.024872947940035358,0.11910211196760152,0.8558182584787395
7995,0.00024485774870632693,0.03876465794240978,0.15157982672848483,0.8094106575803991
7996,0.0022182979082950426,0.6189705567996997,0.36437092837504004,0.014440216916965253
7997,0.00023755999467805675,0.04164123557247478,0.20542830546989638,0.7526928989629508
7998,0.004507734772517097,0.7676361489964063,0.22367102307566583,0.0041850931554108135
7999,0.0009615333322494111,0.16955709530245885,0.48966410504852126,0.3398172663167705
8000,5.8904567303952394e-05,0.003538521285680103,0.023904411183564442,0.9724981629634515
8001,7.808862179293573e-05,0.006009550055294255,0.02946337742461041,0.9644489838983024
8002,0.000649008731894876,0.08548115897973664,0.4641556942096642,0.4497141380787043
8003,0.003962843550610595,0.2330603138663776,0.5020854454529603,0.26089139713005155
8004,0.00013314755325881514,0.008590535530842889,0.054414015363889914,0.9368623015520083
8005,0.003789708703084842,0.165034716832414,0.44120401590527814,0.38997155855922305
8006,0.0005614370757122874,0.03594946465903166,0.14815246976055457,0.8153366285047015
8007,0.004898678199444338,0.167635767967539,0.3860883869261819,0.44137716690683465
8008,0.003146270144218663,0.23859449208428718,0.504644631317883,0.2536146064536112
8009,0.0015887953192221787,0.117111493262794,0.4513627545981004,0.4299369568198834
8010,0.0012011432855476194,0.09158750198371804,0.35036993488666307,0.5568414198440712
8011,0.00019750244382746215,0.023534622217052534,0.21340610101467591,0.7628617743244441
8012,0.02158056155707372,0.7519131590105042,0.21727120255537527,0.009235076877046982
8013,0.004244787520216019,0.31959147408765226,0.5888134790224776,0.08735025936965407
8014,0.00014706192608405168,0.026693717484440084,0.25201431373808875,0.7211449068513871
8015,0.0025778024128621487,0.17666977001745066,0.4084643078654249,0.4122881197042623
8016,0.00011949470692640948,0.006959483252714204,0.04328123595031831,0.9496397860900412
8017,0.00011595872495082428,0.009230643832252547,0.06114940381653241,0.9295039936262642
8018,0.0003216555977839599,0.025411826634556003,0.09994266099954682,0.8743238567681133
8019,0.00024372454894976218,0.02207832491754496,0.1394045277675958,0.8382734227659095
8020,0.0014417284630176786,0.08194721783252963,0.3204336685361572,0.5961773851682955
8021,0.00011521105817079533,0.007997334602035049,0.039449262544146046,0.9524381917956481
8022,4.8231744948495244e-05,0.0038852819053475703,0.023626879866016408,0.9724396064836875
8023,0.0012818647648551568,0.059805637272273164,0.27625097947287386,0.6626615184899979
8024,0.00010054292501841256,0.007856815952799363,0.04459336939886881,0.9474492717233134
8025,0.00013523636160454931,0.011007530995949123,0.09670019754696801,0.8921570350954784
8026,0.0005397835264881897,0.06478970816617165,0.325378578684712,0.6092919296226281
8027,0.00036289954285830494,0.03949944369366472,0.26957542734110623,0.6905622294223708
8028,7.873047440131307e-05,0.006141315334074414,0.04210437186153761,0.9516755823299867
8029,0.00014922323073025413,0.009591456085118829,0.044480782249750675,0.9457785384344002
8030,0.00021022961078376702,0.019049288969646534,0.11128370682335728,0.8694567745962125
8031,6.96931488181551e-05,0.005505545361736266,0.03208938276971715,0.9623353787197284
8032,6.433702379388545e-05,0.004176857226621073,0.024909583723730228,0.9708492220258549
8033,4.132908339644034e-05,0.001812370543437446,0.012278279145834656,0.9858680212273314
8034,5.4311886834253455e-05,0.003549003215112821,0.031541942745943075,0.9648547421521099
8035,3.763340399211465e-05,0.0030686613654825503,0.01646274134751919,0.9804309638830061
8036,0.00017032111146585404,0.017428894943401954,0.12386354539134717,0.858537238553785
8037,0.0003624999426214188,0.03874879618827238,0.20537899322857173,0.7555097106405344
8038,0.00011929406168480374,0.012873678585967274,0.06543706492874343,0.9215699624236044
8039,0.0004959560324649863,0.06268174705818058,0.4202272458513935,0.516595051057961
8040,0.23365753071925782,0.4338161864013311,0.2528627333180411,0.07966354956136995
8041,0.002441707014956525,0.06383421597143282,0.19769035246808875,0.7360337245455219
8042,0.0008666088688587262,0.19793056300931022,0.6939375115247632,0.1072653165970679
8043,0.0012239400771042216,0.17706120194185962,0.5210136458924405,0.3007012120885957
8044,5.0576960715034725e-05,0.0032962902886292528,0.020225066332692096,0.9764280664179636
8045,0.0003359235399263189,0.03148852619125973,0.16748209399752523,0.8006934562712887
8046,0.0006814098021969354,0.09167321180303883,0.44551620828963856,0.46212917010512566
8047,8.855924797048363e-05,0.006302966950168013,0.043561318568471744,0.9500471552333898
8048,0.001203878412056697,0.11152102020086624,0.36048830347353994,0.5267867979135372
8049,0.005439354907278353,0.39268610405910825,0.5209462276692319,0.08092831336438147
8050,9.286784096871896e-05,0.008969570292821668,0.08759613240306593,0.9033414294631437
8051,0.00011984441792528273,0.01946765868463431,0.13068154685044941,0.849730950046991
8052,0.0002974142534268049,0.019340290691586902,0.08569845714804436,0.894663837906942
8053,0.0008684680157014851,0.09554639391633227,0.34569441999547745,0.5578907180724888
8054,0.001449923064518165,0.22639523811588685,0.6229170826353918,0.14923775618420315
8055,0.0047716237937583585,0.3496252633546414,0.49121546377003106,0.1543876490815692
8056,0.0006928197461838629,0.060355107654904136,0.2898209277290348,0.6491311448698773
8057,0.001163453116483746,0.05628836070685285,0.21589168319721758,0.7266565029794458
8058,0.0013361300841984308,0.09836742110033617,0.31379975904190416,0.5864966897735613
8059,0.0001474033272754778,0.015382027554873525,0.08194071373740269,0.9025298553804484
8060,0.00018458396988354673,0.01137349344976724,0.04589967968552895,0.9425422428948202
8061,0.0003760549341512911,0.03394520670874978,0.17237341394475775,0.7933053244123411
8062,0.00035161248394837905,0.033140775750338684,0.18862962379880366,0.7778779879669093
8063,7.435487890887293e-05,0.006048921146469516,0.031731364797588923,0.9621453591770327
8064,0.00010059180762291383,0.010584412570073903,0.06187790886608276,0.9274370867562205
8065,0.001041492134511465,0.20758074144184477,0.6242571781678409,0.16712058825580292
8066,0.014215834354397714,0.3600994344206022,0.4746687074526351,0.15101602377236495
8067,0.022916550662023104,0.5786460238646619,0.3428508038764754,0.055586621596839664
8068,0.002136432793960249,0.20916527775039656,0.5124518466757886,0.2762464427798546
8069,0.00010405438864893206,0.01111564703173816,0.08321925546572051,0.9055610431138924
8070,0.00015832820426687466,0.011335900356379975,0.08908897682965479,0.8994167946096984
8071,0.003785940566361499,0.23758991062880552,0.4808292537676394,0.2777948950371935
8072,0.00012234643549774172,0.0077507747022176835,0.04793289820367827,0.9441939806586063
8073,0.0003856619883005997,0.02585817222848616,0.11165016909832348,0.8621059966848897
8074,0.0007145561919308003,0.11178058095783822,0.5345586680951097,0.35294619475512135
8075,0.0008606440626160179,0.0760815128682986,0.3145415150759195,0.6085163279931659
8076,9.135656779905185e-05,0.00922088019909343,0.05269438129609258,0.937993381937015
8077,0.0004938008110649275,0.04305631316530751,0.23964850737343876,0.7168013786501888
8078,0.00035871287194993805,0.03071466266480848,0.18045374027701522,0.7884728841862264
8079,7.48293608150861e-05,0.003962404164187325,0.020449074226205295,0.9755136922487924
8080,0.0001378567832218565,0.011817773550347094,0.07956648841135947,0.9084778812550716
8081,0.0007727502357120462,0.06337843963287536,0.2592678702378298,0.6765809398935827
8082,0.00037924925162081973,0.04344606869692168,0.23452181983490594,0.7216528622165517
8083,2.7122760980183516e-05,0.0016375402010288236,0.01359474382511939,0.9847405932128717
8084,0.004057049391956273,0.3696605040586586,0.5442864605070753,0.08199598604230982
8085,0.002020118224448316,0.39623397940966215,0.5645801675439218,0.037165734821967715
8086,0.002245129161796325,0.09619253205237416,0.3349966172276375,0.5665657215581921
8087,0.0003972713224699214,0.03934267327735058,0.17066428941482334,0.7895957659853562
8088,0.00024245579902149015,0.0186871380135539,0.07524043220083783,0.9058299739865868
8089,8.837406022800049e-05,0.007437597234369469,0.06598148863184844,0.9264925400735542
8090,0.0017853555812249015,0.2018611183556965,0.6130968079030176,0.1832567181600611
8091,0.0009929458288654527,0.07901647519757421,0.3006117749561605,0.6193788040173999
8092,3.300706335261089e-05,0.002299605090519147,0.016923274686860168,0.9807441131592681
8093,3.289936306016292e-05,0.0023727007986467825,0.013244337332983292,0.9843500625053099
8094,0.00013786913924044683,0.009807829244406116,0.056929891876755484,0.933124409739598
8095,6.80410208577801e-05,0.0038103019333246982,0.022663732947407696,0.9734579240984098
8096,0.000692888399293982,0.04352372595154323,0.16195290578328375,0.7938304798658791
8097,0.06906776883837132,0.5927985564446641,0.29161375544626883,0.04651991927069581
8098,9.786018266011827e-05,0.020132094841160224,0.14359270797293006,0.8361773370032495
8099,0.0006374108396659717,0.04930310122841333,0.19567828075815563,0.754381207173765
8100,8.869232709195042e-05,0.007780887363991247,0.04910115291094447,0.9430292673979723
8101,0.00047363436424055586,0.05650297097678148,0.34490629440499976,0.5981171002539782
8102,0.00015254169227284155,0.011334985560702567,0.05892114124007756,0.9295913315069471
8103,0.00013553831055640073,0.015840334067958487,0.08979467070331293,0.8942294569181721
8104,0.00036706891996797085,0.04415482504696856,0.2780797627023315,0.677398343330732
8105,0.00047768307115394234,0.02617205977951445,0.15339026753329507,0.8199599896160366
8106,4.990078391779188e-05,0.004628847509182,0.0260972724517569,0.9692239792551433
8107,4.23708822085007e-05,0.004136530285186194,0.029696867300394558,0.9661242315322107
8108,2.650933807498685e-05,0.0025882562452168136,0.023728789648249538,0.9736564447684587
8109,5.450370416899008e-05,0.0031273124886801035,0.017983443182248635,0.9788347406249023
8110,0.00037901588389899937,0.032544898143420695,0.15081492108352146,0.8162611648891589
8111,0.00035838627623582976,0.015118207230135312,0.08750919929246262,0.8970142072011663
8112,0.0012815260387359785,0.07146349955758062,0.2808131187971817,0.6464418556065018
8113,0.0008399778281304967,0.09073568163263307,0.3476226181433859,0.5608017223958506
8114,0.00036275048747565387,0.024535548435328625,0.09536627500929698,0.8797354260678988
8115,0.0003388112747364191,0.020249374334643862,0.09985015433273084,0.8795616600578888
8116,2.2397523573521285e-05,0.0020603105025147183,0.013279801873998968,0.9846374900999129
8117,0.00037749213534035177,0.04175861756767718,0.2321926731107894,0.7256712171861931
8118,0.0006657962681748146,0.06646900471401529,0.2690308926951272,0.6638343063226827
8119,5.145552967689543e-05,0.004647799374377726,0.027929594653634145,0.9673711504423113
8120,0.00010090564520462525,0.010090168045708992,0.07978732588564333,0.910021600423443
8121,0.0001872059119909832,0.021202526247643478,0.11305670326370984,0.8655535645766557
8122,8.547403246978233e-05,0.006433855416449115,0.030929567567215148,0.9625511029838659
8123,5.2302508673650695e-05,0.003765659261609991,0.021673002063625768,0.9745090361660906
8124,0.00015246595408293664,0.014732137378840476,0.09043970310023869,0.8946756935668378
8125,0.00021232083963500925,0.010812021226839887,0.03559261467038513,0.95338304326314
8126,0.0013277474890147918,0.08168698032653644,0.2853475131840731,0.6316377590003758
8127,0.001812468706829347,0.14638206497469305,0.5077952888802602,0.34401017743821743
8128,0.003496358343859932,0.19001911457096035,0.4327257661870114,0.37375876089816823
8129,0.00030996042126008266,0.028726700017005828,0.1719147286502341,0.7990486109115
8130,0.0004272013815110878,0.04977713022720677,0.23307138948904255,0.7167242789022397
8131,0.0003901100969594076,0.02827524747216026,0.15614895695527456,0.8151856854756057
8132,0.0005377971430709967,0.16536561890458606,0.6164998784292179,0.21759670552312502
8133,0.0014432951417362493,0.2569344644327781,0.6079689775152712,0.13365326291021443
8134,0.0004622143263344027,0.03732496034738143,0.19715126097242602,0.7650615643538581
8135,0.0001896140857979386,0.017724397860646838,0.08960244703245082,0.8924835410211044
8136,0.0012412533903209942,0.7120652556969457,0.2818280530589082,0.004865437853825223
8137,0.002205040483526664,0.32062383300983205,0.5435893710559991,0.13358175545064227
8138,0.00034613523227688806,0.028014506285103127,0.15201293381394027,0.8196264246686797
8139,8.94583207488794e-05,0.005835264899383432,0.030178639130084856,0.9638966376497828
8140,0.0014591081124016732,0.14802347173576258,0.4758857373574277,0.37463168279440806
8141,0.00035561113005419846,0.07352970745873806,0.413393487706298,0.5127211937049097
8142,2.748731131399072e-05,0.002086151111717516,0.011198387182747727,0.9866879743942207
8143,3.407538275790364e-05,0.0026754017924932464,0.016896169626237054,0.9803943531985118
8144,2.65761234553809e-05,0.001553127788501314,0.011885003596687965,0.9865352924913554
8145,5.728681073121911e-05,0.002943283304248509,0.014431953007832014,0.9825674768771883
8146,0.0010303015464609684,0.12038617209280483,0.5209255308055778,0.3576579955551565
8147,0.00024658838727053086,0.17156261151192434,0.7580349470758959,0.07015585302490925
8148,0.00013507138433726198,0.013783210418346275,0.06764308435048526,0.9184386338468312
8149,7.844134719964884e-05,0.006603647412099253,0.04238380581846482,0.9509341054222363
8150,0.0002720169600189022,0.025086627903534185,0.1562925023640073,0.8183488527724396
8151,0.008286666788766876,0.24272799761651853,0.4597282301866277,0.2892571054080869
8152,0.00016217769103924986,0.015544696978325027,0.11293171681999438,0.8713614085106414
8153,8.985831867221002e-05,0.005659988368246639,0.03393672223257159,0.9603134310805096
8154,0.00011609045075408871,0.006536759714006199,0.033720560234008094,0.9596265896012317
8155,0.000572870574618351,0.036324710152082385,0.19944958920198708,0.7636528300713122
8156,8.342403222240033e-05,0.004256908804743781,0.02165243875359725,0.9740072284094365
8157,3.4089414096166115e-05,0.003349693785841088,0.021548869975878522,0.9750673468241842
8158,7.112970623892187e-05,0.005970887099762651,0.03874403072712187,0.9552139524668766
8159,3.958294876426065e-05,0.0024499038507614234,0.015026987347618488,0.9824835258528558
8160,0.0017398833241638512,0.08381190312509831,0.26411730209485734,0.6503309114558806
8161,0.002339653859987827,0.12776946723051805,0.4071967952362548,0.4626940836732394
8162,2.9791279176972413e-05,0.002326156957594555,0.015457003426541473,0.982187048336687
8163,0.00057219304573429,0.06640679687026102,0.29340546046179083,0.6396155496222138
8164,3.065401397983065e-05,0.0033516915989118927,0.02614990453674234,0.970467749850366
8165,7.082938440299612e-05,0.004467143061934459,0.023797709628705234,0.9716643179249573
8166,0.009645717916753997,0.501876872397956,0.437893057524125,0.05058435216116504
8167,0.0025712864571368387,0.44673012830037134,0.4935828280817741,0.057115757160717776
8168,0.001343578742977299,0.05398389674325982,0.190285559332325,0.7543869651814379
8169,0.00012608405363456057,0.012644457190574046,0.08024477639874031,0.9069846823570511
8170,0.0015279522142977325,0.29253229913707385,0.6169018066373567,0.08903794201127162
8171,4.85924453504255e-05,0.0040284389531534655,0.02047981439790865,0.9754431542035874
8172,0.00010461951647066026,0.01353255571783609,0.08753261645591509,0.8988302083097781
8173,0.00014783489984396085,0.012101911371233036,0.07875600417467382,0.9089942495542491
8174,0.002243584992999279,0.18211713338181226,0.5651788361579951,0.2504604454671934
8175,0.000993307664946109,0.10135722602762001,0.4479485376433371,0.44970092866409683
8176,0.00014835432649755838,0.007586640994370047,0.04259950119962631,0.9496655034795061
8177,8.022180637050673e-05,0.01561240973612647,0.10832381986040883,0.8759835485970943
8178,0.0097663135420249,0.21843721060914925,0.4134443067537321,0.3583521690950937
8179,0.00022358007906655031,0.030332720240164462,0.2314238127708258,0.7380198869099432
8180,0.0006305688900111977,0.10180407922926635,0.39499298432400143,0.5025723675567211
8181,0.0009793018456859925,0.12949212446671068,0.5220325305884781,0.3474960430991252
8182,0.0014080409933390986,0.08878424685018724,0.36747574757227996,0.5423319645841937
8183,0.00019266849658264952,0.012707767733949858,0.05910318192714887,0.9279963818423187
8184,8.518693118324238e-05,0.0063898747022195015,0.03895854903853129,0.9545663893280659
8185,5.0792393929261645e-05,0.004348183742571945,0.029941288487077913,0.9656597353764209
8186,5.787019393114518e-05,0.005184231241407747,0.040222824156801715,0.9545350744078593
8187,0.001147902074120478,0.06779816182605122,0.21141757422644442,0.7196363618733839
8188,0.00022348159017122887,0.029036118904598784,0.16595886262840132,0.8047815368768287
8189,0.002989202600826732,0.4418052184270407,0.5017983721732904,0.053407206798842255
8190,0.0004948113348150295,0.02856724995820129,0.14623981432919117,0.8246981243777926
8191,0.00026526600049959874,0.024563538244254692,0.13176565920828986,0.8434055365469559
8192,0.00025557632187592,0.03675238540553904,0.31227831858599975,0.6507137196865853
8193,0.0007266061048394243,0.07084551504127966,0.342631215418895,0.5857966634349859
8194,0.00027391927775476555,0.020533510931031722,0.09886877006710915,0.8803237997241043
8195,7.287271926226992e-05,0.004898861436707448,0.02311841414747727,0.971909851696553
8196,0.002079083414648453,0.1013992139406143,0.34049168575088273,0.5560300168938546
8197,0.0009533643256541694,0.1502231753584406,0.6015710730526508,0.24725238726325444
8198,0.005593393653474604,0.42818487545468614,0.5196133162581545,0.04660841463368475
8199,0.0047813163232794526,0.2555452501084623,0.5440922562892219,0.1955811772790364
8200,0.0009156401776459313,0.14612061369380042,0.5021376913136357,0.35082605481491796
8201,0.0014824071193725486,0.09635788008703886,0.3908847554050101,0.5112749573885784
8202,5.051745245457853e-05,0.003774342946779672,0.027681835899803074,0.9684933037009626
8203,0.005833050217937278,0.307129856021401,0.52959759025022,0.15743950351044175
8204,0.0015011826464382157,0.1139858109409716,0.3815706885719803,0.5029423178406098
8205,0.0021147820687351312,0.10307200916926129,0.32803105630456075,0.5667821524574428
8206,0.0017074466221067464,0.09679910954323698,0.36756172126286923,0.5339317225717871
8207,0.0005206956652635948,0.1152507018431187,0.5070340085484198,0.3771945939431978
8208,0.0021411028710676947,0.1884907448699384,0.5297305240009447,0.27963762825804933
8209,0.002564766715176791,0.1733918498621224,0.5191447976939043,0.3048985857287966
8210,5.253114388170073e-05,0.00688864610284839,0.045210897121383244,0.9478479256318867
8211,0.00011647304506266473,0.007922883422455193,0.05718570279750349,0.9347749407349787
8212,0.0006001826637763343,0.04324375375067759,0.175940874974356,0.7802151886111901
8213,0.0018778453055183827,0.19621659910443587,0.5054496389551345,0.2964559166349112
8214,0.03907839981739124,0.398884068882019,0.38366983047677794,0.17836770082381187
8215,0.0018374702436805132,0.06871100108535656,0.3096716762691289,0.619779852401834
8216,6.880745094609773e-05,0.004733817489551178,0.026120931659448184,0.9690764434000546
8217,6.907704317603294e-05,0.007697719433271025,0.05900587974307586,0.9332273237804771
8218,0.0005215740212178811,0.030630574763423193,0.12362260456962365,0.8452252466457353
8219,1.684125872280556e-05,0.0010274370560835354,0.0076532967820727394,0.9913024249031209
8220,0.0007466232057063105,0.10623566711704525,0.5282252580154381,0.3647924516618104
8221,0.00123636670309727,0.045789518690382364,0.15502475169246438,0.7979493629140559
8222,0.0004761537173836877,0.05996575027464851,0.32670967014691754,0.6128484258610503
8223,7.38356453515038e-05,0.0059002067192621705,0.04121868469528697,0.9528072729400994
8224,0.014350082750030902,0.3744497414988896,0.47254680673496624,0.1386533690161132
8225,0.0880444280328811,0.5169196992630708,0.32184391741673446,0.07319195528731375
8226,0.0007812748402714524,0.09636279983781892,0.3993772086713492,0.5034787166505605
8227,6.231251114213171e-05,0.002914629965846046,0.01583090859771001,0.9811921489253018
8228,0.00012927425234975554,0.010529029903111334,0.05849954355635778,0.9308421522881811
8229,0.004340664410355029,0.18917014125855725,0.396254638425089,0.4102345559059988
8230,0.0014931823466106512,0.14628654840941346,0.5136203461204942,0.33859992312348164
8231,0.00019154410333957074,0.033251664014256305,0.3129523135116645,0.6536044783707395
8232,3.6909465313016886e-05,0.00245380729088496,0.015490614991968521,0.9820186682518335
8233,0.0001029367081058185,0.015501082502975825,0.12090234282672703,0.8634936379621914
8234,0.0059934886340060195,0.31747140500942067,0.4868839968597121,0.1896511094968613
8235,0.000792096504649695,0.14498615726925984,0.6539975582142253,0.2002241880118652
8236,2.5961727450835478e-05,0.0016009631504904525,0.012384711536610311,0.9859883635854484
8237,6.089846472592433e-05,0.0042471280151275695,0.022210545434478222,0.9734814280856683
8238,0.00022577153130134964,0.02072007922984103,0.11692909559921594,0.8621250536396416
8239,0.013542178444526662,0.31813524000332266,0.43216277930318825,0.23615980224896252
8240,0.030454011968449865,0.2558850430176981,0.3683464919294539,0.3453144530843981
8241,6.293718874877091e-05,0.007530435101178683,0.08986251223553474,0.9025441154745378
8242,0.0007458112659735287,0.08625579875715231,0.35918095153632074,0.5538174384405534
8243,9.61682836466803e-05,0.007016268794601597,0.035303249280886954,0.9575843136408647
8244,0.00024137267776670615,0.03494951067648053,0.306088610259749,0.6587205063860038
8245,0.000942932978567161,0.06485861253957181,0.2833592010628654,0.6508392534189956
8246,0.0005850753026640351,0.0822553599159152,0.41837226227364455,0.49878730250777636
8247,0.0001031022950991774,0.00966759174027804,0.09237621592265505,0.8978530900419678
8248,0.00017788533116011682,0.027409171737836757,0.19624402880970818,0.776168914121295
8249,0.0010544661736894307,0.1475125400145025,0.5723944203361705,0.2790385734756377
8250,0.00032892820504235433,0.030285013559963783,0.14354861846932415,0.8258374397656697
8251,0.0005844045845756279,0.04998661525557264,0.2356281225130964,0.7138008576467554
8252,0.00023432548760654825,0.02159902469581517,0.13857286534707153,0.8395937844695068
8253,0.0004674543415335672,0.04237557212887655,0.19883797117237145,0.7583190023572184
8254,0.0021258700401809065,0.09937192587699806,0.3531244117739284,0.5453777923088927
8255,0.0002527745911471646,0.011858680757080006,0.06908092282660833,0.9188076218251645
8256,0.014396037487001537,0.2872124611627076,0.4703223830287053,0.2280691183215856
8257,0.007363370524416999,0.36837924540667744,0.48720127184909195,0.13705611221981362
8258,0.0015109607568576586,0.261977435271076,0.6178905112972777,0.1186210926747887
8259,0.00043211808514978186,0.1777433987737322,0.703237289319721,0.11858719382139699
8260,8.712980572652814e-05,0.005616196250664384,0.0347057288435154,0.9595909451000937
8261,0.00019655209710350523,0.014006958839351292,0.09991726238584735,0.8858792266776979
8262,0.0002966399000965421,0.030127591433542347,0.1813673290169457,0.7882084396494154
8263,0.03580368156250817,0.3984874335766255,0.4163103474123315,0.1493985374485348
8264,0.0001412746051011129,0.00901022561408939,0.045966276543751586,0.944882223237058
8265,0.0006520894799713227,0.04012302418922169,0.18323108613437372,0.7759938001964333
8266,1.7261003351104743e-05,0.0015552572493950255,0.01150301814058634,0.9869244636066676
8267,3.99042145887641e-05,0.0037858969211682744,0.030107413042495278,0.9660667858217478
8268,0.0001502623090162917,0.01098347610947172,0.06132182447620858,0.9275444371053034
8269,0.00030564573942209506,0.024516781235424293,0.1420479888707162,0.8331295841544374
8270,0.0008601620757914962,0.11667667633079883,0.479981330210056,0.4024818313833537
8271,0.0003636093134584459,0.03573326517558072,0.15816868577893825,0.8057344397320226
8272,0.00017159030856740291,0.028796206821330137,0.1695469713339214,0.8014852315361811
8273,0.0014205518981784855,0.2427040731935546,0.6248720773328806,0.1310032975753863
8274,0.00014134606798118469,0.0192361636980674,0.1230766299020162,0.8575458603319353
8275,0.00030682942976939986,0.01775963999397209,0.0818936796756867,0.9000398509005718
8276,0.0006776009370592006,0.05992170117116079,0.23316269639390458,0.7062380014978754
8277,0.00013886828440842178,0.01476116256570937,0.11319961632103868,0.8719003528288436
8278,0.0001894388028958312,0.01568451758785197,0.07547661848679696,0.9086494251224553
8279,0.00019749787878436774,0.017866001879381643,0.12205958219951096,0.859876918042323
8280,0.0001538326805588545,0.009893753221205212,0.05140089096822046,0.9385515231300156
8281,0.0005267389732522955,0.02481074670859717,0.09106270025434265,0.8835998140638079
8282,0.0002925221209728165,0.022630789099188375,0.15234081850018036,0.8247358702796583
8283,5.670167086451178e-05,0.0041818583312612555,0.02590054265620147,0.9698608973416728
8284,0.00013596896034828205,0.0068837258422654235,0.029725820532748505,0.9632544846646378
8285,2.7830642669438625e-05,0.0023993721880726823,0.021464710700528626,0.9761080864687293
8286,0.0003159452457379206,0.02250019183232323,0.16289566836881395,0.814288194553125
8287,0.0013479352759484104,0.1728710726414104,0.49482201518737884,0.3309589768952624
8288,0.0012294846533343943,0.1152677591376844,0.33950896496714306,0.5439937912418381
8289,0.02135287961028108,0.2600394798358533,0.3885522863231031,0.3300553542307625
8290,0.00016506171956786258,0.010392459237335075,0.06455259526926865,0.9248898837738284
8291,6.90814615982074e-05,0.004079756556194937,0.021660558357269204,0.9741906036249377
8292,4.345768812852909e-05,0.004063494722064439,0.03644466230336002,0.959448385286447
8293,0.002965966264276657,0.15267266758879797,0.43514134369443325,0.40922002245249206
8294,0.000942279506797833,0.06835421901650016,0.27411410140229897,0.656589400074403
8295,0.00046741369007311905,0.028116747048546383,0.146698025925857,0.8247178133355235
8296,0.0004513417599415104,0.03765403692001569,0.1715016030934874,0.7903930182265555
8297,0.0021393554478768366,0.2972176574015263,0.5648245668636975,0.13581842028689944
8298,0.00012424804455859738,0.014112711106675353,0.08562299302663662,0.9001400478221295
8299,7.116982526606975e-05,0.0061995060094833885,0.03620247877067524,0.9575268453945753
8300,0.0001831606318483213,0.041564956220818884,0.3787846104279158,0.579467272719417
8301,0.0003823465603619234,0.056769641760765405,0.31018477820383117,0.6326632334750415
8302,4.663358304547445e-05,0.004423494236230574,0.026860144361179065,0.9686697278195449
8303,0.00011281783685965324,0.019509634768278435,0.12528028373925945,0.8550972636556025
8304,0.00021133724097878472,0.030133597132267705,0.26120031290832046,0.7084547527184331
8305,0.00012754309650331143,0.007261584310443607,0.035706646976173304,0.9569042256168798
8306,1.7832601291617766e-05,0.001670207157280652,0.01773848355567604,0.9805734766857517
8307,5.389781179290907e-05,0.004167686717190707,0.020746062627781135,0.9750323528432353
8308,0.0015610972714591397,0.2563490554755088,0.5964153911790764,0.14567445607395568
8309,0.0021181048967643334,0.098750827343666,0.34857853311101206,0.5505525346485576
8310,0.007017055389740738,0.2531154667607246,0.4935524943357861,0.24631498351374861
8311,0.0014902365534070088,0.08484391303383898,0.2731536962968294,0.6405121541159247
8312,0.00016176893304275982,0.015489512321728207,0.107726767101017,0.876621951644212
8313,6.278957558159588e-05,0.00674772565947951,0.04375627939671153,0.9494332053682274
8314,0.001673048267904327,0.15320951866824387,0.5073482120731461,0.3377692209907059
8315,0.12152981303168081,0.46386049780194993,0.3185812211495489,0.09602846801682044
8316,0.0003582661927704987,0.027514427790954997,0.13653464704312293,0.8355926589731516
8317,0.002201812967737178,0.07887916550631868,0.26694618544000887,0.6519728360859353
8318,0.002669424817811633,0.2701165993376125,0.5700391127555091,0.15717486308906686
8319,0.00037978846545236913,0.028065907128186855,0.12799925210537216,0.8435550523009886
8320,0.002519675506296966,0.22197251087570674,0.4792699484108673,0.29623786520712914
8321,6.995489636021679e-05,0.006312503309454708,0.03762369179732836,0.9559938499968568
8322,0.00017890046765705472,0.01116892492044553,0.05813079024255182,0.9305213843693456
8323,6.272710309860668e-05,0.0068030511797334695,0.04428992423992433,0.9488442974772436
8324,0.0004282563000711935,0.05296698314163637,0.21679015557282205,0.7298146049854703
8325,0.0010247517000247363,0.12243331794200119,0.4095944178404179,0.46694751251755623
8326,5.221130877572535e-05,0.004189672389493122,0.02525143463596013,0.970506681665771
8327,0.0001106928554520106,0.007350889224488816,0.0377173156387024,0.9548211022813569
8328,0.0006185682744324554,0.13208729167235322,0.6375792949958894,0.22971484505732506
8329,0.011484358734077216,0.30806693817959135,0.5155745560564443,0.16487414702988706
8330,0.0005737609018521062,0.03530469837806044,0.1884307616726873,0.7756907790474001
8331,0.00025210497493824755,0.014757787577134772,0.06579367668497005,0.919196430762957
8332,9.436969775858254e-05,0.007605401468669767,0.04256712823173095,0.9497331006018407
8333,0.007936472244095848,0.1483017180801994,0.39515514568373394,0.44860666399197086
8334,0.00024019808902871214,0.016986513788358915,0.11097004164184647,0.8718032464807659
8335,0.0004029302662975834,0.022035867054854944,0.09427046707197242,0.8832907356068751
8336,0.0004792265587112116,0.2494285679399672,0.6923070485993603,0.057785156901961274
8337,0.0004256774769559465,0.09347759977663993,0.5885895307345551,0.31750719201184907
8338,0.0008674953274337444,0.05681367995008406,0.19958975076217267,0.7427290739603095
8339,0.003280610236066486,0.18269116044469624,0.5247953417441169,0.2892328875751204
8340,0.0005061227418470213,0.033400261419109976,0.157560149185324,0.8085334666537191
8341,0.0009874740507395553,0.2271633949711802,0.6454335361809413,0.12641559479713893
8342,0.00076551554953319,0.12787892499260445,0.5769692606883997,0.29438629876946265
8343,0.0001743182350957208,0.01941082434342938,0.13331240398960653,0.8471024534318684
8344,5.5591347745209625e-05,0.0064746129952816655,0.041639144753597146,0.951830650903376
8345,0.00017167865061892796,0.010967281826714324,0.06651064923827535,0.9223503902843915
8346,3.8110566594853e-05,0.002816509407400621,0.017936237969969286,0.9792091420560353
8347,2.4969469643295147e-05,0.0022264036940533387,0.014147871101435242,0.9836007557348682
8348,0.000768179773771534,0.17202954016975652,0.6654216446501395,0.16178063540633247
8349,0.00028334950473514454,0.1332639328505838,0.7820160525394576,0.08443666510522349
8350,5.900033949890337e-05,0.005364522212601817,0.0392907351116632,0.9552857423362361
8351,0.0004070135970509316,0.027581911095963998,0.10556679250704633,0.8664442827999388
8352,0.002381459078719606,0.23490638097671773,0.5725891932648745,0.1901229666796883
8353,0.00022120546199467305,0.0246111090423545,0.1545157093219197,0.8206519761737312
8354,0.00431484163041136,0.20954653065026307,0.4318640772359562,0.3542745504833693
8355,5.444935016591843e-05,0.0036594054359012536,0.018076473778748294,0.9782096714351846
8356,0.00020954937255764197,0.02651102139859826,0.19693155398979223,0.7763478752390518
8357,0.00014622993067358925,0.02625255974235577,0.23989901314207956,0.733702197184891
8358,2.188162880969079e-05,0.0016945475501392647,0.013293233196229331,0.9849903376248217
8359,3.591555047663871e-05,0.0026982160250793525,0.016805131893151838,0.9804607365312922
8360,7.846764362192146e-05,0.007837557048736789,0.04803841640742325,0.9440455589002181
8361,5.343155686136698e-05,0.003429331002692179,0.025241157568297975,0.9712760798721485
8362,3.94830641834563e-05,0.002846190021279614,0.01742940831608011,0.9796849185984569
8363,0.00013047658576450047,0.012937676137796412,0.059009566131491116,0.927922281144948
8364,0.001037458198054357,0.11288337505087542,0.37523052388545575,0.5108486428656145
8365,0.0008226339291269179,0.2446501856279521,0.6849858342601339,0.06954134618278696
8366,5.7198837058479094e-05,0.005285250628221663,0.03593432299045084,0.958723227544269
8367,0.0018100086079801488,0.1193914584880924,0.37325680920520765,0.5055417236987197
8368,0.0013152204448641086,0.1003851717016015,0.3858743111120826,0.5124252967414518
8369,0.007729678503651315,0.2314722619063199,0.4578727631546603,0.3029252964353685
8370,0.00016270775496749547,0.008718953832976715,0.0401529650397371,0.9509653733723187
8371,8.694007317640269e-05,0.008955771561194186,0.04932261750728888,0.9416346708583406
8372,0.000223208868160056,0.020615514799412524,0.09996756901721354,0.8791937073152138
8373,0.008633555051126732,0.24905801169225078,0.48748203782851474,0.25482639542810775
8374,4.021101165798768e-05,0.002883800310885403,0.02468997234336643,0.9723860163340902
8375,0.00016871991422187394,0.009131830134252537,0.04341894426078978,0.9472805056907359
8376,0.0022888733837711415,0.08016767551055103,0.2652284628866468,0.6523149882190311
8377,5.235119577831839e-05,0.003752294097670288,0.024646956401010604,0.9715483983055409
8378,0.050136891201381706,0.35767399696681046,0.3844955443099478,0.20769356752186005
8379,0.0003718138951730144,0.07343546535357211,0.4687887673974287,0.4574039533538263
8380,0.0001938911009751972,0.013460164694812645,0.06985770500328246,0.9164882392009297
8381,3.970602257360499e-05,0.0023644087754968006,0.018108105156551996,0.9794877800453776
8382,0.00041476567944057974,0.09935687692658998,0.44819261062916765,0.4520357467648018
8383,0.000296746007710193,0.02354869506329923,0.12396670210332754,0.8521878568256631
8384,0.003718754712832898,0.2442063766419833,0.4889052763186149,0.2631695923265689
8385,5.048836365816128e-05,0.0030789864513190357,0.020104012227115116,0.9767665129579077
8386,0.00018986277306003225,0.043990324595151335,0.32901725937646653,0.6268025532553222
8387,8.963611440169685e-05,0.006807966514770624,0.0416483817816968,0.9514540155891309
8388,5.885733301975587e-05,0.0035454624966088965,0.017930738166872125,0.9784649420034992
8389,0.00046910649821267766,0.04693866035523274,0.2557779551892149,0.6968142779573396
8390,0.0026115618927774033,0.2652193294002732,0.562447013222113,0.16972209548483655
8391,0.005799340742230813,0.38221841387522315,0.5034898321298613,0.10849241325268477
8392,0.00021629909725959484,0.018377664895201894,0.13250148867015427,0.8489045473373843
8393,0.007892661008352468,0.21999687600272447,0.4240880829908358,0.34802237999808733
8394,0.0009537427034386392,0.07822748124548742,0.3124550660600678,0.6083637099910062
8395,0.0015777934200427446,0.0857456720345545,0.28337930029668995,0.6292972342487129
8396,0.0023359248485613974,0.21642639753278053,0.5717782351072174,0.20945944251144066
8397,0.004090128676604814,0.2750016993336255,0.5348282579205796,0.18607991406919017
8398,2.5381572508603912e-05,0.002255566850315899,0.014757369750301313,0.9829616818268743
8399,0.00024411352003660879,0.01591131009237847,0.07635481468702063,0.9074897617005643
8400,0.003401155374005666,0.18433716512691029,0.45584267371680554,0.3564190057822785
8401,0.004613093369468516,0.13879243616236733,0.3333239506456154,0.5232705198225489
8402,0.0002441834342501827,0.027831123147692538,0.15760029701990116,0.8143243963981561
8403,0.00020105843861044584,0.0235959923248709,0.10934939579601836,0.8668535534405003
8404,0.0004730756495425905,0.028694837138590036,0.13669838727157685,0.8341336999402906
8405,0.00027805660706210284,0.027803255089696895,0.14115836127398945,0.8307603270292516
8406,0.0001600986477515764,0.013151794105554887,0.06389957939878271,0.9227885278479109
8407,0.00040982437532747465,0.11184056673487976,0.6113517941188747,0.2763978147709181
8408,0.0014682701891654648,0.1351537206922407,0.4190475072134838,0.44433050190511
8409,0.0005440919504206986,0.04712596045415521,0.2623698497638064,0.6899600978316177
8410,4.274457749497209e-05,0.004403654701955366,0.03398606576497979,0.9615675349555699
8411,0.00013565186371999988,0.016504412391341892,0.10477296550177892,0.8785869702431592
8412,0.004276603187323353,0.08035632890691372,0.20918056167433044,0.7061865062314325
8413,7.356029247152475e-05,0.0041451150872399666,0.02487976818580108,0.9709015564344874
8414,0.00025590388893872106,0.022157949402590367,0.11737859088415212,0.8602075558243188
8415,0.0034099396260816777,0.15629438059895012,0.38607345695488526,0.4542222228200829
8416,0.000908716573374779,0.19371840028604892,0.6352727128877937,0.17010017025278268
8417,0.007674695206646767,0.3912352417965178,0.48850349455210273,0.11258656844473265
8418,0.00016993051657134445,0.01628347412581644,0.10343105789945112,0.8801155374581612
8419,0.0016884979253897377,0.16854272535282233,0.5983296252958803,0.2314391514259076
8420,9.853892566121569e-05,0.0077461496226272795,0.041121734034035864,0.9510335774176757
8421,0.0001718404535968511,0.01644387410197165,0.10887120337819887,0.8745130820662326
8422,4.860091850067682e-05,0.0030321300355286465,0.014523186819000071,0.9823960822269706
8423,0.05132256176002674,0.36870879100625537,0.4062089188793501,0.17375972835436784
8424,0.0004863049911974041,0.06359574619077339,0.2874075414824766,0.6485104073355525
8425,9.098058161239967e-05,0.00653768114222837,0.03342668058395787,0.9599446576922014
8426,8.408265983633245e-05,0.006196145524296121,0.04061901936098656,0.953100752454881
8427,0.00012067039286907424,0.012361372006573449,0.09824761095772871,0.8892703466428288
8428,0.0013102104927484855,0.10841230712531888,0.29010373793780303,0.6001737444441296
8429,3.99828902231644e-05,0.003692174328216298,0.026152693952389894,0.9701151488291706
8430,0.0005008275640050048,0.025683516860890446,0.1116402243629123,0.8621754312121923
8431,0.00017649943564828683,0.022546609033855924,0.11958931592380555,0.8576875756066903
8432,8.192572700543093e-05,0.00681331231715921,0.033343377728992894,0.9597613842268424
8433,4.7257169156664274e-05,0.004520806765407187,0.030045209015904194,0.965386727049532
8434,0.0001032677091710539,0.007631653137964076,0.04036925056508432,0.9518958285877805
8435,0.0002151619675242793,0.01894312887804871,0.08394488093948113,0.8968968282149459
8436,4.4661537083938316e-05,0.002537221549727022,0.01416604381500263,0.9832520730981864
8437,4.455793128466846e-05,0.004264857421635902,0.03245570441731796,0.9632348802297614
8438,1.2457114764469933e-05,0.001485790960608021,0.01396193708770208,0.9845398148369253
8439,0.003479451466465286,0.21646857608557446,0.5048306889641916,0.2752212834837686
8440,0.0017678317144889657,0.09416789318239813,0.2997411483138012,0.6043231267893118
8441,0.000770496113317163,0.060319066841340446,0.22459132063824355,0.7143191164070988
8442,3.263009674053885e-05,0.0026315829602954247,0.017190656812395486,0.9801451301305686
8443,0.0007731668756344049,0.03878083830423345,0.21686561114641306,0.7435803836737191
8444,0.0002624442184344865,0.05939628628986439,0.4504995003423698,0.4898417691493313
8445,0.0003181156464904951,0.09208625311227102,0.6003349604082987,0.3072606708329399
8446,0.004539213172741844,0.29685297534300387,0.49274909282786106,0.20585871865639327
8447,0.000852508409961235,0.1549161057160452,0.6992170299003346,0.145014355973659
8448,0.0013519967472922665,0.11278281944447588,0.4771336097487453,0.4087315740594865
8449,7.048322373520382e-05,0.007183579815412637,0.04886039030052792,0.9438855466603242
8450,5.1602938470109836e-05,0.004634502869047321,0.027654574959870955,0.9676593192326116
8451,6.648134137912778e-05,0.006841329335763294,0.04891155067706343,0.9441806386457942
8452,0.0004320049372097867,0.045363358882235416,0.21055802360046744,0.7436466125800874
8453,4.517117615116964e-05,0.005817974154824208,0.05650749427579943,0.9376293603932252
8454,0.00030299737953478153,0.03343329333460478,0.207375646444801,0.7588880628410595
8455,0.00029132194091604715,0.02628924340099227,0.16273338782516356,0.8106860468329282
8456,6.306274504785768e-05,0.007305862827650512,0.08397040727716093,0.9086606671501407
8457,0.0002718316730159167,0.022954538109840442,0.14970842077591434,0.8270652094412292
8458,4.379867864184769e-05,0.0029601630070073643,0.01768208029479222,0.9793139580195586
8459,5.068789082696381e-05,0.004741252352510765,0.034083750065720925,0.9611243096909414
8460,0.0001444365736658871,0.011797232636542403,0.06356245198235314,0.9244958788074386
8461,0.00035882206411134835,0.020887238698892335,0.11715035285593864,0.8616035863810577
8462,0.0002408264147172256,0.010843209617821543,0.04294627970696109,0.9459696842605002
8463,0.00018961933029819006,0.01139858914017931,0.05151554703862458,0.9368962444908979
8464,0.001122617152443827,0.1310140280717133,0.49756251413351915,0.3703008406423237
8465,0.002355388322467019,0.1684978637837628,0.4955132844904099,0.3336334634033603
8466,0.0022531276789822595,0.1450855988942419,0.5241037397868882,0.3285575336398876
8467,0.0015179476130201914,0.18571097706982032,0.5569090314839346,0.255862043833225
8468,0.0025802785461646717,0.26756655329779006,0.5210073162105376,0.20884585194550778
8469,0.0014161284386138935,0.09796376558620831,0.3222640889490911,0.5783560170260866
8470,0.0002285178227900558,0.025653627168097853,0.1351908918543896,0.8389269631547225
8471,2.3878390667448973e-05,0.002481207634010255,0.0157298353472857,0.9817650786280366
8472,2.974870074567395e-05,0.0033871358982726875,0.026300677402009174,0.9702824379989725
8473,0.00013429693903164476,0.00955558932924835,0.0486884317742273,0.9416216819574927
8474,0.0009136283454295938,0.06289131663998894,0.2608512281512913,0.6753438268632902
8475,0.00017811764914358658,0.012684942567113552,0.07054919866592724,0.9165877411178156
8476,4.814351981695782e-05,0.0029520312806885175,0.01468896981716797,0.9823108553823265
8477,2.6033909672592532e-05,0.001972127676986786,0.014027402384452076,0.9839744360288886
8478,0.0039054360919714972,0.30001378843966153,0.5183692103454406,0.1777115651229264
8479,0.00031156225064994116,0.035313388583045044,0.2972481745180924,0.6671268746482126
8480,8.760638812909211e-05,0.01686639418273677,0.21647799361743805,0.7665680058116962
8481,0.0009420014369527328,0.095020376742626,0.3564951092186465,0.5475425126017748
8482,0.00037463957971983866,0.02459093482827521,0.09148675915195677,0.8835476664400482
8483,8.975850758131433e-05,0.006128644918426464,0.03568624382783808,0.9580953527461542
8484,0.0011429319901554158,0.12441049205950727,0.4514174533411568,0.42302912260918046
8485,0.002066903170404048,0.13771292899377702,0.42755786327033496,0.43266230456548394
8486,0.00016307068843787986,0.014032253622330215,0.09842721770935545,0.8873774579798765
8487,3.539586563651642e-05,0.002503855077162141,0.01568122163743212,0.9817795274197693
8488,0.0008378264738554344,0.08507806826022067,0.3880326845280525,0.5260514207378714
8489,0.0001757150518255309,0.014341745090400614,0.09172762258030306,0.8937549172774708
8490,0.0003793126259171988,0.04324425911542574,0.25130660811794775,0.7050698201407094
8491,3.0006165743206073e-05,0.0031195032036799857,0.022817255925512994,0.9740332347050639
8492,0.00015851561344136893,0.020798723242890792,0.1518984452036988,0.8271443159399691
8493,0.00010889367087901257,0.010630175502418623,0.07686445261127456,0.9123964782154278
8494,0.00018040502722933735,0.012421728263596808,0.06308740767234818,0.9243104590368257
8495,0.00360912434242367,0.22465469464054855,0.48489160705344725,0.28684457396358054
8496,0.00019496784998179387,0.014589433097442945,0.07648284268898214,0.9087327563635932
8497,6.542917053599596e-05,0.006029038196138547,0.03765485004914855,0.956250682584177
8498,4.7140107839567347e-05,0.004374711145670106,0.031045067532949333,0.9645330812135411
8499,7.131498071662728e-05,0.006439459244046573,0.04171546763128929,0.9517737581439475
8500,4.3375575532529374e-05,0.0035179989880831757,0.028387684246159624,0.9680509411902247
8501,2.663945444992195e-05,0.0021797265949671115,0.01182977733183271,0.9859638566187503
8502,0.003103884071092102,0.13636269278684143,0.49271733508604554,0.36781608805602095
8503,0.00010217049544809223,0.006770954281775977,0.04690677734387226,0.9462200978789037
8504,0.00024105910730523638,0.021035214215763577,0.13012476210001808,0.8485989645769132
8505,0.0001824251506885161,0.010036854609194195,0.04921438531788414,0.9405663349222332
8506,0.0012124730470787692,0.09229750479603366,0.30345776993208673,0.6030322522248008
8507,5.337205043989231e-05,0.003790177772828605,0.020134289026355605,0.9760221611503759
8508,0.0005322822893828274,0.08701811729801251,0.43308753314837634,0.47936206726422836
8509,0.0001092946407316832,0.01714517373900503,0.16193505080427495,0.8208104808159884
8510,0.0007328323778740596,0.08392458867091489,0.2932440173905282,0.6220985615606829
8511,3.2570934437560907e-05,0.0027549084694022947,0.019810694742931675,0.9774018258532284
8512,0.0022177853523884187,0.24916784990637877,0.5076175042223958,0.240996860518837
8513,0.00019527210181140642,0.02751454175803664,0.3409100727691488,0.6313801133710032
8514,8.23194114892412e-05,0.005863804873669501,0.04606893396272681,0.9479849417521145
8515,4.9633907649402175e-05,0.002305280329830879,0.01270985717346031,0.9849352285890595
8516,0.0001306965387666107,0.008778351747509862,0.050617986842823405,0.9404729648709002
8517,0.0006579124064353218,0.038793905396771106,0.15316239269480425,0.8073857895019894
8518,2.746968704079657e-05,0.0026088070817531913,0.02127922330457472,0.9760844999266314
8519,0.00021142554596558026,0.014877134371436786,0.07238343553567766,0.91252800454692
8520,0.0004815957758841752,0.024043382738525958,0.1292978551474191,0.8461771663381707
8521,0.0003720342021540067,0.023614531285007626,0.11018313014666183,0.8658303043661766
8522,0.0011744634904304655,0.060393953853578417,0.19218005996775603,0.7462515226882351
8523,0.00010594353318741173,0.007224650680444164,0.0433278429563119,0.9493415628300566
8524,0.0001728966689254006,0.015031385923641576,0.06203040574710693,0.922765311660326
8525,8.507201702839314e-05,0.006350046408652915,0.054230300692389106,0.9393345808819296
8526,0.0012205954983437344,0.049172364972470614,0.1621808611714459,0.7874261783577396
8527,0.00046991941529516323,0.03833338637175299,0.22104545354631938,0.7401512406666324
8528,2.4860672146656142e-05,0.002141658952184451,0.01543668529776163,0.9823967950779072
8529,0.0013151245032213608,0.11656083939485692,0.4264261352550407,0.45569790084688105
8530,0.018135502935700463,0.34883154024780416,0.4500491406768906,0.18298381613960474
8531,6.602132652740509e-05,0.004557268613490569,0.025953937800168192,0.9694227722598139
8532,0.0017117527320349663,0.17672355580702073,0.4871308810764187,0.33443381038452563
8533,0.0001427075300498835,0.01218745254132373,0.12097306034163793,0.8666967795869884
8534,9.861784737146947e-05,0.010983458972269025,0.1373670865385785,0.851550836641781
8535,0.0013698857325455728,0.15059455619993417,0.448572126785356,0.3994634312821642
8536,0.0012771620400319973,0.1359581756069016,0.4447687391875538,0.4179959231655126
8537,0.00044173719908571844,0.03865175895405991,0.18273452814443653,0.7781719757024179
8538,3.633724184148845e-05,0.002461378684183034,0.019431072539250527,0.978071211534725
8539,0.00014377351548155998,0.010325993307321906,0.06264551119870021,0.9268847219784964
8540,0.0014623542423810357,0.06207700505039712,0.17453966216551586,0.761920978541706
8541,8.18838297789279e-05,0.006442575115775112,0.060666469751279546,0.9328090713031665
8542,2.463753321784784e-05,0.002412656674009523,0.015456046494398818,0.9821066592983738
8543,3.225915500205754e-05,0.0019672547109947846,0.014006347636409542,0.9839941384975937
8544,0.0032624415263879246,0.3697697369647274,0.57070487351128,0.05626294799760478
8545,0.001865003209995349,0.2191361883716229,0.6244613300710935,0.15453747834728826
8546,0.0002121782775766507,0.01862273249224495,0.08003798368881254,0.9011271055413659
8547,0.0020676059644551513,0.1598764280444673,0.5171967918647203,0.3208591741263573
8548,0.002001521018140539,0.22503885603917584,0.5444988245945934,0.2284607983480902
8549,0.0011306891786544283,0.12610688188463848,0.4123265405592449,0.46043588837746213
8550,6.372954662949563e-05,0.007216794725239718,0.05513651038123031,0.9375829653469006
8551,0.000202230766761322,0.02079746049376025,0.11587994950613,0.8631203592333484
8552,0.00016689916881915012,0.011377018325869619,0.08088119567595135,0.9075748868293599
8553,7.177447506289696e-05,0.00885520649429321,0.06961484249149621,0.9214581765391476
8554,0.0009232920444011829,0.0647702191505745,0.22725326754275088,0.7070532212622734
8555,0.0004083253629082078,0.04771637181847545,0.35209217377187263,0.5997831290467437
8556,0.0006148707170331479,0.048236767011606466,0.23250550813942847,0.7186428541319319
8557,0.0017893473596768176,0.17814256792782424,0.5261198732808061,0.2939482114316928
8558,0.0010129884307056895,0.03889550517895206,0.14848252903874426,0.811608977351598
8559,0.0002721185639306783,0.02262291956529623,0.1171057477500613,0.8599992141207118
8560,0.00018950295159326746,0.019943099981941995,0.09104217569095827,0.8888252213755065
8561,0.0002615550387427686,0.02567603721877045,0.17956707896513366,0.7944953287773532
8562,0.00040415917390878295,0.034540883648955495,0.13239042120859415,0.8326645359685416
8563,0.000107410996079332,0.008844754176716554,0.046911586267172824,0.9441362485600313
8564,0.0014870628141460738,0.11735785139912869,0.4095617300811646,0.4715933557055607
8565,0.00010077650569253284,0.007201539669498351,0.05188211518942535,0.9408155686353837
8566,3.9929572197434254e-05,0.0024141010895486707,0.011587771295482122,0.9859581980427717
8567,6.42239708889252e-05,0.0054702658981191695,0.0383320377717508,0.9561334723592412
8568,6.139020150229386e-05,0.0046088565050613865,0.02943817419073762,0.9658915791026987
8569,5.382597430280943e-05,0.003111367000249269,0.017326829641494998,0.9795079773839529
8570,0.0023990011433638304,0.3656908303160542,0.5753162914450621,0.05659387709551987
8571,0.0012401586104812115,0.14305098907836195,0.45883504951562093,0.39687380279553597
8572,0.00012085856682115815,0.007070670380876366,0.033850927613707824,0.9589575434385946
8573,0.0006735196943575259,0.029591391235578024,0.10975113976213635,0.8599839493079281
8574,8.218122582993782e-05,0.009092476158197745,0.0907443182760689,0.9000810243399034
8575,0.000245003282402198,0.02248792199469473,0.11103247251846793,0.8662346022044352
8576,0.0013479877272822354,0.34506671790974486,0.6073320674873084,0.04625322687566458
8577,0.00019031862202606155,0.02732422187977765,0.13622658561381024,0.8362588738843861
8578,0.00010083960283951348,0.010393100443144744,0.059874031752683236,0.9296320282013325
8579,0.011387922926767574,0.22724632361923552,0.3855558189002821,0.3758099345537148
8580,0.00010804151045981246,0.008310244416592939,0.05068521418443061,0.9408964998885166
8581,4.7224209242785554e-05,0.0022793835447117183,0.012629623751764848,0.9850437684942805
8582,0.0004609193016698826,0.03884589152787185,0.1525843569844435,0.8081088321860148
8583,0.0015725216852445255,0.08016784695924253,0.3555933409767835,0.5626662903787294
8584,0.0002686251777818217,0.036236572105271675,0.2697875321575779,0.6937072705593685
8585,0.005910067547279959,0.3966414281444153,0.48082633316875,0.11662217113955473
8586,2.8953947114705587e-05,0.003031363267761541,0.024209288429058617,0.9727303943560652
8587,2.5459650600664215e-05,0.002357447998249518,0.020934852994239007,0.9766822393569108
8588,2.0139797595881785e-05,0.00163008581670483,0.015591685214157977,0.9827580891715413
8589,0.0021317546494530252,0.14444566586837693,0.4326423021360102,0.42078027734615986
8590,0.0007595853075228322,0.07486107929521052,0.3202947854537431,0.6040845499435235
8591,0.0005341445155525326,0.06328599655327224,0.4309794477278732,0.505200411203302
8592,4.451523889216477e-05,0.0034069970016804563,0.025443769032343678,0.9711047187270836
8593,0.0003131666064729206,0.02647933853124617,0.13760227491217317,0.8356052199501076
8594,0.0008894576606705753,0.03516617683787823,0.15270442005481172,0.8112399454466395
8595,8.561130261831667e-05,0.007590351980018997,0.05200266350648833,0.9403213732108744
8596,0.0002806984061750458,0.029180041582098044,0.2042014053670541,0.7663378546446727
8597,0.0034319945893712795,0.16663300828480768,0.40363928115870895,0.42629571596711213
8598,0.0016940652033514418,0.06914304347852551,0.25889786898614336,0.6702650223319797
8599,0.0072064768886793956,0.37987498501288275,0.47866666931492674,0.13425186878351114
8600,0.00030339247168267413,0.02485376873102612,0.11646831157093243,0.8583745272263588
8601,0.0008940527322868977,0.10057844931764201,0.4975437481458832,0.40098374980418794
8602,0.003414629217920989,0.21865260408880002,0.4561222153463586,0.32181055134692044
8603,5.307725017445544e-05,0.005385325682630127,0.039173856806996435,0.955387740260199
8604,0.001210018091436596,0.08125775635330781,0.3497643381860195,0.5677678873692362
8605,0.004137490283782061,0.5491926905849578,0.39964571734898435,0.047024101782275785
8606,5.0546924860177416e-05,0.0070316150641335905,0.06491176315325749,0.9280060748577488
8607,0.0006973760461334971,0.09515211690509692,0.3371510091274328,0.5669994979213367
8608,0.0002471378302881986,0.022171720945208556,0.10413012257936888,0.8734510186451343
8609,0.002270208761249928,0.24080880571211863,0.5423041500461365,0.21461683548049498
8610,0.00020533245613147533,0.013524115799305698,0.09493916051609692,0.8913313912284659
8611,0.00017303305018175806,0.011596346409672111,0.04731743962289113,0.9409131809172551
8612,3.310348436203728e-05,0.004762281121830756,0.03550118925967522,0.959703426134132
8613,4.064026677689713e-05,0.0043960216938393245,0.031781713478329456,0.9637816245610543
8614,0.0019524030749401653,0.10522545241764929,0.3112000578438453,0.5816220866635653
8615,0.00022626963956910322,0.026357990828325885,0.17340566859850154,0.8000100709336035
8616,0.00031743493346351613,0.0197282541636795,0.11387970876457867,0.8660746021382784
8617,5.859700305032729e-05,0.0025263323507397524,0.012747822585738026,0.9846672480604719
8618,0.0004140607369937896,0.013157855351236985,0.054755212961610344,0.9316728709501589
8619,0.003971944849474008,0.12386063002975436,0.31857807220930034,0.5535893529114713
8620,9.516378703031358e-05,0.007395994935611923,0.02998561726532461,0.9625232240120332
8621,0.00023148215970643566,0.03007833563487758,0.23271010845846143,0.7369800737469545
8622,0.0007504857103142494,0.07061929290295027,0.3303077726159184,0.5983224487708171
8623,0.01919100120427016,0.6075873443273317,0.3458893524321157,0.0273323020362824
8624,9.119988776260647e-05,0.005584095148812428,0.02947548109611295,0.9648492238673121
8625,2.7718208162153016e-05,0.002563538749000129,0.015994274071095358,0.9814144689717423
8626,0.0004990815837878425,0.029129924534613223,0.1359551893726862,0.8344158045089127
8627,9.703151526553496e-05,0.005227885948213648,0.028156140618986747,0.9665189419175342
8628,0.0038410332645632435,0.2939441176709004,0.5525276879633381,0.14968716110119823
8629,0.012599832633512397,0.45229488878595686,0.47037183700011587,0.06473344158041475
8630,9.165442304594009e-05,0.00814076812677979,0.06083989966466932,0.9309276777855049
8631,0.0005769599846702591,0.04933912343678398,0.25141639502243956,0.6986675215561062
8632,0.0002996209207801111,0.030559379943862305,0.1711841355077296,0.797956863627628
8633,0.000671431474389851,0.17095330547201054,0.6445168991299668,0.1838583639236328
8634,0.0012343860872775169,0.15090569343337956,0.5205880144553533,0.3272719060239896
8635,7.429140280344385e-05,0.004252361372890644,0.022277812886569978,0.973395534337736
8636,7.992872588108552e-05,0.006760625173716525,0.03752617172931803,0.9556332743710844
8637,2.745049914746999e-05,0.0021700188653523576,0.018420940076585006,0.9793815905589152
8638,0.000373626767498631,0.03418094380298384,0.18277107658359246,0.782674352845925
8639,0.00032723838483424383,0.07082196118366628,0.4007526152495617,0.5280981851819379
8640,5.4934570402627895e-05,0.006546521493197605,0.04485481068616079,0.948543733250239
8641,8.698636566974231e-05,0.00812650686109937,0.07903343196584553,0.9127530748073854
8642,0.00011052022167549089,0.006817879554260877,0.040241703515931745,0.9528298967081319
8643,0.00020765691421884214,0.011929179105018069,0.046898523737053346,0.9409646402437097
8644,0.0007154241317071458,0.23640012562665397,0.6583618255621687,0.10452262467947027
8645,0.009187154211063635,0.18437626838038995,0.39138351009957517,0.4150530673089712
8646,0.0006589403254371421,0.05647011482770622,0.23963582652086302,0.7032351183259936
8647,8.581826887883041e-05,0.010254785080592719,0.06772968545093092,0.9219297111995975
8648,0.0032501828824859267,0.11948621181632234,0.35196155205567486,0.5253020532455169
8649,0.000535791853471771,0.023968936970934333,0.10599785784873246,0.8694974133268615
8650,0.003253144123959533,0.22092946985488654,0.5329151926546359,0.24290219336651808
8651,0.00037694276458836724,0.016889647312406664,0.07905164963824708,0.9036817602847579
8652,6.131303637831937e-05,0.0046463834143687,0.02549840044831817,0.9697939031009348
8653,0.0003646569009639187,0.03669615005245043,0.20547665926357817,0.7574625337830074
8654,0.0001375350522631166,0.02259369703985838,0.161582505759228,0.8156862621486505
8655,0.00016106007658732202,0.016376193410133515,0.15591246397155722,0.8275502825417219
8656,0.00010789450926842847,0.011998787628657328,0.10294327967208905,0.8849500381899853
8657,0.00011047851481960773,0.008351543782675833,0.05467952823679334,0.9368584494657113
8658,0.0006216250948760395,0.06544506277725283,0.28741683614184277,0.6465164759860285
8659,0.00014578264592127928,0.014928707511941754,0.11867997910601415,0.8662455307361228
8660,0.000368379988021525,0.03764421151059098,0.1608236646820563,0.8011637438193311
8661,0.0002273654037354177,0.03017228451109179,0.2302972512608564,0.7393030988243163
8662,0.0003232722725752325,0.0241675024147577,0.15552023417929067,0.8199889911333764
8663,0.0031305515463284825,0.16811627222370418,0.45657433245755236,0.3721788437724149
8664,0.00044754386491708414,0.05151036648653149,0.1969737115530198,0.7510683780955316
8665,0.00014070435645400793,0.011893542947792756,0.0911154058023278,0.8968503468934255
8666,0.0009197726880648224,0.13195553232780538,0.4727856943030008,0.394339000681129
8667,0.000409706580747134,0.036744123375128473,0.24866592004124616,0.7141802500028782
8668,0.0017561112894666903,0.11815078453499736,0.37185790401959373,0.5082352001559423
8669,0.009663887021802691,0.242445711157992,0.41227626956472085,0.33561413225548453
8670,0.002601022891963384,0.15202958582982468,0.4958412060951153,0.3495281851830967
8671,0.0006363740247579403,0.05663783407369965,0.22086137589723054,0.7218644160043118
8672,0.00021923398674928137,0.013788437133552364,0.07029531711082922,0.9156970117688692
8673,0.00011479589600301168,0.00441961637521773,0.020699455138716235,0.9747661325900631
8674,8.47701896143481e-05,0.0053733484485861205,0.03080263888644678,0.9637392424753528
8675,4.6053326373794514e-05,0.0030418389052858093,0.017417122234141734,0.9794949855341987
8676,6.254046771238342e-05,0.004767154517548321,0.030021188293649678,0.9651491167210896
8677,9.346590303685985e-05,0.006917807698334494,0.044326708757374406,0.9486620176412541
8678,0.00026876680345856073,0.02739415253169178,0.16153113590493273,0.810805944759917
8679,0.0005104057833265733,0.034785544162182276,0.1424542749173567,0.8222497751371344
8680,0.11564137621075096,0.44398005992614864,0.3391523805716449,0.10122618329145554
8681,0.11692539059185808,0.6366661565682815,0.23012694595416522,0.016281506885695168
8682,7.590451645268545e-05,0.0043092410371059296,0.020791904306409374,0.9748229501400321
8683,0.00015203391965826015,0.0068682416101726665,0.033041699656780193,0.9599380248133889
8684,8.565828148840855e-05,0.009447033168368547,0.06780241601320003,0.9226648925369431
8685,0.00048721879076431073,0.05989291458421518,0.2486200930287889,0.6909997735962317
8686,4.6820905619715763e-05,0.004180844153583537,0.031541561235315985,0.9642307737054807
8687,0.01757793397369458,0.2612069494016305,0.4363754940014059,0.2848396226232692
8688,0.00026710155890538866,0.023528573457141353,0.10533759299153149,0.8708667319924218
8689,5.3015412895940244e-05,0.005814469743333425,0.05049453913471698,0.9436379757090536
8690,0.00033985628781300415,0.017516643265876597,0.06692786882952241,0.9152156316167881
8691,3.350638077654303e-05,0.003373772533236175,0.025414002157632988,0.9711787189283543
8692,0.0005965201723994159,0.04857661254525415,0.17620717875067293,0.7746196885316735
8693,0.00017020040610119154,0.021519226195152362,0.11900101797353613,0.8593095554252104
8694,0.0003408616530540304,0.031135461254940815,0.16531621501202431,0.8032074620799808
8695,0.00027701140604127365,0.043305511486036355,0.23452754479438293,0.7218899323135394
8696,0.0005217290326886375,0.07346900996143815,0.47461232530908454,0.4513969356967887
8697,0.0014775054755478672,0.09565088672791217,0.33219404156291493,0.5706775662336251
8698,0.0007617429195029186,0.05348790808637058,0.2475920201621494,0.698158328831977
8699,7.984791084545778e-05,0.003843866729281659,0.022593407975565128,0.9734828773843077
8700,4.95795922404979e-05,0.004187060158940558,0.03013691189121899,0.9656264483575999
8701,7.960352246284992e-05,0.008009428426554135,0.061690311537476145,0.9302206565135069
8702,0.0002569057534265268,0.02562195031320043,0.18748549401008102,0.786635649923292
8703,0.00047232746385009953,0.05222874250278271,0.23839537652674186,0.7089035535066253
8704,0.0009892829416035173,0.050973504602308956,0.2504346027284609,0.6976026097276267
8705,0.0012901296456472753,0.07046518433048113,0.2902893328374483,0.6379553531864233
8706,0.00019242023652467504,0.023113372537355945,0.18517282520358908,0.7915213820225304
8707,0.0002261897949031927,0.015967335639188722,0.07561440121243686,0.9081920733534713
8708,4.430522799022022e-05,0.0036211731581217146,0.02292986915177113,0.9734046524621169
8709,1.8479986421044948e-05,0.0013205272881233758,0.010016893935656489,0.9886440987897991
8710,0.001998724936815211,0.19593106858430548,0.505649406552594,0.2964207999262852
8711,0.0011813813850038014,0.08005526548157625,0.325660251902412,0.593103101231008
8712,0.00027139504296454285,0.027035293638946835,0.16026018096818886,0.8124331303498997
8713,0.010558329715358118,0.35506663564861096,0.46898316693646747,0.16539186769956343
8714,0.00010889382920947478,0.005415037021066747,0.022505196469765648,0.9719708726799581
8715,6.364156698695804e-05,0.005468988098795138,0.037837548060235225,0.9566298222739826
8716,0.00014582203910973687,0.011795575687294599,0.07093271243024579,0.9171258898433499
8717,0.004460550700955762,0.2915356598445309,0.4960338060528213,0.20796998340169204
8718,0.00019503986025741217,0.029285115421822563,0.15805929560850457,0.8124605491094155
8719,0.000501665164938916,0.1008555586100035,0.6394361983655008,0.2592065778595568
8720,0.0015286843688554746,0.2634363320308206,0.6216758478130605,0.1133591357872634
8721,0.0017069564467387614,0.11770785863937348,0.3434194927932553,0.5371656921206325
8722,3.735349297154777e-05,0.0024158767761671726,0.018919159313760824,0.9786276104171004
8723,5.7120955635878626e-05,0.0025574517790884514,0.013888944965640845,0.9834964822996348
8724,2.4984961198317388e-05,0.0019283132883280642,0.015330385284227678,0.9827163164662459
8725,0.00019331455961478706,0.021747723936003185,0.14964673225267716,0.8284122292517049
8726,0.004632176344881527,0.13895336986674164,0.33766727917885614,0.5187471746095208
8727,0.002053742972679512,0.1507910939291394,0.43446370327997025,0.4126914598182109
8728,6.159403503706012e-05,0.006110486786994174,0.04809986345890364,0.9457280557190652
8729,0.000634260375402283,0.07353229117070395,0.43458289227617547,0.4912505561777183
8730,0.0008778896677102499,0.21479804272301362,0.7147357875300255,0.0695882800792507
8731,0.0009271621279144857,0.20668465290986598,0.6790332527232986,0.11335493223892097
8732,4.3063543382990815e-05,0.004648988809137828,0.031661976896989304,0.96364597075049
8733,7.586532039014826e-05,0.005337174177455698,0.034948774932209145,0.959638185569945
8734,0.0015865052065181942,0.27360356559227633,0.5987534967187337,0.12605643248247184
8735,0.0009126900059795513,0.174214773757013,0.6245135156923426,0.2003590205446648
8736,0.0002136043106384446,0.008211801323338697,0.03143852274421387,0.960136071621809
8737,2.6968627729363467e-05,0.002171552953054919,0.01736784420440541,0.9804336342148103
8738,0.04437845437012335,0.38016253896301366,0.3966493936945721,0.1788096129722909
8739,0.00014111228273948565,0.012201028841019576,0.08761841324934279,0.9000394456268982
8740,2.1791410486077263e-05,0.0031717762122723857,0.023066339242129724,0.9737400931351118
8741,0.0011120556950708425,0.04182713850640281,0.18535490250776626,0.77170590329076
8742,0.001587565052213339,0.12620103813454625,0.45334403145649266,0.41886736535674784
8743,7.181751333393709e-05,0.005477489850807196,0.03397945652513744,0.9604712361107215
8744,0.008897876683326634,0.3688240151553376,0.48832281252023135,0.1339552956411045
8745,0.004446487023530786,0.22380063553276214,0.4875799234578352,0.28417295398587195
8746,0.0004291135939325046,0.09149844968625484,0.560081833585625,0.3479906031341876
8747,4.271984397414579e-05,0.004490241164098073,0.03356305105931902,0.9619039879326088
8748,0.0004796905986211315,0.03854642878998381,0.18209386147827672,0.7788800191331184
8749,4.3700247688481574e-05,0.003178168475955235,0.017499664696978518,0.9792784665793778
8750,7.723856055673328e-05,0.005518599500698454,0.030403161373015745,0.9640010005657291
8751,0.00020128756283167328,0.01190454572905527,0.055934419760501994,0.9319597469476111
8752,0.00013218260520519442,0.00963610841528735,0.055828682970387455,0.93440302600912
8753,5.11218281934736e-05,0.004584563424850733,0.029714114257175,0.9656502004897809
8754,0.0001467080269383166,0.013263168973031689,0.05740425898431081,0.9291858640157191
8755,0.00014511409442837588,0.012157245347590086,0.07629781884717735,0.9113998217108041
8756,0.00011464093575773549,0.011200753001003278,0.06472544520151446,0.9239591608617246
8757,0.0006753063151164295,0.08887545632570745,0.33253323814887603,0.5779159992103
8758,0.0001803666951538236,0.012180329775018449,0.06299848560982897,0.9246408179199987
8759,0.00024469097841905014,0.01578068563154803,0.06794269038194474,0.9160319330080882
8760,0.0004505325590577545,0.024680293842033234,0.12269291570955881,0.8521762578893501
8761,0.0005886535511792181,0.13594187506215236,0.5961078196470496,0.26736165173961884
8762,0.0003306080881527858,0.02442565775751665,0.15458353369173355,0.820660200462597
8763,0.0002587457850946168,0.019864083832492663,0.10324557689442836,0.8766315934879844
8764,0.020273324543993988,0.2735842476597632,0.4801239734077519,0.22601845438849089
8765,0.0004933708466147864,0.03780209837516667,0.16492567893884846,0.7967788518393701
8766,0.00024412977262742771,0.01022870871442611,0.037075473700913776,0.9524516878120327
8767,0.002660529452934875,0.10743106017045735,0.3265389893889743,0.5633694209876335
8768,0.00021281172125566596,0.021553876757005184,0.1319457657416488,0.8462875457800905
8769,7.665867131801575e-05,0.005707613758776825,0.04084955158437493,0.9533661759855303
8770,0.0001606079975304927,0.014095578029473855,0.11020624651842569,0.87553756745457
8771,0.0005583006877649826,0.07461725208192095,0.34761439335121747,0.5772100538790966
8772,4.314852627555316e-05,0.00511900902364979,0.030297861925027515,0.9645399805250472
8773,0.00016916392305879534,0.0073412479073592055,0.03634464574092016,0.9561449424286619
8774,0.07008868545095773,0.407149471232843,0.3946190991680335,0.12814274414816576
8775,3.0511298927178905e-05,0.003672535626828115,0.030223489321078614,0.966073463753166
8776,0.0018368023594282769,0.2050438324664049,0.49597984545705365,0.2971395197171131
8777,0.0016555502606043044,0.10281484579152991,0.38026461978551174,0.5152649841623541
8778,0.00048419853830341007,0.033393337204804203,0.11721694452873342,0.848905519728159
8779,0.004309002203450768,0.3293755217320087,0.5601402493773274,0.10617522668721312
8780,0.0004423483606411149,0.08742064555264284,0.4233986392280389,0.4887383668586771
8781,0.00032060301235756954,0.06830223058761486,0.49194361385995744,0.4394335525400701
8782,0.0017716793508232324,0.17282306308795387,0.5295169916756317,0.29588826588559136
8783,0.005755153822966311,0.2962394241589982,0.5264586927874534,0.17154672923058212
8784,0.0006651698063221636,0.049957767859155115,0.15817865872603804,0.7911984036084847
8785,0.002624316052898533,0.1025823799907297,0.33351364572301456,0.5612796582333572
8786,0.0019015032149306975,0.24139467609744814,0.5437700297547157,0.21293379093290538
8787,0.002201735010700448,0.2103406080815519,0.5926402311205603,0.1948174257871874
8788,0.00012879526110043892,0.010564013649003718,0.0655669548481376,0.9237402362417583
8789,0.0001705192853889714,0.009794603098672992,0.07274291188337596,0.9172919657325621
8790,0.00013478852866689785,0.011611454714876056,0.07697010462140673,0.9112836521350504
8791,5.7589811486829285e-05,0.0037718104095723925,0.020611423716812096,0.9755591760621287
8792,0.0012147709888712577,0.08356089533182785,0.3666917370931869,0.548532596586114
8793,2.9748681196130276e-05,0.002907913107169698,0.022093258195125833,0.9749690800165084
8794,0.00020530927866974568,0.018759916558738092,0.11677927965506538,0.8642554945075268
8795,5.380132084986168e-05,0.0033462807861487295,0.01706325189754608,0.9795366659954553
8796,0.00010346931620642581,0.010928871153923126,0.0615363735619949,0.9274312859678756
8797,0.0001809743059209798,0.030787223841841904,0.2703135505341458,0.6987182513180914
8798,0.0001174379290587392,0.007559321694937003,0.037328538083138366,0.9549947022928659
8799,8.519838340109025e-05,0.00796120221948128,0.05598277315165242,0.9359708262454652
8800,0.0010023650749782839,0.043876173468054086,0.145512216194027,0.8096092452629406
8801,0.0006516793815484475,0.0534047167383527,0.2692321962455182,0.6767114076345806
8802,0.0001850323608183316,0.028099645757714793,0.20130873004217317,0.7704065918392937
8803,0.00032058329830309863,0.06937847953181184,0.5394544587065724,0.39084647846331266
8804,0.07481761004032564,0.547035029890727,0.32613982807465947,0.05200753199428783
8805,0.005410889871539085,0.14844587092827372,0.3618160619278774,0.4843271772723098
8806,0.008974823583643531,0.21452638162580395,0.4020874699238197,0.37441132486673284
8807,0.0001480440230954682,0.012478919758533682,0.05230406876805034,0.9350689674503205
8808,0.0004750030714668528,0.05327029010204849,0.2023648038886554,0.7438899029378292
8809,0.00014028235223654598,0.010064403668481782,0.06518386009113382,0.9246114538881479
8810,5.371694012431844e-05,0.004060507480591014,0.024956249069822474,0.9709295265094622
8811,4.224379949606939e-05,0.001946967452677021,0.011412239300469485,0.9865985494473575
8812,5.4840887926880226e-05,0.0032689322452878725,0.015330601851114617,0.9813456250156707
8813,1.5042730950369789e-05,0.0015812282254891992,0.020716883672629225,0.9776868453709312
8814,0.001137360295876193,0.09637674000123189,0.3499881475927743,0.5524977521101176
8815,3.1843881958355164e-05,0.0025348664240224124,0.02074536275947574,0.9766879269345435
8816,0.0002838953489695484,0.021931971215056016,0.12542926895185103,0.8523548644841235
8817,0.0003097059124104332,0.022849980048152342,0.10637643800689395,0.8704638760325434
8818,0.0003049821963152674,0.024821201036936143,0.09619844400996819,0.8786753727567804
8819,3.3945348409752005e-05,0.0032156193631593033,0.02467337069792809,0.9720770645905028
8820,0.00013142946097346601,0.01620481137729644,0.15191126380567216,0.8317524953560579
8821,3.7261204379663687e-05,0.0022287237428396164,0.013456450441563055,0.9842775646112176
8822,7.168610552251464e-05,0.007311618529129792,0.062186708222077516,0.9304299871432702
8823,0.0004473961503580938,0.07670079797318019,0.3052188805073537,0.617632925369108
8824,9.007776110821761e-05,0.011347155887066432,0.08909664261319973,0.8994661237386257
8825,0.00025734997080193643,0.014763784217947603,0.05976429305847157,0.9252145727527789
8826,0.0024515977511400033,0.18265478978519098,0.478472118404647,0.33642149405902205
8827,0.0006718245043562635,0.1652657013594477,0.564383603278976,0.2696788708572201
8828,0.00156701227383474,0.2908336528148185,0.5553487134632109,0.15225062144813592
8829,0.0019146157174147519,0.1233497246178872,0.4390051196037197,0.43573054006097833
8830,0.0006638892961815916,0.09158243236473972,0.5148742127008018,0.39287946563827686
8831,0.0002594483703729375,0.06475228038774807,0.3558091625917077,0.5791791086501713
8832,3.22032499938965e-05,0.0017013808897400344,0.010789401567652094,0.987477014292614
8833,3.429782805644988e-05,0.0031521826477445697,0.01903614121850498,0.977777378305694
8834,0.00012878310644631397,0.009161795028316749,0.06559450103285648,0.9251149208323806
8835,0.002594888844172284,0.07706152913376252,0.21919126748544682,0.7011523145366184
8836,0.0008871062371887297,0.08808435861306957,0.43450803568146334,0.4765204994682783
8837,0.00048647605509912335,0.052733876179220915,0.27758018062518575,0.6691994671404942
8838,0.0006459666251414007,0.02317918278950027,0.0794953139637193,0.896679536621639
8839,0.007021022115439816,0.23518298621330502,0.41240730650890023,0.345388685162355
8840,0.000793029455216826,0.058304055960991905,0.2522827989402487,0.6886201156435426
8841,9.873880731935044e-05,0.008537807389783313,0.05339796974623574,0.9379654840566616
8842,0.0016511793971133203,0.12035815078740233,0.4221399333375613,0.45585073647792307
8843,0.0029591863535423668,0.25707528061070517,0.5290255556210521,0.21093997741470033
8844,0.00030263404821445557,0.039235084517833106,0.2710111130271522,0.6894511684068003
8845,0.0006669760133990689,0.04205522779119965,0.1524258871217723,0.804851909073629
8846,0.000297298988263769,0.03107146625990921,0.19352709051394565,0.7751041442378814
8847,0.0004546697191510693,0.02821271357786885,0.1392018735875511,0.832130743115429
8848,0.0002185298779220921,0.019294252398501615,0.13633889433985869,0.8441483233837177
8849,0.00010958428682108937,0.004003573550529687,0.019098045762653542,0.9767887963999957
8850,0.009288027782669406,0.2710704349190956,0.4330642136276754,0.28657732367055955
8851,0.000219179337936035,0.033910269188887135,0.33861755264526305,0.6272529988279137
8852,4.193802153092874e-05,0.0041629350564075605,0.037911744333106054,0.9578833825889554
8853,0.0013019497606313883,0.20273576829708656,0.5743205032414529,0.22164177870082916
8854,6.076556365766215e-05,0.0036077250365865107,0.020454757134154466,0.9758767522656013
8855,8.544078771175105e-05,0.0056358960993226955,0.03230163716827045,0.9619770259446951
8856,0.0013484989258658177,0.3533953782967165,0.5655658790113118,0.07969024376610578
8857,0.0008020533287121973,0.22729108271836265,0.6208731173298546,0.15103374662307054
8858,0.0005271436158792327,0.031039922051287493,0.13548478652219595,0.8329481478106373
8859,0.0019039857644467645,0.26684817737026334,0.5717935120328729,0.15945432483241695
8860,7.564979487501992e-05,0.005589142800627269,0.041574952889881674,0.9527602545146161
8861,2.6112989317477688e-05,0.002192227397422475,0.015516277702989658,0.9822653819102704
8862,0.00014799560755588074,0.01790546514243716,0.13478405766963877,0.8471624815803682
8863,0.00011955814878390061,0.006511420387860723,0.02995608159653583,0.9634129398668196
8864,0.001657072691700156,0.11215571025924251,0.3878798513357202,0.49830736571333717
8865,0.00020486270125991466,0.014233522015109419,0.07645512959165841,0.9091064856919723
8866,4.487889368579314e-05,0.004703663657041259,0.02967664241507076,0.9655748150342022
8867,0.0007507041763057686,0.04264989760544963,0.20892238686092135,0.7476770113573232
8868,2.308901096605684e-05,0.002168072367102332,0.01545288309871351,0.9823559555232181
8869,0.0001699826951760679,0.02315863479742058,0.10528357148254598,0.8713878110248574
8870,0.000406757942935377,0.020896751512365645,0.09897734405874709,0.879719146485952
8871,0.00046676844460781465,0.026717449365681004,0.09361566391662826,0.8792001182730829
8872,0.00012070107778434557,0.005122576994074974,0.03508158954895503,0.9596751323791857
8873,0.00013527267268647673,0.007952861855663873,0.0346862899386452,0.9572255755330045
8874,0.0008519951144293559,0.06489312432883718,0.24674655610971957,0.6875083244470139
8875,3.995977413396694e-05,0.004541571660330722,0.031243226867316905,0.9641752416982184
8876,0.0019012068922462971,0.16771314654060396,0.5274895240681762,0.30289612249897363
8877,0.0018711782225943052,0.10379941693815795,0.33225010148799683,0.562079303351251
8878,7.795907403398871e-05,0.006455007311751387,0.03410290374070731,0.9593641298735073
8879,6.366999474068649e-05,0.004282481359819408,0.029627679710430534,0.9660261689350094
8880,0.00019763100227064134,0.016030425703946086,0.06946508616434852,0.9143068571294348
8881,0.000499212913776444,0.05190795574024931,0.23939350719812225,0.708199324147852
8882,0.00020001077617114656,0.026757910183857894,0.18167447348479582,0.7913676055551752
8883,0.00011701518279258924,0.009447833393696401,0.04810870964822484,0.9423264417752861
8884,0.00030085787348315817,0.02347843627716515,0.12841649409587652,0.8478042117534752
8885,0.00031564807873378704,0.01018546218714016,0.036008153006658425,0.9534907367274676
8886,0.0004952632559545847,0.0749109172174339,0.5550920124292174,0.3695018070973942
8887,0.00013662220485764423,0.013700102632277444,0.07430576070461095,0.9118575144582539
8888,0.0003848137952180403,0.03921749354420952,0.20729899016215458,0.7530987024984178
8889,0.00015602874280072114,0.024615701580971098,0.13526270336762916,0.8399655663085991
8890,0.0019163074259563799,0.2549171828964834,0.616740440820711,0.12642606885684918
8891,0.0002292432589790968,0.02339462959096949,0.14780981421388892,0.8285663129361625
8892,0.03311953890478751,0.34366532274898637,0.4022025826069515,0.22101255573927467
8893,0.00039455056558721326,0.025167297756262155,0.11309826949113508,0.8613398821870155
8894,0.0005729321517819067,0.03472783418276998,0.1561256178073246,0.8085736158581236
8895,0.0003612811465913378,0.01241469694544687,0.05632665990510102,0.9308973620028608
8896,0.00040940715751095846,0.2170263081995683,0.7229976903857636,0.05956659425715727
8897,0.0010052662090544425,0.18301342471152382,0.6514713852282268,0.16450992385119484
8898,0.0037579224500216943,0.23864420933288422,0.5166431029721328,0.2409547652449613
8899,5.4513539116290006e-05,0.0032029182706042633,0.018970855626992203,0.9777717125632872
8900,0.00016805498166550176,0.0076761726940505325,0.034118103845201864,0.9580376684790821
8901,2.2088859132050274e-05,0.0018391788691924822,0.015451590146952052,0.9826871421247234
8902,0.0001237059342979543,0.019064208135537095,0.18097287625105302,0.7998392096791119
8903,0.002687210494704071,0.2780170848558601,0.5592925747323659,0.16000312991706994
8904,0.0007362956153011322,0.1317900409508359,0.5436695470337727,0.32380411640009016
8905,0.00024370609468655179,0.029071887668934752,0.21164599202420092,0.7590384142121778
8906,0.00039261296071372784,0.10135894779300486,0.5090757075401818,0.3891727317060995
8907,0.0001288839682328784,0.019702391935543885,0.1575357282777848,0.8226329958184384
8908,0.0003855588140967681,0.03840949965364829,0.1616665453494947,0.7995383961827602
8909,0.0003579049712456828,0.0687197792373049,0.463449452710968,0.46747286308048147
8910,0.00017082718499359295,0.009582291050975716,0.046084252885203694,0.944162628878827
8911,0.0003865289121336343,0.046820903363887216,0.23587413830848397,0.7169184294154951
8912,1.9084941740608702e-05,0.001524213248640624,0.012664284488538876,0.9857924173210799
8913,0.0006954108571528241,0.06077540871686068,0.286148252419022,0.6523809280069645
8914,0.005026797993521471,0.3026718221039221,0.541131182550421,0.15117019735213544
8915,5.806603812291029e-05,0.003642190419664144,0.019530759391684183,0.9767689841505288
8916,4.28185621794738e-05,0.0031979729224731156,0.022424703255512126,0.9743345052598353
8917,8.733571523471479e-05,0.006274506755799791,0.0373106955295949,0.9563274619993706
8918,8.659824292687112e-05,0.008494186929150549,0.04909842119626036,0.9423207936316622
8919,0.0024224799388359555,0.3666348749841233,0.5699375440200185,0.06100510105702224
8920,7.33371553507508e-05,0.004978025837524009,0.02860191242686041,0.9663467245802648
8921,0.00010333917340369334,0.007327757137678163,0.048101169682079184,0.944467734006839
8922,0.008985538895998782,0.39635914195071564,0.48729299187048625,0.10736232728279929
8923,0.019546629216232764,0.451154863559427,0.43115858899746595,0.09813991822687432
8924,0.004206352313456285,0.20652165650874732,0.4509285675433145,0.3383434236344819
8925,5.873744106801007e-05,0.005212465494343392,0.0485626084585915,0.9461661886059971
8926,0.00014037943342189312,0.014004417838581855,0.08296374114267527,0.902891461585321
8927,0.00016359302731663186,0.018992074445494642,0.11258554948602234,0.8682587830411664
8928,5.464470522926982e-05,0.004266492318590681,0.02073836662594913,0.974940496350231
8929,0.0006369395839968348,0.04951601618663332,0.21361847979933696,0.7362285644300329
8930,0.001805446102953135,0.14088599775768196,0.39879332285219565,0.4585152332871693
8931,0.0016698256730341926,0.18752704835904296,0.5286841363685352,0.2821189895993878
8932,0.00021424237160320943,0.02168624915457591,0.08725864521471428,0.8908408632591066
8933,0.0001570371442019888,0.009988857610361139,0.0697221014633911,0.9201320037820457
8934,0.011198205954713346,0.34972023826091764,0.4977592191484142,0.14132233663595486
8935,0.0008805381743367427,0.07730202488888324,0.29728525311562914,0.6245321838211508
8936,0.0020066835582838605,0.3012347686215832,0.582461936442883,0.11429661137724989
8937,0.004003907649177849,0.3518764645288746,0.5300357248697903,0.11408390295215717
8938,2.151818432584042e-05,0.0012963065213636698,0.009224708451635906,0.9894574668426747
8939,8.170200138356103e-05,0.006537681444564465,0.039982946592679286,0.9533976699613727
8940,0.0004211192475634571,0.02942993930507458,0.10421440004930427,0.8659345413980577
8941,1.934943219686065e-05,0.0012131993907423327,0.009176883283988309,0.9895905678930725
8942,9.775452012077644e-05,0.010694374481578882,0.06695538330400955,0.9222524876942908
8943,8.389108291786179e-05,0.00819699239830718,0.07460528844043518,0.9171138280783397
8944,0.00012773546706236602,0.013288438302659095,0.1109861406564826,0.8755976855737959
8945,0.00037582612178019693,0.0406277129378534,0.1456549335026986,0.8133415274376677
8946,0.0007101314300137765,0.09568756267699127,0.4287267466115322,0.47487555928146286
8947,0.0005786757736187195,0.04695641398723334,0.1915546043816176,0.7609103058575304
8948,0.003694968661189814,0.3057088787588808,0.5622193473338534,0.12837680524607611
8949,0.0005235008226932492,0.08942976123626004,0.41296395548434645,0.49708278245670023
8950,0.00027728941256668807,0.041525686653016966,0.3088475650236506,0.6493494589107658
8951,0.00022814148321262346,0.029132825750661232,0.14133991286355838,0.8292991199025678
8952,0.007461078295560163,0.2794119328981862,0.5112363353913693,0.20189065341488432
8953,0.0017569876374655042,0.46131916896650493,0.5134363583181167,0.023487485077912797
8954,0.00024177132444037187,0.013563286779005788,0.08351802682303039,0.9026769150735234
8955,0.0003966225131042455,0.04511583785460107,0.20794783690907806,0.7465397027232167
8956,0.013275820852279595,0.350342713267869,0.4743800818184419,0.1620013840614096
8957,8.45294942308464e-05,0.005293721594954978,0.027408745114792236,0.967213003796022
8958,0.00027519253930958403,0.011586286522761282,0.04029861866409024,0.9478399022738389
8959,0.00011910263250101779,0.00765506391110546,0.0446667887258804,0.9475590447305131
8960,0.00013302910522937613,0.009208423135590487,0.04881807133473956,0.9418404764244406
8961,0.002506084297678052,0.17693279014219693,0.43565889239979233,0.3849022331603327
8962,0.0007633968840209839,0.15663010099158595,0.6353110688053107,0.2072954333190823
8963,0.0020441354365328137,0.31239734650378576,0.5850743736318321,0.10048414442784928
8964,0.00017939206139829065,0.014366126408784199,0.07830033729984831,0.9071541442299692
8965,0.0001944634660184675,0.012846893559265552,0.05723888982473187,0.9297197531499841
8966,0.0005871184179142381,0.041007009437458636,0.18289162125255876,0.7755142508920684
8967,6.669540722062973e-05,0.006323234871900429,0.06466409263586133,0.9289459770850176
8968,6.089592252271008e-05,0.003562983526135126,0.0221490162990629,0.9742271042522793
8969,4.236310264230049e-05,0.0040638915336186745,0.027602829739551783,0.9682909156241872
8970,0.001961861113730306,0.07096333176038978,0.22340841386465288,0.703666393261227
8971,0.0002916756943846142,0.02581892897286058,0.1407424826194106,0.8331469127133442
8972,0.0004790594790751194,0.0417212945910359,0.20787581729551066,0.7499238286343783
8973,0.07925820374871273,0.3966436230085739,0.38292646014754206,0.1411717130951714
8974,0.0002621469618086527,0.020036223684384402,0.09390766198953254,0.8857939673642744
8975,0.0007683484996017803,0.05031882134798774,0.21964899693005563,0.7292638332223549
8976,0.00017389860602811112,0.013978326251993543,0.07069609335119767,0.9151516817907808
8977,6.708208386895484e-05,0.006335399367206103,0.05214932706295095,0.941448191485974
8978,4.907059005640227e-05,0.003976492278703003,0.03242408386349227,0.9635503532677483
8979,0.00018024629534306262,0.010617319959073213,0.0449158560780582,0.9442865776675256
8980,0.0015931691717972697,0.14365633074107081,0.4405073393473593,0.41424316073977263
8981,0.00023138367409123576,0.017070933003542635,0.09494181452031142,0.8877558688020548
8982,0.0025195656180654665,0.4113597563208472,0.5383348574444909,0.047785820616596364
8983,0.002748721772623263,0.328541746145875,0.5351585469280162,0.13355098515348554
8984,8.146757147980632e-05,0.004895566641145958,0.024770734978132973,0.9702522308092413
8985,0.00011745326238019408,0.010982860322267297,0.06940731428565937,0.9194923721296931
8986,5.59219820737038e-05,0.0044657908689152885,0.03218837186661033,0.9632899152824007
8987,2.8876332880326147e-05,0.0031026057252863115,0.02036059372822046,0.976507924213613
8988,0.0008108548800341092,0.06162236701598881,0.27583503673065923,0.6617317413733178
8989,6.538004383049934e-05,0.004330981170555939,0.026109244320337635,0.969494394465276
8990,0.0024348384968921524,0.2774501674023932,0.5613489374241499,0.15876605667656474
8991,0.0002549028617043461,0.0598193254687648,0.5328744575398274,0.4070513141297035
8992,6.0628177084438784e-05,0.00360864237094504,0.02441562944562081,0.9719151000063497
8993,0.0007898648364060598,0.07992652609851349,0.3834334261447153,0.5358501829203651
8994,0.0004945668660436874,0.03901422895549951,0.16860608289494183,0.791885121283515
8995,0.001159612030179243,0.04730887276468076,0.18733143586755455,0.7642000793375855
8996,0.0001040779895156894,0.008344284585361836,0.06430242667510586,0.9272492107500167
8997,9.236669999855066e-05,0.00837003935450959,0.04645429778967268,0.9450832961558192
8998,0.01645711960261323,0.17246631026727194,0.32793190984190757,0.48314466028820724
8999,0.0015840428393897189,0.2562532224123297,0.6672886074153483,0.07487412733293235
9000,5.281452499760061e-06,0.0006532466486113086,0.009502810613618101,0.9898386612852709
9001,4.89604880393311e-06,0.0006172558690139732,0.008316290245556732,0.9910615578366254
9002,1.527932776252853e-05,0.002228973394083295,0.022598345679224696,0.9751574015989295
9003,0.0003718774198944499,0.2266378735022512,0.6780197780724283,0.09497047100542615
9004,1.158711108392374e-05,0.00122800882436398,0.009780009704212906,0.9889803943603392
9005,1.733770140391225e-05,0.005076937575721972,0.0672675153490638,0.9276382093738104
9006,0.00011185275672368358,0.12128901363012934,0.7800392630691262,0.09855987054402084
9007,8.62738634007742e-06,0.001683975391472284,0.018640195323522048,0.9796672018986656
9008,2.1108999583707156e-05,0.004191628822038018,0.03657686175164732,0.959210400426731
9009,7.769543504989647e-06,0.001957168211550322,0.019626083660267427,0.9784089785846772
9010,8.702544671363319e-06,0.0015877287930370185,0.016124598506563063,0.9822789701557286
9011,1.8080261455817994e-05,0.0032248955397228656,0.037918650682311796,0.9588383735165096
9012,0.00015901269584912966,0.023610357833187406,0.22365475014828445,0.752575879322679
9013,0.0005718828233178656,0.07615858249430639,0.3013133227159649,0.6219562119664108
9014,3.812122093097548e-05,0.004627411529456508,0.04375451148038357,0.9515799557692289
9015,4.840021712171569e-05,0.007991976945970897,0.06400891581287821,0.9279507070240292
9016,2.520575141556826e-05,0.015447693323282906,0.2656406281394031,0.7188864727858985
9017,5.466120913720321e-06,0.0010970934500106773,0.013131983467827922,0.9857654569612477
9018,0.0005240793795857337,0.14861302674659582,0.6081078634076809,0.24275503046613756
9019,0.00020536596944431464,0.22061479899945757,0.6936855975038653,0.0854942375272329
9020,6.902299137023707e-06,0.0013199042860886736,0.016230109446175065,0.9824430839685993
9021,3.6603612879637274e-06,0.0008009534245881763,0.015109776996785305,0.9840856092173385
9022,9.34838962629499e-06,0.001709679105501326,0.01921166901034061,0.9790693034945318
9023,2.620480766906132e-05,0.010202411588797233,0.1182814554362892,0.8714899281672446
9024,4.592979708684257e-06,0.001009698161922598,0.011655309124677035,0.9873303997336917
9025,0.00010380862944831252,0.009095319830236405,0.06426585691719304,0.9265350146231223
9026,2.434145439074077e-05,0.004972394185983149,0.059934775004481244,0.9350684893551449
9027,1.301027792299319e-05,0.002389665590970716,0.023659879526525394,0.973937444604581
9028,4.647338980388688e-05,0.011283706717118975,0.11029769470447573,0.8783721251886014
9029,0.0004029456117946834,0.17938649480781896,0.5908231545859134,0.22938740499447297
9030,1.4119278223593032e-05,0.002761137323047593,0.026467837365271092,0.9707569060334578
9031,0.0004483604041672149,0.10922439280398649,0.45771851304931666,0.4326087337425296
9032,7.888971290879124e-05,0.013063557783925072,0.14226104656263353,0.8445965059405326
9033,4.4238375949445736e-06,0.0006707343179007014,0.008855929698770002,0.9904689121457344
9034,5.022084019293156e-05,0.0212993360314689,0.24537621757527686,0.7332742255530613
9035,0.000199904846399252,0.17775374517387288,0.7084046663084719,0.11364168367125609
9036,2.2034609964548474e-05,0.004750178462441657,0.05345056787915983,0.9417772190484339
9037,0.0001229394349068081,0.04008527156519791,0.3603756382618728,0.5994161507380225
9038,0.00036418177201534823,0.10377717389504945,0.4492704758736741,0.44658816845926114
9039,8.439356168703632e-06,0.0007837973932663469,0.005869461535914153,0.9933383017146508
9040,5.0211299155528655e-06,0.0008349212605975132,0.011135926207963887,0.988024131401523
9041,6.652533686163133e-06,0.0012084178507677994,0.01760290401990091,0.9811820255956452
9042,7.0433564464702515e-06,0.001336093222290149,0.01709520627908453,0.9815616571421788
9043,6.779814387367757e-05,0.016953204648508507,0.26518327564820116,0.7177957215594166
9044,3.873188089252574e-05,0.006990075821832443,0.08289189030196191,0.9100793019953131
9045,2.2878946378462006e-05,0.002770435007748368,0.01918919354377476,0.9780174925020984
9046,0.0001376031155711434,0.14453833632209312,0.714380526586265,0.14094353397607076
9047,4.946841146752119e-06,0.0005563362243918694,0.005868219961608655,0.9935704969728527
9048,0.0001571683986427421,0.04940250106398172,0.39457858477297836,0.5558617457643972
9049,1.0311242453338632e-05,0.001159573603477897,0.011801670244929082,0.9870284449091398
9050,3.517838760732655e-06,0.000513206068983403,0.007704329129686105,0.9917789469625697
9051,0.0006370674400123436,0.7287017430088081,0.2676961953040695,0.0029649942471100437
9052,0.0001856481191021927,0.017619902381668478,0.10321407499881946,0.8789803745004099
9053,0.0004483240387189043,0.059772383126242584,0.28564995246666725,0.6541293403683712
9054,0.00011006152808542486,0.0649127130599697,0.6126852046840795,0.32229202072786534
9055,0.00010648754380771031,0.0172274841100938,0.17371652429021972,0.8089495040558787
9056,6.603952707257301e-05,0.02835076935749163,0.2787573559826967,0.6928258351327391
9057,2.830745387193355e-06,0.0004688687505903534,0.005423729814612137,0.9941045706894103
9058,4.973511763499946e-05,0.06793456293066916,0.8199907092117007,0.11202499273999506
9059,2.8126863579843198e-06,0.00044973672604233075,0.006206042512147595,0.9933414080754521
9060,3.0929687643842455e-06,0.00043831379289518453,0.009406243719727524,0.990152349518613
9061,3.48074711168871e-05,0.004870384939063836,0.04238147310027668,0.9527133344895427
9062,3.106203173294309e-05,0.01042241242428642,0.17411720182977986,0.8154293237142008
9063,3.761343949203833e-05,0.007570553241733305,0.1089956414262456,0.883396191892529
9064,0.00026296960134653403,0.050424466263546845,0.42668256477189614,0.5226299993632105
9065,7.603119120967256e-06,0.0008721651387972847,0.00983951782060816,0.9892807139214737
9066,0.00016797580280985787,0.023877093359881127,0.14177224993004725,0.8341826809072618
9067,0.00022858059458319896,0.04425702955428888,0.3894148826355134,0.5660995072156145
9068,2.0004012178610154e-05,0.0028638049166872853,0.025929740581828925,0.9711864504893051
9069,5.5285626314277605e-06,0.0008121455725445802,0.009678770093327363,0.9895035557714966
9070,6.150964779403506e-05,0.011263529163219418,0.08695755137288888,0.9017174098160976
9071,8.614367300993605e-06,0.0010413806186933957,0.009908893922457324,0.9890411110915482
9072,2.6452888904513998e-05,0.006406892495724973,0.05923083093996887,0.9343358236754017
9073,3.726443915607417e-05,0.005480862652917097,0.04947781707925117,0.9450040558286756
9074,1.1490952421428457e-05,0.001541302015399556,0.011791776048367075,0.9866554309838119
9075,0.00032885658463634746,0.11225152804999008,0.6249011120311474,0.26251850333422616
9076,9.069180936234341e-05,0.02583691410327917,0.19186473183380945,0.7822076622535491
9077,2.1169771514177387e-05,0.004013447786346587,0.04140236485050218,0.9545630175916371
9078,5.973476221758149e-06,0.0009656795144765324,0.009569538797902837,0.9894588082113989
9079,0.0004503960225067442,0.18577754140428926,0.5739874925005508,0.2397845700726532
9080,2.5161243451584696e-05,0.0054952021543156915,0.09350441849810254,0.9009752181041302
9081,1.628931115057938e-05,0.0023385507158280674,0.026164174257718283,0.9714809857153031
9082,4.596417185596035e-05,0.07904471419505105,0.8376613363165542,0.08324798531653886
9083,1.550590268130793e-05,0.0021571057441466123,0.021605843927502005,0.9762215444256701
9084,7.94368821304659e-06,0.001123950101849961,0.013388169941452768,0.9854799362684843
9085,1.2995920039123114e-05,0.0014738297096935015,0.01584180338809423,0.9826713709821732
9086,8.944062237113236e-05,0.013173274600347252,0.1035378721627867,0.883199412614495
9087,4.583151659124275e-05,0.008611615499799835,0.08366330402886425,0.9076792489547447
9088,8.592625300605974e-06,0.001378504992514757,0.01585351560532923,0.9827593867768554
9089,0.00014524307357450958,0.02848946402034005,0.17254693641679691,0.7988183564892886
9090,4.616533690091328e-06,0.000547184018118123,0.006056440793245852,0.993391758654946
9091,6.626347426297459e-06,0.0005569843978031107,0.005940801632873616,0.9934955876218969
9092,0.0015010158570176633,0.14292665644609712,0.3640800648042796,0.49149226289260567
9093,4.127639895391747e-05,0.008827661434215645,0.1388173309751929,0.8523137311916376
9094,0.00018928372893088784,0.3730346002927753,0.6153840840779549,0.01139203190033899
9095,0.0001437191383231999,0.07755853966332812,0.6380050471128476,0.28429269408550106
9096,0.00014471110973518828,0.019144036452696002,0.10272983320366595,0.8779814192339028
9097,3.2223800976652266e-05,0.0047554880950673,0.044013152088283616,0.9511991360156724
9098,5.090322848269493e-06,0.0007559801746268373,0.011112445966674102,0.9881264835358508
9099,0.00012534193802341383,0.0800869204929873,0.6509566712676218,0.26883106630136755
9100,5.038078602211955e-06,0.0008834221555582349,0.011050190610113092,0.9880613491557264
9101,4.3926850360658936e-05,0.0030401811201813526,0.01813540360419207,0.9787804884252659
9102,2.7999269764217594e-05,0.002429508677158272,0.024330062286828172,0.9732124297662494
9103,1.3548997791079054e-05,0.0014983564404077558,0.014722904068735599,0.9837651904930655
9104,2.130408146655419e-05,0.004017726900111681,0.0604627348439991,0.9354982341744227
9105,1.9482762684964193e-05,0.003306344756991207,0.04514593815529114,0.9515282343250326
9106,1.4635441433291303e-05,0.0017268433212938342,0.01719114920390174,0.9810673720333711
9107,1.8891383994530996e-05,0.0021706138347324638,0.02110634907754406,0.976704145703729
9108,5.619003828384596e-05,0.005591158663796137,0.0478295379150989,0.9465231133828211
9109,5.320672262119657e-05,0.035891776188451296,0.48683143728527234,0.4772235798036551
9110,5.197189865918424e-05,0.008248457448904789,0.0867066833522997,0.9049928873001363
9111,9.705784279765041e-05,0.018240789358117904,0.17504796963004232,0.8066141831690421
9112,3.787488425014553e-05,0.005914149243734398,0.06736500419582042,0.9266829716761951
9113,9.223399546033877e-06,0.0011233868933586341,0.010852215162710257,0.988015174544385
9114,4.542276062365743e-05,0.0037151295172276324,0.025808052943842315,0.9704313947783064
9115,4.733247688222412e-06,0.000780789812941405,0.009344212936041285,0.9898702640033291
9116,8.579356936727788e-06,0.001801721975492163,0.031052282947050987,0.9671374157205201
9117,6.912335441061994e-06,0.0006473598071334065,0.005681537135418165,0.9936641907220074
9118,5.1148183264202405e-06,0.0005319169282832074,0.00547556168556668,0.9939874065678237
9119,4.668035153499926e-05,0.030590587351621252,0.47241985235908945,0.49694287993775443
9120,9.18903639079202e-06,0.001171858966000872,0.011107689094904739,0.9877112629027036
9121,8.498492314700572e-06,0.0020128230073770963,0.019871997659199357,0.9781066808411087
9122,1.3535643217320537e-05,0.0021555854319458504,0.019055395016861057,0.9787754839079758
9123,7.956162681600153e-05,0.023921113755456348,0.18296712465610057,0.7930321999616271
9124,9.809377445780001e-05,0.02002371134569595,0.20108217995035588,0.7787960149294904
9125,2.936162196058288e-05,0.005269553945708349,0.04320032376829279,0.9515007606640383
9126,0.0006330489130484703,0.16362580280812605,0.6293016870539572,0.20643946122486834
9127,8.58567734874027e-05,0.028822299772951667,0.22913245203832375,0.7419593914152371
9128,1.7947488424355688e-05,0.004617797853523316,0.054980213915999165,0.9403840407420532
9129,6.39711562858276e-06,0.0008243416120860465,0.008606998486652084,0.9905622627856333
9130,5.25304448267663e-05,0.007305540740305105,0.04923704611733275,0.9434048826975354
9131,5.310080244510179e-06,0.0006128757515486459,0.006536811498438202,0.9928450026697686
9132,6.947852443998799e-06,0.0007441821131181235,0.005292737375428094,0.9939561326590098
9133,3.290491722921279e-06,0.00043459541223162456,0.005874371623573965,0.9936877424724715
9134,3.662897024850345e-06,0.0006721629766535236,0.007437501134438643,0.9918866729918829
9135,2.7828742070781354e-05,0.0037985663842038902,0.03570311563914399,0.9604704892345813
9136,1.307935076555034e-05,0.001822077538025783,0.018418901852009267,0.9797459412591994
9137,0.00035892896213471066,0.04712270098746746,0.2819090935442995,0.6706092765060985
9138,0.000281569095511794,0.03893634319411911,0.22330974826214878,0.7374723394482203
9139,6.082589048582417e-06,0.0007683722903177616,0.00866309590850292,0.9905624492121308
9140,7.001169020647568e-05,0.02453625627028698,0.33249649961063954,0.642897232428867
9141,1.7904792053007203e-05,0.002351015757182775,0.016544130647770845,0.9810869488029934
9142,0.00031400025331300473,0.09873330901871816,0.5684617657278979,0.33249092500007094
9143,2.7171213562894628e-05,0.0038834947317304288,0.028480908920972464,0.9676084251337342
9144,3.2377700083231755e-06,0.0003606331827481377,0.005183018478104378,0.9944531105691392
9145,1.5743821514453566e-05,0.0018094882782982644,0.018296586381599977,0.9798781815185873
9146,1.1294212758154707e-05,0.0011613027789039783,0.011700554933723328,0.9871268480746146
9147,5.078644229804737e-06,0.0012707262849836487,0.019826188391949988,0.9788980066788366
9148,0.00024368389777549326,0.015960928661039427,0.08675369747320685,0.8970416899679783
9149,4.535034111259e-06,0.0005371509578097416,0.0055414190213808005,0.9939168949866982
9150,0.0002233891196287448,0.1258960209721473,0.7364869999820627,0.13739358992616119
9151,4.767194213549926e-06,0.0008522882603576604,0.00926925244152068,0.9898736921039082
9152,3.7587262752365436e-05,0.010713549873734986,0.15480555187299117,0.8344433109905215
9153,6.468491892774011e-05,0.01912785703331298,0.20783248653586797,0.7729749715118913
9154,5.8698408143294335e-05,0.0067947786359804484,0.0480359505960338,0.9451105723598425
9155,7.221990822655036e-06,0.0012720836546528504,0.013420369542488245,0.9853003248120362
9156,6.1730502888554375e-06,0.0009795918432020571,0.013291104549285896,0.9857231305572232
9157,2.604294761590819e-06,0.0003327977018849589,0.0059447449966709386,0.9937198530066825
9158,9.384251089305673e-05,0.016781558730369538,0.14815925501557647,0.8349653437431609
9159,2.0582193645107206e-05,0.00450188243444079,0.07147435388595433,0.9240031814859597
9160,7.85351067451424e-05,0.020981803001550323,0.25281890981395666,0.726120752077748
9161,9.106786096345045e-06,0.0024232332261688574,0.02473147569581375,0.9728361842919211
9162,7.296982679193593e-06,0.0009305087303936243,0.011059033174387308,0.9880031611125399
9163,4.067152990310141e-05,0.008396732770806313,0.098048567558087,0.8935140281412036
9164,5.65628161680305e-06,0.0007110943835011276,0.009150299476794271,0.9901329498580878
9165,0.0001054347578827432,0.07335909161003627,0.6272782403210644,0.29925723331101667
9166,1.7606672136387218e-05,0.007034747251508937,0.1009563237261211,0.8919913223502336
9167,1.0078404775005405e-05,0.0015867626269878991,0.01965263592002281,0.9787505230482143
9168,5.631781104741935e-06,0.0015741726583458008,0.03345671155162213,0.9649634840089273
9169,1.0344266425571227e-05,0.0016997903898979714,0.01896930631096313,0.9793205590327133
9170,0.00018923470654715272,0.2635229269461497,0.7097524257326583,0.026535412614645034
9171,2.983768931384643e-05,0.002976173728684986,0.02075513688670705,0.9762388516952941
9172,7.792142157972937e-05,0.012837619601097604,0.08993214682102796,0.8971523121562948
9173,1.393109123720662e-05,0.0016761512893046034,0.01539340320980475,0.9829165144096534
9174,0.0005125274369877498,0.13852423358646823,0.5009621863997809,0.3600010525767633
9175,7.591451561003655e-06,0.0009830985430161567,0.00869065831681815,0.9903186516886047
9176,7.698303317967548e-06,0.000910610286895793,0.01032762369168768,0.9887540677180986
9177,1.3802468768870994e-05,0.0010691016586421233,0.007931611070047688,0.9909854848025413
9178,0.00017879657626596732,0.019480892470843034,0.1013670926242285,0.8789732183286625
9179,3.449101396745511e-05,0.005090412929861708,0.039364837596010706,0.9555102584601601
9180,8.283003817603402e-05,0.015093384340250354,0.09803084397529294,0.8867929416462806
9181,1.2792938536307377e-05,0.001640850259801305,0.012839804434096184,0.9855065523675662
9182,5.847893814168175e-06,0.00043126515992421104,0.0038219997940680157,0.9957408871521936
9183,1.0403079793625947e-05,0.003956774138501791,0.10753171047239174,0.8885011123093128
9184,0.00039538946002551606,0.10538670730627045,0.5089238214943825,0.38529408173932156
9185,8.295371745948347e-05,0.016870176235110848,0.1989418473639023,0.7841050226835273
9186,0.0001996348192761251,0.14783982607399349,0.7025005127299409,0.14946002637678965
9187,6.340054402811884e-05,0.013928363695567967,0.17750431243997228,0.8085039233204316
9188,2.4530320743064427e-06,0.0003089983443722825,0.003744917116035808,0.9959436315075176
9189,0.00017735687220450089,0.026061135440391982,0.2506637342493633,0.7230977734380402
9190,0.0005514440048982577,0.20071169863916566,0.6110130128325585,0.18772384452337756
9191,1.2118221942926146e-05,0.002088557725830819,0.02858573141004678,0.9693135926421794
9192,0.00014312981789734483,0.05803033128982835,0.4858421654426855,0.45598437344958886
9193,2.6676866245720408e-05,0.0070175521491771566,0.13474300560945315,0.858212765375124
9194,0.00017383535773778065,0.1282039744002081,0.7302463254037626,0.14137586483829165
9195,6.652112881917363e-05,0.02675890813610673,0.36727133239812554,0.6059032383369485
9196,9.08782905884515e-05,0.009973174322292123,0.0703350361812316,0.9196009112058878
9197,3.819603041733569e-05,0.012543581114645165,0.1716518149777932,0.8157664078771443
9198,1.374101490298701e-05,0.0024509640458001258,0.024266582085806038,0.9732687128534908
9199,1.311074476310413e-05,0.00320862777446962,0.048141259075310125,0.9486370024054571
9200,0.0001232828159983173,0.03823503905556912,0.333940598825707,0.6277010793027257
9201,3.864702793453088e-05,0.015481363079656415,0.25509480374177884,0.7293851861506302
9202,5.716240984087233e-05,0.005754664880115747,0.04515047184062482,0.9490377008694185
9203,1.5314823258162822e-05,0.004386140949341411,0.061854311321898184,0.9337442329055022
9204,5.510871456758008e-06,0.0008482119176706799,0.010248666830854604,0.988897610380018
9205,1.1752157583570859e-05,0.002139523890142049,0.019006328023039434,0.9788423959292349
9206,5.150068672136953e-06,0.0007694641492890217,0.0075670334876109325,0.9916583522944279
9207,0.0001309613154781975,0.16697057873431204,0.7662777032864624,0.0666207566637475
9208,0.0011318632295997527,0.1291973613605281,0.44586598731098587,0.4238047880988864
9209,5.285233177260385e-06,0.0008696892368017049,0.012579010063762296,0.9865460154662586
9210,7.716433577295281e-05,0.02828254448487817,0.25700575715881135,0.7146345340205374
9211,5.4860700503410635e-05,0.01283572581994345,0.12074573618838402,0.8663636772911691
9212,3.0560649805989182e-06,0.0007261630489253926,0.015144030310183928,0.9841267505759101
9213,9.999223934491505e-06,0.0014901914073431786,0.014052899776744373,0.984446909591978
9214,1.2934155105466352e-05,0.0016519206421359565,0.018672717636268054,0.9796624275664906
9215,2.9156378154727214e-05,0.013682246101295006,0.1881852109260294,0.7981033865945208
9216,2.2593007925141343e-05,0.004957114884042118,0.06366389500812572,0.931356397099907
9217,6.09239558803412e-06,0.0007261165185503838,0.008468867529392231,0.9907989235564694
9218,6.02322945862267e-05,0.010818225130944954,0.12013833064602158,0.8689832119284473
9219,0.00033136649475613747,0.1557140411648164,0.665030832552173,0.17892375978825442
9220,0.00020266466953511463,0.05575148306226873,0.44925829708571685,0.49478755518247935
9221,9.447526005898618e-05,0.02007979980544633,0.16082640633627796,0.8189993185982167
9222,0.0003746662444920209,0.103910805708286,0.6676577654659172,0.22805676258130492
9223,9.336696727694237e-06,0.0014479744707557056,0.018636061246842472,0.9799066275856742
9224,2.402676640181338e-05,0.006145754396785845,0.0963024605685,0.8975277582683123
9225,4.702867181878823e-05,0.007207393624461209,0.05745197658626946,0.9352936011174505
9226,1.957926394966282e-06,0.00028289660218435494,0.00323371642286584,0.9964814290485549
9227,5.290540126779537e-06,0.0007161651948663431,0.00923470672972441,0.9900438375352825
9228,8.683635796683638e-05,0.07205139939511583,0.7681849094124578,0.15967685483445965
9229,5.76742386666768e-06,0.0011468605220081919,0.012685038800562203,0.986162333253563
9230,1.8971148571614625e-05,0.004472393355369151,0.06461840222119036,0.9308902332748689
9231,1.4559272094531243e-05,0.0015674238541157376,0.01258200908757708,0.9858360077862126
9232,1.655689736928557e-05,0.003238683851039324,0.022940075136015838,0.9738046841155755
9233,0.00023966685924276267,0.2383460450813684,0.7133966615599789,0.048017626499410014
9234,0.0008586600383224934,0.06189868061934375,0.28545765063353606,0.6517850087087976
9235,3.106414732626739e-05,0.014034631479595265,0.22018436741406472,0.7657499369590137
9236,3.009180793768414e-05,0.0026288315614451836,0.019777008044522763,0.9775640685860945
9237,2.7988340790469564e-06,0.0004711669576716552,0.007567186706388465,0.9919588475018608
9238,5.553612355321631e-06,0.0010686927805050777,0.010948981163281581,0.9879767724438581
9239,3.692904458358757e-06,0.0003885259657842224,0.005111515022799036,0.9944962661069584
9240,1.9675671715589835e-05,0.0025905393351473966,0.02306305711851973,0.9743267278746173
9241,2.2696663764191866e-05,0.0024853082162422505,0.027713403724445702,0.9697785913955479
9242,3.0264693056738698e-05,0.001794709022109863,0.011118225047627486,0.987056801237206
9243,0.00033015205134815224,0.1840336754277597,0.7391290127865876,0.07650715973430453
9244,4.619965352761993e-06,0.0007825758097663782,0.01146012777409109,0.9877526764507898
9245,2.201017863305259e-05,0.008853430357678518,0.17256177263892197,0.8185627868247665
9246,1.26425717416833e-05,0.0018831472506069266,0.018423700950583675,0.9796805092270677
9247,1.4145020860996057e-05,0.003271620715217833,0.04416960124775225,0.9525446330161689
9248,0.0001428400193888346,0.01635176276428031,0.12189754683287116,0.8616078503834597
9249,8.101225220299303e-05,0.37986602296312527,0.6162631139964456,0.0037898507882261566
9250,2.116295993298138e-06,0.00023410851317089707,0.0023163539587421674,0.9974474212320936
9251,9.074083218961038e-05,0.09898909636433383,0.6569938704887126,0.24392629231476393
9252,9.375840272601347e-05,0.05453377274547493,0.5186865459333296,0.42668592291846946
9253,3.864031266012646e-06,0.0009230420434613074,0.01487594751275816,0.9841971464125145
9254,2.424317548958639e-06,0.00026054186060536213,0.0030960971173211887,0.9966409367045246
9255,0.001230499092422147,0.291109647981841,0.5723870377684586,0.13527281515727826
9256,2.1774252295559073e-06,0.00018891429820832968,0.0021734795852673856,0.9976354286912947
9257,3.35517865678284e-06,0.0005472587745269117,0.007604253563572428,0.9918451324832438
9258,5.4807741336358104e-05,0.006572348897223559,0.04704426777745749,0.9463285755839826
9259,1.5877131428725386e-05,0.002621623975519044,0.027055659795423348,0.9703068390976288
9260,4.454422811383268e-06,0.0008477194138824381,0.008109002209989545,0.9910388239533167
9261,5.598970977068953e-06,0.0007893227375175103,0.008871036909153203,0.9903340413823523
9262,1.0766548332085244e-05,0.0006261246314029667,0.005102788115653708,0.9942603207046112
9263,3.951149262750858e-05,0.005173161438157669,0.051315411679291406,0.9434719153899234
9264,0.00010900357379661611,0.01527878510442271,0.14788095989813527,0.8367312514236454
9265,1.5053233439857711e-05,0.003033453053019143,0.055248281064992605,0.9417032126485484
9266,3.170961917047777e-05,0.009277562551079796,0.11605108904523724,0.8746396387845125
9267,4.556478003692793e-05,0.056477921089710156,0.7670690480226705,0.1764074661075824
9268,2.2953011021313026e-06,0.0002721032437942258,0.002894094617095292,0.9968315068380084
9269,5.374095255432404e-06,0.001058785960126865,0.010767036911706827,0.9881688030329109
9270,1.3124416393456738e-05,0.0019226425478765172,0.021944263593865712,0.9761199694418643
9271,7.631205773964001e-05,0.04541925585680759,0.549568431614563,0.40493600047088973
9272,1.0426247810018394e-05,0.0014544719433735333,0.011986511807907867,0.9865485900009086
9273,0.001160351122694121,0.19172076686577805,0.6189353668953969,0.18818351511613102
9274,1.6750419337965197e-05,0.0034943733392241386,0.03440021799418531,0.9620886582472526
9275,9.613389748405719e-05,0.028428237353092287,0.37002035629852725,0.6014552724508965
9276,4.142450680268524e-05,0.007418053456696583,0.05167957680911672,0.9408609452273841
9277,0.00031413023066166146,0.11100421553115286,0.6151232894572203,0.2735583647809652
9278,9.229718133539074e-05,0.029361310345511513,0.2910283967248117,0.6795179957483415
9279,8.349647364882101e-06,0.0013468789866831832,0.01526104380941579,0.9833837275565361
9280,1.247840623276929e-05,0.0017663746989307913,0.020723113255587372,0.977498033639249
9281,4.895912825792518e-06,0.0004397525531908119,0.00405138737874464,0.9955039641552388
9282,5.4574750446588534e-05,0.04272436893662207,0.6981610956201562,0.2590599606927752
9283,6.238839841053e-06,0.0008922568813979093,0.011388204549475634,0.9877132997292855
9284,2.1492562309507703e-05,0.004182787117481427,0.03384451735268814,0.961951202967521
9285,0.00018044797999801357,0.24197711866184074,0.6951307167389321,0.06271171661922914
9286,6.565341305098048e-06,0.0011651451089312727,0.01200413544988129,0.9868241540998823
9287,0.000135202960484693,0.014935350756693878,0.12205471881355731,0.8628747274692642
9288,3.912396327059207e-06,0.0004636972191255699,0.005963749247572994,0.9935686411369744
9289,0.00011549524215613208,0.024749568688830464,0.19924597678756628,0.7758889592814471
9290,2.4240394699590393e-05,0.003108383351143573,0.03393948205439146,0.9629278941997654
9291,0.00027859565583503447,0.15373342518162011,0.6994828071662547,0.14650517199629015
9292,0.00010474964171186306,0.05972122390559223,0.6378420929684081,0.3023319334842878
9293,2.732698258429636e-05,0.008494882121482892,0.0990668660268246,0.8924109248691082
9294,3.4982642964441253e-06,0.00042196913305651477,0.004665693531846012,0.9949088390708011
9295,7.365309657978082e-06,0.0009043751815243101,0.010538557955577278,0.9885497015532404
9296,5.287986580387543e-06,0.000637212118282267,0.005976032792497974,0.9933814671026394
9297,2.1857221103990552e-05,0.003149499983933099,0.03768175524669107,0.9591468875482718
9298,0.00038763359818404946,0.07691011107533774,0.42431468187790844,0.49838757344856977
9299,1.430070358531144e-05,0.0029189865416818436,0.023592216067126977,0.9734744966876059
9300,5.422529425184701e-06,0.0007116957953747133,0.006719687279929621,0.9925631943952705
9301,8.171690008224298e-05,0.08454679612922956,0.7921060654658558,0.12326542150483243
9302,0.00023423372333551207,0.14487163975407413,0.7213254832427196,0.13356864327987078
9303,2.523325394940332e-05,0.00430155994809767,0.044799310450178105,0.9508738963477749
9304,9.894057528051303e-06,0.0009773157515466468,0.009196854717920252,0.9898159354730051
9305,8.597886466542301e-06,0.0017475817390808874,0.016973381834816725,0.9812704385396358
9306,1.3792936720113225e-05,0.002654469130424675,0.024268387242265467,0.9730633506905897
9307,0.0003758390584913503,0.027901438991839445,0.1651401348811813,0.806582587068488
9308,4.971507718590493e-06,0.00090663395960387,0.009406012396593786,0.9896823821360838
9309,3.2117521662675436e-05,0.005852294344731279,0.04716771980501969,0.9469478683285864
9310,2.0558336820322266e-05,0.004906207537155281,0.12215356914339993,0.8729196649826244
9311,7.06344401466615e-05,0.004375321358040858,0.032944453527751875,0.9626095906740606
9312,9.07201155500666e-05,0.045581098853699445,0.5900094111379068,0.3643187698928437
9313,0.00011226887847945612,0.07552938329086352,0.6456607608544513,0.2786975869762058
9314,0.00027242259654941927,0.035544646234133837,0.33851074428158356,0.6256721868877332
9315,1.5593252879101852e-05,0.00505130647371505,0.09694448580884768,0.8979886144645581
9316,3.286198264662105e-06,0.0003992806282861668,0.004803092575771601,0.9947943405976776
9317,0.00011516978407731869,0.0694222634784488,0.6137581815123325,0.3167043852251413
9318,4.095520737939927e-05,0.005247949227672414,0.03236688661894227,0.9623442089460059
9319,8.356340836175084e-06,0.0014767433329823207,0.01900948458392784,0.9795054157422537
9320,7.1594000204371944e-06,0.0008324312451314254,0.007806325259000615,0.9913540840958476
9321,1.9392687208161074e-05,0.0038563565536742245,0.05759263366445193,0.9385316170946657
9322,0.00010688882645199,0.007214641740402928,0.03613858836150063,0.9565398810716444
9323,0.0005471613831526181,0.11605800789261485,0.5072525034432416,0.37614232728099106
9324,2.2397961688447784e-05,0.0029216519194850787,0.031213235559340722,0.9658427145594858
9325,2.4086632880707564e-05,0.002285434627104402,0.022522431603483353,0.9751680471365315
9326,0.0004312539725773169,0.1483040999367526,0.602271571075633,0.24899307501503704
9327,1.5718161156025137e-05,0.0033768343599217244,0.04474598484561406,0.9518614626333082
9328,1.381990607156521e-05,0.0026610213646404467,0.028653999900742657,0.9686711588285454
9329,2.4472880336720793e-05,0.0048057540863219944,0.04570331985490691,0.9494664531784344
9330,9.316290241494913e-06,0.002448000596670702,0.03138301123281697,0.9661596718802707
9331,5.648464341868092e-05,0.025324873020482763,0.5143083993038079,0.4603102430322906
9332,6.470285890786773e-05,0.015347627538524011,0.14990254836204037,0.8346851212405277
9333,3.5596662728410923e-06,0.0006254772322035742,0.008997556361903735,0.9903734067396199
9334,3.824494994516488e-06,0.0006263263305874443,0.009496999119739178,0.9898728500546788
9335,6.323857040089773e-05,0.037925451579183034,0.596423888042166,0.3655874218082501
9336,3.7732394140649816e-05,0.013927850940970533,0.23062490243774714,0.7554095142271416
9337,0.0001382617606676332,0.022392601730239978,0.15666955580293992,0.8207995807061524
9338,1.1328042183124289e-05,0.002892884056350064,0.03673846218567509,0.9603573257157918
9339,8.886799331776378e-05,0.20171102465270696,0.7786334424159497,0.019566664938025623
9340,9.38335015426568e-05,0.07032876305112945,0.5998442558575053,0.32973314758982253
9341,1.9382281847430243e-05,0.003342344350065523,0.02954156247265806,0.967096710895429
9342,9.602344949256119e-06,0.0009451032056279463,0.00923511863520256,0.9898101758142203
9343,3.860660168921355e-05,0.003866297467363735,0.028876633178295204,0.9672184627526519
9344,0.0002634509858700448,0.11249051003971572,0.5448474340139058,0.3423986049605084
9345,7.630734183367284e-06,0.0011546818093463372,0.013952618006298191,0.9848850694501721
9346,1.600580243866574e-05,0.002956145636216759,0.024427227419045128,0.9726006211422995
9347,6.59908965800951e-06,0.000842011462407549,0.007498035664036827,0.9916533537838976
9348,1.24226741831647e-05,0.001479493958734666,0.010202043568296928,0.9883060397987853
9349,5.06414059859183e-05,0.008273695860224806,0.05848345204410593,0.9331922106896834
9350,9.77623338410722e-06,0.0010826523725041436,0.012549113729313008,0.9863584576647988
9351,1.5914835362711727e-05,0.0012948149621482248,0.010182663554274923,0.9885066066482141
9352,2.7525272998274213e-05,0.007105342681345746,0.07935536125578371,0.9135117707898723
9353,6.3291086704917e-05,0.11467231919329854,0.7936310999592604,0.0916332897607362
9354,0.0002132771692333612,0.025038595645591924,0.17391069053696773,0.800837436648207
9355,5.861497554323471e-05,0.01423961522561203,0.14634604221237826,0.8393557275864665
9356,0.00014076707010042902,0.10093767239215218,0.7677970071490742,0.1311245533886733
9357,4.500226391259947e-06,0.0007309726765247384,0.012110312301292973,0.987154214795791
9358,3.5039050702510686e-05,0.17559443996533647,0.8137773392886223,0.01059318169533872
9359,0.00014293040074999164,0.21890423434013612,0.7198708088483345,0.06108202641077937
9360,2.4327955870873596e-05,0.006774931005939455,0.12869821157260464,0.864502529465585
9361,0.0003264825219145072,0.09000350798132757,0.5390378352874898,0.3706321742092681
9362,0.00046086387676279094,0.4198761464550786,0.5638074854054226,0.01585550426273609
9363,1.3821798200145207e-05,0.002439779784071758,0.028266894450195576,0.9692795039675325
9364,0.00014750406140921128,0.09913041001547429,0.7350660257655828,0.1656560601575337
9365,0.00016369575765292404,0.0718306324983566,0.5201564207766374,0.40784925096735314
9366,3.496781127179743e-06,0.0004699086055646095,0.005750306059024365,0.9937762885542839
9367,9.716793962114043e-06,0.001418508663164001,0.01634711370796221,0.9822246608349117
9368,7.485394094366708e-05,0.01862608937848059,0.20163174904322442,0.7796673076373514
9369,0.0001588956140378025,0.035731731965465405,0.29234974971610955,0.6717596227043872
9370,3.438414316658944e-05,0.004522064617183336,0.03256515578473525,0.9628783954549148
9371,3.117859698254396e-05,0.00962377369517226,0.17615751590155962,0.8141875318062856
9372,1.3296198825399371e-05,0.0016519934878901335,0.016104593918908786,0.9822301163943757
9373,0.00017145909114155895,0.06894849335874617,0.5082894836502142,0.42259056389989813
9374,0.00011299016570458589,0.05328946870256861,0.4656040784652278,0.48099346266649895
9375,1.876845964581066e-05,0.0061425665382505625,0.10179138584768806,0.8920472791544156
9376,7.565573911098297e-05,0.012483737736439352,0.12255079958208498,0.8648898069423647
9377,2.0218875711009673e-05,0.005565894032497944,0.05133020919971304,0.943083677892078
9378,9.747509117468794e-05,0.1378030937402444,0.6894663828559814,0.17263304831259957
9379,7.317531468249385e-06,0.0012601844127002482,0.014521094837562766,0.9842114032182687
9380,3.8150435267992955e-06,0.0005420656931681769,0.008010163845443872,0.9914439554178611
9381,0.0002481876182246475,0.078301519386086,0.5346307571850955,0.386819535810594
9382,0.00019940128682884096,0.05172127211760344,0.3396608797330857,0.608418446862482
9383,1.0131134826523584e-05,0.001399791659756534,0.017022091819734502,0.9815679853856825
9384,0.0001541453440461405,0.10852619864475191,0.6410973176207773,0.25022233839042485
9385,1.2765406153218707e-05,0.0014523746681246131,0.013415610259740944,0.9851192496659812
9386,1.0683514752332152e-05,0.0015670025949483532,0.01982109035770975,0.9786012235325896
9387,9.980555267748808e-05,0.026354570044118227,0.18656304561255674,0.7869825787906476
9388,1.7860919889781303e-05,0.002494098194329739,0.032880423498422656,0.9646076173873578
9389,1.2479030989190015e-05,0.0020654331603052593,0.021925511410896676,0.9759965763978089
9390,0.00039647838247896746,0.18268134745358208,0.6745147131691711,0.14240746099476792
9391,3.3201849639256855e-05,0.004140745907084782,0.031530587232654846,0.9642954650106211
9392,1.9072246284986277e-05,0.004067120780917251,0.04381725865482623,0.9520965483179715
9393,1.0987822052046309e-05,0.0018444267542515945,0.024724517193187794,0.9734200682305085
9394,8.368180213301298e-06,0.0012625887302023153,0.016016567284916183,0.9827124758046683
9395,3.344071057071691e-05,0.0111678087371414,0.2075819659465321,0.7812167846057558
9396,5.5004666871415596e-05,0.01902682999685135,0.2513683816402142,0.729549783696063
9397,8.208516842349182e-06,0.0022186040101241635,0.04037337701873461,0.9573998104542989
9398,5.489106838468683e-05,0.03151476519614471,0.6278210280766424,0.34060931565882824
9399,4.540575733739962e-06,0.0003379214067086074,0.003426251763068556,0.9962312862544891
9400,0.001162408020760824,0.1683304420484711,0.5935030446009452,0.23700410532982297
9401,8.835559976066235e-06,0.0014024936791060703,0.01594159067679162,0.9826470800841263
9402,1.0773389451465895e-05,0.0016920198735070158,0.015603954817593777,0.9826932519194478
9403,6.13489638527114e-05,0.012824141487910605,0.1301196336721364,0.8569948758761003
9404,0.00026570087554014115,0.19252668057926228,0.7335036279539573,0.07370399059124033
9405,2.4292585774714447e-05,0.0018630224546672368,0.016997510990084716,0.9811151739694733
9406,2.7889513569317868e-05,0.021389829312873837,0.5025258485793054,0.47605643259425146
9407,6.459785761221521e-06,0.0009023359402994137,0.009274050166963643,0.9898171541069758
9408,0.0002544084186442842,0.28092391116002297,0.6612856304624899,0.05753604995884286
9409,0.0001071173705904379,0.13874428333477992,0.7572402480673732,0.10390835122725636
9410,1.9819782084028352e-05,0.0035176736511744406,0.04084136220803514,0.9556211443587064
9411,5.169969361339249e-06,0.0008201530623218716,0.010663238702184824,0.988511438266132
9412,4.1626252402228246e-06,0.0005830873587036074,0.007581629730790821,0.9918311202852654
9413,8.523617824201846e-05,0.1745326164189978,0.7932072243502357,0.032174923052524465
9414,3.035259620354447e-06,0.0003716004545226493,0.00561794752134615,0.9940074167645109
9415,8.427333628522949e-05,0.1311365369756189,0.7838635732879791,0.08491561640011686
9416,1.9667230774363923e-05,0.004639564446744323,0.041676913275174685,0.9536638550473067
9417,0.000488197541618219,0.0201011992657205,0.08491722449344175,0.8944933786992195
9418,0.00015951061709145202,0.020257370338125632,0.11433787000153803,0.8652452490432448
9419,5.638602176225347e-05,0.0062420978019743665,0.052755964467669184,0.9409455517085943
9420,1.928253474791983e-05,0.002939791425928625,0.03392380812858891,0.9631171179107345
9421,1.888327592648579e-05,0.0037320580884908933,0.026666256697010074,0.9695828019385726
9422,1.3046338778895365e-05,0.002900401563664344,0.02825856337874536,0.9688279887188114
9423,4.0801523954244315e-05,0.006653015114464906,0.06549577849553756,0.9278104048660434
9424,1.0173734733713863e-05,0.0017300562374334611,0.019814397607724438,0.9784453724201084
9425,3.4235480084552853e-06,0.0004230591522676952,0.006491520301184772,0.993081996998539
9426,0.001897617795487447,0.34664398631794857,0.5329373419213547,0.11852105396520936
9427,4.074629683263728e-05,0.010405194404194044,0.1410899472996688,0.8484641119993044
9428,0.00018990061368019784,0.028734577272036977,0.13487981694057175,0.8361957051737111
9429,0.00011652677726860552,0.024138737947418085,0.15952579732364447,0.8162189379516689
9430,1.522201627698708e-05,0.003489056031582735,0.04085735829193209,0.9556383636602082
9431,1.2101108398481948e-05,0.0020504452110710805,0.017392105816824516,0.980545347863706
9432,2.815056472190119e-06,0.0004490270183543596,0.005112253465013607,0.9944359044601598
9433,9.81050662250347e-06,0.0018097037013228578,0.024289940194972034,0.9738905455970827
9434,3.900548323093141e-05,0.004820807234339157,0.03596728602690069,0.9591729012555292
9435,2.3733226014741846e-05,0.0027020467343491453,0.01818264874717063,0.9790915712924655
9436,1.1569986257043728e-05,0.0012038785592021284,0.014481777036725423,0.9843027744178154
9437,0.00042003300425955006,0.031440927468100184,0.19686861341735448,0.7712704261102858
9438,2.5217606944966467e-05,0.002579064531031339,0.01636621807364752,0.9810294997883762
9439,1.8498687517209445e-05,0.0030689166228804556,0.03374566542378787,0.9631669192658145
9440,0.00015793832486213035,0.01919872150982252,0.12966517080642537,0.85097816935889
9441,2.871942151786418e-05,0.0038848048809712976,0.029233006298216596,0.9668534693992943
9442,4.7855926238083324e-06,0.0011547101318351762,0.01606806150823647,0.9827724427673046
9443,3.4990455785939415e-05,0.00661816324557052,0.0821663980132159,0.9111804482854277
9444,0.0004152632434411599,0.08930567085678638,0.43889876991458965,0.47138029598518283
9445,5.883145809095535e-05,0.008487585762894205,0.07104452940025824,0.9204090533787566
9446,1.0268746113256753e-05,0.0010363358516222772,0.011011640221392898,0.9879417551808716
9447,6.655598729163559e-06,0.0006911151453602426,0.006088085068202744,0.9932141441877078
9448,1.2621936025810734e-05,0.0023324429308967582,0.020052038546142202,0.9776028965869352
9449,8.533832381561582e-06,0.00111606570510498,0.01129251887295739,0.9875828815895561
9450,3.1659912428815293e-06,0.0006617203335373089,0.008341804780639367,0.9909933088945805
9451,0.0013753238258836797,0.20314088387345294,0.5851642765249597,0.21031951577570374
9452,3.3780729542127194e-05,0.004244015880148088,0.030878799069370785,0.9648434043209391
9453,1.9495094136850244e-05,0.0028263708025335925,0.0237441355007868,0.9734099986025428
9454,7.301919888222379e-05,0.06560159688897053,0.6982391559307526,0.23608622798139467
9455,0.00011379676748949251,0.006205440819220675,0.03590431787365085,0.9577764445396391
9456,6.7808727944324e-05,0.02416814345991177,0.3557184428460175,0.6200456049661265
9457,6.691579444349208e-05,0.012989064793878742,0.09608050608933763,0.8908635133223402
9458,9.909174812407174e-05,0.04155895113903427,0.5006623321427217,0.45767962497011994
9459,1.2326478342554938e-05,0.0030974844599199716,0.03908876617466694,0.9578014228870705
9460,0.0001089182747541597,0.02161490980245928,0.15635521516956777,0.8219209567532189
9461,7.877894664074557e-06,0.0012151098759817017,0.01596542842892216,0.9828115838004321
9462,0.00030352941167375387,0.10470267751602871,0.6526472249796782,0.24234656809261929
9463,4.638469875263175e-05,0.032455665470412426,0.4797443271605991,0.48775362267023586
9464,5.928285605107333e-06,0.0009683961823149507,0.013925946904785267,0.9850997286272947
9465,3.4499565822810793e-06,0.0004631830332084069,0.004723077575057873,0.9948102894351515
9466,0.00013536784230355477,0.022790562221781392,0.190473325356791,0.7866007445791241
9467,0.00019873983483761307,0.06815678732059502,0.45081549369347884,0.4808289791510885
9468,4.512806855353496e-05,0.008428746938935262,0.06111110891851258,0.9304150160739987
9469,1.2373710593986483e-05,0.0028174721586681577,0.05126247505454335,0.9459076790761946
9470,0.00010069627124867917,0.013307466748516475,0.08728513131342638,0.8993067056668085
9471,1.3475479867113482e-05,0.0016170478644437708,0.016540671830844924,0.9818288048248442
9472,6.629931871883405e-06,0.0008283230336224726,0.008561554149464343,0.9906034928850413
9473,0.00017957340806982444,0.04122013589815086,0.28440354599556605,0.6741967446982133
9474,6.4150235184071556e-06,0.0009104864480367027,0.011650036416405557,0.9874330621120393
9475,5.628382708658701e-05,0.02642882105672333,0.4425217638698513,0.5309931312463388
9476,5.287806318731644e-05,0.006750052317089349,0.04966086816575259,0.9435362014539708
9477,6.306048246639091e-06,0.0011145658159030672,0.013272632855958368,0.985606495279892
9478,3.484700839269244e-06,0.0004985654832975501,0.006030082094691762,0.9934678677211715
9479,0.0001089378423547127,0.08052130993880438,0.6561360838086439,0.263233668410197
9480,3.385634001485927e-05,0.012470988847258588,0.17332482752200812,0.8141703272907184
9481,1.3286446984241073e-05,0.00197729540206546,0.02479586200019784,0.9732135561507524
9482,1.1014166126458818e-05,0.0016613669614892297,0.016043030949091944,0.9822845879232924
9483,9.757915715299486e-05,0.060717216394464535,0.5431470915757837,0.3960381128725988
9484,6.045357971341363e-05,0.021684730549539614,0.1806475131788037,0.7976073026919432
9485,7.470394388052521e-06,0.0007501870275126991,0.005397579157263253,0.993844763420836
9486,8.413713962536534e-06,0.0006914611410983008,0.005861270873177801,0.9934388542717614
9487,9.916639267293862e-05,0.027011520723648635,0.16972498151948384,0.8031643313641946
9488,2.2014395597270656e-05,0.004034814060690375,0.039253781810281364,0.956689389733431
9489,1.3748623166275187e-05,0.002756962516379145,0.030205811369529163,0.9670234774909254
9490,1.7500636942712214e-06,0.00029360895557274685,0.003485543497171178,0.9962190974835619
9491,6.0558269921433415e-05,0.012906823595706931,0.09777199350899486,0.8892606246253768
9492,1.6870872702076917e-05,0.0034093079952153575,0.025953498994493895,0.9706203221375886
9493,3.892919308179765e-05,0.009855088976510261,0.14570242805249023,0.8444035537779178
9494,1.86800280899346e-05,0.0021308668751708016,0.020996719334685974,0.9768537337620533
9495,1.1730295347018876e-05,0.0014820036129161423,0.019290301898335735,0.9792159641934011
9496,5.534799771977876e-05,0.42160470538419714,0.5730380404162612,0.005301906201821917
9497,3.9983327270224714e-05,0.03148278660606241,0.45119434591262386,0.5172828841540436
9498,0.0001495071165417286,0.14964482763274733,0.7694031761516682,0.08080248909904275
9499,4.530881236261742e-05,0.010959433756303994,0.13586778669663824,0.8531274707346951
9500,0.0004690442360086828,0.051760021093275495,0.29431193171560455,0.6534590029551113
9501,0.0003568862910044994,0.08933886069894502,0.5731323466278396,0.33717190638221084
9502,2.2631555384774154e-05,0.0034762850431992163,0.03859330130378483,0.9579077820976312
9503,8.724443899336603e-05,0.043713625713323254,0.4049620025645152,0.5512371272831682
9504,1.2787727739034271e-05,0.0029428932340940434,0.04059819588837424,0.9564461231497927
9505,2.978055496266771e-05,0.006579536755119913,0.07361664131203081,0.9197740413778865
9506,2.436222412352144e-05,0.0044182547099286575,0.053595095965500994,0.9419622871004468
9507,0.0007276019055286829,0.059597321282895035,0.30106032170357944,0.6386147551079968
9508,4.3531676301782806e-05,0.011693611403829915,0.15559000076978036,0.832672856150088
9509,3.2027625691167907e-06,0.0005530228397431616,0.005572718483985313,0.9938710559137024
9510,9.200210098644979e-06,0.001447134714416742,0.015855592165807453,0.9826880729096772
9511,5.3706540957096396e-05,0.08016588427170245,0.8014145045941082,0.11836590459323228
9512,0.00028235939057348657,0.04862697787376789,0.3123623461427174,0.6387283165929412
9513,3.155155983469089e-05,0.007535417984684256,0.0974542712755318,0.8949787591799493
9514,0.00013353679742738307,0.03246008854283933,0.3273217590065076,0.6400846156532256
9515,7.251157361983553e-06,0.0010853289748966087,0.011630142286399877,0.9872772775813415
9516,6.0467958904344805e-05,0.02681818492397157,0.38926175073254554,0.5838595963845785
9517,0.00018226684317760387,0.05575848052602371,0.39435838001731116,0.5497008726134875
9518,4.724739368555418e-06,0.0008284780033559179,0.010599867020467892,0.9885669302368076
9519,3.435109710872412e-05,0.004225738836704614,0.0411398720893011,0.9546000379768855
9520,2.84535295351457e-05,0.01172009786648106,0.2472736881197069,0.7409777604842769
9521,0.00043754126644565157,0.26542273220497253,0.689390371574053,0.044749354954528836
9522,2.8673152457906842e-05,0.0038538927188865387,0.030844207470765623,0.96527322665789
9523,4.436658122715432e-05,0.010071092158872978,0.10521176615172884,0.8846727751081711
9524,1.040964187649759e-05,0.0017483244556161714,0.015253268241930903,0.9829879976605764
9525,1.3031066739484688e-05,0.0031087681046929804,0.04209351777418094,0.9547846830543866
9526,0.00010030341771314653,0.051615601726922714,0.48916053803899806,0.4591235568163661
9527,3.39249862165787e-05,0.0033160507713017855,0.02626608910185487,0.9703839351406267
9528,1.1087087641302983e-05,0.0018028124365274932,0.017292761257219413,0.9808933392186119
9529,0.00042455303984211397,0.23025202113811907,0.6825241664203218,0.08679925940171702
9530,3.4494452409793234e-05,0.005853422942616997,0.04675243062571372,0.9473596519792595
9531,5.6033797493070695e-06,0.0004733990181006167,0.005259146667752434,0.9942618509343977
9532,5.684135034614049e-06,0.0010345686525479738,0.014019687702381406,0.984940059510036
9533,2.7364912487715424e-06,0.0002911465592011705,0.0037464694122966713,0.9959596475372534
9534,3.5662728362043433e-05,0.00417701610004689,0.0377714027357667,0.9580159184358243
9535,0.0002489594027077993,0.03232546625403257,0.2087637699276593,0.7586618044156004
9536,7.842685731984444e-05,0.011268968354138167,0.082056753006891,0.906595851781651
9537,1.7550604601070756e-05,0.0016191283049104403,0.014866374211778022,0.9834969468787105
9538,1.8916414791244612e-05,0.0026526961958860088,0.021685230403729782,0.975643156985593
9539,7.969869393250472e-06,0.0009635055738332755,0.009653093614538581,0.9893754309422349
9540,1.634285832295427e-05,0.001789653195947337,0.017139911706140085,0.9810540922395896
9541,5.93504638994145e-06,0.0010132263313836682,0.014145341966574555,0.9848354966556518
9542,7.010622158878642e-06,0.0011789357899441761,0.01239269912216445,0.9864213544657325
9543,5.679499640212786e-06,0.0005920146268319919,0.007884964482260037,0.9915173413912678
9544,7.323860811058227e-06,0.0012499584379866892,0.013684326726758712,0.9850583909744436
9545,2.7476510678456136e-05,0.002748488150703815,0.026639677174317415,0.9705843581643003
9546,9.750940763115267e-06,0.001049765563322605,0.00990649955949856,0.9890339839364157
9547,0.0004194597288651959,0.11006487896723186,0.5683229320470011,0.3211927292569018
9548,1.0997008865541507e-05,0.002648659066028795,0.0588627009641412,0.9384776429609645
9549,6.6268464499122766e-06,0.0009233482670416974,0.008712523639299719,0.9903575012472087
9550,6.5145289002976045e-06,0.0016481259215744026,0.025047755261350238,0.9732976042881751
9551,5.27304797385266e-06,0.0009156760186432574,0.010612127496080218,0.9884669234373027
9552,1.0661436829539987e-05,0.0021462990122264863,0.016462742631146894,0.9813802969197971
9553,3.2569185764059476e-05,0.010391142341675309,0.1277778586081792,0.8617984298643815
9554,8.044898884185657e-05,0.035179167504560335,0.35917310595531354,0.6055672775512843
9555,2.1181308619281585e-05,0.004803521509043332,0.05249136524348568,0.9426839319388517
9556,4.721845706337673e-05,0.014342082644681363,0.2505767557679909,0.7350339431302644
9557,9.233665187915372e-05,0.014505411530310099,0.10579745354475538,0.8796047982730554
9558,1.1515127058948153e-05,0.0014817172686324381,0.012855310321376233,0.9856514572829325
9559,1.290339774899614e-05,0.0028983387774601656,0.033834566782111546,0.9632541910426793
9560,2.912055583814644e-05,0.0028164061880431683,0.02600182225235207,0.9711526510037667
9561,0.00044617872266861753,0.11847043081795439,0.5820004880423709,0.2990829024170061
9562,1.3940417309960178e-05,0.002248537961109359,0.020122500408087465,0.9776150212134933
9563,0.00037866731520783104,0.1036000981167218,0.65522735498622,0.24079387958185047
9564,0.0001327137104467444,0.21813304424024774,0.7128745385528824,0.06885970349642315
9565,1.4974020290548878e-05,0.003492952105737272,0.03351118410979903,0.9629808897641732
9566,3.032261156346732e-05,0.010531209580827195,0.21446653685606348,0.7749719309515458
9567,9.522184390792445e-06,0.0005430485749903657,0.0061766993468703995,0.9932707298937485
9568,9.7504883323292e-06,0.0027116205168977014,0.039544178677949744,0.9577344503168203
9569,4.3652545933935e-06,0.000449152384101578,0.0062076011088577805,0.9933388812524473
9570,1.0811181247369103e-05,0.0013343945307116754,0.015701706992042312,0.9829530872959987
9571,5.2933241647027195e-06,0.0006703162541747577,0.0076840247696021826,0.9916403656520584
9572,0.0004067655115699899,0.06283894025862863,0.36147043335672197,0.5752838608730794
9573,1.7550934851091185e-05,0.002803612559790817,0.02695310621224506,0.970225730293113
9574,1.0626000792793782e-05,0.0020529863619188383,0.036419107289669815,0.9615172803476185
9575,3.0284552486737027e-05,0.0044824643841851804,0.04162361438317172,0.9538636366801564
9576,0.00015784637447896518,0.024949701762765095,0.18040133227386482,0.7944911195888912
9577,0.00018904389151732856,0.17402756602739383,0.78754263458475,0.03824075549633882
9578,5.413209436394617e-06,0.0007029197230456251,0.009273726439652605,0.9900179406278654
9579,7.395425153499543e-05,0.03546820501806434,0.2767684444857107,0.6876893962446899
9580,4.5288109091977006e-05,0.008276788962046998,0.056754726352609336,0.9349231965762517
9581,0.00011645036003242778,0.026338461169074803,0.33485729438065504,0.6386877940902378
9582,1.2671826963228789e-05,0.00247630094510967,0.03935636823983933,0.9581546589880878
9583,4.243804807573538e-06,0.000456488805182146,0.004966732881932624,0.9945725345080777
9584,7.0927524539018016e-06,0.0010460846587701583,0.012026412510959197,0.9869204100778168
9585,2.1193910168871046e-05,0.002928718584823093,0.03985995670338797,0.9571901308016201
9586,5.796927125266402e-06,0.00151538119910807,0.028340450485926934,0.9701383713878398
9587,2.1438249171510136e-05,0.006047552726588661,0.08258365783873299,0.9113473511855068
9588,3.4004337165740784e-05,0.006071870198233187,0.05101582205227846,0.9428783034123226
9589,0.000258434334995924,0.061828833096441244,0.3817202214024271,0.5561925111661358
9590,0.00030180359008480384,0.023061702114181286,0.15446295967958468,0.8221735346161492
9591,3.395671900150973e-06,0.0003954130722764681,0.006227580015762981,0.9933736112400604
9592,7.161686265011286e-06,0.0015443526327897374,0.018908598660339792,0.9795398870206053
9593,3.991676541892366e-06,0.0004232197434515826,0.005563233406744171,0.9940095551732624
9594,8.606251043398985e-05,0.013951175442020465,0.1588753320714164,0.8270874299761292
9595,4.413095760447758e-05,0.005661902366012831,0.03593266776614171,0.958361298910241
9596,0.00018594953595097775,0.06255942166448325,0.4305231665620806,0.5067314622374852
9597,5.360452030617629e-05,0.04508113350771864,0.59201611999335,0.36284914197862517
9598,0.00012559623179998525,0.012149277078775219,0.07268677060213523,0.9150383560872895
9599,5.1493426691283255e-05,0.009289793150865701,0.09065223035042386,0.9000064830720191
9600,1.5936863815618852e-05,0.0026402691674365392,0.026141705735410223,0.9712020882333376
9601,3.909815141940207e-06,0.0006270505791182541,0.006966626379356337,0.9924024132263836
9602,1.0138975357109455e-05,0.0007240541774209399,0.006336086920514626,0.9929297199267073
9603,5.8426331375377645e-05,0.028454486844312253,0.277093689483864,0.6943933973404484
9604,0.0007805698765806509,0.027981325228854225,0.12165687371140939,0.8495812311831558
9605,6.656231842017916e-05,0.009021041648011369,0.06871026145726329,0.9222021345763052
9606,3.531903832551922e-05,0.006377696609997429,0.07266583671626908,0.920921147635408
9607,8.063383065941503e-06,0.0011134856909877637,0.012444053932472138,0.9864343969934741
9608,1.1737909504264016e-05,0.0024363489809344804,0.023585576570802555,0.9739663365387587
9609,1.2855514979603286e-05,0.0016963832840039912,0.014298799347279763,0.9839919618537366
9610,2.294506996372203e-06,0.0002753097024778555,0.0037034952036584727,0.9960189005868674
9611,2.0942893191760555e-05,0.004150768671697703,0.04768474372007843,0.9481435447150321
9612,8.246338039708867e-05,0.06202726643884646,0.6481105818637902,0.28977968831696627
9613,9.489777987140421e-05,0.030242571845062995,0.31516092248457317,0.6545016078904924
9614,6.680717711731001e-06,0.000792764046493924,0.0066562150437012935,0.992544340192093
9615,5.736924028457801e-06,0.0007521367151858821,0.006811385061352584,0.9924307412994331
9616,1.6311050064557795e-05,0.002405847022113889,0.020013008053501632,0.9775648338743199
9617,6.177547025720728e-06,0.0010522963659281234,0.014308980561448555,0.9846325455255976
9618,5.019613869380321e-06,0.0007459574424273221,0.008627117823996297,0.990621905119707
9619,3.0289462788843916e-06,0.0002999979003561546,0.005190115603783151,0.9945068575495819
9620,0.0003452298694907528,0.054679233665751316,0.3873543255044946,0.5576212109602633
9621,1.7706828717590237e-05,0.0021475960115686825,0.01844921697193629,0.9793854801877775
9622,0.00016631910000919678,0.06922268533301607,0.4879469199160899,0.44266407565088484
9623,7.80719102633208e-06,0.0021717277496523663,0.02674053687020304,0.9710799281891183
9624,1.0937815272953662e-05,0.0016341046117351258,0.01878514685990153,0.9795698107130903
9625,4.245427288241104e-05,0.009573999233023866,0.15394033683739317,0.8364432096567006
9626,0.0006540309885508958,0.1384660808269707,0.5167662962686058,0.34411359191587254
9627,0.00015143441641873542,0.06979656855655547,0.5299625020846779,0.4000894949423479
9628,4.044617615889743e-06,0.000504858130063084,0.004934769855851297,0.9945563273964697
9629,2.6376950481682902e-05,0.0023837244487388103,0.01483593147352931,0.9827539671272503
9630,1.563268008857471e-05,0.0012392797645833114,0.010073695855938985,0.9886713916993891
9631,5.740527222591952e-06,0.0008610315323447846,0.012586760029617757,0.9865464679108149
9632,7.776922274581868e-06,0.0008712651038586974,0.009271434939422155,0.9898495230344446
9633,0.00012589538282601722,0.143550526542494,0.6508710502428419,0.2054525278318382
9634,6.804446558733217e-06,0.0006996090142323056,0.00679454891854202,0.9924990376206669
9635,7.33536181584084e-05,0.057497917912774095,0.6357246727772291,0.30670405569183834
9636,1.8813514947790417e-05,0.0027701402759230205,0.03654920113742548,0.9606618450717037
9637,3.8192049967316034e-05,0.0043443130382625934,0.055416045461985176,0.940201449449785
9638,0.00014989636654502472,0.01556676428733222,0.079697795010373,0.9045855443357498
9639,1.4336956415453738e-05,0.0015750043147199331,0.01153705499018896,0.9868736037386756
9640,1.651908033011031e-05,0.0029108104616528472,0.04187592878112479,0.9551967416768923
9641,8.48763726904026e-06,0.001751358212077278,0.047416493406896645,0.950823660743757
9642,0.0003117796462902818,0.16579345425103054,0.5741809307085362,0.259713835394143
9643,3.349862821574752e-06,0.0003118671756041902,0.0035720216813345546,0.9961127612802397
9644,1.6276591005801682e-05,0.002183295222801294,0.016686787467243485,0.9811136407189495
9645,6.287530090811189e-06,0.0007720023233674609,0.007923442293387295,0.9912982678531544
9646,0.00010663341591953055,0.07069467432696741,0.7783210993186982,0.15087759293841482
9647,4.049367312501911e-05,0.005569213280041811,0.06639346517580832,0.9279968278710249
9648,4.5104126267793544e-05,0.0077426669452866454,0.07552344186689142,0.9166887870615541
9649,3.226141619506356e-05,0.003985356454613943,0.030046866647008633,0.9659355154821824
9650,1.4779051121720105e-05,0.0027011203350193,0.028016881103297468,0.9692672195105616
9651,1.2659114941028397e-05,0.003889664459036773,0.06650001192122262,0.9295976645047996
9652,0.00037191196915568707,0.14152025400212986,0.5743188636833587,0.2837889703453558
9653,4.4706116275881774e-05,0.016299745580501443,0.21253020675722883,0.7711253415459938
9654,0.00020282106136061687,0.027361225627885545,0.17704673280514532,0.7953892205056086
9655,0.000245576182331509,0.06465376045348761,0.5195652025918059,0.4155354607723749
9656,2.717545919132753e-05,0.008003204157448325,0.16220812558221964,0.8297614948011407
9657,0.00010246732922067258,0.09611247658502424,0.7289665563165071,0.17481849976924807
9658,6.2006975970688784e-06,0.0007041223864273445,0.008249384390083055,0.9910402925258925
9659,0.0001545101727292278,0.015696657736803565,0.0753943769756855,0.9087544551147817
9660,3.06467427422087e-05,0.010026969053304255,0.1377971468092542,0.8521452373946994
9661,0.0005519771116339169,0.15729508529106467,0.5902971521176417,0.25185578547965976
9662,0.00010344718202214718,0.027223501649219203,0.26733270634255657,0.7053403448262021
9663,2.2483318553993813e-05,0.002833196723276281,0.021313494873036225,0.9758308250851335
9664,1.4364240977697527e-05,0.0026048954638887884,0.030410725898740373,0.9669700143963932
9665,8.733694772173554e-05,0.022620585878699924,0.2095318543747663,0.7677602227988121
9666,3.0067859151649906e-06,0.0005114729059131072,0.00936975795798084,0.9901157623501909
9667,1.677269144916045e-05,0.0016411653331139136,0.012365710809988396,0.9859763511654486
9668,5.711706359995824e-06,0.0008888822962140834,0.010270677757060014,0.9888347282403659
9669,7.02218239763349e-06,0.0008924620178340381,0.012021216604308299,0.98707929919546
9670,5.764853510211352e-06,0.0005746841790298687,0.005571335517968219,0.9938482154494918
9671,2.6265704031747797e-05,0.004494199696368834,0.0413665170809418,0.9541130175186576
9672,5.6334980481462215e-05,0.008162908960780693,0.07089586151378621,0.9208848945449516
9673,8.718357032101571e-06,0.001095832153038565,0.009561858156820315,0.989333591333109
9674,5.996063570881007e-05,0.025497964075889525,0.3402674587797159,0.6341746165086857
9675,1.6715710078813686e-05,0.0028823241548005265,0.023151244405891162,0.9739497157292294
9676,9.085537835665827e-05,0.056112335492651766,0.38083661217171394,0.5629601969572777
9677,8.625356533805383e-06,0.0019733986833938757,0.019178146666816026,0.9788398292932563
9678,1.993925550386782e-05,0.0036505216156873096,0.048874559237611616,0.9474549798911972
9679,1.088299009841774e-05,0.0008411496347799315,0.007234902114691235,0.9919130652604304
9680,1.932589863065085e-05,0.001965700318651102,0.012047097395726576,0.9859678763869917
9681,1.686420130375855e-05,0.0025461707615723143,0.02072677581899128,0.9767101892181327
9682,2.7539411575883865e-06,0.0003866013412878412,0.005072603378960212,0.9945380413385944
9683,1.5230789365164286e-05,0.0019810186686959204,0.01568412922717889,0.98231962131476
9684,8.52709988664581e-06,0.0012083352079969405,0.010191279199217926,0.9885918584928985
9685,9.697315670376776e-06,0.0009026723963941018,0.007672000218408149,0.9914156300695274
9686,0.006164249842747278,0.09944132204730702,0.24595045457869752,0.6484439735312482
9687,0.00010822492455975601,0.01837013282329834,0.2142687254993836,0.7672529167527583
9688,4.907799092187967e-06,0.0007546926284804349,0.008063677850089745,0.9911767217223376
9689,8.745030416037637e-05,0.007831377612668057,0.04562227066303737,0.9464589014201342
9690,2.9817952697210637e-05,0.0034188683964662793,0.026509699119450718,0.9700416145313858
9691,3.567829672722667e-05,0.016894855462135004,0.3114050292638223,0.6716644369773156
9692,1.22232927135932e-05,0.0008287575491731699,0.007613963914426633,0.9915450552436866
9693,8.370858673766346e-06,0.0013665294547031202,0.018303026493984135,0.980322073192639
9694,2.16320444870786e-06,0.0002153648699333507,0.0025728363782768562,0.997209635547341
9695,0.0006327249044689214,0.15903026410162682,0.5664923788628679,0.27384463213103644
9696,1.250573338461336e-05,0.0020005000576499388,0.02003457655537357,0.9779524176535919
9697,5.289486107828364e-06,0.0008033273491547131,0.009816816734082535,0.9893745664306549
9698,0.0005382499888090325,0.1740099448049376,0.6057497575847424,0.21970204762151097
9699,8.485534554675392e-05,0.010289589392771262,0.04420761952978194,0.9454179357319
9700,1.2460868684812155e-05,0.0020960089005902633,0.02219791136042334,0.9756936188703016
9701,1.3792805606574928e-05,0.0021607235057388707,0.017311416081026293,0.9805140676076283
9702,5.253205675263954e-05,0.005404284267093967,0.03851053048609192,0.9560326531900615
9703,1.5851492956761024e-05,0.002846294642078173,0.037343614941284194,0.9597942389236809
9704,5.774346496619487e-06,0.0014041690944085008,0.02206795691403395,0.976522099645061
9705,3.957259753365916e-05,0.007693380427602597,0.09400856975783504,0.8982584772170288
9706,0.0005113563437895664,0.10731654348622117,0.4492607113453395,0.44291138882464975
9707,0.00017223119726378935,0.041615140050727986,0.3667799115617367,0.5914327171902715
9708,1.9914803184226782e-05,0.004285865809531065,0.045877419884343115,0.9498167995029416
9709,7.583277282597628e-05,0.05345579846546231,0.5666730012195534,0.37979536754215826
9710,7.293410791079157e-05,0.008895714878884676,0.055998338809966415,0.9350330122032382
9711,6.896367266622669e-05,0.0093219531870994,0.06385498493596954,0.9267540982042648
9712,7.780990228748342e-06,0.0009913659316053973,0.009201984820877801,0.989798868257288
9713,1.7833237858920972e-05,0.0026536092864910777,0.026227160204716805,0.9711013972709333
9714,0.0002936673307999788,0.05759700492075525,0.3445385473037853,0.5975707804446595
9715,2.2765864671882336e-05,0.006228283351151501,0.09699865392921503,0.8967502968549615
9716,2.206127257499797e-05,0.0039740581320730165,0.05069490560910908,0.9453089749862429
9717,1.2341755894645697e-05,0.0016438602661371774,0.013616852885866532,0.9847269450921017
9718,7.412486114889413e-06,0.0008814513861942297,0.010962485289682642,0.9881486508380083
9719,3.0776424548955307e-06,0.0004559933376204345,0.005825996109938638,0.993714932909986
9720,5.785630006699978e-05,0.007428218103546631,0.06170899571618743,0.930804929880199
9721,0.00026321718556822094,0.061405207298806816,0.42238833292069955,0.5159432425949254
9722,9.219446557856486e-06,0.0018725576090589556,0.031193915825677612,0.9669243071187056
9723,5.152635841595862e-05,0.004022274773307671,0.031883304975166074,0.9640428938931103
9724,0.0008914241272802559,0.14587669209708945,0.5753862520379335,0.2778456317376969
9725,0.0011103696016199587,0.14198447551216364,0.5683969572813501,0.28850819760486635
9726,2.919273170276007e-05,0.004597911454130468,0.0389883321710371,0.9563845636431297
9727,0.0005535437048874142,0.1132062760898789,0.5452619097440524,0.3409782704611813
9728,3.1404499008972906e-06,0.00039037024718722253,0.004536286951270818,0.995070202351641
9729,2.578669854967118e-06,0.0002624553204304749,0.003263641219705205,0.9964713247900093
9730,7.8839062701676e-05,0.010608184918762507,0.09206406658439518,0.8972489094341407
9731,0.00015218130356632148,0.012977664994234743,0.09431271995747074,0.8925574337447282
9732,0.0002075858846110115,0.011396471707292587,0.07149367543415583,0.9169022669739406
9733,2.841519640185271e-05,0.0057708125557761536,0.08925752904277867,0.9049432432050433
9734,2.8061927728325522e-05,0.009016602831932894,0.2868241019515566,0.7041312332887821
9735,3.055355185490848e-06,0.0005627070324132826,0.009178933701463981,0.9902553039109372
9736,2.2938866715278737e-06,0.0003275699952278592,0.0041988310080273705,0.9954713051100732
9737,0.00013729135997699908,0.011126281883370935,0.05878659595232803,0.929949830804324
9738,4.298265413630958e-06,0.0004143208469962011,0.003736608036880207,0.99584477285071
9739,4.492005760556261e-06,0.0005744605209597679,0.005760371567427399,0.9936606759058523
9740,9.203364454330301e-06,0.0032153872089493944,0.07923184439456685,0.9175435650320294
9741,2.5077926089052426e-06,0.00048583204542653987,0.007323058540969214,0.9921886016209953
9742,4.396381644908504e-05,0.008870663736106812,0.06198479557494275,0.9291005768725014
9743,1.1345049064139701e-05,0.0017094341449908287,0.01379746415780761,0.9844817566481374
9744,9.540921112196869e-06,0.0016130743145817102,0.01657394472530649,0.9818034400389997
9745,0.00025781525947256317,0.3965368734130931,0.5962558887858799,0.006949422541554544
9746,4.362881129662375e-06,0.0006149565568254853,0.006739847010817726,0.9926408335512271
9747,5.506232293808354e-06,0.0008931760754152203,0.010046158840318762,0.9890551588519723
9748,6.525581534065546e-06,0.00126046869870753,0.01634662523183658,0.9823863804879218
9749,6.612072346026337e-05,0.03246427150306472,0.3554585973139173,0.6120110104595577
9750,3.4578182453897646e-05,0.00817188580269634,0.0796084344614619,0.912185101553388
9751,6.118479732628387e-05,0.028938372648628308,0.5121277123036213,0.4588727302504241
9752,3.10366249411783e-05,0.004689658574605717,0.04556914413200507,0.949710160668448
9753,1.1520677691092047e-05,0.0016753664801168412,0.011947691640061053,0.986365421202131
9754,0.0002728866129170373,0.0453797622871435,0.2575068875493941,0.6968404635505454
9755,1.3149926369549559e-05,0.0011698169350108088,0.009042223335762637,0.9897748098028569
9756,0.000266297996327397,0.050728533564435484,0.2592617225273142,0.6897434459119229
9757,3.868321672723708e-05,0.003939130420855411,0.02357665364432115,0.9724455327180962
9758,9.203565717783956e-06,0.0016146301484335761,0.019891464050561154,0.9784847022352875
9759,5.1479301566578065e-05,0.006322931681597736,0.046863291294505824,0.9467622977223299
9760,4.382526244927046e-05,0.013429472086035735,0.1467791325763571,0.839747570075158
9761,0.00011610660197107234,0.04683878039823339,0.46726811437143173,0.48577699862836377
9762,1.6670231846599056e-05,0.005035572971408302,0.08601938649900348,0.9089283702977417
9763,1.3188403227866763e-05,0.002999720822503595,0.03458530150129011,0.9624017892729785
9764,0.00011109723196919952,0.016036465016222766,0.10651088319975804,0.87734155455205
9765,0.00010367680279147257,0.11659573272839979,0.8003631969560556,0.08293739351275317
9766,6.8587307831110245e-06,0.0009206304889822219,0.00996239489415163,0.9891101158860831
9767,2.6793468806117227e-06,0.0004271767781066305,0.004417388621985471,0.9951527552530273
9768,6.552315781892072e-05,0.004960115345173337,0.03246040734571639,0.9625139541512914
9769,1.5588171908716033e-05,0.0037364935438603435,0.073313728327156,0.922934189957075
9770,1.5918973036676073e-05,0.002496528321167494,0.025784806417566503,0.9717027462882293
9771,5.875205919880298e-05,0.02038074653387164,0.3436582367630908,0.6359022646438388
9772,2.0823807872441582e-05,0.0035107831154501715,0.0485307685230439,0.9479376245536335
9773,2.796238891911998e-05,0.006350072350341715,0.09553301126839067,0.8980889539923484
9774,7.716185923843221e-06,0.0006941264370630882,0.007373191417313843,0.9919249659596993
9775,4.289424036165092e-06,0.0004778379817452651,0.004670208404808564,0.99484766418941
9776,8.735561286732506e-06,0.0013172717868407328,0.012641613725738512,0.986032378926134
9777,8.846462768667062e-06,0.0026145702828142296,0.04222547075231644,0.9551511125021006
9778,4.4821328808356265e-06,0.0008247989615735445,0.010833232430265781,0.9883374864752799
9779,0.00025451358656655763,0.11550257581805909,0.6796418201027188,0.20460109049265562
9780,2.363427906387506e-05,0.0034434624995883733,0.024022949515160368,0.9725099537061874
9781,3.793396598671081e-06,0.00048521076131553635,0.00527132907906539,0.9942396667630204
9782,0.00011411340415831922,0.017508655772322537,0.12203807787931066,0.8603391529442085
9783,3.815842062150517e-05,0.06512317001672534,0.8513235305904477,0.08351514097220548
9784,0.0002102136869214685,0.17211913441693388,0.7173541329215191,0.11031651897462555
9785,0.00010234055775670212,0.05967055428972949,0.6883331997330249,0.2518939054194889
9786,1.2029816712909099e-05,0.002871894241020487,0.046678813812497874,0.9504372621297688
9787,8.332041697463987e-05,0.013702746049399483,0.11039368499719482,0.875820248536431
9788,4.810793324729747e-05,0.02766431933454669,0.29608565443279977,0.6762019182994062
9789,0.00026502037420173685,0.05403139207166118,0.42429923695292504,0.521404350601212
9790,8.39879025557236e-06,0.0012902085636431612,0.014651962170173885,0.9840494304759274
9791,0.00010230621544670359,0.13534618552557448,0.7794001471347571,0.08515136112422153
9792,2.6316171311931702e-05,0.0037082244858090037,0.03313830176780128,0.9631271575750778
9793,1.7487274766762142e-05,0.005523087394344759,0.05997761210717381,0.9344818132237147
9794,4.414828740931324e-06,0.0006095958096526807,0.010085783518828738,0.9893002058427777
9795,4.235616814269443e-05,0.017246139598539267,0.3389366547716197,0.6437748494616984
9796,2.8611450261882718e-05,0.005060416954240895,0.05805571682558755,0.9368552547699097
9797,0.0011148112418203314,0.6530385965646804,0.3283476310318834,0.017498961161615846
9798,2.6903061293321543e-05,0.004272629370588342,0.042004449953823894,0.9536960176142945
9799,4.930319849482609e-06,0.0005332968555958629,0.005229409799645293,0.9942323630249094
9800,1.2745141680017948e-05,0.0044782367304370815,0.1226436751540611,0.8728653429738218
9801,6.895138087176059e-06,0.000663566990826483,0.006181926495424843,0.9931476113756615
9802,4.028095964149816e-05,0.005756235599548245,0.05912816791646627,0.9350753155243441
9803,2.059826256503141e-05,0.002880474167666464,0.028163122886942796,0.9689358046828257
9804,3.008911947001058e-05,0.005866233043356931,0.060424393348889396,0.9336792844882836
9805,2.6085781548126508e-05,0.015975926917827045,0.28558769023270514,0.6984102970679197
9806,0.0017289216618389868,0.40432110302539426,0.5410444276266164,0.05290554768615037
9807,1.9304512099577113e-05,0.0023456701508458412,0.02082252355026944,0.9768125017867851
9808,1.0389036343126015e-05,0.0011090019765407338,0.008921839674458941,0.9899587693126572
9809,3.564187511860849e-05,0.04304946470288089,0.7136589705166689,0.24325592290533168
9810,5.890356244005015e-06,0.0009467752973076088,0.014018211532733627,0.9850291228137148
9811,8.880923862285247e-06,0.0014646574284866147,0.015396514563023544,0.9831299470846275
9812,1.5949023772886264e-05,0.0013935211108384474,0.01262869826428596,0.9859618316011027
9813,2.671076670591445e-05,0.0027817765185590097,0.025216872075296687,0.9719746406394384
9814,1.4679096044359318e-05,0.003922258193232811,0.07461838843944454,0.9214446742712783
9815,7.1216161712916225e-06,0.0014304329253008636,0.02104489806913889,0.977517547389389
9816,2.7848247661525153e-05,0.005139392993627165,0.060125609428180134,0.9347071493305311
9817,7.711249551866038e-06,0.0014743775434065947,0.02228188123807997,0.9762360299689616
9818,3.1550352659976574e-05,0.004330623141080492,0.032318449978494375,0.9633193765277652
9819,3.678384548231112e-05,0.006143260284987694,0.052305003765751416,0.9415149521037787
9820,1.9693397776431256e-06,0.00022384984139844842,0.003453621074325566,0.9963205597444984
9821,9.132206169318091e-05,0.04238458636619016,0.37638594959625293,0.5811381419758637
9822,1.885588166720327e-05,0.0047757475252063995,0.09077735025405517,0.9044280463390713
9823,3.989334329686287e-05,0.008170981770657074,0.11095811829880549,0.8808310065872406
9824,3.953799364195367e-05,0.006979969878362261,0.06826832359533738,0.9247121685326585
9825,0.00941933793904881,0.44897058742379536,0.42664532267750577,0.11496475195965009
9826,1.2206327989005216e-05,0.0030349710884113134,0.03342082076507987,0.9635320018185198
9827,5.604020957085394e-05,0.012267331032270273,0.11695462450260771,0.8707220042555512
9828,9.616684743269241e-06,0.0010336073131633017,0.015752129137022865,0.9832046468650706
9829,2.9471347358548527e-05,0.005666390306268945,0.07514356351891728,0.9191605748274553
9830,2.7537800410290023e-05,0.0026795486128008195,0.022346656505020563,0.9749462570817684
9831,0.00032639538624080696,0.07666992896359097,0.4202345815087204,0.5027690941414479
9832,0.00038988832772665464,0.09899704457098411,0.4674931955530989,0.4331198715481903
9833,3.5177493502322555e-06,0.0003897523110806018,0.005003399384618297,0.9946033305549509
9834,6.526151427447706e-06,0.0007974677059173021,0.007049961120659247,0.992146045021996
9835,6.99830797871191e-06,0.0006964522809748586,0.0064367643777581,0.9928597850332883
9836,3.125832653206593e-05,0.0059964368759435685,0.048301741786778804,0.9456705630107456
9837,4.391140271904355e-05,0.007314957350636382,0.06298787449382003,0.9296532567528246
9838,1.3477257988303141e-05,0.0018647620079836821,0.013736002026414168,0.9843857587076138
9839,1.4072425743978055e-05,0.0017676149596208355,0.018550494386987863,0.9796678182276474
9840,5.683134081878249e-06,0.0008374334104262656,0.009537225473575266,0.9896196579819166
9841,8.360482800745056e-05,0.07851149112189228,0.6901068185545611,0.23129808549553924
9842,5.365954160136006e-06,0.0006345504927122729,0.006898698999126074,0.9924613845540016
9843,5.107930264447074e-05,0.11923459676390286,0.8318942183347592,0.04882010559869343
9844,2.191921479436938e-06,0.0003784535516324641,0.005333191909566667,0.9942861626173215
9845,2.7839188490534296e-05,0.004152210825081647,0.030210202978704203,0.9656097470077236
9846,5.136369585970981e-06,0.0005104035254190226,0.005096117026647764,0.9943883430783472
9847,6.355769009390384e-05,0.11553824978019034,0.8580309844829317,0.02636720804678412
9848,2.891357851340856e-05,0.004361764092640642,0.04080285017167698,0.954806472157169
9849,1.3337074917717359e-05,0.0018042869692178084,0.017909285800664546,0.9802730901551999
9850,0.0004871372266654288,0.02591003556829107,0.12165554029240301,0.8519472869126405
9851,1.348480668918313e-05,0.0013797724335181136,0.013101179398344372,0.9855055633614483
9852,0.0003065684495808678,0.07540339331137438,0.5394856055667785,0.3848044326722662
9853,4.259272491521971e-05,0.0034398346795568415,0.020656092614269803,0.9758614799812582
9854,0.00016240586293236108,0.055667593840230456,0.5689756939482173,0.3751943063486199
9855,4.260231650377799e-05,0.010419832623916186,0.18371897498834228,0.8058185900712378
9856,1.803511004372208e-05,0.0020002761130407404,0.021226785181830757,0.9767549035950848
9857,7.653853002561498e-06,0.0013841411814259814,0.01617984264685684,0.9824283623187147
9858,0.0001493401951529012,0.05109147503435477,0.4406832537337365,0.5080759310367557
9859,4.05377467850579e-05,0.009629212132949132,0.17223826834971181,0.8180919817705541
9860,0.00030271271359003506,0.06908866372894215,0.6012719397042467,0.329336683853221
9861,4.2316739395804586e-05,0.006473220387908615,0.06256412767947094,0.9309203351932247
9862,5.292327955306862e-06,0.0006317852859505977,0.007204563234552607,0.9921583591515415
9863,7.601519714208831e-05,0.018446645807623178,0.18475366625483947,0.7967236727403952
9864,5.3660447855339815e-06,0.0006148712153177717,0.006974485594940684,0.9924052771449561
9865,0.00010565516061271413,0.04037216414923316,0.4144498058004001,0.5450723748897541
9866,1.8512009218104163e-05,0.0024613078392339105,0.022600406985979028,0.974919773165569
9867,1.6422321875685613e-05,0.009200492013303824,0.34558547705687886,0.6451976086079416
9868,8.257080799451265e-05,0.022886797825147076,0.16068258971098526,0.8163480416558732
9869,6.68524748344023e-06,0.0009927549673982852,0.012062756328489755,0.9869378034566285
9870,0.00010500095010169082,0.02228359837004334,0.18777603832822828,0.7898353623516267
9871,5.287669094234476e-06,0.0008094583179443403,0.010619035771941298,0.9885662182410202
9872,7.321284112618748e-05,0.04320503655897586,0.530280035050504,0.426441715549394
9873,1.4694409302145559e-05,0.0023272551059392364,0.03236059520471998,0.9652974552800386
9874,0.00036696395170541173,0.22750315859238202,0.6753114519276535,0.096818425528259
9875,4.260107850340689e-05,0.017332348801894035,0.3051112651282535,0.6775137849913491
9876,9.310882925173055e-05,0.014878533444318054,0.1755776391457129,0.8094507185807174
9877,0.00022299083227061864,0.035206620803247886,0.36552854115354005,0.5990418472109414
9878,0.00010677248840145425,0.007094590988651702,0.03836302716480173,0.9544356093581452
9879,9.347117192184292e-06,0.0009236630423185908,0.007481738962231612,0.9915852508782577
9880,6.24794454214286e-05,0.005895567276619415,0.04660780626816843,0.9474341470097907
9881,1.309275018897721e-05,0.0022437678035304182,0.03165331823250474,0.9660898212137758
9882,9.703277673519823e-05,0.020140169471305265,0.15773490589946068,0.8220278918524989
9883,1.2301922196172444e-05,0.0017537474461010137,0.01598008237894137,0.9822538682527615
9884,0.0002746732103544191,0.02080063710293782,0.10283521162081596,0.8760894780658919
9885,9.449530659063088e-05,0.021121162719777566,0.30567105287200447,0.6731132891016273
9886,5.213445998023038e-06,0.00060275141565272,0.007146240204833601,0.9922457949335157
9887,5.031340214327162e-06,0.0006486908917685788,0.0066820768453029235,0.9926642009227142
9888,4.644733286066925e-05,0.004512965108926213,0.029029573509632613,0.9664110140485805
9889,1.83179308446034e-05,0.0018552521368199316,0.01593403489194748,0.982192395040388
9890,2.7218895254021336e-05,0.003429144577432634,0.0309457061089165,0.9655979304183968
9891,0.0002921323477423472,0.03330454262137863,0.2752930403365837,0.6911102846942954
9892,1.662651399350628e-05,0.0022187881476000704,0.015972757719485916,0.9817918276189205
9893,0.0004981828166791669,0.19936373407200908,0.6028053455787512,0.19733273753256048
9894,1.5489127990936473e-05,0.004612586343030702,0.05584939417356956,0.9395225303554088
9895,0.00025734007754458284,0.09850007444476512,0.5853648369590705,0.3158777485186199
9896,2.475366893844334e-05,0.008815024581886804,0.14424268202843682,0.846917539720738
9897,5.042893529970127e-06,0.0007918139766079982,0.008993009953004729,0.9902101331768574
9898,7.226960929987927e-06,0.0008581715680325357,0.008888319998209448,0.9902462814728281
9899,5.220357088438569e-06,0.0006950530140634217,0.008135542570330796,0.9911641840585174
9900,0.00031274356224734827,0.05329695228369691,0.30234133322603185,0.6440489709280239
9901,9.361382746620123e-05,0.06174132550342683,0.6355986418570447,0.30256641881206225
9902,5.325426303804263e-06,0.0009604667316772779,0.009901939613395474,0.9891322682286234
9903,3.271270038324622e-06,0.0004908321209545928,0.005875524366330253,0.9936303722426768
9904,0.00011093229286166588,0.01427246774064916,0.13501757134748077,0.8505990286190084
9905,0.0014385711007562924,0.11659597894405077,0.409832426964979,0.472133022990214
9906,1.6447749113032595e-05,0.0030666416746858967,0.046227066866310895,0.9506898437098902
9907,3.1506773592595384e-06,0.0005750649400007201,0.006551502458165269,0.9928702819244748
9908,0.0006904759483126978,0.2581934881323637,0.6417642863929407,0.09935174952638288
9909,5.631916257156584e-05,0.008597101594143395,0.06521668249308893,0.9261298967501961
9910,4.5035277330874376e-05,0.03374830041965726,0.5835140900463841,0.3826925742566277
9911,2.226412025990066e-05,0.0034647900546819293,0.025907641165133777,0.9706053046599243
9912,1.5841835864626117e-05,0.0015064436949875104,0.01671409115188207,0.9817636233172659
9913,1.836412573810198e-05,0.0025971589623888093,0.028120356302325296,0.9692641206095478
9914,5.256114227346778e-05,0.015238332915082147,0.1688933069771517,0.8158157989654927
9915,5.925690014093918e-06,0.0005998590556050145,0.006169043608482978,0.993225171645898
9916,6.905327180746548e-06,0.0015120756391111731,0.030481547524483097,0.967999471509225
9917,9.870846068291153e-05,0.009725771564458247,0.06412708685345717,0.9260484331214017
9918,4.42146760100559e-06,0.0004076562390181776,0.004563307581455938,0.9950246147119249
9919,3.288531594372143e-05,0.003583547395617597,0.028737286761080012,0.9676462805273587
9920,4.034622946242806e-05,0.005294406529324598,0.048048567933982655,0.9466166793072304
9921,6.270927537958777e-06,0.0007632452034734342,0.008155713594047126,0.9910747702749415
9922,3.670295702630134e-06,0.0005938521113314981,0.007274233545283068,0.9921282440476829
9923,0.0001584728132630135,0.03499996042519891,0.27696365007974755,0.6878779166817905
9924,5.1994920995989174e-05,0.01003015200851361,0.10848487315241048,0.8814329799180799
9925,7.484240225030429e-05,0.06183676440657533,0.6084613645353896,0.32962702865578475
9926,0.0003655664018194067,0.31581194416127994,0.645206199754838,0.03861628968206278
9927,1.808450055109451e-05,0.005149070905178797,0.07905786584497376,0.9157749787492964
9928,9.360204127540667e-05,0.008102463826797352,0.05190953125293388,0.9398944028789934
9929,1.884726535903968e-05,0.009857771614131004,0.20057579311708246,0.7895475880034275
9930,5.563220558302373e-05,0.05973371698831963,0.7856332985205521,0.15457735228554526
9931,3.773734848365544e-06,0.00044677605120617056,0.004038611409317617,0.9955108388046279
9932,6.052368939547348e-06,0.0009455769011814457,0.00894630212310691,0.9901020686067721
9933,7.089536288616647e-05,0.010103548182724261,0.062431075982074376,0.9273944804723152
9934,8.994942899273768e-06,0.001257727222160789,0.01346055539094143,0.9852727224439985
9935,0.00013702160715157538,0.044969876339803344,0.4216225181769845,0.5332705838760605
9936,9.613801721586965e-06,0.0012653157112303742,0.018737823910789462,0.9799872465762587
9937,5.077938533746749e-06,0.0004998403988914561,0.0055909583522679735,0.9939041233103069
9938,8.029342302513124e-06,0.0016295462780945903,0.02500468522877837,0.9733577391508246
9939,7.920111592781592e-06,0.001131422680936361,0.012169315274809795,0.9866913419326611
9940,6.114652666770458e-06,0.0009058323955980182,0.01002115095015938,0.9890669020015759
9941,0.0002613783464110244,0.017387983684643622,0.08548381217013751,0.8968668257988079
9942,7.062995204742834e-05,0.10772261077533733,0.8400927222657543,0.05211403700686103
9943,1.7504949705640526e-05,0.0016222141195548923,0.016778948480397276,0.9815813324503422
9944,6.462581279458718e-05,0.016965515066262787,0.1805596257188019,0.8024102334021408
9945,0.00015814709150002037,0.05806147262670012,0.47282163593225607,0.4689587443495438
9946,6.362411894070115e-05,0.038033249250164644,0.4430938435291467,0.5188092831017479
9947,8.605269774651569e-06,0.0011833295217493194,0.010691942092793127,0.9881161231156829
9948,5.0431342130275735e-05,0.008074044281213985,0.08042132370038259,0.9114542006762731
9949,1.958101258098741e-05,0.0045049291461400735,0.07818970169337758,0.9172857881479014
9950,1.2123565315836043e-05,0.001784675637246477,0.01683899054661811,0.9813642102508195
9951,3.301145557629301e-05,0.00761619081436686,0.13073224762153693,0.86161855010852
9952,2.574577968849416e-06,0.0003407286922984482,0.0065386336547772934,0.9931180630749554
9953,4.6607547785983386e-05,0.013492762483948739,0.17138506861887415,0.8150755613493911
9954,3.1006512468603056e-05,0.0049248315326761005,0.03747090881890413,0.9575732531359512
9955,0.0005124795545513715,0.06291198155492689,0.2873181339894702,0.6492574049010515
9956,1.3890531951779303e-05,0.001994813411503568,0.019886914439056907,0.9781043816174877
9957,1.6832782857664674e-05,0.0028003150265604035,0.022730895390534408,0.9744519568000476
9958,0.00016846217182765047,0.08532315646710796,0.5902790648077925,0.324229316553272
9959,5.460111766953571e-05,0.0075151425080884115,0.06337414611323508,0.929056110261007
9960,0.000990702731585224,0.2130439495718709,0.5300113706887984,0.2559539770077454
9961,0.00015872256888584837,0.02315881129820853,0.16689792056815667,0.809784545564749
9962,8.940542866877359e-05,0.03935894228043007,0.45802027442274545,0.5025313778681557
9963,1.681179058571309e-05,0.0020655456039357966,0.016705417145528454,0.98121222545995
9964,5.284639774584772e-05,0.004646566231187141,0.03319088673605566,0.9621097006350114
9965,6.99153816743948e-05,0.028108993142058232,0.40296726323601956,0.5688538282402478
9966,0.00013867402723765216,0.018976983065662024,0.14513903166943232,0.835745311237668
9967,1.4280909505517474e-05,0.0025849649455362217,0.023429574589849983,0.9739711795551083
9968,2.488528424348224e-05,0.005384900104175397,0.07162066823102074,0.9229695463805604
9969,9.957220835340354e-05,0.09205149235048929,0.6882488818897927,0.2196000535513646
9970,6.9254039876614175e-06,0.0006281310860150892,0.005340540360860213,0.9940244031491371
9971,0.002518131028616964,0.21434349099743533,0.5539017404211872,0.22923663755276044
9972,3.451080739627565e-05,0.00872110091387494,0.08952720724928431,0.9017171810294444
9973,7.73343148095323e-06,0.0013755051300462099,0.015808400234814057,0.9828083612036588
9974,0.00041358272474826836,0.07206673501957374,0.34545689815513514,0.5820627841005428
9975,1.5012884578995517e-05,0.0034972988948313377,0.04045549281302957,0.9560321954075601
9976,4.449838456070841e-06,0.0005963979672666275,0.007083659671367107,0.9923154925229102
9977,5.2692694238444086e-05,0.024180070425572735,0.2680853472289066,0.7076818896512822
9978,5.225085490370701e-06,0.0008415365128616612,0.011630479401870748,0.9875227589997773
9979,9.435274440082005e-06,0.001812679584913828,0.02304910934567054,0.9751287757949756
9980,1.7511871306990322e-05,0.003036875708530397,0.03396209293064682,0.9629835194895158
9981,1.0988796913258738e-05,0.0010936177696415814,0.013168076389983532,0.9857273170434616
9982,1.994425034037256e-05,0.003408718616791565,0.02815392145528515,0.9684174156775829
9983,6.54436187738137e-05,0.016059180220246265,0.17303106089409298,0.8108443152668869
9984,1.6890926084220786e-05,0.006792984193065293,0.1178653147387253,0.8753248101421252
9985,5.4292130197117344e-05,0.005638252234340823,0.03573258898723118,0.9585748666482308
9986,1.9669257841566197e-05,0.0071955584379741425,0.16435960846079714,0.8284251638433872
9987,6.776052812867922e-06,0.0011008835546166152,0.012144026593943178,0.9867483137986274
9988,0.0005947128910395517,0.14775846443761165,0.621569994160277,0.2300768285110718
9989,0.00039761134100551346,0.0980015628740962,0.5346963755164014,0.36690445026849705
9990,2.255943326307186e-05,0.0019729745208105546,0.015967878240036423,0.98203658780589
9991,3.360298349450316e-05,0.005451619698457791,0.03879458545837565,0.955720191859672
9992,7.201997634281771e-06,0.0008505966566396328,0.010062811314759026,0.9890793900309671
9993,5.710613451878909e-06,0.0010033487257713636,0.010351429370306104,0.9886395112904707
9994,7.162508932596541e-06,0.0016062841604136382,0.016545651790918364,0.9818409015397354
9995,1.910525295783475e-05,0.005222082768492979,0.07020192038028421,0.924556891598265
9996,1.830299487507901e-05,0.004129309070243662,0.05873469368328757,0.9371176942515936
9997,3.6449648901689316e-06,0.000490776341881665,0.0070979312040550194,0.9924076474891732
9998,3.654253372453781e-05,0.0038412679949509096,0.03128576472919921,0.9648364247421254
9999,2.2388992978550476e-05,0.002165148619672174,0.018166210050058796,0.9796462523372905
