id,p_same_figure,p_same_paper,p_related_papers,p_unrelated_papers
0,0.9627384543418884,0.0304673835635185,0.0058148023672401,0.0009793725330382
1,0.9784752130508424,0.0173700153827667,0.003367330878973,0.0007874112925492
2,0.9523550271987916,0.0386989675462245,0.0077402810566127,0.0012057031271979
3,0.8482760787010193,0.1384772658348083,0.0126807000488042,0.0005659249145537
4,0.9794564843177797,0.0160807482898235,0.0038195124361664,0.0006433108937926
5,0.961851954460144,0.0329127646982669,0.0043852012604475,0.0008501100819557
6,0.981543779373169,0.016115017235279,0.0020170309580862,0.0003241663507651
7,0.8049082159996033,0.1768148690462112,0.0169684085994958,0.0013084631646052
8,0.9592578411102296,0.0338659435510635,0.0058850180357694,0.0009911988163366
9,0.9655280113220216,0.0261356476694345,0.0072576068341732,0.0010787469800561
10,0.9269093871116638,0.056541834026575,0.0145211443305015,0.002027606125921
11,0.9559956192970276,0.0388468988239765,0.004567670635879,0.0005898590316064
12,0.8929044008255005,0.0955934673547744,0.0107252895832061,0.0007769374060444
13,0.3437223136425018,0.5846913456916809,0.0687487870454788,0.002837601583451
14,0.8999736905097961,0.0824127793312072,0.0154849020764231,0.0021286553237587
15,0.3563421368598938,0.5606048703193665,0.0782779827713966,0.0047749876976013
16,0.9916890263557434,0.0070026218891143,0.0010572377359494,0.0002511159400455
17,0.9476701021194458,0.0429594404995441,0.008328067138791,0.0010423798812553
18,0.9668534398078918,0.0270022973418235,0.0052346340380609,0.0009096430731005
19,0.9581750631332396,0.0327869467437267,0.0074309632182121,0.0016070585697889
20,0.8844446539878845,0.1007946133613586,0.0136410677805542,0.001119726919569
21,0.9726070165634156,0.0235996078699827,0.0033998459111899,0.0003935607091989
22,0.9767961502075196,0.0187492351979017,0.0037500830367207,0.0007046196842566
23,0.9337059259414672,0.0606297999620437,0.005215638782829,0.0004486718680709
24,0.7656731009483337,0.2028831839561462,0.0296883676201105,0.0017552833305671
25,0.9600363969802856,0.0333679616451263,0.0057984818704426,0.0007970971055328
26,0.9762969613075256,0.0196389872580766,0.0034127444960176,0.000651333713904
27,0.9620541334152222,0.0344995334744453,0.0032594900112599,0.0001867836399469
28,0.9752702116966248,0.0212124772369861,0.0030559471342712,0.0004613790079019
29,0.577781617641449,0.3848855495452881,0.036363698542118,0.0009690597653388
30,0.9843182563781738,0.0127840619534254,0.0024020541459321,0.0004956919001415
31,0.273737370967865,0.5443917512893677,0.146521046757698,0.0353498496115207
32,0.955562710762024,0.034266747534275,0.00826723780483,0.0019032262498512
33,0.9815101623535156,0.014903443865478,0.0029808764811605,0.0006056017591618
34,0.969547688961029,0.0242721531540155,0.0050088413991034,0.0011712595587596
35,0.9842538833618164,0.0131890103220939,0.0021196668967604,0.0004374179698061
36,0.9648287296295166,0.028683602809906,0.005648136138916,0.0008395204786211
37,0.9444840550422668,0.0462940670549869,0.0080447029322385,0.0011772001162171
38,0.9877843856811525,0.0106356814503669,0.0013521751388907,0.0002277434396091
39,0.9637441039085388,0.0282071586698293,0.0070213167928159,0.0010274457745254
40,0.9804458022117616,0.0174049977213144,0.0018633619183674,0.0002857558138202
41,0.9813789129257202,0.0151361152529716,0.0028887779917567,0.0005961330607533
42,0.9627671241760254,0.0286223124712705,0.0066929957829415,0.001917575369589
43,0.943901538848877,0.0448420755565166,0.0096977800130844,0.0015585749642923
44,0.9734379053115844,0.0232535786926746,0.0030502057634294,0.0002583239111118
45,0.9542438387870787,0.0393863506615161,0.0054995669052004,0.0008701577899046
46,0.9324896335601808,0.0605508275330066,0.0064825122244656,0.0004769865772686
47,0.1716904640197754,0.562951385974884,0.2421223819255828,0.0232357811182737
48,0.9812337160110474,0.0151338763535022,0.0030269655399024,0.0006054311525076
49,0.9811816811561584,0.0161090735346078,0.0024321062956005,0.0002771719300653
50,0.9249467253684998,0.0649414435029029,0.0093557033687829,0.0007560566882602
51,0.9820550084114076,0.0142288608476519,0.0030294994357973,0.0006866176845505
52,0.8384283185005188,0.141214370727539,0.0185232944786548,0.0018340545939281
53,0.9796798825263976,0.0176652744412422,0.0023907350841909,0.000264074478764
54,0.9711620211601256,0.0262881517410278,0.0023699486628174,0.0001799175224732
55,0.7468666434288025,0.2010164260864257,0.047005359083414,0.0051115956157445
56,0.7303325533866882,0.2227388322353363,0.0418513901531696,0.0050771497189998
57,0.9895580410957336,0.0088331205770373,0.0014419673243537,0.0001669198391027
58,0.97068190574646,0.0239238012582063,0.0044951494783163,0.000899086415302
59,0.9722299575805664,0.0211463496088981,0.0056032254360616,0.0010204231366515
60,0.9472139477729796,0.0436149537563324,0.0084551433101296,0.0007160716922953
61,0.943406343460083,0.0484604090452194,0.0072029959410429,0.0009301793761551
62,0.3786413967609405,0.5175414681434631,0.1003299802541732,0.0034871669486165
63,0.8718889951705933,0.1161679700016975,0.0113238617777824,0.000619193247985
64,0.7664633393287659,0.2128391861915588,0.0201088860630989,0.0005885531427338
65,0.9411659240722656,0.0506654605269432,0.0075307483784854,0.0006377840181812
66,0.9512307047843932,0.0417941622436046,0.0063099744729697,0.0006650664727203
67,0.9753065705299376,0.0218866504728794,0.0023800628259778,0.0004267217300366
68,0.9716511368751526,0.0224967710673809,0.005019708070904,0.0008323491783812
69,0.9667357802391052,0.0296526122838258,0.0030769081786274,0.0005346864345483
70,0.6221912503242493,0.2939023673534393,0.074310153722763,0.0095962518826127
71,0.7848877310752869,0.1864271908998489,0.0268573816865682,0.0018276677001267
72,0.961636483669281,0.032395239919424,0.0052063888870179,0.0007618630188517
73,0.9580182433128356,0.0371463969349861,0.0043677231296896,0.0004676041717175
74,0.8124575614929199,0.1650607734918594,0.020985122770071,0.0014965892769396
75,0.179205909371376,0.535010039806366,0.2488027811050415,0.0369812324643135
76,0.9753611087799072,0.0199291352182626,0.0040488494560122,0.0006609564879909
77,0.9841203093528748,0.013394889421761,0.0020541725680232,0.0004305779584683
78,0.9473798274993896,0.0429462827742099,0.0087250666692852,0.0009488070500083
79,0.9843313694000244,0.0127842333167791,0.0023648454807698,0.0005194875993765
80,0.9820120334625244,0.0144523000344634,0.0028906418010592,0.0006449893699027
81,0.0023955949582159,0.2443573325872421,0.5506677627563477,0.2025793641805648
82,0.981151282787323,0.0153709081932902,0.0028433322440832,0.0006344331195577
83,0.931188941001892,0.0586060062050819,0.0088481837883591,0.0013569127768278
84,0.9199560284614564,0.0676908418536186,0.0112242409959435,0.0011288516689091
85,0.98595130443573,0.0116593325510621,0.002026088302955,0.0003632576263044
86,0.5624678134918213,0.351983368396759,0.08230721950531,0.0032416547182947
87,0.9290751218795776,0.0575664304196834,0.0120665794238448,0.0012918362626805
88,0.9491934180259703,0.0465248972177505,0.0038791366387158,0.0004025192174594
89,0.9638711214065552,0.0273429192602634,0.0073592462576925,0.0014266549842432
90,0.972081422805786,0.023586856201291,0.0037319825496524,0.0005997841362841
91,0.0973856598138809,0.7903128862380981,0.1086415499448776,0.0036598751321434
92,0.976101577281952,0.0184454303234815,0.0045202472247183,0.0009328057640232
93,0.9676197171211244,0.0274492595344781,0.0045515336096286,0.0003794961376115
94,0.9675145149230956,0.0266018398106098,0.0052382131107151,0.0006454744725488
95,0.9873144030570984,0.0103035503998398,0.0018186846282333,0.0005634021945297
96,0.9424480199813844,0.0491735450923442,0.0073089944198727,0.0010695422533899
97,0.9817221760749816,0.0153798526152968,0.0023957188241183,0.0005021700053475
98,0.9827839136123656,0.0135873509570956,0.003031747881323,0.0005969865014776
99,0.943682849407196,0.0508009530603885,0.0051896441727876,0.0003266193380113
100,0.830472469329834,0.1488955169916153,0.0198384057730436,0.0007936361362226
101,0.6767918467521667,0.2129619866609573,0.0930362045764923,0.0172099694609642
102,0.9771515727043152,0.019656179472804,0.0026601746212691,0.0005320683703757
103,0.9670681357383728,0.0274336114525795,0.0047672465443611,0.0007310809451155
104,0.9611278176307678,0.0323781035840511,0.0054533625952899,0.0010407925583422
105,0.9881738424301147,0.0098402751609683,0.0015328192384913,0.00045310051064
106,0.9642285704612732,0.0295757073909044,0.00530263222754,0.0008931090123951
107,0.8762334585189819,0.1079731509089469,0.0146125759929418,0.0011808773269876
108,0.9338670372962952,0.0526851750910282,0.0121288150548934,0.0013189475284889
109,0.967706024646759,0.0246075522154569,0.006319741718471,0.0013667399762198
110,0.9591194987297058,0.0354860909283161,0.0048025199212133,0.0005917865200899
111,0.9810232520103456,0.0156109277158975,0.0030263164080679,0.0003395432722754
112,0.918566346168518,0.0719476789236068,0.0084597030654549,0.0010262784780934
113,0.6871407628059387,0.2450075894594192,0.0629231482744216,0.0049285218119621
114,0.9693108201026917,0.0266512315720319,0.0036636516451835,0.0003742655972018
115,0.9447854161262512,0.0492955036461353,0.0055308020673692,0.0003883232420776
116,0.8055441379547119,0.1662334203720092,0.0271368604153394,0.001085611176677
117,0.7153595685958862,0.2631660997867584,0.0202931892126798,0.0011812052689492
118,0.947688639163971,0.0436368100345134,0.0079468535259366,0.0007277127006091
119,0.9464924335479736,0.0449651591479778,0.0076926322653889,0.0008497083908878
120,0.7644951343536377,0.1902979016304016,0.040516760200262,0.0046901549212634
121,0.9036344885826112,0.0814651176333427,0.0139370393007993,0.0009633630397729
122,0.0167472139000892,0.2922492027282715,0.4121374487876892,0.278866171836853
123,0.9676908254623412,0.0270256847143173,0.0045518679544329,0.000731551728677
124,0.964316427707672,0.0282239094376564,0.0061999699100852,0.0012596003944054
125,0.9017413854599,0.082574650645256,0.0143493236973881,0.0013346949126571
126,0.98891943693161,0.0091076325625181,0.00168474286329,0.0002882255066651
127,0.0056969323195517,0.3993857800960541,0.4970436096191406,0.09787368029356
128,0.9716354608535768,0.0254917703568935,0.0026451575104147,0.00022754794918
129,0.5932634472846985,0.3327906131744385,0.0697567015886306,0.0041892160661518
130,0.9758332371711732,0.0196296591311693,0.0038653092924505,0.000671690038871
131,0.9555516242980956,0.0370507575571537,0.0065398472361266,0.0008578412816859
132,0.6346195936203003,0.2604473531246185,0.0900081992149353,0.0149248223751783
133,0.9658405184745787,0.0269740093499422,0.0060187145136296,0.0011667811777442
134,0.7206906676292419,0.2452026605606079,0.0316649377346038,0.0024417378008365
135,0.9669654369354248,0.0283014420419931,0.0042066336609423,0.0005265219369903
136,0.9142820239067078,0.075048841536045,0.0099992891773581,0.0006699106888845
137,0.974019467830658,0.0202151276171207,0.0047270734794437,0.0010384002234786
138,0.9475743174552916,0.0450165569782257,0.0067964829504489,0.0006127215456217
139,0.9851877689361572,0.0118337692692875,0.0024420365225523,0.0005364441894926
140,0.9343008399009703,0.0535397045314312,0.0105425929650664,0.0016167589928954
141,0.9901283383369446,0.0080472845584154,0.0015358509263023,0.0002885778376366
142,0.4472019374370575,0.454244315624237,0.0937386080622673,0.0048151165246963
143,0.888904333114624,0.0981860905885696,0.0120989019051194,0.0008105758461169
144,0.852356493473053,0.1171704679727554,0.027398956939578,0.0030740776564925
145,0.9502342343330384,0.0404658578336238,0.0076033086515963,0.0016965274699032
146,0.0015547092771157,0.1636186838150024,0.4661062359809875,0.3687204122543335
147,0.9758797883987428,0.0187316462397575,0.0043801786378026,0.0010083742672577
148,0.9204068183898926,0.0646227002143859,0.0129253538325428,0.0020450879819691
149,0.9790592193603516,0.0173803828656673,0.0029273342806845,0.0006330803735181
150,0.9865912795066832,0.0111326351761817,0.001934561994858,0.0003414704406168
151,0.7591734528541565,0.2209320664405822,0.019005537033081,0.0008889007149264
152,0.000621136452537,0.3425081372261047,0.6202021241188049,0.036668587476015
153,0.9259015917778016,0.0620315372943878,0.0107794655486941,0.0012874235399067
154,0.8796181678771973,0.1118308901786804,0.0081010032445192,0.0004499417846091
155,0.9684961438179016,0.0262159891426563,0.0045556561090052,0.0007321605226024
156,0.9694138169288636,0.0246509779244661,0.0051671252585947,0.0007680246490053
157,0.9743971228599548,0.0202229656279087,0.0039821383543312,0.0013978619826957
158,0.9891106486320496,0.0088291270658373,0.0017385582905262,0.0003216009645257
159,0.992466151714325,0.0063809556886553,0.0010096138576045,0.0001431936834705
160,0.9806010723114014,0.0163530707359313,0.002711605047807,0.0003341352858114
161,0.5532282590866089,0.2915308177471161,0.1293660253286361,0.0258748326450586
162,0.7826579213142395,0.1773846745491027,0.0366053991019725,0.0033520453143864
163,0.9706875681877136,0.0250720754265785,0.0036688551772385,0.0005714973667636
164,0.8933716416358948,0.0830965042114257,0.0200479663908481,0.0034838139545172
165,0.9850885272026062,0.0122081842273473,0.0020561935380101,0.0006470100488513
166,0.9765373468399048,0.0199531689286232,0.0031081044580787,0.0004013738362118
167,0.9468147158622742,0.040320236235857,0.0105181625112891,0.002346919151023
168,0.9696044921875,0.0231620054692029,0.0053321965970098,0.0019012533593922
169,0.972622573375702,0.0211548898369073,0.0048701325431466,0.0013523868983611
170,0.9785245060920716,0.0176444426178932,0.0032638935372233,0.0005671796971
171,0.0537235476076602,0.5511331558227539,0.3558382987976074,0.0393049865961074
172,0.9757537841796876,0.0190241709351539,0.0042448663152754,0.0009772237390279
173,0.9675517678260804,0.0257843807339668,0.0056640766561031,0.0009997689630836
174,0.7054122090339661,0.2400044202804565,0.0487598553299903,0.0058235339820384
175,0.9911640882492064,0.0076868035830557,0.0010082891676574,0.0001407887175446
176,0.977730393409729,0.0196678210049867,0.0024235513992607,0.0001783261541277
177,0.9023221135139464,0.0800856351852417,0.0152846118435263,0.0023076310753822
178,0.9780017733573914,0.0179127287119627,0.0034725407604128,0.0006129398243501
179,0.049939215183258,0.3359816670417785,0.4314090013504028,0.1826700717210769
180,0.9618595242500304,0.0329130217432975,0.0045956880785524,0.0006317531806416
181,0.9695075750350952,0.0235244035720825,0.006041566375643,0.0009265042608603
182,0.9640992283821106,0.0300374291837215,0.0053854142315685,0.000477982655866
183,0.9797933101654052,0.0168582741171121,0.0028393969405442,0.0005090757622383
184,0.9765090346336364,0.0205859541893005,0.0024973594117909,0.0004076827317476
185,0.987572431564331,0.0099891535937786,0.0018478075508028,0.0005905947764404
186,0.918212354183197,0.0697072073817253,0.0112029667943716,0.0008774842717684
187,0.778312623500824,0.199887216091156,0.0210679564625024,0.0007322584860958
188,0.9752520322799684,0.019926905632019,0.0040483968332409,0.0007726500625722
189,0.9862186312675476,0.0113036781549453,0.0020909700542688,0.0003867905470542
190,0.9669687747955322,0.0270055197179317,0.0052352584898471,0.0007904057856649
191,0.0990295559167862,0.5788499712944031,0.2821089327335357,0.0400115586817264
192,0.9439535140991212,0.0492520965635776,0.0061646224930882,0.000629755842965
193,0.970482349395752,0.0242955517023801,0.0047099078074097,0.0005121786962263
194,0.9250431656837464,0.0619740299880504,0.0111113311722874,0.0018714534817263
195,0.5274028182029724,0.4372322857379913,0.0342466793954372,0.0011181937297806
196,0.8670648336410522,0.1119708716869354,0.0185665916651487,0.0023976492229849
197,0.9776937961578368,0.0173561442643404,0.0041873645968735,0.0007625757716596
198,0.0060298484750092,0.7654560208320618,0.2227603942155838,0.0057537211105227
199,0.7546915411949158,0.2095702737569809,0.0342114083468914,0.0015268153510987
200,0.9828994870185852,0.0140203079208731,0.0025532878935337,0.0005269007524475
201,0.928030490875244,0.0661840587854385,0.0054327184334397,0.0003527712833601
202,0.966861367225647,0.0287440307438373,0.0039513413794338,0.0004433282010722
203,0.9747684597969056,0.0212015639990568,0.0035155641380697,0.000514440704137
204,0.9233614802360536,0.0628355368971824,0.011992372572422,0.0018105775816366
205,0.9467179179191588,0.046403557062149,0.0063789351843297,0.0004996368079446
206,0.7508674263954163,0.2326078712940216,0.0158291645348072,0.0006954849231988
207,0.9705570340156556,0.0239207241684198,0.0046372436918318,0.0008850334561429
208,0.9748215079307556,0.0218757651746273,0.0028694758657366,0.0004332260577939
209,0.9812248349189758,0.0156141361221671,0.0027994601987302,0.0003615162277128
210,0.9395493865013124,0.0497942939400672,0.0095034074038267,0.0011528941104188
211,0.9777023792266846,0.0196672584861516,0.0023125023581087,0.0003178916522301
212,0.8539970517158508,0.1289342641830444,0.0163921527564525,0.0006765849539078
213,0.9834946990013124,0.0140287978574633,0.0020528668537735,0.0004236329987179
214,0.9121372699737548,0.0714441090822219,0.0145147517323493,0.0019039210164919
215,0.9785350561141968,0.0176446307450532,0.0031144625972956,0.0007058740593492
216,0.9734559655189514,0.0202034339308738,0.005108228418976,0.0012324173003435
217,0.9861940741539,0.0111281527206301,0.0021572906989604,0.000520470610354
218,0.9809448719024658,0.0163588039577007,0.002356709446758,0.0003395161475054
219,0.988523006439209,0.0093929730355739,0.0016840674215927,0.000400001037633
220,0.6392889022827148,0.2926877737045288,0.062316820025444,0.0057065030559897
221,0.8395004868507385,0.1392028182744979,0.020054068416357,0.001242570229806
222,0.1958440542221069,0.6625319123268127,0.1367211788892746,0.0049028596840798
223,0.7848036289215088,0.1670943200588226,0.0456810444593429,0.0024210070259869
224,0.9724324941635132,0.0232295598834753,0.0039124963805079,0.0004254642408341
225,0.7851556539535522,0.1924106776714325,0.021253190934658,0.0011804337846115
226,0.9848660230636596,0.0127911763265728,0.002055729040876,0.0002870440948754
227,0.9518557786941528,0.0399064756929874,0.0069347051903605,0.0013029925758019
228,0.7231681942939758,0.2171344608068466,0.0549001917243003,0.0047971252351999
229,0.2911765575408935,0.3623750507831573,0.269294261932373,0.0771540999412536
230,0.1612622588872909,0.6478484869003296,0.1827340573072433,0.0081552090123295
231,0.937982976436615,0.0512892864644527,0.0090530961751937,0.0016746544279158
232,0.7916536331176758,0.185119017958641,0.0221093147993087,0.0011180923320353
233,0.8111794590950012,0.1622460931539535,0.0248812455683946,0.0016931899590417
234,0.9707277417182922,0.0239249318838119,0.0045661530457437,0.0007811766699887
235,0.9831651449203492,0.0140240974724292,0.0024370229803025,0.0003737295628525
236,0.0045963185839354,0.531262218952179,0.4404318630695343,0.0237096156924963
237,0.963324785232544,0.0286388918757438,0.0066968724131584,0.0013394587440416
238,0.92973792552948,0.0594361573457717,0.0097026862204074,0.0011231674579903
239,0.7063823938369751,0.2293287813663482,0.0579833984375,0.0063054016791284
240,0.9723182916641236,0.0221631992608308,0.004645659122616,0.0008728934335522
241,0.917556881904602,0.0685775056481361,0.0126855634152889,0.0011799412313848
242,0.9627712965011596,0.0299960579723119,0.006190035957843,0.0010425721993669
243,0.9573150277137756,0.0332733765244483,0.0077805933542549,0.0016309010097756
244,0.9880838990211488,0.0106389066204428,0.0011389908613637,0.0001381752663291
245,0.9375671148300172,0.056305281817913,0.0056627709418535,0.000464828510303
246,0.9418314099311828,0.0499152354896068,0.0070794858038425,0.0011738939210772
247,0.977250039577484,0.0181808266788721,0.0039937975816428,0.0005753610748797
248,0.3908584117889404,0.4292739927768707,0.1604079902172088,0.0194596946239471
249,0.2024949043989181,0.7642077207565308,0.0325438901782035,0.0007534932228736
250,0.9781573414802552,0.0179155766963958,0.0033140485174953,0.0006130372639745
251,0.0093074720352888,0.3547603785991668,0.5243018269538879,0.1116302981972694
252,0.966722309589386,0.0287398975342512,0.0041403747163712,0.0003973396669607
253,0.9489940404891968,0.0410494543612003,0.0083397021517157,0.0016167251160368
254,0.834334671497345,0.1449856162071228,0.0190179757773876,0.0016617723740637
255,0.9604140520095824,0.0328635610640049,0.0059848991222679,0.0007374843116849
256,0.9544104933738708,0.0358679443597793,0.0078791407868266,0.0018424458103254
257,0.9777102470397948,0.018475828692317,0.0032106174621731,0.0006032571545802
258,0.9522714614868164,0.0386955700814724,0.0073851789347827,0.0016478562029078
259,0.4168733060359955,0.3977833092212677,0.1632499247789383,0.0220934748649597
260,0.9604949951171876,0.0313612706959247,0.0068891569972038,0.0012546088546514
261,0.1859195530414581,0.7127024531364441,0.0979727208614349,0.0034052354749292
262,0.9821699261665344,0.013578861951828,0.0036547011695802,0.0005966135067865
263,0.9674569368362428,0.0270191505551338,0.0046952245756983,0.0008287563105113
264,0.9751113653182985,0.021543014794588,0.0030080790165811,0.0003374970983713
265,0.8424926400184631,0.1418989151716232,0.0147241633385419,0.0008842546958476
266,0.99197256565094,0.0068960273638367,0.0010250029154121,0.0001063595991581
267,0.3248404562473297,0.3738890588283539,0.2490638345479965,0.0522066131234169
268,0.9634649753570556,0.031458243727684,0.0043925549834966,0.0006842281436547
269,0.985236644744873,0.0120207192376255,0.0021891358774155,0.0005535001982934
270,0.9211509823799132,0.0688461288809776,0.009317310526967,0.0006855725659988
271,0.9708897471427916,0.0235579404979944,0.0046388334594666,0.0009134405408985
272,0.9848063588142396,0.0125921042636036,0.0021208566613495,0.0004806793294847
273,0.933487057685852,0.0510434471070766,0.0108677772805094,0.0046017058193683
274,0.9288952946662904,0.0584616512060165,0.010984618216753,0.0016584293916821
275,0.9786390066146852,0.0171035807579755,0.0036989089567214,0.0005584516911767
276,0.0911012217402458,0.6323677897453308,0.2636101245880127,0.012920900247991
277,0.9671470522880554,0.0265917368233203,0.0057508661411702,0.0005104184383526
278,0.980376124382019,0.0156006310135126,0.0034809713251888,0.0005422307294793
279,0.9767469167709352,0.0190435331314802,0.0036345219705253,0.0005750648560933
280,0.8384265899658203,0.1412140727043151,0.018814954906702,0.0015444254968315
281,0.0020084271673113,0.8230170607566833,0.1725137531757354,0.0024607765953987
282,0.1119502112269401,0.5597158670425415,0.2770794332027435,0.0512545406818389
283,0.9680851697921752,0.0270366966724395,0.0041462117806077,0.0007318498101085
284,0.9883651733398438,0.0103145167231559,0.001175480778329,0.0001448476396035
285,0.128351405262947,0.6725133061408997,0.1896910816431045,0.0094441631808876
286,0.9790043830871582,0.0165835488587617,0.0035864438395947,0.0008256462751887
287,0.9521806836128236,0.0405487455427646,0.0064157429151237,0.0008548150071874
288,0.9684373140335084,0.0274724531918764,0.0034927304368466,0.0005975356907583
289,0.0098165497183799,0.3683633208274841,0.4729878604412079,0.148832231760025
290,0.9754663705825806,0.0218902379274368,0.0023804528173059,0.0002629387017805
291,0.9389532208442688,0.0529721193015575,0.0075130434706807,0.0005615191766992
292,0.948944330215454,0.0416937060654163,0.0079573830589652,0.0014045614516362
293,0.972797393798828,0.0214918926358222,0.0047954898327589,0.0009152353159151
294,0.2405687719583511,0.5173041224479675,0.2190403640270233,0.0230866838246583
295,0.9249280095100404,0.0600598156452178,0.0129888458177447,0.0020232719834893
296,0.966752827167511,0.0274246670305728,0.0049944026395678,0.0008281531627289
297,0.9775405526161194,0.0184726230800151,0.0034709030296653,0.0005159036954864
298,0.972109079360962,0.0225073751062154,0.0043632537126541,0.0010202962439507
299,0.969931662082672,0.0246641468256711,0.0044916747137904,0.0009125391370616
300,0.9703850150108336,0.0250642616301774,0.0040916283614933,0.0004590679600369
301,0.2146844416856765,0.5313491225242615,0.2357847392559051,0.0181817654520273
302,0.978440761566162,0.0176429320126771,0.0032636141404509,0.0006527639343403
303,0.9643759727478028,0.0286701433360576,0.0058246925473213,0.0011291680857539
304,0.5941176414489746,0.3332697749137878,0.067707858979702,0.0049047409556806
305,0.9711899757385254,0.023565225303173,0.0043591288849711,0.0008856106433086
306,0.9850287437438964,0.0125949475914239,0.0020560687407851,0.0003202737425453
307,0.7951586246490479,0.1746731698513031,0.0276373103260993,0.0025308157783001
308,0.751376211643219,0.205414816737175,0.0392041057348251,0.0040049511007964
309,0.9804392457008362,0.0158473253250122,0.0032195791136473,0.0004937385092489
310,0.97223961353302,0.0225103981792926,0.0042295781895518,0.0010204332647845
311,0.9856616854667664,0.0122152874246239,0.0017597789410501,0.0003631509025581
312,0.1011098772287368,0.629126787185669,0.2425499856472015,0.027213355526328
313,0.9199755787849426,0.0656096041202545,0.0129192983731627,0.0014955173246562
314,0.9684263467788696,0.0250136703252792,0.0054947738535702,0.0010652104392647
315,0.9666935801506042,0.0274229869246482,0.0051526259630918,0.0007307978230528
316,0.9632512331008912,0.0304836090654134,0.0054654106497764,0.0007997662760317
317,0.9831601977348328,0.0138066057115793,0.0025143693201243,0.0005188694922253
318,0.0433459430932998,0.3924221098423004,0.424309492111206,0.1399224251508712
319,0.9845653176307678,0.0123938489705324,0.0024789259769022,0.0005618334980681
320,0.945168137550354,0.0485509037971496,0.005620174575597,0.0006608276744373
321,0.9773244261741638,0.0181822106242179,0.0038712157402187,0.0006221609655767
322,0.2787916660308838,0.5720433592796326,0.1380118876695633,0.011153070256114
323,0.1828405261039734,0.5373981595039368,0.2499133646488189,0.0298478938639163
324,0.9288013577461244,0.0603113286197185,0.0096929129213094,0.0011944011785089
325,0.9472406506538392,0.0436161868274211,0.0080681825056672,0.0010749811772257
326,0.8120034337043762,0.1525709331035614,0.0314847901463508,0.003940783906728
327,0.9796479940414428,0.016337176784873,0.0033713667653501,0.0006434366805478
328,0.5253103971481323,0.4027694463729858,0.0627393797039985,0.0091808000579476
329,0.0588016472756862,0.7507290840148926,0.1839740872383117,0.0064950794912874
330,0.9109028577804564,0.069152295589447,0.0159197617322206,0.0040251463651657
331,0.7248865962028503,0.2625365257263183,0.0122789964079856,0.0002979410055559
332,0.1248770654201507,0.4496995806694031,0.3447966575622558,0.0806266963481903
333,0.9581149816513062,0.0348993353545665,0.0064557278528809,0.0005299184122122
334,0.4621575176715851,0.4694354236125946,0.0645316466689109,0.0038754264824092
335,0.9522629380226136,0.0393045879900455,0.0073851128108799,0.001047431724146
336,0.9450045824050904,0.0456014610826969,0.0083046425133943,0.0010893321596086
337,0.3563209474086761,0.5349010825157166,0.1036952957510948,0.0050826449878513
338,0.9341410398483276,0.0587918050587177,0.006393312010914,0.0006738501251675
339,0.9756706953048706,0.0215553734451532,0.002534509403631,0.000239458589931
340,0.9785118699073792,0.0184909775853157,0.0027917199768126,0.0002054162032436
341,0.9812368750572203,0.0153722492977976,0.0029338453896343,0.0004570049350149
342,0.9430084228515624,0.0484399683773517,0.0076643163338303,0.0008872090256772
343,0.9585750102996826,0.037167988717556,0.0038567420560866,0.0004001954512204
344,0.8327252864837646,0.1564644426107406,0.0103199491277337,0.0004902713699266
345,0.974790096282959,0.0215359181165695,0.0031514009460806,0.0005225535714998
346,0.989604115486145,0.0088335322216153,0.0013546661939471,0.0002077447716146
347,0.9811772108078004,0.0153713151812553,0.0029336668085306,0.0005178229766897
348,0.7533686757087708,0.1965279728174209,0.0411944985389709,0.0089089348912239
349,0.9373437762260436,0.0528813190758228,0.0089066671207547,0.0008682071929797
350,0.8687863945960999,0.1157545894384384,0.0144883850589394,0.0009706612909212
351,0.9207756519317628,0.0667007714509964,0.0114111565053462,0.0011123406002297
352,0.9828148484230042,0.0138017553836107,0.0028481532353907,0.0005351520958356
353,0.859180748462677,0.1338345557451248,0.0066632297821342,0.0003215360338799
354,0.9816237688064576,0.0142226116731762,0.0033257927279919,0.0008278553141281
355,0.9740346074104308,0.0205337908118963,0.0044407434761524,0.0009908637730404
356,0.4097801446914673,0.5261681079864502,0.0618675500154495,0.0021841917186975
357,0.9934321641921996,0.0055492669343948,0.000851007644087,0.0001675733365118
358,0.9675177335739136,0.0257834736257791,0.0058436682447791,0.0008551176288165
359,0.1238070204854011,0.4896662831306457,0.3261880874633789,0.0603387244045734
360,0.415807157754898,0.5015591382980347,0.0793581902980804,0.0032755034044384
361,0.297284722328186,0.5730313062667847,0.122005395591259,0.0076786237768828
362,0.9074516892433168,0.0721964165568351,0.0174181964248418,0.0029337026644498
363,0.0054678707383573,0.3490234911441803,0.5321972966194153,0.1133113354444503
364,0.9866825342178344,0.0107911163941025,0.0020595206879079,0.0004667779139708
365,0.8988579511642456,0.084923431277275,0.0147574786096811,0.0014611883088946
366,0.9896637797355652,0.0085622696205973,0.0015113302506506,0.0002626298228278
367,0.9458358883857728,0.0449339672923088,0.0083119487389922,0.000918116478715
368,0.9841922521591188,0.012983719818294,0.0024779865052551,0.0003460044099483
369,0.7530443072319031,0.229665532708168,0.0168989095836877,0.0003912627580575
370,0.9841947555541992,0.0138211343437433,0.001757159945555,0.0002269158139824
371,0.3687083423137665,0.4808863401412964,0.1399458944797516,0.0104594500735402
372,0.9677160382270812,0.0242262985557317,0.0071612796746194,0.0008963393047451
373,0.9633405804634094,0.0286393612623214,0.0069095669314265,0.0011104685254395
374,0.9804726243019104,0.0163509286940097,0.0028861104510724,0.0002902637643273
375,0.98155277967453,0.0151387965306639,0.0027569797821342,0.0005514306249096
376,0.9352509379386902,0.0561661832034587,0.0076012671925127,0.0009816110832616
377,0.8087468147277832,0.1776580959558487,0.0130721740424633,0.0005229527596384
378,0.9249237775802612,0.064939834177494,0.0087886517867445,0.0013477833708748
379,0.6165551543235779,0.345856100320816,0.0364529639482498,0.0011357268085703
380,0.9456490874290466,0.0435428991913795,0.0092708179727196,0.0015372522175312
381,0.0040500913746654,0.27093106508255,0.5388107895851135,0.1862080246210098
382,0.9669318795204164,0.027004487812519,0.0051538967527449,0.0009097168804146
383,0.3293348848819732,0.6348096132278442,0.0352582708001136,0.0005972468643449
384,0.9760061502456664,0.019633138552308,0.0039268746040761,0.0004337525460869
385,0.9657257795333862,0.0296216327697038,0.0038252731319516,0.0008272733539342
386,0.9860075116157532,0.0116599975153803,0.0019334172829985,0.0003989831893704
387,0.9704785346984864,0.0224696230143308,0.0056812101975083,0.0013706558384001
388,0.7856654524803162,0.1866119056940078,0.0260568615049123,0.0016657593660056
389,0.7562600374221802,0.2067499905824661,0.033751007169485,0.0032389857806265
390,0.0115806823596358,0.280574232339859,0.4483563303947449,0.2594887316226959
391,0.9830144643783568,0.014021947979927,0.0024366492871195,0.0005269623361527
392,0.9801378846168518,0.0160919353365898,0.0033207586966454,0.000449415820185
393,0.9537795186042786,0.0393671840429306,0.0061322241090238,0.0007210350595414
394,0.9733736515045166,0.0225366540253162,0.0036219698376953,0.0004677333345171
395,0.611946702003479,0.3379490673542022,0.0479313731193542,0.0021728079300373
396,0.9800038933753968,0.0160897355526685,0.0033203046768903,0.0005860686069354
397,0.9810805916786194,0.016361067071557,0.0022490988485515,0.0003091757826041
398,0.960888683795929,0.0313741266727447,0.0065763741731643,0.0011607990600168
399,0.1474601328372955,0.3765526413917541,0.3537384867668152,0.1222487464547157
400,0.9788129329681396,0.0176496431231498,0.0030670480336993,0.0004703470622189
401,0.9748805165290833,0.0193064622581005,0.0048057585954666,0.0010073416633531
402,0.0784288868308067,0.7325762510299683,0.1823526471853256,0.0066421939991414
403,0.9826821088790894,0.0153948906809091,0.0016741169383749,0.0002488352183718
404,0.9468559622764589,0.0442850440740585,0.0079398714005947,0.0009191067074425
405,0.9558170437812804,0.0388396456837654,0.0049379067495465,0.0004053280863445
406,0.9783439636230468,0.0184878055006265,0.0027053635567426,0.0004628331516869
407,0.9827579855918884,0.0144632784649729,0.002218015724793,0.0005608021165244
408,0.9611082077026368,0.030894773080945,0.0066814632155001,0.0013156580971553
409,0.9727148413658142,0.0214900691062212,0.0045045637525618,0.0012905789772048
410,0.9844600558280944,0.0131917726248502,0.0020230237860232,0.0003251295129302
411,0.4915508925914764,0.4839301109313965,0.0237199254333972,0.0007990677841007
412,0.97238290309906,0.0228682532906532,0.0041000521741807,0.0006487224018201
413,0.9885923266410828,0.0099994698539376,0.0012515803100541,0.0001566536375321
414,0.9194583296775818,0.0687196180224418,0.011218168772757,0.0006039038416929
415,0.8233737945556641,0.1499475091695785,0.0240987576544284,0.0025799893774092
416,0.9153992533683776,0.0684162452816963,0.0141184907406568,0.002065991749987
417,0.9322456121444702,0.060534980148077,0.0064808153547346,0.0007385779172182
418,0.9900190830230712,0.008432550355792,0.001273124711588,0.0002753325097728
419,0.0211388375610113,0.7569044232368469,0.2168567478656768,0.0050999815575778
420,0.9253985285758972,0.0591587461531162,0.0140514336526393,0.0013912803260609
421,0.2022423446178436,0.6327602863311768,0.15266053378582,0.0123368622735142
422,0.9801586866378784,0.0171301402151584,0.0022823703475296,0.0004288446798454
423,0.2120108008384704,0.6231343746185303,0.1527056545019149,0.0121491868048906
424,0.9853962063789368,0.0120226666331291,0.0021221269853413,0.000458942115074
425,0.0244752075523138,0.7855708003044128,0.1865894347429275,0.0033645210787653
426,0.986445128917694,0.0118488725274801,0.001460067462176,0.0002459155221004
427,0.9508340358734132,0.0411290489137172,0.0072597074322402,0.0007772172102704
428,0.0020182852167636,0.1350132972002029,0.3289804458618164,0.5339879393577576
429,0.9838915467262268,0.0123853664845228,0.0030351646710187,0.0006879016873426
430,0.9870621562004088,0.0107952691614627,0.0017900310922414,0.0003524780040606
431,0.9844761490821838,0.0125878825783729,0.002440272597596,0.0004957714118063
432,0.9876465797424316,0.0101472223177552,0.0018479464342817,0.0003582407371141
433,0.9798706769943236,0.0171251073479652,0.0027095852419734,0.0002946536988019
434,0.5510473847389221,0.4031548798084259,0.0438410639762878,0.0019565757829695
435,0.3545727133750915,0.5491729378700256,0.0924958139657974,0.0037585694808512
436,0.7763126492500305,0.1787173300981521,0.04114306345582,0.0038269010838121
437,0.969209372997284,0.0266484413295984,0.003779552411288,0.0003627126861829
438,0.98591947555542,0.0113002490252256,0.0023686606436967,0.0004116114869248
439,0.5334540605545044,0.4286423921585083,0.0368736796081066,0.0010298086563125
440,0.9563485980033876,0.0365067608654499,0.0065453019924461,0.0005993691738694
441,0.97911936044693,0.0163283608853817,0.003878325689584,0.0006739519885741
442,0.9823984503746032,0.0146856671199202,0.0023973691277205,0.0005184674519114
443,0.9768444895744324,0.0181732811033725,0.0041188644245266,0.0008633608813397
444,0.9756914973258972,0.020249830558896,0.0036877682432532,0.0003708885924424
445,0.7888370752334595,0.1760133504867553,0.0325591973960399,0.0025903934147208
446,0.9831367135047911,0.0151632269844412,0.0015490209916606,0.0001509960129624
447,0.9794064164161682,0.0176603440195322,0.0025047692470252,0.000428515515523
448,0.9614154100418092,0.0350195541977882,0.0032573258504271,0.0003077497240155
449,0.8426122069358826,0.1397187858819961,0.0156760141253471,0.0019929816480726
450,0.8529240489006042,0.1209703609347343,0.0220303405076265,0.0040752030909061
451,0.597999095916748,0.3684165477752685,0.0321918800473213,0.0013924839440733
452,0.8576852679252625,0.119759701192379,0.0211388431489467,0.0014162142761051
453,0.9820846915245056,0.014453369192779,0.0029826215468347,0.0004793508851435
454,0.9692330360412598,0.0258291848003864,0.0042164986953139,0.0007213578792288
455,0.98415344953537,0.012983207590878,0.0024394725915044,0.0004239167610649
456,0.9646462202072144,0.0286781769245862,0.0054733259603381,0.0012023302260786
457,0.9763590097427368,0.0202636830508708,0.0030119279399514,0.0003653883177321
458,0.9516088366508484,0.0431379899382591,0.0046183113008737,0.0006348630995489
459,0.9713239073753356,0.0262925345450639,0.0022617978975176,0.0001217585886479
460,0.980258047580719,0.0160939078778028,0.0030239557381719,0.0006240285001695
461,0.965060293674469,0.0273766536265611,0.0063024633564054,0.0012605719966813
462,0.6027008295059204,0.3126770555973053,0.0697676837444305,0.0148543966934084
463,0.7951822280883789,0.1859441548585891,0.0181255284696817,0.000748129968997
464,0.7074560523033142,0.2522512376308441,0.0369125120341777,0.0033801684621721
465,0.9767181277275084,0.0181709304451942,0.004383941181004,0.0007269287598319
466,0.9875491857528688,0.0109706809744238,0.0013308946508914,0.000149322222569
467,0.9897066354751588,0.0084298886358737,0.0016088724369183,0.0002545605821069
468,0.9662341475486756,0.0278415959328413,0.0050703315064311,0.0008539831615053
469,0.9551658034324646,0.0364616103470325,0.006958819925785,0.001413770020008
470,0.9746868014335632,0.0199153572320938,0.0043748239986598,0.0010230017360299
471,0.9700874090194702,0.0246681086719036,0.0047079911455512,0.0005365401739254
472,0.0009732599719427,0.5712893605232239,0.4245462119579315,0.003191196359694
473,0.9822977781295776,0.0142323775216937,0.0028914830181747,0.000578332983423
474,0.9869087338447572,0.0106262536719441,0.0021588541567325,0.000306190631818
475,0.0071835773997008,0.2612681984901428,0.5115382671356201,0.2200098931789398
476,0.8990033864974976,0.0785540416836738,0.0192504953593015,0.0031920452602207
477,0.9868403673171996,0.0107928430661559,0.0019350503571331,0.0004317680723033
478,0.3594545125961303,0.5481026768684387,0.0894753038883209,0.0029674787074327
479,0.7716236114501953,0.1981693357229232,0.0281063877046108,0.0021006499882787
480,0.6445302963256836,0.2905125617980957,0.0590212047100067,0.0059359185397624
481,0.8608343005180359,0.1165012493729591,0.0205636918544769,0.0021007133182138
482,0.945246696472168,0.0449059791862964,0.0087054213508963,0.0011419027578085
483,0.0127473874017596,0.4091477394104004,0.4493608772754669,0.1287440508604049
484,0.9824041724205016,0.0140132429078221,0.0029373355209827,0.0006452469388023
485,0.9861796498298644,0.0114812310785055,0.0019642070401459,0.0003748754679691
486,0.9835814237594604,0.0127744926139712,0.0022548318374902,0.001389161683619
487,0.9877739548683168,0.0101485308259725,0.0018195312004536,0.0002580643631517
488,0.9790192246437072,0.0173796731978654,0.0029272146057337,0.0006738830707035
489,0.4209567606449127,0.3435748815536499,0.201977252960205,0.0334911122918129
490,0.9683570861816406,0.0262122247368097,0.0046267323195934,0.000804005539976
491,0.9690271019935608,0.0266434289515018,0.0038987949956208,0.0004306509508751
492,0.9291561841964722,0.0632298737764358,0.0069842101074755,0.0006296455976553
493,0.9755840301513672,0.0208903290331363,0.00305693061091,0.0004687954788096
494,0.9734954237937928,0.0232549514621496,0.0030030941125005,0.0002465089492034
495,0.7523286938667297,0.2223879396915435,0.0245644021779298,0.000718958559446
496,0.9042982459068298,0.0777916610240936,0.0158043354749679,0.0021057236008346
497,0.985665500164032,0.0122153349220752,0.0017325028311461,0.000386573607102
498,0.9785670042037964,0.0176452081650495,0.0034745475277304,0.0003132399579044
499,0.4751496315002441,0.4533909559249878,0.0684517994523048,0.0030075618997216
500,0.0117025207728147,0.3065648376941681,0.4898892045021057,0.1918433606624603
501,0.983669102191925,0.0140312854200601,0.0019592065364122,0.0003404590243007
502,0.981270968914032,0.0148998126387596,0.003027080791071,0.000802096503321
503,0.9771649241447448,0.019351702183485,0.0029676798731088,0.0005157054401934
504,0.439048022031784,0.4459620118141174,0.1092876940965652,0.0057022380642592
505,0.976633846759796,0.0193411856889724,0.0034676836803555,0.0005573074449785
506,0.961863100528717,0.0319005139172077,0.0053729233331978,0.0008635073318146
507,0.974104940891266,0.0218596849590539,0.0035131711047142,0.0005221862811595
508,0.9834595322608948,0.0151682058349251,0.0012257789494469,0.0001463984081055
509,0.9583947658538818,0.0333109050989151,0.0069823442026972,0.0013119437498971
510,0.9791528582572936,0.0160757638514041,0.0038784581702202,0.0008928718161769
511,0.6217866539955139,0.3175775706768036,0.0569385141134262,0.0036972782108932
512,0.9618138074874878,0.0334297381341457,0.004385027103126,0.0003713708720169
513,0.9600033164024352,0.0344259887933731,0.0049595339223742,0.0006111344555392
514,0.0796850472688674,0.7800297141075134,0.1376834213733673,0.0026018091011792
515,0.9772483706474304,0.0187579151242971,0.0034698655363172,0.0005238713347353
516,0.9836825728416444,0.0140314782038331,0.00199008686468,0.0002957999822683
517,0.9785730242729188,0.0173717513680458,0.0033154569100588,0.0007397784502245
518,0.9727208018302916,0.023602370172739,0.0032445350661873,0.0004322924651205
519,0.9894260168075562,0.0088319424539804,0.0014875418273732,0.0002544884046074
520,0.946749746799469,0.0464051179587841,0.006479606963694,0.0003655544132925
521,0.7004916071891785,0.2658766210079193,0.0317544341087341,0.0018774366471916
522,0.9379780888557434,0.0529171042144298,0.0079892873764038,0.0011155544780194
523,0.17472605407238,0.6594091653823853,0.1590898782014846,0.0067748641595244
524,0.9251317381858826,0.0619799606502056,0.0112873893231153,0.0016008923994377
525,0.9473655223846436,0.0397182181477546,0.0110293515026569,0.0018868995830416
526,0.0502520464360713,0.5841608047485352,0.322604238986969,0.0429828576743602
527,0.9527786374092102,0.0425214059650898,0.004276490304619,0.0004234298539813
528,0.9272165894508362,0.0640915259718895,0.0078976256772875,0.0007942850934341
529,0.97259259223938,0.0232333857566118,0.0036190636456012,0.0005550013156607
530,0.9686681628227234,0.0266335606575012,0.0040210662409663,0.0006772580672986
531,0.9371394515037536,0.0528697930276393,0.0087666697800159,0.0012241015210747
532,0.6750884056091309,0.2562346458435058,0.0647862702608108,0.0038907178677618
533,0.7006022930145264,0.2421216815710067,0.0499646291136741,0.0073114410042762
534,0.9606826901435852,0.0339162461459636,0.0048860982060432,0.0005149909993633
535,0.977927565574646,0.018479935824871,0.0029699960723519,0.0006225449615158
536,0.9712814092636108,0.0228423494845628,0.0050177983939647,0.00085844413843
537,0.9880308508872986,0.0099937906488776,0.0017366602551192,0.0002387326239841
538,0.9825520515441896,0.0142360618337988,0.0026334067806601,0.0005784826935268
539,0.9706926941871644,0.0231880005449056,0.0053381812758743,0.0007811484974808
540,0.0217608977109193,0.6561337113380432,0.3148163855075836,0.0072889877483248
541,0.9854345321655272,0.0118367336690425,0.0025598730426281,0.0001688419288257
542,0.97548508644104,0.0193184353411197,0.0044473563320934,0.0007490571006201
543,0.9644889831542968,0.0277913101017475,0.006498675327748,0.0012210649438202
544,0.8702315092086792,0.1106375157833099,0.0177810676395893,0.0013498713960871
545,0.9185894727706908,0.068654678761959,0.0117454314604401,0.0010103929089382
546,0.892957329750061,0.0884147509932518,0.0166126377880573,0.0020153417717665
547,0.9601870775222778,0.0313512161374092,0.0069954022765159,0.0014663159381598
548,0.9706355333328248,0.0231866352260112,0.0050934278406202,0.0010844533098861
549,0.9835898280143738,0.0135984933003783,0.0021854767110198,0.0006261495291255
550,0.9539209008216858,0.0364140905439853,0.008253033272922,0.0014119273982942
551,0.9634440541267396,0.0295516438782215,0.0063909911550581,0.0006133248098194
552,0.9877073168754578,0.0101478463038802,0.0017634311225265,0.0003813687362708
553,0.9889684915542604,0.0084236022084951,0.0022320323623716,0.0003759355749934
554,0.9205051064491272,0.0607138946652412,0.0168596394360065,0.0019213873893022
555,0.0359955839812755,0.5457419157028198,0.3869889676570892,0.0312735028564929
556,0.7707520723342896,0.1918553709983825,0.034939456731081,0.0024531348608434
557,0.9779746532440186,0.0179122313857078,0.0034186092671006,0.0006945325294509
558,0.5875086784362793,0.2863288521766662,0.1121279969811439,0.0140344640240073
559,0.8598453402519226,0.1339380741119384,0.0059775006957352,0.0002391301095485
560,0.0048904377035796,0.4471556842327118,0.4911044538021087,0.0568494647741317
561,0.51917564868927,0.4043344259262085,0.0736347734928131,0.0028551300056278
562,0.953028440475464,0.0387263298034668,0.0071636512875556,0.0010815495625138
563,0.9920531511306764,0.0068965875543653,0.0008906103321351,0.00015967762738
564,0.8038036823272705,0.168486401438713,0.025838229805231,0.0018717148341238
565,0.9881709814071656,0.0098402462899684,0.0016573679167777,0.0003314944333396
566,0.9700993299484252,0.02317382581532,0.0055909459479153,0.0011358695337548
567,0.9321324825286864,0.0634324103593826,0.0041838213801383,0.000251257995842
568,0.8418202996253967,0.1485901027917862,0.0093517797067761,0.0002378040226176
569,0.98825603723526,0.0099960686638951,0.0015091805253177,0.000238787048147
570,0.9853744506835938,0.0118360118940472,0.0023306487128138,0.000458931986941
571,0.971735179424286,0.0232129041105508,0.0042939553968608,0.0007579282391816
572,0.9850735068321228,0.0120187290012836,0.002441753167659,0.0004660167323891
573,0.1756243854761123,0.575850248336792,0.2220100462436676,0.0265153218060731
574,0.9780374765396118,0.0176356602460145,0.0035273539833724,0.0007994534098543
575,0.972095549106598,0.0225070621818304,0.0047177365049719,0.0006796543602831
576,0.9696316123008728,0.0246565174311399,0.0049316133372485,0.0007802945910952
577,0.0972552523016929,0.5095810890197754,0.3394542038440704,0.0537094473838806
578,0.9881835579872132,0.009389747865498,0.0020626538898795,0.0003640800423454
579,0.8137634992599487,0.1653260886669159,0.0200563296675682,0.0008541014976799
580,0.9861581325531006,0.0113029843196272,0.0020265132188796,0.0005123827722854
581,0.9666047692298888,0.0282908864319324,0.004338548053056,0.0007657991955056
582,0.9318070411682128,0.0595684312283992,0.0078136781230568,0.0008107875473797
583,0.9695648550987244,0.0258380267769098,0.0041525489650666,0.0004445678205229
584,0.9705031514167786,0.0239193961024284,0.0047841798514127,0.000793294806499
585,0.9681592583656312,0.0254005677998065,0.0054080933332443,0.0010321526788175
586,0.9761414527893066,0.01994507946074,0.0034659353550523,0.000447583355708
587,0.963364839553833,0.0300145484507083,0.0057283765636384,0.0008923090063035
588,0.963230311870575,0.0277550425380468,0.0072403354570269,0.0017743204953148
589,0.7019473910331726,0.262298583984375,0.0338726677000522,0.0018813383067026
590,0.033234741538763,0.335658997297287,0.4243127107620239,0.2067935019731521
591,0.9859372973442078,0.011300453916192,0.0022958260960876,0.0004664253792725
592,0.9062945246696472,0.0804382115602493,0.0117707112804055,0.0014964781003072
593,0.852436363697052,0.1267033517360687,0.0194305889308452,0.0014297127490863
594,0.9675707221031188,0.0261909402906894,0.0051573016680777,0.0010810291860252
595,0.2131081372499466,0.4372695088386535,0.2736362814903259,0.0759860426187515
596,0.7890875339508057,0.1578274369239807,0.0459303967654705,0.0071545764803886
597,0.9466235637664796,0.0449713915586471,0.0074569880962371,0.0009480496519245
598,0.9461418390274048,0.0442516431212425,0.0084455730393528,0.0011609834618866
599,0.9601804614067078,0.0338985174894332,0.0052803708240389,0.00064058159478
600,0.9648293256759644,0.0291353203356266,0.0053059360943734,0.0007293884991668
601,0.9715502858161926,0.0228486731648445,0.0047150906175374,0.0008859391673468
602,0.98542320728302,0.012404647655785,0.00190231425222,0.0002698055177461
603,0.9752893447875975,0.0199276693165302,0.0039857844822108,0.0007972070598043
604,0.8849440217018127,0.1024397015571594,0.0118582565337419,0.0007580729434266
605,0.9556050896644592,0.0353560596704483,0.0076462836004793,0.0013924916274845
606,0.9655420184135436,0.02870480902493,0.0049881478771567,0.0007649572216905
607,0.9022061228752136,0.0852397605776786,0.0113570997491478,0.0011970294872298
608,0.9424510598182678,0.0447731651365757,0.0111449221149086,0.0016308625927194
609,0.9707772731781006,0.0258703380823135,0.0029947091825306,0.0003576670133043
610,0.6570139527320862,0.2870281338691711,0.0514613091945648,0.0044966391287744
611,0.9800409078598022,0.016343729570508,0.0029302693437784,0.0006852094666101
612,0.9703130722045898,0.0242913141846656,0.004423776641488,0.0009717748034745
613,0.968458652496338,0.0246266908943653,0.0058493516407907,0.0010652460623532
614,0.2692413926124573,0.6162996888160706,0.1104964539408683,0.0039624334312975
615,0.9755169749259948,0.0208888929337263,0.003153750905767,0.0004403623461257
616,0.9788420796394348,0.0168419070541858,0.0036423183046281,0.0006737611256539
617,0.9618078470230104,0.0318986847996711,0.005809181369841,0.0004843558999709
618,0.6106371283531189,0.3589750230312347,0.0290096309036016,0.0013781649759039
619,0.979273557662964,0.0176579486578702,0.0026659513823688,0.0004024984664283
620,0.972905695438385,0.0236068554222583,0.0031453089322894,0.0003420365101192
621,0.0662221610546112,0.6282984018325806,0.2876559793949127,0.0178234539926052
622,0.9558436274528505,0.0400736629962921,0.0037861296441406,0.0002965526073239
623,0.975310444831848,0.0196191426366567,0.0043097538873553,0.000760716793593
624,0.9595386385917664,0.034409325569868,0.0053599388338625,0.0006921708700247
625,0.8259276747703552,0.1246964260935783,0.0404830016195774,0.0088929366320371
626,0.9868298172950744,0.0107927275821566,0.0019655020441859,0.0004119915538467
627,0.9083623290061952,0.0711484402418136,0.0182724278420209,0.002216697204858
628,0.9303338527679444,0.0594742484390735,0.0087030055001378,0.001488908776082
629,0.8291283249855042,0.1396479904651641,0.0270719993859529,0.0041516255587339
630,0.9669217467308044,0.0274294596165418,0.0049178306944668,0.0007309703505598
631,0.923391044139862,0.0618633441627025,0.0133788865059614,0.0013667392777279
632,0.9751681685447692,0.0190127529203891,0.0046592755243182,0.0011597853153944
633,0.9561035633087158,0.0364974066615104,0.0062439702451229,0.0011550184572115
634,0.9816438555717468,0.0156208034604787,0.0023955276701599,0.0003397580585442
635,0.083419881761074,0.6163942217826843,0.2735232710838318,0.0266625974327325
636,0.645200788974762,0.3193975687026977,0.034194391220808,0.0012072096578776
637,0.965917944908142,0.02614620141685,0.0072605377063155,0.000675335235428
638,0.9260898232460022,0.0620441511273384,0.0107816578820347,0.001084339688532
639,0.971293032169342,0.0235677249729633,0.0042254603467881,0.0009138199384324
640,0.9802036285400392,0.0155978854745626,0.0037048223894089,0.0004936198238283
641,0.98020738363266,0.0163465049117803,0.0030237997416406,0.0004222170100547
642,0.9816834926605223,0.0156214339658617,0.00232191872783,0.0003731663164217
643,0.9792932271957396,0.0165884401649236,0.0033178969752043,0.0008004798437468
644,0.990494966506958,0.0084366034716367,0.0009919871808961,7.649383042007685e-05
645,0.964487075805664,0.0314916186034679,0.0037028265651315,0.0003185331879649
646,0.9710039496421814,0.0243086088448762,0.0041587124578654,0.0005287209060043
647,0.6606563925743103,0.3072337806224823,0.0304202642291784,0.0016895864391699
648,0.9087712168693542,0.0723013952374458,0.0171730853617191,0.0017543411813676
649,0.9675984978675842,0.024604819715023,0.0063190395012497,0.0014776340685784
650,0.9879866242408752,0.0098384097218513,0.0018485825276002,0.0003262941900175
651,0.6380691528320312,0.2831414937973022,0.0715893730521202,0.0071999328210949
652,0.9864874482154846,0.0113067589700222,0.0018748443108052,0.0003309296735096
653,0.9658617973327636,0.0305662248283624,0.0032216566614806,0.0003503389307297
654,0.9704949259757996,0.0242958664894104,0.00422198837623,0.0009872630471363
655,0.94465434551239,0.0477722063660621,0.0069906185381114,0.0005828613066114
656,0.0136105380952358,0.4650264680385589,0.4723495543003082,0.0490134321153163
657,0.9751498699188232,0.0199248194694519,0.004176469054073,0.0007487997063435
658,0.9689325094223022,0.0266408286988735,0.0038379752077162,0.0005885725840926
659,0.968557059764862,0.0262176394462585,0.0046276883222162,0.00059760955628
660,0.9886319041252136,0.0095419427379965,0.0015335297212004,0.0002926792949438
661,0.976608395576477,0.0178872067481279,0.0042485841549932,0.0012558790622279
662,0.6928359270095825,0.2713184356689453,0.0339594855904579,0.0018861602293327
663,0.9634664058685304,0.0324568822979927,0.0036989080253988,0.0003778672253247
664,0.3581121265888214,0.546055793762207,0.0934191346168518,0.0024129406083375
665,0.9786666631698608,0.0171040650457143,0.0032643675804138,0.0009649453568272
666,0.6778457164764404,0.2654481828212738,0.0530929826200008,0.003613022621721
667,0.58958500623703,0.3205518126487732,0.0823245123028755,0.0075386557728052
668,0.9882832765579224,0.009688789024949,0.0018204693915322,0.0002074674994219
669,0.1146309897303581,0.5300483107566833,0.3020124137401581,0.0533083602786064
670,0.9643378257751464,0.0309985894709825,0.0041301622986793,0.0005333601729944
671,0.4445639550685882,0.4882579743862152,0.0650540813803672,0.0021240909118205
672,0.4855645895004272,0.4855645895004272,0.027825066819787,0.001045700861141
673,0.6448179483413696,0.2906422317028045,0.0590475462377071,0.0054922774434089
674,0.0289950519800186,0.4753257036209106,0.3879495561122894,0.1077296957373619
675,0.905482292175293,0.082917220890522,0.0107077490538358,0.0008927870658226
676,0.97236967086792,0.0239653997123241,0.0031435759738087,0.0005212560645304
677,0.9715482592582704,0.0228486247360706,0.0044294078834354,0.0011736763408407
678,0.9912374019622804,0.0075681903399527,0.0009927306091412,0.0002016854559769
679,0.9295250177383424,0.0567013844847679,0.0122625352814793,0.0015110408421605
680,0.9673476815223694,0.0278736837208271,0.0043418826535344,0.0004366745997685
681,0.922104835510254,0.0678489506244659,0.0093269580975174,0.0007192178163677
682,0.9584599137306212,0.0322882272303104,0.0076691266149282,0.001582613796927
683,0.9855409264564514,0.0124061293900012,0.00178727239836,0.0002656543219927
684,0.9851270318031312,0.0118330400437116,0.0025590742006897,0.0004808358498848
685,0.9857994318008424,0.012409383431077,0.001577676157467,0.0002135152171831
686,0.9756523370742798,0.021220788359642,0.0028719212859869,0.0002548974880483
687,0.7434465289115906,0.2339358180761337,0.0210899543017148,0.0015277510974556
688,0.9693655967712402,0.024649754166603,0.0050867637619376,0.0008978671976365
689,0.970569372177124,0.0254638008773326,0.0035004199016839,0.0004663858271669
690,0.929130792617798,0.0632281452417373,0.0070940004661679,0.0005470305914059
691,0.9012076258659364,0.0851454213261604,0.0126557378098368,0.0009912739042192
692,0.9287987947463988,0.0612609237432479,0.0092490157112479,0.0006912644603289
693,0.9840436577796936,0.0127804959192872,0.0025965152308344,0.000579360872507
694,0.9605423212051392,0.0313628166913986,0.0073338304646313,0.0007609961321577
695,0.9806132316589355,0.0163532737642526,0.0025078556500375,0.0005256751319393
696,0.9831048846244812,0.0133810685947537,0.002804823918268,0.0007091705920174
697,0.9706698060035706,0.0246829167008399,0.0040293750353157,0.0006179246702231
698,0.976760983467102,0.0202720277011394,0.0026591110508888,0.0003078145091421
699,0.9834432005882264,0.013178146444261,0.0027622897177934,0.0006163500365801
700,0.9659685492515564,0.0291697233915328,0.0043356926180422,0.0005259790923446
701,0.9786829948425292,0.0182074848562479,0.0027489191852509,0.0003605797246564
702,0.9871209263801576,0.0113140195608139,0.0013512668665498,0.0002138014533556
703,0.9345068335533142,0.0552514120936393,0.0093058561906218,0.0009359146351926
704,0.987390637397766,0.0106314411386847,0.0017355349846184,0.0002423350088065
705,0.9782447218894958,0.0184859298169612,0.0028795523103326,0.0003897050046361
706,0.5534013509750366,0.3863363862037658,0.0565335042774677,0.0037287888117134
707,0.9432112574577332,0.0469597242772579,0.0088234702125191,0.0010055557359009
708,0.98689204454422,0.0113113960251212,0.0015794247156009,0.0002171179803553
709,0.9851705431938172,0.0125967608764767,0.0019317760597914,0.0003009126521646
710,0.9632686972618104,0.0304841622710227,0.0052973539568483,0.0009497632272541
711,0.9672882556915284,0.0261832941323518,0.0055747451260685,0.0009537264122627
712,0.9624072313308716,0.0334503650665283,0.0037530267145484,0.0003894334367942
713,0.9840853214263916,0.0138195967301726,0.0018127365037798,0.0002823698741849
714,0.1056680679321289,0.6372600197792053,0.2381266951560974,0.0189452413469553
715,0.9804896712303162,0.0171359255909919,0.002144812606275,0.0002296215243404
716,0.987877368927002,0.0101495934650301,0.0016568754799664,0.000316220219247
717,0.9708455204963684,0.0258721560239791,0.0029949196614325,0.0002874137135222
718,0.9659560918807985,0.0278335846960544,0.0053957868367433,0.0008146419422701
719,0.6510806083679199,0.2980864346027374,0.0486612692475318,0.0021716959308832
720,0.0653768703341484,0.6919705867767334,0.2354311496019363,0.0072213616222143
721,0.9110738635063172,0.0747855007648468,0.0120191229507327,0.0021215011365711
722,0.9815311431884766,0.015376859344542,0.0025898858439177,0.0005020722746849
723,0.9725295305252076,0.0247302092611789,0.0025263496208935,0.0002139581920346
724,0.9722822308540344,0.02216237783432,0.0045025604777038,0.001052871462889
725,0.9754027724266052,0.0205626338720321,0.0035732497926801,0.0004614417266566
726,0.2117724418640136,0.6322357058525085,0.1501691490411758,0.0058226897381246
727,0.9486417174339294,0.0416804067790508,0.0086012380197644,0.0010765711776912
728,0.9823649525642396,0.0151513237506151,0.0021489146165549,0.0003347363090142
729,0.8999132513999939,0.078633539378643,0.0186771024018526,0.002776103792712
730,0.9844359159469604,0.0133991846814751,0.0018133823759853,0.0003515401913318
731,0.9748396277427672,0.0202321503311395,0.0043076737783849,0.0006205791723914
732,0.9761193990707396,0.0202587116509675,0.0031067740637809,0.0005151536315679
733,0.9678940176963806,0.0283286198973655,0.0034907709341496,0.0002865399583242
734,0.98437762260437,0.0140413921326398,0.0014344184892252,0.0001465350796934
735,0.9445284008979796,0.0462962388992309,0.0083004580810666,0.000874861900229
736,0.9825623035430908,0.0137982089072465,0.0029840720817446,0.0006555136060342
737,0.9552857875823976,0.0347962826490402,0.0082648415118455,0.0016530723078176
738,0.9760364890098572,0.0209000166505575,0.0026159437838941,0.0004475352179724
739,0.9828417897224426,0.0146922953426837,0.0021838147658854,0.0002820130612235
740,0.9865477681159972,0.0109595563262701,0.0019958834163844,0.0004968146677128
741,0.9625996947288512,0.0286173354834318,0.0074652777984738,0.0013176999054849
742,0.9704948663711548,0.0231832731515169,0.0052543487399816,0.0010674856603145
743,0.9442834258079528,0.0477534495294094,0.0073232292197644,0.0006398966070264
744,0.9779077172279358,0.018479561433196,0.0031124660745263,0.000500218826346
745,0.7149930000305176,0.2589533030986786,0.0252423398196697,0.0008114136871881
746,0.9783449172973632,0.017919011414051,0.0033146839123219,0.0004214147629681
747,0.9716033935546876,0.0224956665188074,0.004865029361099,0.0010358245344832
748,0.2598934471607208,0.6234519481658936,0.1100458055734634,0.0066087651066482
749,0.9633936882019044,0.0300154481083154,0.0060980077832937,0.0004927946138195
750,0.0473172813653945,0.533122181892395,0.3496300876140594,0.0699304118752479
751,0.974279522895813,0.0218636039644479,0.0033009101171046,0.0005559639539569
752,0.9761279225349426,0.0199448019266128,0.0034121538046747,0.0005151581717655
753,0.9761890172958374,0.0193323753774166,0.0038067705463618,0.0006719349185004
754,0.9463230967521667,0.0456650853157043,0.0070029674097895,0.0010088732233271
755,0.9574073553085328,0.0343328975141048,0.0070849931798875,0.0011748070828616
756,0.9855992794036864,0.012214514426887,0.0017873782198876,0.0003988179960288
757,0.0037775093223899,0.3676715195178985,0.5694607496261597,0.0590901896357536
758,0.0243802331387996,0.3161676824092865,0.4820981323719024,0.1773540079593658
759,0.9589229226112366,0.0343872457742691,0.0060697090812027,0.0006200597854331
760,0.3152920007705688,0.6077412366867065,0.0737273767590522,0.0032393548171967
761,0.9736645817756652,0.0215110518038272,0.0043024811893701,0.0005219501908868
762,0.989225685596466,0.0091104535385966,0.0013971333391964,0.0002666475484147
763,0.9851301908493042,0.0122087001800537,0.0022233694326132,0.0004378074081614
764,0.9802258610725404,0.0166042391210794,0.0026685437187552,0.0005014045746065
765,0.9819574356079102,0.0144514963030815,0.0029359995387494,0.0006551100523211
766,0.833585798740387,0.1471366286277771,0.0184163078665733,0.0008613422396592
767,0.977203607559204,0.0184662546962499,0.003579847048968,0.0007503767265006
768,0.9874060750007628,0.0104667795822024,0.0017906547291204,0.0003364540461916
769,0.9814230799674988,0.0156172914430499,0.0026303809136152,0.0003292307665105
770,0.0393898040056228,0.3796052932739258,0.4369229972362518,0.1440819203853607
771,0.9105900526046752,0.0820921808481216,0.0068446532823145,0.0004731195513159
772,0.9728323817253112,0.021159453317523,0.0047956621274352,0.0012125333305448
773,0.9772770404815674,0.0181813277304172,0.003636494744569,0.0009051950764842
774,0.9429261684417723,0.0484357438981533,0.0076636476442217,0.0009743233676999
775,0.0670844689011573,0.7558384537696838,0.1713062077760696,0.0057708974927663
776,0.0125692561268806,0.5869876742362976,0.3673275113105774,0.0331155806779861
777,0.959248185157776,0.0354908481240272,0.0048788022249937,0.0003821373102255
778,0.9730899930000304,0.0228848848491907,0.0035647773183882,0.0004603475972544
779,0.0180902387946844,0.4889437258243561,0.4521990120410919,0.0407669804990291
780,0.9614272117614746,0.0339425317943096,0.004182540345937,0.000447778700618
781,0.9427581429481506,0.0515503920614719,0.0054333712905645,0.0002581239677965
782,0.8225263357162476,0.1385360360145568,0.0344843491911888,0.0044532334432005
783,0.9591140151023864,0.0323102623224258,0.0073229256086051,0.0012528049992397
784,0.8944737315177917,0.0871918201446533,0.0169029049575328,0.0014315182343125
785,0.8936212658882141,0.0941869840025901,0.0114261778071522,0.0007655062363483
786,0.9633100628852844,0.0295475348830223,0.0062910332344472,0.0008513987995684
787,0.961666703224182,0.0309127271175384,0.006379201542586,0.0010413760319352
788,0.9795698523521424,0.0182239841669797,0.0020129745826125,0.0001931793085532
789,0.9789323210716248,0.0173781290650367,0.003164792433381,0.0005247740773484
790,0.0144498972222208,0.7889376282691956,0.1933374851942062,0.003274981630966
791,0.9672340154647828,0.0296678952872753,0.0029375194571912,0.0001606247387826
792,0.7600410580635071,0.2077836543321609,0.030405469238758,0.0017698103329166
793,0.8169045448303223,0.1559089571237564,0.0242859330028295,0.0029005410615354
794,0.7621844410896301,0.2116509675979614,0.0248862039297819,0.0012783415149897
795,0.893467366695404,0.0912734419107437,0.0139972353354096,0.0012618890032172
796,0.957149863243103,0.0359708927571773,0.0059645581059157,0.0009146947413682
797,0.9415189623832704,0.0491250716149807,0.0085366563871502,0.0008192380773834
798,0.4723007380962372,0.4577695727348327,0.0669864863157272,0.0029431809671223
799,0.5473155379295349,0.3118509948253631,0.1240457594394683,0.0167877674102783
800,0.9858433604240416,0.0118416436016559,0.0019944582600146,0.0003205386165063
801,0.9612899422645568,0.032893531024456,0.0052045122720301,0.0006119534955359
802,0.9811914563179016,0.0163629166781902,0.0020163068547844,0.0004292965168133
803,0.9229936003684998,0.0668614357709884,0.0091912075877189,0.0009537271107546
804,0.8648753762245178,0.1188913956284523,0.0153533769771456,0.000879818573594
805,0.8966023325920105,0.087399311363697,0.0142675470560789,0.0017308497335761
806,0.9719054102897644,0.0247143376618623,0.0029059445951133,0.0004743824538309
807,0.9871243238449096,0.0111386496573686,0.0014161203289404,0.000320955121424
808,0.8580834865570068,0.1161289736628532,0.0235930327326059,0.0021944935433566
809,0.9366998672485352,0.0520257055759429,0.0097753405570983,0.0014990969793871
810,0.9878411889076232,0.0099918721243739,0.0017914437921717,0.0003755070501938
811,0.584661066532135,0.3491170406341553,0.0597268864512443,0.0064949980005621
812,0.9652199745178224,0.0300723481923341,0.004265165887773,0.0004425756051205
813,0.9799283742904664,0.0168605986982584,0.0027097447309643,0.0005012524197809
814,0.0315360426902771,0.839142918586731,0.1266916245222091,0.002629400929436
815,0.1155180856585502,0.534150242805481,0.3091424405574798,0.0411892421543598
816,0.9721951484680176,0.0218168273568153,0.0047182198613882,0.0012698916252702
817,0.0038368022069334,0.560603678226471,0.410146415233612,0.0254130866378545
818,0.6833123564720154,0.2848469614982605,0.0309756696224212,0.0008650888921692
819,0.9832634329795836,0.0135939810425043,0.0027189671527594,0.0004235334054101
820,0.8235750198364258,0.1282882392406463,0.0416490919888019,0.006487678270787
821,0.9664113521575928,0.0253547094762325,0.0069315917789936,0.001302407705225
822,0.987564504146576,0.0103061608970165,0.0017358406912535,0.0003934177511837
823,0.9754706621170044,0.0202452484518289,0.0038638731930404,0.0004201767151243
824,0.987537443637848,0.0104681719094514,0.0016306267352774,0.0003638420021161
825,0.2267402410507202,0.6067882776260376,0.1510415524244308,0.0154298665001988
826,0.97169828414917,0.0235775578767061,0.0042272233404219,0.0004970425507053
827,0.9498080611228944,0.0404477082192897,0.0087474295869469,0.0009968897793442
828,0.977047085762024,0.0205972976982593,0.0021372819319367,0.0002183370816055
829,0.9695023894309998,0.0270762778818607,0.0030857138335704,0.0003355557855684
830,0.9647476077079772,0.0269434861838817,0.0068123806267976,0.0014964813599362
831,0.990035891532898,0.0084326937794685,0.001313560293056,0.0002178096328862
832,0.977989137172699,0.0190677531063556,0.0026624547317624,0.0002806206757668
833,0.007106558419764,0.3267329335212707,0.4828799664974212,0.1832805573940277
834,0.9618034362792968,0.0329111032187938,0.0048159584403038,0.0004694517119787
835,0.7408497929573059,0.2089662700891494,0.0451921224594116,0.0049918065778911
836,0.7468923330307007,0.2313764542341232,0.0205358285456895,0.0011953285429626
837,0.9204052090644836,0.0732269883155822,0.005825902801007,0.0005418933578766
838,0.9229342937469482,0.0637955293059349,0.0119868237525224,0.0012832976644858
839,0.6104346513748169,0.3166893422603607,0.0674270465970039,0.0054489406757056
840,0.9610297679901124,0.0318728797137737,0.0061788391321897,0.0009184025111608
841,0.0358206368982791,0.5516419410705566,0.3506449162960052,0.0618925057351589
842,0.9344335198402404,0.0495231635868549,0.0135388793423771,0.0025044409558176
843,0.0087408199906349,0.3716691136360168,0.5241374969482422,0.095452532172203
844,0.9718224406242372,0.0225007385015487,0.0047906832769513,0.0008861873648129
845,0.9721229076385498,0.0218152068555355,0.0047921645455062,0.0012697973288595
846,0.9695529341697692,0.0238959770649671,0.0054158787243068,0.0011352297151461
847,0.8412417769432068,0.1250394284725189,0.0296994671225547,0.0040193856693804
848,0.9506600499153136,0.0398563407361507,0.0084859048947691,0.0009977839654311
849,0.973166525363922,0.0225318595767021,0.0036211994010955,0.0006804032018408
850,0.9179320335388184,0.0644489377737045,0.0153079656884074,0.0023111572954803
851,0.9480342268943788,0.0410079397261142,0.0094405626878142,0.0015172365820035
852,0.980502188205719,0.015360739082098,0.0032704900950193,0.0008665936766192
853,0.5839285254478455,0.2890655696392059,0.1114447116851806,0.0155611680820584
854,0.9267727136611938,0.0660943537950515,0.0067519629374146,0.0003809196932706
855,0.0162827018648386,0.2392725348472595,0.4070163071155548,0.3374283909797668
856,0.9739012718200684,0.0225488692522048,0.0030516576953232,0.0004981694510206
857,0.9679288864135742,0.0270323324948549,0.0044129067100584,0.0006258832290768
858,0.9772032499313354,0.0173474363982677,0.0044551896862685,0.0009940871968865
859,0.9751713275909424,0.0196163449436426,0.0043769986368715,0.0008353647426702
860,0.9843984842300416,0.0131909474730491,0.0021533630788326,0.0002571825170889
861,0.4735155403614044,0.3987400829792022,0.1197234764695167,0.0080209728330373
862,0.5831754207611084,0.3824557662010193,0.032900508493185,0.0014683115296065
863,0.9838594198226928,0.013391338288784,0.0022909876424819,0.0004582263645716
864,0.9173210263252258,0.0685598775744438,0.0122921084985136,0.0018270589644089
865,0.9755173325538636,0.0196233037859201,0.0040494981221854,0.0008099505212157
866,0.9846404790878296,0.0129896327853202,0.0021204992663115,0.0002493311185389
867,0.968790888786316,0.0279152672737836,0.0029885813128203,0.0003053028194699
868,0.9118531942367554,0.0748494639992713,0.0120294038206338,0.0012678899802267
869,0.9676669239997864,0.0274505987763404,0.0042759785428643,0.0006064626504667
870,0.9503917694091796,0.0404725633561611,0.0079695200547575,0.0011661984026432
871,0.9818738698959352,0.0158705133944749,0.0020494835916906,0.0002061219856841
872,0.9793063402175904,0.0171152446419,0.002974183531478,0.0006042419699952
873,0.7085386514663696,0.2606568336486816,0.029705423861742,0.0010990592418238
874,0.0208258479833602,0.6182048916816711,0.3414051532745361,0.0195640735328197
875,0.9807454347610474,0.0163554791361093,0.002213473431766,0.0006857020780444
876,0.9261744022369384,0.0601407475769519,0.0116588156670331,0.0020259984303265
877,0.9825255870819092,0.0153924385085701,0.0017818040214478,0.0003001047880388
878,0.9665902853012084,0.026576429605484,0.0055707227438688,0.0012625704985111
879,0.9767819046974182,0.0184582863003015,0.0038690669462084,0.0008907098090276
880,0.7965902090072632,0.1777433007955551,0.0240549407899379,0.0016115804901346
881,0.9042945504188538,0.0777913406491279,0.015080539509654,0.0028335496317595
882,0.9738953709602356,0.0202125534415245,0.0050313025712966,0.0008607544004917
883,0.6796872615814209,0.292329877614975,0.0267693568021059,0.001213498879224
884,0.9766611456871032,0.0196463130414485,0.0031084984075278,0.000584069523029
885,0.974600315093994,0.0208692643791437,0.0039829686284065,0.0005475248326547
886,0.9245110154151917,0.0639045163989067,0.0104321250692009,0.0011523058637976
887,0.9767961502075196,0.0190444942563772,0.0033094366081058,0.0008499335963279
888,0.8213576078414917,0.1721659004688263,0.0061739175580441,0.0003026157501153
889,0.9020578861236572,0.0893158316612243,0.0080520659685134,0.0005742466310039
890,0.5210215449333191,0.3637316226959228,0.1058519482612609,0.0093948934227228
891,0.9876874089241028,0.0104697626084089,0.001580697717145,0.0002621053426992
892,0.0233815908432006,0.6520191431045532,0.3128422200679779,0.0117570012807846
893,0.7665895223617554,0.1878608465194702,0.0412675514817237,0.0042821341194212
894,0.2681913673877716,0.6333832740783691,0.0956265702843666,0.0027988280635327
895,0.9355860948562622,0.057969857007265,0.0061099776066839,0.0003340959956403
896,0.3916481733322143,0.4874140322208404,0.1157709881663322,0.0051667247898876
897,0.9640613198280334,0.030036250129342,0.0051385960541665,0.0007637841044925
898,0.9598716497421264,0.0333622358739376,0.0059815188869833,0.0007846045191399
899,0.6806161999702454,0.2707304060459137,0.0455984398722648,0.0030549054499715
900,0.7576153874397278,0.2071205228567123,0.0322631560266017,0.003000940894708
901,0.9763453602790833,0.0215702783316373,0.0019144711550325,0.0001699189742794
902,0.8708866238594055,0.1090042516589164,0.0186484269797801,0.0014606576878577
903,0.8943502902984619,0.0871797874569892,0.017166718840599,0.0013032322749495
904,0.9816117882728576,0.0149049870669841,0.002981185214594,0.0005021134857088
905,0.9825452566146852,0.0144601473584771,0.0023977274540811,0.0005968415644019
906,0.9699888229370116,0.023536080494523,0.0055036391131579,0.0009714500629343
907,0.7904259562492371,0.1877426207065582,0.0210641380399465,0.0007672611391171
908,0.9801183938980104,0.0153547273948788,0.0036470675840973,0.0008798959315754
909,0.4925237894058227,0.3896183967590332,0.1098969131708145,0.0079609053209424
910,0.9492325186729432,0.044396199285984,0.0059152203612029,0.0004561328387353
911,0.9898808598518372,0.0086990129202604,0.0012337825028225,0.0001862732897279
912,0.9739631414413452,0.0202139597386121,0.0045103444717824,0.0013125850819051
913,0.990082323551178,0.0084330886602401,0.0011960663832724,0.0002885644207708
914,0.965764582157135,0.0278280675411224,0.0057426458224654,0.0006647595437243
915,0.9795933961868286,0.0168548356741666,0.0029750552494078,0.0005767407710663
916,0.0464217215776443,0.5744381546974182,0.35390105843544,0.0252390503883361
917,0.976024568080902,0.0205757413059473,0.0030108962673693,0.0003888205392286
918,0.6549503207206726,0.2816906571388244,0.0599753968417644,0.0033835803624242
919,0.989700198173523,0.0094041591510176,0.000808986602351,8.660931780468673e-05
920,0.9646973609924316,0.0291313361376523,0.0053052105940878,0.0008660518215037
921,0.6585932374000549,0.3159964680671692,0.0236173383891582,0.0017929386813193
922,0.0145744727924466,0.5913431644439697,0.3700531125068664,0.024029241874814
923,0.9850742816925048,0.0125955305993556,0.0019315873505547,0.0003986055380664
924,0.9724894165992736,0.0228707585483789,0.0041650743223726,0.0004746674967464
925,0.9606118202209472,0.0318590179085731,0.00647255172953,0.0010566149139776
926,0.5340681076049805,0.355766087770462,0.1019286885857582,0.008237101137638
927,0.5229988098144531,0.3826340734958648,0.0894745439291,0.0048925033770501
928,0.9850587844848632,0.0124000599607825,0.0021548073273152,0.0003863356541842
929,0.1440394073724746,0.4797244668006897,0.3049314320087433,0.0713046789169311
930,0.9782272577285768,0.0187767054885625,0.002581168198958,0.000414831447415
931,0.9762143492698668,0.0199465695768594,0.0033074654638767,0.0005315580638125
932,0.0655385106801986,0.5318640470504761,0.3328320384025574,0.069765381515026
933,0.8184664249420166,0.1514010727405548,0.0280063804239034,0.0021261381916701
934,0.862338662147522,0.1131142154335975,0.0219281930476427,0.0026189491618424
935,0.9868168234825134,0.0107925850898027,0.0019654759671539,0.0004250639758538
936,0.964576780796051,0.0291276965290308,0.0053880820050835,0.0009075011475943
937,0.9720003604888916,0.0239562969654798,0.0036738170310854,0.0003694854967761
938,0.9857956171035768,0.0118410708382725,0.0019943616352975,0.0003689198347274
939,0.98385751247406,0.0136021934449672,0.0022204972337931,0.0003198929189238
940,0.950640082359314,0.0465958043932914,0.0025880003813654,0.000176115630893
941,0.9740445613861084,0.0208573639392852,0.0040433844551444,0.0010547798592597
942,0.9300724267959596,0.0558551922440528,0.0124629782512784,0.0016094419406726
943,0.976662278175354,0.0196463353931903,0.0032071762252599,0.0004842111957259
944,0.972102165222168,0.0221582744270563,0.0051011242903769,0.0006384805310517
945,0.8944859504699707,0.07939013838768,0.0220458451658487,0.0040780710987746
946,0.6861817836761475,0.2262787520885467,0.0781998336315155,0.009339639917016
947,0.9258798956871032,0.0630069151520729,0.010126132518053,0.0009870787616819
948,0.9801637530326844,0.0168646480888128,0.0026270055677741,0.0003445881593506
949,0.2978044152259826,0.4401263892650604,0.2247945666313171,0.0372745916247367
950,0.9593275785446168,0.0328263826668262,0.0067741079255938,0.0010718194535002
951,0.0222958102822303,0.4141688942909241,0.4620387852191925,0.1014964506030082
952,0.06473408639431,0.6046579480171204,0.3040411174297333,0.0265668164938688
953,0.9489022493362428,0.0404091328382492,0.0094492062926292,0.0012394662480801
954,0.8845980763435364,0.0992491468787193,0.0145233599469065,0.0016294758534058
955,0.4395298957824707,0.4129001200199127,0.138304203748703,0.0092658046633005
956,0.985692858695984,0.011297651566565,0.0025208464358001,0.0004886883543804
957,0.9638269543647766,0.0305018294602632,0.0050576995126903,0.0006135685252957
958,0.98240327835083,0.0144580584019422,0.0027593688573688,0.000379320787033
959,0.9764883518218994,0.0184527393430471,0.0041822013445198,0.0008766370592638
960,0.9707059860229492,0.0224748887121677,0.0056825415231287,0.0011365797836333
961,0.1731926500797271,0.5768195986747742,0.218936026096344,0.0310517325997352
962,0.9773234128952026,0.0181821901351213,0.0038111940957605,0.0006833095103502
963,0.9796847105026244,0.0160844959318637,0.0034785161260515,0.0007522818632423
964,0.9701897501945496,0.024670710787177,0.0046354890801012,0.0005040860269218
965,0.9874289631843568,0.0103047462180256,0.001847539213486,0.0004187335725873
966,0.9641318917274476,0.0291142612695693,0.0059149204753339,0.000838914187625
967,0.97852224111557,0.0187823679298162,0.002502507995814,0.0001929727150127
968,0.2517008185386657,0.5164565443992615,0.2022472918033599,0.0295953173190355
969,0.9806274771690368,0.0171383339911699,0.0020151478238403,0.0002191371750086
970,0.97772479057312,0.0176300220191478,0.003753648372367,0.0008915696525946
971,0.3601653277873993,0.5578349828720093,0.079117827117443,0.0028818664140999
972,0.201575219631195,0.671347975730896,0.1222615540027618,0.0048152478411793
973,0.9595564007759094,0.0338764861226081,0.005705730523914,0.0008614365360699
974,0.9406956434249878,0.0433148145675659,0.0142837082967162,0.0017059457022696
975,0.981708526611328,0.0153796384111046,0.0025501940399408,0.0003616944304667
976,0.9736953973770142,0.0205266401171684,0.0050302692689001,0.0007476828177459
977,0.9683585166931152,0.0250119175761938,0.0055809132754802,0.0010486225364729
978,0.9426060914993286,0.0440862774848938,0.0111467549577355,0.0021608972456306
979,0.9799442291259766,0.018809663131833,0.0011654655681923,8.055989746935666e-05
980,0.9737964868545532,0.0205287709832191,0.0046527218073606,0.0010220672702416
981,0.9826108813285828,0.0140161905437707,0.002803414594382,0.0005695482250303
982,0.9361109137535096,0.0528117679059505,0.0100793028250336,0.0009979860624298
983,0.9761606454849244,0.019636245444417,0.0035205848980695,0.0006824965239502
984,0.3360523581504822,0.5806463956832886,0.0785819441080093,0.004719213116914
985,0.6460753679275513,0.2912089824676513,0.0591626912355423,0.0035529958549886
986,0.4954904615879059,0.4238154888153076,0.0759859234094619,0.00470816437155
987,0.7689211368560791,0.2005850672721862,0.0280079506337642,0.0024858466349542
988,0.9594906568527222,0.0303646009415388,0.0080458195880055,0.0020988772157579
989,0.9516536593437196,0.0380709394812583,0.0086285471916198,0.0016467871610075
990,0.9836162328720092,0.0133880283683538,0.0024765362031757,0.0005191101809032
991,0.3994550108909607,0.4526418149471283,0.13380067050457,0.0141024868935346
992,0.9876745343208312,0.010307309217751,0.0016308530466631,0.0003873615351039
993,0.9771599173545836,0.0184654295444488,0.0036360588856041,0.0007387101068161
994,0.9564037919044496,0.0359428524971008,0.0067534619010984,0.0008998117409646
995,0.0447622090578079,0.5896264910697937,0.3307504653930664,0.0348608419299125
996,0.0047639859840273,0.3186870515346527,0.568121075630188,0.108427807688713
997,0.9710472226142884,0.0235617607831954,0.0048622442409396,0.0005287444801069
998,0.988757312297821,0.0098460847511887,0.0012517891591414,0.0001449051051167
999,0.2624300122261047,0.5301231741905212,0.1890212595462799,0.0184254795312881
1000,0.0015648412518203,0.4547097682952881,0.4994009733200073,0.0443243533372879
1001,0.0024206533562391,0.6404445171356201,0.3374905586242676,0.0196443051099777
1002,0.0030317942146211,0.7535381317138672,0.237111285328865,0.0063188024796545
1003,9.508598304819316e-05,0.9588899612426758,0.0408344604074955,0.0001804414932848
1004,0.0003414105158299,0.0946636721491813,0.4242531359195709,0.480741798877716
1005,0.0016233841888606,0.4034844636917114,0.5601826906204224,0.034709483385086
1006,0.0009298516088165,0.2876213192939758,0.6088943481445312,0.1025545373558998
1007,0.0019100862555205,0.2207759767770767,0.4189591407775879,0.358354777097702
1008,0.0026920668315142,0.7822577357292175,0.2105418145656585,0.0045083640143275
1009,0.000263702153461,0.1344832926988601,0.5574177503585815,0.3078352808952331
1010,0.0006796877714805,0.9570716619491576,0.0420507974922657,0.000197800429305
1011,0.0010352903045713,0.8177501559257507,0.1796358674764633,0.0015786292497068
1012,0.0004944467218592,0.2090470045804977,0.6144232749938965,0.1760352253913879
1013,0.0013771189842373,0.326602429151535,0.5643183588981628,0.1077020466327667
1014,0.000828800490126,0.5019367337226868,0.4789514243602752,0.0182830449193716
1015,0.0005014008493162,0.9353311061859132,0.0636500790715217,0.0005173170357011
1016,0.0003630425781011,0.767405092716217,0.230416789650917,0.0018150985706597
1017,0.0002191521489294,0.6846350431442261,0.3134487867355346,0.0016970407450571
1018,0.0017655068077147,0.6796396970748901,0.3111617565155029,0.0074330610223114
1019,0.0024720586370676,0.2813012301921844,0.4936990737915039,0.2225276231765747
1020,0.0008514826186001,0.3892507553100586,0.5320427417755127,0.0778550505638122
1021,0.0005802398081868,0.5358269214630127,0.4373291730880737,0.0262636579573154
1022,0.0025930867996066,0.9232027530670166,0.0734495595097541,0.0007546311826445
1023,0.0009304438135586,0.958535373210907,0.0401865169405937,0.0003476814890746
1024,0.0020738465245813,0.8906086087226868,0.1063680350780487,0.0009494762052781
1025,0.0024147941730916,0.6001856923103333,0.3697636723518371,0.0276358593255281
1026,0.0005884455167688,0.7427459955215454,0.2527066171169281,0.0039589507505297
1027,0.000518680375535,0.281577467918396,0.6649969816207886,0.0529068373143672
1028,0.0013008874375373,0.6531433463096619,0.3335930109024048,0.0119627378880977
1029,0.0023498842492699,0.9045984148979188,0.0909778550267219,0.0020737657323479
1030,0.0013337839627638,0.2387745827436447,0.4976489841938019,0.2622425854206085
1031,0.0001723238383419,0.6196285486221313,0.3758237063884735,0.0043753879144787
1032,0.0011126989265903,0.5586585402488708,0.4350837171077728,0.0051450673490762
1033,0.0008642619941383,0.317465990781784,0.6119316816329956,0.0697380155324935
1034,0.988990306854248,0.0066637643612921,0.0019698049873113,0.0023760383483022
1035,0.0043318611569702,0.408655434846878,0.4852903187274933,0.1017223745584487
1036,0.0013075241586193,0.3740484714508056,0.5357997417449951,0.0888442993164062
1037,0.0007760472362861,0.2636396586894989,0.6129805445671082,0.1226038187742233
1038,9.066965139936656e-05,0.9287526607513428,0.0705073848366737,0.0006493505788967
1039,0.0001353103725705,0.9828346967697144,0.0169106051325798,0.0001194109790958
1040,0.0002110487694153,0.5055181980133057,0.4899649918079376,0.0043057831935584
1041,0.0002445744175929,0.981065571308136,0.0185392349958419,0.0001506779080955
1042,0.0002934679214376,0.9025850892066956,0.0966298729181289,0.0004914661985822
1043,0.0008686806540936,0.8673740029335022,0.1309538781642913,0.0008033982594497
1044,0.0003740293323062,0.9100085496902466,0.0887061282992363,0.0009113794658333
1045,0.0006211606087163,0.9310699701309204,0.0674464851617813,0.0008623961475677
1046,0.0006454508984461,0.2446170300245285,0.6444799900054932,0.1102575287222862
1047,0.0025099832564592,0.3287428915500641,0.5420054197311401,0.1267416775226593
1048,0.0011733032297343,0.9267631769180298,0.0714643001556396,0.0005992646329104
1049,0.0006839048000983,0.8109354376792908,0.18668794631958,0.0016926805255934
1050,0.0005283405189402,0.8044113516807556,0.194073274731636,0.0009870700305327
1051,0.0005445429706014,0.5522862672805786,0.4368944466114044,0.0102747716009616
1052,0.0020847870036959,0.3192315399646759,0.5181639790534973,0.1605197042226791
1053,0.0019814288243651,0.6837335228919983,0.3034048974514007,0.010880185291171
1054,0.000438816146925,0.5285171866416931,0.4591836631298065,0.0118603436276316
1055,0.0007777360733598,0.6961094737052917,0.2947513163089752,0.0083614503964781
1056,0.0006223575328476,0.2358649969100952,0.6411474347114563,0.1223651394248008
1057,5.279384276946075e-05,0.8915970921516418,0.1081629991531372,0.0001871704298537
1058,0.0004417801683302,0.8370904326438904,0.1597615033388137,0.0027062315493822
1059,0.0004516911576502,0.2529946565628052,0.636028528213501,0.1105251759290695
1060,0.0005979280686005,0.4233567118644714,0.5521612167358398,0.0238841529935598
1061,0.0002289191616,0.9327279329299928,0.066519059240818,0.0005240011378191
1062,0.0012061529560014,0.4865968227386474,0.471625804901123,0.0405712984502315
1063,0.000150071689859,0.9179178476333618,0.0814698338508606,0.0004622533742804
1064,0.0001670286583248,0.6393232345581055,0.3586278259754181,0.0018819060642272
1065,0.0017475315835326,0.3773617446422577,0.5405457615852356,0.0803449526429176
1066,0.0012371946359053,0.7376514077186584,0.2589400112628937,0.0021713441237807
1067,0.0008862024988047,0.7808945775032043,0.2168466001749038,0.0013725772732868
1068,0.0498452298343181,0.9115739464759828,0.0382176600396633,0.000363145256415
1069,0.0004952950403094,0.9835302233695984,0.0158972851932048,7.715208630543202e-05
1070,0.0006875420222058,0.2817422747611999,0.5780976414680481,0.1394725441932678
1071,0.0003444147005211,0.1285047680139541,0.4627634882926941,0.4083873331546783
1072,0.0008720507030375,0.1883105188608169,0.5281298756599426,0.2826875746250152
1073,0.001770831295289,0.271157294511795,0.4987345933914184,0.2283373475074768
1074,0.000835146929603,0.3586519658565521,0.5731241703033447,0.0673887059092521
1075,0.0003135450533591,0.9346646666526794,0.0646063610911369,0.000415379734477
1076,0.0015293976757675,0.2869330942630768,0.5530779957771301,0.1584594994783401
1077,0.0007171620964072,0.1225074231624603,0.4144372344017029,0.4623381495475769
1078,0.0009006200707517,0.2829664051532745,0.5716078877449036,0.1445251107215881
1079,0.0002114530216204,0.9611424207687378,0.038450539112091,0.0001955620828084
1080,0.0018982586916536,0.2730587422847748,0.4644885659217834,0.2605544626712799
1081,0.0012803216231986,0.2221518754959106,0.4215701520442962,0.3549976944923401
1082,0.0006944851484149,0.2082086354494094,0.565969705581665,0.2251271903514862
1083,0.0003204823879059,0.2131661772727966,0.6669379472732544,0.1195753887295723
1084,0.0003997991734649,0.9727062582969666,0.0267445873469114,0.0001493940362706
1085,0.0007354168337769,0.5126314759254456,0.4667562544345855,0.0198768787086009
1086,0.0008230088278651,0.7719822525978088,0.2246596366167068,0.0025350453797727
1087,0.0010696714743971,0.9135623574256896,0.0849745348095893,0.0003935101558454
1088,0.0001177783706225,0.9395719170570374,0.060064822435379,0.0002454711939208
1089,0.0003676524211186,0.1817273944616317,0.6244571805000305,0.1934478133916854
1090,0.0007115729385986,0.5363155603408813,0.444621205329895,0.0183517076075077
1091,0.0015086662024259,0.4890554547309875,0.4740087985992431,0.0354270599782466
1092,0.0010688875336199,0.8575832843780518,0.1399966329336166,0.0013512002769857
1093,0.0002057750680251,0.9500631093978882,0.0495708733797073,0.0001602577976882
1094,0.0009960327297449,0.7390753030776978,0.2514577209949493,0.0084710111841559
1095,0.0002294729056302,0.0579325668513774,0.2022045254707336,0.7396334409713745
1096,0.0003574081638362,0.9700747728347778,0.0292937196791172,0.0002740343334153
1097,0.0005652385298162,0.5470238924026489,0.4395460784435272,0.012864769436419
1098,0.000497824512422,0.9286596775054932,0.0705003291368484,0.0003421494620852
1099,0.0006986450171098,0.9685136079788208,0.030650146305561,0.0001375713618472
1100,0.0002525062300264,0.9664994478225708,0.0330717898905277,0.0001762777537805
1101,0.0003598965122364,0.9176456332206726,0.0814456790685653,0.0005487766466103
1102,0.0054775523021817,0.6845648288726807,0.2990642189979553,0.0108934137970209
1103,0.002104592975229,0.5396912097930908,0.4203119277954101,0.0378922671079635
1104,0.0010911423014476,0.3025435507297516,0.5741267204284668,0.1222386285662651
1105,0.0013593318872153,0.6117772459983826,0.3710616827011108,0.0158017128705978
1106,0.0002941720304079,0.1344791948795318,0.5574007630348206,0.307825893163681
1107,0.0006107484805397,0.262284517288208,0.6390960812568665,0.0980085656046867
1108,0.0006275188061408,0.1559668332338333,0.3921005725860595,0.4513050019741058
1109,0.0033112585078924,0.3027639091014862,0.4689298868179321,0.2249950170516967
1110,0.0003450376098044,0.4091259837150574,0.5769601464271545,0.013568801805377
1111,0.0010549527360126,0.2350377142429351,0.4975748360157013,0.2663326263427734
1112,0.0008891959441825,0.1668236553668975,0.4128925204277038,0.4193946123123169
1113,0.001787238754332,0.2570888698101043,0.5033555626869202,0.2377683371305465
1114,0.0011867464054375,0.3043232560157776,0.624430775642395,0.0700591877102851
1115,0.0005646700155921,0.1517502963542938,0.4601770639419555,0.3875079452991485
1116,0.0004784603661391,0.2022881358861923,0.7060549855232239,0.0911784023046493
1117,0.0009953528642654,0.7271202802658081,0.2674926221370697,0.0043917023576796
1118,0.0003384530718903,0.962712824344635,0.0367497019469738,0.0001989662996493
1119,0.0005777241312898,0.1171952411532402,0.3964663743972778,0.485760748386383
1120,0.0006479581934399,0.1560920774936676,0.4446649253368377,0.3985950350761413
1121,0.0005185316549614,0.1579053401947021,0.5511437654495239,0.2904323935508728
1122,0.0014018920483067,0.4615995287895202,0.4991081058979034,0.037890400737524
1123,0.0004201965930406,0.902205526828766,0.0965892374515533,0.0007850305992178
1124,0.0016965372487902,0.2680274546146393,0.5247722268104553,0.2055037468671798
1125,0.0005354868480935,0.1289978921413421,0.479285329580307,0.3911812901496887
1126,0.001252801856026,0.9742154479026794,0.0243890080600976,0.0001427739625796
1127,0.0027662666980177,0.3050951063632965,0.5524559020996094,0.139682725071907
1128,0.0006062840111553,0.1051978841423988,0.3343181908130646,0.5598775744438171
1129,0.0006039745640009,0.8774559497833252,0.1206208020448684,0.0013192016631364
1130,0.0037763095460832,0.9385839104652404,0.0572539828717708,0.0003857743286062
1131,0.0024228352122008,0.3540058135986328,0.5070899724960327,0.1364814043045044
1132,0.0114378063008189,0.5685983300209045,0.3847329020500183,0.0352309234440326
1133,0.0075894203037023,0.8370469808578491,0.1524375826120376,0.0029259822331368
1134,0.0011294694850221,0.2327286005020141,0.5670785903930664,0.1990633308887481
1135,0.0013519647764042,0.3256860673427582,0.5454215407371521,0.1275404989719391
1136,0.000975081406068,0.2620448768138885,0.6188672184944153,0.1181128695607185
1137,0.0014397520571947,0.8719401955604553,0.1256148964166641,0.0010051088174805
1138,0.0001491866860305,0.0382566787302494,0.1687963753938675,0.7927977442741394
1139,0.0009728648583404,0.678147554397583,0.3153679370880127,0.0055116550065577
1140,0.0009225762914866,0.8790042996406555,0.1189602985978126,0.0011128394398838
1141,0.0010278024710714,0.6943999528884888,0.2986576855182647,0.0059145954437553
1142,0.0011982133146375,0.1130360141396522,0.2841725349426269,0.6015931963920593
1143,0.0011033903574571,0.2497006207704544,0.5453962683677673,0.2037997096776962
1144,0.0031268752645701,0.2904072105884552,0.4939993619918823,0.2124664783477783
1145,0.0045858933590352,0.3116045594215393,0.4826225936412811,0.2011870294809341
1146,0.0022706487216055,0.3423010408878326,0.5058881044387817,0.1495402306318283
1147,0.0011915740324184,0.2573083341121673,0.4959747791290283,0.2455253154039383
1148,0.0017818259075284,0.2950112819671631,0.5097337365150452,0.1934731155633926
1149,0.0019925702363252,0.6664234399795532,0.3197534680366516,0.0118304332718253
1150,0.001223724684678,0.2225215882062912,0.4860318303108215,0.2902228534221649
1151,0.0021660898346453,0.2108292579650879,0.4394059181213379,0.3475987315177917
1152,0.0006321935215964,0.810531497001648,0.1865949481725692,0.0022413204424083
1153,0.0005166814080439,0.2718624472618103,0.6031531691551208,0.1244676858186721
1154,0.0010531472507864,0.2497681379318237,0.5287591218948364,0.2204195857048034
1155,0.0013904204824939,0.2489137202501297,0.4300843179225921,0.319611519575119
1156,0.0011531172785907,0.82930988073349,0.1658724099397659,0.0036645990330725
1157,0.001041016425006,0.8890891671180725,0.1095572859048843,0.0003125698131043
1158,0.0009690396836958,0.853888213634491,0.1438182443380355,0.0013245202135294
1159,0.0005859145894646,0.7750431895256042,0.2220536023378372,0.0023173373192548
1160,0.001629996811971,0.3926634788513183,0.5283864736557007,0.0773200243711471
1161,0.0002107915788656,0.9732243418693542,0.0263439770787954,0.0002209076774306
1162,0.0016072145663201,0.5996688604354858,0.3811726868152618,0.0175512917339801
1163,0.0010513303568586,0.3861810564994812,0.5446025729179382,0.068165011703968
1164,0.0008190787630155,0.870593249797821,0.1273959279060363,0.0011917524971067
1165,0.0028934504371136,0.8022735714912415,0.1905566900968551,0.0042762425728142
1166,0.00109543511644,0.181367740035057,0.4023818969726562,0.4151548743247986
1167,0.0033307988196611,0.5689753890037537,0.4034639596939087,0.0242298953235149
1168,0.0010488585103303,0.3453565537929535,0.6061196327209473,0.0474749617278575
1169,0.0131667824462056,0.6859619617462158,0.2950285673141479,0.0058427243493497
1170,0.0014831093139946,0.511777937412262,0.4587547481060028,0.027984220534563
1171,0.0012217164039611,0.6133935451507568,0.3779008090496063,0.0074839196167886
1172,0.0007198746316134,0.3239848613739013,0.5958993434906006,0.079395905137062
1173,0.0015579727478325,0.7822195291519165,0.2138469070196151,0.0023756248410791
1174,0.0008493055938743,0.2177916318178177,0.5306824445724487,0.2506766319274902
1175,0.0006795913213863,0.2382001727819442,0.5895510911941528,0.171569138765335
1176,0.0013656490482389,0.8533158898353577,0.1437218487262725,0.0015966055216267
1177,0.0005316816968843,0.848347008228302,0.1497421413660049,0.0013790774391964
1178,0.0002874995407182,0.9266639947891236,0.0725819319486618,0.0004666578315664
1179,0.0001384957431582,0.9903755784034728,0.0094105768948793,7.529882714152336e-05
1180,0.0002943289873655,0.8503881692886353,0.1477752923965454,0.0015421736752614
1181,0.0006496073910966,0.9005339741706848,0.0979285240173339,0.0008879080996848
1182,0.0009999719914048,0.2334801405668258,0.5689098834991455,0.1966100037097931
1183,0.0010314955143257,0.5343278646469116,0.4499492049217224,0.0146913612261414
1184,0.0007387420046143,0.1645876765251159,0.4336307644844055,0.4010428786277771
1185,0.0032893281895667,0.4047151207923889,0.4958673119544983,0.0961282551288604
1186,0.0010081380605697,0.2585218548774719,0.5735557675361633,0.1669142395257949
1187,0.0005091645289212,0.9063185453414916,0.092586264014244,0.0005860446835868
1188,0.0023552337661385,0.3839030265808105,0.4929412603378296,0.1208004504442215
1189,0.0023393344599753,0.859298586845398,0.1338529139757156,0.0045091854408383
1190,0.0004869937256444,0.0668446272611618,0.2027038335800171,0.729964554309845
1191,0.0005732473218813,0.1026229783892631,0.2969494163990021,0.5998543500900269
1192,0.0017157429829239,0.3480500280857086,0.5649409294128418,0.0852933228015899
1193,0.0005438352236524,0.895284116268158,0.103636659681797,0.0005354039021767
1194,0.0013739776331931,0.4316909611225128,0.5207186937332153,0.0462164059281349
1195,0.0018339679809287,0.4215683341026306,0.5246502757072449,0.0519474111497402
1196,0.0005079504917375,0.1621065288782119,0.5483993291854858,0.2889861464500427
1197,0.0006912310491316,0.1337996870279312,0.4057425558567047,0.459766536951065
1198,0.0028614308685064,0.927573263645172,0.0671931877732276,0.0023722092155367
1199,0.0022914635483175,0.3793903887271881,0.5026105642318726,0.1157075315713882
1200,0.0011485428549349,0.7881938815116882,0.2088506072759628,0.0018069116631522
1201,0.0007185387657955,0.7287562489509583,0.2680944502353668,0.0024307849816977
1202,0.0010615994688123,0.1189289987087249,0.3036958873271942,0.5763134956359863
1203,0.000547032454051,0.9147289991378784,0.0837639570236206,0.0009600718040019
1204,0.0005592128727585,0.1226579844951629,0.4281184673309326,0.4486642777919769
1205,0.0001697081606835,0.975134015083313,0.0244120042771101,0.0002842076646629
1206,0.0008923740242607,0.2633884847164154,0.5489487051963806,0.1867704093456268
1207,0.0001801215548766,0.049942709505558,0.2273524552583694,0.7225246429443359
1208,0.0002133523812517,0.2339692860841751,0.67701256275177,0.0888047218322753
1209,0.000479891517898,0.1876455545425415,0.5345523953437805,0.2773221433162689
1210,0.0042143054306507,0.6353079676628113,0.3400558531284332,0.0204219408333301
1211,0.000767350429669,0.2731956541538238,0.6156558990478516,0.1103810295462608
1212,0.000878986204043,0.2184678614139557,0.5407131314277649,0.2399400025606155
1213,0.0005570621578954,0.1045114398002624,0.3120135068893432,0.5829179883003235
1214,0.0009246774134226,0.1393954306840896,0.4097059369087219,0.4499739706516266
1215,0.0267737563699483,0.5906196236610413,0.3582288920879364,0.0243777837604284
1216,0.0010551271261647,0.1666942536830902,0.432371973991394,0.3998787105083465
1217,0.0012287009740248,0.8836688995361328,0.1141150817275047,0.0009872888913378
1218,0.0021785576827824,0.3284182846546173,0.5166744589805603,0.1527286767959594
1219,0.0037963439244776,0.7234550714492798,0.2703354358673095,0.0024131028912961
1220,0.0002456417132634,0.1214185506105423,0.480219691991806,0.3981161117553711
1221,0.000774038140662,0.3594197332859039,0.5743510723114014,0.0654551908373832
1222,0.0004116913187317,0.1106385514140129,0.4444748759269714,0.4444748759269714
1223,0.0007250531343743,0.1565678715705871,0.5214506387710571,0.3212564289569855
1224,0.0009523481130599,0.8133612871170044,0.1843434125185012,0.0013430261751636
1225,0.0007517040940001,0.9196218252182008,0.0791098549962043,0.0005166382179595
1226,0.0031759038101881,0.5258243680000305,0.4291653633117676,0.0418343320488929
1227,0.0001219786136061,0.0462282225489616,0.1717586815357208,0.7818911075592041
1228,0.0010955457109957,0.8928134441375732,0.1049781888723373,0.0011127981124445
1229,0.0007412102422676,0.7756131887435913,0.2222169041633606,0.0014287199592217
1230,0.0005870273453183,0.4288324117660522,0.5336905717849731,0.0368900261819362
1231,0.0005767748807556,0.2152008116245269,0.5326271653175354,0.2515952587127685
1232,0.0012007262557744,0.3544001281261444,0.5575496554374695,0.0868494883179664
1233,0.0009476223494857,0.1805848479270935,0.4757777154445648,0.3426898419857025
1234,0.0009303832193836,0.9584729671478271,0.0401838980615139,0.0004128550644963
1235,0.0003543188504409,0.9176507592201232,0.0814461335539817,0.0005487797316163
1236,0.0001517260534455,0.9878900647163392,0.011866227723658,9.202650835504755e-05
1237,0.0002629870432429,0.9605197310447692,0.0390307381749153,0.0001864857476903
1238,0.000322484091157,0.9317351579666138,0.0674946680665016,0.0004477248585317
1239,0.0034499443136155,0.3519039154052734,0.480995625257492,0.1636505275964737
1240,0.0009895409457385,0.3258251547813415,0.6183074712753296,0.0548779033124446
1241,0.0006037792772985,0.9050167202949524,0.0939092114567756,0.0004702237783931
1242,0.00097072054632,0.1194363087415695,0.3097942173480987,0.5697987675666809
1243,0.0005173413665033,0.7399426102638245,0.2557173371315002,0.0038226642645895
1244,0.0003525861829984,0.7810699939727783,0.2168952971696853,0.0016820945311337
1245,0.0009598119650036,0.3872158229351043,0.5722678303718567,0.039556585252285
1246,0.0078233238309621,0.9042533040046692,0.0867785587906837,0.0011448052246123
1247,0.0006628566770814,0.6618596315383911,0.3328039050102234,0.0046735946089029
1248,0.0001835236471379,0.9752689599990844,0.0244153812527656,0.0001321871241088
1249,0.0004032382566947,0.9658633470535278,0.0335704907774925,0.0001629229809623
1250,0.0010057830950245,0.3811780214309692,0.5546107292175293,0.0632055029273033
1251,0.0006054306868463,0.7641848921775818,0.233063206076622,0.002146438229829
1252,0.0014013068284839,0.5565629005432129,0.4201157093048095,0.0219201240688562
1253,0.0004431079432833,0.095684677362442,0.3445737659931183,0.5592983961105347
1254,0.0011862311512231,0.3612358868122101,0.5863437056541443,0.0512341409921646
1255,0.0004256278043612,0.5126329064369202,0.4741079211235046,0.0128335142508149
1256,0.0007600582903251,0.9593585133552552,0.0395974591374397,0.0002840130473487
1257,0.0003976162697654,0.9673952460289,0.0320839919149875,0.0001231757778441
1258,0.0020844123791903,0.209319531917572,0.4643956422805786,0.3242003917694092
1259,0.0011159795103594,0.1997831314802169,0.4944680035114288,0.3046329021453857
1260,0.0025820781011134,0.3544153273105621,0.4998057782649994,0.1431967467069625
1261,0.0010685893939808,0.4049806892871856,0.5365122556686401,0.0574384704232215
1262,0.0024990732781589,0.3222394585609436,0.5230463147163391,0.1522151380777359
1263,0.0044578136876225,0.7153582572937012,0.2757951915264129,0.0043887016363441
1264,0.0003081636677961,0.4271993339061737,0.557172954082489,0.0153194880113005
1265,0.000690184009727,0.3058066368103027,0.5894576907157898,0.1040454655885696
1266,0.0064802733249962,0.6209574937820435,0.3538109064102173,0.0187512915581464
1267,0.0002685087965801,0.9654828906059264,0.0340857170522213,0.000162858821568
1268,0.0004121765960007,0.913078248500824,0.0849295035004615,0.0015800344990566
1269,0.0065112528391182,0.7525984644889832,0.2368156164884567,0.0040746377781033
1270,0.0002218348818132,0.0403383672237396,0.136462926864624,0.82297682762146
1271,0.0029524816200137,0.4888330698013305,0.4450875520706177,0.0631268396973609
1272,0.0003282846882939,0.8910279870033264,0.1080939620733261,0.0005497733363881
1273,0.0021087392233312,0.6729797720909119,0.3129646778106689,0.0119468215852975
1274,0.0002325608948012,0.0443182624876499,0.1698892563581466,0.7855599522590637
1275,0.0005325749516487,0.1987093836069107,0.5572941899299622,0.2434638142585754
1276,0.0011703153140842,0.4871261715888977,0.4795739948749542,0.0321294553577899
1277,0.0028178698848932,0.2742681205272674,0.580625593662262,0.1422884315252304
1278,0.0052541205659508,0.4443055987358093,0.4513023793697357,0.099137969315052
1279,0.0056674047373235,0.4229404330253601,0.4502177238464355,0.1211744621396064
1280,0.0019198302179574,0.8640336394309998,0.1325038522481918,0.0015426268801093
1281,0.0007822512416169,0.473745733499527,0.5122412443161011,0.0132307782769203
1282,0.0009971536928787,0.313296377658844,0.5945320129394531,0.0911744460463523
1283,0.0006119179306551,0.5308437943458557,0.4612050950527191,0.0073391124606132
1284,0.0082168411463499,0.8783637881278992,0.1099401339888572,0.0034792295191437
1285,0.0013199280947446,0.322975754737854,0.5940433144569397,0.0816610604524612
1286,8.506968879373744e-05,0.9421980977058412,0.0574744492769241,0.0002423410041956
1287,0.0007909893756732,0.390979140996933,0.5600517988204956,0.0481780841946601
1288,0.0003758584789466,0.1424451917409896,0.4818859100341797,0.375293105840683
1289,0.0009869524510577,0.8298472762107849,0.1659798920154571,0.0031859218142926
1290,0.0009740744135342,0.4523052871227264,0.4967601597309112,0.0499604828655719
1291,0.0050450731068849,0.3536869287490845,0.4333462715148926,0.2079218029975891
1292,0.0010338071733713,0.3738569617271423,0.5790410041809082,0.0460682176053524
1293,0.0007374456035904,0.337119311094284,0.6104442477226257,0.0516989231109619
1294,0.0013262494467198,0.4948377907276153,0.4871660470962524,0.0166699048131704
1295,0.0001415203296346,0.0340920127928257,0.1652051508426666,0.8005613088607788
1296,0.0004958750796504,0.9846819639205932,0.0147198028862476,0.0001023295990307
1297,0.0003491007664706,0.9475268721580504,0.051811147481203,0.0003129318647552
1298,0.0005649102386087,0.3699199259281158,0.5911303162574768,0.0383847989141941
1299,0.0011531630298122,0.9108549356460572,0.0874121040105819,0.0005798467900604
1300,0.0014901080867275,0.358964592218399,0.547355592250824,0.0921897292137146
1301,0.0007104125106707,0.3622974157333374,0.569973886013031,0.0670182853937149
1302,0.0002947932807728,0.8926050066947937,0.1066064685583114,0.0004936858895234
1303,0.0002690662222448,0.092846930027008,0.3291709423065185,0.5777130126953125
1304,0.0014690066454932,0.7261172533035278,0.2671236395835876,0.0052900961600244
1305,0.0022346908226609,0.3699906766414642,0.5217705368995667,0.1060041114687919
1306,0.001620975206606,0.9222146272659302,0.0756999850273132,0.0004644171858672
1307,0.0006980747566558,0.2816234529018402,0.6248089671134949,0.0928695574402809
1308,0.0001641705748625,0.973259449005127,0.0263449270278215,0.0002315176097908
1309,0.0002956972457468,0.9383103251457214,0.060928788036108,0.0004651969939004
1310,0.0020829755812883,0.2996297180652618,0.501785397529602,0.1965019702911377
1311,0.0002764470409601,0.9786156415939332,0.0209552440792322,0.0001526685518911
1312,0.0007217806996777,0.4236747622489929,0.5355750322341919,0.0400284714996814
1313,0.0026812753640115,0.7913913130760193,0.2032461017370224,0.0026812753640115
1314,0.0014846361009404,0.545345664024353,0.4247156083583832,0.0284541733562946
1315,0.0003904014301951,0.7282688021659851,0.2679151594638824,0.0034256638027727
1316,0.0011885240674018,0.924231231212616,0.0735313817858696,0.0010488687548786
1317,0.0016296566464006,0.4114219546318054,0.512022852897644,0.074925497174263
1318,0.0066530448384583,0.6577497720718384,0.3256097435951233,0.0099874027073383
1319,0.0014401896623894,0.8193610906600952,0.1771992594003677,0.0019995053298771
1320,0.0002811132289934,0.3660892844200134,0.6035791635513306,0.0300504360347986
1321,0.0005300276097841,0.2105132788419723,0.6690098643302917,0.1199468597769737
1322,0.0003449925570748,0.4423129260540008,0.5335312485694885,0.0238108802586793
1323,0.000143416080391,0.9484886527061462,0.0510596632957458,0.000308393035084
1324,0.0009570135152898,0.8976786732673645,0.1007167547941207,0.0006475477130152
1325,0.0015552825061604,0.5366827845573425,0.4519322216510772,0.00982968788594
1326,0.0005575795075856,0.9036795496940612,0.0952471196651458,0.0005156767438165
1327,0.0009735278435982,0.3256005048751831,0.6083017587661743,0.0651241913437843
1328,0.0006650141440331,0.8660373091697693,0.1328111290931701,0.0004865347582381
1329,0.0006331113399937,0.9639273881912231,0.035111054778099,0.0003284538106527
1330,0.0031088339164853,0.5310587882995605,0.4334375858306885,0.0323947928845882
1331,0.0004824532952625,0.1074879616498947,0.4251231253147125,0.4669064283370971
1332,0.0007354999543167,0.5809532403945923,0.4119575023651123,0.0063537498936057
1333,0.0015115935821086,0.2582142055034637,0.4900044202804565,0.2502697706222534
1334,0.0001692179357632,0.9572429656982422,0.0420583188533782,0.0005294361035339
1335,0.0001500361686339,0.2145936191082,0.7608004808425903,0.0244558919221162
1336,0.0007925186073407,0.9397234916687012,0.0591431446373462,0.0003408580087125
1337,0.0003202321822755,0.7205688953399658,0.2778040468692779,0.0013067472027614
1338,0.0006184204248711,0.971448540687561,0.0275578759610652,0.0003750909818336
1339,0.0004461439675651,0.9579172730445862,0.0414354391396045,0.0002010928437812
1340,0.0005059286486357,0.2923685908317566,0.6486480832099915,0.0584773942828178
1341,0.0002830282319337,0.9266180396080016,0.0725783333182334,0.000520568632055
1342,0.0014002143871039,0.7483534216880798,0.2467807829380035,0.0034655642230063
1343,0.0004582864930853,0.9100406169891356,0.088709257543087,0.000791848055087
1344,0.0002512518258299,0.0982436314225196,0.4542739391326904,0.4472310841083526
1345,0.0013798439176753,0.3122628927230835,0.5833838582038879,0.1029733717441558
1346,0.0005971532082185,0.8278180956840515,0.1708299070596695,0.0007548723951913
1347,0.0011604854371398,0.3881292343139648,0.5473499894142151,0.0633603632450103
1348,0.0003653483581729,0.1300730258226394,0.547627866268158,0.3219338059425354
1349,0.0003561403427738,0.2444032877683639,0.7183411717414856,0.0368993766605854
1350,0.0001335614215349,0.9550905227661132,0.044670183211565,0.0001056557812262
1351,0.002530770143494,0.3263266086578369,0.4822794198989868,0.1888633221387863
1352,0.0003872981469612,0.972203016281128,0.0271517001092433,0.0002579962019808
1353,0.0002062899438897,0.9376741051673888,0.0618463121354579,0.0002732897992245
1354,0.0015965767670422,0.6856462955474854,0.3090450167655945,0.0037121523637324
1355,0.0013651278568431,0.3089325726032257,0.595483124256134,0.0942191258072853
1356,0.0005997575935907,0.1798090040683746,0.5538507699966431,0.2657404839992523
1357,0.0012041985755786,0.8135759830474854,0.1843920797109604,0.000827632844448
1358,0.0007965993136167,0.770929217338562,0.2243531793355941,0.0039209993556141
1359,8.395889744861051e-05,0.9012854695320128,0.0980102494359016,0.0006203769589774
1360,0.0004402115009725,0.9600641131401062,0.0390122234821319,0.0004834777500946
1361,0.0010293689556419,0.1480716168880462,0.4088388085365295,0.4420601725578308
1362,0.000691172259394,0.4455831348896026,0.5209394097328186,0.0327862352132797
1363,0.0012212160509079,0.3035274446010589,0.5496172308921814,0.1456340849399566
1364,0.0001819628378143,0.1003382802009582,0.4567664861679077,0.4427132606506347
1365,0.0023411861620843,0.8078752160072327,0.1859834343194961,0.0038001202046871
1366,0.0002246711956104,0.9444783329963684,0.054975226521492,0.0003218266065232
1367,0.0002479374234098,0.9639564156532288,0.0356650464236736,0.0001306538470089
1368,0.0013986403355374,0.3700453341007232,0.5642517805099487,0.064304232597351
1369,0.0024265970569103,0.5158751606941223,0.4482001066207886,0.0334981381893157
1370,0.0001921023067552,0.9741085767745972,0.0255566537380218,0.0001427583047188
1371,0.0003819045377895,0.4896375238895416,0.505180299282074,0.0048002377152442
1372,0.0021280446089804,0.6379938125610352,0.3523336052894592,0.0075445733964443
1373,0.001027442398481,0.1988791972398758,0.5239768624305725,0.2761164307594299
1374,0.0025135329924523,0.2815863788127899,0.5098870992660522,0.2060130089521408
1375,0.0029957266524434,0.8050761222839355,0.1882577091455459,0.0036704409867525
1376,0.0028002823237329,0.4424025416374206,0.4858841300010681,0.0689130276441574
1377,0.0009972481057047,0.4023185968399048,0.5413788557052612,0.0553053319454193
1378,0.0002886918955482,0.0493150688707828,0.1668307185173034,0.7835655212402344
1379,0.0005361142102628,0.0887627378106117,0.264996588230133,0.6457045078277588
1380,0.0015393723733723,0.4687758684158325,0.5148496031761169,0.0148351565003395
1381,0.0018651569262146,0.4858234226703644,0.493474006652832,0.0188374165445566
1382,0.0009672115556895,0.7289914488792419,0.2640232145786285,0.0060181925073266
1383,0.0009687960846349,0.6343963146209717,0.3558640778064728,0.0087707638740539
1384,0.0005672022234648,0.3953753411769867,0.5575686693191528,0.0464887656271457
1385,0.0012483416358008,0.330280065536499,0.588787853717804,0.0796837732195854
1386,0.0040535647422075,0.8352420926094055,0.1594087481498718,0.0012955970596522
1387,0.0017482612747699,0.5579373836517334,0.4146238565444946,0.0256905145943164
1388,0.001105569768697,0.4124998152256012,0.5550791621208191,0.0313154272735118
1389,0.0020774789154529,0.3083252012729645,0.5083423256874084,0.181255042552948
1390,0.0004227519093547,0.9076920747756958,0.0912889912724495,0.0005961757269687
1391,0.0005427228170447,0.4220371544361114,0.5504401922225952,0.0269799306988716
1392,0.0001462897926103,0.0393141396343708,0.1329980194568634,0.8275415301322937
1393,0.0010906889801844,0.2111216783523559,0.4757700562477112,0.3120176196098327
1394,0.0016978511121124,0.2559515833854675,0.5334489345550537,0.2089015990495681
1395,0.0012307971483096,0.3520988821983337,0.5805129408836365,0.0661574155092239
1396,0.0003551998815964,0.1151430681347847,0.4146460890769958,0.4698555767536163
1397,0.0029636537656188,0.400483638048172,0.4984099268913269,0.0981427282094955
1398,0.0004415666335262,0.1926160007715225,0.6315635442733765,0.1753788590431213
1399,0.000229851619224,0.9077134132385254,0.0912911370396614,0.0007655228255316
1400,0.000574103964027,0.6914599537849426,0.3020764887332916,0.0058895535767078
1401,0.0017391559667885,0.9150922894477844,0.0824980735778808,0.0006705043488182
1402,0.0027285458054393,0.6781671643257141,0.3056738972663879,0.0134303728118538
1403,0.0007060667267069,0.2893333435058594,0.5754081010818481,0.1345525085926056
1404,0.0011180426226928,0.39187952876091,0.5356358289718628,0.0713665708899498
1405,0.0003310167812742,0.7448357939720154,0.2534176111221313,0.0014155791141092
1406,0.0004363686894066,0.2482614070177078,0.6540817022323608,0.0972205623984336
1407,0.0004066504479851,0.944068431854248,0.0549513697624206,0.0005734690348617
1408,0.0002615503617562,0.9703158140182496,0.0293009988963603,0.0001216322125401
1409,0.0005027301376685,0.2563832104206085,0.6345545649528503,0.1085594817996025
1410,0.0002983540762215,0.9467411041259766,0.0525834113359451,0.0003771548508666
1411,0.0013495230814442,0.5795496106147766,0.4109621942043304,0.0081386659294366
1412,0.0002862381224986,0.0405361354351043,0.1191423386335372,0.8400352597236633
1413,0.0008942621061578,0.1992367208003997,0.4217841327190399,0.3780848383903503
1414,0.0024046960752457,0.3300679326057434,0.544189989566803,0.123337373137474
1415,0.0004124349507037,0.8994857668876648,0.0993548929691314,0.0007468232070095
1416,0.0009224027162417,0.8788388967514038,0.1189379096031189,0.0013007962843403
1417,0.0017554956721141,0.7657657265663147,0.2299245446920395,0.0025542310904711
1418,0.0035967833828181,0.4710856676101684,0.4860395491123199,0.0392780192196369
1419,0.0002062073326669,0.9520589113235474,0.0474002212285995,0.0003347075544297
1420,0.0007601166144013,0.2042748928070068,0.4977468252182007,0.2972182035446167
1421,0.0018590595573186,0.4207108318805694,0.4996064305305481,0.0778236761689186
1422,0.0001968329743249,0.9376251697540284,0.0618430860340595,0.0003348241734784
1423,0.0008035964565351,0.7899478673934937,0.206070214509964,0.0031782854348421
1424,0.0007501479121856,0.8098832368850708,0.1864457130432129,0.0029208951164036
1425,0.0002957606629934,0.0746675282716751,0.3733141720294952,0.551722526550293
1426,0.0006316141807474,0.2145726382732391,0.5924540758132935,0.1923416703939438
1427,0.0005604112520813,0.2123881727457046,0.6340739130973816,0.1529774665832519
1428,0.0007255487726069,0.1449006050825119,0.393880695104599,0.4604931771755218
1429,0.0005995684769004,0.9128575921058656,0.0862461030483245,0.0002968079061247
1430,0.0016123318346217,0.3270723819732666,0.5651304125785828,0.1061848551034927
1431,0.006362248212099,0.6389057040214539,0.3314599096775055,0.0232721380889415
1432,0.0008217366994358,0.279161274433136,0.5818220973014832,0.1381948739290237
1433,0.0010281691793352,0.6628373861312866,0.3332955539226532,0.0028388660866767
1434,0.0016520349308848,0.3051360845565796,0.511006772518158,0.1822050958871841
1435,0.001135105267167,0.31968954205513,0.543810248374939,0.1353650838136673
1436,0.0028723119758069,0.2506023347377777,0.475559651851654,0.2709657251834869
1437,0.0006510743405669,0.2317985147237777,0.610707700252533,0.1568427234888076
1438,0.0002292045683134,0.1572928875684738,0.7987992763519287,0.0436786636710166
1439,9.270763257518412e-05,0.9797725677490234,0.0200192723423242,0.0001153765042545
1440,9.07634530449286e-05,0.989674746990204,0.0101680597290396,6.64039544062689e-05
1441,0.0001637633977225,0.0809468254446983,0.5445950031280518,0.3742943406105041
1442,0.0007525627152062,0.5412352085113525,0.4486997723579407,0.0093124657869338
1443,0.0008298415923491,0.3347819447517395,0.6062118411064148,0.0581763871014118
1444,0.0004029983829241,0.9355899691581726,0.0636676922440528,0.0003393586666788
1445,0.0007342902245,0.4808349907398224,0.5039107203483582,0.014519958756864
1446,0.0010236946400254,0.7837132215499878,0.2142552733421325,0.0010078237392008
1447,0.0005371114821173,0.912283182144165,0.0861918330192565,0.0009878993732854
1448,0.001164065208286,0.6418909430503845,0.3489900231361389,0.0079549429938197
1449,0.0006445259787142,0.7292450666427612,0.2682743072509765,0.0018360837129876
1450,0.0012294021435081,0.8704653978347778,0.1273772269487381,0.000928001536522
1451,0.0009596871677786,0.3416723012924194,0.6284315586090088,0.0289364550262689
1452,0.0001893865992315,0.8881673216819763,0.1111671850085258,0.0004761178570333
1453,0.0077436617575585,0.8023136258125305,0.1847030967473983,0.0052396231330931
1454,0.0014877552166581,0.2791204750537872,0.5214657187461853,0.1979260593652725
1455,0.0008835714543238,0.8032909035682678,0.1938029676675796,0.0020225155167281
1456,0.0005830710870213,0.3939322233200073,0.5821940302848816,0.0232906937599182
1457,0.000832732359413,0.81858891248703,0.1798201203346252,0.0007582114776596
1458,0.002157399430871,0.8176248073577881,0.1768237650394439,0.0033940656576305
1459,0.0007664203294552,0.1530631333589553,0.4429028332233429,0.4032676219940185
1460,0.0007929589482955,0.2377313524484634,0.5274300575256348,0.2340456545352935
1461,0.0011260107858106,0.3885535597801208,0.5653420686721802,0.0449783392250537
1462,0.001024414319545,0.6013162136077881,0.3882389366626739,0.0094203380867838
1463,0.0005702016642317,0.2907924652099609,0.58741694688797,0.1212203353643417
1464,0.0009158960310742,0.9145183563232422,0.0837446749210357,0.0008210038649849
1465,0.0005901864496991,0.744943380355835,0.249524787068367,0.004941570572555
1466,0.0004119523509871,0.8053503632545471,0.1912874728441238,0.0029502867255359
1467,0.0009119245805777,0.3621929287910461,0.5609753727912903,0.0759197622537612
1468,0.0010708498302847,0.8327242136001587,0.1639731079339981,0.0022318426053971
1469,0.0005012050387449,0.143381655216217,0.4280585646629333,0.4280585646629333
1470,0.000821502355393,0.3065112829208374,0.5816561579704285,0.1110110208392143
1471,0.0008663292392157,0.2022763192653656,0.5246648192405701,0.2721925377845764
1472,0.0009576774900779,0.7683579921722412,0.2271261811256408,0.0035582035779953
1473,0.0067601599730551,0.5990958213806152,0.3633700013160705,0.0307740420103073
1474,0.0001234019582625,0.0446260049939155,0.1764992773532867,0.7787513136863708
1475,0.0009011850925162,0.6686965227127075,0.3258966505527496,0.0045056417584419
1476,0.0001536014169687,0.9106018543243408,0.0887639597058296,0.0004805763310287
1477,0.0001589284511283,0.972090482711792,0.0275760851800441,0.0001745487534208
1478,0.0003226271073799,0.5566111207008362,0.4334892034530639,0.0095770237967371
1479,0.0028924825601279,0.7534142136573792,0.2370722889900207,0.0066209584474563
1480,0.0011585430474951,0.7016348838806152,0.2879503965377807,0.0092561496421694
1481,0.0008308099932037,0.6360459923744202,0.3567894399166107,0.006333771161735
1482,0.0001984008849831,0.959977090358734,0.039622988551855,0.0002015252539422
1483,0.0010722411097958,0.747418999671936,0.2464726418256759,0.0050360695458948
1484,0.0020876198541373,0.625874400138855,0.3566124439239502,0.0154255414381623
1485,0.0007594399503432,0.2500600218772888,0.5998628735542297,0.1493176817893982
1486,6.694966577924788e-05,0.9671086072921752,0.0325795821845531,0.0002448916784487
1487,0.0009031319059431,0.9750495553016664,0.0236588753759861,0.0003884321486111
1488,0.0025424526538699,0.2675694823265075,0.4623185992240906,0.2675694823265075
1489,0.0009881962323561,0.3203378319740295,0.6271910071372986,0.0514829717576503
1490,0.0009891202207654,0.9572462439537048,0.0414064116775989,0.0003582356439437
1491,0.0018090110970661,0.3727490901947021,0.550887405872345,0.0745545029640197
1492,0.0003121353220194,0.9451149702072144,0.05415940284729,0.0004135121416766
1493,0.0003872227971442,0.6892609000205994,0.3011158108711242,0.0092361019924283
1494,0.0004522763483691,0.7445560693740845,0.2493950426578521,0.0055966218933463
1495,0.0007447541574947,0.7207547426223755,0.273567646741867,0.0049328845925629
1496,0.0006657065241597,0.9521462321281432,0.046669628471136,0.0005184527253732
1497,0.0008334077429026,0.6686546206474304,0.32082399725914,0.0096880448982119
1498,0.0020531639456748,0.3143892586231231,0.5782503485679626,0.1053072139620781
1499,0.0019032984273508,0.2234557420015335,0.4443947970867157,0.3302461802959442
1500,0.0015140234027057,0.3168791830539703,0.5737940669059753,0.1078127175569534
1501,0.0018734969198703,0.3800514936447143,0.5443986058235168,0.0736763402819633
1502,0.0011289654066786,0.1598805040121078,0.4554571509361267,0.3835333883762359
1503,0.0008526201709173,0.1756834685802459,0.5943295359611511,0.2291344404220581
1504,0.0019208467565476,0.4147873818874359,0.5003290772438049,0.082962691783905
1505,0.0043561835773289,0.3102012872695923,0.5114354491233826,0.1740071475505828
1506,0.001497303135693,0.1785583794116974,0.4419362246990204,0.378008097410202
1507,0.0019984652753919,0.23462875187397,0.5287440419197083,0.23462875187397
1508,0.0011206340277567,0.2135550528764724,0.4888323843479156,0.2964918315410614
1509,0.0017897494835779,0.5120005011558533,0.444833755493164,0.0413759872317314
1510,0.0005705225048586,0.9246565103530884,0.0735652223229408,0.001207796158269
1511,0.0002196911664213,0.2447145879268646,0.7192561030387878,0.0358096547424793
1512,0.0008181454031728,0.3981324732303619,0.5792793035507202,0.0217700432986021
1513,0.0004890000564046,0.5197548270225525,0.4659052193164825,0.0138509972020983
1514,0.0025825770571827,0.738807737827301,0.2513667047023773,0.0072430167347192
1515,0.0001228103792527,0.9645254611968994,0.0351328365504741,0.0002189331571571
1516,0.0004407094093039,0.1260754317045211,0.4469762146472931,0.4265076816082001
1517,0.0005721356137655,0.9128949642181396,0.0862496346235275,0.0002832276804838
1518,0.0005463481065817,0.9425849318504332,0.0566066242754459,0.0002621406747493
1519,0.0009248154237866,0.5778641700744629,0.4097670316696167,0.0114439791068434
1520,0.0019730164203792,0.9019539952278136,0.0950652509927749,0.0010077181505039
1521,0.0004403837956488,0.8744904398918152,0.1240291148424148,0.0010400473838672
1522,0.0006556580774486,0.7653889656066895,0.229811429977417,0.0041438867338001
1523,0.0022361744195222,0.4396665096282959,0.4828791916370392,0.075218066573143
1524,0.000838108593598,0.8908199071884155,0.1063932701945304,0.0019486607052385
1525,0.000948664441239,0.5656213164329529,0.4203340709209442,0.0130959087982773
1526,0.0010962404776364,0.2367220222949981,0.6044908761978149,0.1576908677816391
1527,0.000734225846827,0.9413465261459352,0.0574225038290023,0.0004968020366504
1528,6.10415154369548e-05,0.9836783409118652,0.0161500629037618,0.0001105319097405
1529,0.000686555460561,0.741226851940155,0.2561611533164978,0.0019254923099651
1530,0.0002293568395543,0.3956969976425171,0.5940114855766296,0.0100620780140161
1531,0.0118296602740883,0.8038076162338257,0.179353728890419,0.005008993204683
1532,0.001720467582345,0.4481357038021087,0.507804274559021,0.0423395298421382
1533,0.0001578259398229,0.0488186553120613,0.1992105990648269,0.7518128752708435
1534,0.0015499751316383,0.3244037330150604,0.5183956623077393,0.1556506007909774
1535,0.0014205616898834,0.7244605422019958,0.2707111239433288,0.0034077502787113
1536,0.0017217266140505,0.934678554534912,0.0616487339138984,0.0019509718986228
1537,0.0010021458147093,0.3404500484466553,0.5975084900856018,0.0610393323004245
1538,0.0008598307031206,0.8065211772918701,0.1915655732154846,0.0010534864850342
1539,0.0006460988079197,0.5873948335647583,0.4037101864814758,0.0082488376647233
1540,0.0008406366105191,0.1481579840183258,0.5171221494674683,0.3338791728019714
1541,0.0002367483830312,0.8921352028846741,0.106550358235836,0.0010777416173368
1542,0.0002682966296561,0.9062705636024476,0.0925813689827919,0.0008797107147984
1543,0.0013942893128842,0.9872120022773744,0.01131506357342,7.866041414672509e-05
1544,0.0021435471717268,0.7631556391716003,0.2291408628225326,0.0055599380284547
1545,0.0002458382805343,0.0917248725891113,0.3801890909671783,0.527840256690979
1546,0.0022961983922868,0.8839317560195923,0.1123793050646781,0.0013927146792411
1547,0.0005154510145075,0.0952054411172866,0.3025622367858886,0.6017168760299683
1548,0.0007556348573416,0.8417036533355713,0.1556995213031768,0.0018412192584946
1549,0.0005717186140827,0.7802712917327881,0.2166735082864761,0.0024834326468408
1550,0.0007126220152713,0.658076286315918,0.3309015333652496,0.0103095518425107
1551,0.0007685946766287,0.8696218729019165,0.1292577534914016,0.0003518882731441
1552,0.0003044173645321,0.4422584176063537,0.5503994822502136,0.0070376149378716
1553,0.0007057230686768,0.6122205257415771,0.3771781325340271,0.0098956236615777
1554,0.0007827274384908,0.2103513479232788,0.5542019605636597,0.2346638888120651
1555,0.0003973574494011,0.0987613052129745,0.3669427633285522,0.5338985919952393
1556,0.0023929877206683,0.268081933259964,0.4854336977005005,0.2440913915634155
1557,0.0034994718153029,0.3250119686126709,0.4583403766155243,0.2131480872631073
1558,0.0022551361471414,0.1819688081741333,0.3792555630207062,0.4365204870700836
1559,0.0008917569648474,0.4339539110660553,0.5316914319992065,0.0334629341959953
1560,0.0006842997972853,0.4480997622013092,0.5238816738128662,0.0273342598229646
1561,0.0001190541806863,0.0314987674355506,0.1170321106910705,0.8513500094413757
1562,0.0019767526537179,0.5148910880088806,0.4615453779697418,0.0215867646038532
1563,0.0011683843331411,0.5685685276985168,0.4225242435932159,0.0077388025820255
1564,0.0034168218262493,0.9040058255195618,0.0881209895014762,0.0044563757255673
1565,0.0006005434552207,0.9733120799064636,0.0259378887712955,0.0001494870812166
1566,0.0004352694959379,0.9345686435699464,0.064599722623825,0.0003963173949159
1567,0.0021112363319844,0.4488320350646972,0.5085933208465576,0.0404634363949298
1568,0.0036955114919692,0.6615720391273499,0.3224244713783264,0.0123079316690564
1569,0.0007345522753894,0.2202208638191223,0.4962753653526306,0.2827691733837127
1570,0.0014641332672908,0.2924045920372009,0.5636246204376221,0.1425066292285919
1571,0.0001498720957897,0.960690140724182,0.0390376634895801,0.0001223220315296
1572,0.0004377505974844,0.9546970725059508,0.0446517765522003,0.0002133426023647
1573,0.0001233115617651,0.0358317345380783,0.1485184133052826,0.81552654504776
1574,0.0055207344703376,0.832252562046051,0.1613395065069198,0.0008872628677636
1575,0.0012240363284945,0.3845807909965515,0.5256596207618713,0.0885355323553085
1576,0.00635188492015,0.4814857244491577,0.4666719436645508,0.04549041390419
1577,0.0015120818279683,0.6293813586235046,0.3586106598377228,0.0104959271848201
1578,0.0008163687889464,0.3617165684700012,0.551551878452301,0.0859152153134346
1579,0.0004162763652857,0.7526453733444214,0.2443481683731079,0.0025901584886014
1580,0.0004134558257646,0.1950089484453201,0.7245461344718933,0.080031506717205
1581,0.0002621265593916,0.9724534153938292,0.0271586943417787,0.0001257697149412
1582,0.0011318642646074,0.2225420624017715,0.4860765635967254,0.2902495563030243
1583,0.0011567494366317,0.5045862793922424,0.466666042804718,0.0275909807533025
1584,0.0006246617995202,0.5768487453460693,0.4154885709285736,0.0070380419492721
1585,0.0002817159693222,0.7527769804000854,0.2443909049034118,0.002550448058173
1586,0.0008342549554072,0.669334352016449,0.3262074887752533,0.00362383807078
1587,0.0012628695694729,0.8941616415977478,0.10190200060606,0.0026734950952231
1588,0.0434284880757331,0.6688036918640137,0.2702211141586303,0.0175466928631067
1589,0.0004495620669331,0.6330305337905884,0.3606899082660675,0.0058300094678997
1590,0.0004841490590479,0.1474350094795227,0.5145987272262573,0.3374820947647095
1591,0.0004318172868806,0.9417569637298584,0.0574475415050983,0.0003636266337707
1592,0.0005456913495436,0.1561080366373062,0.4447104036808014,0.3986358344554901
1593,0.0001916110049933,0.0714921057224273,0.3009929955005646,0.6273233294487
1594,0.0006877659470774,0.2410653978586197,0.6351227164268494,0.1231241449713707
1595,0.0003705243289005,0.1448811590671539,0.5382987856864929,0.3164495229721069
1596,0.0017854245379567,0.4368789792060852,0.5107632279396057,0.0505724102258682
1597,0.0002871338510885,0.8426640033721924,0.1558771729469299,0.0011716855224221
1598,0.000873165205121,0.1690161824226379,0.4666686654090881,0.363441914319992
1599,0.000496300519444,0.0564751848578453,0.1511354446411132,0.7918930649757385
1600,0.0005153298843652,0.1670514494180679,0.5392487049102783,0.2931844294071197
1601,0.0012274094624444,0.2865837514400482,0.5789150595664978,0.1332738250494003
1602,0.0016514499438926,0.3247005939483642,0.5698673725128174,0.1037805527448654
1603,0.0016374891856685,0.7369640469551086,0.2586987018585205,0.0026997632812708
1604,0.0032220897264778,0.7761960625648499,0.2189361602067947,0.0016456824960187
1605,0.0007025551749393,0.2462490946054458,0.6487799286842346,0.1042684242129325
1606,0.0008629386429674,0.332192063331604,0.6109946966171265,0.0559502728283405
1607,0.0011188870994374,0.6671130657196045,0.3251249492168426,0.0066431388258934
1608,0.0010905612725764,0.7721604704856873,0.2247115075588226,0.0020374364685267
1609,0.0004420980403665,0.3717238903045654,0.5848037600517273,0.0430301651358604
1610,0.0008540343260392,0.7643999457359314,0.2295144647359848,0.0052315946668386
1611,0.0007546812412329,0.1604392230510711,0.471557080745697,0.3672490119934082
1612,0.0024410556070506,0.2734668850898742,0.5271211862564087,0.1969708204269409
1613,0.000404611317208,0.0680451616644859,0.1999958455562591,0.7315544486045837
1614,0.00084412767319,0.2491483241319656,0.6166480183601379,0.1333594918251037
1615,0.0002203880721936,0.06711345911026,0.1882243603467941,0.7444417476654053
1616,0.001658595749177,0.2423411160707473,0.521115243434906,0.2348850518465042
1617,0.0003526201180648,0.27420774102211,0.6276677846908569,0.0977717861533165
1618,0.0009477636776864,0.5308476090431213,0.4540580213069916,0.014146608300507
1619,0.0002227018703706,0.0617490634322166,0.2945882976055145,0.6434399485588074
1620,0.0008181610028259,0.3459100723266601,0.5976789593696594,0.055592805147171
1621,0.0016598744550719,0.7128292918205261,0.2791479527950287,0.0063629490323364
1622,0.0009102035546675,0.802043616771698,0.1935020387172699,0.0035441133659332
1623,0.0007705345051363,0.9725817441940308,0.0263265818357467,0.0003212065494153
1624,0.0023644710890948,0.9391068816184998,0.0581880062818527,0.0003406343457754
1625,0.0025870874524116,0.4216951727867126,0.549994170665741,0.0257235709577798
1626,0.0011937736999243,0.6480672955513,0.3468854129314422,0.0038535487838089
1627,0.0018051958177238,0.3898137509822845,0.532812237739563,0.0755688473582267
1628,0.0030456115491688,0.3631993532180786,0.5042523145675659,0.1295027136802673
1629,0.0015348310116678,0.3262928128242492,0.5296255350112915,0.1425467878580093
1630,0.0003308994055259,0.9122682809829712,0.0861904323101043,0.0012103797635063
1631,0.000452572654467,0.5712448954582214,0.4245131611824035,0.0037893443368375
1632,0.0020956068765372,0.5373868942260742,0.4455093741416931,0.0150081487372517
1633,0.0015873906668275,0.2628192603588104,0.5309094786643982,0.2046838551759719
1634,0.0029180578421801,0.2710134088993072,0.4831336438655853,0.2429348528385162
1635,0.0006571737467311,0.8829936981201172,0.1122600436210632,0.0040890723466873
1636,0.0010197558440268,0.8985777497291565,0.0977158024907112,0.0026866989210247
1637,0.0001851873093983,0.0513473041355609,0.1820420175790786,0.7664254903793335
1638,0.0007752103847451,0.5752208828926086,0.4208405613899231,0.0031633421313017
1639,0.0006157439784146,0.2192200422286987,0.6858788132667542,0.0942853614687919
1640,0.0004093185707461,0.7517197132110596,0.2440476566553115,0.0038232982624322
1641,0.0017616322729736,0.7684425711631775,0.2271511852741241,0.0026445232797414
1642,0.0005293996655382,0.135756567120552,0.4888781905174255,0.3748359084129333
1643,0.000351294176653,0.6867660284042358,0.3095497190952301,0.0033329864963889
1644,0.0003874231770168,0.9574392437934875,0.0414147600531578,0.0007585377898067
1645,0.0002356735058128,0.8743162751197815,0.124004416167736,0.0014436753699555
1646,0.0004267535405233,0.1201903000473976,0.4328218698501587,0.4465611279010772
1647,0.001036069355905,0.2575101256370544,0.5803080201148987,0.1611457169055938
1648,0.0016106110997498,0.5734172463417053,0.3941035270690918,0.030868574976921
1649,0.0007958858623169,0.6588200926780701,0.3312755525112152,0.0091084316372871
1650,0.010913866572082,0.3558143377304077,0.4428181052207947,0.1904537081718444
1651,0.0002707258972804,0.7700662612915039,0.2276311367750167,0.0020319106988608
1652,0.0003285226994194,0.8778498768806458,0.1206749528646469,0.001146656810306
1653,0.0001353955449303,0.9384178519248962,0.0609357692301273,0.000510977464728
1654,0.0002249413955723,0.9605054259300232,0.0390301570296287,0.0002394488983554
1655,0.0003966094518546,0.9207575917243958,0.0779795572161674,0.000866274756845
1656,0.0008038092637434,0.0782361403107643,0.2126678824424743,0.7082922458648682
1657,0.0006848797784186,0.2363321036100387,0.5409695506095886,0.222013458609581
1658,0.0007089048158377,0.3672217726707458,0.5868186950683594,0.0452506020665168
1659,0.001240903395228,0.5006161332130432,0.4629942178726196,0.0351487658917903
1660,0.0017194550018757,0.3712989389896393,0.5154975056648254,0.1114841476082801
1661,0.005997103638947,0.2935070395469665,0.4204294383525848,0.2800664007663727
1662,0.000971091503743,0.1332917511463165,0.2957206666469574,0.5700165033340454
1663,0.0005663770716637,0.9037067294120787,0.0952499881386756,0.0004769373917952
1664,0.0019589576404541,0.3193100392818451,0.5517182350158691,0.1270127594470977
1665,0.0013850963441655,0.4152558445930481,0.5415956974029541,0.0417633764445781
1666,0.000948196160607,0.3171282112598419,0.5924734473228455,0.0894501134753227
1667,0.0012618610635399,0.4154917299747467,0.5252307057380676,0.0580156370997428
1668,0.0013182716211304,0.8366841077804565,0.159683957695961,0.0023136388044804
1669,0.0013166236458346,0.3886078000068664,0.5566549897193909,0.0534205585718154
1670,0.0003942613548133,0.3163213729858398,0.6592704057693481,0.0240139234811067
1671,0.0003630836727097,0.2652381360530853,0.6071361303329468,0.1272626519203186
1672,0.0045141805894672,0.8602505922317505,0.1340011954307556,0.0012341083493083
1673,0.0015671179862692,0.2362435609102249,0.477225124835968,0.2849641442298889
1674,0.0007395441643893,0.9334652423858644,0.0655395463109016,0.0002555796236265
1675,0.0001454826560802,0.9926981329917908,0.0071201343089342,3.6213499697623774e-05
1676,0.0007414052379317,0.5501368045806885,0.4284469783306122,0.020674830302596
1677,0.001258666976355,0.5753929615020752,0.4080146849155426,0.0153337027877569
1678,0.000659704033751,0.669084906578064,0.3260859549045563,0.0041694575920701
1679,0.0004918286576867,0.6305705308914185,0.3649462461471557,0.0039913319051265
1680,0.0038241040892899,0.9212203025817872,0.0744460150599479,0.0005095125525258
1681,0.000547127390746,0.4123722016811371,0.5725221037864685,0.014558520168066
1682,0.0031648480799049,0.4344061911106109,0.4624229669570923,0.1000059843063354
1683,0.0035316126886755,0.6421870589256287,0.3437379598617553,0.0105434479191899
1684,0.0003854386159218,0.0988399237394332,0.3909195065498352,0.5098551511764526
1685,0.0020238598808646,0.9108529686927797,0.0860567092895507,0.0010664991568773
1686,0.0015912184026092,0.9052851796150208,0.0924807041883468,0.0006429103668779
1687,0.0017227295320481,0.9064491987228394,0.0911639928817749,0.0006641714135184
1688,0.0003619242925196,0.0831943750381469,0.4224959313869476,0.4939477443695068
1689,0.0003551496192812,0.1225518137216568,0.4625056684017181,0.4145874083042145
1690,0.0074075926095247,0.4238503873348236,0.4878488183021545,0.0808932557702064
1691,0.0035309682134538,0.6031688451766968,0.3833974301815033,0.0099028451368212
1692,0.000299610721413,0.2480124235153198,0.7065216302871704,0.0451664142310619
1693,0.0007651671185158,0.4285742342472076,0.5503001809120178,0.020360343158245
1694,0.0005600076401606,0.3903602957725525,0.5860001444816589,0.0230795051902532
1695,0.0002755307941697,0.9602504968643188,0.0390197969973087,0.0004542735114227
1696,0.0002991953515447,0.9643616676330566,0.0351268723607063,0.0002121612487826
1697,0.0002036702353507,0.9854732155799866,0.0142783857882022,4.474041634239256e-05
1698,0.0013384927297011,0.3829077780246734,0.5233728885650635,0.0923808068037033
1699,0.0037200464867055,0.3915002644062042,0.487229973077774,0.1175497025251388
1700,0.0008965265005826,0.2564727962017059,0.5870720744132996,0.1555586159229278
1701,0.0003176722675561,0.8488563299179077,0.1498320400714874,0.0009939084993675
1702,0.0005907224840484,0.2274012416601181,0.6181405782699585,0.1538673639297485
1703,0.0009575692820362,0.2235796749591827,0.5447858572006226,0.2306768596172332
1704,0.0012110623065382,0.5282781720161438,0.4518602788448334,0.0186505001038312
1705,0.0010543682146817,0.2105697095394134,0.481998860836029,0.306377112865448
1706,0.0005307866376824,0.6595810055732727,0.3368810415267944,0.0030071109067648
1707,0.0004713664238806,0.202427253127098,0.5677212476730347,0.229380115866661
1708,0.0001204203363158,0.9606481194496156,0.0390359535813331,0.0001954615145223
1709,9.309605957241728e-05,0.9686240553855896,0.0311363711953163,0.0001464606611989
1710,0.0015958520816639,0.8529132008552551,0.1436540335416793,0.001836814568378
1711,0.0009945364436134,0.1571218371391296,0.4406590759754181,0.4012246429920196
1712,0.0021059433929622,0.2396401613950729,0.4691926538944244,0.2890612185001373
1713,0.0002106020692735,0.987661600112915,0.0120503064244985,7.747616473352537e-05
1714,0.0003198605845682,0.2953777015209198,0.6553240418434143,0.0489784218370914
1715,0.0001237754622707,0.9721049666404724,0.0275764968246221,0.0001947261334862
1716,0.0011333363363519,0.9529293775558472,0.0452709607779979,0.0006662540836259
1717,0.0002387457352597,0.3258358836174011,0.648002028465271,0.0259233452379703
1718,0.0012283867690712,0.3053097128868103,0.5793760418891907,0.1140858903527259
1719,0.0009223300730809,0.6231410503387451,0.3663257360458374,0.0096109006553888
1720,0.0056901993229985,0.781035304069519,0.2037452459335327,0.0095292907208204
1721,0.0007772623212076,0.8133386373519897,0.1843382865190506,0.0015457705594599
1722,0.0001342498871963,0.0442043282091617,0.172120988368988,0.7835404276847839
1723,0.0006267941207624,0.1684456020593643,0.4798568487167358,0.351070761680603
1724,0.0026059404481202,0.2965359985828399,0.5123682618141174,0.1884897649288177
1725,0.0015575679717585,0.3014941215515136,0.554532527923584,0.1424157470464706
1726,0.0007416531443595,0.576731264591217,0.408963680267334,0.0135634196922183
1727,0.0003837131953332,0.7385140061378479,0.2592428028583526,0.0018594210268929
1728,0.0005420763045549,0.2119608372449875,0.5852426290512085,0.202254444360733
1729,0.0009757984662428,0.2042308002710342,0.4976394176483154,0.2971540689468384
1730,0.0006335042999126,0.632551372051239,0.3604168891906738,0.0063981669954955
1731,0.0016307099722325,0.8187390565872192,0.1770647466182708,0.0025654667988419
1732,0.0010058148764073,0.1946928203105926,0.5210250020027161,0.2832763791084289
1733,0.0034635281190276,0.3760746717453003,0.4904938340187073,0.1299679428339004
1734,0.0007035700255073,0.2625094652175903,0.5386344194412231,0.198152557015419
1735,0.0006533305859193,0.1598647087812423,0.5408153533935547,0.2986665964126587
1736,0.0005164552712813,0.6621441841125488,0.3329470157623291,0.0043923235498368
1737,0.0009786799782887,0.3273236155509949,0.5567962527275085,0.1149014011025428
1738,0.001529372180812,0.2960363626480102,0.495767593383789,0.2066666781902313
1739,0.000701050274074,0.5987381935119629,0.3926620781421661,0.0078987097367644
1740,0.0009323724661953,0.204506978392601,0.5061596632003784,0.2884010672569275
1741,0.0022517086472362,0.3613381683826446,0.5095685124397278,0.1268416345119476
1742,0.0010132389143109,0.3336281478404999,0.5500597953796387,0.1152988001704216
1743,0.0814646184444427,0.7974497079849243,0.1062498912215232,0.0148358084261417
1744,0.001806306419894,0.4024352133274078,0.5087257623672485,0.087032712996006
1745,0.0012262142263352,0.2863046824932098,0.5518667101860046,0.1606023609638214
1746,0.000779053021688,0.1192919537425041,0.3617483675479889,0.5181806087493896
1747,0.0017235893756151,0.2853692471981048,0.5008386969566345,0.2120684385299682
1748,0.001375489635393,0.8867470026016235,0.1109894141554832,0.0008880828390829
1749,0.0010118173668161,0.8915825486183167,0.1064843535423278,0.0009212701697833
1750,0.0001724100875435,0.7477887868881226,0.2504778802394867,0.0015608734684064
1751,0.0001575409260112,0.8911876678466797,0.1081133335828781,0.000541346904356
1752,0.0007624411955475,0.7612943649291992,0.2358379811048507,0.0021051676012575
1753,0.0009126756340265,0.2340419292449951,0.5883813500404358,0.1766640990972519
1754,0.0043849227949976,0.4072478115558624,0.5229165554046631,0.0654506906867027
1755,0.0094383042305707,0.6215872764587402,0.348678857088089,0.0202955435961484
1756,0.001280027674511,0.2679048180580139,0.5851578712463379,0.1456573158502578
1757,0.0016929992707446,0.7739456295967102,0.2217391431331634,0.0026221685111522
1758,0.000301404914353,0.0640762820839881,0.2574175000190735,0.6782047748565674
1759,0.0016278384719043,0.430685430765152,0.535996675491333,0.0316900573670864
1760,9.101533942157404e-05,0.0256334394216537,0.1385730504989624,0.8357025384902954
1761,0.0003026271588169,0.6703978180885315,0.3267257809638977,0.0025737688411027
1762,0.0005532022914849,0.2413126975297927,0.6559558510780334,0.1021782159805297
1763,0.0001029867271427,0.9910053014755248,0.0088460389524698,4.5700082409894094e-05
1764,0.0005982486763969,0.8967267274856567,0.1021943241357803,0.0004807063087355
1765,0.0002186563942814,0.7385923862457275,0.2592703104019165,0.0019186487188562
1766,0.0031123540829867,0.5571749806404114,0.4140572845935821,0.0256554093211889
1767,0.0626256465911865,0.7749510407447815,0.1574408560991287,0.0049824654124677
1768,0.0013476436724886,0.4300849437713623,0.5187814831733704,0.0497859492897987
1769,0.0005518762627616,0.8272182941436768,0.1707061380147934,0.0015237792395055
1770,0.0009067471837624,0.3128920793533325,0.5577904582023621,0.1284106522798538
1771,0.0041113900952041,0.8878129124641418,0.1043902263045311,0.0036854257341474
1772,0.0055697774514555,0.893798291683197,0.1002813875675201,0.0003505437052808
1773,0.0022422280162572,0.4620138704776764,0.4995560944080353,0.0361877232789993
1774,0.0003678163920994,0.9089850187301636,0.0900017023086547,0.0006455378606915
1775,0.0002206100325565,0.9130277633666992,0.0862621814012527,0.0004894447629339
1776,0.0006218262715265,0.5565630793571472,0.440277636051178,0.0025374393444508
1777,0.0002173739194404,0.4384469389915466,0.5542488098144531,0.0070868339389562
1778,0.0004603387787938,0.4668847322463989,0.5127725601196289,0.0198823492974042
1779,0.0008574886014685,0.8169906139373779,0.1794690191745758,0.0026828444097191
1780,0.0035738763399422,0.6917853951454163,0.2975332140922546,0.0071075023151934
1781,0.0032493940088897,0.8463800549507141,0.1493949443101883,0.000975644972641
1782,0.0009804803412407,0.218445673584938,0.5406582355499268,0.2399156242609024
1783,0.0012210214044898,0.2476924210786819,0.558183491230011,0.1929030567407608
1784,0.0003486358618829,0.8889338374137878,0.1095381379127502,0.001179420039989
1785,0.0002978233678732,0.8340099453926086,0.1642262786626815,0.0014659380540251
1786,0.0008495994843542,0.2754096984863281,0.5740031003952026,0.1497376561164856
1787,0.0016528471605852,0.335291177034378,0.5357937812805176,0.1272621750831604
1788,0.0003575664886739,0.8699546456336975,0.129307210445404,0.0003806275490205
1789,0.000661892874632,0.2798415422439575,0.6405636072158813,0.0789329260587692
1790,0.0004391838738229,0.3692736029624939,0.6184169054031372,0.0118702808395028
1791,0.0002917975361924,0.1795008480548858,0.6168062090873718,0.203401118516922
1792,0.0005546623724512,0.1422348171472549,0.4520213305950165,0.4051892757415771
1793,0.0008922092965804,0.5842450261116028,0.401545375585556,0.0133173875510692
1794,0.0004948218120262,0.3395741581916809,0.6053563952445984,0.0545745342969894
1795,0.0007722219452261,0.7473374009132385,0.2464457303285598,0.0054446947760879
1796,0.0003393605002202,0.1369078010320663,0.5947003960609436,0.2680524587631225
1797,0.0008121457649394,0.8498411774635315,0.1476802378892898,0.0016664149006828
1798,0.0007389276870526,0.5569329261779785,0.4270152747631073,0.0153128867968916
1799,0.0005528347101062,0.9389890432357788,0.0600275583565235,0.0004305481270421
1800,0.0006236424669623,0.9495108127593994,0.0495420582592487,0.0003235414042137
1801,0.0001872836292022,0.0925726741552352,0.5411080121994019,0.3661320507526397
1802,0.0005133981467224,0.4815675020217895,0.5046783685684204,0.0132407117635011
1803,0.0015155061846598,0.7974143624305725,0.1984921544790268,0.0025779625866562
1804,0.0005000384990125,0.1865697056055069,0.5657655596733093,0.2471646815538406
1805,0.0004606108705047,0.1026215702295303,0.3063714504241943,0.5905464291572571
1806,0.0006065312772989,0.3789866864681244,0.5778856873512268,0.0425211265683174
1807,0.0013084769016131,0.9558621644973756,0.0419976525008678,0.0008317184401676
1808,0.001513173803687,0.3319002091884613,0.5303750038146973,0.1362115740776062
1809,0.0014368732227012,0.6366495490074158,0.3571280241012573,0.0047855186276137
1810,0.0037537757307291,0.4765211641788482,0.4407100081443786,0.0790149495005607
1811,0.0002372003218624,0.5173138380050659,0.478437066078186,0.004011939279735
1812,0.0037976431194692,0.4254428744316101,0.5131820440292358,0.0575774274766445
1813,0.0017129814950749,0.4977562129497528,0.4749623239040375,0.0255684833973646
1814,0.0032361436169594,0.4878497123718261,0.4582923948764801,0.0506218075752258
1815,0.0011325862724334,0.509728729724884,0.471422016620636,0.0177166294306516
1816,0.0005369627615436,0.8978908658027649,0.1007405519485473,0.0008316642488352
1817,0.000245564879151,0.969767153263092,0.0297455918043851,0.0002417577925371
1818,0.0006563889910466,0.2195320427417755,0.6061474084854126,0.1736641526222229
1819,0.0023195957764983,0.6532878875732422,0.3336668312549591,0.0107257021591067
1820,0.0010055855382233,0.4742904603481293,0.5128302574157715,0.0118736298754811
1821,0.0011412574676796,0.353013277053833,0.5729970932006836,0.0728484019637107
1822,0.0004367129004094,0.1604160219430923,0.5867774486541748,0.2523698508739471
1823,0.0007771227392368,0.2991568744182586,0.6333150863647461,0.0667509213089943
1824,0.0004862122877966,0.3134500384330749,0.6233698129653931,0.0626939535140991
1825,0.0009059405419975,0.9045778512954712,0.0938636735081672,0.0006525244680233
1826,0.0004380609316285,0.9116240739822388,0.0874859094619751,0.0004519664507824
1827,0.0024057240225374,0.2165563851594925,0.4239968061447143,0.3570411205291748
1828,0.000716065231245,0.93252032995224,0.0665042549371719,0.000259341642959
1829,0.0025156976189464,0.5103262662887573,0.4574534893035888,0.0297045465558767
1830,0.0012657481711357,0.2527847588062286,0.5521326661109924,0.1938168108463287
1831,0.0024376076180487,0.6654024720191956,0.3242912590503692,0.0078686932101845
1832,0.0029118179809302,0.5052369832992554,0.45289146900177,0.0389596931636333
1833,0.0009635000606067,0.5230579376220703,0.4615970253944397,0.0143814943730831
1834,0.0007190076867118,0.7884876132011414,0.2089284360408783,0.0018649639096111
1835,0.0004753383400384,0.8729659914970398,0.1257626861333847,0.0007960419752635
1836,0.0006550573743879,0.8268245458602905,0.1706248819828033,0.0018954713596031
1837,0.0010058224434033,0.2348461300134658,0.5812497735023499,0.1828983426094055
1838,0.003898998722434,0.7314982414245605,0.2608237266540527,0.0037790392525494
1839,0.0007748383795842,0.7267983555793762,0.2673742175102234,0.0050525804981589
1840,0.002104228362441,0.3483904302120209,0.5926321148872375,0.0568731799721717
1841,0.0020800994243472,0.5251404047012329,0.4422126114368438,0.0305668357759714
1842,0.0017055177595466,0.3920418620109558,0.5615740418434143,0.0446785576641559
1843,0.0008335981401614,0.3810750246047973,0.5631923675537109,0.0548990555107593
1844,0.0001380441535729,0.9567751288414,0.0426997616887092,0.0003871544322464
1845,0.0613216236233711,0.6389859318733215,0.2791522741317749,0.0205401703715324
1846,0.0005264961509965,0.8270488977432251,0.1706711798906326,0.0017535000806674
1847,0.0012159461621195,0.4066782891750335,0.5387611985206604,0.0533445850014686
1848,0.0023126169107854,0.8902522325515747,0.1063254699110984,0.0011096058879047
1849,0.0029352167621254,0.2482115030288696,0.4494529962539673,0.299400269985199
1850,0.0020278629381209,0.2236556112766266,0.4589115083217621,0.3154049813747406
1851,0.0002343461674172,0.9698768258094788,0.0297489557415246,0.0001399344764649
1852,0.0012141269398853,0.8869380950927734,0.1110133305191993,0.0008344564121216
1853,0.0004313617537263,0.1313600093126297,0.4307129085063934,0.4374956488609314
1854,0.0006462513119913,0.1395514458417892,0.4366178214550018,0.4231844842433929
1855,0.0010984961409121,0.6757459044456482,0.3191997706890106,0.0039558364078402
1856,0.0004865287919528,0.2600283920764923,0.6045840978622437,0.1349009573459625
1857,0.0003603889199439,0.8366689682006836,0.1621956676244735,0.0007749579963274
1858,0.0003413018712308,0.6672315001487732,0.3303035497665405,0.0021236517932265
1859,0.000483107229229,0.8599362969398499,0.1382043361663818,0.0013762443559244
1860,0.0003410003264434,0.1822497695684433,0.5975740551948547,0.2198352217674255
1861,0.0005201185122132,0.37995445728302,0.5977522730827332,0.021773125976324
1862,0.0002275618317071,0.1008280590176582,0.481023758649826,0.4179206788539886
1863,0.0029231419321149,0.4338327646255493,0.4764720499515533,0.086772009730339
1864,0.0040206802077591,0.7311188578605652,0.2526679337024688,0.0121925612911582
1865,0.0022312698420137,0.2311798185110092,0.4743501842021942,0.2922386825084686
1866,0.0021300183143466,0.7947325110435486,0.2009398341178894,0.0021976323332637
1867,0.0023527923040091,0.6944379806518555,0.298674076795578,0.0045351260341703
1868,0.0012544423807412,0.6397427320480347,0.3478220701217651,0.0111807230859994
1869,0.0017654679249972,0.3160548508167267,0.513007640838623,0.1691719889640808
1870,0.0011904728598892,0.91139417886734,0.0861078426241874,0.0013074785238131
1871,0.0011433560866862,0.7487033605575562,0.2468961775302887,0.0032571183983236
1872,0.0015503953909501,0.3194608986377716,0.5349963307380676,0.1439923197031021
1873,0.0001994488557102,0.9650477170944214,0.0346068851649761,0.0001459198974771
1874,0.0012985309585928,0.507747232913971,0.4623090922832489,0.0286451391875743
1875,0.0009771189652383,0.2211250066757202,0.5388047099113464,0.2390931397676468
1876,0.0005531950155273,0.939600944519043,0.0591354332864284,0.0007103164680302
1877,0.0008856588392518,0.2133537381887436,0.5118089914321899,0.2739516198635101
1878,0.0007635817164555,0.1927733123302459,0.507889986038208,0.2985731065273285
1879,0.002021117368713,0.9239431023597716,0.0735084637999534,0.0005272399284876
1880,0.0066960351541638,0.3655911386013031,0.440987080335617,0.1867256909608841
1881,0.013614684343338,0.6358094811439514,0.3247397243976593,0.0258361287415027
1882,0.0003616527537815,0.9663771390914916,0.0330676063895225,0.0001935787731781
1883,0.0004785274504683,0.1412396878004074,0.4023544192314148,0.4559272825717926
1884,0.0004519036738201,0.4044744968414306,0.5704004764556885,0.0246731061488389
1885,0.0039449273608624,0.9068078398704528,0.0883941277861595,0.0008531504427082
1886,0.0003799833066295,0.1193872094154357,0.3853866159915924,0.4948461949825287
1887,0.0008959784172475,0.3395634889602661,0.5776169896125793,0.0819235146045684
1888,0.0003723482659552,0.8780463337898254,0.1207019612193107,0.0008793690940365
1889,0.0002752240689005,0.9010676145553588,0.0979865565896034,0.0006706253625452
1890,0.0019858710002154,0.852827787399292,0.1436396390199661,0.0015465979231521
1891,0.0002563011366873,0.5010584592819214,0.4932902455329895,0.0053950008004903
1892,0.0013816374121233,0.1838084757328033,0.4549303352832794,0.3598795533180237
1893,0.0033562832977622,0.530242383480072,0.4395864009857178,0.0268149394541978
1894,0.0006829320918768,0.8620085120201111,0.1363895535469055,0.0009189856355078
1895,0.0003381098795216,0.94682639837265,0.0525881461799144,0.0002473664644639
1896,0.0019427438965067,0.9021008610725404,0.0950807258486747,0.0008756632450968
1897,0.0005899578682146,0.2306832820177078,0.5890704393386841,0.1796563267707824
1898,0.00011504493159,0.9923416376113892,0.0074591571465134,8.416866330662742e-05
1899,0.0009881317382678,0.5534579157829285,0.4310334622859955,0.014520488679409
1900,0.0005636998103,0.9135988354682922,0.0849779248237609,0.0008595396648161
1901,0.0002175686968257,0.9736086130142212,0.0259457901120185,0.0002280100306961
1902,0.0017950824694707,0.2706092596054077,0.5135261416435242,0.2140695303678512
1903,0.0020459934603422,0.1930131912231445,0.4150435626506805,0.389897346496582
1904,0.0017987780738621,0.33747199177742,0.574059247970581,0.0866699814796447
1905,0.0006059241713955,0.1067911013960838,0.3669587671756744,0.5256441831588745
1906,0.0006772984634153,0.3454098999500274,0.6157597303390503,0.0381530933082103
1907,0.00057576992549,0.3275703489780426,0.6216192841529846,0.0502345412969589
1908,0.001033721724525,0.2197610139846801,0.6459135413169861,0.1332917809486389
1909,0.0025966297835111,0.2690344154834747,0.5434644818305969,0.1849044859409332
1910,0.0041573215276002,0.2341872602701187,0.4514077603816986,0.3102477192878723
1911,0.0006532904226332,0.2635561823844909,0.6224364638328552,0.1133541017770767
1912,0.0003498400037642,0.6733199954032898,0.3230624496936798,0.0032677305862307
1913,0.0007188190938904,0.8932392597198486,0.1050282567739486,0.0010136973578482
1914,0.0084817931056022,0.34413942694664,0.4418837428092956,0.2054950445890426
1915,0.0001659856789046,0.0381545946002006,0.1709970533847808,0.790682315826416
1916,6.942299660295248e-05,0.0149911921471357,0.0574671141803264,0.9274722337722778
1917,0.0001992580801015,0.049524649977684,0.1755801439285278,0.7746959328651428
1918,0.0035867746919393,0.5323245525360107,0.4145748019218445,0.0495138950645923
1919,0.0035891034640371,0.323080837726593,0.5003973841667175,0.1729327142238617
1920,0.0005846775602549,0.9625204205513,0.0367423593997955,0.0001525222614873
1921,0.0012829368934035,0.6645777225494385,0.3238893151283264,0.0102499919012188
1922,0.0012895266991108,0.536746084690094,0.4449781775474548,0.0169861800968647
1923,0.0013798023574054,0.6018843054771423,0.3825809359550476,0.0141549631953239
1924,0.0003119928878732,0.4676523208618164,0.5217038989067078,0.0103317853063344
1925,0.0009746821597218,0.2922124564647674,0.5811338424682617,0.1256790161132812
1926,0.0005126270116306,0.0848740264773368,0.2573772966861725,0.6572359800338745
1927,0.0005824267864227,0.077484130859375,0.2313248962163925,0.690608561038971
1928,0.000910029746592,0.2091856300830841,0.6052986979484558,0.1846056580543518
1929,0.0007687435718253,0.1559448093175888,0.3920451998710632,0.4512412250041961
1930,0.0006997021846473,0.940135896205902,0.0582517683506011,0.0009125835495069
1931,0.0037380019202828,0.4253559112548828,0.4527890086174011,0.1181170716881752
1932,0.0010051670251414,0.5288890600204468,0.4453692734241485,0.0247364714741706
1933,0.0011817823396995,0.2018750160932541,0.4842730164527893,0.3126701712608337
1934,0.0004565404669847,0.1991477608680725,0.6428568363189697,0.1575388461351394
1935,0.0006356867379508,0.3344795107841491,0.6347305774688721,0.0301542412489652
1936,0.0028273749630898,0.6601543426513672,0.3217335343360901,0.0152846444398164
1937,0.005849509499967,0.895702064037323,0.0958929806947708,0.0025554613675922
1938,0.0019498050678521,0.4145130217075348,0.5158697962760925,0.0676673874258995
1939,0.0007462884532287,0.3204918801784515,0.637374222278595,0.0413876250386238
1940,0.0002790553262457,0.1716624200344085,0.7004898190498352,0.1275686770677566
1941,0.0002042518317466,0.8998458981513977,0.0993946641683578,0.0005552140646614
1942,0.0008477435912936,0.9591743350028992,0.0395898558199405,0.0003881252778228
1943,0.0003369564947206,0.9735494256019592,0.0259442124515771,0.0001694323727861
1944,0.0007419192115776,0.7408031821250916,0.252045601606369,0.006409203633666
1945,0.000576845719479,0.147923395037651,0.4556361734867096,0.3958635628223419
1946,0.0003589771222323,0.9443561434745787,0.0549681149423122,0.0003167961840517
1947,0.0005549255292862,0.89937824010849,0.0993430167436599,0.0007237593526951
1948,0.0007416364387609,0.2056352198123932,0.5677770376205444,0.2258461117744445
1949,0.0040299403481185,0.6267994046211243,0.3571394979953766,0.0120311798527836
1950,0.0084064630791544,0.5365988612174988,0.4179036021232605,0.0370910540223121
1951,0.0005983271985314,0.12522754073143,0.4370870590209961,0.4370870590209961
1952,0.0003662010713014,0.8909624814987183,0.1080860197544097,0.0005851876921951
1953,0.0003016919945366,0.0749841183423996,0.2458634674549102,0.6788507699966431
1954,0.0001637378154555,0.95564466714859,0.0440031513571739,0.000188461082871
1955,9.58103992161341e-05,0.966195285320282,0.0335820280015468,0.0001269281638087
1956,0.0003420443099457,0.957844078540802,0.0414322726428508,0.0003815779637079
1957,0.0011489575263112,0.559114933013916,0.4220420718193054,0.0176940765231847
1958,0.0030198411550372,0.5937475562095642,0.3955211639404297,0.0077114347368478
1959,0.00101360573899,0.248021125793457,0.5857475399971008,0.1652176827192306
1960,0.0008208000799641,0.545948326587677,0.438681811094284,0.0145490299910306
1961,0.0016417104052379,0.963659942150116,0.0345571190118789,0.0001412270357832
1962,0.0018735696794465,0.4513398110866546,0.5114349722862244,0.0353516675531864
1963,0.0009262175881303,0.9692075848579408,0.0297284293919801,0.0001376699365209
1964,0.0005545322783291,0.4312205612659454,0.5536981821060181,0.014526791870594
1965,0.00019416140276,0.954258382320404,0.0453341007232666,0.0002132445806637
1966,0.0005890635075047,0.9547063112258912,0.0439599454402923,0.000744646124076
1967,0.0007074318127706,0.2257687002420425,0.533194363117218,0.2403295338153839
1968,0.0011244124034419,0.8608201742172241,0.1362015306949615,0.0018538427539169
1969,0.0019325762987136,0.2268930971622467,0.4305674135684967,0.3406068682670593
1970,0.0002469817118253,0.7837256193161011,0.2142586559057235,0.0017688135849311
1971,0.0001561819954076,0.9703353047370912,0.0293015874922275,0.0002069075417239
1972,0.0013451762497425,0.9524379968643188,0.0459601618349552,0.0002567313495092
1973,0.0009000722202472,0.1797549724578857,0.5536842942237854,0.2656606435775757
1974,0.0005500965053215,0.919852614402771,0.0779029205441474,0.0016944165108725
1975,0.0053852419368922,0.3659191131591797,0.5080283284187317,0.1206673085689544
1976,0.0012515718117356,0.7579748034477234,0.2385073453187942,0.0022663036361336
1977,0.0012161274207755,0.2177116572856903,0.530487596988678,0.250584602355957
1978,0.0007069786661304,0.4851680099964142,0.4928082823753357,0.0213167946785688
1979,0.0008467592997476,0.3693653345108032,0.5902441143989563,0.0395438894629478
1980,0.0005270274123176,0.1416341364383697,0.5180761814117432,0.3397626578807831
1981,0.0001508013956481,0.0291902143508195,0.1308214515447616,0.8398375511169434
1982,0.0003448803909122,0.8657251000404358,0.1327632516622543,0.0011667155195027
1983,0.0003916270798072,0.9678283929824828,0.0316007174551487,0.0001792999391909
1984,0.0046207271516323,0.3189157843589782,0.4640197157859802,0.2124437242746353
1985,0.0018993449630215,0.9242745041847228,0.0735348239541053,0.0002912740164902
1986,0.0012037756387144,0.7521704435348511,0.2441939860582351,0.0024316934868693
1987,0.0015597112942487,0.5729227066040039,0.4126607477664947,0.0128568382933735
1988,0.0008368860580958,0.1779153198003769,0.4836239218711853,0.3376238942146301
1989,0.0004700914141722,0.1956685185432434,0.5751017332077026,0.2287596613168716
1990,0.0006769222090952,0.1997968703508377,0.6058764457702637,0.1936497539281845
1991,0.0003371678176335,0.0825022459030151,0.326302707195282,0.5908578634262085
1992,0.0009389941697008,0.1875281482934951,0.5511758327484131,0.2603570520877838
1993,0.0014358164044097,0.2530554533004761,0.5357183814048767,0.2097903341054916
1994,0.0017667189240455,0.4601829349994659,0.4747907221317291,0.0632597431540489
1995,0.0003101446782238,0.5785549879074097,0.416717529296875,0.0044173216447234
1996,0.0003382103459443,0.359481543302536,0.6211283802986145,0.0190518237650394
1997,0.0058073308318853,0.4910869002342224,0.447139710187912,0.0559660941362381
1998,0.0014425530098378,0.3475086092948913,0.546707808971405,0.1043410152196884
1999,0.0008588974596932,0.1825947612524032,0.4590431749820709,0.3575031757354736
2000,0.3960246741771698,0.5329094529151917,0.0688187703490257,0.0022470126859843
2001,0.0011055248323827,0.2350257784128189,0.4975495636463165,0.2663190960884094
2002,0.0014749915571883,0.4634285569190979,0.4933171272277832,0.0417793504893779
2003,0.0026497575454413,0.6794904470443726,0.3110934197902679,0.006766393315047
2004,0.0010924496455118,0.3769726455211639,0.5659029483795166,0.0560319796204566
2005,0.0002988369669765,0.0587559789419174,0.2892070710659027,0.651738166809082
2006,0.0076927323825657,0.3649100959300995,0.4910402297973633,0.1363569349050521
2007,0.339461475610733,0.4787174463272095,0.1654403358697891,0.0163808092474937
2008,0.0025477691087871,0.7758569717407227,0.2188404947519302,0.0027547953650355
2009,0.0002559477870818,0.6035586595535278,0.3896867632865906,0.0064986422657966
2010,0.0005747900577262,0.514463484287262,0.4684243202209472,0.0165374018251895
2011,0.0003012350935023,0.3252228796482086,0.6569682955741882,0.0175076108425855
2012,0.6435100436210632,0.308759480714798,0.0451814942061901,0.0025489656254649
2013,0.2423398047685623,0.6691216230392456,0.0864089131355285,0.0021296676713973
2014,0.0016047898679971,0.438065230846405,0.5202152729034424,0.0401146970689296
2015,0.0005906142760068,0.1562618017196655,0.4314526617527008,0.4116950035095215
2016,0.0079431235790252,0.2980635166168213,0.4544925987720489,0.2395007759332656
2017,0.0009207590483129,0.2218093276023864,0.6124351620674133,0.1648346930742263
2018,0.0020750942640006,0.4998867809772491,0.4845068752765655,0.0135313151404261
2019,0.108459398150444,0.5594761967658997,0.3089720606803894,0.0230923406779766
2020,0.0013318619458004,0.3523774445056915,0.5543675422668457,0.0919231474399566
2021,0.0038758688606321,0.6938597559928894,0.2937987148761749,0.0084656756371259
2022,0.212446928024292,0.5774905681610107,0.1964812725782394,0.0135812759399414
2023,0.187759518623352,0.5184206366539001,0.2606782615184784,0.0331415235996246
2024,0.2669180631637573,0.5830026268959045,0.1406559348106384,0.0094233602285385
2025,0.0059153246693313,0.5580347776412964,0.4082669615745544,0.027782917022705
2026,0.0004588472365867,0.8831208944320679,0.1158402487635612,0.0005800373037345
2027,0.0021137129515409,0.4355332255363464,0.5336264371871948,0.0287265311926603
2028,0.0007014279835857,0.2700178027153015,0.7003729343414307,0.0289078429341316
2029,0.0003579583135433,0.100814901292324,0.4178661406040191,0.4809609949588775
2030,0.0002419659576844,0.911796510219574,0.0875024572014808,0.0004591707256622
2031,0.0071679479442536,0.4947212338447571,0.4434652328491211,0.0546456389129161
2032,0.0012896325206384,0.8989543914794922,0.0992961972951889,0.0004598326340783
2033,0.0138122914358973,0.8154041767120361,0.1682681441307068,0.002515405183658
2034,0.0059365821070969,0.9233502149581908,0.0700972527265548,0.0006160103948786
2035,0.1388078182935714,0.7987838983535767,0.0615956000983715,0.000812585116364
2036,0.0559961646795272,0.8759274482727051,0.0675442740321159,0.0005320771597325
2037,0.0007674310472793,0.7783437967300415,0.2195419371128082,0.0013468834804371
2038,0.0039286827668547,0.7033144235610962,0.2886396646499634,0.0041172238998115
2039,0.0027771170716732,0.7580795288085938,0.2348420768976211,0.0043012830428779
2040,0.089100494980812,0.8322558403015137,0.0774118527770042,0.0012318472145125
2041,0.0524859726428985,0.7475460767745972,0.1950090676546096,0.0049588354304432
2042,0.0013741612201556,0.2007817775011062,0.5631063580513,0.2347376495599746
2043,0.0004487530095502,0.0510646477341651,0.2324598282575607,0.7160267233848572
2044,0.0006035485421307,0.2716314494609833,0.5932976603507996,0.1344673186540603
2045,0.0015227858675643,0.2405773252248764,0.5173225402832031,0.2405773252248764
2046,0.0189836081117391,0.770238995552063,0.2009288519620895,0.0098485657945275
2047,0.0004695245879702,0.1079281121492385,0.3767061233520508,0.5148962140083313
2048,0.0018252354348078,0.1748990714550018,0.5303748250007629,0.292900800704956
2049,0.0058712540194392,0.3466075956821441,0.4812169671058655,0.1663041412830352
2050,0.0011821058578789,0.5237672328948975,0.4550568759441376,0.0199938025325536
2051,0.004940764978528,0.756551206111908,0.2307350635528564,0.0077729150652885
2052,0.0019955916795879,0.8177573680877686,0.1768524348735809,0.0033946160692721
2053,0.0005086828605271,0.9489152431488036,0.0502906665205955,0.0002853452169802
2054,0.0014058937085792,0.3231682777404785,0.5671780109405518,0.1082478165626525
2055,0.0037439542356878,0.5385564565658569,0.4395569860935211,0.018142681568861
2056,0.9127195477485656,0.0671583786606788,0.0183600764721632,0.0017619632417336
2057,0.7575510144233704,0.2071029245853424,0.0343410335481166,0.0010051039280369
2058,0.0019103593658655,0.4530676007270813,0.5054334402084351,0.0395886078476905
2059,0.1542563438415527,0.7957148551940918,0.0493032932281494,0.0007255980162881
2060,0.0240193977952003,0.629223644733429,0.3163935244083404,0.0303633641451597
2061,0.8542259335517883,0.1156069040298461,0.025395467877388,0.0047716670669615
2062,0.0002159761352231,0.77659010887146,0.2224967926740646,0.0006971795228309
2063,0.0130039509385824,0.5704943537712097,0.3800311684608459,0.0364704802632331
2064,0.0307117402553558,0.4513057172298431,0.444308876991272,0.0736736357212066
2065,0.0382249020040035,0.4804567098617553,0.4306786060333252,0.0506397634744644
2066,0.000232554404647,0.0654963180422782,0.5071815252304077,0.427089661359787
2067,0.0008823098032735,0.1393917202949524,0.5599867105484009,0.2997393012046814
2068,0.2363593876361847,0.7280381917953491,0.0351316854357719,0.0004707648477051
2069,0.0169466789811849,0.9109125137329102,0.0713481828570365,0.0007926067337393
2070,0.0018117037834599,0.2061579525470733,0.5102458596229553,0.2817845046520233
2071,0.0008095588418655,0.238945186138153,0.6197766661643982,0.1404686272144317
2072,0.0005764280795119,0.3279447853565216,0.61268150806427,0.0587972626090049
2073,0.0002743324439506,0.1768559217453003,0.7926132678985596,0.0302564799785614
2074,0.0107383541762828,0.5507724285125732,0.4092993140220642,0.0291898697614669
2075,0.0247837528586387,0.5911461710929871,0.331602931022644,0.0524672009050846
2076,0.0040182685479521,0.6972200870513916,0.2906445562839508,0.0081171263009309
2077,0.0004864462534897,0.7406262755393982,0.2559536099433899,0.002933646319434
2078,0.0066755441948771,0.7362544536590576,0.250497967004776,0.0065720495767891
2079,0.934270679950714,0.0495145320892334,0.0137496888637542,0.0024651833809912
2080,0.0011415414046496,0.7957256436347961,0.2011909484863281,0.0019418272422626
2081,0.0022076594177633,0.5840916037559509,0.395216166973114,0.0184845030307769
2082,0.004908304195851,0.6134222149848938,0.3720594048500061,0.0096099935472011
2083,0.0011187815107405,0.2305263131856918,0.5617124438285828,0.2066424787044525
2084,0.0055253179743885,0.4188302755355835,0.4745968878269195,0.1010475009679794
2085,0.0037312235217541,0.4051414430141449,0.4963896572589874,0.0947376266121864
2086,0.0006327687297016,0.1080911308526992,0.4769204258918762,0.4143556654453277
2087,0.0041398964822292,0.3138125240802765,0.5338131189346313,0.1482345312833786
2088,0.0030987854115664,0.2579808235168457,0.5723554491996765,0.1665649265050888
2089,0.00211679097265,0.634619951248169,0.3559895157814026,0.0072737820446491
2090,0.0022019855678081,0.9309769868850708,0.0663941875100135,0.0004268744087312
2091,0.0028790952637791,0.8631609678268433,0.1323700249195099,0.0015899875434115
2092,0.0004433277936186,0.1964296251535415,0.741317629814148,0.0618093237280845
2093,0.0005143845337443,0.3115206956863403,0.6195328831672668,0.06843201816082
2094,0.0019167591817677,0.3378192484378814,0.5836992859840393,0.076564684510231
2095,0.0044256867840886,0.8838615417480469,0.1106282547116279,0.0010845611104741
2096,0.0004683216102421,0.6910934448242188,0.3066708445549011,0.0017674271948635
2097,0.0016708187758922,0.6954532265663147,0.2991107106208801,0.0037652479950338
2098,0.000217519904254,0.5903910398483276,0.4057694375514984,0.0036220313049852
2099,0.0019173298496752,0.4012896418571472,0.5152661204338074,0.081526942551136
2100,0.0010289157507941,0.2054865509271621,0.6231302618980408,0.1703543215990066
2101,0.3229999840259552,0.5409232378005981,0.1284805238246917,0.0075962324626743
2102,0.2038673460483551,0.6279556155204773,0.1563105285167694,0.0118665024638175
2103,0.0817957893013954,0.8523316383361816,0.0647057965397834,0.0011667542858049
2104,0.0011017475044354,0.7328181266784668,0.2612943649291992,0.0047857728786766
2105,0.0067241345532238,0.4568948447704315,0.4640898704528808,0.0722912549972534
2106,0.0012202854268252,0.7990790009498596,0.1958227306604385,0.0038780593313276
2107,0.0003598443581722,0.9175126552581788,0.0814338698983192,0.0006936182035133
2108,0.0010601837420836,0.2117311209440231,0.6223123669624329,0.1648963689804077
2109,0.0021445478778332,0.272238552570343,0.5414110422134399,0.1842058300971985
2110,0.0030742932576686,0.2855236828327179,0.5678316950798035,0.1435703337192535
2111,0.0001955078478204,0.9760074019432068,0.0236821174621582,0.0001149331292253
2112,0.0013099255738779,0.9130999445915222,0.0849315226078033,0.0006586719537153
2113,0.00235132034868,0.8773026466369629,0.1187299937009811,0.0016160372179001
2114,0.013437177054584,0.8444201946258545,0.1378478109836578,0.0042947796173393
2115,0.0058227302506566,0.8916015028953552,0.1016102358698844,0.00096550345188
2116,0.7953684329986572,0.1859876960515976,0.0175719782710075,0.0010718976845964
2117,0.6794893145561218,0.2745384871959686,0.0441223531961441,0.001849825726822
2118,0.0005184220499359,0.2191835045814514,0.6751327514648438,0.1051653996109962
2119,0.0028252848424017,0.224440187215805,0.5300568342208862,0.242677703499794
2120,0.0014196545816957,0.5638501644134521,0.4256164133548736,0.0091137886047363
2121,0.000743203156162,0.3560563921928406,0.6056723594665527,0.0375280678272247
2122,0.0046283146366477,0.5433847904205322,0.4231885373592376,0.0287983398884534
2123,0.0012609817786142,0.2598269283771515,0.6041156649589539,0.1347964257001876
2124,0.0562804453074932,0.741349458694458,0.1964380741119384,0.0059319152496755
2125,0.0066393655724823,0.561446487903595,0.4043947458267212,0.0275194067507982
2126,0.0010078019695356,0.4828213453292846,0.5059924125671387,0.0101784383878111
2127,0.0007567008724436,0.4172613322734833,0.5703286528587341,0.0116532798856496
2128,0.975744128227234,0.0187290422618389,0.0045185922645032,0.0010082341032102
2129,0.1447799503803253,0.7468318343162537,0.1042810901999473,0.0041070915758609
2130,0.7446402907371521,0.227102443575859,0.0267030093818902,0.0015543014742434
2131,0.0018625932279974,0.3231832683086395,0.5852093696594238,0.0897447615861892
2132,0.1015912368893623,0.6521876454353333,0.2399264425039291,0.0062946956604719
2133,0.0031122260261327,0.5930852890014648,0.3889548480510711,0.0148476008325815
2134,0.0006780950934626,0.6261920928955078,0.3681192994117737,0.0050104819238185
2135,0.0061196219176054,0.9518194198608398,0.0418200269341468,0.0002410201559541
2136,0.0054864701814949,0.8667799830436707,0.1268379241228103,0.0008956416859291
2137,0.0320429280400276,0.8660576343536377,0.1002534478902816,0.0016459643375128
2138,0.0006367156165651,0.3916791379451751,0.5788641571998596,0.0288199502974748
2139,0.0007416065200231,0.0678085684776306,0.2024389952421188,0.729010820388794
2140,0.6895365715026855,0.2238597422838211,0.0773638561367988,0.0092397956177592
2141,0.7607027292251587,0.1893538832664489,0.0449754856526851,0.0049678771756589
2142,0.005416874308139,0.3797521889209747,0.5110124349594116,0.1038184762001037
2143,0.0006573423743247,0.1158532947301864,0.4727537631988525,0.4107355773448944
2144,0.0064984611235558,0.3333074748516083,0.4925965070724487,0.1675975173711776
2145,0.0002507953904569,0.7133749127388,0.2837609350681305,0.002613347955048
2146,0.0007100331131368,0.7546893954277039,0.2412132173776626,0.0033873785287141
2147,0.0005027896841056,0.8539876341819763,0.1438349932432174,0.0016745455795899
2148,0.4705366492271423,0.4088093340396881,0.1117622554302215,0.0088917501270771
2149,0.0832447633147239,0.7079759836196899,0.1965978294610977,0.0121813993901014
2150,0.0006054530967958,0.541908323764801,0.4492577910423279,0.0082284426316618
2151,0.0015321323880925,0.1885117888450622,0.5716549158096313,0.2383012026548385
2152,0.0107347937300801,0.6960108280181885,0.2856422662734985,0.0076121082529425
2153,0.0002937915560323,0.7974070310592651,0.2016160786151886,0.0006830858183093
2154,0.0096400137990713,0.5022246241569519,0.4099038243293762,0.0782315135002136
2155,0.0039719925262033,0.700043797492981,0.2918216586112976,0.0041626123711466
2156,0.0003895943227689,0.1837545335292816,0.7044031023979187,0.1114527583122253
2157,0.0028523178771138,0.2649078369140625,0.4872400760650635,0.2449997067451477
2158,0.0006374080548994,0.1313387304544448,0.4879825711250305,0.3800412118434906
2159,0.0010203077690675,0.3359556496143341,0.5989057421684265,0.0641182586550712
2160,0.0006599877960979,0.9007394313812256,0.0979508683085441,0.0006497555878013
2161,0.0006861184374429,0.907591998577118,0.0912789329886436,0.0004429913824424
2162,0.0184724610298872,0.6022400259971619,0.3540386259555816,0.0252488628029823
2163,0.0072979098185896,0.3922749161720276,0.527863621711731,0.0725635662674903
2164,0.0008295025327242,0.3094962239265442,0.6350449919700623,0.0546293258666992
2165,0.0108821131289005,0.371805340051651,0.5003187656402588,0.116993747651577
2166,0.6031363010406494,0.2849014401435852,0.1015847325325012,0.0103775328025221
2167,0.0497735068202018,0.4102873802185058,0.4167484641075134,0.1231906041502952
2168,0.0004818838788196,0.0761304199695587,0.2657212615013122,0.6576664447784424
2169,0.0007086620898917,0.1603723764419555,0.5866177678108215,0.2523011863231659
2170,0.0157781261950731,0.76023268699646,0.2178103178739547,0.0061788032762706
2171,0.0266412068158388,0.7785701751708984,0.1878388077020645,0.0069497739896178
2172,0.0007837951416149,0.1493649184703827,0.5132522583007812,0.336599051952362
2173,0.0019967292901128,0.278386503458023,0.5282847285270691,0.1913320571184158
2174,0.0014325764495879,0.356060117483139,0.5870438814163208,0.0554634667932987
2175,0.0009528379887342,0.268356055021286,0.623946487903595,0.1067446619272232
2176,0.0017336289165541,0.488256961107254,0.4806872606277466,0.0293221082538366
2177,0.0028983920346945,0.5108270645141602,0.4579024314880371,0.0283720958977937
2178,0.0216639935970306,0.3284555971622467,0.3900506496429443,0.2598297595977783
2179,0.0035848864354193,0.891006588935852,0.1047657430171966,0.0006427347543649
2180,0.0011636246927082,0.1366147398948669,0.4479425251483917,0.4142791032791137
2181,0.0034369195345789,0.2409466654062271,0.5429816842079163,0.2126346826553344
2182,0.1447330862283706,0.5814448595046997,0.2461992502212524,0.0276227891445159
2183,0.00285748206079,0.3571178615093231,0.5360974073410034,0.1039272099733352
2184,0.0031609633006155,0.9185091257095336,0.0777891352772712,0.0005407770513556
2185,0.0019276229431852,0.9830524921417236,0.0149268629029393,9.301798127125949e-05
2186,0.0010818623704835,0.6350374221801758,0.3507009446620941,0.0131797809153795
2187,0.0021255302708595,0.8182323575019836,0.1769551634788513,0.0026869219727814
2188,0.001379124703817,0.714404284954071,0.2797647416591644,0.0044518690556287
2189,0.0016241706907749,0.4503375291824341,0.5183352828025818,0.0297029800713062
2190,0.0649382621049881,0.7091464400291443,0.2196833193302154,0.0062319356948137
2191,0.4473758935928345,0.4762291610240936,0.0730321109294891,0.00336280092597
2192,0.1625548601150512,0.7285203337669373,0.1066060736775398,0.0023187205661088
2193,0.1370969265699386,0.7646652460098267,0.0942252427339553,0.0040125949308276
2194,0.0200717151165008,0.6342458724975586,0.3290424048900604,0.0166400354355573
2195,0.0013831787509843,0.1728647053241729,0.5580140948295593,0.2677380740642547
2196,0.84894859790802,0.1385870575904846,0.0117370281368494,0.000727238075342
2197,0.9864287972450256,0.0113060865551233,0.0019342432497069,0.0003309099702164
2198,0.0135784223675727,0.6964401602745056,0.2770247757434845,0.0129566201940178
2199,0.0435580424964427,0.6501606106758118,0.2840341329574585,0.0222472716122865
2200,0.966039538383484,0.0261494927108287,0.00650912290439,0.0013019066536799
2201,0.0027033926453441,0.4139551520347595,0.531528890132904,0.0518125593662261
2202,0.9416635036468506,0.0461558178067207,0.0106256725266575,0.0015548794763162
2203,0.0046940315514802,0.8806557655334473,0.1137259751558303,0.0009243095992133
2204,0.0012969981180503,0.433786541223526,0.5483575463294983,0.016558963805437
2205,0.0008164797327481,0.2486376911401748,0.6349185705184937,0.1156272664666175
2206,0.0014059575041756,0.2896993458271026,0.5412296056747437,0.1676651090383529
2207,0.0004045201058033,0.1999507695436477,0.7664896249771118,0.0331550873816013
2208,0.0036787274293601,0.9732995629310608,0.0228898115456104,0.0001319201983278
2209,0.0003983971255365,0.969295084476471,0.0301993116736412,0.0001072271334123
2210,0.0012560224859043,0.1923275887966156,0.5393959879875183,0.2670203745365143
2211,0.9652537107467652,0.0291481371968984,0.0047583025880157,0.0008398902718909
2212,0.0015628238907083,0.1384998708963394,0.4266096353530884,0.4333277344703674
2213,7.640982221346349e-05,0.0095494259148836,0.0462751910090446,0.944098949432373
2214,0.0010201201075688,0.2741485834121704,0.6576483249664307,0.0671830028295517
2215,0.771862804889679,0.1951574832201004,0.0308783985674381,0.002101301215589
2216,0.0005264903884381,0.9371588230133056,0.0618123263120651,0.0005023806588724
2217,0.0146576976403594,0.8386895656585693,0.1434828639030456,0.0031699493993073
2218,0.0007007835665717,0.5622484087944031,0.4310908317565918,0.0059599899686872
2219,0.0015656447503715,0.3434091806411743,0.584158718585968,0.0708664953708648
2220,0.9525819420814514,0.0387081839144229,0.0075039248913526,0.0012059903237968
2221,0.9632750153541564,0.0304843615740537,0.0054655456915497,0.0007751791854389
2222,0.002045698929578,0.26793372631073,0.5245887041091919,0.2054318934679031
2223,0.0014226922066882,0.1892702728509903,0.4611857831478119,0.3481212854385376
2224,0.0102218631654977,0.4925169646739959,0.4346446990966797,0.0626164972782135
2225,0.0006399824633263,0.1043171137571334,0.3815761208534241,0.5134668350219727
2226,0.0007900789496488,0.4637648463249206,0.5255144238471985,0.0099306665360927
2227,0.0007267413893714,0.1892966628074646,0.6206799149513245,0.1892966628074646
2228,0.0119672557339072,0.3389743268489837,0.5009715557098389,0.1480869054794311
2229,0.0137044368311762,0.433046281337738,0.4756082892417907,0.0776409208774566
2230,0.000504020252265,0.1633852869272232,0.6263198256492615,0.2097908556461334
2231,0.0019071451388299,0.7938205599784851,0.200709268450737,0.0035630164202302
2232,0.068952776491642,0.5683837532997131,0.3188343942165375,0.0438290499150753
2233,0.0069259372539818,0.8389477133750916,0.1527837216854095,0.0013426542282104
2234,0.004885028116405,0.9022801518440248,0.0921737253665924,0.0006611166754737
2235,0.0274228453636169,0.7183820009231567,0.2444171905517578,0.0097779175266623
2236,0.8724177479743958,0.1144362986087799,0.0126403411850333,0.0005056773079559
2237,0.0007827894878573,0.8584328889846802,0.1401353180408477,0.0006489552906714
2238,0.0007502480293624,0.1751729398965835,0.5068796873092651,0.3171972036361694
2239,0.0007349886582233,0.4521322846412658,0.5204010605812073,0.0267316903918981
2240,0.0024040774442255,0.8693894743919373,0.1272197812795639,0.0009866313776001
2241,0.0884834602475166,0.5769846439361572,0.2993356883525848,0.0351962856948375
2242,0.0096312155947089,0.9228894114494324,0.0668538883328437,0.0006253988831304
2243,0.0058274799957871,0.9648374915122986,0.0291355680674314,0.0001994054036913
2244,0.0009831481147557,0.4936143159866333,0.4859615564346313,0.0194409061223268
2245,0.0004125128616578,0.7816343903541565,0.2170520275831222,0.0009010109351947
2246,0.0021485604811459,0.202689066529274,0.4712661802768707,0.323896199464798
2247,0.000333499367116,0.905181646347046,0.0939263254404068,0.0005585062899626
2248,0.0017717697191983,0.2933463454246521,0.6019076108932495,0.1029742509126663
2249,0.0014948152238503,0.603051483631134,0.3833228051662445,0.0121308583766222
2250,0.0027174814604222,0.5687582492828369,0.4096612334251404,0.018863059580326
2251,0.0016347016207873,0.4603952169418335,0.505645215511322,0.0323248170316219
2252,0.0015325968852266,0.1716939657926559,0.5808331966400146,0.2459402680397033
2253,0.0045784581452608,0.3363786041736603,0.5209933519363403,0.1380495131015777
2254,0.6860716938972473,0.285997211933136,0.0270208045840263,0.0009102664771489
2255,0.3428342938423157,0.4910874664783478,0.1451651751995086,0.0209130272269248
2256,0.0066474098712205,0.9267902970314026,0.0660956129431724,0.0004667214525397
2257,0.0034300109837204,0.879574716091156,0.1153750941157341,0.0016202225815504
2258,0.9084367156028748,0.0769360959529876,0.0135800288990139,0.0010471793357282
2259,0.0328544713556766,0.8085260391235352,0.1543098986148834,0.0043095690198242
2260,0.0083978092297911,0.8302450180053711,0.158455029129982,0.0029022053349763
2261,0.936427652835846,0.0571224503219127,0.006115473806858,0.0003343965217936
2262,0.0012592060957103,0.2151007354259491,0.5847043991088867,0.1989356577396392
2263,0.0002513537183403,0.0853901654481887,0.5069847702980042,0.4073737263679504
2264,0.0106108142063021,0.4728359878063202,0.4582883417606354,0.0582648254930973
2265,0.0015729637816548,0.2860271334648132,0.6055194139480591,0.1068805232644081
2266,0.0007507125847041,0.8362206816673279,0.162108764052391,0.0009197922190651
2267,0.0034693523775786,0.5655043721199036,0.4073175191879272,0.0237087234854698
2268,0.962588667869568,0.0295254085212945,0.0071233357302844,0.0007626173901371
2269,0.2079842239618301,0.6507250666618347,0.1363993883132934,0.0048913201317191
2270,0.0136310942471027,0.4730629622936249,0.4657288193702698,0.0475771948695182
2271,0.0160557311028242,0.4766063392162323,0.4407888054847717,0.066549152135849
2272,0.0583625696599483,0.5713058710098267,0.3155050277709961,0.0548265613615512
2273,0.0003799601108767,0.0846530348062515,0.3454372584819793,0.5695297122001648
2274,0.0040610916912555,0.2435206919908523,0.5236517190933228,0.2287665009498596
2275,0.0002168702339986,0.0376297086477279,0.1823483556509018,0.7798050045967102
2276,0.0066090356558561,0.2723771631717682,0.4218659996986389,0.2991477847099304
2277,0.0007099755457602,0.0564003363251686,0.139592170715332,0.8032975196838379
2278,0.0084855323657393,0.3608140349388122,0.4705901741981506,0.1601102501153946
2279,0.0006434207898564,0.7995456457138062,0.1990226507186889,0.0007883356302045
2280,0.1139407008886337,0.6660089492797852,0.1938196569681167,0.0262306369841098
2281,0.8153929710388184,0.1556204706430435,0.026623522862792,0.002362972125411
2282,0.0055981064215302,0.3056462407112121,0.5118611454963684,0.1768945008516311
2283,0.0010227757738903,0.3114598095417022,0.6491380333900452,0.0383793786168098
2284,0.0030944203026592,0.8715084791183472,0.1236061826348304,0.0017909130547195
2285,0.0009011605870909,0.8321835994720459,0.1638666540384292,0.0030485866591334
2286,0.0857629403471946,0.7525458931922913,0.1577421873807907,0.0039489986374974
2287,0.0122183673083782,0.6671002507209778,0.3102304339408874,0.010450922884047
2288,0.0035097301006317,0.2702342569828033,0.5544846653938293,0.1717713326215744
2289,0.0014000716619193,0.2976441085338592,0.6012576222419739,0.099698282778263
2290,0.0026242262683808,0.5578895211219788,0.4145883023738861,0.024897962808609
2291,0.1153008118271827,0.7063031196594238,0.1730870306491851,0.0053090848959982
2292,0.0094974460080266,0.3001096546649933,0.5025891065597534,0.1878038346767425
2293,0.003550388617441,0.273364782333374,0.5697411298751831,0.1533437520265579
2294,0.0074499724432826,0.9024248123168944,0.0893521606922149,0.0007730476208962
2295,0.0017500653630122,0.8516308069229126,0.1456968635320663,0.0009222197113558
2296,0.0041740499436855,0.5135701894760132,0.446197509765625,0.0360582843422889
2297,0.0004850574478041,0.2674712240695953,0.6517342925071716,0.0803094282746315
2298,0.0011845821281895,0.8129259943962097,0.184244766831398,0.0016446294030174
2299,0.0028131932485848,0.7679274082183838,0.2269989103078842,0.0022604642435908
2300,0.0007625015568919,0.3596384525299072,0.6022810935974121,0.0373179428279399
2301,0.0008994379313662,0.7802698016166687,0.2166730910539627,0.0021576392464339
2302,0.0043366602621972,0.378363162279129,0.5505151152610779,0.0667850598692894
2303,0.0163910873234272,0.5343829393386841,0.3672756850719452,0.0819502845406532
2304,0.0007416364387609,0.2056352198123932,0.5677770376205444,0.2258461117744445
2305,0.0010223644785583,0.1859063655138015,0.5295979380607605,0.2834733426570892
2306,0.0015245599206537,0.7774977087974548,0.2193032950162887,0.0016744014574214
2307,0.001234455499798,0.945066213607788,0.0533169917762279,0.0003824164741672
2308,0.3710328638553619,0.531480073928833,0.0923573747277259,0.0051296665333211
2309,0.0011787351686507,0.9310537576675416,0.067445307970047,0.0003222482628189
2310,0.0098637603223323,0.4002112448215484,0.4752625823020935,0.1146624460816383
2311,0.0165167190134525,0.4326798021793365,0.4464145600795746,0.1043888702988624
2312,0.0092617701739072,0.7357535362243652,0.2503275573253631,0.0046571106649935
2313,0.0218605678528547,0.795073390007019,0.1801985800266266,0.0028674823697656
2314,0.0006993496208451,0.6874715685844421,0.3098677396774292,0.0019613744225353
2315,0.0055990796536207,0.2101039141416549,0.4378941655158996,0.3464028239250183
2316,0.0055619543418288,0.5762689709663391,0.3899231255054474,0.0282459333539009
2317,0.0025190003216266,0.9109492301940918,0.0860658064484596,0.0004659682454075
2318,0.0051896115764975,0.5051138401031494,0.4671539068222046,0.0225426442921161
2319,0.0033520022407174,0.3527670502662658,0.4897685050964355,0.1541124880313873
2320,0.0038541490212082,0.6792744398117065,0.3109945058822632,0.0058768754824995
2321,0.0003481909225229,0.3643520474433899,0.6197837591171265,0.0155159831047058
2322,0.0015994872665032,0.2062436193227768,0.543379545211792,0.2487773001194
2323,0.0007871588459238,0.2251855731010437,0.6515960097312927,0.1224312633275985
2324,0.7753891944885254,0.1785047352313995,0.0404570177197456,0.0056490651331841
2325,0.024764334782958,0.8329964876174927,0.1402994990348816,0.0019396924180909
2326,0.0016155055491253,0.1015217378735542,0.2552255988121032,0.6416370868682861
2327,0.265417605638504,0.6884408593177795,0.0454076007008552,0.000733945518732
2328,0.0004884894005954,0.4043627679347992,0.5792229771614075,0.0159257519990205
2329,0.0031237367074936,0.6238468885421753,0.3610548675060272,0.0119745070114731
2330,0.0586159117519855,0.4331162571907043,0.3822237551212311,0.1260440200567245
2331,0.0007453150465153,0.1941345781087875,0.6169584393501282,0.1881616860628128
2332,0.0079477885738015,0.4339345395565033,0.476583868265152,0.0815338864922523
2333,0.0021656230092048,0.2706517875194549,0.5729698538780212,0.1542127430438995
2334,0.0003881145385093,0.5054354071617126,0.4822898209095001,0.0118867009878158
2335,0.0002494986983947,0.314921498298645,0.6771876215934753,0.007641342934221
2336,0.8867465257644653,0.0949342101812362,0.016497092321515,0.0018222265643998
2337,0.9772039651870728,0.0190524458885192,0.003159204730764,0.0005843941471539
2338,0.0118927685543894,0.2582828998565674,0.4325425028800964,0.2972818315029144
2339,0.0008423296385444,0.2952407598495483,0.644865095615387,0.059051863849163
2340,0.0066891754977405,0.3123863041400909,0.4914526343345642,0.1894718706607818
2341,0.0007729724165983,0.2839329540729522,0.6499289870262146,0.0653650760650634
2342,0.0040907715447247,0.7438642978668213,0.2453004121780395,0.0067445416934788
2343,0.7814633846282959,0.1885368376970291,0.0275890342891216,0.0024107028730213
2344,0.0153795778751373,0.3555498719215393,0.4637244343757629,0.1653460562229156
2345,0.0020551022607833,0.778855562210083,0.21628038585186,0.0028089918196201
2346,0.9608858227729796,0.0323699489235878,0.0058950055390596,0.0008492561755701
2347,0.9642354249954224,0.0282215382903814,0.0063962410204112,0.0011467827716842
2348,0.0013394863344728,0.6620964407920837,0.3329229950904846,0.0036411012988537
2349,0.0101405372843146,0.3746214210987091,0.4662238955497741,0.1490141153335571
2350,0.0049942242912948,0.3669248819351196,0.5422797799110413,0.0858011320233345
2351,0.6771308183670044,0.2491025328636169,0.0660055875778198,0.0077610262669622
2352,0.0006876018014736,0.0914762690663337,0.443281352519989,0.4645548462867737
2353,0.0002246851363452,0.7129737734794617,0.2836013734340668,0.0032001405488699
2354,0.0087818056344985,0.5024805665016174,0.4434375762939453,0.0452999994158744
2355,0.0014592182124033,0.2492673099040985,0.6670738458633423,0.0821996256709098
2356,0.0035117221996188,0.3261497318744659,0.5724106431007385,0.097927913069725
2357,0.0027747263666242,0.3257652819156647,0.6478615999221802,0.0235983580350875
2358,0.0025906392838805,0.2812952101230621,0.5507492423057556,0.1653648912906646
2359,0.0645606741309166,0.4770424365997314,0.3715210258960724,0.0868758782744407
2360,0.0109792612493038,0.8322502374649048,0.1539508253335952,0.0028197076171636
2361,0.0176687482744455,0.4348157942295074,0.4149041473865509,0.1326113194227218
2362,0.0033709562849253,0.3835889101028442,0.5081727504730225,0.1048673689365387
2363,0.0022618526127189,0.2380389273166656,0.5800180435180664,0.1796812117099762
2364,0.0031890145037323,0.5982967615127563,0.3862894475460052,0.0122247412800788
2365,0.0488901995122432,0.5956045985221863,0.3289240598678589,0.0265811420977115
2366,0.0013705294113606,0.2098613679409027,0.5275914072990417,0.2611766755580902
2367,0.0007674782536923,0.1250989288091659,0.4947758615016937,0.3793578147888183
2368,0.000415924587287,0.7403504252433777,0.2558582723140716,0.0033753486350178
2369,0.004099525976926,0.5805618166923523,0.3928278088569641,0.0225108247250318
2370,0.0037898870650678,0.6679486036300659,0.3204852342605591,0.0077763437293469
2371,0.0006078506703488,0.6164941787719727,0.3798110485076904,0.0030869203619658
2372,0.0006396028329618,0.3016725480556488,0.6189918518066406,0.0786959752440452
2373,0.0014303440693765,0.3287885785102844,0.5770419836044312,0.0927390828728675
2374,0.0252809450030326,0.5321502685546875,0.4080137908458709,0.0345549546182155
2375,0.0011657645227387,0.7753985524177551,0.2221554070711136,0.00128034199588
2376,0.8764019012451172,0.1046712845563888,0.0176295191049575,0.0012971891555935
2377,0.0068849478848278,0.795791745185852,0.1950171589851379,0.0023061686661094
2378,0.0011361285578459,0.721081018447876,0.2736914753913879,0.0040913559496402
2379,0.0027355279307812,0.7125316858291626,0.2790314257144928,0.0057013295590877
2380,0.0019187448779121,0.7862668633460999,0.2083399891853332,0.0034743982832878
2381,0.0009459062712267,0.2107427716255188,0.5639768242835999,0.2243344932794571
2382,0.9384350180625916,0.0489641614258289,0.0109253823757171,0.001675461535342
2383,0.0259547419846057,0.6288257837295532,0.326230525970459,0.0189888942986726
2384,0.0005813646130263,0.1514299213886261,0.6276594996452332,0.2203292250633239
2385,0.0023137680254876,0.3830832540988922,0.5236127376556396,0.0909902453422546
2386,0.0024032415822148,0.588053822517395,0.3978971540927887,0.0116457752883434
2387,0.000293747143587,0.2469878196716308,0.6819552183151245,0.0707632005214691
2388,0.0020990867633372,0.1043501868844032,0.3115321099758148,0.5820185542106628
2389,0.0026272400282323,0.1785170137882232,0.4349838495254516,0.3838719129562378
2390,0.0010528690181672,0.7339154481887817,0.2616856396198272,0.0033460108097642
2391,0.0043797064572572,0.8884530067443848,0.106110580265522,0.0010566533310338
2392,0.0022981611546128,0.2615130841732025,0.5536231994628906,0.1825655549764633
2393,0.0005680270260199,0.455735981464386,0.532809317111969,0.0108866645023226
2394,0.4085713028907776,0.5412690043449402,0.0487968809902668,0.0013628001324832
2395,0.780552864074707,0.2133912742137909,0.0058671999722719,0.0001886008394649
2396,0.9497085213661194,0.0437298156321048,0.0059181866236031,0.000643572944682
2397,0.0002362581872148,0.9477065205574036,0.0518209710717201,0.0002362581872148
2398,0.0046134619042277,0.3336953222751617,0.4561074674129486,0.2055837512016296
2399,0.0015037974808365,0.855549156665802,0.1418639421463012,0.0010831445688381
2400,0.0079802321270108,0.8940105438232422,0.097219131886959,0.0007901500794105
2401,0.1121347323060035,0.8030774593353271,0.0833314657211303,0.0014563759323209
2402,0.1177251264452934,0.7557626962661743,0.1233748719096183,0.0031372683588415
2403,0.0052622356452047,0.6892169117927551,0.2964285016059875,0.0090923281386494
2404,0.0014605277683585,0.2343751192092895,0.6174961924552917,0.1466682106256485
2405,0.0013662867713719,0.3847991824150085,0.5426538586616516,0.0711806938052177
2406,0.0255156587809324,0.5991681218147278,0.3577796220779419,0.0175366383045911
2407,0.0014205627376213,0.6393346786499023,0.3530741035938263,0.0061706434935331
2408,0.0017523035639896,0.5952945351600647,0.3904036581516266,0.0125495055690407
2409,0.0020669104997068,0.3316830694675445,0.5383747816085815,0.1278752237558365
2410,0.0157915093004703,0.5743404626846313,0.3886182308197021,0.0212498009204864
2411,0.3376257121562958,0.5229249596595764,0.1301663219928741,0.009283029474318
2412,0.0015892579685896,0.2250656634569168,0.574725329875946,0.1986197680234909
2413,0.0009090494131669,0.2089602947235107,0.6141684651374817,0.175962209701538
2414,0.0058242878876626,0.3492495417594909,0.5494466423988342,0.0954795032739639
2415,0.3510452806949615,0.4650594294071197,0.1737800240516662,0.0101152090355753
2416,0.0048448899760842,0.4293616116046905,0.5019745826721191,0.0638189017772674
2417,0.07204569876194,0.3546213507652282,0.3774924576282501,0.1958405077457428
2418,0.0150738973170518,0.7731433510780334,0.2080887258052826,0.0036940171848982
2419,0.0006012914236634,0.8206316828727722,0.1774740517139434,0.0012929796939715
2420,0.0057781036011874,0.7334984540939331,0.2574821710586548,0.0032412223517894
2421,0.0054236236028373,0.9410667419433594,0.0530913583934307,0.0004182249249424
2422,0.0037509370595216,0.9178240299224854,0.077731117606163,0.000693853595294
2423,0.1003883481025695,0.8275099396705627,0.0700823590159416,0.0020193911623209
2424,0.0010227824095636,0.144843190908432,0.4899982213973999,0.3641357719898224
2425,0.003690022509545,0.3120403587818146,0.5391573905944824,0.1451122462749481
2426,0.002468709135428,0.6952839493751526,0.2944017648696899,0.0078455414623022
2427,0.0025135471951216,0.3044691681861877,0.5600045323371887,0.1330127418041229
2428,0.0007884135702624,0.1599349975585937,0.4556123912334442,0.3836641311645508
2429,0.0014618099667131,0.2309440225362777,0.5540059208869934,0.2135883122682571
2430,0.0023733577691018,0.2274216264486313,0.5125025510787964,0.2577024698257446
2431,0.0029646144248545,0.3321202099323272,0.5307265520095825,0.1341886818408966
2432,0.0096837328746914,0.7573477029800415,0.2238715440034866,0.0090970247983932
2433,0.0024188975803554,0.9607236981391908,0.0366737730801105,0.0001836335286498
2434,0.000819434877485,0.0835846289992332,0.2783793210983276,0.6372166275978088
2435,0.0078503619879484,0.4933330714702606,0.4219701588153839,0.0768464729189872
2436,0.0016910739941522,0.4073768854141235,0.5313196182250977,0.0596124045550823
2437,0.001533932168968,0.6092382669448853,0.3753407895565033,0.0138870868831872
2438,0.0023467512801289,0.4760542809963226,0.4911658763885498,0.0304331313818693
2439,0.0040826541371643,0.5872774124145508,0.3851459324359894,0.0234940536320209
2440,0.025282310321927,0.837235152721405,0.1345559358596801,0.0029266399797052
2441,0.0750862509012222,0.845994234085083,0.0762686878442764,0.0026508690789341
2442,0.0078766839578747,0.3736360073089599,0.4577884078025818,0.1606988459825515
2443,0.021836033090949,0.8193910717964172,0.1515721082687378,0.0072007589042186
2444,0.0059090862050652,0.4996916651725769,0.4479207098484039,0.0464785657823085
2445,0.0021873782388865,0.212901309132576,0.5436625480651855,0.2412487864494323
2446,0.0011587546905502,0.3936534225940704,0.5551403164863586,0.0500474199652671
2447,0.0020407657139003,0.6214622259140015,0.3596747517585754,0.016822213307023
2448,0.0037328868638724,0.140075534582138,0.3107711374759674,0.5454204082489014
2449,0.0015877812402322,0.1697306483983993,0.4911318719387054,0.3375496864318847
2450,0.0033146287314593,0.3328595459461212,0.5487926006317139,0.1150331795215606
2451,0.0030326852574944,0.6248885989189148,0.3616577684879303,0.0104210032150149
2452,0.0016335151158273,0.2139482498168945,0.5636785626411438,0.2207396924495697
2453,0.0022582155652344,0.2376561462879181,0.5031180381774902,0.2569675743579864
2454,0.8432332277297974,0.1420236527919769,0.0138442302122712,0.0008989693596959
2455,0.6900137662887573,0.2831810712814331,0.0259315837174654,0.0008735731244087
2456,0.000442435441073,0.4557932615280151,0.5328762531280518,0.0108880316838622
2457,0.0001842327619669,0.5322933793067932,0.4624644815921783,0.0050578666850924
2458,0.0002203932381235,0.4732070863246918,0.5197163224220276,0.0068562324158847
2459,0.0042186905629932,0.6984753012657166,0.2911678254604339,0.0061381584964692
2460,0.0538616143167018,0.6359806060791016,0.2822147011756897,0.0279430393129587
2461,0.0084066335111856,0.6998710632324219,0.282773494720459,0.0089488150551915
2462,0.0021127755753695,0.6334161162376404,0.3498055636882782,0.0146655701100826
2463,0.1167983636260032,0.7981719970703125,0.0828224495053291,0.002207143465057
2464,8.107687608571723e-05,0.9709427952766418,0.0288653690367937,0.0001108189608203
2465,0.0013686921447515,0.4577648639678955,0.5106735825538635,0.0301928650587797
2466,0.016738623380661,0.8857802152633667,0.0963241308927536,0.0011570155620574
2467,0.0072432914748787,0.905240535736084,0.0868733003735542,0.0006428786437027
2468,0.008079663850367,0.8113709092140198,0.1782345324754715,0.0023148623295128
2469,0.0033548350911587,0.8738446235656738,0.1220160499215126,0.0007844892679713
2470,0.0030457666143774,0.5452544689178467,0.4115796685218811,0.040120106190443
2471,0.000338065001415,0.8619807362556458,0.1363851726055145,0.001295935595408
2472,0.0048243384808301,0.863655149936676,0.1303924173116684,0.0011281155748292
2473,0.0043955435976386,0.8642319440841675,0.1304795145988464,0.0008930088370107
2474,0.0067229443229734,0.6342233419418335,0.3448212444782257,0.0142324734479188
2475,0.0188712924718856,0.719291627407074,0.252495139837265,0.0093419682234525
2476,0.0012319155503064,0.2538377642631531,0.5810403823852539,0.1638899594545364
2477,0.0001054246313287,0.0266154278069734,0.2193932831287384,0.7538858652114868
2478,0.0018995333230122,0.4575943946838379,0.5266879200935364,0.0138181522488594
2479,0.0205499958246946,0.7021245360374451,0.2664964199066162,0.0108290873467922
2480,0.0217992402613163,0.6676406860351562,0.2962637543678283,0.0142962904646992
2481,0.0005390224978327,0.7019603848457336,0.2926206290721893,0.00487991143018
2482,0.0019691057968884,0.1540002971887588,0.4121261537075043,0.4319044947624206
2483,0.0232814271003007,0.2582443058490753,0.3816603124141693,0.3368140459060669
2484,0.1345819383859634,0.7390002012252808,0.124467946588993,0.0019499392947182
2485,0.0203672535717487,0.7763111591339111,0.1993732005357742,0.0039483723230659
2486,0.0029330460820347,0.3963475525379181,0.5250751972198486,0.0756442546844482
2487,0.0034978687763214,0.2232749164104461,0.4953570365905761,0.2778701186180115
2488,0.000180782721145,0.1028519421815872,0.8089932799339294,0.0879739373922348
2489,0.0018580307951197,0.4993299841880798,0.4839672148227691,0.0148446895182132
2490,0.1161694154143333,0.6280059218406677,0.2346686869859695,0.0211560204625129
2491,0.9472262263298036,0.0422736071050167,0.0088610285893082,0.0016391257522627
2492,0.0011266944929957,0.5150623917579651,0.4689696431159973,0.0148412883281707
2493,0.0004289681965019,0.7286019325256348,0.2680377066135406,0.0029314653947949
2494,0.0007874260190874,0.3953470885753631,0.5752266049385071,0.0286388453096151
2495,0.0036151921376585,0.6471932530403137,0.3357594609260559,0.0134320678189396
2496,0.8489425182342529,0.1185389310121536,0.0290492139756679,0.0034694341011345
2497,0.0068437438458204,0.7090740203857422,0.2691341340541839,0.0149481110274791
2498,0.0026758378371596,0.8674106597900391,0.1289290785789489,0.000984385726042
2499,0.0009372595814056,0.2598761022090912,0.5765603184700012,0.1626263111829757
2500,0.0012974819401279,0.5748880505561829,0.4140763580799103,0.009738141670823
2501,0.0025402586907148,0.2673386037349701,0.5153086185455322,0.2148125916719436
2502,0.0060974601656198,0.5934762954711914,0.3892112374305725,0.0112149445340037
2503,0.0579884760081768,0.5948857069015503,0.3184193968772888,0.0287063773721456
2504,0.0322005413472652,0.4731834828853607,0.3922829031944275,0.1023331061005592
2505,0.0240783859044313,0.4335207343101501,0.454325795173645,0.0880750715732574
2506,0.0008134179515764,0.837976336479187,0.1599305868148803,0.0012796861119568
2507,0.0002534624654799,0.925732672214508,0.07365083694458,0.0003630682185757
2508,0.0483880750834941,0.7688365578651428,0.1769962310791015,0.0057791313156485
2509,0.0039872005581855,0.6811035871505737,0.3022378981113434,0.0126712974160909
2510,0.0022367497440427,0.1111936941742897,0.2466940134763717,0.639875590801239
2511,0.0326302498579025,0.4165951013565063,0.3975178301334381,0.1532567888498306
2512,0.0098720639944076,0.847960352897644,0.1406055986881256,0.0015619872137904
2513,0.0006172030698508,0.1291781961917877,0.2821511030197143,0.5880534052848816
2514,0.0005316878668963,0.7724376320838928,0.2247921675443649,0.0022384894546121
2515,0.0038843476213514,0.906943380832672,0.0884073451161384,0.0007648734608665
2516,0.0027241995558142,0.2452246397733688,0.4653545618057251,0.2866966426372528
2517,0.0009890118381008,0.5369076132774353,0.4451120495796203,0.0169912911951541
2518,0.0020724956411868,0.8492711782455444,0.1475811898708343,0.001075196545571
2519,0.0004804937634617,0.5787143707275391,0.4103699028491974,0.0104351928457617
2520,0.0034283755812793,0.3781199753284454,0.5416318774223328,0.0768197327852249
2521,0.0080818636342883,0.6031237840652466,0.3601416349411011,0.0286526922136545
2522,0.0020802535582333,0.8392341732978821,0.1576874256134033,0.0009981165640056
2523,0.0052084615454077,0.7730042338371277,0.2180358618497848,0.0037515144795179
2524,0.0040908986702561,0.5274951457977295,0.4511905610561371,0.0172233264893293
2525,0.0054380516521632,0.467101126909256,0.4819285273551941,0.0455322489142417
2526,0.0556707270443439,0.5281891822814941,0.3630187511444092,0.0531213842332363
2527,0.0008760875789448,0.4538246095180511,0.5223488807678223,0.0229504089802503
2528,0.0047120274975895,0.1560409218072891,0.3355407416820526,0.5037062764167786
2529,0.9699442982673644,0.0231701228767633,0.0057674995623528,0.0011180808069184
2530,0.0010482224170118,0.2906430065631866,0.63482266664505,0.0734860599040985
2531,0.0004280097782611,0.3433982133865356,0.6026826500892639,0.0534911230206489
2532,0.0015317363431677,0.6476024389266968,0.3466366231441498,0.0042292596772313
2533,0.054614033550024,0.777855634689331,0.1630473881959915,0.0044829933904111
2534,0.0009725014679133,0.8176966309547424,0.1796241104602813,0.0017067933222278
2535,0.0022251065820455,0.6169604063034058,0.3684038519859314,0.0124106472358107
2536,0.0309474561363458,0.7857713103294373,0.1808948367834091,0.0023864116519689
2537,0.1133437380194664,0.6943145990371704,0.1868722289800644,0.00546943442896
2538,0.0036868557799607,0.7837961316108704,0.210955873131752,0.0015611129347234
2539,0.0005593756213784,0.3335160613059997,0.6529927253723145,0.0129318190738558
2540,0.0006762196426279,0.8403031229972839,0.1578882783651352,0.001132454839535
2541,0.9648140072822572,0.0257114209234714,0.0080904588103294,0.0013841141480952
2542,0.0108780385926365,0.549286961555481,0.4018668830394745,0.0379680879414081
2543,0.020354276522994,0.7288121581077576,0.2441214919090271,0.0067121274769306
2544,0.0473257005214691,0.5588066577911377,0.344270795583725,0.0495969057083129
2545,0.0009827826870605,0.4708350002765655,0.5012012124061584,0.0269809942692518
2546,0.6630269885063171,0.2851643562316894,0.0487858690321445,0.003022821387276
2547,0.0087562296539545,0.7176740169525146,0.2681752145290375,0.0053945570252835
2548,0.0003748464514501,0.0610999576747417,0.1941752731800079,0.7443498969078064
2549,0.0058292206376791,0.3084727227687835,0.5329930186271667,0.1527050733566284
2550,0.0250013880431652,0.5181068181991577,0.4163105189800262,0.0405812598764896
2551,0.0946215912699699,0.617010235786438,0.261258602142334,0.0271095391362905
2552,0.0024707969278097,0.3724734485149383,0.5419456958770752,0.0831100642681121
2553,0.0097073093056678,0.7244256138801575,0.2503547966480255,0.0155122354626655
2554,0.1823183745145797,0.6167751550674438,0.1881057769060135,0.0128007587045431
2555,0.0023607320617884,0.1393650472164154,0.3240334391593933,0.5342407822608948
2556,0.5953571796417236,0.3725650012493133,0.0310635939240455,0.0010142623214051
2557,0.3379469811916351,0.5748671889305115,0.0841216519474983,0.0030641311313956
2558,0.0138255516067147,0.9105223417282104,0.0747402310371398,0.0009118940215557
2559,0.0122983679175376,0.9469218254089355,0.0403247959911823,0.0004550224984996
2560,0.0109228678047657,0.4431833326816559,0.457251489162445,0.0886422395706176
2561,0.0120243178680539,0.3625567853450775,0.437326967716217,0.1880919933319091
2562,0.0978592038154602,0.7697223424911499,0.1296423971652984,0.0027760523371398
2563,0.0025243554264307,0.3746475577354431,0.5120825171470642,0.1107456162571907
2564,0.0021432288922369,0.3230924308300018,0.5850448608398438,0.089719533920288
2565,0.000213867140701,0.9132181406021118,0.0862801671028137,0.0002877897350117
2566,0.0016880941111594,0.3820208609104156,0.5645901560783386,0.0517008975148201
2567,0.0009466109913773,0.4752699434757232,0.5059221982955933,0.0178612396121025
2568,0.0009137511951848,0.4177165031433105,0.5533844828605652,0.0279852617532014
2569,0.0147261321544647,0.324853241443634,0.4440217316150665,0.2163989096879959
2570,0.0022140219807624,0.4932719767093658,0.4633861482143402,0.041127860546112
2571,0.0007772862445563,0.2367023527622223,0.6638481020927429,0.0986722111701965
2572,0.0003489838854875,0.574511706829071,0.4203217327594757,0.0048175742849707
2573,0.0033282726071774,0.5510516166687012,0.4159555733203888,0.029664572328329
2574,0.0925993993878364,0.6949970126152039,0.1929937005043029,0.0194098874926567
2575,0.0190004911273717,0.8466943502426147,0.1318895369768142,0.0024156409781426
2576,0.7653265595436096,0.2092286348342895,0.0242199692875146,0.0012248307466506
2577,0.0158294811844825,0.891694962978363,0.0910923779010772,0.0013831646647304
2578,0.0028311542700976,0.3122516572475433,0.5229231119155884,0.1619940251111984
2579,0.0012321191607043,0.1492481827735901,0.4743097424507141,0.3752098977565765
2580,0.8009308576583862,0.1787118464708328,0.0194340106099843,0.0009232545271515
2581,0.958365559577942,0.032793466001749,0.0075494851917028,0.0012915645493194
2582,0.4891943633556366,0.3109508454799652,0.1638595908880233,0.0359951741993427
2583,0.0368179716169834,0.3493192195892334,0.4148268103599548,0.1990360766649246
2584,0.9352920055389404,0.0552978366613388,0.0083487248048186,0.0010614212369546
2585,0.9441832900047302,0.044855460524559,0.0094022154808044,0.0015590401599183
2586,0.003688936587423,0.4682902097702026,0.4907639026641845,0.0372569411993026
2587,0.001253108959645,0.2107405364513397,0.5298016667366028,0.258204698562622
2588,0.0038560240063816,0.4895009994506836,0.4670851230621338,0.0395577475428581
2589,0.0002099061530316,0.8160945177078247,0.1820953041315078,0.0016002426855266
2590,0.0027146793436259,0.5337480306625366,0.4288785755634308,0.0346587039530277
2591,0.0001969437726074,0.9529266953468324,0.046707883477211,0.0001684549206402
2592,0.0010848038364201,0.3103340268135071,0.5707916617393494,0.1177895069122314
2593,0.0007630948675796,0.211585059762001,0.6122416257858276,0.1754101663827896
2594,0.1096188202500343,0.8099796175956726,0.0789554715156555,0.0014461199752986
2595,0.0477025881409645,0.8324396014213562,0.1180650442838668,0.0017927230801433
2596,0.0007957051857374,0.9002957940101624,0.097902625799179,0.0010058655170723
2597,0.0005831088637933,0.306814581155777,0.6597549915313721,0.0328472666442394
2598,0.001382743474096,0.2475393563508987,0.5755462050437927,0.1755316704511642
2599,0.0036066346801817,0.9394316673278807,0.0564172565937042,0.000544520386029
2600,0.0011551277711987,0.5621175169944763,0.424308568239212,0.0124187935143709
2601,0.0023078676313161,0.4329831898212433,0.4906342327594757,0.0740746930241584
2602,0.0054707517847418,0.3717293739318847,0.500216543674469,0.1225833445787429
2603,0.0025964367669075,0.1848907172679901,0.4505143463611603,0.3619984686374664
2604,0.0155068738386034,0.6390823721885681,0.3264113664627075,0.0189994182437658
2605,0.0042599248699843,0.705302357673645,0.2849678993225097,0.0054698521271348
2606,0.001488632406108,0.2141352444887161,0.5136837959289551,0.2706923484802246
2607,0.0016340089496225,0.9010281562805176,0.0964631885290145,0.000874621910043
2608,0.2243565618991851,0.6391323208808899,0.1258526146411895,0.0106585407629609
2609,0.0160550195723772,0.507322371006012,0.420585036277771,0.0560375303030014
2610,0.0005822217208333,0.5997998714447021,0.3933583796024322,0.0062594739720225
2611,0.0002545000170357,0.2924871146678924,0.6800528764724731,0.0272055398672819
2612,0.0076826927252113,0.5556952953338623,0.4129576385021209,0.0236643608659505
2613,0.0012285426491871,0.2341187745332718,0.5794495344161987,0.1852031946182251
2614,0.2763199508190155,0.5410081744194031,0.1729166060686111,0.0097552863880991
2615,0.0089827682822942,0.5220733880996704,0.4065911471843719,0.0623527728021144
2616,0.0003716734645422,0.8363192081451416,0.1621278673410415,0.0011811758158728
2617,0.0016570889856666,0.7815760374069214,0.2136709988117218,0.0030958496499806
2618,0.969205379486084,0.0242635831236839,0.0054139369167387,0.0011172289960086
2619,0.3224350214004516,0.6118741035461426,0.0644910559058189,0.0011997960973531
2620,0.0012301983078941,0.1040295884013176,0.3746249675750732,0.5201152563095093
2621,0.2091836929321289,0.6966880559921265,0.0928247049450874,0.0013035454321652
2622,0.0003939595480915,0.0612747594714164,0.1800965219736099,0.7582346796989441
2623,0.001386216841638,0.304053395986557,0.6046823859214783,0.0898780077695846
2624,0.0058260234072804,0.2363845109939575,0.4084357917308807,0.3493536710739136
2625,0.0004566661082208,0.8256716728210449,0.1730701923370361,0.0008014739141799
2626,0.246230736374855,0.7014460563659668,0.0508125834167003,0.0015106182545423
2627,0.0244837440550327,0.7858448028564453,0.186654508113861,0.0030169892124831
2628,0.0028608017601072,0.7451621890068054,0.2457284182310104,0.0062485658563673
2629,0.00091547309421,0.8193904161453247,0.1772056221961975,0.0024885139428079
2630,0.0542997494339942,0.6825048327445984,0.2510795295238495,0.0121159115806221
2631,0.0163960587233304,0.4717343151569366,0.4098498821258545,0.1020197048783302
2632,0.0019202287076041,0.6128187775611877,0.3775466978549957,0.0077142501249909
2633,0.0027185284998267,0.4228281676769256,0.5345048308372498,0.0399484857916832
2634,0.0096969446167349,0.7703236937522888,0.213911160826683,0.0060681933537125
2635,0.0214384756982326,0.767633318901062,0.2034025937318802,0.0075256126001477
2636,0.3903200030326843,0.4154934883117676,0.1759310066699981,0.0182555094361305
2637,0.3066997826099396,0.5136255025863647,0.1641645729541778,0.0155101455748081
2638,0.3042144775390625,0.5339130759239197,0.1529686599969864,0.0089038433507084
2639,0.0137363709509372,0.7383530735969543,0.2397081404924392,0.0082023618742823
2640,0.0087346788495779,0.6028546690940857,0.3543999493122101,0.0340107344090938
2641,0.0008891778416,0.6597869396209717,0.3317616879940033,0.0075622368603944
2642,0.0016596579225733,0.3528300523757934,0.5726997256278992,0.0728105902671814
2643,0.0065015675500035,0.5761789679527283,0.3960016369819641,0.021317820996046
2644,0.0025604129768908,0.8299940824508667,0.166009247303009,0.0014362615766003
2645,0.0176260024309158,0.9182779788970948,0.0634736716747284,0.0006222739466466
2646,0.0017822899390012,0.1655294299125671,0.4033376276493072,0.4293506741523742
2647,0.0001577368966536,0.0636356025934219,0.3778220117092132,0.5583846569061279
2648,0.0298341158777475,0.8319543600082397,0.1337072253227234,0.0045042778365314
2649,0.0035835218150168,0.2802609205245971,0.5661426186561584,0.1500128805637359
2650,0.0041633457876741,0.3205598592758178,0.5285138487815857,0.1467629820108413
2651,0.0012246607802808,0.6443801522254944,0.3449118733406067,0.0094833616167306
2652,0.0008403245010413,0.1017895936965942,0.3963441550731659,0.501025915145874
2653,0.0028607330750674,0.2872787117958069,0.4963730871677398,0.2134874165058136
2654,0.4214089512825012,0.5244519114494324,0.0519277714192867,0.0022113511804491
2655,0.0073091192170977,0.4813635349273681,0.4665535390377044,0.0447737835347652
2656,0.1334184557199478,0.7212533950805664,0.1398213356733322,0.0055068372748792
2657,0.6388403177261353,0.3065189123153686,0.0532650016248226,0.0013757919659838
2658,0.7408497929573059,0.2089662700891494,0.0451921224594116,0.0049918065778911
2659,0.1179229691624641,0.7001408934593201,0.1742788553237915,0.0076572778634727
2660,0.0033131253439933,0.6720897555351257,0.317472755908966,0.0071243392303586
2661,0.0011109038023278,0.4922190606594085,0.4999703764915466,0.0066996072418987
2662,0.0030761691741645,0.5093116164207458,0.4565439820289612,0.0310682076960802
2663,0.0046822922304272,0.7998408675193787,0.1929706037044525,0.0025062505155801
2664,0.0159710124135017,0.5046678185462952,0.4055119752883911,0.0738492161035537
2665,0.0047792932018637,0.6162592172622681,0.3622801005840301,0.0166813731193542
2666,0.0008551423670724,0.8147552013397217,0.1817964613437652,0.0025931873824447
2667,0.0013468203833326,0.5519025921821594,0.42982217669487,0.0169284660369157
2668,0.0042130467481911,0.828350305557251,0.1656804829835891,0.00175625924021
2669,0.0028727333992719,0.9607977867126464,0.0361079834401607,0.0002215214044554
2670,0.0014808175619691,0.7791623473167419,0.216365560889244,0.0029913338366895
2671,0.0367605425417423,0.5932851433753967,0.3276431560516357,0.0423111282289028
2672,0.0033549163490533,0.7358688116073608,0.2543094754219055,0.0064667705446481
2673,0.0001631367777008,0.0265912897884845,0.1460148990154266,0.8272307515144348
2674,0.0031575525645166,0.7145637273788452,0.2754888534545898,0.0067898044362664
2675,0.02549316175282,0.6472840905189514,0.3057553470134735,0.0214673951268196
2676,0.0210886988788843,0.6768754124641418,0.2866071164608001,0.0154288215562701
2677,0.0023338794708251,0.7565600275993347,0.2380621582269668,0.0030439523980021
2678,0.0160104893147945,0.6198602318763733,0.3317872881889343,0.0323420763015747
2679,0.0065140621736645,0.4093572497367859,0.5423102378845215,0.0418184772133827
2680,0.3330408930778503,0.6419531106948853,0.0245053190737962,0.0005007067811675
2681,0.5566052198410034,0.3946921527385711,0.0471392571926116,0.0015633895527571
2682,0.0072381040081381,0.8767609000205994,0.115005999803543,0.0009949968662112
2683,0.0015854845987632,0.8607164621353149,0.1361851245164871,0.0015128799714148
2684,0.0066524464637041,0.9274925589561462,0.0651201903820037,0.0007348122890107
2685,0.0306870061904191,0.8038915395736694,0.1607884168624878,0.0046330452896654
2686,0.0034782525617629,0.2895723283290863,0.5495116710662842,0.1574377417564392
2687,0.0015921952435746,0.3547324538230896,0.5848549008369446,0.0588204078376293
2688,0.0020868303254246,0.815985381603241,0.1792481988668441,0.0026795433368533
2689,0.0035554983187466,0.5359925627708435,0.4306821227073669,0.0297698229551315
2690,0.0100490031763911,0.7268524169921875,0.2551492154598236,0.0079494155943393
2691,0.0024178342428058,0.7025715708732605,0.2883347868919372,0.0066758547909557
2692,0.0771847888827323,0.6564374566078186,0.2491555511951446,0.0172222536057233
2693,0.5580954551696777,0.37177175283432,0.0666550025343895,0.0034778178669512
2694,0.0015808974858373,0.2617442011833191,0.5898497104644775,0.1468252092599868
2695,0.0067766336724162,0.5383347272872925,0.4063563346862793,0.0485323444008827
2696,0.0081511866301298,0.5714423060417175,0.3989310264587402,0.0214755181223154
2697,0.2681811451911926,0.5857614278793335,0.1391305327415466,0.0069269011728465
2698,0.0005286407540552,0.9263979196548462,0.0725610926747322,0.0005123761948198
2699,0.0008855921914801,0.9412899017333984,0.0574190504848957,0.0004054536111652
2700,0.0091062821447849,0.3525577485561371,0.4818893373012543,0.156446561217308
2701,0.0023777326568961,0.3065933585166931,0.6193355917930603,0.0716933012008667
2702,0.0019114507595077,0.4258607923984527,0.5136861801147461,0.0585415922105312
2703,0.0011533461511135,0.437102347612381,0.5439826250076294,0.0177616626024246
2704,0.0006711351452395,0.4751902222633362,0.5138031244277954,0.0103355571627616
2705,0.0610635168850421,0.8697142004966736,0.0681212767958641,0.0011010778835043
2706,0.0083276098594069,0.6214630007743835,0.3486091494560241,0.0216001756489276
2707,0.0030289271380752,0.8013785481452942,0.1933415830135345,0.002250907709822
2708,0.1748429834842682,0.5732881426811218,0.231629341840744,0.0202395468950271
2709,0.1353663951158523,0.4651500880718231,0.3247270882129669,0.074756421148777
2710,0.0007962462841533,0.7239000201225281,0.2705017030239105,0.0048019797541201
2711,0.0020033272448927,0.7474626898765564,0.2464870512485504,0.0040468322113156
2712,0.0779107809066772,0.8246337175369263,0.0939783379435539,0.0034770676866173
2713,0.005526416003704,0.6288636922836304,0.3527605533599853,0.0128493020310997
2714,0.002005974529311,0.8750272393226624,0.1221811771392822,0.0007855509757064
2715,0.0030582477338612,0.2212054878473281,0.4538842141628265,0.3218520879745483
2716,0.0020862293895334,0.1877963989973068,0.436639666557312,0.3734777271747589
2717,0.0137358801439404,0.6315243244171143,0.3327899277210235,0.0219498760998249
2718,0.0039809863083064,0.4390681385993957,0.49752938747406,0.0594214126467704
2719,0.0093304580077528,0.7647386789321899,0.222551628947258,0.0033792683389037
2720,0.0120539171621203,0.700566828250885,0.2743459045886993,0.0130333928391337
2721,0.0034822062589228,0.6137213706970215,0.3607881665229797,0.0220082215964794
2722,0.0006174745503813,0.6666449308395386,0.3300131857395172,0.0027244256343692
2723,0.0817775279283523,0.6533594727516174,0.2479872703552246,0.016875747591257
2724,0.00012621555652,0.0202541761100292,0.1183902025222778,0.861229419708252
2725,0.0001128568110289,0.0181104578077793,0.0672885179519653,0.9144882559776306
2726,0.9460681080818176,0.0428868196904659,0.0092749260365962,0.001770150498487
2727,0.0055922735482454,0.5358669757843018,0.4305811822414398,0.0279596094042062
2728,0.0028876792639493,0.5333635210990906,0.4285696446895599,0.0351791381835937
2729,0.0032315517310053,0.7313099503517151,0.2607566118240356,0.0047018798068165
2730,0.0188940949738025,0.8419530987739563,0.1353141814470291,0.0038385677617043
2731,0.016939440742135,0.7910765409469604,0.1878971606492996,0.0040868306532502
2732,0.0177792180329561,0.3627287745475769,0.4585320949554443,0.1609599143266677
2733,0.003080336144194,0.5514430999755859,0.4162511229515075,0.0292254146188497
2734,0.0029290281236171,0.3034739196300506,0.5410007834434509,0.1525962650775909
2735,0.1447246372699737,0.363837718963623,0.3695673048496246,0.1218703687191009
2736,0.0071311928331851,0.5754218697547913,0.3954812884330749,0.021965617313981
2737,0.0031036953441798,0.3370035588741302,0.5470107793807983,0.1128820404410362
2738,0.0342941656708717,0.4517370164394378,0.417788416147232,0.0961803570389747
2739,0.0037487137597054,0.4007299840450287,0.4909846484661102,0.104536660015583
2740,0.002590098651126,0.409196674823761,0.5336930751800537,0.0545201785862445
2741,0.0056065754033625,0.8585029244422913,0.1337289661169052,0.0021615275181829
2742,0.965857982635498,0.0269744973629713,0.0060188234783709,0.0011487125884741
2743,0.9816972613334656,0.0153794614598155,0.0025501647032797,0.000373171584215
2744,0.0027299555949866,0.5625107884407043,0.4115416705608368,0.0232175942510366
2745,0.0006776843802072,0.4104180634021759,0.5609750151634216,0.0279292985796928
2746,0.0019504226511344,0.421174019575119,0.5241594910621643,0.0527161099016666
2747,0.0008592982194386,0.8580056428909302,0.1400655806064605,0.0010694138472899
2748,0.0081210182979702,0.8155237436294556,0.1736350208520889,0.0027202004566788
2749,0.9257269501686096,0.0601116903126239,0.0132047850638628,0.0009565514628775
2750,0.0014782941434532,0.7082263827323914,0.2861493229866028,0.0041459784843027
2751,0.0155680421739816,0.7501103281974792,0.2287707030773162,0.0055509563535451
2752,0.0004836109583266,0.8343479037284851,0.1642928272485733,0.0008757062605582
2753,0.0018208632245659,0.8067877888679504,0.1886579692363739,0.0027334394399076
2754,0.003213919699192,0.5844178795814514,0.4016641676425934,0.0107039874419569
2755,0.0005838435026817,0.4909060299396515,0.4909060299396515,0.0176040288060903
2756,0.0009920269949361,0.4327326416969299,0.5301951169967651,0.0360802300274372
2757,0.0024567882064729,0.347922533750534,0.5559785962104797,0.0936420783400535
2758,0.006768625229597,0.5293622612953186,0.4122677445411682,0.0516013577580452
2759,0.0020311390981078,0.6687911152839661,0.3208894729614258,0.0082883164286613
2760,0.0012972226832062,0.797993540763855,0.198636308312416,0.0020729557145386
2761,0.0012899592984467,0.9722477197647096,0.0263175405561923,0.0001447294198442
2762,0.0014577850233763,0.7434437274932861,0.2529439926147461,0.0021544664632529
2763,0.0030705744866281,0.45571368932724,0.4775838255882263,0.063631884753704
2764,0.0012717328500002,0.2072924077510833,0.5905210971832275,0.2009146958589553
2765,0.0029878709465265,0.7782602906227112,0.2161150723695755,0.002636786783114
2766,0.0024342623073607,0.2561834156513214,0.5256542563438416,0.2157280594110489
2767,0.0727222561836242,0.5544061660766602,0.3259185552597046,0.0469530187547206
2768,0.0025940937921404,0.8676056265830994,0.128958061337471,0.0008421789389103
2769,0.8481172323226929,0.1202886030077934,0.0281280968338251,0.0034660613164305
2770,0.0006685722037218,0.2035963088274002,0.5984027981758118,0.1973323076963424
2771,0.0013801491586491,0.401042103767395,0.5481595993041992,0.0494180843234062
2772,0.9219548106193542,0.0571252480149269,0.0171521101146936,0.0037678186781704
2773,0.0036120726726949,0.2416297942399978,0.5277679562568665,0.2269901782274246
2774,0.0010053610894829,0.3692953288555145,0.6088650822639465,0.0208342168480157
2775,0.0039080870337784,0.7804908752441406,0.2133743166923523,0.0022267608437687
2776,0.0008655732963234,0.5002018213272095,0.4772959649562835,0.0216366089880466
2777,0.0007610556785948,0.7028027176856995,0.2929717600345611,0.0034645271953195
2778,0.2072934061288833,0.638508677482605,0.1469930410385131,0.0072048921138048
2779,0.0895605981349945,0.7982449531555176,0.109731949865818,0.0024624716024845
2780,0.021579410880804,0.8354659676551819,0.1407154351472854,0.0022391909733414
2781,0.0873690471053123,0.8034307956695557,0.1070467978715896,0.0021533311810344
2782,0.0013806271599605,0.0909252613782882,0.2358421981334686,0.6718518733978271
2783,0.0024708206765353,0.2682851254940033,0.5419508814811707,0.1872932165861129
2784,0.0475598238408565,0.9258741736412048,0.0262650288641452,0.0003010401560459
2785,0.0147653948515653,0.9135026335716248,0.070441760122776,0.001290185842663
2786,0.0031270822510123,0.4498212933540344,0.5018119215965271,0.0452397167682647
2787,0.0012428015470504,0.378462940454483,0.5861748456954956,0.034119464457035
2788,0.0426910668611526,0.8310913443565369,0.123530700802803,0.0026868369895964
2789,0.00367565988563,0.6085674166679382,0.3749275207519531,0.0128293149173259
2790,0.0002677937154658,0.8236219882965088,0.175359234213829,0.0007510460563935
2791,0.0002441933902446,0.8644384741783142,0.134653553366661,0.0006637864280492
2792,0.0016294311499223,0.6371346712112427,0.3518591523170471,0.00937672983855
2793,0.0002863502304535,0.1068403273820877,0.4568980932235718,0.4359752237796783
2794,0.960845947265625,0.0361097976565361,0.0025752305518835,0.0004689843626692
2795,0.7046250700950623,0.2674455046653747,0.0260701496154069,0.0018592363921925
2796,0.0074104769155383,0.3921501636505127,0.5195145606994629,0.0809247642755508
2797,0.0492557026445865,0.5815955400466919,0.3313831090927124,0.0377656631171703
2798,0.0007102654199115,0.7668249011039734,0.2302425652742386,0.0022222241386771
2799,0.0003438115527387,0.2434321790933609,0.7043943405151367,0.0518296994268894
2800,0.0001716020487947,0.0239249747246503,0.1584672331809997,0.8174362182617188
2801,0.0034243608824908,0.2595734894275665,0.4774287343025207,0.2595734894275665
2802,0.0038362615741789,0.7661464810371399,0.2229613214731216,0.0070559647865593
2803,0.0009853187948465,0.2526701986789703,0.6761804819107056,0.0701639801263809
2804,0.0084374882280826,0.7024397850036621,0.2794112265110016,0.0097114900127053
2805,0.9276542067527772,0.0631276592612266,0.0084109464660286,0.0008071740157902
2806,0.0026163514703512,0.3024090826511383,0.5475921630859375,0.1473824381828308
2807,0.022571625187993,0.7244722843170166,0.2464892864227295,0.0064668781124055
2808,0.005351860076189,0.3416183590888977,0.5128298997879028,0.1401998847723007
2809,0.0533911660313606,0.4199540913105011,0.3945103585720062,0.1321444064378738
2810,0.0031229355372488,0.2223824262619018,0.4933769404888153,0.281117707490921
2811,0.0019350633956491,0.2307627499103546,0.5365394353866577,0.2307627499103546
2812,0.0009836738463491,0.2026872485876083,0.6146414279937744,0.1816876679658889
2813,0.0251063499599695,0.8058283925056458,0.1662920713424682,0.0027731829322874
2814,0.3470645844936371,0.5375441312789917,0.1058487072587013,0.0095425508916378
2815,0.4405510127544403,0.5070710778236389,0.0509974807500839,0.0013804384507238
2816,0.0025509444531053,0.7184445858001709,0.2726908028125763,0.006313647609204
2817,0.0036171884275972,0.7570634484291077,0.2345273047685623,0.0047919959761202
2818,0.7947529554367065,0.1829625219106674,0.0211794488131999,0.0011050674365833
2819,0.0017296669539064,0.2732614278793335,0.5876044034957886,0.1374044716358184
2820,0.0018384101567789,0.5259210467338562,0.4498441219329834,0.022396421059966
2821,0.0003191416908521,0.0793211609125137,0.3610909879207611,0.5592686533927917
2822,0.0004183473065495,0.3463004231452942,0.6173473000526428,0.0359339192509651
2823,0.0062128184363245,0.4221516847610473,0.4935453236103058,0.0780902132391929
2824,0.002079757861793,0.2088521420955658,0.5250542163848877,0.2640138268470764
2825,0.000515914405696,0.7854922413825989,0.2114123702049255,0.0025794096291065
2826,0.0128122307360172,0.4177049100399017,0.4733216762542724,0.0961611345410347
2827,0.0080596143379807,0.4611580073833465,0.4611580073833465,0.0696244463324546
2828,0.0014417137717828,0.1590084731578827,0.5132856369018555,0.3262641727924347
2829,0.000443993427325,0.1020593419671058,0.3791964650154114,0.5183001160621643
2830,0.0024998828303068,0.3888208866119385,0.5657310485839844,0.0429481603205204
2831,0.0076725706458091,0.4821603298187256,0.4459253847599029,0.0642416477203369
2832,0.0012945544440299,0.9605841040611268,0.037832424044609,0.0002888541202992
2833,0.0042088730260729,0.8809007406234741,0.1137576103210449,0.0011328029213473
2834,0.0010489531559869,0.1020964235067367,0.3000780642032623,0.5967764854431152
2835,0.0032394987065345,0.3572885394096374,0.5447999835014343,0.0946720317006111
2836,0.0015376477967947,0.2884808778762817,0.5737127661705017,0.1362687200307846
2837,0.0012652970617637,0.1352577209472656,0.391381174325943,0.4720958173274994
2838,0.000356349744834,0.2124660760164261,0.6752158403396606,0.1119617521762847
2839,0.0012257245834916,0.3732625842094421,0.5691574811935425,0.0563542209565639
2840,0.0019475318258628,0.5571379065513611,0.4140297174453735,0.0268848445266485
2841,0.9749137163162231,0.0212047230452299,0.0034615760669112,0.0004199368122499
2842,0.0019777561537921,0.9183586239814758,0.0790011882781982,0.0006624653469771
2843,0.0012161852791905,0.3425247967243194,0.5736210942268372,0.0826379582285881
2844,0.0024426584132015,0.7674604058265686,0.2268608659505844,0.0032359967008233
2845,0.0014961336273699,0.8122102618217468,0.1840825378894806,0.0022111420985311
2846,0.006514239590615,0.3786038756370544,0.471180111169815,0.1437018066644668
2847,0.0027234894223511,0.3003771603107452,0.5881099104881287,0.1087893992662429
2848,0.9751651883125304,0.0190126951783895,0.0047326344065368,0.0010895141167566
2849,0.9642173647880554,0.0286654271185398,0.0059154448099434,0.0012017956469208
2850,0.4176676869392395,0.5533198118209839,0.0284226424992084,0.0005898931995034
2851,0.0037780890706926,0.7313143014907837,0.2607581615447998,0.0041494192555546
2852,0.0011936873197555,0.8720066547393799,0.1256244778633117,0.00117518089246
2853,0.0004361547180451,0.2600481510162353,0.6537609696388245,0.0857547670602798
2854,0.0008806101977825,0.2121375352144241,0.6138402819633484,0.173141598701477
2855,0.0042149433866143,0.4721922278404236,0.4871812462806701,0.0364115536212921
2856,0.0012651873985305,0.5518880486488342,0.4365794062614441,0.0102673629298806
2857,0.0006494870176538,0.1402501463890075,0.638455867767334,0.2206444591283798
2858,0.0012110574170947,0.8055247068405151,0.1913288980722427,0.0019352643284946
2859,0.0029112729243934,0.8072152733802795,0.1858315169811248,0.0040419022552669
2860,0.0416723899543285,0.8501933813095093,0.106414183974266,0.0017200249712914
2861,0.0024536263663321,0.8206256628036499,0.174721285700798,0.002199416514486
2862,0.0004349248192738,0.9050976634025574,0.0939176082611084,0.0005497964448295
2863,0.0022484948858618,0.3234391510486603,0.5676534175872803,0.1066589206457138
2864,0.0003001366276293,0.1119841635227203,0.5687025189399719,0.3190132081508636
2865,0.0003927627694793,0.2165779620409011,0.6169731616973877,0.1660560816526413
2866,0.0002346017427043,0.3152163326740265,0.6673129200935364,0.017236154526472
2867,0.4809219539165497,0.4447800815105438,0.071482665836811,0.0028153313323855
2868,0.8196026086807251,0.1492607146501541,0.0284869093447923,0.0026496949139982
2869,0.671136200428009,0.2587460577487945,0.0624253898859024,0.0076923184096813
2870,0.0041602551937103,0.3686883151531219,0.5448859333992004,0.0822654739022255
2871,0.0072187054902315,0.4066389501094818,0.5060703754425049,0.0800719633698463
2872,0.0004505119577515,0.8019163608551025,0.196518063545227,0.0011150278151035
2873,0.0030932023655623,0.6373581886291504,0.346525639295578,0.0130228670313954
2874,0.0355290174484252,0.930735170841217,0.0333764255046844,0.0003593709261622
2875,0.0103131188079714,0.5900998711585999,0.3692750632762909,0.0303119421005249
2876,0.1510665714740753,0.7320477366447449,0.114031046628952,0.0028547111432999
2877,0.0005320505006238,0.8623042702674866,0.1364363580942154,0.0007272268994711
2878,0.0042507946491241,0.4404209554195404,0.4615571796894073,0.0937710329890251
2879,0.0012051133671775,0.8015710711479187,0.1964334398508072,0.0007903326768428
2880,0.0014538336545228,0.3557413518428802,0.5865183472633362,0.0562864579260349
2881,0.0037087167147547,0.4933954179286957,0.4492416381835937,0.0536542609333992
2882,0.0046735373325645,0.4273234903812408,0.5318126678466797,0.0361903049051761
2883,0.0048451479524374,0.3241164684295654,0.5179365873336792,0.153101772069931
2884,0.0017840564250946,0.5783271193504333,0.4037373661994934,0.0161515288054943
2885,0.0014499892713502,0.6838961839675903,0.3082561790943146,0.006397652439773
2886,0.2278278768062591,0.6490212082862854,0.118195541203022,0.0049553378485143
2887,0.96694016456604,0.0283007007092237,0.0044083991087973,0.0003507300571072
2888,0.0031302161514759,0.7308637499809265,0.2605975270271301,0.0054085282608866
2889,0.0001348432706436,0.9794418811798096,0.0203276667743921,9.561819751979785e-05
2890,0.2338161319494247,0.6980460286140442,0.0639217719435691,0.0042160977609455
2891,0.2258200049400329,0.6333277821540833,0.1369667500257492,0.0038854472804814
2892,0.9684911966323853,0.0254092775285244,0.0052435011602938,0.0008559780544601
2893,0.9696062803268432,0.0242736190557479,0.0052495379932224,0.0008704587817192
2894,0.2534872591495514,0.678367018699646,0.0651009082794189,0.0030448101460933
2895,0.0214220229536294,0.6984017491340637,0.2609736919403076,0.0192025769501924
2896,0.0050796428695321,0.3617183864116668,0.5021962523460388,0.1310057193040847
2897,0.0049936771392822,0.2902296483516693,0.5173903107643127,0.1873863488435745
2898,0.0023720539174973,0.223772794008255,0.5202873349189758,0.2535677850246429
2899,0.0033790878951549,0.2260442674160003,0.4711167216300964,0.2994599938392639
2900,0.0008486640290357,0.3879623413085937,0.5733711123466492,0.0378179252147674
2901,0.0043836701661348,0.5478553771972656,0.4200552999973297,0.0277056489139795
2902,0.0850275829434394,0.4120319187641144,0.3415864706039428,0.1613540053367614
2903,0.0006230428116396,0.0910341665148735,0.3329891264438629,0.5753536224365234
2904,0.0048590484075248,0.3683257102966308,0.503441572189331,0.1233736649155616
2905,0.0063574542291462,0.8326622247695923,0.1589163690805435,0.0020639633294194
2906,0.0002051188930636,0.0226228274405002,0.1148882135748863,0.8622838854789734
2907,0.0004517059132922,0.1038322001695633,0.4653436243534088,0.4303724765777588
2908,0.0004182924167253,0.0565245747566223,0.2961676120758056,0.6468895077705383
2909,0.0037744597066193,0.31423220038414,0.4943566918373108,0.1876366287469864
2910,0.0009031944791786,0.8084005117416382,0.1890350878238678,0.0016612288309261
2911,0.0006282282993197,0.9416638612747192,0.0574418604373931,0.0002660086029209
2912,0.0006064820336177,0.2564144134521484,0.6970065832138062,0.045972567051649
2913,0.0063112969510257,0.4156490564346313,0.4935954213142395,0.0844442248344421
2914,0.014615855179727,0.371103823184967,0.484010636806488,0.1302696913480758
2915,0.0018367911688983,0.2768968641757965,0.5506752133369446,0.1705912053585052
2916,0.0053228456526994,0.4866928160190582,0.443138837814331,0.0648455396294593
2917,0.0183991026133298,0.782349705696106,0.1947422623634338,0.0045088939368724
2918,0.0011494661448523,0.7182354927062988,0.2769044637680053,0.0037105218507349
2919,0.1031634882092475,0.7864782214164734,0.1081144139170646,0.0022438429296016
2920,0.0017138763796538,0.7023155093193054,0.292768657207489,0.0032019426580518
2921,0.0017488197190687,0.408326119184494,0.5243011116981506,0.0656239837408065
2922,0.0043540392071008,0.3198905885219574,0.5702666640281677,0.1054887250065803
2923,0.0058971894904971,0.2627888321876526,0.5065387487411499,0.2247752100229263
2924,0.0152077544480562,0.8433908224105835,0.1398479044437408,0.001553569920361
2925,0.0040591624565422,0.3950852453708648,0.4840685725212097,0.1167869791388511
2926,0.0055727213621139,0.4224236011505127,0.4938631951808929,0.0781405121088028
2927,0.0036819053348153,0.7353196740150452,0.2541196942329407,0.0068787042982876
2928,0.0795507431030273,0.8289377689361572,0.0901428014039993,0.0013687461614608
2929,0.0020193529780954,0.5599105954170227,0.4292983412742615,0.0087716691195964
2930,0.0002929879701696,0.1318613886833191,0.6290755271911621,0.2387701272964477
2931,0.0007440194603987,0.4299577176570892,0.5350910425186157,0.0342072248458862
2932,0.0543216094374656,0.749886691570282,0.1896010488271713,0.0061906930059194
2933,0.0023887318093329,0.7865352630615234,0.2084111124277115,0.002664822852239
2934,0.2509472668170929,0.7261399030685425,0.0226235818117856,0.0002892735938075
2935,0.0006038112915121,0.1064187139272689,0.5156903266906738,0.3772870898246765
2936,0.0010723454179242,0.3642983734607696,0.5821471214294434,0.0524821542203426
2937,0.0019608091097325,0.6980963945388794,0.2955926060676574,0.0043502449989318
2938,0.0019230910111218,0.2222791016101837,0.5765480995178223,0.1992497146129608
2939,0.024514865130186,0.5847325921058655,0.3602433204650879,0.0305092427879571
2940,0.0052495393902063,0.4799900650978088,0.4799900650978088,0.0347703658044338
2941,0.0009508073562756,0.1245311796665191,0.3896235823631286,0.4848943948745727
2942,0.718547523021698,0.2602406442165375,0.0203836243599653,0.0008282889612019
2943,0.0002589066280052,0.8215659260749817,0.1776760965585708,0.0004990555462427
2944,0.9571006298065186,0.0343218967318534,0.0073075531981885,0.0012698624050244
2945,0.9662956595420836,0.0274116992950439,0.0053976839408278,0.0008950236951932
2946,0.9866863489151,0.0104591501876711,0.0023337516468018,0.0005207304493524
2947,0.9854076504707336,0.0114722438156604,0.002600114326924,0.0005200555897317
2948,0.0537202805280685,0.7894137501716614,0.153034821152687,0.0038311523385345
2949,0.0028044767677783,0.2159327417612075,0.5514035820960999,0.2298592031002044
2950,0.166286215186119,0.7810080647468567,0.0515130683779716,0.0011926890583708
2951,0.0052465028129518,0.8823261260986328,0.1104360744357109,0.001991347875446
2952,0.0083719212561845,0.3450306951999664,0.4500048458576202,0.1965925693511963
2953,0.0206430498510599,0.4772323966026306,0.395639568567276,0.1064849495887756
2954,0.0027300384826958,0.4736959636211395,0.4964290857315063,0.0271449405699968
2955,0.0007739339489489,0.6307163834571838,0.3593713343143463,0.0091383634135127
2956,0.1683642715215683,0.7785084843635559,0.0521568171679973,0.0009703290415927
2957,0.3282905220985412,0.6427615880966187,0.0282409731298685,0.0007069988641887
2958,0.0028507388196885,0.2194947153329849,0.4100700914859772,0.3675844669342041
2959,0.0028011016547679,0.4157203733921051,0.542201578617096,0.0392769500613212
2960,0.0641486346721649,0.3691498637199402,0.4054318070411682,0.1612696349620819
2961,0.0047703543677926,0.3396941125392914,0.5344138741493225,0.1211216747760772
2962,0.0186804495751857,0.7943128943443298,0.1800262033939361,0.0069803735241293
2963,0.1345610320568084,0.6833573579788208,0.1782644242048263,0.0038172032218426
2964,0.4558760821819305,0.5006819367408752,0.0417456813156604,0.0016963366651907
2965,0.0003359463880769,0.8302246332168579,0.1686703711748123,0.0007689889753237
2966,0.0007501279469579,0.2320292741060257,0.6609898805618286,0.1062307432293891
2967,0.0048620211891829,0.6885439157485962,0.2961390614509582,0.0104549871757626
2968,0.0007130959420464,0.6585138440132141,0.3363359868526459,0.0044370316900312
2969,0.0109117031097412,0.5095794796943665,0.4094586372375488,0.0700501129031181
2970,0.2039825022220611,0.7119688391685486,0.0824163779616355,0.0016321679577231
2971,0.0013977834023535,0.8733947277069092,0.1238737180829048,0.0013337740674614
2972,0.0026002540253102,0.8696659207344055,0.1272602379322052,0.0004735414113383
2973,0.0156410578638315,0.6861864328384399,0.290549635887146,0.0076228431425988
2974,0.0004451192216947,0.1852741986513137,0.6170573234558105,0.1972233802080154
2975,0.0003516271244734,0.0425930470228195,0.1533834636211395,0.8036718368530273
2976,0.0010639511747285,0.8945891261100769,0.1035562083125114,0.0007906614337116
2977,0.0065435911528766,0.62702476978302,0.3462759554386139,0.0201556794345378
2978,0.0046472582034766,0.6581299304962158,0.320746898651123,0.016475960612297
2979,0.0006379216210916,0.6369620561599731,0.3573033213615417,0.0050966581329703
2980,0.0020837404299527,0.3789065480232239,0.5599875450134277,0.0590222477912902
2981,0.0010151730384677,0.6544591188430786,0.3395289182662964,0.0049968566745519
2982,0.0006030761869624,0.2471296936273574,0.6613532900810242,0.0909139290452003
2983,0.0004438041651155,0.3910666704177856,0.5963054299354553,0.012184053659439
2984,0.0031004343181848,0.3640048801898956,0.5464360117912292,0.0864587351679802
2985,0.0067594815045595,0.6084690690040588,0.3690551519393921,0.015716265887022
2986,0.0270742010325193,0.8291957974433899,0.1418586671352386,0.0018714364850893
2987,0.0037215072661638,0.6457282304763794,0.3402748703956604,0.0102754104882478
2988,0.0028927063103765,0.1965550184249878,0.4096558392047882,0.3908963501453399
2989,0.001098763779737,0.3506577610969543,0.6251150965690613,0.0231283903121948
2990,0.0040422431193292,0.8728813529014587,0.1218815445899963,0.0011948846513405
2991,0.0076390728354454,0.8968612551689148,0.0945284813642501,0.0009711991297081
2992,0.7696284055709839,0.2039312422275543,0.0255249869078397,0.0009153331047855
2993,0.0029173367656767,0.9023894667625428,0.0936365947127342,0.0010565894190222
2994,0.0382368080317974,0.8567735552787781,0.1039384230971336,0.0010513222077861
2995,0.0133438743650913,0.8127572536468506,0.1703631728887558,0.0035357747692614
2996,0.0017674680566415,0.2140956968069076,0.5298919677734375,0.2542449235916137
2997,0.0014510864857584,0.9502143263816832,0.0480533838272094,0.0002813059545587
2998,0.0095945093780756,0.8910860419273376,0.0984270721673965,0.000892428390216
2999,0.0006160623161122,0.8811411261558533,0.1174006983637809,0.0008420574013143
3000,0.0004042034852318,0.9238393306732178,0.0746576711535453,0.0010987389832735
3001,0.0009047536295838,0.7146425247192383,0.2798580229282379,0.004594718106091
3002,5.987949771224521e-05,0.8125715255737305,0.1870645880699157,0.0003040932060685
3003,0.0001287900668103,0.4559136927127838,0.5414108633995056,0.0025467129889875
3004,0.0004956606426276,0.7200971841812134,0.2776221930980682,0.0017849425785243
3005,9.39869787544012e-05,0.557187020778656,0.4407712519168854,0.0019477035384625
3006,0.0001155166828539,0.9657545685768129,0.0340953059494495,3.468440263532102e-05
3007,5.276718366076239e-05,0.8773308992385864,0.1225028410553932,0.0001134672857006
3008,0.0001185575529234,0.8611496090888977,0.1383993327617645,0.000332502881065
3009,0.0001237329706782,0.7687343955039978,0.230815902352333,0.0003259929653722
3010,2.93153862003237e-05,0.5108020305633545,0.4874107539653778,0.0017578775295987
3011,0.0002164423203794,0.9685681462287904,0.0311345737427473,8.087858441285789e-05
3012,0.0002001856337301,0.9535956978797911,0.0460160300135612,0.000188057005289
3013,0.0001339435839327,0.942973792552948,0.0566299781203269,0.0002622488245833
3014,0.000456433976069,0.7752525210380554,0.2221135646104812,0.0021775248460471
3015,7.784891204209998e-05,0.932286024093628,0.0675345733761787,0.0001015341258607
3016,0.0001395422586938,0.9823889136314392,0.017439492046833,3.212445153621957e-05
3017,0.0020885674748569,0.9110552072525024,0.0860758125782013,0.0007804406923241
3018,0.0003771071496885,0.9174968004226683,0.0814324617385864,0.0006936062127351
3019,0.0010335161350667,0.4438411295413971,0.502937912940979,0.0521874353289604
3020,0.0002043836720986,0.2206590324640274,0.6796777248382568,0.0994588136672973
3021,0.0006864726310595,0.8267985582351685,0.1706195175647735,0.0018954117549583
3022,0.0001523195387562,0.946338415145874,0.0533887632191181,0.0001204946747748
3023,0.0011165859177708,0.4947367012500763,0.4795152246952057,0.0246314890682697
3024,0.0002752337604761,0.7128282189369202,0.2835434675216675,0.0033530336804687
3025,0.0009234107565134,0.3186421692371368,0.5769864916801453,0.1034479811787605
3026,0.0001223191793542,0.5142083764076233,0.4830540418624878,0.0026152993086725
3027,0.0148403570055961,0.849141001701355,0.1343536227941513,0.0016650420147925
3028,0.0010061243083328,0.9005274772644043,0.0979278236627578,0.0005385395488701
3029,0.000122319208458,0.7599509358406067,0.2391291558742523,0.0007976214401423
3030,0.0010980678489431,0.937814474105835,0.0608965903520584,0.000190815582755
3031,0.0010739776771515,0.2931675314903259,0.5650951862335205,0.1406633257865905
3032,0.002079710131511,0.6235029697418213,0.3608558475971222,0.0135614136233925
3033,0.0001562910329084,0.22007417678833,0.6673666834831238,0.1124028861522674
3034,2.3142794816521928e-05,0.8536772131919861,0.1460469514131546,0.0002527266624383
3035,0.0001387419033562,0.37073415517807,0.6112372875213623,0.017889879643917
3036,0.0001362289040116,0.1059356033802032,0.5726824402809143,0.3212457299232483
3037,0.0001091623489628,0.4244125485420227,0.5622552633285522,0.0132229765877127
3038,0.0004802292387466,0.8548133969306946,0.1439740657806396,0.0007322620949707
3039,0.0005367455887608,0.5616583824157715,0.4239619970321655,0.0138428499922156
3040,0.0011316981399431,0.839741587638855,0.1577827781438827,0.0013439247850328
3041,0.0002499115362297,0.5801877379417419,0.4114147126674652,0.0081476280465722
3042,0.0002325600362382,0.8627657294273376,0.1365093737840652,0.0004923295928165
3043,0.0009141938062384,0.6678323745727539,0.3254755139350891,0.0057778824120759
3044,0.000663946790155,0.7750648856163025,0.222059816122055,0.0022112803999334
3045,0.001134943915531,0.3855644166469574,0.5522955060005188,0.0610051490366458
3046,0.0007924070232547,0.9250242114067078,0.0735944733023643,0.0005888668820261
3047,0.0005500704864971,0.2554217875003814,0.5938733816146851,0.150154709815979
3048,4.879258631262928e-05,0.8771675825119019,0.122480034828186,0.0003035976551473
3049,6.145513179944828e-05,0.9159182906150818,0.0838728696107864,0.0001474232121836
3050,0.0002984201419167,0.1807287186384201,0.6928039193153381,0.1261689662933349
3051,0.0003758424136321,0.8862859606742859,0.1126786097884178,0.0006596239982172
3052,0.0003924234770238,0.7671721577644348,0.2303468436002731,0.0020885313861072
3053,8.555981912650168e-05,0.1365185230970382,0.7856099605560303,0.077785924077034
3054,0.0011269873939454,0.6312317252159119,0.3653289079666137,0.0023124278523027
3055,0.0010792198590934,0.9811628460884094,0.0176920164376497,6.583283538930118e-05
3056,0.0012857270194217,0.9246814250946044,0.0735672041773796,0.0004656594246625
3057,7.66159500926733e-05,0.7488585114479065,0.2508361637592315,0.0002287329843966
3058,0.0003546525549609,0.5484704375267029,0.4476485252380371,0.003526332322508
3059,0.0004337532736826,0.8748878240585327,0.1240854784846305,0.0005928704631514
3060,0.0007261845748871,0.555947482585907,0.4196511805057525,0.023675100877881
3061,0.0001468972186557,0.9270225763320924,0.0726100206375122,0.0002205188502557
3062,1.9984168829978444e-05,0.9465370774269104,0.0533999688923358,4.297271880204789e-05
3063,0.0010276124812662,0.877641499042511,0.1206463128328323,0.0006845375755801
3064,0.0007197185768745,0.2124284207820892,0.6051522493362427,0.1816996335983276
3065,0.0007542835664935,0.9670624136924744,0.0320729538798332,0.0001103760732803
3066,7.710276986472309e-05,0.9378912448883056,0.0618606358766555,0.0001710599754005
3067,5.651721221511252e-05,0.5611088871955872,0.4369920194149017,0.0018425765447318
3068,5.902177872485481e-05,0.5419377684593201,0.4563573598861694,0.0016458816826343
3069,0.0015307461144402,0.473489761352539,0.473489761352539,0.0514896251261234
3070,0.0003450983786024,0.9514139294624328,0.0481140464544296,0.0001269546046387
3071,7.005935913184658e-05,0.5949411988258362,0.4025574028491974,0.0024313887115567
3072,0.0001030336861731,0.2546272575855255,0.7030484080314636,0.0422213412821292
3073,0.0005302319768816,0.5906267762184143,0.4059314429759979,0.0029115460347384
3074,0.0001502767263446,0.4479686319828033,0.548862636089325,0.0030183889903128
3075,0.0007059869822114,0.5664231777191162,0.4209299385547638,0.0119408639147877
3076,5.338941264199093e-05,0.5384029150009155,0.4605204164981842,0.0010232483036816
3077,4.082425220985897e-05,0.8852729797363281,0.1143222376704216,0.0003638626076281
3078,0.0002161111333407,0.982315480709076,0.0174381881952285,3.0175877327565104e-05
3079,0.0002182691096095,0.7971943020820618,0.2015622854232788,0.001025159843266
3080,6.73615068080835e-05,0.8193968534469604,0.1799975931644439,0.0005381830851547
3081,0.0008300236077047,0.8287751078605652,0.1657654494047165,0.0046295002102851
3082,0.0002160514268325,0.9225450158119202,0.076919637620449,0.0003193033044226
3083,0.0008057522936724,0.830079197883606,0.1660262942314148,0.0030887646134942
3084,0.0010174638591706,0.8826583027839661,0.1157795712351799,0.0005446091527119
3085,0.0081072049215435,0.9518221020698548,0.039905060082674,0.000165651043062
3086,0.0005694287247024,0.3847151696681976,0.5958585143089294,0.0188568849116563
3087,0.0001058781781466,0.2037785500288009,0.7453910112380981,0.0507244952023029
3088,0.0006306212162598,0.3021202385425567,0.639588475227356,0.0576606504619121
3089,0.0005225255154073,0.7832238078117371,0.2141214609146118,0.0021322299726307
3090,0.0007246874738484,0.7947162985801697,0.2009357511997223,0.0036232094280421
3091,1.523545870441012e-05,0.8704368472099304,0.1293788850307464,0.0001689960772637
3092,6.050057709217072e-05,0.9158912897109984,0.0838703960180282,0.0001778210862539
3093,0.0001947570563061,0.1357578188180923,0.70029217004776,0.1637552082538604
3094,0.0003907570207957,0.6637002825737,0.3337294459342956,0.0021794675849378
3095,6.157672760309651e-05,0.4761122763156891,0.522907018661499,0.0009191128774546
3096,0.0010186608415096,0.3570456802845001,0.5979390144348145,0.043996661901474
3097,0.0001256507675861,0.9868332743644714,0.0130185615271329,2.252794183732476e-05
3098,0.0001467497495468,0.8432162404060364,0.1559793353080749,0.0006576867890544
3099,0.000546324357856,0.8062006235122681,0.1914894431829452,0.0017635567346587
3100,3.97882322431542e-05,0.9625306725502014,0.0373213626444339,0.0001081556329154
3101,0.0003429676871746,0.9755544066429138,0.0240438915789127,5.867485378985293e-05
3102,0.0002275074803037,0.4884820878505707,0.5039881467819214,0.0073022153228521
3103,0.0001264604798052,0.4140243232250213,0.5748158097267151,0.0110333738848567
3104,8.200989395845681e-05,0.5423761010169983,0.456726461648941,0.0008154294337145
3105,0.0002381180092925,0.9403584599494934,0.0591831095516681,0.0002202231698902
3106,8.327962859766558e-05,0.9516512751579284,0.0481260493397712,0.0001394671271555
3107,0.0017901420360431,0.2495838701725006,0.5283690094947815,0.220256969332695
3108,0.0001213664654642,0.9095357060432434,0.0900562331080436,0.0002866292779799
3109,0.0002818704233504,0.9521210193634032,0.0474033132195472,0.0001937265187734
3110,0.0002853032201528,0.6727825999259949,0.3228046000003814,0.0041275010444223
3111,5.24000461155083e-05,0.9719236493110656,0.028005538508296,1.8394146536593325e-05
3112,4.055607132613659e-05,0.695708155632019,0.3039323687553406,0.0003189982089679
3113,2.873309676942881e-05,0.8650561571121216,0.1347497701644897,0.00016534756287
3114,3.692420068546198e-05,0.3841802775859833,0.6139183044433594,0.0018644888186827
3115,0.0009905180195346,0.5377252697944641,0.4457899034023285,0.0154943084344267
3116,0.0036013117060065,0.510006308555603,0.4571666717529297,0.0292256884276866
3117,0.0001237677206518,0.7570288777351379,0.2419609576463699,0.0008863896364346
3118,0.0001057113258866,0.7922140955924988,0.2066614180803299,0.0010187554871663
3119,0.0002052312484011,0.3378601372241974,0.6512424945831299,0.0106921195983886
3120,0.0001886863319668,0.6575894355773926,0.3411529064178467,0.0010689808987081
3121,0.0002278806496178,0.1276371926069259,0.4969884157180786,0.3751465380191803
3122,0.0009854732779785,0.350852757692337,0.5968206524848938,0.051341101527214
3123,0.00025290044141,0.0832722708582878,0.5871266722679138,0.3293482065200805
3124,0.0003317780501674,0.9005097150802612,0.0979258865118026,0.001232705079019
3125,0.0001420787593815,0.93964421749115,0.0600694417953491,0.0001443161745555
3126,8.923856512410566e-05,0.7118968367576599,0.2876323163509369,0.0003816249372903
3127,0.0001492248993599,0.9271119236946106,0.0726170167326927,0.0001217938261106
3128,0.000710176944267,0.5522543787956238,0.4300961494445801,0.0169392563402652
3129,8.364843961317092e-05,0.9120934009552002,0.0875309556722641,0.0002919617400038
3130,0.0001830181136028,0.5628874897956848,0.4315808415412903,0.0053485729731619
3131,9.269201837014408e-05,0.9494682550430298,0.0503199733793735,0.0001190189068438
3132,0.0001902092335512,0.5410406589508057,0.4556019306182861,0.0031672678887844
3133,0.0001131968820118,0.9030233025550842,0.0966767892241478,0.0001866301172412
3134,2.868976298486814e-05,0.8773536086082458,0.1225060150027275,0.0001117110296036
3135,2.1599389583570883e-05,0.5307466983795166,0.4683822989463806,0.0008494084468111
3136,0.0002678349555935,0.132388487458229,0.6121581792831421,0.2551854848861694
3137,0.0003315648646093,0.3810548186302185,0.6089238524436951,0.0096897464245557
3138,5.2604515076382086e-05,0.8477169275283813,0.1519872695207595,0.0002432408218737
3139,0.0026266758795827,0.8382732272148132,0.1575068831443786,0.00159315939527
3140,4.381306280265562e-05,0.7399271130561829,0.2597388625144958,0.0002901961270254
3141,3.687919888761826e-05,0.9952734112739564,0.0046816118992865,8.101284947770182e-06
3142,0.0001456055906601,0.1866800785064697,0.6722608208656311,0.1409135162830352
3143,0.0001889095583464,0.3870342373847961,0.581007182598114,0.0317697040736675
3144,0.000124603495351,0.3892634510993957,0.6029030084609985,0.0077089448459446
3145,0.0010058234911412,0.341699481010437,0.5722389221191406,0.085055723786354
3146,0.000305762339849,0.8834218978881836,0.1158797368407249,0.0003926066565327
3147,1.903771953948308e-05,0.87396639585495,0.1259067952632904,0.0001078560162568
3148,0.0001018711191136,0.8787084817886353,0.1207929849624633,0.0003966615768149
3149,0.0003393905935809,0.9356779456138612,0.0636736825108528,0.0003090186219196
3150,3.805466621997766e-05,0.9647734761238098,0.0351418741047382,4.662555147660896e-05
3151,0.0004407572560012,0.5739911198616028,0.4199408888816833,0.0056272116489708
3152,0.0007747222553007,0.3275445699691772,0.5748586654663086,0.0968220010399818
3153,0.0001036779722198,0.8942937850952148,0.1051522493362426,0.0004503565432969
3154,0.0054841144010424,0.6438595652580261,0.3446331918239593,0.0060231210663914
3155,6.094069613027386e-05,0.8666592240333557,0.1329065114259719,0.0003733070043381
3156,0.0001216831078636,0.8701493740081787,0.1293361485004425,0.0003927978978026
3157,4.777224603458308e-05,0.5995561480522156,0.3993905186653137,0.0010055800667032
3158,0.0019914058502763,0.868672251701355,0.1271148324012756,0.0022215736098587
3159,0.000623125815764,0.9487242102622986,0.0502805411815643,0.0003720854001585
3160,4.0399048884864897e-05,0.9472386240959167,0.0526110455393791,0.0001098160137189
3161,0.0004730243235826,0.9540982246398926,0.0453264899551868,0.0001022986980387
3162,0.000449900602689,0.6434835195541382,0.349855899810791,0.0062106866389513
3163,0.0002263600326841,0.6438698172569275,0.3500659167766571,0.0058379019610583
3164,9.84085418167524e-05,0.9322698712348938,0.067533403635025,9.84085418167524e-05
3165,8.987588080344722e-05,0.9351194500923156,0.0646377950906753,0.0001528840075479
3166,5.024153142585419e-05,0.5146369934082031,0.4834567010402679,0.0018560708267614
3167,0.000102262943983,0.9537647366523744,0.0460241846740245,0.0001088583376258
3168,9.443171438761055e-05,0.3908198475837707,0.6053135991096497,0.0037720615509897
3169,0.0002689795219339,0.952180802822113,0.0474062897264957,0.0001439743500668
3170,9.933388355420902e-05,0.0388411954045295,0.2166387736797332,0.7444207668304443
3171,0.0002485387958586,0.1732470691204071,0.7180891036987305,0.108415238559246
3172,0.0042239213362336,0.4515286684036255,0.4959072172641754,0.0483402162790298
3173,0.0001728993083816,0.8767344355583191,0.1224195510149002,0.0006732282345183
3174,0.0003622664371505,0.9093679189682008,0.0900396183133125,0.0002302705688634
3175,4.52497297374066e-05,0.9217889904975892,0.0780669152736663,9.883449092740192e-05
3176,4.573254773276858e-05,0.9171810746192932,0.0826863795518875,8.678512676851824e-05
3177,0.0030733169987797,0.5009505748748779,0.4561206996440887,0.039855383336544
3178,0.0001489190617576,0.5973615646362305,0.3979286253452301,0.0045609115622937
3179,5.217716534389183e-05,0.5344641804695129,0.4643505215644836,0.0011331650894135
3180,0.0003243809042032,0.3341744542121887,0.6441380977630615,0.0213630590587854
3181,0.0001392319973092,0.7876165509223938,0.2119841277599334,0.0002601196174509
3182,0.0005994066013954,0.6997233033180237,0.296281486749649,0.0033958700951188
3183,4.631604315363802e-05,0.7821981906890869,0.217208594083786,0.0005468849558383
3184,0.0001217599929077,0.9414502382278442,0.0583332069218158,9.482676978223026e-05
3185,0.000110823988507,0.8305290937423706,0.1687322258949279,0.0006278606597334
3186,0.0009469682117924,0.8744850754737854,0.1240283548831939,0.0005395661573857
3187,6.643096276093274e-05,0.9747275710105896,0.0251764263957738,2.947856228274759e-05
3188,0.0001239748962689,0.832825243473053,0.1665755212306976,0.000475244334666
3189,0.0010156374191865,0.8810738325119019,0.1173917278647422,0.0005187368369661
3190,0.0001401769259246,0.9270663261413574,0.0726134479045867,0.0001799907331587
3191,0.0005517596728168,0.252234011888504,0.6242851614952087,0.122929036617279
3192,7.979918154887855e-05,0.8838240504264832,0.1159324795007705,0.0001637372915865
3193,3.134900543955155e-05,0.7824479341506958,0.2172779440879821,0.0002427562139928
3194,0.0029072607867419,0.5806140899658203,0.4053339660167694,0.0111446697264909
3195,0.0002065274748019,0.8818775415420532,0.1174988150596618,0.0004171969776507
3196,0.0003027332713827,0.9310815334320068,0.0685094594955444,0.0001062693772837
3197,0.0004294979735277,0.7765505313873291,0.2224854677915573,0.0005345188546925
3198,4.678611367125996e-05,0.7901368737220764,0.2093654423952102,0.0004508845740929
3199,5.08728189743124e-05,0.9735493063926696,0.0263527724891901,4.7049667045939714e-05
3200,0.000166560683283,0.9422112107276917,0.0574752502143383,0.0001469892886234
3201,0.0001233982475241,0.4300543963909149,0.5608966946601868,0.0089254947379231
3202,0.0002098215336445,0.63531893491745,0.3619937896728515,0.002477505011484
3203,0.000219539826503,0.2407546639442443,0.6647449731826782,0.0942808836698532
3204,9.5030598458834e-05,0.8326126933097839,0.1665330082178115,0.0007592445472255
3205,2.6196730686933734e-05,0.9663289785385132,0.033586673438549,5.81199856242165e-05
3206,0.0001360741443932,0.973058819770813,0.0267542824149131,5.0847189413616434e-05
3207,0.0001868739345809,0.3486012816429138,0.6312354207038879,0.0199764445424079
3208,0.0005522076971828,0.9233828186988832,0.0757958814501762,0.0002691245172172
3209,0.0021017349790781,0.5919298529624939,0.3704202473163605,0.0355481505393981
3210,0.0003349508624523,0.1052384376525878,0.4716459512710571,0.422780692577362
3211,0.0005280800978653,0.925415337085724,0.0736255943775177,0.0004310063959565
3212,6.202350050443783e-05,0.9687514901161194,0.0311404671519994,4.609195457305759e-05
3213,9.29471934796311e-05,0.1019289717078208,0.6646603345870972,0.2333177477121353
3214,0.0001721709995763,0.4673053324222564,0.5132344961166382,0.019287995994091
3215,0.0001926328113768,0.7972398400306702,0.2015738040208816,0.0009936756687238
3216,4.115256160730496e-05,0.7875334620475769,0.2119617611169815,0.0004636644443962
3217,4.88639489049092e-05,0.9206082224845886,0.0791947096586227,0.0001481780927861
3218,4.089531284989789e-05,0.9739745259284972,0.0259555429220199,2.8999118512729183e-05
3219,0.0001873758737929,0.9501419067382812,0.0495749861001968,9.570222755428404e-05
3220,0.0004676673270296,0.8588780760765076,0.1402079910039901,0.0004462513024918
3221,0.0002643532934598,0.9655097126960754,0.0340866632759571,0.0001393043785355
3222,0.0005038795643486,0.2339732944965362,0.6460209488868713,0.1195018664002418
3223,0.0012475287076085,0.5192650556564331,0.4441509842872619,0.0353364311158657
3224,0.0001170666510006,0.963539183139801,0.036211010068655,0.0001326539058936
3225,0.0029762741178274,0.6735398769378662,0.3083690404891968,0.0151147684082388
3226,0.0007702300790697,0.781182587146759,0.21692655980587,0.0011206780327484
3227,0.0005709101096726,0.579028308391571,0.4105925559997558,0.0098082749173045
3228,0.0003405914176255,0.8417038917541504,0.1556995660066604,0.0022559096105396
3229,0.0002638112637214,0.8637027144432068,0.134538933634758,0.0014945926377549
3230,0.0004335238481871,0.288354754447937,0.6498174667358398,0.0613942705094814
3231,0.0002430758759146,0.5138176083564758,0.4826869964599609,0.0032523192930966
3232,8.985114982351661e-05,0.0687876418232917,0.516279935836792,0.4148425757884979
3233,0.0001887528051156,0.7112742066383362,0.2873807549476623,0.0011562511790543
3234,0.000170977844391,0.4095376133918762,0.5685866475105286,0.0217046979814767
3235,0.0002072308270726,0.7222186923027039,0.2741233110427856,0.0034507033415138
3236,9.498369763605297e-05,0.8192996978759766,0.1799762547016143,0.000629125162959
3237,7.950123836053535e-05,0.9227812886238098,0.0769393369555473,0.0001998660736717
3238,0.0002760051575023,0.7974461317062378,0.2016259580850601,0.0006518370355479
3239,9.4189090305008e-05,0.7874494194984436,0.2119391411542892,0.0005171998636797
3240,8.364045061171055e-05,0.6777456402778625,0.320144385099411,0.0020264226477593
3241,8.304916264023632e-05,0.5000971555709839,0.4923439025878906,0.0074758473783731
3242,2.559182939876337e-05,0.9739819765090942,0.0259557403624057,3.665860276669264e-05
3243,9.165282244794072e-05,0.1331534683704376,0.766245424747467,0.1005095243453979
3244,4.857836393057369e-05,0.3584083020687103,0.638931930065155,0.0026111686602234
3245,0.0008513170760124,0.4479377567768097,0.5155732035636902,0.0356377102434635
3246,0.0022766364272683,0.3710916936397552,0.5152097344398499,0.1114219278097152
3247,7.077845657477155e-05,0.6918017268180847,0.3069851696491241,0.0011423064861446
3248,0.0002658081357367,0.744356095790863,0.2532544136047363,0.0021236673928797
3249,0.0001347464421996,0.8371594548225403,0.1622907519340515,0.0004150482418481
3250,9.672867599874736e-05,0.4753991067409515,0.5221237540245056,0.0023804265074431
3251,0.0009736088686622,0.8315192461013794,0.1663143038749694,0.0011928905732929
3252,0.0003307587467133,0.2165906131267547,0.6671460866928101,0.1159325912594795
3253,0.0001569977030158,0.394098550081253,0.5916119813919067,0.0141324838623404
3254,0.0002273791615152,0.5888895392417908,0.4047374725341797,0.0061456141993403
3255,0.0001431564596714,0.6406176686286926,0.3537826538085937,0.0054565016180276
3256,0.0004231475759297,0.6052191853523254,0.3907589018344879,0.0035987647715955
3257,0.0001171631520264,0.9795194864273072,0.0203292779624462,3.409642158658244e-05
3258,0.0004447853134479,0.9401941895484924,0.0591727681457996,0.0001883339573396
3259,0.0001790729729691,0.908039689064026,0.0913239568471908,0.0004572788602672
3260,0.0003732939076144,0.5772992968559265,0.4158131182193756,0.0065142093226313
3261,1.872748543974012e-05,0.9590919017791748,0.0408430621027946,4.635097138816491e-05
3262,2.5760833523236212e-05,0.8517985343933105,0.1480203717947006,0.0001553577021695
3263,4.314528632676229e-05,0.9653038382530212,0.0346160680055618,3.690411904244684e-05
3264,0.0015117556322366,0.5640521049499512,0.4191679358482361,0.0152681916952133
3265,0.0027138732839375,0.4564032554626465,0.4708910584449768,0.0699917078018188
3266,7.599523814860731e-05,0.5875964164733887,0.4102084040641784,0.0021192035637795
3267,0.0001516549818916,0.7570866346359253,0.2419794350862503,0.0007822958286851
3268,0.0001014843801385,0.4200083613395691,0.5740833878517151,0.0058067711070179
3269,0.0003151601995341,0.9394792914390564,0.0600589029490947,0.0001465631066821
3270,6.945934728719294e-05,0.8854636549949646,0.1143468543887138,0.0001200149927171
3271,0.001521355821751,0.2558527290821075,0.5168367028236389,0.2257892340421676
3272,0.0018697358900681,0.3144412338733673,0.5605521202087402,0.1231369599699974
3273,0.0001929977734107,0.0697940215468406,0.3079456686973572,0.6220673322677612
3274,0.0003313533088658,0.9279056191444396,0.0715523958206176,0.0002106209867633
3275,5.069371763966046e-05,0.7795147895812988,0.219872236251831,0.0005623092292807
3276,0.0001394889841321,0.9082143306732178,0.0913415178656578,0.0003046719648409
3277,0.0003682991664391,0.3976273238658905,0.5607444643974304,0.041259866207838
3278,0.0012272468302398,0.5879537463188171,0.3978294432163238,0.0129895899444818
3279,0.0007487082621082,0.3878404498100281,0.5301150679588318,0.0812957808375358
3280,0.0007513221935369,0.8500789403915405,0.1477215588092804,0.0014482114929705
3281,0.0001712118682917,0.1310752481222152,0.7904849648475647,0.0782686099410057
3282,0.0021609507966786,0.8994632959365845,0.0978121012449264,0.0005637176218442
3283,6.287195719778538e-05,0.7768288254737854,0.2225651890039444,0.0005431309109553
3284,0.0001248824555659,0.1677949428558349,0.775875985622406,0.0562042668461799
3285,0.0025674132630228,0.794151246547699,0.2007928937673568,0.0024884224403649
3286,0.0007219575927592,0.5032495260238647,0.4877661466598511,0.0082623669877648
3287,1.643064751988277e-05,0.7661615610122681,0.2336660623550415,0.0001558896474307
3288,7.157252548495308e-05,0.8307517766952515,0.1687774658203125,0.0003991995181422
3289,7.532502058893442e-05,0.4129935503005981,0.5824142694473267,0.0045168148353695
3290,0.0001614486827747,0.9132933020591736,0.0862872675061225,0.000257994281128
3291,0.0001211015478475,0.9812960028648376,0.0185435898602008,3.931591345462948e-05
3292,3.298778756288812e-05,0.9625943899154664,0.0373238362371921,4.8752790462458506e-05
3293,5.455374048324302e-05,0.8004555702209473,0.1992491632699966,0.0002407023857813
3294,0.0001046700708684,0.9170691967010498,0.0826762914657592,0.0001499329518992
3295,0.0013712040381506,0.5036790370941162,0.4731626808643341,0.0217870194464921
3296,3.790202390518971e-05,0.9313398599624634,0.0685284733772277,9.380841220263392e-05
3297,0.0001419589971192,0.9388521313667296,0.0609639696776866,4.196299778413959e-05
3298,0.0004612527263816,0.6394227743148804,0.3531227707862854,0.0069932178594172
3299,0.000633901101537,0.7285182476043701,0.2680069208145141,0.0028409475926309
3300,0.0001541219389764,0.9280760884284972,0.0715655460953712,0.0002041783591266
3301,8.28062547952868e-05,0.9171291589736938,0.0826817005872726,0.0001063253366737
3302,0.0002333582233404,0.2258383333683014,0.7177127599716187,0.0562156066298484
3303,0.0001702367444522,0.9630061388015748,0.0367609001696109,6.26266046310775e-05
3304,3.3446867746533826e-05,0.8886495232582092,0.1112275421619415,8.950845949584618e-05
3305,0.0004865288210567,0.7885264158248901,0.208938717842102,0.0020483627449721
3306,0.0009182868525385,0.3943561613559723,0.5561313629150391,0.0485942140221595
3307,0.0001064974276232,0.499441534280777,0.499441534280777,0.0010104194516316
3308,0.0002653980627655,0.2528636753559112,0.7316852807998657,0.0151856429874897
3309,0.0003129683318547,0.9476372599601746,0.0518171824514865,0.0002325783425476
3310,8.17940745037049e-05,0.7510328888893127,0.2476643770933151,0.0012208831030875
3311,5.105716991238296e-05,0.3429864048957824,0.6508737802505493,0.006088737398386
3312,0.0001260990538867,0.901727557182312,0.098058320581913,8.803132368484512e-05
3313,6.932408723514527e-05,0.8837394118309021,0.1159213781356811,0.0002699313045013
3314,9.840478014666588e-05,0.932234227657318,0.0675308257341384,0.0001366215001326
3315,0.0001559935190016,0.226627841591835,0.7202218174934387,0.0529942959547042
3316,0.0001732069067656,0.2720828652381897,0.684016227722168,0.0437276922166347
3317,7.438081229338422e-05,0.2891853153705597,0.7046440243721008,0.0060963653959333
3318,2.513378240109887e-05,0.1662233918905258,0.8310646414756775,0.0026867508422583
3319,0.0001830142282415,0.8717987537384033,0.1275723427534103,0.0004459420160856
3320,6.712707545375451e-05,0.2001029998064041,0.7551807761192322,0.0446490123867988
3321,2.9009024729020894e-05,0.1093142479658126,0.8598232269287109,0.030833501368761
3322,5.567385960603133e-05,0.0796291679143905,0.7322561740875244,0.1880589425563812
3323,4.85037817270495e-05,0.9727591276168824,0.0271672327071428,2.5163431928376667e-05
3324,0.0002358138735871,0.9168212413787842,0.0826539397239685,0.0002889251918531
3325,0.0001692016812739,0.5539564490318298,0.4382156431674957,0.0076586529612541
3326,7.419378380291164e-05,0.9758414030075072,0.0240509640425443,3.344176002428867e-05
3327,0.0037540453486144,0.8903226852416992,0.104685328900814,0.001237952732481
3328,4.538723806035705e-05,0.8287973999977112,0.1710319966077804,0.0001253181835636
3329,0.0001688199990894,0.8971317410469055,0.1022404804825782,0.0004589003219734
3330,0.0003620243514887,0.6859681010246277,0.3091900646686554,0.0044798119924962
3331,0.0001011302883853,0.7819410562515259,0.2171371728181839,0.0008207015926018
3332,0.0001191716291941,0.8259708881378174,0.1731328964233398,0.00077709677862
3333,5.365612378227525e-05,0.6036323308944702,0.3958717584609985,0.0004422921338118
3334,6.087316796765663e-05,0.3184728324413299,0.6742069721221924,0.007259327918291
3335,8.665677160024643e-05,0.873885989189148,0.1258952170610427,0.0001321357995038
3336,5.766605681856163e-05,0.8594464063644409,0.1403007805347442,0.0001950817531906
3337,3.012073466379661e-05,0.7517911791801453,0.2479144483804702,0.000264301081188
3338,0.0001420745975337,0.4651439785957336,0.5270771980285645,0.0076367491856217
3339,3.596001988626085e-05,0.8975353837013245,0.1022864803671836,0.0001422246423317
3340,0.0002855717611964,0.6526970267295837,0.3439472019672394,0.0030701858922839
3341,9.434029925614595e-05,0.6538665294647217,0.3445634543895721,0.0014757307944819
3342,0.0001176257501356,0.9238065481185912,0.0758306607604026,0.0002451531181577
3343,0.0001150570533354,0.8100110292434692,0.1894116997718811,0.0004622256092261
3344,0.0007065886165946,0.298738420009613,0.6226243376731873,0.0779305845499038
3345,4.468652696232312e-05,0.868629515171051,0.1311434358358383,0.0001823489146772
3346,4.7266883484553546e-05,0.8497393131256104,0.149987906217575,0.0002254976861877
3347,5.4571788496105e-05,0.9361369609832764,0.0637049153447151,0.0001035590612445
3348,0.0001327299542026,0.9056803584098816,0.093978077173233,0.0002088135370286
3349,2.5162449674098752e-05,0.6685408353805542,0.3309517204761505,0.0004822572809644
3350,4.374332638690248e-05,0.8772866725921631,0.1224966645240783,0.0001730082149151
3351,0.0005870585446245,0.9221835732460022,0.0768895000219345,0.0003397634427528
3352,0.0001164511340903,0.418725848197937,0.5723304152488708,0.008827231824398
3353,0.0006791202467866,0.9414469003677368,0.0574286244809627,0.0004453779256436
3354,0.0013044209918007,0.9381259679794312,0.0599723868072032,0.0005972073995508
3355,0.0002618203870952,0.3304741978645324,0.6572264432907104,0.0120375221595168
3356,0.0003129998221993,0.1149730086326599,0.6215381622314453,0.2631758451461792
3357,0.0005611822125501,0.7423273324966431,0.2565414905548095,0.0005700195324607
3358,0.0002671173133421,0.9756048917770386,0.0240451358258724,8.274908032035455e-05
3359,0.0004226843593642,0.2992772758007049,0.6536816954612732,0.0466184094548225
3360,4.174543937551789e-05,0.8242384791374207,0.1754904836416244,0.0002292275457875
3361,0.0015012671938166,0.3971978724002838,0.5180436372756958,0.0832571908831596
3362,0.0144500834867358,0.7767163515090942,0.2026185691356659,0.0062149036675691
3363,0.0001440353807993,0.2484965026378631,0.7418735027313232,0.009485874325037
3364,0.0006292503676377,0.2384772598743438,0.5995317697525024,0.1613617837429046
3365,9.562580089550464e-05,0.9795197248458862,0.0203292835503816,5.534396768780425e-05
3366,0.0009992574341595,0.8805151581764221,0.117317296564579,0.0011682502226904
3367,7.492617442039773e-05,0.925767421722412,0.0736536011099815,0.0005040891701355
3368,7.778482540743425e-05,0.9461878538131714,0.0533802695572376,0.0003540971956681
3369,0.0001360025635221,0.7456777691841125,0.2537041008472442,0.0004821709881071
3370,0.0001222872087964,0.6104779243469238,0.3880433440208435,0.001356444787234
3371,0.0001017949180095,0.2021388709545135,0.6732252240180969,0.1245341524481773
3372,0.0001972012105397,0.3678662180900574,0.6065088510513306,0.025427833199501
3373,0.0007574581541121,0.3744049668312073,0.5708994269371033,0.0539381504058837
3374,0.0009757273946888,0.1541502624750137,0.5133988261222839,0.3314751982688904
3375,0.0002509540936443,0.8216091394424438,0.1776854395866394,0.0004544191760942
3376,0.0001279892312595,0.7951778769493103,0.2042185664176941,0.0004755376721732
3377,0.0002177456044591,0.6802409887313843,0.3163414597511291,0.003199748462066
3378,0.0002465340076014,0.0891543999314308,0.3812650144100189,0.5293340682983398
3379,0.0001686990144662,0.9249464869499208,0.0747471377253532,0.000137688126415
3380,0.0012849075719714,0.7310170531272888,0.264756828546524,0.0029411825817078
3381,0.0001974116457859,0.6167173385620117,0.3799485564231872,0.0031366669572889
3382,6.442488665925339e-05,0.3760115206241607,0.6199381947517395,0.003985826857388
3383,0.0005691035767085,0.2406111806631088,0.6854374408721924,0.0733822584152221
3384,0.0001103205722756,0.2947891056537628,0.6961987614631653,0.0089018587023019
3385,2.9189106498961337e-05,0.2765220105648041,0.717243492603302,0.0062053720466792
3386,0.0004851929552387,0.9338272213935852,0.0655649527907371,0.0001226760068675
3387,0.0001057553890859,0.1853273063898086,0.7562510967254639,0.0583158247172832
3388,0.0001479899365222,0.8371590375900269,0.1622906774282455,0.0004022783832624
3389,0.000367913278751,0.9678643345832824,0.0316018909215927,0.0001658314868109
3390,5.244982457952574e-05,0.8720543384552002,0.1276097297668457,0.0002835410705301
3391,3.179485065629706e-05,0.5540052056312561,0.4451556801795959,0.00080728699686
3392,8.337956387549639e-05,0.1818437725305557,0.7192060351371765,0.0988667458295822
3393,0.000412481080275,0.7005985975265503,0.2966521084308624,0.0023368643596768
3394,4.1636991227278486e-05,0.9171156883239746,0.0826804861426353,0.0001621243864065
3395,4.971230737282895e-05,0.718109667301178,0.2812157869338989,0.0006248443387448
3396,0.0001017429240164,0.7624744176864624,0.2362035512924194,0.0012202662182971
3397,0.001534448354505,0.9587888717651368,0.0395739451050758,0.0001028016340569
3398,0.000368578126654,0.7791062593460083,0.219757005572319,0.0007681828574277
3399,0.0003208418493159,0.3254041969776153,0.6471434831619263,0.0271314363926649
3400,0.0002503769646864,0.8590587973594666,0.140237495303154,0.000453374144854
3401,0.1750726252794265,0.4758966863155365,0.3322294056415558,0.0168012082576751
3402,0.0009663095115683,0.4702332615852356,0.5005607008934021,0.0282397046685218
3403,0.0001401514891767,0.6572691798210144,0.3409867584705353,0.0016039488837122
3404,0.0005706889205612,0.2450810670852661,0.6873468160629272,0.0670014321804046
3405,0.0005788289709016,0.6757017374038696,0.3142305016517639,0.00948893930763
3406,3.2483512768521905e-05,0.1547370702028274,0.8365007042884827,0.0087296683341264
3407,0.0005960129783488,0.5011383295059204,0.4857199192047119,0.0125457532703876
3408,0.0002722013450693,0.9339395761489868,0.0655728504061698,0.0002153289824491
3409,0.0001802140322979,0.8719786405563354,0.1275986582040786,0.0002425044804112
3410,0.0002310786658199,0.2534085512161255,0.6781564354896545,0.0682039856910705
3411,0.0003635358007159,0.8984063863754272,0.1007983982563018,0.0004317094571888
3412,0.0004912305739708,0.9021523594856262,0.0965835452079773,0.0007728142663836
3413,0.0003799807454925,0.655560314655304,0.3401001989841461,0.0039594899863004
3414,0.000729049264919,0.4020136296749115,0.5849263668060303,0.0123309334740042
3415,0.0011090750340372,0.60208660364151,0.3887363374233246,0.0080679655075073
3416,0.0010578939691185,0.6714268922805786,0.3171596229076385,0.0103556280955672
3417,0.0007211600313894,0.8159521818161011,0.1792409121990203,0.0040856497362256
3418,0.0006285987910814,0.3011513352394104,0.5989109873771667,0.0993091687560081
3419,9.173520084004848e-05,0.410510241985321,0.5880287885665894,0.0013692673528566
3420,0.0006682962412014,0.8979381322860718,0.1007458642125129,0.000647734850645
3421,0.0001466500543756,0.6164911389350891,0.37980917096138,0.003553006099537
3422,0.0001538489159429,0.804898202419281,0.1941907405853271,0.0007572710164822
3423,3.292905239504762e-05,0.8613276481628418,0.1384279578924179,0.000211395410588
3424,0.0002405330596957,0.6132988333702087,0.3837926089763641,0.0026680617593228
3425,4.346980495029129e-05,0.7574338316917419,0.2420904040336609,0.0004322229069657
3426,0.0002745151577983,0.2574952840805053,0.6890930533409119,0.0531371496617794
3427,0.000149264364154,0.8988252878189087,0.1008453965187072,0.0001800471945898
3428,0.0001997818908421,0.966659128665924,0.0330772548913955,6.385412416420877e-05
3429,0.000138481540489,0.9158539175987244,0.0838669687509536,0.0001406623196089
3430,0.0003567792009562,0.8817087411880493,0.1174763292074203,0.0004581135581247
3431,0.005483838263899,0.8938655257225037,0.1002889275550842,0.0003616983594838
3432,0.0001591846375958,0.3812897503376007,0.6092992424964905,0.0092517202720046
3433,0.0002506054588593,0.6290744543075562,0.3698137700557709,0.0008611381636001
3434,0.0002089561021421,0.8647962212562561,0.1347092688083648,0.0002856091014109
3435,0.0004501209768932,0.85289466381073,0.145913079380989,0.0007421239861287
3436,4.915774843539111e-05,0.9705900549888612,0.0293092802166938,5.15168794663623e-05
3437,0.0007050355197861,0.302775889635086,0.6310391426086426,0.0654798820614814
3438,0.0001418748288415,0.1966774463653564,0.7422528862953186,0.060927826911211
3439,0.000299732433632,0.8660000562667847,0.1328054070472717,0.0008948357426561
3440,2.675312862265855e-05,0.1741899102926254,0.8181299567222595,0.0076533704996109
3441,0.0001268884079763,0.2056504189968109,0.7405756115913391,0.053647119551897
3442,0.000165092642419,0.948613464832306,0.0510663837194442,0.000155090165208
3443,3.926418139599264e-05,0.9206293225288392,0.0791965276002883,0.0001349207741441
3444,0.000745671452023,0.6885960102081299,0.3055626153945923,0.0050957389175891
3445,0.0001574982452439,0.97851300239563,0.0212830081582069,4.655639713746496e-05
3446,7.401425682473928e-05,0.9003220200538635,0.0994472578167915,0.0001566881983308
3447,0.0004846300580538,0.9327437877655028,0.0665201917290687,0.0002514227526262
3448,6.882884190417826e-05,0.7743257284164429,0.2253416180610656,0.0002638479054439
3449,6.271672464208677e-05,0.979578971862793,0.0203305128961801,2.7830379622173496e-05
3450,7.256562093971297e-05,0.9544268250465392,0.0453420989215374,0.0001584978890605
3451,0.0001056929613696,0.9260312914848328,0.0736745968461036,0.0001884180674096
3452,0.0002240512112621,0.7450820803642273,0.2535014152526855,0.0011924314312636
3453,8.433541370322928e-05,0.9487748742103576,0.0510750710964202,6.56804841128178e-05
3454,0.0002618313010316,0.9562985897064208,0.0433505848050117,8.908361633075401e-05
3455,3.736373400897719e-05,0.8102317452430725,0.1894633024930954,0.000267588533461
3456,0.0002022363914875,0.9192490577697754,0.0803230851888656,0.0002256110310554
3457,0.0001276358816539,0.2418460398912429,0.6782739758491516,0.0797523558139801
3458,0.0005432192119769,0.764909565448761,0.2332842200994491,0.0012630225392058
3459,7.290791108971462e-05,0.9440620541572572,0.0558163523674011,4.8567144403932616e-05
3460,0.0004035616293549,0.5255519151687622,0.4637978971004486,0.0102466307580471
3461,0.0001209093097713,0.3082883358001709,0.6733636260032654,0.0182271189987659
3462,6.111912080086768e-05,0.9696589708328248,0.0302106495946645,6.925703928573057e-05
3463,0.0010742776794359,0.7257992625236511,0.2712113857269287,0.0019151070155203
3464,0.0001232056383742,0.7419074177742004,0.2563963532447815,0.0015729841543361
3465,0.000451950734714,0.7211289405822754,0.2737096846103668,0.0047094346955418
3466,4.8530593630857766e-05,0.8195981383323669,0.1800418049097061,0.0003115529834758
3467,4.733677633339539e-05,0.4019820094108581,0.5940908789634705,0.0038797946181148
3468,0.0004265449242666,0.4193003177642822,0.5554826855659485,0.024790545925498
3469,0.0005919710965827,0.3264257907867431,0.6391106247901917,0.0338716208934783
3470,7.694379746681079e-05,0.6741448640823364,0.3234582245349884,0.002320006256923
3471,0.0001227515022037,0.7508131265640259,0.2475918978452682,0.0014722353080287
3472,3.0842082196613774e-05,0.9431731104850768,0.0566419474780559,0.0001542007084935
3473,5.094537846161984e-05,0.7022213935852051,0.2973392605781555,0.0003883876488544
3474,0.0003967711818404,0.4489243924617767,0.5415061712265015,0.0091726798564195
3475,0.0003547353262547,0.6827417016029358,0.3125819563865661,0.004321560729295
3476,0.0001441093627363,0.9530737400054932,0.0467150919139385,6.70170848025009e-05
3477,0.0001481201470596,0.9494600892066956,0.0503195412456989,7.218799873953685e-05
3478,7.930705032777041e-05,0.96470445394516,0.0351393595337867,7.686702883802354e-05
3479,0.0001009290062938,0.6674984693527222,0.3304356932640075,0.0019648424349725
3480,0.0028165066614747,0.8712007403373718,0.1255083680152893,0.0004743771278299
3481,5.0967748393304646e-05,0.9602442979812622,0.0396340191364288,7.07617073203437e-05
3482,0.0001367245859,0.8494493365287781,0.1499367207288742,0.0004772157408297
3483,0.0002864895504899,0.2408855408430099,0.6755801439285278,0.0832478106021881
3484,0.0007755201077088,0.9487578868865968,0.0502823255956172,0.0001842021738411
3485,5.438198786578141e-05,0.6615117788314819,0.3378671705722809,0.0005666733486577
3486,0.0002544171875342,0.8073199391365051,0.1917552947998047,0.0006702999817207
3487,0.0001742485037539,0.8171740770339966,0.1823361814022064,0.000315523269819
3488,5.781057916465216e-05,0.9171687364578248,0.0826852694153785,8.815060573397204e-05
3489,1.8305510820937343e-05,0.8806821703910828,0.1191873699426651,0.0001121348395827
3490,0.0002015505451709,0.5914989709854126,0.4065309166908264,0.0017685500206425
3491,0.0003265439299866,0.4057791829109192,0.581251859664917,0.0126424357295036
3492,6.446811312343925e-05,0.8612762689590454,0.1384197026491165,0.0002395280753262
3493,6.136280717328191e-05,0.9735251069068908,0.0263521187007427,6.136280717328191e-05
3494,6.755158392479643e-05,0.8884791731834412,0.1112062186002731,0.0002470934123266
3495,8.777782204560935e-05,0.9422810673713684,0.0574795082211494,0.0001516664779046
3496,0.0001021941279759,0.7083008885383606,0.2906861007213592,0.0009108464582823
3497,4.898494808003306e-05,0.5958611965179443,0.4031798839569092,0.000909948546905
3498,0.0002195076085627,0.8943807482719421,0.1051624789834022,0.0002373442985117
3499,0.0001331890380242,0.14156574010849,0.718930184841156,0.1393709629774093
3500,0.000189950922504,0.1454213410615921,0.7619533538818359,0.0924354270100593
3501,0.0004537006607279,0.3262968063354492,0.6388580799102783,0.0343914292752742
3502,0.0001349389494862,0.8515576720237732,0.1479785293340683,0.000328799302224
3503,0.000178293135832,0.5929136276245117,0.4011854529380798,0.0057226032949984
3504,0.0004929178394377,0.8773993253707886,0.1206130236387252,0.0014947550371289
3505,6.696976925013587e-05,0.8537266850471497,0.1460554152727127,0.0001509186986368
3506,0.0001812133705243,0.9629917740821838,0.0367603525519371,6.666467379545793e-05
3507,0.0001760160957928,0.9501028060913086,0.0495729446411132,0.0001482204243075
3508,0.0001151392716565,0.6215007901191711,0.3769592940807342,0.0014247725484892
3509,0.0005757272592745,0.2114796340465545,0.6514031291007996,0.1365415155887603
3510,0.0031916825100779,0.2381851226091385,0.4887241423130035,0.2698991000652313
3511,9.033676178660244e-05,0.9109966158866882,0.0888024419546127,0.0001106829076888
3512,0.00028796683182,0.1358213126659393,0.5718290209770203,0.2920617163181305
3513,0.0002655913413036,0.182263508439064,0.5976190567016602,0.2198517918586731
3514,0.0003400073910597,0.9521400332450868,0.047404259443283,0.0001156816942966
3515,7.008012471487746e-05,0.8262389302253723,0.1731890887022018,0.0005018941592425
3516,0.0001772033137967,0.9270824193954468,0.0726147070527076,0.0001256559771718
3517,0.000155303205247,0.3083927631378174,0.6841992139816284,0.0072527024894952
3518,0.0004532435268629,0.5902518033981323,0.4056737422943115,0.0036211772821843
3519,0.000142411357956,0.8987137079238892,0.1008328795433044,0.0003110549878329
3520,0.0001311300729867,0.0858678519725799,0.4570004940032959,0.4570004940032959
3521,3.319926327094436e-05,0.8286289572715759,0.1709972470998764,0.0003405809111427
3522,0.0001012436405289,0.8076668381690979,0.1918376982212066,0.0003942183684557
3523,0.0005874733324162,0.8402509093284607,0.1578784734010696,0.0012831597123295
3524,0.0002998364216182,0.9664279222488404,0.0330693461000919,0.0002028794697253
3525,0.0002526749449316,0.894463062286377,0.1051721572875976,0.0001121238237828
3526,5.9960188082186505e-05,0.718058168888092,0.2811956107616424,0.0006862080772407
3527,8.291392441606149e-05,0.5837208032608032,0.4139200150966644,0.0022762918379157
3528,0.0002461193944327,0.3927061557769775,0.5895217061042786,0.0175260193645954
3529,0.0001268242922378,0.4283957183361053,0.5675321221351624,0.0039453883655369
3530,0.0001793954870663,0.9385513663291932,0.0609444417059421,0.0003248432767577
3531,0.0005412861937656,0.7503710985183716,0.2474461495876312,0.0016414301935583
3532,0.0011227215873077,0.3874185979366302,0.5815841555595398,0.029874512925744
3533,5.772149233962409e-05,0.9448246955871582,0.0549953877925872,0.0001221964193973
3534,7.902437209850177e-05,0.90302574634552,0.0966770499944686,0.0002181932941311
3535,0.0001938889181474,0.9529192447662354,0.0467075183987617,0.0001793179399101
3536,0.0001878891926025,0.8022916316986084,0.1966100186109542,0.000910484988708
3537,0.0012390264309942,0.6519389748573303,0.3382214605808258,0.0086005479097366
3538,0.0001871638378361,0.1455440819263458,0.739133894443512,0.1151348575949668
3539,0.0001891517022158,0.0285146813839674,0.0979830101132392,0.8733130693435669
3540,0.0001404549984727,0.8070469498634338,0.1916904598474502,0.0011221616296097
3541,0.000120451200928,0.5143296718597412,0.4831680357456207,0.0023818190675228
3542,0.000123779696878,0.745364248752594,0.2535974383354187,0.0009146150550805
3543,0.0001836322480812,0.960716962814331,0.0390387549996376,6.0555492382263765e-05
3544,0.0004029121191706,0.1480001509189605,0.6428833603858948,0.2087136656045913
3545,4.211624036543071e-05,0.942280650138855,0.0574794821441173,0.0001978102809516
3546,0.00016790049267,0.9350651502609252,0.0646340399980545,0.0001328202197328
3547,0.0001267663610633,0.8515775203704834,0.147981971502304,0.0003137497697025
3548,0.0001855658338172,0.3461611568927765,0.6075317859649658,0.0461215116083622
3549,0.0002666493237484,0.6693480610847473,0.3262141942977905,0.004171097651124
3550,0.0011894047493115,0.3297889828681946,0.5107871890068054,0.1582344770431518
3551,0.0002165484911529,0.2820076644420624,0.6979756951332092,0.0198000464588403
3552,0.0001132078687078,0.9764957427978516,0.0233266241848468,6.45038962829858e-05
3553,0.0046111433766782,0.9066222906112672,0.0883760377764701,0.0003905207850039
3554,0.0002310742129338,0.4660806059837341,0.5118893980979919,0.0217988807708024
3555,0.0001802326150937,0.4454090893268585,0.5457265973091125,0.0086840949952602
3556,0.0001677230029599,0.934076726436615,0.0655824765563011,0.0001730471121845
3557,0.0002730262349359,0.8663703799247742,0.1328622102737426,0.0004943865933455
3558,0.0002759367635007,0.9616652727127076,0.0378750041127204,0.0001838134921854
3559,0.0002638640871737,0.9340722560882568,0.065582163631916,8.174128015525639e-05
3560,0.0001783755142241,0.933215081691742,0.0665538012981414,5.272770431474783e-05
3561,0.0002926834858953,0.9143481850624084,0.0850476250052452,0.0003115599101874
3562,0.0003355813678354,0.7205279469490051,0.2777882516384125,0.0013481512432917
3563,2.0248517103027552e-05,0.4530268013477325,0.5464546084403992,0.0004983021062798
3564,4.0839866414899006e-05,0.4249210357666015,0.571793794631958,0.0032443122472614
3565,6.696976925013587e-05,0.8537266850471497,0.1460554152727127,0.0001509186986368
3566,0.0002236355066997,0.9699671864509584,0.0297517292201519,5.743434667238034e-05
3567,0.0004640320257749,0.8656219244003296,0.1327474266290664,0.0011665764031931
3568,0.0003567917447071,0.9684016704559326,0.0311292223632335,0.0001122695030062
3569,5.409149525803514e-05,0.9135121703147888,0.0863079503178596,0.000125766498968
3570,0.0005214504781179,0.8856829404830933,0.1126019433140754,0.0011936121154576
3571,8.136342330544721e-06,0.9688264727592468,0.0311428774148225,2.2465163056040183e-05
3572,3.849804488709197e-05,0.960882604122162,0.0390454828739166,3.3447682653786615e-05
3573,6.351187766995281e-05,0.322054773569107,0.6608134508132935,0.0170682780444622
3574,0.0001509554567746,0.1734873205423355,0.7654619812965393,0.0608997792005538
3575,4.786069985129871e-05,0.9017068147659302,0.0980560630559921,0.0001892927393782
3576,4.0702292608330026e-05,0.0198068749159574,0.1509998887777328,0.829152524471283
3577,0.0002530255296733,0.2953718602657318,0.6656307578086853,0.0387443527579307
3578,9.623015648685396e-05,0.1376360058784485,0.7676719427108765,0.0945957452058792
3579,7.885522791184485e-05,0.4323490858078003,0.5638895034790039,0.0036825605202466
3580,1.3032352399022784e-05,0.9711001515388488,0.0288700480014085,1.6733873053453863e-05
3581,0.0015289019793272,0.8835296034812927,0.1140970885753631,0.0008443398983217
3582,0.0266343131661415,0.7906262874603271,0.1736775487661361,0.0090618701651692
3583,0.000317882571835,0.7855835556983948,0.2114369422197342,0.002661598380655
3584,0.0004232446663081,0.2904539704322815,0.654548168182373,0.0545746870338916
3585,0.0001555240305606,0.7180542349815369,0.2811940610408783,0.0005961845745332
3586,3.479866427369416e-05,0.8961194157600403,0.1037333533167839,0.0001123314577853
3587,0.0002448185987304,0.74128657579422,0.2561818063259125,0.0022867631632834
3588,0.001121068955399,0.8855046629905701,0.1125792786478996,0.000794956984464
3589,0.0001665301097091,0.296425461769104,0.6680050492286682,0.0354029722511768
3590,0.0005743700894527,0.3118098676204681,0.6010292768478394,0.0865864753723144
3591,5.019520904170349e-05,0.4755225479602813,0.5222593545913696,0.0021679657511413
3592,6.584434595424682e-05,0.8393797874450684,0.1601984351873397,0.0003559511678759
3593,0.0001430122356396,0.3942755162715912,0.5918776392936707,0.0137038240209221
3594,0.0001241339341504,0.0812865644693374,0.5057820081710815,0.4128072559833526
3595,0.0001629272737773,0.9509140253067015,0.0488460585474967,7.696139073232189e-05
3596,4.697590702562593e-05,0.1974784880876541,0.7570123672485352,0.0454621277749538
3597,7.280650606844574e-05,0.9281330108642578,0.0715699344873428,0.0002242598275188
3598,0.0001614501234143,0.9722042679786682,0.0275793131440877,5.493063508765772e-05
3599,0.0001223211729666,0.8884868621826172,0.1112071797251701,0.0001836258306866
3600,0.0061945542693138,0.9051001071929932,0.0882276594638824,0.0004776727291755
3601,0.0001933920138981,0.1327163279056549,0.6739891767501831,0.1931011378765106
3602,0.0018948771758005,0.9221003651618958,0.0756906047463417,0.0003142014320474
3603,0.0016598724760115,0.8598352074623108,0.1381880939006805,0.000316792196827
3604,0.0004942219820804,0.9364577531814576,0.062738761305809,0.0003092761617153
3605,0.0001035991954267,0.61417156457901,0.3843387365341186,0.0013861419865861
3606,0.0001011222775559,0.819402277469635,0.1799988001585006,0.0004977412754669
3607,1.8618398826220076e-05,0.9098410606384276,0.0900864675641059,5.3874118748353794e-05
3608,5.796165351057425e-05,0.8372740149497986,0.1623129546642303,0.0003550581750459
3609,4.8035813961178064e-05,0.727192759513855,0.2717321217060089,0.001027051010169
3610,4.669716872740537e-05,0.5952927470207214,0.4027952253818512,0.001865311875008
3611,2.862540168280248e-05,0.5227164626121521,0.4759387671947479,0.0013160888338461
3612,3.429058415349573e-05,0.9110661745071412,0.0888092219829559,9.034365939442068e-05
3613,0.0002906977897509,0.7297149896621704,0.2684471607208252,0.0015471337828785
3614,0.0010233825305476,0.8083446025848389,0.1890220046043396,0.0016100069042295
3615,0.0003271444002166,0.5138962864875793,0.4752763509750366,0.0105002224445343
3616,0.00028088997351,0.4624126553535461,0.5239821672439575,0.0133242113515734
3617,0.0007026154198683,0.9294140934944152,0.069463700056076,0.0004195508372504
3618,0.0001434011210221,0.7740530967712402,0.2252622991800308,0.0005411902093328
3619,0.0010382047621533,0.418841689825058,0.5462725162506104,0.0338475964963436
3620,0.0004302157321944,0.422908753156662,0.5602630972862244,0.0163979530334472
3621,3.3152056857943535e-05,0.8946875333786011,0.1051985472440719,8.078003156697378e-05
3622,2.71611352218315e-05,0.9710780382156372,0.0288693904876709,2.5515526431263424e-05
3623,0.0010625055292621,0.6236752271652222,0.3666397333145141,0.0086225401610136
3624,0.000374257506337,0.4234514236450195,0.5522847771644592,0.0238894950598478
3625,0.0002723756188061,0.6837223172187805,0.3130308985710144,0.0029744282364845
3626,0.0002122949954355,0.4022591114044189,0.5762096047401428,0.0213189553469419
3627,0.0002510591002646,0.9169546961784364,0.0826659724116325,0.000128228450194
3628,0.0003374216612428,0.7712041139602661,0.2279675006866455,0.0004909455892629
3629,0.0001659216941334,0.8956150412559509,0.1036749631166458,0.0005440362729132
3630,5.360511568142101e-05,0.9636847972869872,0.0362164825201034,4.514003376243636e-05
3631,0.0024258904159069,0.948563516139984,0.0487253181636333,0.0002852394245564
3632,0.0005408150609582,0.1499530375003814,0.6313258409500122,0.2181803733110427
3633,0.0003909851366188,0.951261818408966,0.0481063537299633,0.0002408789587207
3634,0.0001228730397997,0.1347466558218002,0.717140257358551,0.1479902416467666
3635,0.0002835577179212,0.2744201719760895,0.6686664819717407,0.0566297993063926
3636,5.621104355668649e-05,0.70546555519104,0.2940818071365356,0.000396326475311
3637,1.908900230773725e-05,0.6512262225151062,0.3485763072967529,0.0001783035404514
3638,0.0002108585031237,0.8327071666717529,0.1665519177913665,0.0005300982156768
3639,6.81014935253188e-05,0.8414435386657715,0.1581025570631027,0.0003858212439808
3640,0.0003517867007758,0.8969675898551941,0.10222177952528,0.0004588163574226
3641,3.957212175009772e-05,0.657943844795227,0.3413367569446563,0.0006798518006689
3642,8.99540027603507e-05,0.6533860564231873,0.3443102836608886,0.0022137062624096
3643,0.0006927188951522,0.7025691866874695,0.2928743958473205,0.003863675519824
3644,2.7677313482854515e-05,0.9590879678726196,0.0408428907394409,4.154856651439332e-05
3645,3.484313492663205e-05,0.9701743721961976,0.029758084565401,3.2732092222431675e-05
3646,0.000279040512396,0.7937167882919312,0.2038433402776718,0.0021607959643006
3647,0.0003955726861022,0.8361677527427673,0.1620984971523285,0.0013382051838561
3648,0.0002295734593644,0.1434473246335983,0.6632936596870422,0.193029448390007
3649,0.0001180646868306,0.7335181832313538,0.2656626999378204,0.0007009824039414
3650,0.000228114426136,0.5637394189834595,0.432233989238739,0.0037984461523592
3651,0.0003047247882932,0.3670153319835663,0.6243141293525696,0.0083658145740628
3652,0.0001087612690753,0.5515044927597046,0.443146288394928,0.0052404110319912
3653,2.558165579102933e-05,0.973594844341278,0.0263540055602788,2.558165579102933e-05
3654,0.0002796678745653,0.9156163930892944,0.0838452205061912,0.0002586505142971
3655,0.0001319346483796,0.9002535939216614,0.0994397029280662,0.0001747850183164
3656,0.0004703119047917,0.3278367519378662,0.6319218873977661,0.0397711098194122
3657,0.0007878559408709,0.1674918979406356,0.4771400094032287,0.3545803427696228
3658,0.0009007306653074,0.6181313991546631,0.3691031038761139,0.0118648009374737
3659,6.23557498329319e-05,0.9739408493041992,0.0259546432644128,4.219200855004601e-05
3660,0.0001236264506587,0.677821695804596,0.3201802968978882,0.0018743450054898
3661,0.0004886606475338,0.2453444302082061,0.6565756797790527,0.0975912660360336
3662,0.0002563402522355,0.6743507981300354,0.3235570192337036,0.0018358366796746
3663,0.0006664544926024,0.543126106262207,0.4502673745155334,0.0059400438331067
3664,0.0006629374111071,0.5318838953971863,0.4549444317817688,0.0125087108463048
3665,0.0008185759652405,0.4443825781345367,0.5114812254905701,0.0433176793158054
3666,4.624489520210773e-05,0.73367840051651,0.2657206952571869,0.0005546438042074
3667,0.0001180401886813,0.8573917150497437,0.1421694755554199,0.0003208665002603
3668,1.796119613572955e-05,0.9343334436416626,0.065600499510765,4.806665310752578e-05
3669,0.0001341043534921,0.5908061861991882,0.4060547947883606,0.0030048810876905
3670,0.940416693687439,0.0483068339526653,0.0066405721008777,0.0046358662657439
3671,0.0003387948090676,0.8504490256309509,0.147785872220993,0.0014263795455917
3672,0.0001121591340051,0.9826847910881042,0.0171742886304855,2.880484680645168e-05
3673,4.587549483403564e-05,0.9057838916778564,0.0939888209104538,0.0001814411079976
3674,0.0003830821078736,0.7607038021087646,0.2356550395488739,0.0032580180559307
3675,0.0004906185204163,0.6592062711715698,0.331469714641571,0.0088333692401647
3676,0.0011287234956398,0.3437233865261078,0.6032533645629883,0.0518944710493087
3677,0.0002733625296968,0.2334676533937454,0.7304556369781494,0.03580342233181
3678,0.0003268232103437,0.9010304808616638,0.0979825183749198,0.0006602010107599
3679,0.0001787288929335,0.1049112454056739,0.4927439987659454,0.402165949344635
3680,0.00034500574111,0.3667042553424835,0.6141141057014465,0.018836673349142
3681,5.56520426471252e-05,0.9697017073631288,0.0302119795233011,3.073397601838224e-05
3682,3.0203744245227423e-05,0.7900416254997253,0.2093401998281479,0.0005879935342818
3683,5.078296817373485e-05,0.6679282188415527,0.3306484520435333,0.0013725642347708
3684,0.0001375099818687,0.9237498044967652,0.0758260041475296,0.0002865954302251
3685,0.0001022406504489,0.0659122392535209,0.5605672001838684,0.3734183013439178
3686,8.931601041695103e-05,0.9738919734954834,0.0259533431380987,6.534498243127018e-05
3687,0.0082239862531423,0.8520796298980713,0.1369416564702987,0.0027546901255846
3688,0.0002041945408564,0.9427658319473268,0.0566174909472465,0.000412484339904
3689,0.0001993764162762,0.8513423204421997,0.1479410976171493,0.0005171430530026
3690,0.0007271009963005,0.726007342338562,0.2712891399860382,0.0019764653407037
3691,0.0002451375185046,0.2688259482383728,0.6972814202308655,0.0336475111544132
3692,0.0005069635808467,0.4196553528308868,0.5304940342903137,0.0493436306715011
3693,3.154932346660644e-05,0.0955282375216484,0.8922950625419617,0.0121450535953044
3694,7.770058437017724e-05,0.5138762593269348,0.4827421009540558,0.0033039129339158
3695,0.0006057118880562,0.3288244903087616,0.6048007607460022,0.0657690316438674
3696,0.0002274000435136,0.6570141315460205,0.3408544361591339,0.001903997384943
3697,0.0001893811277113,0.4328457117080688,0.5557848811149597,0.0111800534650683
3698,7.577727956231683e-05,0.9217677116394044,0.0780651122331619,9.140485053649172e-05
3699,2.5777921109693125e-05,0.9658543467521667,0.0340988300740718,2.103932638419792e-05
3700,4.442067802301608e-05,0.4550125002861023,0.5403406620025635,0.0046023861505091
3701,0.0001215408701682,0.1510325521230697,0.743408203125,0.1054377108812332
3702,6.680384103674442e-05,0.8516113758087158,0.1479878574609756,0.0003339981776662
3703,8.45827889861539e-05,0.866403341293335,0.1328672617673874,0.0006448262138292
3704,4.089137291884981e-05,0.9292834401130676,0.0705476775765419,0.0001279377902392
3705,8.439959492534399e-05,0.9494969248771667,0.0503214932978153,9.714333282317966e-05
3706,0.0002256966254208,0.1388385146856308,0.6320297718048096,0.2289060056209564
3707,0.0006942331674508,0.3173650503158569,0.6213705539703369,0.0605701729655265
3708,0.0001454467710573,0.8488902449607849,0.1498380303382873,0.0011262909974902
3709,0.0004007608513347,0.7133588194847107,0.2793553173542022,0.0068850992247462
3710,0.0001629243779461,0.9216411113739014,0.0780543908476829,0.0001415511505911
3711,0.0001528825523564,0.7513824105262756,0.2477796226739883,0.0006851720390841
3712,0.0004347907379269,0.6829929947853088,0.3126969933509826,0.0038752476684749
3713,0.0001766320347087,0.9386460185050964,0.0609505847096443,0.0002268000389449
3714,0.0002747614344116,0.445311039686203,0.5371476411819458,0.0172665826976299
3715,0.0005489168106578,0.1113514676690101,0.365107387304306,0.5229921936988831
3716,0.0003888165811076,0.8748937249183655,0.124086320400238,0.000631111615803
3717,0.0002465545258019,0.9437184929847716,0.0557960383594036,0.000238968845224
3718,0.0003121506306342,0.288257896900177,0.6102419495582581,0.1011880338191986
3719,9.170288103632628e-05,0.1175717115402221,0.6660891175270081,0.216247484087944
3720,0.0007315824623219,0.8277446031570435,0.1708147376775741,0.000709074025508
3721,6.370714982040226e-05,0.751102089881897,0.2476872056722641,0.0011470192112028
3722,0.0002883702691178,0.5816477537155151,0.4124500155448913,0.0056138685904443
3723,0.0010382101172581,0.4896780550479889,0.4820863008499145,0.0271974485367536
3724,4.01421457354445e-05,0.84369957447052,0.156068742275238,0.0001915074535645
3725,9.882407903205603e-05,0.92169189453125,0.0780586823821067,0.0001506887201685
3726,0.001781931030564,0.9087523221969604,0.0885836705565452,0.0008821196970529
3727,0.0001441428175894,0.7541183829307556,0.244826391339302,0.000911010778509
3728,0.0001390653196722,0.515913188457489,0.4771416783332824,0.0068060606718063
3729,6.342111009871587e-05,0.1044064611196518,0.8341526985168457,0.0613773874938488
3730,5.581004734267481e-05,0.1855962574481964,0.8061933517456055,0.0081545310094952
3731,5.066348239779472e-05,0.3298704624176025,0.6663566827774048,0.0037222378887236
3732,0.0012572297127917,0.8901684284210205,0.1079896837472915,0.0005846661515533
3733,0.0002132106747012,0.2231068015098571,0.6257184743881226,0.1509616076946258
3734,0.0003932853578589,0.2535421848297119,0.6082161068916321,0.1378484964370727
3735,0.0034338796976953,0.6646866202354431,0.3189201354980469,0.0129593275487422
3736,0.0002654379932209,0.9107341170310974,0.0887768566608429,0.0002235212159575
3737,3.220529106329195e-05,0.9545600414276124,0.0453484319150447,5.923459684709087e-05
3738,8.081737178144976e-05,0.5180447697639465,0.4791131019592285,0.0027612587437033
3739,0.0005505175795406,0.4775785207748413,0.4927385151386261,0.0291324779391288
3740,0.0001883419754449,0.6462129354476929,0.3513398468494415,0.0022589024156332
3741,0.0002044460998149,0.6094452738761902,0.3813811242580414,0.0089692240580916
3742,0.000245181727223,0.8412336111068726,0.1580631136894226,0.0004580597160384
3743,0.0006419202545657,0.2395072728395462,0.6212345957756042,0.1386161893606186
3744,7.058109622448683e-05,0.8720808029174805,0.1276136040687561,0.0002350709401071
3745,7.648244354641065e-05,0.3476446866989136,0.6394164562225342,0.0128623684868216
3746,0.0013479362241923,0.3679510056972503,0.5523598194122314,0.0783412829041481
3747,0.0001415696169715,0.7067388892173767,0.2900450527667999,0.003074558218941
3748,5.346380567061715e-05,0.9171303510665894,0.082681804895401,0.0001344079792033
3749,8.779438940109685e-05,0.8853582143783569,0.1143332347273826,0.0002207150973845
3750,7.193745841505006e-05,0.9170544743537904,0.082674965262413,0.0001986256829695
3751,0.000267341180006,0.2430507689714431,0.7032907009124756,0.0533911660313606
3752,7.923160592326894e-05,0.8373523950576782,0.162328153848648,0.0002402668615104
3753,0.000170072511537,0.9471614956855774,0.0526067614555358,6.159618351375684e-05
3754,5.9786136262118816e-05,0.8772293925285339,0.1224886700510978,0.0002221324393758
3755,0.0001752315874909,0.6812832355499268,0.3168261647224426,0.0017153260996565
3756,0.0004204409779049,0.6204368472099304,0.3763139843940735,0.0028286480810493
3757,0.0003234420146327,0.1898557543754577,0.6422737240791321,0.16754712164402
3758,0.0001660787384025,0.7788602709770203,0.2196876257658004,0.0012860579881817
3759,0.0006243536481633,0.4218233525753021,0.5501613616943359,0.0273909214884042
3760,0.0006560017354786,0.8677538633346558,0.1310112327337265,0.0005789194838143
3761,0.0017550191842019,0.9091224074363708,0.0886197462677955,0.0005028214072808
3762,7.797036232659593e-05,0.9192641377449036,0.0803244039416313,0.0003334369685035
3763,9.007520566228776e-05,0.2813965082168579,0.7074307203292847,0.0110827479511499
3764,0.0031449177768081,0.7006704211235046,0.2920828759670257,0.0041017457842826
3765,0.0005673138657584,0.4343203604221344,0.5321403741836548,0.0329719558358192
3766,0.000246750016231,0.770851194858551,0.2278631776571273,0.0010388563387095
3767,0.0002123072044923,0.4703156650066376,0.5165407061576843,0.0129313440993428
3768,0.0004105320258531,0.2372403144836425,0.6250450015068054,0.1373041570186615
3769,0.0001491259608883,0.4806604087352752,0.5116603374481201,0.0075301202014088
3770,3.64006518793758e-05,0.8805806040763855,0.1191736236214637,0.0002094712981488
3771,0.0005244251224212,0.2217215448617935,0.5661858320236206,0.2115681916475296
3772,0.0004459216725081,0.9878323078155518,0.0116815762594342,4.020105552626774e-05
3773,0.0022240881808102,0.2452975660562515,0.5033178925514221,0.2491604387760162
3774,0.0001131845638155,0.7485511898994446,0.2507332265377044,0.0006023838650435
3775,9.14380289032124e-05,0.6538684368133545,0.3445644676685333,0.0014757349854335
3776,8.272378909168765e-05,0.7715310454368591,0.2280641347169876,0.0003221064689569
3777,5.180242078495212e-05,0.931276798248291,0.0685238316655159,0.0001475713506806
3778,0.0009882582817226,0.5622456073760986,0.4178254604339599,0.0189407132565975
3779,0.0002843787660822,0.8089011907577515,0.1891521662473678,0.0016622577095404
3780,0.0031284333672374,0.5688730478286743,0.4033913910388946,0.0246070362627506
3781,0.0008484132122248,0.7713270783424377,0.2244689762592315,0.0033555394038558
3782,0.0002207406359957,0.452249139547348,0.5370591282844543,0.0104709863662719
3783,0.0002683973871171,0.4558726251125335,0.532969057559967,0.0108899278566241
3784,0.0012593154096975,0.3775463104248047,0.5408101677894592,0.0803842544555664
3785,0.0002090113121084,0.8000171780586243,0.1991400271654129,0.0006338190287351
3786,0.0006893913960084,0.5445332527160645,0.4375447630882263,0.0172326155006885
3787,2.316414975211956e-05,0.9532245993614196,0.0467224828898906,2.974335802718997e-05
3788,0.0001074943938874,0.2202324122190475,0.6998971700668335,0.0797628983855247
3789,3.38846402883064e-05,0.8457354307174683,0.1540198624134063,0.000210837344639
3790,6.864905299153179e-05,0.917132556438446,0.0826820060610771,0.0001167759692179
3791,4.716404146165587e-05,0.8885815739631653,0.1112190335988998,0.0001522473758086
3792,6.65136831230484e-05,0.9608107209205629,0.0390425622463226,8.023082045838237e-05
3793,5.521725688595325e-05,0.7976303100585938,0.2016725242137909,0.0006418794509954
3794,0.0002602444437798,0.5415801405906677,0.4489856958389282,0.0091739324852824
3795,0.0004326246271375,0.1492861807346344,0.5292654633522034,0.3210157454013824
3796,0.0001175714132841,0.9379209280014038,0.0618625916540622,9.900505392579362e-05
3797,0.0001382141927024,0.8453910946846008,0.1539571583271026,0.0005135280080139
3798,0.000869705050718,0.9100720286369324,0.0887123122811317,0.0003459447470959
3799,4.6244575059972703e-05,0.8989153504371643,0.1008554995059967,0.000182900839718
3800,0.0002478866954334,0.8913315534591675,0.1081307828426361,0.0002898089005611
3801,0.0003272004250902,0.8607615828514099,0.1383369714021682,0.0005742546054534
3802,0.0002156914415536,0.2440428137779235,0.7061612606048584,0.0495802983641624
3803,0.0004210036713629,0.5231594443321228,0.4689570963382721,0.0074624684639275
3804,6.000771463732235e-05,0.5957629680633545,0.4031133949756622,0.0010636622318997
3805,0.0001191621850011,0.7175589799880981,0.2810001075267792,0.0013217810774222
3806,6.887414201628417e-05,0.9794836044311525,0.0203285329043865,0.0001190038383356
3807,0.0003852354129776,0.1904185116291046,0.5684846639633179,0.2407115548849105
3808,7.399145397357643e-05,0.59955894947052,0.3993923962116241,0.000974646245595
3809,0.000244223192567,0.8645439743995667,0.1346699744462967,0.0005418327637016
3810,2.9926630304544236e-05,0.9590981602668762,0.0408433265984058,2.855618913599756e-05
3811,0.0001252567744813,0.102077841758728,0.6451517939567566,0.2526450753211975
3812,3.497430225252174e-05,0.5377981066703796,0.4600031077861786,0.0021637831814587
3813,0.0001305313344346,0.7269502282142639,0.2716414630413055,0.0012777593219652
3814,2.121208126482088e-05,0.5999315977096558,0.3996406197547912,0.0004065454995725
3815,0.0001139920568675,0.569067120552063,0.4295544028282165,0.0012644325615838
3816,0.0003662093076854,0.9484458565711976,0.0510573610663414,0.0001305759506067
3817,5.268918175715953e-05,0.9772865772247314,0.0226272512227296,3.349128382978961e-05
3818,4.19787538703531e-05,0.3620956242084503,0.6354976892471313,0.0023647171910852
3819,8.178029383998364e-05,0.9057660102844238,0.0939869657158851,0.0001652007194934
3820,0.0002040403487626,0.7222977876663208,0.27415332198143,0.0033449025359004
3821,7.276725955307484e-05,0.8851533532142639,0.1143067777156829,0.0004671456990763
3822,6.057903738110326e-05,0.9762256145477296,0.0236874110996723,2.6465024347999133e-05
3823,6.381711864378303e-05,0.6850666999816895,0.3136464059352875,0.0012231031432747
3824,0.0067421309649944,0.3681078851222992,0.4371388852596283,0.1880111098289489
3825,0.0003483767795842,0.446651816368103,0.5304121375083923,0.0225876737385988
3826,5.513283758773469e-05,0.5918422937393188,0.4067668616771698,0.0013357463758438
3827,5.962213981547393e-05,0.4831231832504272,0.5142819285392761,0.0025351976510137
3828,3.18270358548034e-05,0.8456121683120728,0.1539974212646484,0.0003585940867196
3829,0.0004153867193963,0.9795366525650024,0.020014451816678,3.3568394428584725e-05
3830,0.0001139243613579,0.6649118661880493,0.3343386948108673,0.0006354191573336
3831,5.986362157273106e-05,0.9205199480056764,0.0791871175169944,0.0002330944844288
3832,0.001546271960251,0.4155474603176117,0.5171571373939514,0.0657491460442543
3833,0.0001129117299569,0.8074256777763367,0.1917804181575775,0.0006809448823332
3834,5.230720853433013e-05,0.9551600217819214,0.0446734316647052,0.0001142494438681
3835,0.0001753015094436,0.946245551109314,0.0533835254609584,0.0001955629704752
3836,0.0002797783527057,0.8604817986488342,0.1382920145988464,0.0009464779868721
3837,0.0013496215688064,0.1334296315908432,0.3921715319156647,0.4730491638183594
3838,9.772586054168642e-05,0.3799485862255096,0.6167174577713013,0.0032362362835556
3839,3.4946988307638094e-05,0.4525177478790283,0.5458405613899231,0.0016067314427345
3840,4.327864735387266e-05,0.7309017777442932,0.2688837647438049,0.0001711703662294
3841,4.5235909055918455e-05,0.1286712735891342,0.7882071137428284,0.0830764174461364
3842,1.3839423445460852e-05,0.5695041418075562,0.4298842847347259,0.0005977342952974
3843,0.001177724217996,0.2075680047273636,0.4326088726520538,0.3586453795433044
3844,0.0001739801664371,0.0712939128279686,0.3677619993686676,0.5607700943946838
3845,0.0002737272006925,0.9689874649047852,0.0306651424616575,7.367267971858382e-05
3846,0.0001969326403923,0.2951862514019012,0.6548992991447449,0.049717478454113
3847,6.121017941040918e-05,0.843709409236908,0.1560705602169037,0.0001587671140441
3848,0.0020565066952258,0.4801669120788574,0.4801669120788574,0.037609577178955
3849,0.0002964585728477,0.6775797605514526,0.3200660347938537,0.0020578305702656
3850,0.0003812918439507,0.3107332289218902,0.6276984214782715,0.0611870028078556
3851,0.0012356347870081,0.556106448173523,0.4263816177845001,0.0162762943655252
3852,0.0001242833677679,0.5143654346466064,0.4832015931606293,0.0023086986038833
3853,0.0001054083259077,0.2335068583488464,0.7305783033370972,0.0358094349503517
3854,0.0006137627642601,0.8246657252311707,0.172859326004982,0.0018612125422805
3855,0.0010294993408024,0.8005688786506653,0.1961878389120102,0.0022137712221592
3856,0.0029434708412736,0.88246089220047,0.1139590814709663,0.0006365702138282
3857,5.169009818928316e-05,0.9292575716972352,0.0705457180738449,0.0001449684641556
3858,0.0001493054878665,0.8851341009140015,0.1143042966723442,0.0004122456593904
3859,0.0010576732456684,0.3170934617519378,0.5924085378646851,0.0894403085112571
3860,5.133532249601558e-05,0.6147703528404236,0.3847134709358215,0.0004647520836442
3861,0.0001706738548818,0.9806828498840332,0.0191202722489833,2.6173684091190808e-05
3862,7.041860226308927e-05,0.2914379835128784,0.6991233825683594,0.0093682585284113
3863,0.0001672994694672,0.3823762834072113,0.5922359824180603,0.0252204500138759
3864,5.4578751587541774e-05,0.9217410683631896,0.078062854707241,0.0001415665028616
3865,3.390646816114895e-05,0.9440937638282776,0.0558182261884212,5.4182379244593903e-05
3866,0.0006927599897608,0.4680397808551788,0.5060716867446899,0.0251958239823579
3867,4.357660873210989e-05,0.9303075075149536,0.0695304796099662,0.0001184534994536
3868,0.0001970567391254,0.9386910796165466,0.0609535127878189,0.000158339535119
3869,8.765258098719642e-05,0.8048256635665894,0.1941732466220855,0.0009133607964031
3870,0.0001010946143651,0.9282503724098206,0.0715789869427681,6.948124791961163e-05
3871,5.588340718531981e-05,0.7824164628982544,0.2172692120075225,0.0002584022295195
3872,0.0003762621781788,0.1219707131385803,0.513515830039978,0.3641372323036194
3873,0.0001233335642609,0.8958403468132019,0.1037010550498962,0.0003352553758304
3874,0.0001063477320712,0.9464412927627563,0.0533945672214031,5.782025618827902e-05
3875,0.0003017162671312,0.9724870324134828,0.0271596331149339,5.161756416782737e-05
3876,0.0001893916924018,0.860864520072937,0.1383535116910934,0.0005925542209297
3877,0.000951743684709,0.366377979516983,0.541471540927887,0.0911986902356147
3878,4.758904469781555e-05,0.9847100377082824,0.0151874925941228,5.4774653108324856e-05
3879,0.0001169423849205,0.6023274064064026,0.3950159549713135,0.0025397131685167
3880,0.0023976298980414,0.6544896364212036,0.3290980458259582,0.0140146855264902
3881,0.0005977221881039,0.3048274517059326,0.5875702500343323,0.1070044934749603
3882,0.0055607077665627,0.9351673126220704,0.0588563941419124,0.0004156031063757
3883,8.718566095922142e-05,0.4633161425590515,0.5332735776901245,0.0033231382258236
3884,2.7761621822719466e-05,0.514926552772522,0.4837287366390228,0.0013168917503207
3885,0.0001515087205916,0.2655061483383178,0.6995155215263367,0.0348268263041973
3886,6.331122131086886e-05,0.9735335111618042,0.0263523440808057,5.087199315312319e-05
3887,6.816811946919188e-05,0.9250490069389344,0.074755422770977,0.0001273548114113
3888,0.0007953195599839,0.4454628229141235,0.5290001630783081,0.024741668254137
3889,0.0014856032794341,0.4667626619338989,0.4968662559986114,0.0348854847252368
3890,4.500648356042802e-05,0.8886258006095886,0.1112245693802833,0.0001046432007569
3891,2.5064238798222505e-05,0.9539028406143188,0.0460308454930782,4.132393951294944e-05
3892,0.0002230231038993,0.9523142576217652,0.0474129356443882,4.976318450644612e-05
3893,7.07011204212904e-05,0.6292043924331665,0.3698901534080505,0.0008348160190507
3894,0.0004420556069817,0.1098708286881446,0.3895259201526642,0.5001611709594727
3895,0.0002389708242844,0.9736832976341248,0.0259477812796831,0.0001299261784879
3896,3.0644063372164965e-05,0.7768976092338562,0.2225849032402038,0.0004869024560321
3897,9.015445539262146e-05,0.3731178045272827,0.6151672601699829,0.0116248400881886
3898,0.0001639222900848,0.9717875123023988,0.0280016157776117,4.696452378993854e-05
3899,5.702047565137036e-05,0.8498247861862183,0.1500029861927032,0.0001151845426647
3900,0.0002043290733126,0.581203818321228,0.4121352136135101,0.0064565916545689
3901,0.0001268619962502,0.9656915664672852,0.0340930819511413,8.856393833411857e-05
3902,7.160936365835369e-05,0.857563853263855,0.1421980112791061,0.0001664967567194
3903,4.995779454475269e-05,0.8437011241912842,0.1560690253973007,0.0001799049350665
3904,1.8846922102966342e-05,0.851793646812439,0.1480195373296737,0.0001679807901382
3905,7.893604197306558e-05,0.513953447341919,0.4828145503997803,0.0031530889682471
3906,0.0003166514798067,0.7948644161224365,0.2041380703449249,0.0006809077458456
3907,0.0001103835311369,0.6751640439033508,0.3239472508430481,0.0007782796747051
3908,6.465381738962606e-05,0.9194648861885072,0.0803419426083564,0.0001285794714931
3909,0.0004045537207275,0.1557347476482391,0.606393575668335,0.2374671250581741
3910,0.0002373168972553,0.8533255457878113,0.1459867805242538,0.0004503483651205
3911,0.0002135582908522,0.9118992686271667,0.0875123217701911,0.000374806462787
3912,0.0003776583471335,0.7499336004257202,0.2473018765449524,0.0023868742864578
3913,0.000208952158573,0.3959251046180725,0.5760676264762878,0.0277983043342828
3914,0.0003037742280866,0.2150841951370239,0.7276204228401184,0.0569916367530822
3915,0.0006487862556241,0.8318049311637878,0.1663714498281479,0.0011748000979423
3916,2.9795866794302128e-05,0.503200888633728,0.4953994750976562,0.0013699021656066
3917,0.0001505002437625,0.7873788475990295,0.2119201421737671,0.0005505070439539
3918,0.0001181778279715,0.3060688972473144,0.6790434718132019,0.0147694395855069
3919,0.0001828754757298,0.2615630328655243,0.6999789476394653,0.0382751300930976
3920,0.0001007956379908,0.6165193915367126,0.3798266053199768,0.0035531690809875
3921,0.0001651572529226,0.891488790512085,0.1081498563289642,0.0001961290836334
3922,0.0010334732942283,0.2777371704578399,0.5879696011543274,0.1332597434520721
3923,0.0018206170061603,0.914086639881134,0.0837051421403884,0.0003876317059621
3924,0.0002456869406159,0.24151411652565,0.6773430705070496,0.0808970928192138
3925,0.0001130166419898,0.9302048683166504,0.0695228055119514,0.0001593790075276
3926,0.0005039547104388,0.9400951266288756,0.0591665357351303,0.0002343607193324
3927,4.377360892249271e-05,0.964177906513214,0.0356732420623302,0.0001050074351951
3928,0.0002441579999867,0.9492623805999756,0.0503090620040893,0.0001843001227825
3929,0.0002829505247063,0.6268089413642883,0.3684819638729095,0.0044260914437472
3930,3.8903428503545e-05,0.8703992962837219,0.1293732970952987,0.0001885206002043
3931,0.0014689579838886,0.8100154399871826,0.1864761412143707,0.0020394462626427
3932,0.003133209887892,0.3736456930637359,0.4650095701217651,0.1582115441560745
3933,6.683423271169886e-05,0.6431224942207336,0.3551659286022186,0.001644744654186
3934,0.0002008688461501,0.5042247176170349,0.4887113273143768,0.0068630166351795
3935,0.0002254155115224,0.2081616818904876,0.693284273147583,0.0983286201953888
3936,0.0005509149632416,0.3134297132492065,0.6233294606208801,0.0626898929476738
3937,0.9806146025657654,0.0163532961159944,0.0021788659505546,0.0008532562060281
3938,0.0006992997368797,0.731757402420044,0.2650249898433685,0.0025182745885103
3939,6.169874541228637e-05,0.963679015636444,0.0362162664532661,4.307266499381512e-05
3940,0.0001552434259792,0.3439045250415802,0.6325372457504272,0.0234029982239007
3941,0.0004425896622706,0.5946736335754395,0.4023763239383697,0.0025074409786611
3942,0.0002589544455986,0.7840885519981384,0.2143578678369522,0.0012946908827871
3943,0.000486597593408,0.9662593007087708,0.0330635756254196,0.0001905543613247
3944,5.760349813499488e-05,0.9282750487327576,0.0715808868408203,8.647309732623398e-05
3945,0.0014465525746345,0.6021057963371277,0.3767881989479065,0.0196594502776861
3946,0.9545677900314332,0.0331778898835182,0.009070330299437,0.0031839851289987
3947,8.377092308364809e-05,0.5540227293968201,0.4451697766780853,0.0007236704113893
3948,0.0049755782820284,0.9481773972511292,0.0464750975370407,0.0003718709340319
3949,0.0008833370520733,0.91000634431839,0.0887059122323989,0.0004044211818836
3950,0.000159767048899,0.9180129766464232,0.0814782828092575,0.0003489633381832
3951,0.0011537306709215,0.646210789680481,0.3458917140960693,0.0067438147962093
3952,0.9505243897438048,0.0368558317422866,0.0084846941754221,0.0041351094841957
3953,0.9505243897438048,0.0368558317422866,0.0084846941754221,0.0041351094841957
3954,0.0002124944148818,0.3235279321670532,0.6535443663597107,0.0227152276784181
3955,9.80974655249156e-05,0.9439576268196106,0.0558101795613765,0.0001340833405265
3956,6.46930348011665e-05,0.9057589769363404,0.0939862355589866,0.0001901434006867
3957,0.000590396579355,0.9274271130561828,0.0715155005455017,0.0004670421476475
3958,0.0001190818074974,0.7875528335571289,0.2119669765233993,0.0003611111314967
3959,0.0003050333762075,0.5963280200958252,0.3972401320934295,0.0061267595738172
3960,4.1900555515894666e-05,0.8945258259773254,0.1051795333623886,0.0002526926691643
3961,9.751177276484668e-05,0.3973104357719421,0.5871866941452026,0.0154053950682282
3962,0.000159966017236,0.7861959934234619,0.2116017788648605,0.0020423091482371
3963,0.0001255942624993,0.9412193298339844,0.0583188980817794,0.0003361076232977
3964,0.000176099492819,0.9070240259170532,0.0926583334803581,0.0001414999278495
3965,9.880480502033606e-05,0.965736448764801,0.0340946689248085,7.006310625001788e-05
3966,4.634652941604145e-05,0.8075590133666992,0.1918120831251144,0.0005825391272082
3967,0.000189600745216,0.556429386138916,0.4333476424217224,0.0100333569571375
3968,6.960296013858169e-05,0.5298276543617249,0.4675712883472442,0.0025314742233604
3969,0.0002742474607657,0.6268144249916077,0.3684851825237274,0.0044261300936341
3970,0.0001046401230269,0.6813130378723145,0.3168399930000305,0.0017424144316464
3971,7.677689427509904e-05,0.9194480180740356,0.0803404673933982,0.0001347476500086
3972,0.0004386911750771,0.956748366355896,0.0426985695958137,0.0001144394263974
3973,0.0004923937958665,0.8495004773139954,0.1476210355758667,0.0023860721848905
3974,0.0001230801717611,0.4093029797077179,0.5772097110748291,0.013364216312766
3975,0.0001810037356335,0.9618777632713318,0.0378833748400211,5.785226676380262e-05
3976,2.2504578737425614e-05,0.8975901007652283,0.1022927165031433,9.474781836615875e-05
3977,4.842017369810492e-05,0.8704725503921509,0.1293841898441314,9.480209700996056e-05
3978,0.000168940227013,0.216597244143486,0.677672803401947,0.1055610626935958
3979,0.00012260072981,0.1409003287553787,0.7858788967132568,0.0730981230735778
3980,3.715634375112131e-05,0.7688372135162354,0.2308467775583267,0.0002788738347589
3981,3.6029003240400925e-05,0.972328782081604,0.0275828447192907,5.242188854026608e-05
3982,0.0002027257723966,0.9809033274650574,0.0188280716538429,6.581541674677283e-05
3983,0.001999219181016,0.7576766014099121,0.2347172498703003,0.0056069483980536
3984,0.0020638112910091,0.8590304851531982,0.1380587667226791,0.0008469865424558
3985,0.0004579333472065,0.436305820941925,0.5262852311134338,0.0369510203599929
3986,0.0011380970245227,0.6576892733573914,0.330706924200058,0.0104657458141446
3987,0.0004912812728434,0.1129292473196983,0.4536774158477783,0.4329020380973816
3988,6.19354541413486e-05,0.6648672819137573,0.3343162834644317,0.0007545282715
3989,6.833884981460869e-05,0.6474056839942932,0.3519883751869201,0.0005375266773626
3990,0.000296953425277,0.3989934623241424,0.5805320739746094,0.0201775394380092
3991,0.0002412704488961,0.8023446798324585,0.1966230273246765,0.0007910954300314
3992,0.0001146621798397,0.8592929840087891,0.1402757316827774,0.0003165924281347
3993,9.10359449335374e-05,0.3595125675201416,0.6309642791748047,0.0094321519136428
3994,0.0001432591525372,0.9775261282920836,0.0222819074988365,4.874147271038965e-05
3995,0.0001274608512176,0.1739562749862671,0.7556316256523132,0.0702846869826316
3996,0.0002579494612291,0.9421207308769226,0.0574697293341159,0.000151640662807
3997,0.0002205722266808,0.898718535900116,0.1008334159851074,0.0002275739243486
3998,7.575029303552583e-05,0.0926715955138206,0.7520569562911987,0.1551957130432129
3999,0.0003234668402001,0.8509396910667419,0.1478711366653442,0.0008656420977786
4000,0.0003846001054625,0.2222546488046646,0.7063238620758057,0.0710368603467941
4001,0.0004370741371531,0.1351955980062484,0.5781581997871399,0.2862090766429901
4002,0.0006688114954158,0.3519087135791778,0.6176190972328186,0.0298033822327852
4003,0.0004194257780909,0.238622173666954,0.6797713041305542,0.0811871066689491
4004,0.001334854750894,0.4464477896690368,0.5058916211128235,0.0463257282972335
4005,0.0031920131295919,0.4381348490715027,0.4737367331981659,0.0849363207817077
4006,0.0031293674837797,0.4228768050670624,0.4867282211780548,0.0872655659914016
4007,0.0008289313991554,0.193544402718544,0.615082859992981,0.1905437856912613
4008,0.001137524144724,0.3254159092903137,0.5985314846038818,0.0749150067567825
4009,0.0012480699224397,0.2531794011592865,0.5795333981513977,0.1660391092300415
4010,0.0022910051047801,0.3852877914905548,0.5433428883552551,0.0690782964229583
4011,0.0025700917467474,0.3113184869289398,0.5295706391334534,0.1565407812595367
4012,0.0008512935019098,0.3328698575496673,0.6027494668960571,0.0635293275117874
4013,0.0011642711469903,0.2593932449817657,0.5845516920089722,0.1548907905817031
4014,8.581500151194632e-05,0.0237941220402717,0.0970948711037635,0.8790252208709717
4015,0.000239528613747,0.2211945652961731,0.6707642078399658,0.107801616191864
4016,0.0013647167943418,0.2089713215827942,0.5336269736289978,0.256037026643753
4017,0.0036858080420643,0.4065125584602356,0.5059130191802979,0.0838886052370071
4018,0.0018164721550419,0.3201441168785095,0.5445834994316101,0.1334559321403503
4019,0.0012209891574457,0.3332977294921875,0.5669586062431335,0.0985226184129715
4020,0.0004661460698116,0.291267991065979,0.6166143417358398,0.0916515365242958
4021,0.0014926198637112,0.2395250350236892,0.5231707692146301,0.2358115464448928
4022,0.0020200756844133,0.2524617910385132,0.5261755585670471,0.2193426042795181
4023,0.0024534675758332,0.3018717765808105,0.497702419757843,0.1979723423719406
4024,0.0003096615255344,0.0545762926340103,0.2262124270200729,0.7189016342163086
4025,0.0015146473888307,0.3072564303874969,0.5651310682296753,0.1260977983474731
4026,0.0001277768460568,0.0389111153781414,0.191527247428894,0.769433856010437
4027,0.0004908956470899,0.1382551938295364,0.5136803388595581,0.3475735187530517
4028,0.0026086934376507,0.2385250926017761,0.5049576163291931,0.253908634185791
4029,0.0012304952833801,0.1943997740745544,0.4736846387386322,0.3306851387023926
4030,0.0020659989677369,0.3937097191810608,0.5466117858886719,0.0576124563813209
4031,0.0007785935304127,0.1734663993120193,0.4642201066017151,0.361534982919693
4032,0.0007111233426257,0.1535598933696746,0.4656645953655243,0.3800643980503082
4033,0.0004574955091811,0.2296971678733825,0.6543463468551636,0.1154989823698997
4034,0.0005751326098106,0.2320250570774078,0.650730311870575,0.1166695207357406
4035,0.000164053068147,0.0462036952376365,0.2420900464057922,0.7115421891212463
4036,0.0015140734612941,0.4331368207931518,0.5224627256393433,0.0428863503038883
4037,0.0081549361348152,0.5807081460952759,0.3808377087116241,0.0302992612123489
4038,0.0015427625039592,0.8641096353530884,0.1325155049562454,0.001832075882703
4039,0.000618930615019,0.1400658786296844,0.466490626335144,0.3928245007991791
4040,0.0003782216226682,0.1116339340806007,0.3717977702617645,0.5161900520324707
4041,0.0010452471906319,0.3037267029285431,0.6040326952934265,0.0911953002214431
4042,0.0010807490907609,0.2771418392658233,0.5867092609405518,0.1350681483745575
4043,0.0003888450446538,0.1147694885730743,0.3704804480075836,0.5143611431121826
4044,0.0003318553208373,0.0878006368875503,0.3211613893508911,0.5907061696052551
4045,0.0001804231869755,0.0308203436434268,0.135985717177391,0.8330135345458984
4046,0.0007607760489918,0.2390287220478058,0.5557584166526794,0.2044521123170852
4047,0.0006468895007856,0.1879724264144897,0.5700193047523499,0.2413613647222519
4048,0.0003889820363838,0.169678047299385,0.5830528736114502,0.2468801289796829
4049,0.0006589057156816,0.3413216173648834,0.5897508859634399,0.0682686194777488
4050,0.0001542051177239,0.0641855672001838,0.4386287331581116,0.4970314800739288
4051,0.0002051039919024,0.0998093485832214,0.4990153610706329,0.4009701311588287
4052,0.0004212154017295,0.2216310501098632,0.7154337763786316,0.0625139102339744
4053,0.0004699258715845,0.255109965801239,0.6413463950157166,0.1030737459659576
4054,0.0004342438769526,0.3483999073505401,0.6114609241485596,0.0397049598395824
4055,0.00024520457373,0.2264360636472702,0.6974721550941467,0.0758465826511383
4056,0.0096914712339639,0.8588731288909912,0.1296704560518264,0.0017649480141699
4057,0.0020764649379998,0.1225834414362907,0.2719632387161255,0.6033768057823181
4058,0.001572321052663,0.1210620105266571,0.2814776003360748,0.595888078212738
4059,0.0027637185994535,0.1631552428007125,0.3619756996631622,0.472105324268341
4060,0.0004906172398477,0.1339255273342132,0.4125196635723114,0.4530642032623291
4061,0.0002906197914853,0.1307955682277679,0.3904834687709808,0.4784303307533264
4062,0.0007781309541314,0.5175673365592957,0.4639443457126617,0.0177101790904998
4063,0.0007254696101881,0.4533044099807739,0.5299665331840515,0.0160036031156778
4064,0.0004984555998817,0.2502622306346893,0.6194049715995789,0.1298343241214752
4065,0.0004635439254343,0.2637220919132232,0.6131722331047058,0.1226421594619751
4066,0.0006768279126845,0.3850648105144501,0.5430284738540649,0.0712298303842544
4067,0.0004257925029378,0.2619285583496094,0.6382287740707397,0.0994168743491172
4068,0.000574538426008,0.2839893400669098,0.6500580906867981,0.0653780624270439
4069,7.613273191964254e-05,0.016185212880373,0.0861399322748184,0.8975986838340759
4070,0.0011992766521871,0.4074195623397827,0.556876540184021,0.0345046296715736
4071,0.0010682098800316,0.2455459833145141,0.5709114670753479,0.1824742704629898
4072,0.0007657471578568,0.1414359211921692,0.4288991093635559,0.4288991093635559
4073,0.0049795545637607,0.3545911014080047,0.5079283118247986,0.132501021027565
4074,0.0002943007275462,0.1409946233034134,0.6832404136657715,0.1754706501960754
4075,0.000194215477677,0.1252063363790512,0.7433842420578003,0.1312151104211807
4076,0.0001596943620825,0.0525824092328548,0.2213801890611648,0.7258777022361755
4077,0.0002469732426106,0.0728953406214714,0.3069008588790893,0.6199567914009094
4078,0.0002817806089296,0.060847669839859,0.2090865969657898,0.7297839522361755
4079,0.0001128162257373,0.0414403490722179,0.1886474639177322,0.7697994112968445
4080,0.0010716574033722,0.2107044607400894,0.5134134292602539,0.2748104333877563
4081,0.0005490143084898,0.2799873054027557,0.621178925037384,0.098284788429737
4082,0.0008814363973215,0.4157347977161407,0.5422203540802002,0.0411633178591728
4083,0.0017630938673391,0.3867177665233612,0.5453594923019409,0.0661596134305
4084,0.0002199081500293,0.0399880111217498,0.1311156451702118,0.8286763429641724
4085,0.0024662071373313,0.2118347436189651,0.462689608335495,0.3230094015598297
4086,0.0009721468086354,0.6671411395072937,0.3251386284828186,0.0067480374127626
4087,0.0093852682039141,0.3413441777229309,0.4665621817111969,0.1827083677053451
4088,0.0004751215747091,0.2832813262939453,0.6284870505332947,0.0877564549446106
4089,0.000515088904649,0.1496739387512207,0.4907619655132293,0.3590491116046905
4090,0.0001961624366231,0.3033653497695923,0.6730453968048096,0.0233930237591266
4091,0.0010351433884352,0.3923051357269287,0.5619511604309082,0.0447085611522197
4092,9.3447306426242e-05,0.035972960293293,0.1826857477426529,0.7812478542327881
4093,0.0001207389504997,0.0391392409801483,0.1622276455163955,0.7985124588012695
4094,0.0001477196201449,0.0436001606285572,0.1954023540019989,0.76084965467453
4095,0.0002338972844881,0.1555748283863067,0.6348423957824707,0.2093488126993179
4096,0.0003957748704124,0.132368579506874,0.5074205994606018,0.3598150610923767
4097,0.0003055529668927,0.072466030716896,0.3298845589160919,0.5973438024520874
4098,0.0017098006792366,0.315805584192276,0.4968319535255432,0.1856525540351867
4099,0.0014132390497252,0.2232705354690551,0.4653357863426208,0.3099804818630218
4100,0.0002431968896416,0.0907393470406532,0.3702731728553772,0.5387442708015442
4101,0.0017996805254369,0.2979674339294433,0.5480459928512573,0.1521868705749511
4102,0.0047921948134899,0.3058939576148987,0.5122759938240051,0.1770378500223159
4103,0.0010785488411784,0.2292909175157547,0.4930528998374939,0.2765776216983795
4104,0.000306783884298,0.679606020450592,0.3160461485385895,0.0040410850197076
4105,0.0003379518166184,0.3648634254932403,0.5830500721931458,0.0517486296594142
4106,0.0008541374118067,0.31868776679039,0.6047630906105042,0.0756949782371521
4107,0.0004605041176546,0.7463477253913879,0.2499951720237732,0.0031965323723852
4108,0.0018202383071184,0.3208078742027282,0.5457125902175903,0.1316592991352081
4109,0.0016692503122612,0.3386186957359314,0.5163318514823914,0.1433801651000976
4110,0.0001666256139287,0.0307762790471315,0.1108296364545822,0.8582274913787842
4111,0.0011928053572773,0.220314934849739,0.504305899143219,0.2741863429546356
4112,0.0017937753582373,0.3934474587440491,0.5724626779556274,0.032296136021614
4113,0.0003199276688974,0.3048179447650909,0.6762681603431702,0.0185940135270357
4114,0.0006539699970744,0.2054712474346161,0.6632693409919739,0.130605474114418
4115,0.0014236265560612,0.6610519886016846,0.3323978185653686,0.0051266755908727
4116,0.0004777029680553,0.1622857749462127,0.5936167240142822,0.2436198145151138
4117,8.409388829022646e-05,0.0170590113848447,0.0801222473382949,0.9027345776557922
4118,0.0004904882516711,0.1888156235218048,0.6000548005104065,0.2106390595436096
4119,0.0003083882911596,0.1648200750350952,0.6621415615081787,0.172729954123497
4120,0.0004680165438912,0.2790450751781463,0.6094904541969299,0.1109964549541473
4121,0.0008720419136807,0.1973457485437393,0.4961271286010742,0.3056550621986389
4122,0.0004296273400541,0.6339929699897766,0.3612383008003235,0.0043390826322138
4123,0.0010328118223696,0.1999185383319854,0.4795796573162079,0.3194689452648163
4124,0.0003624947858043,0.1193583011627197,0.4504534900188446,0.4298257529735565
4125,0.0002514209772925,0.2757165729999542,0.6824050545692444,0.0416269712150096
4126,0.000330865063006,0.1293737292289734,0.4959401786327362,0.374355286359787
4127,0.0002105753083014,0.0761506110429763,0.3867247104644775,0.536914050579071
4128,0.0006890871445648,0.5442928671836853,0.4442389011383056,0.0107791358605027
4129,0.0002849950687959,0.1430889815092086,0.7043086290359497,0.1523174196481704
4130,0.0002444503770675,0.1758061647415161,0.6953268647193909,0.1286225318908691
4131,0.0002907925518229,0.2949275970458984,0.6543254256248474,0.0504561625421047
4132,0.0001868512918008,0.0686353668570518,0.3828172981739044,0.5483604669570923
4133,0.00168571411632,0.2277934253215789,0.4390833377838135,0.3314374983310699
4134,0.0002452972403261,0.0959152951836586,0.3853262662887573,0.5185132026672363
4135,0.0006383671425282,0.3058311939239502,0.598788321018219,0.0947420820593833
4136,0.0006245017284527,0.2366775870323181,0.6235623359680176,0.1391355693340301
4137,0.0002681640035007,0.2326344847679138,0.7054553031921387,0.0616419985890388
4138,0.0003332694759592,0.2216714173555374,0.6414275169372559,0.1365677863359451
4139,0.000437452312326,0.3195655643939972,0.606428861618042,0.0735681727528572
4140,0.0001138516527134,0.0310784950852394,0.1288167685270309,0.8399908542633057
4141,0.0001399450120516,0.0347826704382896,0.1354353278875351,0.8296419978141785
4142,0.0015150021063163,0.5066988468170166,0.475999504327774,0.0157866850495338
4143,0.0004641445120796,0.128694400191307,0.4422236084938049,0.4286178350448608
4144,0.0009883070597425,0.8309862017631531,0.1662077009677887,0.0018177749589085
4145,0.0011173558887094,0.6981716752052307,0.2956244945526123,0.005086500197649
4146,0.0004319082363508,0.2495933622121811,0.6784650087356567,0.0715096816420555
4147,0.0013778704451397,0.231722205877304,0.5387702584266663,0.2281296849250793
4148,0.0007377996807917,0.2506461441516876,0.6012688279151917,0.1473472714424133
4149,0.0011372122680768,0.1714351326227188,0.4587841629981994,0.3686434328556061
4150,0.0027289860881865,0.3057231903076172,0.5200526714324951,0.17149518430233
4151,0.0008100887062028,0.347890704870224,0.5917820930480957,0.0595170892775058
4152,0.0018472302472218,0.5895221829414368,0.3806241154670715,0.0280065182596445
4153,0.0016888862010091,0.6707820296287537,0.3168550133705139,0.0106740891933441
4154,0.000531286583282,0.7481072545051575,0.2466996014118194,0.0046618916094303
4155,0.000442035641754,0.1098658666014671,0.4483213126659393,0.4413707256317138
4156,0.0008250084938481,0.3713011443614959,0.5933374762535095,0.0345363803207874
4157,0.0004309631476644,0.1685137450695037,0.6459791660308838,0.1850761324167251
4158,0.0004687968757934,0.3267806768417358,0.6298862099647522,0.0428642965853214
4159,0.0003348002210259,0.1288828253746032,0.6648282408714294,0.2059541791677475
4160,9.089694503927603e-05,0.0428720898926258,0.3070378601551056,0.6499991416931152
4161,0.0005052876076661,0.207057699561119,0.5541151165962219,0.2383219450712204
4162,0.0002716534072533,0.1545506119728088,0.5653226971626282,0.2798550128936767
4163,0.0001238982658833,0.0651915892958641,0.5290486812591553,0.4056357145309448
4164,0.0021857968531548,0.4365293085575104,0.5265548229217529,0.0347300581634044
4165,0.0004227365134283,0.6959263682365417,0.2993142008781433,0.0043367221951484
4166,0.000587643822655,0.295041412115097,0.6444296836853027,0.0599412955343723
4167,0.0008777900948189,0.3028998672962188,0.602388322353363,0.0938340052962303
4168,0.0006307775620371,0.2353498041629791,0.7026247382164001,0.061394665390253
4169,0.0003238095378037,0.1246519237756729,0.6232204437255859,0.2518038153648376
4170,0.0006691315211355,0.1538111269474029,0.5626177191734314,0.2829019725322723
4171,0.0007322270539589,0.2526702880859375,0.6253649592399597,0.1212325170636177
4172,0.0005582788726314,0.1243814826011657,0.3831219375133514,0.4919383227825165
4173,0.0006790332845412,0.1560872197151184,0.4446510970592499,0.3985826671123504
4174,0.0006120413891039,0.1521199941635131,0.4401737749576568,0.4070941805839538
4175,0.0005594837130047,0.1347787082195282,0.4087113738059997,0.4559504687786102
4176,0.0002776301698759,0.126917153596878,0.7418592572212219,0.130945935845375
4177,0.000447762577096,0.1261072605848312,0.5564113259315491,0.317033588886261
4178,0.0011323809158056,0.2949548661708832,0.5865877866744995,0.1173249408602714
4179,0.0002465554571244,0.1858298778533935,0.6691991090774536,0.1447244584560394
4180,0.0009345301659777,0.2982444763183594,0.6024704575538635,0.0983505994081497
4181,0.0016811925452202,0.2068519741296768,0.4809452295303345,0.3105215728282928
4182,0.0011900500394403,0.4510126709938049,0.5031409859657288,0.0446562990546226
4183,0.0005653477855958,0.1405145078897476,0.4261049926280975,0.4328151643276214
4184,0.0002860778186004,0.2331387251615524,0.6337367296218872,0.1328384280204773
4185,0.0009648636332713,0.3079250752925873,0.6028880476951599,0.0882220044732093
4186,0.0006911970558576,0.7699262499809265,0.2275897562503814,0.0017928286688402
4187,0.0008013925398699,0.3133577704429626,0.594648540019989,0.0911923050880432
4188,0.0010276787215843,0.3774932622909546,0.5578988194465637,0.0635802298784256
4189,0.0008128277258947,0.2676389515399933,0.6031336784362793,0.1284145563840866
4190,0.0007544533000327,0.4095721840858459,0.5686346292495728,0.0210386924445629
4191,0.0006311729666776,0.2392058968544006,0.5649287700653076,0.1952341645956039
4192,0.0013011646224185,0.2366032600402832,0.4854783713817596,0.2766172289848327
4193,0.0012628870317712,0.2157295197248459,0.5423439741134644,0.2406636774539947
4194,0.0012404480949044,0.2118964493274688,0.4926739633083343,0.2941890656948089
4195,0.0006462936871685,0.1251012831926345,0.4166509211063385,0.4576015174388885
4196,0.0004365047789178,0.1068091988563537,0.3670209944248199,0.5257332921028137
4197,0.0004532005405053,0.2702113389968872,0.6482033133506775,0.0811321660876274
4198,0.0002995462273247,0.0884125009179115,0.3780922889709472,0.5331956148147583
4199,0.00121179909911,0.1538312435150146,0.3928218185901642,0.4521351456642151
4200,0.0011834737379103,0.2720413208007812,0.5941928625106812,0.132582351565361
4201,0.0017683799378573,0.3020790815353393,0.4980441927909851,0.198108285665512
4202,0.001172985532321,0.2306271195411682,0.5446683764457703,0.2235314548015594
4203,0.0035766900982707,0.3648323118686676,0.4909355640411377,0.1406553983688354
4204,0.0017878054641187,0.3860584795475006,0.5114443898200989,0.1007093638181686
4205,0.0004031787975691,0.5088991522789001,0.4706547558307647,0.0200428962707519
4206,0.0019386081257835,0.5291888117790222,0.4456216692924499,0.0232509337365627
4207,0.0024045226164162,0.3513301312923431,0.5357144474983215,0.1105509176850318
4208,0.0002849348820745,0.0802486836910247,0.3710661828517914,0.5484002232551575
4209,0.0016910942504182,0.2432587891817093,0.4616240262985229,0.2934260964393616
4210,0.0002738343318924,0.0974917784333229,0.3050248026847839,0.5972095131874084
4211,0.0005509443581104,0.1208443716168403,0.3284890651702881,0.5501156449317932
4212,0.0013418417656794,0.4349769651889801,0.5413375496864319,0.0223436709493398
4213,0.0002767309488262,0.0544095933437347,0.2720308303833008,0.67328280210495
4214,0.0007787898066453,0.2227914035320282,0.6056097745895386,0.1708200722932815
4215,0.0005928363534621,0.1643771082162857,0.4468232691287994,0.3882067799568176
4216,0.0007627725135535,0.4272330403327942,0.5400730967521667,0.0319310687482357
4217,0.0009388522012159,0.3847246170043945,0.5597710013389587,0.0545655526220798
4218,0.0007459712796844,0.1825331449508667,0.5710957050323486,0.2456251978874206
4219,0.0010284518357366,0.1347006261348724,0.3231299817562103,0.5411409139633179
4220,0.0005778828053735,0.1414032578468322,0.4424116611480713,0.4156072735786438
4221,9.84145444817841e-05,0.0272876266390085,0.1498385369777679,0.8227754831314087
4222,0.0008364295354112,0.3883908092975616,0.5651052594184875,0.0456675104796886
4223,0.000352845643647,0.2787040174007416,0.668576180934906,0.0523669347167015
4224,0.0003098378074355,0.0845775380730629,0.2998533844947815,0.6152592301368713
4225,0.0003453002718742,0.1628629714250564,0.5509583353996277,0.2858334183692932
4226,0.0002913336793426,0.1121502071619033,0.4576428532600403,0.4299156665802002
4227,0.0008365915273316,0.2886834442615509,0.5741155743598938,0.1363644003868103
4228,0.0021548490040004,0.3351558446884155,0.5272741317749023,0.1354152113199234
4229,0.0006201343494467,0.1517418771982193,0.4601514935493469,0.3874864280223846
4230,0.002760587260127,0.3789174854755401,0.5179188251495361,0.1004031300544738
4231,0.0006369695183821,0.2232609987258911,0.6770305633544922,0.0990714579820633
4232,0.0003008813073392,0.084739826619625,0.3623862564563751,0.552573025226593
4233,0.0008644947083666,0.2397004216909408,0.5840665698051453,0.1753685772418975
4234,0.0002856967912521,0.0870015397667884,0.4349803328514099,0.4777324497699737
4235,0.0012931282399222,0.1889418512582779,0.4676355719566345,0.342129498720169
4236,0.0013636365765705,0.2598631680011749,0.5332045555114746,0.2055686861276626
4237,0.0002194085973314,0.10030148178339,0.4637893438339233,0.435689777135849
4238,0.0014534032670781,0.2994755804538727,0.5508198738098145,0.1482511609792709
4239,0.0004590818716678,0.2378103137016296,0.6364133954048157,0.1253172159194946
4240,0.0004544988041743,0.1260199099779129,0.4538151621818542,0.4197103977203369
4241,0.0014283844502642,0.3283381462097168,0.5585220456123352,0.1117114350199699
4242,0.0011297208257019,0.448695957660675,0.5084391236305237,0.0417352244257926
4243,0.0012263256357982,0.391367644071579,0.5266427397727966,0.0807632878422737
4244,0.0004273648373782,0.4267220199108124,0.5394271612167358,0.0334234498441219
4245,0.0003948294033762,0.874649703502655,0.1240517124533653,0.0009037734707817
4246,0.0004880451888311,0.4300505518913269,0.543634831905365,0.0258265417069196
4247,0.0007044713711366,0.154519036412239,0.5227311849594116,0.3220453262329101
4248,0.0001714160316623,0.061989389359951,0.4725829362869262,0.4652562439441681
4249,0.0002442716795485,0.0666797161102294,0.2596347332000732,0.6734412908554077
4250,0.0002281678607687,0.0851318538188934,0.43233522772789,0.4823048114776611
4251,0.0004953574389219,0.2953465282917022,0.6350947618484497,0.0690633505582809
4252,0.0003920223971363,0.1037193462252616,0.3853641152381897,0.5105245113372803
4253,0.0003033702960237,0.2715303301811218,0.6616249680519104,0.0665413737297058
4254,0.0002501872077118,0.1296001821756363,0.6280245184898376,0.2421250343322754
4255,0.0005374760366976,0.2457043528556823,0.657538890838623,0.0962191969156265
4256,0.0003759856335818,0.1773359030485153,0.6905032992362976,0.1317848563194275
4257,0.0003985986695624,0.1970238238573074,0.709510087966919,0.093067467212677
4258,0.0005687421071343,0.1731956452131271,0.6140318512916565,0.2122037410736084
4259,0.0003793176147155,0.1761337518692016,0.6966225504875183,0.1268643885850906
4260,0.0012622996000573,0.2725808322429657,0.5953712463378906,0.1307857036590576
4261,0.0005216563004069,0.1492322385311126,0.4251230657100677,0.4251230657100677
4262,0.0012022026348859,0.2763464748859405,0.6035961508750916,0.1188551262021064
4263,0.0003822707512881,0.1471568197011947,0.4825086593627929,0.3699522316455841
4264,0.0006264952826313,0.4038873612880707,0.5607420802116394,0.0347441434860229
4265,0.0012479885481297,0.2378245294094085,0.5443857908248901,0.2165416926145553
4266,0.0003249959263484,0.105352021753788,0.5434471368789673,0.3508758544921875
4267,0.0004506940313149,0.1531102508306503,0.6055628061294556,0.240876242518425
4268,0.0004880918422713,0.2568194568157196,0.6356342434883118,0.1070582717657089
4269,0.0005346714751794,0.4157761931419372,0.55948805809021,0.0242010802030563
4270,0.000786256219726,0.2629667222499847,0.6019368171691895,0.1343102604150772
4271,0.0004868224204983,0.3138433694839477,0.6541057229042053,0.0315640568733215
4272,0.0010068963747471,0.4257054924964905,0.5297990441322327,0.0434885546565055
4273,0.0003131486591883,0.0778316110372543,0.2802824079990387,0.6415727734565735
4274,0.0005475873476825,0.1775081902742386,0.5382868647575378,0.2836572825908661
4275,0.0014963465509936,0.4148954451084137,0.4850618839263916,0.0985463038086891
4276,0.0004803883784916,0.1462897807359695,0.4796657860279083,0.3735640943050384
4277,0.000870238058269,0.3098262250423431,0.5788316130638123,0.1104719415307045
4278,0.0007409414974972,0.1757243126630783,0.4629718959331512,0.3605628609657287
4279,0.0022707202006131,0.2175866216421127,0.4827370047569275,0.2974056601524353
4280,0.0007625526632182,0.2631347775459289,0.6118066310882568,0.124296061694622
4281,0.0007444755756296,0.176562488079071,0.5029796957969666,0.3197133541107178
4282,0.0017158372793346,0.3647733330726623,0.5649719834327698,0.0685388818383216
4283,0.0005073719657957,0.3427886366844177,0.6016128063201904,0.0550911501049995
4284,0.0012846738100051,0.299954205751419,0.5431469678878784,0.1556142121553421
4285,0.0007857416640035,0.217864379286766,0.5226294994354248,0.2587203681468963
4286,0.0014084426220506,0.2857120633125305,0.5255049467086792,0.1873745620250702
4287,0.0011971733765676,0.3589159548282623,0.5646540522575378,0.075232870876789
4288,0.0003709453740157,0.1618102937936782,0.6300502419471741,0.2077685296535492
4289,0.0003202027000952,0.0874068811535835,0.351144939661026,0.5611279606819153
4290,0.0002443314879201,0.0721156075596809,0.3778587877750397,0.5497812628746033
4291,0.0002568411582615,0.1102998405694961,0.5601488351821899,0.3292945027351379
4292,0.0006313707563094,0.2212986201047897,0.6110250949859619,0.1670449525117874
4293,0.000168776809005,0.0370195768773555,0.1333126276731491,0.8294990062713623
4294,0.0008189723594114,0.1796337515115738,0.527972936630249,0.2915743291378021
4295,0.0004083099775016,0.2050023376941681,0.6721768379211426,0.1224124878644943
4296,0.0021793385967612,0.3962900638580322,0.4931909441947937,0.108339674770832
4297,0.0007209299365058,0.3096016645431518,0.5606162548065186,0.1290611922740936
4298,0.0009900209261104,0.2311566919088363,0.6186073422431946,0.1492459774017334
4299,0.0006638330523855,0.2595697343349457,0.5941610336303711,0.1456054300069809
4300,0.0003794536751229,0.1935144960880279,0.5868253707885742,0.2192806452512741
4301,0.000691415159963,0.4527590572834015,0.5050892233848572,0.0414602495729923
4302,0.0006473042303696,0.2913240194320678,0.561541736125946,0.1464869230985641
4303,0.0005065832519903,0.1775599718093872,0.5469232201576233,0.2750102579593658
4304,0.0010374784469604,0.1256711035966873,0.2921940684318542,0.5810973048210144
4305,0.0020588261540979,0.1882481426000595,0.4111717343330383,0.3985213041305542
4306,0.0015240093925967,0.2124793231487274,0.4569023251533508,0.3290944099426269
4307,0.0004275374230928,0.1223072782158851,0.4010301530361175,0.4762350618839264
4308,0.0013464502990245,0.5604397058486938,0.4297040402889251,0.0085098277777433
4309,0.0006475401460193,0.1511920094490051,0.4307059347629547,0.4174545109272003
4310,0.0014488863525912,0.5754601955413818,0.4144884645938873,0.0086024338379502
4311,0.0010077046463266,0.4606668055057525,0.5139110088348389,0.0244144462049007
4312,0.0006793351494707,0.424477607011795,0.5450400114059448,0.029803005978465
4313,0.0009579198085702,0.3105232715606689,0.5892695784568787,0.0992491915822029
4314,0.0010270167840644,0.2760020494461059,0.5752376914024353,0.1477332562208175
4315,0.0004799001908395,0.2998621761798858,0.6348081827163696,0.064849741756916
4316,0.0008808021666482,0.1872515380382537,0.4933420717716217,0.3185255825519562
4317,0.0002057349483948,0.0465584434568882,0.1899875402450561,0.7632483243942261
4318,0.0003488250658847,0.0967195257544517,0.3375843167304992,0.5653473138809204
4319,0.0001641962153371,0.0462440066039562,0.2072512656450271,0.7463404536247253
4320,0.0006409283960238,0.5473905205726624,0.4467671513557434,0.0052013201639056
4321,0.0004942305968143,0.3445095717906952,0.6336500644683838,0.0213461592793464
4322,0.0006399044650606,0.3756145536899566,0.5909246802330017,0.0328208357095718
4323,0.0029460669029504,0.4802088439464569,0.4654343724250793,0.051410686224699
4324,0.0007103171665221,0.230259358882904,0.6357664465904236,0.133263885974884
4325,0.0003307126462459,0.0772169902920723,0.3150935471057892,0.6073587536811829
4326,0.0001751523814164,0.0996486991643905,0.5060579180717468,0.3941182792186737
4327,0.0003260933153796,0.1216688901185989,0.466404527425766,0.4116005301475525
4328,0.0004652651841752,0.1120816096663475,0.5023149251937866,0.3851382136344909
4329,0.000550799886696,0.111733466386795,0.4023676812648773,0.4853480458259582
4330,0.0012664995156228,0.3003675043582916,0.6067590713500977,0.0916069149971008
4331,0.0010449662804603,0.7059960961341858,0.2897402048110962,0.0032187229953706
4332,0.0007598366355523,0.1565653085708618,0.4898495078086853,0.3528253734111786
4333,0.0012836946407333,0.3141097128391266,0.5777361989021301,0.106870450079441
4334,0.0001633267529541,0.042542241513729,0.2264156639575958,0.7308787107467651
4335,0.0013132417807355,0.3584803342819214,0.5728499293327332,0.067356452345848
4336,0.0002070919581456,0.1072762757539749,0.6469587683677673,0.2455578595399856
4337,0.0001817111624404,0.0884257405996322,0.5088550448417664,0.4025374948978424
4338,0.0004780272138305,0.1284657567739486,0.55802983045578,0.3130263686180115
4339,0.0002840264642145,0.133962795138359,0.6910327076911926,0.1747204363346099
4340,0.0003182565269526,0.1345556080341339,0.4696452021598816,0.3954809308052063
4341,0.0017410316504538,0.2750568985939026,0.5219662189483643,0.2012359052896499
4342,0.0003060771268792,0.0946756526827812,0.3686441779136657,0.5363740921020508
4343,0.0016889433609321,0.4907712638378143,0.4756718277931213,0.0318680256605148
4344,0.000825315946713,0.2552863955497741,0.602905809879303,0.140982523560524
4345,0.0009384112781845,0.6541312336921692,0.3393588364124298,0.0055716042406857
4346,0.0018243363592773,0.3068061769008636,0.5138036608695984,0.1775658130645752
4347,0.0015773309860378,0.7210685014724731,0.2736867368221283,0.0036674041766673
4348,0.0025296078529208,0.2423939406871795,0.4672265648841858,0.2878499329090118
4349,0.0005594614194706,0.6231855154037476,0.3721210658550262,0.0041338917799293
4350,0.001300148316659,0.7873936295509338,0.2086385488510131,0.0026677309069782
4351,0.0008574184612371,0.3981368541717529,0.5703046917915344,0.0307010188698768
4352,0.0021359212696552,0.5308731198310852,0.4470400214195251,0.0199508778750896
4353,0.0016937499167397,0.6221585869789124,0.3600777983665466,0.0160698536783456
4354,0.0004728396597784,0.127071663737297,0.3853400349617004,0.4871154427528381
4355,0.0005989903584122,0.1442957818508148,0.417533665895462,0.4375714957714081
4356,9.446581680094825e-05,0.0185734443366527,0.0723205208778381,0.9090116024017334
4357,0.0010631750337779,0.1873792707920074,0.5594111680984497,0.2521463632583618
4358,0.0005356460460461,0.1310682594776153,0.4037186801433563,0.4646773338317871
4359,0.0005887270672246,0.108739748597145,0.329749196767807,0.5609223246574402
4360,0.000270225922577,0.053967285901308,0.2236881852149963,0.7220743298530579
4361,0.0003021456941496,0.1257636100053787,0.5815250277519226,0.2924091517925262
4362,0.0014057322405278,0.2152517586946487,0.4701530635356903,0.3131894767284393
4363,0.0007066074176691,0.1525847017765045,0.5081846714019775,0.3385239839553833
4364,0.0005336528993211,0.1991115659475326,0.6133068203926086,0.1870479881763458
4365,0.0001304069010075,0.0457082651555538,0.2048502415418625,0.749311089515686
4366,0.0012299033114686,0.2380689978599548,0.5892264246940613,0.1714746505022049
4367,0.0013547772541642,0.2705649137496948,0.6002745032310486,0.1278058141469955
4368,0.0001388557138852,0.0391071438789367,0.1752660721540451,0.7854880094528198
4369,0.0012510712258517,0.2498535811901092,0.6380234956741333,0.1108718514442443
4370,0.0007051940774545,0.2844956219196319,0.6117616295814514,0.1030374765396118
4371,0.0013701781863346,0.324956327676773,0.5976861715316772,0.0759872645139694
4372,0.0007422407506965,0.4356845021247864,0.5422180891036987,0.0213551577180624
4373,0.000397456169594,0.3670339584350586,0.6051366925239563,0.0274318400770425
4374,0.0008442964754067,0.3250156939029693,0.6167713403701782,0.0573686696588993
4375,0.0049016932025551,0.5491275191307068,0.4145032167434692,0.0314675159752368
4376,0.0008816469926387,0.3393939137458801,0.5683778524398804,0.0913466364145279
4377,0.0005311940913088,0.6397786140441895,0.3533192574977875,0.0063709407113492
4378,0.0011922088451683,0.4311399757862091,0.5119913816452026,0.0556764788925647
4379,0.0004547053831629,0.6503556370735168,0.3427133560180664,0.0064762677066028
4380,0.001861922093667,0.3718477189540863,0.549555242061615,0.076735109090805
4381,0.0004669438931159,0.4245177507400512,0.5623946785926819,0.0126205813139677
4382,0.0005230583483353,0.7138605713844299,0.2839541435241699,0.0016622758703306
4383,0.0007033208967186,0.5137865543365479,0.4751748740673065,0.0103352237492799
4384,0.0008317659376189,0.4732130765914917,0.5116653442382812,0.014289797283709
4385,0.0018530911765992,0.4826805889606476,0.4902817010879516,0.0251845344901084
4386,0.0015943421749398,0.3552107512950897,0.5588249564170837,0.0843699499964714
4387,0.0018694951431825,0.3562627136707306,0.5517904758453369,0.0900773182511329
4388,0.0195525251328945,0.637452244758606,0.335913747549057,0.0070814555510878
4389,0.0013032562565058,0.1603511422872543,0.3670473992824554,0.4712981879711151
4390,0.0088284369558095,0.5293914079666138,0.4388808906078338,0.0228992253541946
4391,0.0003432045341469,0.081395611166954,0.2977327704429626,0.6205283999443054
4392,0.001033179461956,0.3349197208881378,0.5970589518547058,0.0669881552457809
4393,0.0012085466878488,0.2957216203212738,0.5611810088157654,0.1418887823820114
4394,0.000394218484871,0.2387459576129913,0.6290118098258972,0.1318480372428894
4395,0.0005182871827855,0.143706664443016,0.4711960554122925,0.3845790028572082
4396,0.0002976361720357,0.1719995141029358,0.7018653750419617,0.1258375346660614
4397,0.0030192616395652,0.5844301581382751,0.3954452574253082,0.0171052813529968
4398,0.0012476261472329,0.3799321353435516,0.5527979731559753,0.0660223066806793
4399,0.0010535296751186,0.4454215764999389,0.5207505226135254,0.0327743478119373
4400,0.0009636273607611,0.183634877204895,0.5397328734397888,0.27566859126091
4401,0.0007096518529579,0.2030128389596939,0.6253235340118408,0.170953944325447
4402,0.0005078646936453,0.3827798068523407,0.5657117962837219,0.0510004684329032
4403,0.000621520273853,0.3481168448925018,0.6109641194343567,0.0402974560856819
4404,0.0011750308331102,0.3522775769233703,0.5456181764602661,0.1009292155504226
4405,0.001239925273694,0.2595115303993225,0.5493858456611633,0.1898626834154129
4406,0.0036469739861786,0.5246061086654663,0.4349137544631958,0.0368331260979175
4407,0.0020952939521521,0.2967288792133331,0.5373066067695618,0.163869246840477
4408,0.001201044418849,0.2398626655340194,0.5405388474464417,0.2183974385261535
4409,0.0009824709268286,0.2559073567390442,0.5950024127960205,0.1481078118085861
4410,0.0006498586153611,0.1339041888713836,0.4124539494514465,0.4529920220375061
4411,0.0011854019248858,0.435429036617279,0.4934057295322418,0.0699798166751861
4412,0.0005142163136042,0.1888850778341293,0.5134428143501282,0.2971579134464264
4413,0.0005093761137686,0.1677217632532119,0.4929616451263428,0.3388072550296783
4414,0.0006651903386227,0.236824169754982,0.604751706123352,0.1577589213848114
4415,0.0002022333646891,0.0790766105055809,0.354396790266037,0.5663244128227234
4416,0.0014626272022724,0.2007598280906677,0.4667805731296539,0.330996960401535
4417,0.0013267974136397,0.3402372598648071,0.5609563589096069,0.0974795967340469
4418,0.0009207825642079,0.1782333552837371,0.4551348090171814,0.3657110929489136
4419,0.0012909243814647,0.2275189757347107,0.5289974212646484,0.2421926856040954
4420,0.0011284761130809,0.2289189994335174,0.6126189827919006,0.157333567738533
4421,0.0012087719514966,0.4876534044742584,0.458107978105545,0.0530298464000225
4422,0.0003323618439026,0.3532651364803314,0.6199996471405029,0.0264027714729309
4423,0.0019203359261155,0.3384495973587036,0.5580090284347534,0.1016209945082664
4424,0.0013947824481874,0.2037947624921798,0.4888782501220703,0.3059321939945221
4425,9.070574742509052e-05,0.0289476923644542,0.1381016969680786,0.8328598737716675
4426,0.0002807122946251,0.1283261328935623,0.5487812757492065,0.3226118385791778
4427,0.0006595739396288,0.1317246407270431,0.3932571709156036,0.4743586778640747
4428,0.0003805775777436,0.0834760665893554,0.2492134869098663,0.6669298410415649
4429,0.0005017188959755,0.1551914811134338,0.5588659644126892,0.2854408323764801
4430,0.0007342748576775,0.1973301470279693,0.5363988876342773,0.2655366957187652
4431,0.0013766677584499,0.2542749047279358,0.5553873777389526,0.1889610588550567
4432,0.0004179075767751,0.2453057020902633,0.6668099761009216,0.0874664261937141
4433,0.0007595995557494,0.1917679607868194,0.5725134015083313,0.2349590212106704
4434,0.0005365927354432,0.3149721026420593,0.646280825138092,0.0382104516029357
4435,0.0005884252605028,0.3563611209392547,0.5875401496887207,0.0555103570222854
4436,0.0003561905468814,0.1229110062122345,0.4861224591732025,0.3906103670597076
4437,0.0027779145166277,0.4820030331611633,0.4457799196243286,0.0694391205906868
4438,0.0005581109435297,0.2396794557571411,0.6314712166786194,0.1282911747694015
4439,0.0002827036369126,0.1766453236341476,0.6165527105331421,0.2065192908048629
4440,0.0005724871298298,0.2536574900150299,0.6278083324432373,0.1179616898298263
4441,0.0008209543884731,0.3015579581260681,0.5997195839881897,0.0979015380144119
4442,0.0008753517176955,0.2427107840776443,0.5732061862945557,0.1832077205181121
4443,0.000640572165139,0.2316508889198303,0.6008566617965698,0.1668518632650375
4444,0.0004612162010744,0.1720846593379974,0.5731294751167297,0.2543246448040008
4445,0.0006388662150129,0.1664075255393982,0.4968011081218719,0.3361524641513824
4446,0.0005997219122946,0.1255194544792175,0.3927156329154968,0.4811652600765228
4447,0.0003411800134927,0.1105983257293701,0.4306431710720062,0.4584172666072845
4448,0.0003945208154618,0.5821869373321533,0.4128323495388031,0.0045861536636948
4449,0.0007767513161525,0.5330498814582825,0.4559417366981506,0.0102316923439502
4450,0.0005099808331578,0.5592618584632874,0.4288009405136108,0.0114271575585007
4451,0.0007897696341387,0.4423542618751526,0.5253086686134338,0.0315472371876239
4452,0.0023764092475175,0.3582444787025451,0.521242618560791,0.1181364804506301
4453,0.0007711888756603,0.5049973130226135,0.4670461416244507,0.0271853469312191
4454,0.0007306389743462,0.2601255178451538,0.6143342852592468,0.1248095780611038
4455,0.0003810505440924,0.2036548852920532,0.5985749959945679,0.197389081120491
4456,0.0022828760556876,0.4151172935962677,0.5330211520195007,0.0495786890387535
4457,0.0004033735604025,0.4220960140228271,0.5505169630050659,0.026983693242073
4458,0.0048818970099091,0.6596991419792175,0.3215116858482361,0.0139072313904762
4459,0.0004762036260217,0.3167428374290466,0.6499141454696655,0.0328668728470802
4460,0.0009574497235007,0.2825959026813507,0.617246150970459,0.0992004871368408
4461,0.0011041869875043,0.2239917665719986,0.5543849468231201,0.2205190956592559
4462,0.0006628283299505,0.1476745158433914,0.4918312430381775,0.3598314225673675
4463,0.0006928040529601,0.172193169593811,0.5387447476387024,0.2883692979812622
4464,0.000507345655933,0.4685122966766357,0.5226632356643677,0.008317089639604
4465,0.0007359145674854,0.4387736916542053,0.5375967621803284,0.0228936318308115
4466,0.0009754577768035,0.2747266292572021,0.5725794434547424,0.1517184674739837
4467,0.0005255094147287,0.5329820513725281,0.4488159120082855,0.017676530405879
4468,0.001160821178928,0.3373101055622101,0.5648881196975708,0.0966409668326377
4469,0.0017378868069499,0.3160166442394256,0.5375624895095825,0.1446829736232757
4470,0.0007933814194984,0.4240277111530304,0.5444623827934265,0.0307164676487445
4471,0.0014828112907707,0.3862326145172119,0.5362308621406555,0.0760537087917327
4472,0.0004128929867874,0.2789571285247803,0.6286396384239197,0.0919902995228767
4473,0.0002843978290911,0.147321730852127,0.660250186920166,0.1921437531709671
4474,0.0003599479678086,0.2284527122974395,0.6508011817932129,0.1203861162066459
4475,0.000268003437668,0.1324717700481414,0.683341383934021,0.1839188486337661
4476,0.0002957814140245,0.0989253520965576,0.4433526396751404,0.4574261903762817
4477,0.0003846454201266,0.1731125116348266,0.6042219996452332,0.2222808748483657
4478,0.0002266613446408,0.1036170274019241,0.5344973206520081,0.3616590201854706
4479,0.0004220387490931,0.3083057403564453,0.6526832580566406,0.0385889858007431
4480,0.0013105841353535,0.3991044163703918,0.5541015863418579,0.0454834252595901
4481,0.0008339993073605,0.3753474950790405,0.59050452709198,0.0333139859139919
4482,0.0008312869467772,0.4108978807926178,0.5529235601425171,0.03534721955657
4483,0.0004952482995577,0.1936503052711486,0.686549961566925,0.1193044856190681
4484,0.0021578725427389,0.2235751897096634,0.4960232377052307,0.2782438099384308
4485,0.0005521009443327,0.3615320324897766,0.5960655212402344,0.0418503656983375
4486,0.0004190054023638,0.0651702731847763,0.1885764449834823,0.7458342909812927
4487,0.0022637511137872,0.4116395711898803,0.5122937560081482,0.0738029107451438
4488,0.0001002714925562,0.0410894379019737,0.2852172553539276,0.6735930442810059
4489,0.0008777643088251,0.198640763759613,0.5571017265319824,0.2433797270059585
4490,6.349810428218916e-05,0.0196412075310945,0.1451299637556076,0.8351653814315796
4491,0.0001026901372824,0.0383147858083248,0.2498438060283661,0.7117387056350708
4492,0.0004041505162604,0.0859191939234733,0.2688173651695251,0.6448593139648438
4493,8.55494654388167e-05,0.0202892161905765,0.0895202159881591,0.8901050090789795
4494,0.000158296606969,0.0467220097780227,0.2335953414440155,0.7195243239402771
4495,0.0009043361642397,0.183450698852539,0.4986706674098968,0.3169743418693542
4496,0.0006170091801322,0.2096110433340072,0.5522515177726746,0.2375204414129257
4497,0.0021553882397711,0.3100460469722748,0.5192294120788574,0.1685691177845001
4498,0.0010364514309912,0.2169252187013626,0.5203765630722046,0.2616617679595947
4499,0.0003435447870288,0.1096383482217788,0.4762472808361053,0.4137707948684692
4500,0.0003578275791369,0.7563815712928772,0.2417540699243545,0.0015065104234963
4501,0.0027569900266826,0.5092247724533081,0.4564661383628845,0.0315520800650119
4502,0.0001956551132025,0.0614730082452297,0.2670265734195709,0.6713047623634338
4503,0.0013051305431872,0.5024157762527466,0.46465864777565,0.0316204205155372
4504,0.00049408164341,0.3723914325237274,0.595079779624939,0.0320347249507904
4505,0.0004346804926171,0.3175406754016876,0.6515511870384216,0.030473455786705
4506,9.6927338745445e-05,0.1062937304377555,0.7263858318328857,0.1672235131263733
4507,0.0002677392330951,0.2758226990699768,0.6720839738845825,0.0518255531787872
4508,0.000578491250053,0.4788647294044494,0.4864057600498199,0.0341510400176048
4509,0.0002005829446716,0.404579222202301,0.5795329809188843,0.0156872402876615
4510,0.0005341331707313,0.3038821220397949,0.6043417453765869,0.0912419557571411
4511,0.0008727223030291,0.1336349993944168,0.3689780533313751,0.496514230966568
4512,0.0005904383142478,0.2918485105037689,0.6082645654678345,0.0992964580655098
4513,0.0003909970400854,0.1458851546049118,0.5091891884803772,0.3445346653461456
4514,0.0011876681819558,0.2906128168106079,0.5870540738105774,0.1211454421281814
4515,0.0010922802612185,0.3173935413360595,0.6117920875549316,0.0697221085429191
4516,0.0010371408425271,0.1915631890296936,0.5372522473335266,0.2701473832130432
4517,0.0004405459039844,0.1384153962135315,0.4907252192497253,0.3704188168048858
4518,0.0005579452263191,0.3224282264709472,0.6312837600708008,0.0457300432026386
4519,0.0008547226898372,0.1680517345666885,0.4862737953662872,0.3448197245597839
4520,0.0003756966616492,0.3524035215377807,0.6088986396789551,0.0383221060037612
4521,0.0006886993069201,0.3979890346527099,0.5439865589141846,0.0573357567191123
4522,0.0004075964970979,0.2885944843292236,0.6402748227119446,0.0707231163978576
4523,0.0003212001174688,0.3577856421470642,0.608613908290863,0.033279251307249
4524,0.0005595134571194,0.4283486008644104,0.5414833426475525,0.0296085253357887
4525,0.0010085944086313,0.29307621717453,0.5738153457641602,0.1320998072624206
4526,0.0012244135141372,0.2903862595558166,0.5775020122528076,0.1308873444795608
4527,0.0011619376018643,0.4989914298057556,0.4761409759521484,0.0237056631594896
4528,0.0006832482758909,0.5744873285293579,0.4203039109706878,0.0045255003497004
4529,0.0007088556885719,0.6344583630561829,0.3615034520626068,0.0033293319866061
4530,0.0029312428086996,0.2722379863262176,0.4350350201129913,0.2897958159446716
4531,0.0008416113560087,0.6858699321746826,0.309145838022232,0.0041425563395023
4532,0.0001182509367936,0.0365773327648639,0.1564214080572128,0.8068830370903015
4533,4.470717613003217e-05,0.0089285466820001,0.0513802431523799,0.9396464228630066
4534,3.777815072680824e-05,0.006763061042875,0.0354359075427055,0.9577631950378418
4535,6.263684917939827e-05,0.0112132765352725,0.0551936812698841,0.9335303902626038
4536,0.0012526415521278,0.7126600742340088,0.2834765911102295,0.0026107293087989
4537,0.0070751612074673,0.2004049718379974,0.3409003615379333,0.4516195952892303
4538,0.0016955505125224,0.1599534004926681,0.3897507488727569,0.4486003816127777
4539,0.0031422511674463,0.2575437128543854,0.4520033001899719,0.287310779094696
4540,0.0004479822237044,0.070774458348751,0.2979716360569,0.6308059096336365
4541,0.000433444220107,0.0706513971090316,0.3644476234912872,0.5644674897193909
4542,0.0002064361178781,0.0505132526159286,0.2409852594137191,0.7082950472831726
4543,0.001046362100169,0.244311586022377,0.6238715052604675,0.1307705640792846
4544,0.0002251176774734,0.0752915516495704,0.2841473519802093,0.6403359770774841
4545,0.000410097913118,0.1268513053655624,0.4159294366836548,0.4568091332912445
4546,0.0016143267275765,0.5315476655960083,0.4271105527877807,0.0397274680435657
4547,0.0003734301135409,0.146017387509346,0.6052252054214478,0.2483839243650436
4548,0.0003226069966331,0.7607498168945312,0.2356692999601364,0.0032582152634859
4549,0.000865603564307,0.2805976569652557,0.6033797264099121,0.1151570379734039
4550,0.0004077697230968,0.1241756901144981,0.4988584518432617,0.3765580952167511
4551,0.0006513568223454,0.1260813474655151,0.4909303784370422,0.3823369741439819
4552,0.0003245515108574,0.2950630486011505,0.6860421299934387,0.0185703095048666
4553,0.0006634952733293,0.6522262096405029,0.3383705019950866,0.0087398365139961
4554,0.0003534306888468,0.2502429187297821,0.7355048060417175,0.0138988634571433
4555,0.0006091544055379,0.2873113751411438,0.6680188775062561,0.0440606251358985
4556,0.0002699108736123,0.1398172974586486,0.6364853978157043,0.223427414894104
4557,0.0007048202678561,0.3074500262737274,0.621066153049469,0.0707790106534957
4558,0.0003051600360777,0.0973882973194122,0.3675396144390106,0.5347669720649719
4559,0.0004835093277506,0.1077232360839843,0.3532108962535858,0.5385823249816895
4560,0.0009064783225767,0.3031754791736603,0.5843860507011414,0.1115320324897766
4561,0.0003798511461354,0.1439583748579025,0.5693663954734802,0.2862954139709472
4562,0.0003166450478602,0.0934593081474304,0.4672671556472778,0.4389568865299225
4563,0.0002459335082676,0.086200937628746,0.6173468828201294,0.2962062656879425
4564,0.0004144851700402,0.2471281290054321,0.6116480231285095,0.1408093720674514
4565,0.0008331969147548,0.2875120341777801,0.6279840469360352,0.0836707726120948
4566,0.0001775499404175,0.0694249719381332,0.3581212759017944,0.5722761154174805
4567,0.0001644362346269,0.2543007731437683,0.7132040858268738,0.0323307104408741
4568,0.0006569891702383,0.3197093307971954,0.5880354642868042,0.0915982574224472
4569,0.0006670377333648,0.3049328029155731,0.5786607265472412,0.1157394275069236
4570,0.0002304906665813,0.0505559220910072,0.2062997221946716,0.7429138422012329
4571,0.0004887899849563,0.1253428161144256,0.3626914322376251,0.5114769339561462
4572,0.0005999385612085,0.1275421530008316,0.4665298163890838,0.4053281247615814
4573,0.0010268465848639,0.4549750387668609,0.4843184053897857,0.059679739177227
4574,0.0002510669874027,0.4006004333496094,0.5828701853752136,0.0162784066051244
4575,0.000662928330712,0.1896464675664901,0.5661797523498535,0.2435108870267868
4576,0.0004903965163975,0.4599919021129608,0.5131580233573914,0.026359636336565
4577,0.0005650207167491,0.3421868979930877,0.5820795297622681,0.075168490409851
4578,0.0004965408588759,0.1972132176160812,0.6170255541801453,0.1852646619081497
4579,0.0005417017964646,0.1389112472534179,0.3603084087371826,0.5002386569976807
4580,0.0001951253507286,0.5637646913528442,0.4255518913269043,0.0104883164167404
4581,0.0006560428300872,0.3192487955093384,0.5871884226799011,0.0929067060351371
4582,0.0005012134788557,0.4280657768249511,0.5583029985427856,0.0131300278007984
4583,0.0003388279874343,0.662395179271698,0.3330731987953186,0.0041927727870643
4584,8.537692337995395e-05,0.0259993243962526,0.1129359081387519,0.8609793782234192
4585,0.0025241775438189,0.2698294818401336,0.5450705289840698,0.1825757622718811
4586,0.0031024131458252,0.2836682200431824,0.505693256855011,0.2075361013412475
4587,0.0003282250254414,0.1303625106811523,0.6219247579574585,0.2473845779895782
4588,0.0008724806830286,0.2419147193431854,0.6081735491752625,0.1490393429994583
4589,0.004584546200931,0.4324930012226105,0.4900787770748138,0.0728437080979347
4590,0.0055869277566671,0.362239122390747,0.5108391046524048,0.1213349178433418
4591,0.0127848563715815,0.790971040725708,0.1908306628465652,0.0054134489037096
4592,0.0003467784263193,0.1942324489355087,0.6468929052352905,0.1585279256105423
4593,0.0006739841192029,0.2362348139286041,0.6032467484474182,0.1598444879055023
4594,0.0006508801016025,0.3820571601390838,0.5558898448944092,0.0614021681249141
4595,0.0003338011156301,0.1899080574512481,0.5581707954406738,0.251587301492691
4596,0.0022311359643936,0.6901340484619141,0.2968229949474334,0.0108117759227752
4597,0.0007366104982793,0.3641001284122467,0.5909928679466248,0.04417035728693
4598,0.0004354035190772,0.9060938954353333,0.0925633162260055,0.0009074588888324
4599,0.0001337228168267,0.0583312958478927,0.2739686667919159,0.6675663590431213
4600,0.0003143923531752,0.1437228173017501,0.5957144498825073,0.2602483928203583
4601,0.0015270129078999,0.2063478827476501,0.5187585353851318,0.2733665406703949
4602,0.0001986127026611,0.050141617655754,0.2355036735534668,0.7141560316085815
4603,0.0007065874524414,0.2151728719472885,0.5325579643249512,0.2515625655651092
4604,0.0006400256534107,0.3999153971672058,0.5818734765052795,0.0175710562616586
4605,0.0003268152358941,0.1076101213693618,0.4460315406322479,0.4460315406322479
4606,0.0003482232277747,0.0623390711843967,0.2012329846620559,0.7360796928405762
4607,0.0025585852563381,0.8165428638458252,0.1793706715106964,0.0015278010396286
4608,0.0004778839647769,0.3774687051773071,0.5938416123390198,0.0282117240130901
4609,0.0004206259909551,0.1806368827819824,0.5477744936943054,0.271168053150177
4610,0.0005484138382598,0.2586627006530761,0.6204995512962341,0.1202893182635307
4611,0.0010317101841792,0.2125851958990097,0.5600873827934265,0.2262957543134689
4612,0.0005983381997793,0.1071147695183754,0.3567466735839844,0.5355401635169983
4613,0.0006030238000676,0.4616589248180389,0.523128092288971,0.0146099291741848
4614,0.0020179511047899,0.2123705595731735,0.4861210584640503,0.2994905114173889
4615,0.0001889103878056,0.0492060966789722,0.2275266796350479,0.7230783104896545
4616,0.0010502886725589,0.2912159562110901,0.5701730847358704,0.1375606805086136
4617,0.0011217646533623,0.2422337085008621,0.5290870666503906,0.2275575101375579
4618,0.0006007019546814,0.2833247184753418,0.5997983813285828,0.1162762120366096
4619,0.0010829552775248,0.2231442928314209,0.5107823610305786,0.2649903893470764
4620,2.830440462275874e-05,0.0056527215056121,0.0287068914622068,0.9656120538711548
4621,0.002505054930225,0.3082190155982971,0.5242982506752014,0.1649777442216873
4622,0.0027944019529968,0.3130516409873962,0.5242628455162048,0.159891128540039
4623,0.0024927256163209,0.3938132524490356,0.505666196346283,0.0980278626084327
4624,0.0003909136576112,0.2811410427093506,0.6639663577079773,0.0545016787946224
4625,0.000268003786914,0.0842042863368988,0.3490170836448669,0.5665106177330017
4626,0.0009828795446082,0.2993104159832001,0.5419811606407166,0.1577255129814148
4627,0.0003940327151212,0.21390962600708,0.6798033714294434,0.1058929488062858
4628,0.0013094777241349,0.176951989531517,0.4962740838527679,0.3254644870758056
4629,0.0013851922703906,0.3552117347717285,0.5416332483291626,0.1017698720097541
4630,0.0004782541655004,0.434800386428833,0.5327285528182983,0.0319928340613842
4631,0.0006554471910931,0.3614278733730316,0.58665531873703,0.051261369138956
4632,0.0006036421400494,0.2759518325328827,0.672398567199707,0.0510459542274475
4633,0.0004021178756374,0.228775218129158,0.5751408338546753,0.1956818252801895
4634,0.0002576415718067,0.110643595457077,0.4514949321746826,0.4376038908958435
4635,0.0003331407497171,0.1114203333854675,0.3888951539993286,0.4993512630462646
4636,0.0007608385058119,0.3216747045516968,0.5824776887893677,0.0950868651270866
4637,0.0002610830124467,0.133147582411766,0.4434491693973541,0.4231421649456024
4638,0.0012167795794084,0.3120248019695282,0.5144419074058533,0.1723164618015289
4639,0.0006584232323803,0.6783021092414856,0.3154397904872894,0.0055997264571487
4640,0.0022243694402277,0.3353244364261627,0.5113086700439453,0.1511425524950027
4641,0.0003231602895539,0.1957117915153503,0.6417142748832703,0.1622507870197296
4642,0.0006795931258238,0.2202997505664825,0.617845892906189,0.1611747443675995
4643,0.000478687841678,0.2188296169042587,0.6740427017211914,0.1066490486264228
4644,9.827527537709102e-05,0.0478235036134719,0.2709386050701141,0.6811395883560181
4645,0.0001084215618902,0.1526689231395721,0.7999280095100403,0.0472946278750896
4646,0.0005557631957344,0.2073611468076706,0.7014937400817871,0.0905893743038177
4647,0.0005889096646569,0.2865799367427826,0.6458178162574768,0.0670133978128433
4648,0.000422687997343,0.2224058955907821,0.6335753798484802,0.1435960382223129
4649,0.0008389891008846,0.1433182209730148,0.4212356209754944,0.4346070885658264
4650,0.000527866592165,0.0944989100098609,0.2692023515701294,0.6357709169387817
4651,0.0019662475679069,0.351998507976532,0.5451859831809998,0.100849263370037
4652,0.0017393863527104,0.406123548746109,0.5380262732505798,0.0541107282042503
4653,0.0001188604001072,0.0260708928108215,0.0968651100993156,0.8769451379776001
4654,0.0006479158182628,0.3008556365966797,0.627036988735199,0.0714594721794128
4655,0.0002970290370285,0.0947933942079544,0.4665894210338592,0.4383202195167541
4656,0.0024205520749092,0.3481890857219696,0.5309249758720398,0.1184653714299202
4657,0.0008800552459433,0.7754778265953064,0.2187335640192031,0.004908553790301
4658,0.0033812620677053,0.6752777099609375,0.3091646730899811,0.0121763916686177
4659,0.0009467953932471,0.747850239276886,0.24661485850811,0.0045880391262471
4660,0.0016709545161575,0.6741111278533936,0.3134908080101013,0.0107270656153559
4661,0.0006141290068626,0.2119180709123611,0.5583297610282898,0.2291380614042282
4662,0.0020280093885958,0.3464296758174896,0.5200524926185608,0.1314898580312729
4663,0.0002789231075439,0.1538042724132537,0.5203131437301636,0.3256036639213562
4664,0.0004900599014945,0.270229697227478,0.628302812576294,0.1009774506092071
4665,0.0006873284582979,0.416258692741394,0.551453173160553,0.031600784510374
4666,0.0011913656489923,0.5532031059265137,0.4241555333137512,0.0214500110596418
4667,0.0002927254827227,0.1276899427175521,0.4598291516304016,0.412188172340393
4668,0.0003582813660614,0.1074137538671493,0.3467358648777008,0.5454921126365662
4669,0.001353139989078,0.8454996347427368,0.1515897512435913,0.0015574544668197
4670,0.0006009088829159,0.2173074185848236,0.6693540215492249,0.1127376109361648
4671,0.0016015864675864,0.4653871953487396,0.4954020977020263,0.0376090519130229
4672,0.0004586648137774,0.3298669457435608,0.6067181825637817,0.0629562139511108
4673,0.0030933753587305,0.2575304210186004,0.4736709296703338,0.2657053172588348
4674,0.0024676695466041,0.7999299764633179,0.1929921060800552,0.0046102139167487
4675,0.0064825555309653,0.7610809803009033,0.2249751091003418,0.0074613760225474
4676,0.0005761194624938,0.1168697252869606,0.4550625383853912,0.427491694688797
4677,0.0002720179036259,0.0881784558296203,0.3542445600032806,0.5573049187660217
4678,0.0007212007185444,0.3049162626266479,0.5786293745040894,0.115733154118061
4679,0.0001539525110274,0.0382641702890396,0.1561416983604431,0.8054401874542236
4680,0.0009339231182821,0.2756518721580505,0.5481992363929749,0.1752150058746338
4681,0.0009308297885581,0.2747388780117035,0.5726050138473511,0.1517252326011657
4682,0.0009559532045386,0.2734732329845428,0.5880598425865173,0.1375109702348709
4683,0.0002958072582259,0.1020744815468788,0.3792527019977569,0.5183770060539246
4684,0.0003989710530731,0.1852596998214721,0.5530833005905151,0.261258065700531
4685,0.0008076052763499,0.5899678468704224,0.3930033445358276,0.0162211842834949
4686,0.001244023675099,0.4864339530467987,0.4641585350036621,0.0481634847819805
4687,0.0030748136341571,0.3235955238342285,0.4708287119865417,0.2025009095668792
4688,0.000326552108163,0.1540202796459198,0.6383962631225586,0.2072569131851196
4689,0.0003609240520745,0.1016501784324646,0.4279632270336151,0.4700256586074829
4690,0.0002199822483817,0.0691163688898086,0.314636081457138,0.6160275340080261
4691,0.0002710022963583,0.0799876302480697,0.3815996348857879,0.5381417274475098
4692,0.0005744528025388,0.1695525050163269,0.6705931425094604,0.1592798382043838
4693,0.0006425875471904,0.2759577631950378,0.6218804121017456,0.10151918977499
4694,0.0008041156106628,0.4231018126010895,0.5348507761955261,0.0412432625889778
4695,0.0009552265400998,0.3853658735752105,0.5607039928436279,0.0529748983681201
4696,0.0003447681083343,0.2681018114089966,0.643142819404602,0.0884105935692787
4697,0.0025331538636237,0.5138673186302185,0.4327197074890136,0.0508797578513622
4698,0.0014887631405144,0.610068142414093,0.38177090883255,0.0066721732728183
4699,0.0046910573728382,0.4936901330947876,0.422275573015213,0.0793432220816612
4700,0.0010942564113065,0.2151477485895156,0.524240255355835,0.2595177292823791
4701,0.001189389033243,0.3456113040447235,0.5698167085647583,0.0833826065063476
4702,0.0003237135824747,0.2256485968828201,0.6842708587646484,0.0897568017244339
4703,0.0003601955831982,0.2395810782909393,0.6719217300415039,0.0881369486451149
4704,0.000292609038297,0.2499053329229354,0.679313063621521,0.0704890340566635
4705,0.0002007027069339,0.0556492991745471,0.28706094622612,0.6570889949798584
4706,5.6623448472237214e-05,0.0101367551833391,0.0483597554266452,0.9414469003677368
4707,4.646709203370847e-05,0.0111938454210758,0.0568470321595668,0.9319126605987548
4708,4.95722379127983e-05,0.0117567284032702,0.0687207132577896,0.9194730520248412
4709,0.0002691006229724,0.1438225358724594,0.6150509715080261,0.2408574074506759
4710,0.0006896063569001,0.3462342619895935,0.6076601147651672,0.0454160533845424
4711,0.0012317498913034,0.4454392492771148,0.5289722084999084,0.024356797337532
4712,0.0008716852753423,0.2825691401958465,0.6076191067695618,0.1089401021599769
4713,0.0009016743861138,0.166542112827301,0.4744343161582947,0.3581218123435974
4714,0.0004240399575792,0.1938476264476776,0.6661050915718079,0.1396232098340988
4715,0.0006306245340965,0.189063012599945,0.5220196843147278,0.2882866263389587
4716,0.0031820517033338,0.3509525954723358,0.4949225187301636,0.1509428322315216
4717,0.0070513417012989,0.7537742853164673,0.2335083782672882,0.0056659127585589
4718,0.000743769633118,0.1763950735330581,0.4720576405525207,0.3508034646511078
4719,0.0008308024844154,0.1822285801172256,0.4371436238288879,0.3797969818115234
4720,0.0006035661208443,0.1673521697521209,0.4549103081226349,0.3771339058876037
4721,0.0004323745088186,0.4250308573246002,0.5543447732925415,0.0201920066028833
4722,0.0003484055632725,0.3022446930408478,0.6601631045341492,0.0372438542544841
4723,0.0008146982872858,0.6045216917991638,0.3783000111579895,0.0163636524230241
4724,0.0027519818395376,0.5163043141365051,0.4556369483470917,0.0253067538142204
4725,0.00027755839983,0.079402208328247,0.2859383225440979,0.634381890296936
4726,0.0004490805440582,0.1410969048738479,0.4924765825271606,0.3659775257110595
4727,0.0011248963419348,0.2585763037204742,0.5389193296432495,0.2013794481754303
4728,0.0007053745212033,0.2081946730613708,0.5152868032455444,0.2758131623268127
4729,0.0005619793082587,0.1607675999403,0.4875216782093048,0.3511486947536468
4730,0.0008434299379587,0.305010586977005,0.552302896976471,0.1418431103229522
4731,0.0005283126374706,0.1712600141763687,0.5977561473846436,0.230455532670021
4732,0.0007286116015166,0.1927724480628967,0.5665897130966187,0.2399092018604278
4733,0.001060280832462,0.1989212185144424,0.5323407649993896,0.267677754163742
4734,0.0007160527748055,0.7610875964164734,0.2357739359140396,0.002422375138849
4735,0.0007011705311015,0.2005865722894668,0.5714179277420044,0.2272943556308746
4736,0.0006105592474341,0.7587103247642517,0.2387387901544571,0.0019403530750423
4737,0.0001861394994193,0.0632355138659477,0.2878648638725281,0.6487134695053101
4738,0.0010553073370829,0.5381875038146973,0.4531993269920349,0.0075578144751489
4739,0.0008799454080872,0.3898861110210418,0.5762142539024353,0.0330197066068649
4740,0.0009098580922,0.2903707027435303,0.6051845550537109,0.1035348623991012
4741,0.0003753233759198,0.1160948798060417,0.520301103591919,0.3632287085056305
4742,0.0036958283744752,0.3597213625907898,0.5233914852142334,0.1131913438439369
4743,0.0006708077853545,0.2174518555402755,0.6098587512969971,0.1720185577869415
4744,0.0010308934142813,0.3042731285095215,0.5509675145149231,0.1437284648418426
4745,0.0004276480758562,0.1386281698942184,0.440559446811676,0.420384794473648
4746,0.0007947047124616,0.2576147615909576,0.6179856657981873,0.1236049085855484
4747,0.0011768256081268,0.3113586902618408,0.6289618611335754,0.0585025660693645
4748,0.0010817155707627,0.3506534099578857,0.5781297087669373,0.0701350942254066
4749,0.0007332488312385,0.1712038218975067,0.4237335324287414,0.404329389333725
4750,0.0005273112328723,0.7542022466659546,0.2410575300455093,0.004212939646095
4751,0.001883013639599,0.5645328164100647,0.4130210280418396,0.0205631069839
4752,0.0016037037130445,0.4660024344921112,0.4883663356304168,0.0440275594592094
4753,0.0013175065396353,0.6614874005317688,0.3274599909782409,0.0097351297736167
4754,0.000599785533268,0.135733276605606,0.4520608782768249,0.411606103181839
4755,0.0006623682565987,0.1386310905218124,0.3124099671840668,0.5482966303825378
4756,0.0015020266873762,0.6551998853683472,0.3399132192134857,0.0033848695456981
4757,0.0001067656921804,0.0209917891770601,0.1001462265849113,0.8787552118301392
4758,5.702991256839596e-05,0.023737845942378,0.1523904055356979,0.8238147497177124
4759,0.0001351820828858,0.031563214957714,0.1414565145969391,0.826845109462738
4760,0.0009245364926755,0.1761854737997055,0.4499053657054901,0.3729846775531769
4761,0.0009900862351059,0.1058382242918014,0.2745234668254852,0.6186481714248657
4762,0.0010850667022168,0.2916024625301361,0.5799207091331482,0.1273916810750961
4763,0.0016912394203245,0.1894663870334625,0.4763184487819671,0.3325238525867462
4764,0.00037418762804,0.2488877773284912,0.6660581827163696,0.084679789841175
4765,0.0004120232479181,0.2698050141334533,0.6782897710800171,0.051493190228939
4766,0.0021579477470368,0.3153025805950165,0.544793963432312,0.1377454847097396
4767,0.0003430730721447,0.1450477838516235,0.6500590443611145,0.2045501321554184
4768,0.0003065998025704,0.1401604861021042,0.5719422698020935,0.2875906229019165
4769,0.0004910246934741,0.5469536781311035,0.4394896030426025,0.0130656817927956
4770,0.0008668639347888,0.7758830189704895,0.2188478410243988,0.0044022984802722
4771,0.0006031445227563,0.1452965140342712,0.4270501732826233,0.4270501732826233
4772,0.0006604341906495,0.1339735239744186,0.419166088104248,0.4461999833583832
4773,0.0005676943110302,0.0829470753669738,0.2219778895378112,0.694507360458374
4774,0.0007084858370944,0.1933979094028473,0.5016360282897949,0.3042576313018799
4775,0.0019195300992578,0.3278989195823669,0.5078597664833069,0.1623217463493347
4776,0.0005389141151681,0.1565970331430435,0.521547794342041,0.3213162720203399
4777,0.0003589966800063,0.079982504248619,0.2705773115158081,0.6490812301635742
4778,0.0034341390710324,0.5176975727081299,0.4291863739490509,0.049681931734085
4779,0.0005285927327349,0.7923181056976318,0.2034841328859329,0.0036691611167043
4780,0.0002281737251905,0.06326624751091,0.2010597288608551,0.7354459166526794
4781,0.0014251652173697,0.1571833342313766,0.4141228795051574,0.4272685647010803
4782,0.0051377736963331,0.3774714171886444,0.5407028794288635,0.0766879767179489
4783,0.0010945209069177,0.2290789633989334,0.5941855907440186,0.1756409257650375
4784,0.000213531369809,0.0650254338979721,0.2571805417537689,0.6775805354118347
4785,0.0001021443749777,0.0217150803655385,0.0832424089312553,0.8949402570724487
4786,0.0001329767837887,0.0451750196516513,0.2024603933095932,0.7522315979003906
4787,0.0001164059067377,0.0218391232192516,0.0919461399316787,0.886098325252533
4788,0.0001760632876539,0.032519444823265,0.1286168992519378,0.838687539100647
4789,0.0009450772777199,0.2105580568313598,0.546146035194397,0.2423508316278457
4790,0.0009685778059065,0.2858803868293762,0.5958259105682373,0.1173250675201416
4791,0.0008978845435194,0.5108296871185303,0.4651157259941101,0.0231567490845918
4792,0.0008026940049603,0.4566733241081238,0.5256277322769165,0.0168962776660919
4793,0.0007861568592488,0.7147273421287537,0.2798912227153778,0.0045952633954584
4794,0.0005611282540485,0.2335612326860427,0.6758317947387695,0.0900458768010139
4795,0.0004503790405578,0.5016784071922302,0.4712832272052765,0.0265879798680543
4796,0.0007210439071059,0.3001237213611603,0.6158138513565063,0.0833413451910018
4797,0.000546924828086,0.1092273145914077,0.3525900840759277,0.5376356840133667
4798,0.001052446430549,0.4963927268981933,0.4736612439155578,0.028893519192934
4799,0.0002644816413521,0.4422571659088135,0.541864812374115,0.0156135875731706
4800,0.0004350298258941,0.1098273172974586,0.3657808005809784,0.523956835269928
4801,0.0001726388436509,0.0605107769370079,0.2248248010873794,0.7144917845726013
4802,0.0008711204864084,0.3150243759155273,0.5443133115768433,0.1397912204265594
4803,8.82823223946616e-05,0.03617649897933,0.1780669540166854,0.7856682538986206
4804,0.0003903284668922,0.0970142930746078,0.3083107769489288,0.5942845940589905
4805,0.0007575952331535,0.6369996070861816,0.3517845571041107,0.0104582794010639
4806,0.0007383167394436,0.1835051327943802,0.4834716320037842,0.3322848677635193
4807,0.0005931567866355,0.3270795345306396,0.6015913486480713,0.0707359090447425
4808,0.000431812426541,0.7686309814453125,0.2272068858146667,0.0037302903365343
4809,0.0010320162400603,0.1936184465885162,0.5101166367530823,0.2952328622341156
4810,0.0013101804070174,0.2102484405040741,0.4965403974056244,0.291901022195816
4811,0.0004845255170948,0.1430100351572036,0.4616420865058899,0.3948633968830108
4812,0.00140022020787,0.4068743884563446,0.564889132976532,0.0268362741917371
4813,0.0006625856622122,0.1672759056091308,0.4993936121463775,0.3326678872108459
4814,0.0002108386397594,0.0622300393879413,0.2788956761360168,0.6586635112762451
4815,0.0006900573498569,0.1537410169839859,0.5200991630554199,0.3254697620868683
4816,0.0004489383427426,0.1367124915122985,0.4482630491256714,0.4145755171775818
4817,0.0003259234945289,0.0889685079455375,0.3305580615997314,0.5801475048065186
4818,0.0022010488901287,0.2504624426364898,0.4679254591464996,0.2794110476970672
4819,0.0061004655435681,0.365810364484787,0.4412515163421631,0.1868376582860946
4820,0.0010540790390223,0.1745205223560333,0.4186529517173767,0.4057723581790924
4821,0.0007368715014308,0.4532905220985412,0.5136454701423645,0.0323271788656711
4822,0.0004240321868564,0.2568016946315765,0.6872369647026062,0.0555372647941112
4823,0.0006967330700717,0.5767431259155273,0.4154125154018402,0.007147567346692
4824,0.0004222789721097,0.6530547142028809,0.338800311088562,0.0077226753346621
4825,0.0041480609215795,0.4165539145469665,0.4946700036525726,0.0846280604600906
4826,0.0012271692976355,0.5353041291236877,0.423460453748703,0.0400082245469093
4827,0.0004499565111473,0.2259120345115661,0.5679427981376648,0.205695241689682
4828,0.0001734278048388,0.0536446198821067,0.205640822649002,0.7405411005020142
4829,9.697444329503924e-05,0.0828218758106231,0.810735821723938,0.1063453927636146
4830,0.0007278936682268,0.2551303505897522,0.6721789836883545,0.0719628185033798
4831,0.000863459194079,0.2670848369598388,0.6018849611282349,0.1301667541265487
4832,0.0004121086094528,0.386557936668396,0.5802921652793884,0.0327378436923027
4833,0.0001867293176474,0.0840389057993888,0.4543100297451019,0.4614643454551697
4834,0.0005204632761888,0.1072421073913574,0.3303289413452148,0.561908483505249
4835,0.0004222902934998,0.0804742872714996,0.2557467520236969,0.663356602191925
4836,0.0035678821150213,0.4821340441703796,0.4673003256320953,0.0469976291060447
4837,0.0003853038069792,0.1789133995771408,0.7187595367431641,0.101941779255867
4838,0.0005757181206718,0.1780808866024017,0.6826537847518921,0.1386895328760147
4839,0.0010539176873862,0.3209432363510132,0.6186342835426331,0.0593685321509838
4840,0.0005944276344962,0.2019395977258682,0.6220177412033081,0.1754481643438339
4841,0.000372010632418,0.3079437911510467,0.6519169807434082,0.0397671870887279
4842,0.0002392407186562,0.1239297464489936,0.6293672323226929,0.2464637458324432
4843,0.0003232474555261,0.1206070557236671,0.602997362613678,0.2760723233222961
4844,0.0003985331859439,0.2032446563243866,0.6875678300857544,0.1087890341877937
4845,0.0002489221806172,0.0658586025238037,0.2687442004680633,0.6651482582092285
4846,0.0002539932029321,0.0523356236517429,0.21356201171875,0.7338482737541199
4847,0.0001630437764106,0.0282901432365179,0.1051106378436088,0.8664361834526062
4848,8.501705451635644e-05,0.0154594657942652,0.0574388839304447,0.9270166754722596
4849,0.0015511905075982,0.2865098118782043,0.5609589219093323,0.1509800553321838
4850,0.0009690932347439,0.7419118881225586,0.2524228096008301,0.004696091171354
4851,0.0012222329387441,0.2598370015621185,0.6041390895843506,0.1348016560077667
4852,0.0009608454420231,0.5552582144737244,0.432435542345047,0.0113453529775142
4853,0.0004627983726095,0.3488130569458008,0.5841519832611084,0.0665721371769905
4854,0.0001807698718039,0.0643585324287414,0.2752265334129333,0.6602341532707214
4855,0.0021834094077348,0.3395980596542358,0.5426760911941528,0.1155424043536186
4856,0.0014268883969634,0.3834641277790069,0.5407711267471313,0.0743379145860672
4857,0.0003248750872444,0.5348228216171265,0.4574581980705261,0.0073941233567893
4858,0.0001184781140182,0.7360867261886597,0.2624598443508148,0.0013348887441679
4859,0.0007542035891674,0.5684464573860168,0.4224335253238678,0.0083658434450626
4860,0.0009677982307039,0.3784251809120178,0.5506054162979126,0.0700016170740127
4861,0.0005322711076587,0.1865636855363845,0.5657473206520081,0.2471567094326019
4862,0.0005191480740904,0.1998483538627624,0.5966370105743408,0.2029955238103866
4863,0.0002465924480929,0.1092601418495178,0.5377972722053528,0.3526960611343384
4864,0.0006641465588472,0.4149871468544006,0.5672202110290527,0.0171285662800073
4865,0.000572795222979,0.2967152595520019,0.5809402465820312,0.1217716857790947
4866,0.0005268762470223,0.098848208785057,0.2951062321662903,0.6055186986923218
4867,0.0005381855880841,0.7231185436248779,0.2744648456573486,0.0018784521380439
4868,0.0004629658942576,0.2760337591171264,0.6029130816459656,0.1205902025103569
4869,0.0001620724215172,0.1428132653236389,0.6707610487937927,0.1862636059522628
4870,0.0003482717729639,0.099631443619728,0.3940500020980835,0.5059702396392822
4871,0.0002227510121883,0.150494173169136,0.6435819268226624,0.2057011574506759
4872,0.0001228268520208,0.0955137610435485,0.6527181267738342,0.2516452670097351
4873,0.0012263498501852,0.3508266508579254,0.5606193542480469,0.0873276516795158
4874,0.0011473965132609,0.2942325472831726,0.5760793089866638,0.1285406798124313
4875,0.0002579879947006,0.0602367594838142,0.2918989956378937,0.6476062536239624
4876,0.0002441394026391,0.1151498109102249,0.5408322215080261,0.3437738418579101
4877,0.0002928658213932,0.1403071880340576,0.6487739086151123,0.2106260359287262
4878,0.0011127671459689,0.2440748065710067,0.5586928129196167,0.1961196213960647
4879,0.0004027466638945,0.205393448472023,0.6734592318534851,0.1207445934414863
4880,0.0007471669814549,0.3259220719337463,0.5994624495506287,0.0738682672381401
4881,0.0006686327396892,0.1089871227741241,0.3863928914070129,0.5039513111114502
4882,0.0005615910631604,0.112156331539154,0.4367096722126007,0.4505723416805267
4883,0.0008273217827081,0.1678277850151062,0.5502861738204956,0.2810586988925934
4884,0.00039231358096,0.1793440729379654,0.5789297819137573,0.2413338273763656
4885,0.0004874663136433,0.0794569849967956,0.2228426486253738,0.6972129344940186
4886,0.0009661961230449,0.2477664351463318,0.5671429634094238,0.1841243654489517
4887,0.0004568807198666,0.0780455023050308,0.2366700768470764,0.6848275661468506
4888,0.0006850756471976,0.1226425468921661,0.4280645847320556,0.4486078023910522
4889,0.0025655054487288,0.4965978264808655,0.4665105044841766,0.0343260839581489
4890,0.0017378535121679,0.7580699920654297,0.2348391264677047,0.0053529660217463
4891,0.0019940165802836,0.2304770052433014,0.5794191360473633,0.1881098449230194
4892,0.0020172032527625,0.4288413822650909,0.5092617273330688,0.0598796717822551
4893,0.0004654384683817,0.8029958605766296,0.1937317848205566,0.0028069531545042
4894,0.0009184188675135,0.3647722899913788,0.5920838713645935,0.042225457727909
4895,0.0015493136597797,0.4295817613601684,0.5263345241546631,0.0425343550741672
4896,0.0004435461014509,0.3788144290447235,0.5686677694320679,0.0520742908120155
4897,0.0010168605949729,0.2337424755096435,0.5968823432922363,0.1683583855628967
4898,0.0020043132826685,0.1694912612438202,0.3819544911384582,0.4465500116348266
4899,0.0003453205572441,0.0899467542767524,0.3139450252056122,0.5957629680633545
4900,0.0010994408512488,0.2775640189647674,0.5606947541236877,0.1606417447328567
4901,0.0003770091861952,0.1095508933067321,0.3592036068439483,0.5308684706687927
4902,0.0003003865422215,0.0723626166582107,0.2299679219722747,0.6973690986633301
4903,0.0008354864548891,0.2390108406543731,0.555716872215271,0.2044368237257003
4904,0.0005534914671443,0.3980653285980224,0.5702022314071655,0.0311788879334926
4905,0.0009078524308279,0.389875203371048,0.576198160648346,0.0330187864601612
4906,0.0016969827702268,0.2639413177967071,0.5501009225845337,0.1842607408761978
4907,0.0010713149094954,0.2540768682956695,0.5907464027404785,0.1541054099798202
4908,0.001016596565023,0.2410996705293655,0.5349029898643494,0.2229807376861572
4909,0.0012803602730855,0.6428371667861938,0.3387514054775238,0.0171310305595397
4910,0.0062624271959066,0.399741381406784,0.4600995182991028,0.1338965892791748
4911,0.0006847771001048,0.401954174041748,0.5668462514877319,0.0305148400366306
4912,0.0007949880091473,0.445277065038681,0.5125107765197754,0.041417222470045
4913,0.001322403200902,0.7292019724845886,0.2600049674510956,0.0094706797972321
4914,0.001156847574748,0.2204561233520507,0.5206477046012878,0.2577393054962158
4915,0.0012477230047807,0.3740708827972412,0.5358318090438843,0.088849626481533
4916,0.0027687437832355,0.3460277020931244,0.5113957524299622,0.1398078203201294
4917,0.0013866215012967,0.8397634029388428,0.1577868610620498,0.0010631594341248
4918,0.0017363331280648,0.3749435245990753,0.5124870538711548,0.1108331009745597
4919,0.0020599437411874,0.667759895324707,0.3154274523258209,0.0147527372464537
4920,0.0004447802493814,0.2377156168222427,0.6563538908958435,0.105485662817955
4921,0.0011633360991254,0.332800030708313,0.5661119818687439,0.099924698472023
4922,0.0008689485257491,0.2816819548606872,0.5690131783485413,0.148435965180397
4923,7.225290028145537e-05,0.0174056068062782,0.0897849425673484,0.8927372097969055
4924,0.0004942131927236,0.2367694228887558,0.664036214351654,0.0987001657485961
4925,0.0018203014042228,0.3578994274139404,0.5126672983169556,0.1276129782199859
4926,0.0012368885800242,0.3594136834144592,0.5395438075065613,0.0998055711388588
4927,0.0017073405906558,0.3253615200519562,0.5118655562400818,0.1610656231641769
4928,0.0010835805442184,0.2866883873939514,0.5356044173240662,0.176623597741127
4929,0.0022248367313295,0.3460414111614227,0.4804309010505676,0.171302929520607
4930,0.0003044157638214,0.7067232728004456,0.2900386452674866,0.0029336991719901
4931,0.0022374175023287,0.6301433444023132,0.3534783720970154,0.0141409151256084
4932,0.0002497783862054,0.4516099393367767,0.5279854536056519,0.0201548263430595
4933,0.0009470846853218,0.2211316525936126,0.5388209223747253,0.2391003370285034
4934,0.0013576715718954,0.3169982135295868,0.5922306180000305,0.0894134491682052
4935,0.000499588495586,0.1806668043136596,0.5831996202468872,0.2356339395046234
4936,0.000687290681526,0.1818399727344513,0.5689269304275513,0.2485457807779312
4937,0.0044483076781034,0.4467051327228546,0.46088507771492,0.0879614576697349
4938,0.0004498605558183,0.1759029328823089,0.6334508061408997,0.1901964098215103
4939,0.0006241915398277,0.2222276031970977,0.6040772199630737,0.173071026802063
4940,0.002112645888701,0.508932888507843,0.4353133738040924,0.0536411255598068
4941,0.0005611709784716,0.1289945840835571,0.4792729914188385,0.391171246767044
4942,6.351010233629495e-05,0.0121028842404484,0.0559631660580635,0.9318704009056092
4943,0.0003730093012563,0.0971589237451553,0.4934137463569641,0.4090543687343597
4944,0.0001349487283732,0.0241585820913314,0.0970537215471267,0.8786526918411255
4945,0.0010898211039602,0.2245590090751648,0.490481972694397,0.2838691771030426
4946,0.0006801269482821,0.6480055451393127,0.3414749503135681,0.0098394444212317
4947,0.0006140429759398,0.1959647089242935,0.5670426487922668,0.2363785505294799
4948,0.0007327123894356,0.2063601464033126,0.5697786211967468,0.2231285125017166
4949,0.0012093653203919,0.1140880659222602,0.3053155541419983,0.5793870687484741
4950,0.0004375997814349,0.2000464051961898,0.666256308555603,0.1332596391439438
4951,0.0007133140461519,0.2500201165676117,0.6587153077125549,0.0905512869358062
4952,0.0006586431991308,0.346558541059494,0.5987994074821472,0.0539834052324295
4953,0.0007845280342735,0.490206629037857,0.4751245379447937,0.0338843092322349
4954,0.0004133809707127,0.0865190252661705,0.2836849689483642,0.6293825507164001
4955,0.000759438262321,0.679732084274292,0.3161047995090484,0.0034035663120448
4956,0.0010745758190751,0.6209813356399536,0.3650560677051544,0.0128880552947521
4957,0.0007854121504351,0.406853586435318,0.5389934182167053,0.0533675774931907
4958,0.0003403590526431,0.1936390399932861,0.6153836250305176,0.1906369477510452
4959,0.0005317845498211,0.3322817087173462,0.5831725597381592,0.0840139761567115
4960,0.0001776058634277,0.0360285490751266,0.1565008759498596,0.8072929978370667
4961,0.0002213083062088,0.0825724825263023,0.316532701253891,0.600673496723175
4962,0.001748212147504,0.2894459664821625,0.5159932374954224,0.1928125917911529
4963,0.0005523036816157,0.4098199009895324,0.5429231524467468,0.0467046052217483
4964,0.0010383973130956,0.2834550142288208,0.5816119313240051,0.1338946670293808
4965,0.0013331226073205,0.4123609364032745,0.537820041179657,0.0484859459102153
4966,0.0007863807259127,0.3074879050254822,0.6115127205848694,0.0802130103111267
4967,0.0007593496702611,0.2579671144485473,0.6285760998725891,0.1126974895596504
4968,0.0009181150817312,0.3646516501903534,0.5827116370201111,0.051718596369028
4969,0.0017415405018255,0.4003223180770874,0.514024019241333,0.083912119269371
4970,0.0008309467229992,0.3739736974239349,0.5526972413063049,0.0724980980157852
4971,0.0013013595016673,0.5416713356971741,0.4218540787696838,0.0351732037961483
4972,0.0012928355718031,0.2107321470975875,0.5297805666923523,0.2581944167613983
4973,0.0018129298696294,0.5696055889129639,0.410271555185318,0.0183099433779716
4974,0.0007226260495372,0.2067244350910186,0.5619351863861084,0.2306177318096161
4975,0.0008545877644792,0.937169313430786,0.0618130154907703,0.0001631009363336
4976,0.0007026126259006,0.2106452584266662,0.5907692313194275,0.1978829056024551
4977,0.0005142488516867,0.1693261712789535,0.546591579914093,0.2835679948329925
4978,0.0003255296614952,0.1313280463218689,0.5113597512245178,0.3569866418838501
4979,0.0006205832469277,0.1591392159461975,0.51370769739151,0.3265324831008911
4980,0.001344570191577,0.4224514663219452,0.5257493257522583,0.050454631447792
4981,0.0005687175435014,0.6140053272247314,0.3782776892185211,0.0071483291685581
4982,0.0010602661641314,0.3774809539318084,0.5578806400299072,0.0635781586170196
4983,0.002258573891595,0.8426979184150696,0.1534667015075683,0.0015767386648803
4984,0.0009074656409211,0.2516150772571563,0.5850225687026978,0.1624548882246017
4985,0.0008787759579718,0.1927510797977447,0.5078314542770386,0.2985387146472931
4986,0.0007857338059693,0.1806141138076782,0.4758547842502594,0.3427453637123108
4987,0.0009470427175983,0.1519746780395507,0.4003999233245849,0.4466784000396728
4988,0.0005535652744583,0.1233313083648681,0.3568709790706634,0.5192441940307617
4989,0.0007958196802064,0.1829325407743454,0.5050929188728333,0.3111787140369415
4990,0.0005094174994155,0.2328775078058242,0.6040382981300354,0.1625747084617614
4991,0.0003219650825485,0.1616507023572921,0.6100633144378662,0.2279640287160873
4992,0.0003492834803182,0.1753665804862976,0.6025999784469604,0.2216841578483581
4993,0.0006924764602445,0.460594892501831,0.5058645606040955,0.0328481011092662
4994,0.0005414442857727,0.3228248357772827,0.6222611665725708,0.0543725714087486
4995,0.0004973502364009,0.3308083415031433,0.6084496974945068,0.0602446757256984
4996,0.000605862296652,0.1963988542556762,0.550814151763916,0.2521811127662658
4997,0.001753440243192,0.2770172655582428,0.5423734188079834,0.1788557916879654
4998,0.000957268232014,0.3627915382385254,0.5797392129898071,0.0565120168030262
4999,0.001527608721517,0.1909150630235672,0.4508810639381408,0.356676310300827
5000,0.0005895763169974,0.2234413176774978,0.6670725345611572,0.1088965982198715
5001,0.000941892969422,0.570427656173706,0.4173337519168854,0.0112967072054743
5002,0.0020422991365194,0.3176503777503967,0.5076038241386414,0.1727035045623779
5003,0.0012421739520505,0.1814968138933181,0.4781804084777832,0.339080661535263
5004,0.0008827176643535,0.7778238654136658,0.2193952947854995,0.0018981412285938
5005,0.0004722613666672,0.0845444351434707,0.3970857858657837,0.5178974866867065
5006,0.0006358443642966,0.5602866411209106,0.4295867085456848,0.0094908056780695
5007,0.002074675867334,0.7620826363563538,0.2324220687150955,0.0034205627162009
5008,0.0114800734445452,0.3571346402168274,0.4958322942256927,0.1355530023574829
5009,0.0019389271037653,0.3471075892448425,0.5722836256027222,0.0786698311567306
5010,0.000450141786132,0.2856971621513366,0.6539673209190369,0.0598853789269924
5011,0.0007041038479655,0.221222847700119,0.5828445553779602,0.1952284723520279
5012,0.027444377541542,0.4641864597797394,0.4360628426074981,0.0723063051700592
5013,0.0032799409236758,0.4229273498058319,0.5263416171073914,0.0474511310458183
5014,0.0007092333398759,0.4098553657531738,0.56020587682724,0.0292295273393392
5015,0.0011066665174439,0.1748366951942443,0.5219659209251404,0.3020907044410705
5016,0.003132774727419,0.4949313998222351,0.4649450182914734,0.0369907952845096
5017,0.00616200780496,0.4819197952747345,0.4670926630496979,0.0448255203664302
5018,0.0007166711729951,0.2323191165924072,0.6828238368034363,0.0841404050588607
5019,0.0007862741476856,0.4202291667461395,0.5567132234573364,0.0222713313996791
5020,0.0043636495247483,0.3928032517433166,0.5453532338142395,0.0574798099696636
5021,0.0006566020310856,0.1509309858083725,0.543523371219635,0.3048889935016632
5022,0.0015847285976633,0.2426604479551315,0.6393251419067383,0.116429753601551
5023,0.0005520685808733,0.1875493377447128,0.596030592918396,0.2158679813146591
5024,0.0012636116007342,0.2644689679145813,0.6053755283355713,0.1288918852806091
5025,0.0014743406791239,0.1390850841999054,0.3962165713310241,0.4632240533828735
5026,0.000382233352866,0.0623040311038494,0.2880909144878387,0.6492228507995605
5027,0.0003807129687629,0.0991655215620994,0.4046572744846344,0.4957964420318603
5028,0.0004085075343027,0.1244003623723983,0.5575237274169922,0.3176674246788025
5029,0.0012714280746877,0.2702954709529876,0.5903795957565308,0.1380534321069717
5030,0.0006178405019454,0.3250893652439117,0.6169111728668213,0.0573816746473312
5031,0.0018121020402759,0.3618980050086975,0.5693455338478088,0.0669444054365158
5032,0.4489294290542602,0.4930525124073028,0.0536169745028018,0.0044011487625539
5033,0.0009913614485412,0.2926051020622253,0.6697797179222107,0.0366238243877887
5034,0.0010655103251338,0.0846439599990844,0.2689979672431946,0.6452925801277161
5035,0.0013451987178996,0.4499074220657348,0.5259950757026672,0.0227523148059844
5036,0.0057279900647699,0.7740331888198853,0.2149412482976913,0.0052975253202021
5037,0.0018305454868823,0.5574451088905334,0.4274080097675323,0.0133163025602698
5038,0.011337979696691,0.5999870300292969,0.3639105558395386,0.0247644241899251
5039,0.0002944868756458,0.3775598704814911,0.6128401160240173,0.0093054855242371
5040,0.0022539205383509,0.7900105118751526,0.2060865610837936,0.0016490035923197
5041,0.0072757303714752,0.494374930858612,0.4717358648777008,0.0266135148704051
5042,0.000380576821044,0.119573675096035,0.5794374942779541,0.300608217716217
5043,0.0003124357026536,0.1240913867950439,0.6401121020317078,0.2354841232299804
5044,0.0022444871719926,0.408136636018753,0.5492079257965088,0.040411002933979
5045,0.0022782443556934,0.4621571898460388,0.5155736207962036,0.0199909582734107
5046,0.0003665789554361,0.2677914798259735,0.6838295459747314,0.0480123646557331
5047,0.0015659665223211,0.3381546139717102,0.6123189330101013,0.04796052724123
5048,0.0080576054751873,0.3882372081279754,0.4756781458854675,0.1280270367860794
5049,0.0030213396530598,0.3957173824310303,0.5324959754943848,0.0687653720378875
5050,0.0013200551038607,0.1728931069374084,0.4925266206264496,0.3332602083683014
5051,0.0019430362153798,0.2211025804281234,0.5558518171310425,0.2211025804281234
5052,0.000886058434844,0.5366132259368896,0.4518736600875854,0.0106270490214228
5053,0.0017571583157405,0.3735578954219818,0.5607767701148987,0.0639082118868827
5054,0.0032939938828349,0.3256589770317077,0.5123335123062134,0.1587135046720504
5055,0.0155213912948966,0.5060290694236755,0.4328296184539795,0.0456199049949646
5056,0.0007399399764835,0.1754868030548095,0.5157843828201294,0.3079889118671417
5057,0.000508532859385,0.1132983490824699,0.4845155775547027,0.401677519083023
5058,0.0005949460901319,0.1284725666046142,0.408284991979599,0.4626474976539612
5059,0.0004274488310329,0.0486403927206993,0.2249108999967575,0.7260212898254395
5060,0.0001745673507684,0.0388926491141319,0.1422633975744247,0.8186693787574768
5061,0.0001220979320351,0.0323040708899498,0.2207582592964172,0.74681556224823
5062,0.0011640154989436,0.3600527644157409,0.5844233632087708,0.0543598346412181
5063,0.0007391133694909,0.1408500671386718,0.5152081847190857,0.3432026505470276
5064,0.0212885737419128,0.5077785849571228,0.3954583406448364,0.0754745453596115
5065,0.0011231744429096,0.2835558354854584,0.6390029191970825,0.0763180181384086
5066,0.0018304554978385,0.5661957859992981,0.4207609593868255,0.0112128993496298
5067,0.0015331661561504,0.3362853229045868,0.5810489058494568,0.0811326056718826
5068,0.0015453550731763,0.2639814019203186,0.5501844882965088,0.1842887252569198
5069,0.0014469280140474,0.2757356762886047,0.6213799118995667,0.1014374867081642
5070,0.0002587586932349,0.4395012855529785,0.5469681620597839,0.0132717890664935
5071,0.0003038236463908,0.2399827986955642,0.7277387976646423,0.0319746099412441
5072,0.0130021562799811,0.9404563307762146,0.0460966452956199,0.0004449093248695
5073,0.0003146638046018,0.8277816772460938,0.1708223968744278,0.0010812572436407
5074,0.0020660606678575,0.2140626460313797,0.5215961933135986,0.2622750401496887
5075,0.0008022117544896,0.3667268753051758,0.6046303510665894,0.0278405174612998
5076,0.0015153830172494,0.2887808680534363,0.6307554244995117,0.0789483040571212
5077,0.0066393995657563,0.3568788766860962,0.5112054347991943,0.1252762824296951
5078,0.001447683898732,0.2511913478374481,0.5486522912979126,0.1987086981534958
5079,0.0015543914632871,0.2962145507335663,0.6173641085624695,0.084866888821125
5080,0.0474491380155086,0.4295694530010223,0.3790937066078186,0.1438877433538437
5081,0.0017694474663585,0.2045203298330307,0.5141640305519104,0.2795461416244507
5082,0.0026505861897021,0.2878043353557586,0.5376892685890198,0.1718558222055435
5083,0.0006471337983384,0.0990918949246406,0.3300264477729797,0.5702345371246338
5084,0.0006992238340899,0.1557832211256027,0.5188373923301697,0.3246801495552063
5085,0.0001704726018942,0.0314868316054344,0.1305092871189117,0.8378334641456604
5086,0.0004310372169129,0.0821411535143852,0.2912156879901886,0.6262121200561523
5087,0.0004124735132791,0.0469363182783126,0.1587835103273391,0.7938676476478577
5088,0.000388989545172,0.0696370750665664,0.4540908336639404,0.4758830666542053
5089,0.0018780729733407,0.3109466135501861,0.5207375884056091,0.1664377301931381
5090,0.0013189198216423,0.2474449276924133,0.6124321222305298,0.1388040333986282
5091,0.000556337821763,0.9302891492843628,0.0684511587023735,0.0007032769499346
5092,0.0005351672298274,0.1846706569194793,0.7079149484634399,0.1068791672587394
5093,0.0008712537237443,0.9260496497154236,0.0725338160991668,0.0005452166078612
5094,0.0003871500957757,0.0947325080633163,0.4736327528953552,0.4312475323677063
5095,0.0020089040044695,0.6117595434188843,0.3652983009815216,0.0209332611411809
5096,0.0008039644453674,0.2817935645580292,0.6450318694114685,0.0723705664277076
5097,0.0022991762962192,0.2918677926063537,0.5203105807304382,0.1855224668979644
5098,0.003269602311775,0.7399209141731262,0.2517454326152801,0.005064059048891
5099,0.0011220154119655,0.3062805533409118,0.6187037229537964,0.073893629014492
5100,0.0019390428205952,0.6691072583198547,0.3210411667823791,0.0079125044867396
5101,0.001300832722336,0.4559483826160431,0.5247933864593506,0.0179574415087699
5102,0.0022367506753653,0.5917884111404419,0.3881043195724487,0.0178704615682363
5103,0.0018457935657352,0.278253972530365,0.5983400344848633,0.1215601563453674
5104,0.00045421012328,0.0838940367102623,0.3423400819301605,0.5733117461204529
5105,0.0011796981561928,0.2469062358140945,0.5740742087364197,0.1778398901224136
5106,0.0015426442259922,0.1898051351308822,0.5492193102836609,0.259432852268219
5107,6.508566730190068e-05,0.0180464480072259,0.0847600251436233,0.8971284031867981
5108,0.0030773526523262,0.2770144343376159,0.5595845580101013,0.1603236645460128
5109,0.0009893986862152,0.1771226078271865,0.5205922722816467,0.3012956976890564
5110,0.0012144993524998,0.2174201905727386,0.5639450550079346,0.2174201905727386
5111,0.0010386873036623,0.1403595954179763,0.4125398099422455,0.446061909198761
5112,0.0005204107728786,0.2003344446420669,0.710247278213501,0.0888978838920593
5113,0.0005050788167864,0.1336312592029571,0.5452989339828491,0.3205646872520447
5114,0.0008354829624295,0.4002661406993866,0.5644657611846924,0.0344326309859752
5115,0.0001797726145014,0.0610725432634353,0.4803727865219116,0.458374947309494
5116,0.001142238965258,0.275163471698761,0.6397742033004761,0.0839201062917709
5117,0.0021064153406769,0.414153903722763,0.5486647486686707,0.0350749641656875
5118,0.0009702937677502,0.0959275886416435,0.277575671672821,0.6255264282226562
5119,0.0001994880003621,0.0570683069527149,0.3663627207279205,0.5763694643974304
5120,0.0012404231820255,0.1346868723630905,0.4556398093700409,0.4084329009056091
5121,0.0006290195160545,0.3635009825229645,0.5993117690086365,0.0365582518279552
5122,0.002357940422371,0.2683154940605163,0.5420122146606445,0.1873144209384918
5123,0.0003079988819081,0.1698372960090637,0.6822975277900696,0.1475571990013122
5124,0.0177108794450759,0.6441484093666077,0.313932865858078,0.0242079049348831
5125,0.0006967353401705,0.6535377502441406,0.3390509188175201,0.0067145405337214
5126,0.0170067138969898,0.8067253232002258,0.1717617213726043,0.0045063309371471
5127,0.0010918290354311,0.8759896159172058,0.1223155558109283,0.0006029652431607
5128,0.0013058625627309,0.2128555625677108,0.5696309804916382,0.2162075340747833
5129,0.007847505621612,0.4931536018848419,0.4632749557495117,0.0357239283621311
5130,0.0015274018514901,0.2821159362792969,0.578864336013794,0.1374923437833786
5131,0.0024815658107399,0.5615858435630798,0.4239072501659393,0.0120253227651119
5132,0.0009119102614931,0.2096178829669952,0.6873105764389038,0.102159596979618
5133,0.0005132665392011,0.618186354637146,0.3749490082263946,0.0063513349741697
5134,0.0004722567100543,0.1762040108442306,0.6860958933830261,0.1372278183698654
5135,0.0004238899855408,0.1440043747425079,0.6763554215431213,0.1792163699865341
5136,0.0003726827562786,0.1227128654718399,0.5586215257644653,0.3182929456233978
5137,0.0004375016724225,0.0990079566836357,0.5028039216995239,0.3977506458759308
5138,0.0002249498793389,0.0685026422142982,0.4983224272727966,0.4329500198364258
5139,0.0003740741522051,0.0619342699646949,0.4505408108234405,0.4871507883071899
5140,0.0002427584695396,0.0484817139804363,0.292382150888443,0.658893346786499
5141,7.2618066042196e-05,0.013838555663824,0.0888396948575973,0.8972491025924683
5142,0.0005218816222622,0.068352997303009,0.2620238363742828,0.6691012978553772
5143,6.58449498587288e-05,0.0107327243313193,0.0380508117377758,0.9511505961418152
5144,0.0007333506364375,0.0847638025879859,0.3352473676204681,0.5792555212974548
5145,0.0061697261407971,0.3642278015613556,0.5056802034378052,0.1239222660660743
5146,0.0002372157905483,0.0386661663651466,0.1844659745693206,0.776630699634552
5147,0.0021348961163312,0.2045715898275375,0.5306183695793152,0.2626751363277435
5148,0.0033160566817969,0.2938740849494934,0.5405171513557434,0.1622926741838455
5149,0.0050655459053814,0.5166997313499451,0.4419566988945007,0.0362780131399631
5150,0.000359477387974,0.0501187928020954,0.1776865422725677,0.7718351483345032
5151,0.0073414151556789,0.388495534658432,0.4911043345928192,0.1130586341023445
5152,0.0018054369138553,0.1813044399023056,0.5084808468818665,0.3084092438220978
5153,0.0010837715817615,0.5192171335220337,0.4654232263565063,0.0142758907750248
5154,0.0011155662359669,0.1192517876625061,0.3616265654563904,0.5180061459541321
5155,0.0005836537457071,0.1862663328647613,0.5919532179832458,0.2211967706680297
5156,0.0015741625102236,0.7196200489997864,0.2731369733810425,0.0056687775067985
5157,0.0008686369401402,0.2686864137649536,0.6054942011833191,0.1249507814645767
5158,0.0007915503811091,0.1053052470088005,0.4364781379699707,0.4574251472949981
5159,0.0006269750301726,0.2413568198680877,0.6664075255393982,0.0916087105870246
5160,0.0010724267922341,0.2583458125591278,0.6394120454788208,0.1011696904897689
5161,0.0046653649769723,0.3592132031917572,0.4909862577915191,0.1451352536678314
5162,0.0015156005974859,0.3074497878551483,0.5567197203636169,0.1343148946762085
5163,0.0003264515253249,0.0476985573768615,0.2619166076183319,0.6900583505630493
5164,0.0015835353406146,0.7705926895141602,0.2242552489042282,0.0035685524344444
5165,0.0006292780744843,0.2876711189746856,0.6584857702255249,0.0532138086855411
5166,0.0009992314735427,0.1706912219524383,0.5424555540084839,0.2858540117740631
5167,0.0015419764677062,0.6939778327941895,0.2984761595726013,0.006004084367305
5168,0.0025575754698365,0.319636583328247,0.578787088394165,0.0990187972784042
5169,0.0006807218305766,0.2138764411211013,0.6691601872444153,0.1162825897336006
5170,0.0013194713974371,0.2514467239379883,0.6729062795639038,0.0743275061249733
5171,0.0004964779946021,0.1881583333015442,0.6670792102813721,0.1442660093307495
5172,0.0010222755372524,0.1948112398386001,0.5378910899162292,0.2662753760814667
5173,0.0005863238475285,0.3037232458591461,0.6330136060714722,0.0626768395304679
5174,0.0004497791233006,0.1100573241710662,0.5949642658233643,0.2945286631584167
5175,0.0704751536250114,0.638029932975769,0.2659704387187958,0.0255244113504886
5176,0.0006224555545486,0.2550710141658783,0.6412484645843506,0.1030580103397369
5177,0.0006689945585094,0.09623284637928,0.3988740742206573,0.5042240619659424
5178,0.0038673400413244,0.4070014953613281,0.4909375011920929,0.0981936752796173
5179,0.0037493531126528,0.4988015592098236,0.4613160192966461,0.0361330658197402
5180,0.0015406233724206,0.4205494821071625,0.5399962067604065,0.0379136838018894
5181,0.0021483094897121,0.4030482769012451,0.5339521765708923,0.0608511865139007
5182,0.0020730700343847,0.4407181739807129,0.4993991255760193,0.0578096471726894
5183,0.0037910889368504,0.4247086346149444,0.4965346753597259,0.0749655216932296
5184,0.0052131586708128,0.4206541180610657,0.5153961777687073,0.0587364733219146
5185,0.0044879093766212,0.7547503709793091,0.2338107526302337,0.0069510103203356
5186,0.004814266692847,0.4007984697818756,0.5309717059135437,0.06341552734375
5187,0.0052405353635549,0.7900124192237854,0.1997464299201965,0.0050005535595119
5188,0.0019205050775781,0.455473780632019,0.5002400875091553,0.0423656590282917
5189,0.003457459853962,0.3934323489665985,0.5051771402359009,0.0979330539703369
5190,0.0003878150309901,0.4598489999771118,0.5210772156715393,0.0186859741806983
5191,0.0006812939536757,0.7241426706314087,0.2705923616886139,0.0045836172066628
5192,0.0085525559261441,0.4669537246227264,0.4669537246227264,0.0575399883091449
5193,0.0033232388086616,0.3285502791404724,0.5332897305488586,0.1348367631435394
5194,0.0028133345767855,0.3516004681587219,0.5278148055076599,0.1177714020013809
5195,0.0013580567901954,0.161952793598175,0.4542078077793121,0.3824813365936279
5196,0.0017094324575737,0.2458966970443725,0.5807303190231323,0.1716635525226593
5197,0.0066158059053123,0.4029597342014313,0.4785265028476715,0.1118978783488273
5198,0.0015239884378388,0.2562954425811767,0.5425774455070496,0.1996031105518341
5199,0.0013282079016789,0.1851804405450821,0.5033725500106812,0.3101188242435455
5200,8.236022404162213e-05,0.0388456955552101,0.3628437221050262,0.5982281565666199
5201,0.0004150316235609,0.2253094017505645,0.6832422614097595,0.0910332202911377
5202,0.0009482366149313,0.2842839956283569,0.592498779296875,0.1222690194845199
5203,0.0005013587069697,0.2328027784824371,0.7059656381607056,0.0607302263379097
5204,0.0050103501416742,0.480105459690094,0.480105459690094,0.0347787253558635
5205,0.0011948602041229,0.5548257827758789,0.4320987462997436,0.011880568228662
5206,0.0006754350033588,0.4635209441184997,0.525238037109375,0.010565579868853
5207,0.0023971260525286,0.634219765663147,0.3557650446891784,0.0076180505566298
5208,0.0011215872364118,0.2921434342861175,0.6088792085647583,0.0978557914495468
5209,0.0045361462980508,0.4147611856460571,0.500297486782074,0.0804051235318183
5210,0.001298329909332,0.3226937651634216,0.602871298789978,0.0731365904211998
5211,0.0052517158910632,0.5976049304008484,0.3739716410636902,0.0231716576963663
5212,0.0007378409500233,0.2318227440118789,0.6708013415336609,0.0966380983591079
5213,0.0078943278640508,0.4660391211509704,0.488404780626297,0.0376617312431335
5214,0.0031288811005651,0.3560425937175751,0.5601336359977722,0.0806949064135551
5215,0.0021141769830137,0.3844411075115204,0.5506864786148071,0.0627582818269729
5216,0.0272268932312726,0.4979278147220611,0.4063968658447265,0.068448394536972
5217,0.0045320717617869,0.2552974224090576,0.5077195763587952,0.2324509620666504
5218,0.0028529092669487,0.3855185210704803,0.5269413590431213,0.0846871808171272
5219,0.0145892240107059,0.4984649121761322,0.4068351984024048,0.0801106020808219
5220,0.0012328922748565,0.2009614109992981,0.5999599099159241,0.1978458017110824
5221,0.0012636991450563,0.2644873261451721,0.5687370896339417,0.1655119210481643
5222,0.0045768907293677,0.4056111574172973,0.5047912001609802,0.0850207135081291
5223,0.0019340215949341,0.2572958469390869,0.6368132829666138,0.1039569154381752
5224,0.0010142645332962,0.3725658357143402,0.6047340035438538,0.0216859318315982
5225,0.0017273480771109,0.3449716567993164,0.5687621235847473,0.0845389366149902
5226,0.0031686779111623,0.44178107380867,0.5084869265556335,0.0465633831918239
5227,0.0017901518149301,0.3155052661895752,0.5894414186477661,0.0932631865143776
5228,0.0011967467144131,0.3166293203830719,0.6008568406105042,0.081317126750946
5229,0.0009610633132979,0.3699655532836914,0.5820375680923462,0.0470358468592166
5230,0.0222259294241666,0.5058597922325134,0.4001680612564087,0.071746177971363
5231,0.0016168975271284,0.4018722474575043,0.5579442977905273,0.0385665073990821
5232,0.0001491425646236,0.0195338204503059,0.0961488336324691,0.8841682076454163
5233,0.0011636246927082,0.1366147398948669,0.4142791032791137,0.4479425251483917
5234,0.0003141303313896,0.0617628879845142,0.3610179722309112,0.5769050717353821
5235,0.0006990148103795,0.1311434358358383,0.5435744524002075,0.3245831131935119
5236,0.0006085605709813,0.1687369793653488,0.5889499187469482,0.2417045533657074
5237,0.0020532088819891,0.3193472027778625,0.5103153586387634,0.1682841628789901
5238,0.0013708460610359,0.1334268152713775,0.3921632170677185,0.4730391204357147
5239,0.0014363875379785,0.1465155035257339,0.3406587839126587,0.5113893747329712
5240,0.0001156468351837,0.0291961189359426,0.2058526873588562,0.76483553647995
5241,0.0008216294809244,0.1517575532197952,0.5054298639297485,0.341990977525711
5242,0.000694177870173,0.1014278605580329,0.382784754037857,0.515093207359314
5243,0.0006201651412993,0.1979185342788696,0.6096320152282715,0.1918292194604873
5244,0.00269137439318,0.2832420766353607,0.5903272032737732,0.1237393021583557
5245,0.0004329727380536,0.321274071931839,0.6290240287780762,0.0492689721286296
5246,0.001029691658914,0.0884453132748603,0.3337891101837158,0.5767358541488647
5247,8.80745574249886e-05,0.0150451157242059,0.0684893578290939,0.9163775444030762
5248,0.0051305154338479,0.2395964562892913,0.4476251006126404,0.3076479434967041
5249,0.020709078758955,0.6442404985427856,0.3189221620559692,0.0161282457411289
5250,0.0040145022794604,0.6965665221214294,0.2903721332550049,0.0090468199923634
5251,0.0003335472138132,0.9053115844726562,0.0939398035407066,0.0004151062166783
5252,0.002194819971919,0.608562707901001,0.3808288276195526,0.0084136044606566
5253,0.0020069009624421,0.4988057613372803,0.4613198935985565,0.0378674454987049
5254,0.0008253600099124,0.7503684759140015,0.2474452853202819,0.0013607885921373
5255,0.0008055072976276,0.4654906690120697,0.5112414956092834,0.0224623829126358
5256,0.0293160695582628,0.6170874834060669,0.3251822888851166,0.0284141134470701
5257,0.008725794032216,0.2550050616264343,0.469026118516922,0.2672429978847503
5258,0.0004107548738829,0.0915139466524124,0.2526781260967254,0.6553971767425537
5259,0.0005942784482613,0.0790608376264572,0.3176158666610718,0.6027290225028992
5260,0.0222018361091613,0.6095219254493713,0.3419108092784881,0.0263653341680765
5261,0.0211375914514064,0.4449349045753479,0.4449349045753479,0.0889925807714462
5262,0.0015244741225615,0.3141197860240936,0.5687975287437439,0.1155582219362258
5263,0.0015136036090552,0.9166660308837892,0.0813587307929992,0.0004616229853127
5264,0.0019189770100638,0.651917040348053,0.3382100760936737,0.0079539390280842
5265,0.0005992799415253,0.227118894457817,0.688729465007782,0.0835523679852485
5266,0.0182008724659681,0.5574342012405396,0.3952800333499908,0.0290849115699529
5267,0.0025393778923898,0.3949637711048126,0.5657594799995422,0.0367373563349247
5268,0.0003962340124417,0.0925153568387031,0.3491493463516235,0.5579390525817871
5269,0.000417215982452,0.3676379919052124,0.6061325669288635,0.0258122384548187
5270,0.0040603457018733,0.5401749610900879,0.4206886887550354,0.0350760333240032
5271,0.0005000417004339,0.1955246031284332,0.7041111588478088,0.0998641997575759
5272,0.0005601540906354,0.3392395973205566,0.5770660042762756,0.0831342488527298
5273,0.0018491686787456,0.1744452863931656,0.5127232074737549,0.310982346534729
5274,0.0033134240657091,0.4619617462158203,0.491755723953247,0.0429691337049007
5275,0.0006836805841885,0.3711515963077545,0.5930985808372498,0.0350661240518093
5276,0.0033326400443911,0.2647444009780884,0.4946076571941376,0.2373153418302536
5277,0.0034563217777758,0.3063045740127563,0.512963593006134,0.1772754937410354
5278,0.0042558889836072,0.3598918318748474,0.5075288414955139,0.1283233910799026
5279,0.0003390175988897,0.2363164275884628,0.6945725679397583,0.0687720030546188
5280,0.002196374349296,0.7819634079933167,0.2137769013643264,0.0020633027888834
5281,0.0026549734175205,0.2750793397426605,0.5302293300628662,0.1920363306999206
5282,0.0055326577275991,0.4128846824169159,0.5555970668792725,0.0259856227785348
5283,0.0021112028043717,0.2292373031377792,0.5499117374420166,0.218739777803421
5284,0.000913695548661,0.3304208517074585,0.5983148813247681,0.0703506618738174
5285,0.000448676320957,0.1700421720743179,0.6621032357215881,0.167405903339386
5286,0.0003581043856684,0.0574660450220108,0.2741551697254181,0.6680207848548889
5287,0.0002007099392358,0.0307335685938596,0.1512759178876876,0.8177898526191711
5288,0.000570417556446,0.155708909034729,0.6062929630279541,0.2374277263879776
5289,0.0028409033548086,0.349541425704956,0.5085797309875488,0.1390379667282104
5290,0.0027299658395349,0.4051628410816192,0.5452061891555786,0.0469010025262832
5291,0.0010508185951039,0.166013553738594,0.5275899767875671,0.3053456544876098
5292,0.0005062385462224,0.1830716729164123,0.638982892036438,0.1774391382932663
5293,0.0014735356671735,0.2364625334739685,0.5328765511512756,0.2291873544454574
5294,0.001148305949755,0.3183934092521667,0.6137193441390991,0.0667388811707496
5295,0.0024033158551901,0.7790688276290894,0.2163395881652832,0.0021882441360503
5296,0.0005259427707642,0.1962348520755767,0.55902099609375,0.2442182004451751
5297,0.0005440202075988,0.3733368515968323,0.615528404712677,0.0105907507240772
5298,0.000887798203621,0.3111777603626251,0.6092564463615417,0.078678049147129
5299,0.0016859614988788,0.406145304441452,0.5380551218986511,0.0541136264801025
5300,0.0086237136274576,0.4492775499820709,0.4563526213169098,0.0857461169362068
5301,0.0008408392895944,0.3610964715480804,0.6142458319664001,0.0238168947398662
5302,0.0001849772816058,0.0590333603322505,0.4227803647518158,0.5180013179779053
5303,0.0008222634205594,0.1201427429914474,0.432650625705719,0.4463844299316406
5304,0.0004590620810631,0.1313256621360778,0.5275824666023254,0.3406328558921814
5305,0.00010474910232,0.0146042518317699,0.067529372870922,0.9177615642547609
5306,0.000396850897232,0.1435136795043945,0.604215145111084,0.2518743276596069
5307,0.0004252904327586,0.1637174636125564,0.7001307606697083,0.1357265263795852
5308,0.0009164980147033,0.2010250687599182,0.6001499891281128,0.1979084759950637
5309,0.0004307510971557,0.2375255674123764,0.6873030066490173,0.0747407376766204
5310,0.0002679688914213,0.0816029608249664,0.4411414563655853,0.4769876301288605
5311,0.0199589505791664,0.7373426556587219,0.2320151478052139,0.010683256201446
5312,0.0021166403312236,0.373047262430191,0.5600101947784424,0.0648258849978447
5313,0.0039289980195462,0.231947124004364,0.4470897912979126,0.3170341253280639
5314,0.0006441376754082,0.0488269329071044,0.1246839463710784,0.8258450031280518
5315,0.000252274738159,0.0430941991508007,0.1435256004333496,0.813127875328064
5316,0.0005733399302698,0.2580358386039734,0.6589176654815674,0.0824732184410095
5317,0.0067569455131888,0.4964316785335541,0.4591242372989654,0.037687212228775
5318,0.0015833392972126,0.1719211786985397,0.5053044557571411,0.3211910426616668
5319,0.0001117818828788,0.0345763266086578,0.1783582717180252,0.7869535684585571
5320,0.0009958823211491,0.1410336792469024,0.3955387473106384,0.4624316394329071
5321,0.0015668991254642,0.2594265639781952,0.549206018447876,0.1898005306720733
5322,0.0008758343756198,0.1060909554362297,0.3371563553810119,0.5558768510818481
5323,0.0008463973063044,0.142342135310173,0.4183668196201324,0.4384446442127228
5324,0.0012962877517566,0.1697802096605301,0.491275280714035,0.3376482427120209
5325,0.0007419235771521,0.115395575761795,0.3903782069683075,0.4934842884540558
5326,0.000514478480909,0.0995861738920211,0.3530636429786682,0.5468356609344482
5327,0.0015562848420813,0.1336770057678222,0.336063951253891,0.5287027955055237
5328,0.0005837521748617,0.2885436415672302,0.6401619911193848,0.070710651576519
5329,0.0004837730084545,0.1129545420408248,0.4398177564144134,0.4467438757419586
5330,0.0003001677105203,0.0496978238224983,0.1846498101949691,0.765352189540863
5331,0.0007275071111507,0.1131532937288284,0.515103816986084,0.3710153996944427
5332,0.0025776429101824,0.2015929222106933,0.4835962653160095,0.3122332394123077
5333,0.0009178115287795,0.2317100763320922,0.6200882792472839,0.1472838819026947
5334,0.0012729560257866,0.246402621269226,0.4900301098823547,0.2622942328453064
5335,0.0013694645604118,0.2413612604141235,0.626043438911438,0.1312258392572403
5336,0.0034524800721555,0.4382733404636383,0.4889292418956756,0.0693449154496193
5337,0.0010660372208803,0.2266310453414917,0.6064960956573486,0.1658068001270294
5338,0.0043852683156728,0.5566856265068054,0.4136936366558075,0.0252354741096496
5339,0.0074402592144906,0.5055544376373291,0.4461502134799957,0.0408550649881362
5340,0.0015267000999301,0.2230695635080337,0.5186522603034973,0.2567514777183532
5341,0.000131788154249,0.025911595672369,0.142282634973526,0.8316739797592163
5342,0.0106049217283725,0.4509327411651611,0.4439416825771332,0.0945206359028816
5343,0.0028373051900416,0.2052245587110519,0.4482516348361969,0.3436864614486694
5344,0.0008070476469583,0.580420196056366,0.4115795493125915,0.0071931374259293
5345,0.0017943694256246,0.4189613759517669,0.5464286208152771,0.0328155905008316
5346,0.000760244030971,0.5553697347640991,0.4325223863124847,0.0113476319238543
5347,0.0012679024366661,0.2914486825466156,0.6169968843460083,0.0902865827083587
5348,0.000784425297752,0.5136649012565613,0.4676972031593323,0.0178534388542175
5349,0.017622260376811,0.8229643106460571,0.1570654958486557,0.0023479387164115
5350,0.0014099502004683,0.4033498764038086,0.5599958300590515,0.0352443195879459
5351,0.0022662784904241,0.5128657221794128,0.4597298502922058,0.0251382105052471
5352,0.8967813849449158,0.0874167680740356,0.0144951213151216,0.0013067747931927
5353,0.7049661874771118,0.2717886865139007,0.022309772670269,0.0009353353525511
5354,0.00120265991427,0.1929943114519119,0.6328039765357971,0.1729989796876907
5355,0.0111909061670303,0.7604052424430847,0.2212905287742614,0.0071133724413812
5356,0.0011428048601374,0.2930550873279571,0.6013100147247314,0.1044920086860656
5357,0.0008599669090472,0.3362613320350647,0.5901570320129395,0.0727216154336929
5358,0.0008391474839299,0.113395445048809,0.4774126410484314,0.4083527028560638
5359,0.0306015405803918,0.7769883871078491,0.1845509260892868,0.0078591257333755
5360,0.0020147305913269,0.2402632981538772,0.5763617157936096,0.1813602447509765
5361,0.0013090905267745,0.1714570373296737,0.5118761658668518,0.3153577446937561
5362,0.0007737278938293,0.1363656818866729,0.5146386623382568,0.3482219576835632
5363,0.002372674178332,0.5123549103736877,0.4451416432857513,0.0401307381689548
5364,0.0006217389600351,0.1451677531003952,0.6818195581436157,0.1723909825086593
5365,0.0023698317818343,0.2067621052265167,0.5038073062896729,0.2870607376098633
5366,0.0031113496515899,0.3710387945175171,0.5929182767868042,0.0329315662384033
5367,0.0007468970143236,0.3991838097572326,0.5629394054412842,0.0371298789978027
5368,0.0009213653975166,0.3546836972236633,0.6033373475074768,0.0410576201975345
5369,0.0007300570141524,0.2056122869253158,0.7289589047431946,0.0646987780928611
5370,0.0006007108604535,0.3312450349330902,0.6285926103591919,0.0395615771412849
5371,0.0005167530034668,0.8117438554763794,0.18687404692173,0.0008653985569253
5372,0.0005614925175905,0.1736806333065033,0.6062049865722656,0.2195528894662857
5373,6.472569657489657e-05,0.0249164439737796,0.2119081616401672,0.7631106376647949
5374,0.0001279856369365,0.1238613426685333,0.6096668839454651,0.266343742609024
5375,7.473993173334748e-05,0.0169138722121715,0.1289447695016861,0.8540666103363037
5376,0.0039796945638954,0.109257236123085,0.2580311000347137,0.6287320256233215
5377,0.0001541079109301,0.0317541323602199,0.1491418480873108,0.818949818611145
5378,0.0008181167067959,0.0702720880508422,0.3405288159847259,0.5883809924125671
5379,0.0002690058026928,0.1068421751260757,0.4359827935695648,0.4569060206413269
5380,0.0002085550659103,0.0237319637089967,0.1263047605752945,0.8497547507286072
5381,0.0002905446162912,0.074505791068077,0.3391701579093933,0.5860334634780884
5382,0.001254254952073,0.0550252273678779,0.1721587032079696,0.7715618014335632
5383,0.0005949112819507,0.1389038562774658,0.5002120137214661,0.3602892160415649
5384,0.002192991785705,0.4735543429851532,0.4735543429851532,0.0506982617080211
5385,0.000993441673927,0.3649170398712158,0.583135724067688,0.0509538315236568
5386,0.0033670160919427,0.5662450790405273,0.3953027427196502,0.0350851155817508
5387,0.0007972035673446,0.4194648861885071,0.5557006597518921,0.0240372531116008
5388,0.001207252847962,0.7086397409439087,0.2863163352012634,0.003836641088128
5389,0.0003974190040025,0.3042534291744232,0.6441044807434082,0.0512446388602256
5390,0.0006366321467794,0.1793002486228943,0.5787882804870605,0.2412748485803604
5391,0.0010154549963772,0.1249404028058052,0.5599440336227417,0.3141001164913177
5392,0.0004539190558716,0.144863024353981,0.600440502166748,0.2542425096035003
5393,0.0002434844209346,0.2213616222143173,0.7258168458938599,0.0525779984891414
5394,0.0008610180229879,0.1979194581508636,0.6001833081245422,0.2010362297296524
5395,0.0001968509022844,0.2603928446769714,0.7078210115432739,0.0315892323851585
5396,0.0005973432562313,0.2029301077127456,0.6058374047279358,0.1906351894140243
5397,7.879701297497377e-05,0.0159845035523176,0.054926436394453,0.929010272026062
5398,0.0002498041430953,0.0946723371744155,0.4807858467102051,0.4242919981479645
5399,0.0005283864447847,0.2453529238700866,0.6363970637321472,0.1177216246724128
5400,0.0024850810877978,0.5283083915710449,0.4448803067207336,0.0243262331932783
5401,0.0016630742466077,0.8750603795051575,0.1221858039498329,0.0010906708193942
5402,0.0032530149910598,0.5915269255638123,0.3940419256687164,0.0111781079322099
5403,1.7711621694616042e-05,0.007034599315375,0.0570878162980079,0.9358598589897156
5404,0.000821657537017,0.5817660689353943,0.4125338792800903,0.0048784054815769
5405,0.0001125897979363,0.0284243412315845,0.1536605358123779,0.8178024888038635
5406,0.0041363541968166,0.5169467329978943,0.4562038779258728,0.022713053971529
5407,0.0003045798221137,0.7645618915557861,0.2331781983375549,0.0019553180318325
5408,0.0005737701430916,0.1590905636548996,0.6194602847099304,0.2208753824234008
5409,0.0002163398603443,0.0563507340848445,0.2126654386520385,0.7307674288749695
5410,0.0003732074983417,0.1349634975194931,0.6240648627281189,0.240598440170288
5411,0.0023757959716022,0.2877832353115082,0.5211081504821777,0.1887328624725341
5412,0.0005555785028263,0.1359455734491348,0.6286059617996216,0.2348928898572921
5413,0.0026408333797007,0.1534837186336517,0.2736142873764038,0.5702611804008484
5414,0.0001497486518928,0.0906905308365821,0.8339745998382568,0.075185090303421
5415,0.0010615861974656,0.2638522386550903,0.5673714876174927,0.1677146852016449
5416,0.0018526314524933,0.3214548230171203,0.5468130707740784,0.1298794895410537
5417,0.0195320565253496,0.4586589932441711,0.3862296342849731,0.1355793327093124
5418,0.0006225908291526,0.7498583197593689,0.2472770512104034,0.0022420359309762
5419,0.0001960289228009,0.0615904591977596,0.5489498376846313,0.3892636895179748
5420,0.003369947662577,0.5579516291618347,0.4018774926662445,0.0368008986115455
5421,0.0008634214755147,0.2842978835105896,0.6406751871109009,0.0741635337471962
5422,0.0016750863287597,0.2263573110103607,0.5690622329711914,0.202905386686325
5423,0.0107160583138465,0.1756719648838043,0.3131691515445709,0.5004428625106812
5424,0.0065352539531886,0.6986055374145508,0.2822621464729309,0.0125970318913459
5425,0.0017067211447283,0.2532998621463775,0.5889398455619812,0.1560535281896591
5426,0.0019855848513543,0.2600603103637695,0.5592175126075745,0.1787366569042205
5427,0.0011073102941736,0.2467027157545089,0.5826338529586792,0.1695561110973358
5428,0.0007913906010799,0.1997939199209213,0.5964744687080383,0.2029402256011963
5429,0.001541630947031,0.214936152100563,0.5751989483833313,0.2083232551813125
5430,0.0013378635048866,0.1954782307147979,0.5482321977615356,0.2549516856670379
5431,0.0008627498173154,0.1952428966760635,0.6204806566238403,0.1834137290716171
5432,0.0004874670121353,0.1211576163768768,0.6448174715042114,0.233537420630455
5433,0.0055316947400569,0.3878017365932464,0.4902273118495941,0.1164392009377479
5434,0.0045333760790526,0.2436766028404235,0.4624169170856476,0.2893731296062469
5435,0.0020229232031852,0.3349289894104004,0.5609005093574524,0.1021475717425346
5436,0.0008261788170784,0.1245467141270637,0.389672189950943,0.4849548935890198
5437,0.0016450954135507,0.2403685599565506,0.5250131487846375,0.2329731881618499
5438,0.0005593527457676,0.3182301819324493,0.6529659628868103,0.0282445382326841
5439,0.0010942594381049,0.1783642470836639,0.4924795031547546,0.3280620872974396
5440,0.0010477810865268,0.6861180067062378,0.3044630289077759,0.0083712199702858
5441,0.0005859090015292,0.3230829834938049,0.6227587461471558,0.0535724051296711
5442,0.0009478465071879,0.0789103433489799,0.2797614634037018,0.6403803825378418
5443,0.0009076957940123,0.1411790549755096,0.4557315707206726,0.4021816849708557
5444,0.0016669898759573,0.2183326035737991,0.5842882990837097,0.195712074637413
5445,0.0033183167688548,0.3438077867031097,0.5161165595054626,0.1367572844028473
5446,0.0012170466361567,0.2283323407173156,0.6110489964485168,0.1594016551971435
5447,0.0011222981847822,0.3581684827804565,0.5723515748977661,0.0683576464653015
5448,0.0013602362014353,0.183811068534851,0.5750939249992371,0.2397348135709762
5449,0.01027437672019,0.1969161629676818,0.3349656462669372,0.4578437805175781
5450,0.0024610210675746,0.3028011620044708,0.4992347061634063,0.1955031156539917
5451,0.0009463570895604,0.2141634970903396,0.6100950241088867,0.1747951507568359
5452,0.0086903991177678,0.4598814845085144,0.4527516961097717,0.0786764472723007
5453,0.0238421410322189,0.350357711315155,0.4292672276496887,0.1965328603982925
5454,0.0002830154262483,0.24551822245121,0.6994162797927856,0.0547825172543525
5455,0.0006264912663027,0.2265588045120239,0.6353998780250549,0.1374148577451706
5456,0.002731307875365,0.2383000552654266,0.4383008778095245,0.3206677436828613
5457,0.0009684067335911,0.1578502506017685,0.5684406161308289,0.2727407813072204
5458,0.0028452521655708,0.2812943756580353,0.5255270600318909,0.190333291888237
5459,0.0012182490900158,0.4405569732189178,0.5231743454933167,0.0350504927337169
5460,0.0014232855755835,0.1864136159420013,0.4471830129623413,0.3649801611900329
5461,0.0010443042265251,0.2595568597316742,0.6424094438552856,0.0969893187284469
5462,0.0024200382176786,0.2355464994907379,0.4909210801124573,0.2711123526096344
5463,0.0014195664552971,0.3814964294433594,0.5638151168823242,0.0532688349485397
5464,0.0014053789200261,0.584967851638794,0.4020421504974365,0.011584660038352
5465,0.0013916818425059,0.6772313714027405,0.3149418830871582,0.0064350715838372
5466,0.0007775282138027,0.8136168718338013,0.1844013482332229,0.0012042591115459
5467,0.0019963134545832,0.4049656093120575,0.5364922881126404,0.056545864790678
5468,0.0013427614467218,0.5677058100700378,0.4153424203395843,0.0156090874224901
5469,0.0010475830640643,0.3558860719203949,0.5867569446563721,0.0563093572854995
5470,0.0009422193397767,0.5277421474456787,0.4585103094577789,0.0128052830696105
5471,0.0013041289057582,0.4033926427364349,0.5600551962852478,0.0352480560541152
5472,0.0010342499008402,0.2570579349994659,0.5884114503860474,0.1534963101148605
5473,0.0005844520637765,0.1570665389299392,0.6309928297996521,0.2113561332225799
5474,0.0007223179563879,0.1022923812270164,0.4239901304244995,0.4729951620101928
5475,0.0285602323710918,0.2976044416427612,0.3942618370056152,0.2795735001564026
5476,0.0019230857724323,0.236614242196083,0.5856258869171143,0.175836756825447
5477,0.0027629155665636,0.1998438984155655,0.4574472308158874,0.339945912361145
5478,0.0016577300848439,0.459642618894577,0.5127683877944946,0.0259312614798545
5479,0.0058083701878786,0.2712524533271789,0.4835598170757293,0.2393794655799865
5480,0.0011488801101222,0.478204071521759,0.478204071521759,0.0424430221319198
5481,0.0010444320505484,0.1729233115911483,0.5582033395767212,0.26782888174057
5482,0.0001104948751162,0.0210565961897373,0.0973647087812423,0.8814681768417358
5483,0.0004740881267935,0.1912607848644256,0.607825517654419,0.2004396021366119
5484,0.0012683362001553,0.1465997397899627,0.3862389028072357,0.465893030166626
5485,0.0006017855484969,0.4260879755020141,0.5557234883308411,0.0175867490470409
5486,0.000748386606574,0.0995628759264946,0.3529810607433319,0.5467077493667603
5487,0.0008776733884587,0.2981641590595245,0.5929702520370483,0.1079879030585289
5488,0.0011751003330573,0.1401346325874328,0.4594837725162506,0.3992064297199249
5489,0.0005288927932269,0.4447024762630462,0.5364135503768921,0.0183550622314214
5490,0.0021894443780183,0.1880622208118438,0.5274335145950317,0.2823148369789123
5491,0.0040135104209184,0.2948719561100006,0.5015941262245178,0.1995203644037246
5492,0.0009792688069865,0.1302786916494369,0.4547172784805298,0.4140248000621795
5493,0.0080036483705043,0.5271037817001343,0.3978788256645202,0.0670137181878089
5494,0.0004058456688653,0.1179301738739013,0.6681199669837952,0.2135439664125442
5495,0.0036134063266217,0.2200876623392105,0.4659255743026733,0.3103733658790588
5496,0.0046776193194091,0.3129095733165741,0.5322771668434143,0.1501356661319732
5497,0.0016509839333593,0.2374890446662902,0.5608741044998169,0.1999858319759369
5498,0.0022258709650486,0.2870118021965027,0.5446526408195496,0.1661096662282943
5499,0.0072187394835054,0.5734555125236511,0.3941298425197601,0.0251958761364221
5500,0.0025661054532974,0.2536966800689697,0.5898624062538147,0.1538748145103454
5501,0.0016489559784531,0.2605102658271789,0.5870689749717712,0.1507717818021774
5502,0.0003209822170902,0.4519766271114349,0.536735475063324,0.0109668858349323
5503,0.0001824909850256,0.0960213392972946,0.5525646805763245,0.3512314856052398
5504,0.0014362502843141,0.2531318962574005,0.6565741896629333,0.0888576507568359
5505,0.0038616221863776,0.2707205712795257,0.4902116656303406,0.235206127166748
5506,0.0012689637951552,0.1797066628932953,0.4884932935237884,0.3305311203002929
5507,0.001114263664931,0.1459397375583648,0.4860535562038421,0.3668924868106842
5508,0.0018159706378355,0.4513508975505829,0.503518283367157,0.0433148294687271
5509,0.0022821691818535,0.2478010803461074,0.5412473082542419,0.2086694240570068
5510,0.076527826488018,0.6928263902664185,0.208024188876152,0.0226215813308954
5511,0.0211464241147041,0.4521304666996002,0.4664826393127441,0.0602405555546283
5512,0.0008882291149348,0.2879320383071899,0.6191511750221252,0.0920286029577255
5513,0.0007167904404923,0.1699965596199035,0.6619256138801575,0.1673610061407089
5514,0.0026424161624163,0.2612411081790924,0.519540011882782,0.216576486825943
5515,0.0009244498214684,0.1875308752059936,0.5511838793754578,0.260360836982727
5516,0.0011675698915496,0.2726120054721832,0.6143406629562378,0.1118797436356544
5517,0.0020052255131304,0.2795710861682892,0.6106393933296204,0.1077842563390731
5518,0.0011444576084613,0.4270092844963074,0.5231826901435852,0.0486635714769363
5519,0.0002658170997165,0.1609837263822555,0.677766740322113,0.1609837263822555
5520,0.0006226200493983,0.2758704125881195,0.6120452284812927,0.1114617139101028
5521,0.0004751335072796,0.2788964509963989,0.6690378189086914,0.0515906549990177
5522,0.0008550065685994,0.2158543914556503,0.5867530107498169,0.1965376287698745
5523,0.0007555290940217,0.1053368225693702,0.3913737833499908,0.5025338530540466
5524,0.0035948597360402,0.3724600970745086,0.5252529382705688,0.0986921042203903
5525,0.0013852199772372,0.1480772346258163,0.5168403387069702,0.3336971998214721
5526,0.0898284539580345,0.442151129245758,0.3781919181346893,0.0898284539580345
5527,0.3401882350444793,0.4649821817874908,0.1737511605024337,0.0210784059017896
5528,0.0002093275106744,0.0445013605058193,0.2482086569070816,0.707080602645874
5529,0.0019502975046634,0.2437411844730377,0.532379686832428,0.2219288647174835
5530,0.0004456143651623,0.1826047003269195,0.7222155928611755,0.0947340726852417
5531,0.0003533013223204,0.1590058654546737,0.6488431692123413,0.19179767370224
5532,0.0001049880884238,0.0340333729982376,0.2150975465774536,0.7507641911506653
5533,0.000154023815412,0.0574679225683212,0.4381130337715149,0.5042650103569031
5534,0.0003244276449549,0.168057695031166,0.6965796947479248,0.135038137435913
5535,0.0002538469561841,0.0875951945781707,0.4311586618423462,0.4809922575950622
5536,0.0002298134932061,0.5171136856079102,0.478251963853836,0.0044045485556125
5537,0.0001477914047427,0.1452812552452087,0.7263606190681458,0.1282102614641189
5538,0.0015524069312959,0.2736039459705353,0.5976059436798096,0.1272376477718353
5539,0.0087077291682362,0.3267551064491272,0.4754258692264557,0.1891113519668579
5540,0.0005386293632909,0.1917653381824493,0.7584466338157654,0.0492494143545627
5541,0.0087726013734936,0.5260432362556458,0.4033313393592834,0.0618528611958026
5542,0.060418389737606,0.5555971264839172,0.3643695116043091,0.0196149796247482
5543,0.1483175456523895,0.7075834274291992,0.139331430196762,0.0047676595859229
5544,0.0011572384973987,0.1162114590406417,0.2831669151782989,0.5994643568992615
5545,0.0021032977383583,0.5066809058189392,0.4686032235622406,0.0226125810295343
5546,0.0080054709687829,0.4726004004478454,0.4726004004478454,0.0467937774956226
5547,0.0024630837142467,0.2983565330505371,0.5841536521911621,0.1150266751646995
5548,0.0183553267270326,0.6370160579681396,0.3203117847442627,0.024316856637597
5549,0.0601624250411987,0.5279085040092468,0.362825870513916,0.0491031408309936
5550,0.0002046096051344,0.1542151272296905,0.7590734362602234,0.0865068435668945
5551,0.0024513767566531,0.3526231348514557,0.5211431384086609,0.1237823590636253
5552,0.003483226057142,0.5333665609359741,0.4353211224079132,0.0278291478753089
5553,0.0005002813995815,0.317519873380661,0.6515084505081177,0.0304714571684598
5554,0.0021593093406409,0.2872673571109772,0.608144998550415,0.1024283319711685
5555,0.0017729772953316,0.1546880155801773,0.3888856470584869,0.4546533524990082
5556,0.0013018856989219,0.2223913818597793,0.6435107588768005,0.1327959448099136
5557,0.0010902975918725,0.3372503817081451,0.5736822485923767,0.0879770293831825
5558,0.0009069779189303,0.2594626545906067,0.6729949116706848,0.0666355192661285
5559,0.0010581306414678,0.3767206370830536,0.5567569732666016,0.0654642283916473
5560,0.0017892913892865,0.2826811373233795,0.6370317935943604,0.0784977152943611
5561,0.0003043992910534,0.0536488443613052,0.157682716846466,0.788364052772522
5562,0.0022298414260149,0.2701035737991333,0.5808138847351074,0.1468527466058731
5563,0.0192070305347442,0.3512599170207977,0.3918587565422058,0.2376743406057357
5564,0.003339486895129,0.4239294826984405,0.4879398345947265,0.0847912207245826
5565,0.0029731036629527,0.322823703289032,0.5845582485198975,0.0896449163556099
5566,0.0047343298792839,0.5140600800514221,0.4261707961559295,0.0550347678363323
5567,0.0058090677484869,0.4267913103103637,0.5148085951805115,0.0525910072028636
5568,0.0280242189764976,0.4594105184078216,0.4248852431774139,0.0876800343394279
5569,0.0075351581908762,0.3154356777667999,0.4114056825637817,0.2656234800815582
5570,0.0018858779221773,0.3593847453594208,0.574295163154602,0.0644341334700584
5571,0.0007056848844513,0.255197674036026,0.6516700983047485,0.0924264788627624
5572,0.0010002350900322,0.2605344653129577,0.6348318457603455,0.1036334484815597
5573,0.001209866721183,0.3742354810237884,0.5706409215927124,0.0539137311279773
5574,0.0012506118509918,0.2383244335651397,0.5628470182418823,0.1975778937339782
5575,0.0009426684118807,0.2613758146762848,0.6270080208778381,0.1106734871864318
5576,0.0005742652574554,0.1567592471837997,0.6809310913085938,0.1617353111505508
5577,0.000314346369123,0.2090848386287689,0.6963589191436768,0.0942419245839119
5578,0.0002069008769467,0.3101277947425842,0.6463618278503418,0.0433035418391227
5579,0.0005575498798862,0.1452267915010452,0.737522542476654,0.1166930198669433
5580,0.0002272359706694,0.137618288397789,0.5615684986114502,0.3005859553813934
5581,0.0002909481991082,0.0537390522658824,0.4361080527305603,0.509861946105957
5582,9.03590116649866e-05,0.0195121131837368,0.0691764503717422,0.9112210273742676
5583,0.0003845100582111,0.0792287811636924,0.485335111618042,0.4350515902042389
5584,0.000409837346524,0.2482050210237503,0.6143133044242859,0.1370718330144882
5585,0.0005267103551886,0.2904395759105682,0.6859264969825745,0.0231072269380092
5586,0.0009312121546827,0.1774576306343078,0.5552157759666443,0.2663954198360443
5587,0.020762663334608,0.3979321122169494,0.430267184972763,0.1510379910469055
5588,0.000344216969097,0.0829212889075279,0.3228754997253418,0.5938589572906494
5589,0.0930474400520324,0.3566873073577881,0.3623043000698089,0.1879609823226928
5590,0.0002973044174723,0.0622246526181697,0.2788715660572052,0.6586065292358398
5591,0.0467005297541618,0.4571472406387329,0.3731127083301544,0.1230395138263702
5592,0.0004849998513236,0.1781530976295471,0.5661693811416626,0.2551925480365753
5593,0.0002231463004136,0.070110484957695,0.4034579694271087,0.5262084007263184
5594,0.0020102709531784,0.4077970087528229,0.5236217379570007,0.0665710270404815
5595,0.0042419326491653,0.6101891398429871,0.3643605709075928,0.0212083291262388
5596,0.0021255644969642,0.3925985097885132,0.5450690388679504,0.0602069273591041
5597,0.0026633064262568,0.2217262238264084,0.4996677339076996,0.275942713022232
5598,0.001097027095966,0.1505776494741439,0.4638118147850036,0.3845134973526001
5599,0.0133732622489333,0.4032301008701324,0.4714237153530121,0.1119729503989219
5600,0.0007689681369811,0.2165711969137191,0.6266695261001587,0.1559903770685196
5601,0.0010857831221073,0.3010575473308563,0.627457857131958,0.0703988149762153
5602,0.000579128274694,0.1331223547458648,0.6252450942993164,0.2410534471273422
5603,0.0012764884158968,0.1242428198456764,0.3595084846019745,0.5149721503257751
5604,0.0002222792390966,0.0543899349868297,0.3229279220104217,0.622459888458252
5605,0.0002848844451364,0.0753733292222023,0.4011472165584564,0.5231946110725403
5606,0.0004117521748412,0.7561890482902527,0.2416925579309463,0.0017066654982045
5607,0.0020846999250352,0.5963780879974365,0.3911143243312835,0.0104228435084223
5608,0.0001941831142175,0.0467783920466899,0.4579094052314758,0.495118111371994
5609,8.500716648995876e-05,0.0407255366444587,0.4310527145862579,0.5281367897987366
5610,0.0013535122852772,0.3812014162540436,0.563379168510437,0.0540658570826053
5611,0.0024278713390231,0.7748270630836487,0.2185500115156173,0.0041949856095016
5612,0.2885543704032898,0.5064287185668945,0.1892386078834533,0.0157782696187496
5613,0.0360653921961784,0.7131621241569519,0.2388793975114822,0.0118931038305163
5614,0.0296019222587347,0.5247066020965576,0.3779319822788238,0.0677594691514968
5615,0.1024681255221366,0.6681761145591736,0.2169250100851059,0.0124307936057448
5616,0.0006157379830256,0.1734156161546707,0.5775622129440308,0.2484064251184463
5617,0.0093572195619344,0.8423099517822266,0.1463715136051178,0.0019613795448094
5618,0.0014266986399888,0.7163100242614746,0.2761621177196502,0.0061012161895632
5619,0.0008174903923645,0.4104416966438293,0.5698418617248535,0.0188989974558353
5620,0.0015538863372057,0.2572720646858215,0.5278880000114441,0.2132860273122787
5621,0.0025025457143783,0.3832005858421325,0.5663337111473083,0.0479631721973419
5622,0.001976789208129,0.2888330519199371,0.5312452912330627,0.1779448837041854
5623,0.0009832833893597,0.229583591222763,0.6643221378326416,0.1051110327243805
5624,0.0026960587128996,0.3643230497837066,0.5218687057495117,0.1111122518777847
5625,0.0013502780348062,0.3055720031261444,0.6269930601119995,0.0660845786333084
5626,0.0019802479073405,0.414458155632019,0.5405553579330444,0.0430063195526599
5627,0.0003438959829509,0.2937073707580566,0.6516183018684387,0.05433040112257
5628,0.0042291479185223,0.2419849187135696,0.4381781220436096,0.315607875585556
5629,0.0006570739788003,0.1582880318164825,0.5881113409996033,0.2529435455799103
5630,0.0007312464294955,0.2091905027627945,0.5775935053825378,0.2124847918748855
5631,0.000430446001701,0.1138852685689926,0.5348929166793823,0.350791335105896
5632,0.0002042589185293,0.0462244190275669,0.171744555234909,0.7818267941474915
5633,0.0007582580437883,0.2238035202026367,0.6375568509101868,0.1378813534975052
5634,0.0019365970510989,0.4738697111606598,0.4966111779212951,0.027582524344325
5635,0.0056944000534713,0.3258242905139923,0.5046465396881104,0.163834735751152
5636,0.0030940610449761,0.3107098639011383,0.5804824233055115,0.1057136952877044
5637,0.1750616878271103,0.522637665271759,0.2587243914604187,0.0435763001441955
5638,0.0041950866580009,0.3547502160072326,0.5581004619598389,0.0829542279243469
5639,0.0042610019445419,0.3384933173656463,0.5161406993865967,0.1411050111055374
5640,0.0007820312748663,0.3057872354984283,0.5987022519111633,0.0947284623980522
5641,0.0064671146683394,0.610089123249054,0.3586528599262237,0.0247909817844629
5642,0.0005010375170968,0.2151693999767303,0.7166235446929932,0.0677060559391975
5643,0.0024070015642791,0.5798426270484924,0.3985196352005005,0.0192306786775589
5644,0.0531338229775428,0.4886095523834228,0.3204379677772522,0.1378186494112014
5645,0.0021976460702717,0.316124677658081,0.5724278688430786,0.1092497780919075
5646,0.0038713747635483,0.2630541026592254,0.5313838720321655,0.2016905844211578
5647,0.0006500902818515,0.1471173912286758,0.4823793768882751,0.3698531091213226
5648,0.0005142145673744,0.0878394097089767,0.505480945110321,0.4061653614044189
5649,0.0005682025221176,0.463055819272995,0.5085673332214355,0.0278086643666028
5650,0.0013207209995016,0.1960123777389526,0.5084174275398254,0.2942494451999664
5651,0.0004575194907374,0.2407332062721252,0.7075542211532593,0.0512550584971904
5652,0.0059561934322118,0.4881787598133087,0.4731590747833252,0.0327059365808963
5653,0.0007097645429894,0.2411220222711563,0.6868926882743835,0.0712755322456359
5654,0.0016424164641648,0.4082148373126983,0.566750168800354,0.0233925748616457
5655,0.0021845258306711,0.1735383868217468,0.4791548550128937,0.3451223075389862
5656,8.154333772836253e-05,0.1806396842002868,0.7970196604728699,0.0222591776400804
5657,0.0006043149041943,0.2595216631889343,0.6837484836578369,0.0561254955828189
5658,0.147557258605957,0.7263022661209106,0.122329257428646,0.0038112844340503
5659,0.0013163079274818,0.6208446025848389,0.3707232177257538,0.0071158939972519
5660,0.0011217838618904,0.2275613993406295,0.5995444059371948,0.1717723608016967
5661,0.0014883248368278,0.60988849401474,0.3699160814285278,0.0187070630490779
5662,0.1416584700345993,0.6972674131393433,0.155581384897232,0.0054926951415836
5663,0.5222777724266052,0.4262706935405731,0.0485793985426425,0.0028721892740577
5664,0.0026038389187306,0.274029791355133,0.5622726082801819,0.1610938012599945
5665,0.0013408849481493,0.2987418472766876,0.612978458404541,0.0869388356804847
5666,0.0001931589504238,0.0379780381917953,0.162411481142044,0.7994173169136047
5667,0.0004962813109159,0.0591831915080547,0.2415043860673904,0.6988161206245422
5668,0.000273776211543,0.0808063596487045,0.3402074575424194,0.5787124037742615
5669,0.0010145195992663,0.0972140431404113,0.4157317578792572,0.4860396683216095
5670,0.0002832153113558,0.0556845180690288,0.2656559646129608,0.678376317024231
5671,0.0002687926171347,0.0711158215999603,0.2947669327259063,0.6338484883308411
5672,0.0004752831009682,0.0632300898432731,0.2349282950162887,0.7013663649559021
5673,0.7310793399810791,0.2094577401876449,0.0537931956350803,0.0056697609834373
5674,0.0004026163660455,0.0666599199175834,0.4773995876312256,0.4555379152297973
5675,0.0011666961945593,0.5333489775657654,0.4491249024868011,0.0163593720644712
5676,0.0004759990843012,0.13831527531147,0.6808115839958191,0.1803971379995346
5677,0.0223845187574625,0.8532005548477173,0.1229152008891105,0.0014996692771092
5678,0.0010843680938705,0.148840069770813,0.6266400814056396,0.2234354317188263
5679,0.0025551624130457,0.4297122359275818,0.5264943838119507,0.0412382297217845
5680,0.0002176104608224,0.0673111751675605,0.5906367897987366,0.3418343663215637
5681,0.001927797216922,0.6652267575263977,0.3242056369781494,0.0086397873237729
5682,0.0014229872031137,0.1644749641418457,0.4007682800292969,0.4333338439464569
5683,0.0001461261999793,0.0598798654973506,0.3445848524570465,0.595389187335968
5684,0.0004966721753589,0.0946489572525024,0.4241872131824493,0.4806671142578125
5685,0.0008131450158543,0.1728681474924087,0.5668128728866577,0.2595058381557464
5686,0.0004986381973139,0.1720655411481857,0.6293896436691284,0.1980462223291397
5687,0.0004986459971405,0.2043360918760299,0.6805431246757507,0.1146221682429313
5688,0.0004471171996556,0.1404800564050674,0.7023561000823975,0.1567168235778808
5689,0.0012645587557926,0.2228721678256988,0.6250603795051575,0.1508028507232666
5690,0.000610877526924,0.2749299108982086,0.6492975950241089,0.0751616507768631
5691,0.0014892604667693,0.5470442771911621,0.4327476918697357,0.0187188256531953
5692,0.0007355916895903,0.3259258568286896,0.5994694232940674,0.0738691240549087
5693,0.0010082232765853,0.2585436701774597,0.62021404504776,0.1202339753508567
5694,0.0011601176811382,0.2505156695842743,0.5734360814094543,0.1748881191015243
5695,0.0031069160904735,0.4611072540283203,0.4832362234592438,0.0525495037436485
5696,0.0007630901527591,0.2803029417991638,0.6619870066642761,0.0569469928741455
5697,0.0004602100816555,0.2498355358839035,0.6685945391654968,0.0811097174882888
5698,8.38125852169469e-05,0.0108070960268378,0.0462160818278789,0.9428930282592772
5699,0.0003098597808275,0.0262027569115161,0.0782269835472107,0.8952603936195374
5700,0.0060547981411218,0.3305808007717132,0.5120135545730591,0.1513509154319763
5701,0.0006949523813091,0.113277219235897,0.4016025960445404,0.4844251871109009
5702,0.0135410791262984,0.5081252455711365,0.4346225559711456,0.0437111370265483
5703,0.0002378614008193,0.1053915992379188,0.5697416067123413,0.3246289491653442
5704,0.000195884189452,0.02126937918365,0.0881591290235519,0.8903756141662598
5705,0.000289652205538,0.0397575870156288,0.2552326917648315,0.7047200798988342
5706,0.0025749821215867,0.394292265176773,0.5560412406921387,0.0470914952456951
5707,0.0016785804182291,0.4043672382831573,0.5356995463371277,0.0582546219229698
5708,0.0133556621149182,0.4220253527164459,0.4492436349391937,0.1153753101825714
5709,0.000882749678567,0.1605188548564911,0.5780506134033203,0.2605478465557098
5710,0.0106139043346047,0.325069785118103,0.4956722259521484,0.168643981218338
5711,0.0006394201191142,0.1665517836809158,0.5904773473739624,0.2423314303159713
5712,0.006711782887578,0.5249167680740356,0.4217824637889862,0.046589009463787
5713,0.0013890941627323,0.3046845495700836,0.5965433716773987,0.0973830223083496
5714,0.0017998159164562,0.2048052251338958,0.4761863946914673,0.3172085285186767
5715,0.0002584672765806,0.0751051232218742,0.3696804046630859,0.5549559593200684
5716,0.0020388434641063,0.1474711745977401,0.3593359291553497,0.4911540150642395
5717,0.0002744744415394,0.0468864105641841,0.230783000588417,0.7220560908317566
5718,0.0037824681494385,0.1739037036895752,0.3918980658054352,0.4304158091545105
5719,0.0011832120362669,0.189873456954956,0.5494170188903809,0.259526252746582
5720,0.0029878558125346,0.1763870865106582,0.3974944353103637,0.4231306314468384
5721,0.0003134593425784,0.0552456341683864,0.2052624374628067,0.7391784191131592
5722,0.0009844345040619,0.2997840046882629,0.644636869430542,0.0545947179198265
5723,0.001686499803327,0.1426159441471099,0.3421178758144378,0.5135797262191772
5724,0.0064210384152829,0.3674013614654541,0.4867277145385742,0.1394498348236084
5725,0.0041826991364359,0.2319639176130294,0.4613153338432312,0.3025379776954651
5726,0.0019568537827581,0.1460337787866592,0.3342746496200561,0.517734706401825
5727,0.002209200290963,0.1047949492931366,0.2804458141326904,0.6125499606132507
5728,0.0022593887988477,0.2340932339429855,0.4583322703838348,0.3053151369094848
5729,0.0013495301827788,0.1535661518573761,0.4880322515964508,0.3570520281791687
5730,0.0037993837613612,0.2242954075336456,0.4190389811992645,0.3528662025928497
5731,0.0015051047084853,0.6167646646499634,0.3740866780281067,0.0076435529626905
5732,0.0021301836241036,0.278999000787735,0.5548557639122009,0.1640150547027588
5733,0.0021821307018399,0.577337384223938,0.4030464291572571,0.0174340773373842
5734,0.0065075578168034,0.3723518550395965,0.4706968069076538,0.150443747639656
5735,0.0062842438928782,0.737798273563385,0.2510232329368591,0.0048941737040877
5736,0.0003320967371109,0.0717129185795784,0.336819052696228,0.5911359190940857
5737,0.000252307014307,0.0320289880037307,0.1286719888448715,0.8390467166900635
5738,0.0013812931720167,0.3275923728942871,0.548613965511322,0.1224123314023017
5739,0.000108376800199,0.0099093997851014,0.0404365360736846,0.9495457410812378
5740,0.0023883362300693,0.1867875605821609,0.4275609850883484,0.3832631707191467
5741,0.0014885390410199,0.2388701438903808,0.6005194783210754,0.1591218262910843
5742,6.377838144544512e-05,0.0070342002436518,0.0273894816637039,0.9655124545097352
5743,0.0001623392017791,0.0290620364248752,0.1475892066955566,0.8231863975524902
5744,4.053122029290535e-05,0.0064033246599137,0.0282527934759855,0.9653032422065736
5745,0.0003223120002076,0.0533641763031482,0.1862592995166778,0.7600541710853577
5746,0.0005932120257057,0.3322612643241882,0.5831366777420044,0.0840088129043579
5747,0.0004202626878395,0.2045115977525711,0.7364745736122131,0.0585935562849044
5748,0.0013313080416992,0.3207099139690399,0.6086004376411438,0.0693583711981773
5749,0.0003787773312069,0.1626650691032409,0.6956302523612976,0.1413258612155914
5750,0.0006739062955603,0.2805033922195434,0.5755555629730225,0.1432671248912811
5751,0.0003652536834124,0.221204325556755,0.7140563130378723,0.0643741264939308
5752,0.0002375182957621,0.1905642747879028,0.719182014465332,0.0900161936879158
5753,0.0002004130365094,0.2130176872014999,0.7435047626495361,0.0432771630585193
5754,0.000987189123407,0.19108746945858,0.6168379187583923,0.19108746945858
5755,0.0004627563466783,0.1224337890744209,0.4077667593955993,0.4693366587162018
5756,0.0037719269748777,0.2370357662439346,0.4863658249378204,0.2728264927864074
5757,0.0003403681912459,0.0412292405962944,0.1682410240173339,0.7901893854141235
5758,0.0003114319697488,0.087711289525032,0.5126922130584717,0.399285078048706
5759,0.0006704734987579,0.1339014321565628,0.4529826939105987,0.4124454259872436
5760,0.0004306119808461,0.1290986835956573,0.5607790946960449,0.3096916377544403
5761,0.0007143630646169,0.1340229511260986,0.4326313734054565,0.4326313734054565
5762,0.0013043949147686,0.6756932735443115,0.3142265975475311,0.0087757240980863
5763,0.0014173056697472,0.3868870139122009,0.5541900992393494,0.0575056262314319
5764,0.0001257707481272,0.0704448819160461,0.3577486574649811,0.5716806650161743
5765,0.0004940859507769,0.1391537338495254,0.623643696308136,0.2367084622383117
5766,0.0003140497719869,0.0818015560507774,0.3039296269416809,0.6139547228813171
5767,0.0002018447121372,0.0664612129330635,0.5066743493080139,0.4266625940799713
5768,0.0001504628016846,0.095496118068695,0.549542248249054,0.3548111617565155
5769,0.000361165322829,0.1479990184307098,0.6329114437103271,0.2187283635139465
5770,0.0004769869847223,0.2630209922790527,0.6822245717048645,0.054277453571558
5771,0.0063252034597098,0.5433030128479004,0.4365562200546264,0.013815514743328
5772,0.0003261415986344,0.0836341008543968,0.4116615056991577,0.5043781995773315
5773,0.0006561091868206,0.1936537772417068,0.605889081954956,0.1998010128736496
5774,0.0001666835742071,0.144599363207817,0.7940067052841187,0.0612272247672081
5775,0.0018264427781105,0.3219013512134552,0.6502586007118225,0.0260136201977729
5776,0.000292501586955,0.1716941744089126,0.7575501799583435,0.0704631432890892
5777,0.0007577384239993,0.2783371210098266,0.6471531987190247,0.0737519934773445
5778,0.0017693417612463,0.1891390830278396,0.4329436421394348,0.3761479556560516
5779,0.0806425958871841,0.4939958155155182,0.3395180404186249,0.0858435928821563
5780,0.0014198874123394,0.1667011380195617,0.4061927199363708,0.4256862998008728
5781,0.0060402452945709,0.80357426404953,0.1879065185785293,0.0024789115414023
5782,0.0136256357654929,0.4803202152252197,0.4238810837268829,0.0821731016039848
5783,0.0050536235794425,0.8632726073265076,0.130334660410881,0.001339076901786
5784,0.0007279878482222,0.1303247213363647,0.3771070539951324,0.4918403029441833
5785,0.0014775935560464,0.3615552186965942,0.5599876642227173,0.0769795477390289
5786,0.0012239078059792,0.2444287538528442,0.5863540768623352,0.1679932624101638
5787,0.0018856548704206,0.195371001958847,0.5479314923286438,0.2548118233680725
5788,0.0005772570730186,0.2292716056108474,0.6844785809516907,0.0856725499033927
5789,0.0020406690891832,0.327472060918808,0.5658209323883057,0.1046663522720336
5790,0.001057720859535,0.514716625213623,0.4760350584983825,0.0081906355917453
5791,0.8215513825416565,0.1496156156063079,0.027247030287981,0.0015859672566875
5792,0.0017355968011543,0.2006077021360397,0.4965088367462158,0.3011478185653686
5793,0.0009077406139113,0.2086594551801681,0.5944154262542725,0.1960174143314361
5794,0.0001139404048444,0.0261911116540431,0.1460823118686676,0.8276126384735107
5795,0.0007083899108693,0.2058431059122085,0.6541680693626404,0.1392804235219955
5796,8.076638914644718e-05,0.0119867948815226,0.0504662916064262,0.9374660849571228
5797,0.0006872955709695,0.1531256884336471,0.5601105093955994,0.2860764861106872
5798,0.0007137658540159,0.2277901172637939,0.6289486885070801,0.1425474137067794
5799,0.0006621946813538,0.3767396211624145,0.5835057497024536,0.0390924476087093
5800,0.0003396742395125,0.1267360746860504,0.6046239733695984,0.2683002650737762
5801,0.0003659194917418,0.0983377620577812,0.5838581919670105,0.3174381852149963
5802,0.0025089625269174,0.3782269060611725,0.5251160264015198,0.0941481217741966
5803,0.001229053363204,0.4241106212139129,0.5278142094612122,0.0468461699783802
5804,0.0044458457268774,0.4827361404895782,0.4464579224586487,0.0663600489497184
5805,0.0009018199052661,0.2878054082393646,0.6385241746902466,0.0727685987949371
5806,0.0029950742609798,0.3861956298351288,0.5116260647773743,0.0991832390427589
5807,0.0006058462895452,0.6962758898735046,0.2994645535945892,0.0036537204869091
5808,0.0015869549242779,0.2546632587909698,0.5391221046447754,0.2046276628971099
5809,0.0010607414878904,0.2895544171333313,0.5494776964187622,0.159907117486
5810,0.0104868877679109,0.2924374341964721,0.4390005767345428,0.2580751180648803
5811,0.0023217222187668,0.1529038548469543,0.4091919362545013,0.435582548379898
5812,0.0001530096196802,0.038628701120615,0.1731218248605728,0.7880964875221252
5813,5.454166603158228e-05,0.0084831733256578,0.0411082841455936,0.9503540396690368
5814,0.0042784139513969,0.2160386592149734,0.4502632617950439,0.3294196128845215
5815,0.0009066108614206,0.1064401566982269,0.3435930907726288,0.5490601658821106
5816,7.712145452387631e-05,0.0253937020897865,0.1069114804267883,0.8676177263259888
5817,0.0005530299968086,0.1396175771951675,0.5352088212966919,0.3246205747127533
5818,0.0025313808582723,0.8872617483139038,0.1093320921063423,0.0008748219115659
5819,0.0395491868257522,0.5903231501579285,0.3260073959827423,0.0441203042864799
5820,0.0048704193904995,0.4453252553939819,0.4815114140510559,0.0682928413152694
5821,0.0082983756437897,0.3697898089885711,0.4748195111751556,0.1470922231674194
5822,0.0028400572482496,0.6949390769004822,0.2942557334899902,0.007965138182044
5823,0.0060069570317864,0.3178782165050506,0.477191686630249,0.1989230811595916
5824,0.472330629825592,0.4233944416046142,0.0944720655679702,0.0098029095679521
5825,0.5311530828475952,0.3593961894512176,0.0982534438371658,0.0111973294988274
5826,0.0029998223762959,0.2169795483350753,0.4593456983566284,0.3206749856472015
5827,0.0018731114687398,0.2304654717445373,0.5442866086959839,0.2233747839927673
5828,0.0052108941599726,0.198616623878479,0.4475894570350647,0.3485830128192901
5829,0.0010657203383743,0.16836778819561,0.5350717902183533,0.2954946756362915
5830,0.0039375349879264,0.239829882979393,0.4844696819782257,0.2717628479003906
5831,0.0017720265313982,0.1498483568429947,0.4010149836540222,0.4473645687103271
5832,0.0006782851996831,0.0736491382122039,0.2377423495054245,0.6879302859306335
5833,0.0018424253212288,0.153386041522026,0.3796341121196747,0.4651373922824859
5834,0.0068913707509636,0.3762560784816742,0.4984583258628845,0.1183942332863807
5835,0.0007060480420477,0.243636667728424,0.6940562129020691,0.0616009905934333
5836,0.003105501178652,0.242875799536705,0.5222650170326233,0.2317536920309066
5837,0.0060925064608454,0.2981762290000915,0.5570665001869202,0.1386648267507553
5838,0.007499671075493,0.4787167906761169,0.4712949991226196,0.0424885302782058
5839,0.0008651479147374,0.2288965731859207,0.683358907699585,0.0868793278932571
5840,0.0172220077365636,0.4511559605598449,0.44416144490242,0.0874605700373649
5841,0.0023691842798143,0.3984355330467224,0.5361536145210266,0.0630416572093963
5842,0.0015983015764504,0.299860268831253,0.6152732968330383,0.0832681879401207
5843,0.0021286762785166,0.2347744554281234,0.5208699107170105,0.2422270029783249
5844,0.0015991622349247,0.6761094331741333,0.3144201040267944,0.0078713530674576
5845,0.0008583973976783,0.234319806098938,0.627072274684906,0.1377494931221008
5846,0.0310886744409799,0.4427891075611114,0.4031640887260437,0.122958093881607
5847,0.0157210417091846,0.2310190200805664,0.4118359386920929,0.3414239883422851
5848,0.0007412244449369,0.7401094436645508,0.2557750046253204,0.0033742501400411
5849,0.0009433401864953,0.1742379069328308,0.5713041424751282,0.253514677286148
5850,0.0011895784409716,0.2338895350694656,0.6066632866859436,0.1582575738430023
5851,0.0017376521136611,0.2385096698999405,0.5459540486335754,0.2137986719608307
5852,0.0005949771730229,0.1702074259519577,0.6945525407791138,0.1346451342105865
5853,0.0012802592245861,0.2256392836570739,0.5328887104988098,0.2401917576789856
5854,0.0015308778965845,0.3305775821208954,0.5985987186431885,0.0692928358912468
5855,0.0109378509223461,0.4169032871723175,0.4650892317295074,0.1070696264505386
5856,0.0021226704120635,0.319993257522583,0.5358878970146179,0.1419961601495742
5857,0.0003573352878447,0.1233060210943222,0.6665860414505005,0.2097505927085876
5858,0.0016014345455914,0.3351739645004272,0.5701501369476318,0.0930744558572769
5859,0.0005409810692071,0.3225486576557159,0.621728777885437,0.0551815666258335
5860,0.0001565757556818,0.0284716729074716,0.0993759036064148,0.8719958662986755
5861,0.0002663583727553,0.0523701794445514,0.3930599987506866,0.5543034672737122
5862,0.0096112955361604,0.5330227017402649,0.4216556847095489,0.0357102937996387
5863,0.002595504047349,0.4646482765674591,0.4946155250072479,0.0381406545639038
5864,0.0019702245481312,0.321146547794342,0.4820980429649353,0.1947852075099945
5865,0.0003064560587517,0.0557258501648902,0.4315223097801208,0.5124453902244568
5866,2.0060080714756623e-05,0.0033735868055373,0.0315114669501781,0.9650949239730836
5867,9.24957057577558e-05,0.0244720559567213,0.1522702574729919,0.8231651782989502
5868,0.0010930112330242,0.2217247039079666,0.5933660268783569,0.1838162243366241
5869,0.0050184852443635,0.3463684618473053,0.4660896956920624,0.1825233399868011
5870,2.9117876692907885e-05,0.0056362668983638,0.0464602448046207,0.9478744268417358
5871,0.0004322263994254,0.0704528838396072,0.3749599754810333,0.5541548728942871
5872,3.0970561056165025e-05,0.0055443635210394,0.0324080437421798,0.9620166420936584
5873,9.902274905471133e-05,0.0161407031118869,0.0886299014091491,0.8951302766799927
5874,0.0002453838533256,0.0770973116159439,0.4039610624313354,0.5186962485313416
5875,0.0011837654747068,0.1990787386894226,0.5943393111228943,0.2053981870412826
5876,0.0007366092759184,0.1448288112878799,0.619354248046875,0.2350803464651107
5877,0.0040358137339353,0.4116641879081726,0.528587281703949,0.0557126887142658
5878,0.0007033402798697,0.1239602044224739,0.4751880168914795,0.4001484513282776
5879,0.0028400865849107,0.2679256498813629,0.4927906692028045,0.2364435344934463
5880,0.0003082779585383,0.1303367614746093,0.7045938968658447,0.1647611111402511
5881,0.0020443005487322,0.2290191650390625,0.5668278932571411,0.2021087110042572
5882,0.0008696401491761,0.3676749765872955,0.5875428915023804,0.043912511318922
5883,0.0003068026853725,0.3063412308692932,0.6485243439674377,0.0448276251554489
5884,0.0003991216362919,0.2533155679702759,0.6994266510009766,0.0468586646020412
5885,0.000610712042544,0.1517895758152008,0.3420631289482116,0.5055364966392517
5886,0.0005143185844644,0.1471330970525741,0.6803365349769592,0.1720160096883773
5887,0.0008727510576136,0.1235962361097335,0.386698454618454,0.4888325929641723
5888,0.0002387806453043,0.1161973550915718,0.700759768486023,0.1828041076660156
5889,0.001818050048314,0.3925895094871521,0.5282869338989258,0.0773054510354995
5890,0.0018451377982273,0.4110866189002991,0.5278456211090088,0.0592226386070251
5891,0.0025128193665295,0.3291143476963043,0.5598424077033997,0.1085303947329521
5892,0.0146749205887317,0.428864061832428,0.4637126326560974,0.0927483588457107
5893,0.0029830266721546,0.2602618932723999,0.5175926089286804,0.2191624939441681
5894,0.0010015446459874,0.2162734121084213,0.5698045492172241,0.2129204273223877
5895,0.0050728404894471,0.7647323608398438,0.2260544598102569,0.0041403318755328
5896,0.0114968633279204,0.3576569259166717,0.459240585565567,0.1716056764125824
5897,0.0042817210778594,0.4436252117156982,0.4796732366085052,0.0724198296666145
5898,0.0005358681664802,0.1053599789738655,0.5026443600654602,0.3914598226547241
5899,0.0005261349142529,0.2946910560131073,0.633685290813446,0.0710975155234336
5900,0.0023774830624461,0.1448092609643936,0.3473793566226959,0.505433976650238
5901,0.0002196398127125,0.0781971886754036,0.4499937891960144,0.4715894162654876
5902,0.0004938292549923,0.2222514599561691,0.7174365520477295,0.0598181746900081
5903,0.0149945691227912,0.5285767912864685,0.4181386530399322,0.038289975374937
5904,0.0017031996976584,0.1710376590490341,0.4233222603797912,0.4039369225502014
5905,0.0004986259737052,0.159130722284317,0.5820760130882263,0.2582946717739105
5906,0.8850492238998413,0.0918372794985771,0.0208143629133701,0.0022991010919213
5907,0.0151030858978629,0.4277971088886261,0.4345339238643646,0.1225659176707267
5908,0.8850492238998413,0.0918372794985771,0.0208143629133701,0.0022991010919213
5909,0.0153598608449101,0.3899944722652435,0.4419216513633728,0.1527240425348281
5910,0.001041502924636,0.1923688948154449,0.5395118594169617,0.2670777440071106
5911,0.0009176912135444,0.1804323047399521,0.5303200483322144,0.2883299887180328
5912,0.001041502924636,0.1923688948154449,0.5395118594169617,0.2670777440071106
5913,0.0011344094527885,0.1937826424837112,0.578528106212616,0.2265548408031463
5914,0.0001371681719319,0.0430969595909118,0.3234606683254242,0.6333051919937134
5915,0.0001676185202086,0.0443476811051368,0.3713185787200928,0.5841661095619202
5916,0.0003221071674488,0.099634051322937,0.5059835314750671,0.394060343503952
5917,0.0007339799194596,0.0961323902010917,0.4445116519927978,0.4586219787597656
5918,0.0003231524315197,0.0443558171391487,0.2050992250442505,0.7502217888832092
5919,0.001530154258944,0.2306712716817855,0.6571213006973267,0.1106772869825363
5920,0.000191236147657,0.0217612069100141,0.1087991967797279,0.8692483305931091
5921,0.0049469042569398,0.2830538153648376,0.5456005334854126,0.166398748755455
5922,0.0006768219755031,0.7307183146476746,0.2646486163139343,0.0039561763405799
5923,0.0040024942718446,0.4554531276226043,0.4626254737377167,0.0779188424348831
5924,0.0020789192058146,0.2765725553035736,0.5947244167327881,0.126624122262001
5925,0.0014780767960473,0.8409159779548645,0.1555538177490234,0.0020521064288914
5926,0.0009245133260264,0.4360522925853729,0.5342624187469482,0.028760764747858
5927,0.0008291669073514,0.226340651512146,0.4867088496685028,0.2861213684082031
5928,0.000463875447167,0.1551450937986374,0.6040976047515869,0.2402934283018112
5929,0.0016615570057183,0.2316563725471496,0.5386171936988831,0.2280648648738861
5930,0.0502360351383686,0.7498383522033691,0.1925744116306305,0.0073511567898094
5931,0.0825260058045387,0.5639629364013672,0.3018676042556762,0.0516434572637081
5932,0.0022176487836986,0.2603618800640106,0.5867345333099365,0.1506859064102172
5933,0.0042568049393594,0.4694885313510895,0.4997679591178894,0.0264867302030324
5934,0.0009139154572039,0.1912789493799209,0.5622000694274902,0.2456070184707641
5935,0.0024789536837488,0.2608867883682251,0.5270057916641235,0.2096284329891204
5936,0.0021470850333571,0.449376493692398,0.5092102885246277,0.0392660796642303
5937,0.006082150619477,0.3168673813343048,0.4907737970352173,0.1862767189741134
5938,0.0003809185582213,0.1421247571706771,0.6887169480323792,0.1687773466110229
5939,0.0017661061137914,0.1718981564044952,0.4389573335647583,0.3873784840106964
5940,0.001621680567041,0.2123982459306717,0.5864503383636475,0.199529692530632
5941,7.025178638286889e-05,0.0090585183352231,0.0375465117394924,0.9533246755599976
5942,0.0002792566083371,0.0762296766042709,0.4185832738876343,0.5049077868461609
5943,0.0003417240804992,0.0476436018943786,0.1586774140596389,0.7933372259140015
5944,0.0009059120202437,0.2082390636205673,0.6722039580345154,0.1186510473489761
5945,0.0024049067869782,0.2453071624040603,0.4373072981834411,0.3149806559085846
5946,3.689401637529954e-05,0.0074841999448835,0.0424008779227733,0.9500779509544371
5947,0.0004414126451592,0.0909536406397819,0.4013062715530395,0.5072986483573914
5948,0.0011319598415866,0.1172813326120376,0.4030056595802307,0.4785810708999634
5949,0.0002906064328271,0.0689212530851364,0.2768815159797668,0.6539066433906555
5950,0.0002093013463309,0.0405138880014419,0.1705698370933532,0.78870689868927
5951,0.0002387401618761,0.0540276244282722,0.2875424325466156,0.6581912040710449
5952,0.0009837547549977,0.1437385827302932,0.4939188957214355,0.3613587617874145
5953,0.0001779537851689,0.0285567585378885,0.1749313473701477,0.7963339686393738
5954,0.0004505580291152,0.0700778365135192,0.2950387299060821,0.6344329118728638
5955,0.0093597890809178,0.3738754987716675,0.4726228713989258,0.1441418230533599
5956,0.0012857200345024,0.7665836811065674,0.2301701456308365,0.0019604887347668
5957,0.0082991244271397,0.5639130473136902,0.3875713944435119,0.0402164086699485
5958,0.000660654855892,0.0965297520160675,0.2927228212356567,0.6100867390632629
5959,0.0073568294756114,0.243624746799469,0.4551509022712707,0.2938675284385681
5960,0.0002431453758617,0.0852236747741699,0.5557281374931335,0.3588050603866577
5961,0.0020208128262311,0.3674638271331787,0.5346567034721375,0.0958586707711219
5962,0.0017482682596892,0.8117973208427429,0.1839889585971832,0.0024654534645378
5963,0.0005104095907881,0.5341000556945801,0.4497573673725128,0.0156322047114372
5964,0.0013426232617348,0.2810057997703552,0.5948892831802368,0.1227623298764228
5965,0.0124278264120221,0.4115530848503113,0.4246171712875366,0.151401937007904
5966,0.0790979191660881,0.5576946139335632,0.3079881966114044,0.0552192442119121
5967,0.0027613535057753,0.3191690444946289,0.5429248809814453,0.1351446956396103
5968,0.0050197215750813,0.3687981367111206,0.5986184477806091,0.0275636948645114
5969,0.0017338334582746,0.3572585880756378,0.5798879265785217,0.0611197352409362
5970,0.016102572903037,0.5588348507881165,0.3722642958164215,0.0527983009815216
5971,0.0020522489212453,0.3560909926891327,0.5429738759994507,0.0988828912377357
5972,0.0024539662990719,0.4062954485416412,0.5299091339111328,0.0613414384424686
5973,0.0003567459061741,0.4433096647262573,0.5431543588638306,0.0131792481988668
5974,0.0017737661255523,0.293676882982254,0.6217139363288879,0.0828353688120842
5975,0.0001467234833398,0.0433061458170414,0.3101464211940765,0.6464006900787354
5976,0.0002055016957456,0.2436722368001938,0.727470874786377,0.0286513045430183
5977,0.0011058346135541,0.4190961718559265,0.5134873390197754,0.0663106366991996
5978,0.0001437022583559,0.0179593935608863,0.0607558414340019,0.9211410880088806
5979,5.051948392065242e-05,0.0083643514662981,0.0545424222946167,0.9370427131652832
5980,3.184610613971017e-05,0.0042367014102637,0.0218545701354742,0.973876953125
5981,3.0581632017856464e-05,0.0045387167483568,0.0305356290191411,0.9648950099945068
5982,0.0001337686699116,0.0140779083594679,0.0440458804368972,0.9417423605918884
5983,7.417571760015562e-05,0.0087085608392953,0.0456295982003212,0.945587694644928
5984,0.0002048828609986,0.0378425121307373,0.1777375787496566,0.784214973449707
5985,3.809246118180454e-05,0.0050676949322223,0.0291625708341598,0.965731680393219
5986,0.0018224323866888,0.6288684010505676,0.358318418264389,0.0109906736761331
5987,0.0001300820586038,0.0294379703700542,0.1747812628746032,0.7956506609916687
5988,0.5063040256500244,0.4398845434188843,0.0525367222726345,0.0012747657019644
5989,0.0002966099127661,0.112411081790924,0.5620200634002686,0.325272262096405
5990,0.023099722340703,0.4358597993850708,0.4291024208068847,0.1119380518794059
5991,0.0009105076314881,0.1935666799545288,0.5962273478507996,0.2092954963445663
5992,0.0013811986427754,0.1986812353134155,0.5153399109840393,0.2845976948738098
5993,0.0001100754016079,0.0219833515584468,0.1133987456560134,0.864507794380188
5994,0.0038780295290052,0.371603399515152,0.5000470280647278,0.1244715526700019
5995,0.0030176190193742,0.7500149607658386,0.2434941977262497,0.0034732583444565
5996,0.0010220924159511,0.4672440886497497,0.521248459815979,0.0104853259399533
5997,0.0463309437036514,0.670272946357727,0.2666161656379699,0.0167799554765224
5998,0.00219023716636,0.2653062641620636,0.544373095035553,0.1881303340196609
5999,0.0086128637194633,0.5412502884864807,0.4149909913539886,0.0351458601653575
6000,0.0001476253819419,0.6606159210205078,0.3374096155166626,0.0018267667619511
6001,0.0002530744532123,0.6061809062957764,0.3913798332214355,0.002186229918152
6002,0.0003913915425073,0.3448823094367981,0.6343356370925903,0.0203906875103712
6003,0.0002338230115128,0.1192454770207405,0.4643131494522095,0.4162076115608215
6004,0.0002117005642503,0.6021716594696045,0.3949138224124908,0.0027028119657188
6005,0.0001500168873462,0.6713177561759949,0.3271741271018982,0.0013581418897956
6006,7.121189992176369e-05,0.6437301635742188,0.3555015325546264,0.0006970868562348
6007,5.908793173148297e-05,0.5258528590202332,0.471371442079544,0.0027166416402906
6008,0.0001080889051081,0.447342187166214,0.5480951070785522,0.0044546518474817
6009,0.0003191484138369,0.776483952999115,0.2224663943052292,0.0007305381004698
6010,0.0001672584912739,0.6605251431465149,0.3373632431030273,0.0019443158525973
6011,0.0005403410759754,0.5566548109054565,0.4201851189136505,0.022619679570198
6012,8.999693091027439e-05,0.0818198919296264,0.6140923500061035,0.3039977550506592
6013,0.0004736978735309,0.2341447323560714,0.5886397957801819,0.1767417043447494
6014,0.0004230769118294,0.2814060747623443,0.6146473288536072,0.1035235077142715
6015,0.0004699515702668,0.2434409260749817,0.6216481924057007,0.1344408541917801
6016,0.0003585913509596,0.1276673674583435,0.5459640622138977,0.3260100185871124
6017,0.0001304150064243,0.2080891281366348,0.7263023853302002,0.0654781460762023
6018,8.411821181653067e-05,0.3120670020580292,0.6710494756698608,0.0167993959039449
6019,0.0002464304852765,0.4455567896366119,0.5459075570106506,0.0082891685888171
6020,6.182263314258307e-05,0.0241736751049757,0.162635937333107,0.8131285309791565
6021,0.0004642773419618,0.2946687638759613,0.6851253509521484,0.0197415761649608
6022,0.0002474061329849,0.1594971418380737,0.6508479118347168,0.1894075274467468
6023,0.000435627734987,0.2402146458625793,0.6736986041069031,0.085651159286499
6024,7.976035703904927e-05,0.2164850234985351,0.7675060629844666,0.0159290805459022
6025,0.0001557564537506,0.084555946290493,0.5961774587631226,0.3191108107566833
6026,0.0003309312451165,0.1912402212619781,0.6571454405784607,0.1512834727764129
6027,0.0001024922457872,0.2067285925149917,0.7680898904800415,0.0250790230929851
6028,0.0005667781224474,0.22161965072155,0.6412776708602905,0.1365358978509903
6029,0.0001457392936572,0.1728093922138214,0.7624707818031311,0.0645741447806358
6030,0.0001472736039431,0.2790558338165283,0.6799619793891907,0.0408348888158798
6031,6.507833313662559e-05,0.5613453388214111,0.4371761977672577,0.0014133480144664
6032,0.0001412395649822,0.532230794429779,0.4624101519584656,0.005217807367444
6033,0.0001490628928877,0.3860581219196319,0.6073547005653381,0.0064381291158497
6034,0.0002138447744073,0.2741691172122955,0.7001153826713562,0.025501700118184
6035,0.0002644046326167,0.2121355235576629,0.7176452279090881,0.069954864680767
6036,2.4449676857329905e-05,0.1146617755293846,0.8741366863250732,0.0111770406365394
6037,2.2524414816871285e-05,0.0132215032353997,0.1160150095820427,0.8707409501075745
6038,2.4968510842882097e-05,0.0926297307014465,0.8255998492240906,0.0817454531788826
6039,1.9555058315745555e-05,0.0342685729265213,0.5796089768409729,0.3861028552055359
6040,0.0004667453467845,0.3463339507579803,0.5891339182853699,0.0640653446316719
6041,0.0004303944588173,0.1736335009336471,0.5693223476409912,0.2566137015819549
6042,6.441830191761255e-05,0.3068602979183197,0.6807993054389954,0.0122759556397795
6043,0.0005777109763585,0.5504265427589417,0.4422801434993744,0.0067156688310205
6044,0.000448804028565,0.1477772444486618,0.5239158272743225,0.3278581500053406
6045,0.0001305713813053,0.4479984939098358,0.5488991737365723,0.0029717909637838
6046,0.0001015408706734,0.1364326477050781,0.8100379705429077,0.0534277968108654
6047,0.0001543988619232,0.680215060710907,0.3163293898105621,0.0033011934719979
6048,0.0001806880900403,0.183257445693016,0.649704098701477,0.1668578088283538
6049,0.0001526062405901,0.0895776376128196,0.4693532586097717,0.4409165680408478
6050,0.0001680113346083,0.2479311823844909,0.6634982228279114,0.088402584195137
6051,0.000109486245492,0.1888907253742218,0.6909335851669312,0.1200662404298782
6052,0.0001662369177211,0.2453126907348632,0.6773300170898438,0.077191062271595
6053,0.0002878009690903,0.3107189536094665,0.6475939154624939,0.0413992926478385
6054,9.110633982345462e-05,0.0881704613566398,0.6935144662857056,0.2182239890098571
6055,9.88137035164982e-05,0.1017970442771911,0.6956565380096436,0.2024475932121276
6056,9.260906517738476e-05,0.4209469258785248,0.5664460062980652,0.012514422647655
6057,2.235597094113473e-05,0.1573878526687622,0.8246533274650574,0.0179365053772926
6058,0.0001893334847409,0.4194228947162628,0.5732831358909607,0.0071046873927116
6059,0.0001168351009255,0.5653151273727417,0.4334421455860138,0.0011259570019319
6060,6.639911589445546e-05,0.10930897295475,0.6592174768447876,0.2314071208238601
6061,0.0006310268654488,0.1496565639972686,0.4907050132751465,0.3590074479579925
6062,0.0001393217971781,0.0451631322503089,0.2258014529943466,0.7288960218429565
6063,0.0001475104509154,0.0541844442486763,0.2751713097095489,0.6704967021942139
6064,0.0007199330138973,0.1734306663274765,0.5018382668495178,0.3240111470222473
6065,0.0002615871781017,0.1313364505767822,0.5113924741744995,0.3570094704627991
6066,2.572657831478864e-05,0.0102179329842329,0.0842273160815239,0.9055290222167968
6067,0.000325468747178,0.1766881197690963,0.6462982892990112,0.1766881197690963
6068,0.0001875791203929,0.0941788330674171,0.3965076804161072,0.5091259479522705
6069,0.000320850755088,0.0932324603199958,0.3864377737045288,0.5200088620185852
6070,4.394102870719507e-05,0.2998307645320892,0.6863194704055786,0.013805859722197
6071,5.176661579753272e-05,0.3532285094261169,0.6396142244338989,0.0071054729633033
6072,0.0008387299021705,0.8117021322250366,0.1868644505739212,0.0005947485333308
6073,9.924593177856876e-05,0.0490564033389091,0.362480491399765,0.5883639454841614
6074,0.0002142550220014,0.3016935586929321,0.6386852264404297,0.0594069771468639
6075,4.476646063267253e-05,0.4175185561180115,0.5796670913696289,0.0027696029283106
6076,0.0004051967989653,0.296002447605133,0.6365052461624146,0.0670871511101722
6077,0.0001407437084708,0.1146988943219184,0.6498134732246399,0.2353468537330627
6078,0.000153817309183,0.1465527415275573,0.6466209888458252,0.2066725045442581
6079,0.0003056914138142,0.2822931110858917,0.6563510894775391,0.0610501579940319
6080,3.118429958703928e-05,0.0177415516227483,0.1791833341121673,0.8030440211296082
6081,8.21982030174695e-05,0.4168090522289276,0.5697104334831238,0.0133983055129647
6082,8.396015618927777e-05,0.1518035233020782,0.7242140769958496,0.1238984242081642
6083,6.636307807639241e-05,0.2041051834821701,0.7465857863426208,0.0492426715791225
6084,0.0016460539773106,0.3339131474494934,0.5091567635536194,0.1552840322256088
6085,0.0001805344218155,0.3937303423881531,0.5910592079162598,0.0150298960506916
6086,0.0002300418709637,0.5340588688850403,0.4568047821521759,0.0089062750339508
6087,0.0001633827778277,0.6061275601387024,0.3913453817367553,0.00236366991885
6088,0.0002256267907796,0.1754540055990219,0.6939340829849243,0.1303863525390625
6089,0.0004895462188869,0.1179308667778968,0.4888098239898681,0.3927697241306305
6090,7.882815407356247e-05,0.1493645459413528,0.7585358023643494,0.0920208320021629
6091,0.0002135732793249,0.2234862148761749,0.7102377414703369,0.0660623982548713
6092,7.18069713911973e-05,0.156604915857315,0.8078296184539795,0.0354935564100742
6093,7.417573942802846e-05,0.1362248510122299,0.7962648272514343,0.0674361884593963
6094,0.000131941458676,0.1800713539123535,0.7234114408493042,0.0963852480053901
6095,7.389312668237835e-05,0.067179262638092,0.4736599028110504,0.459086924791336
6096,2.424604826956056e-05,0.1288467049598693,0.8534170389175415,0.0177121050655841
6097,4.836629523197189e-05,0.0681048184633255,0.4877475500106811,0.4440991878509521
6098,5.801492079626769e-05,0.0732274204492569,0.6036200523376465,0.3230945467948913
6099,2.050983312074095e-05,0.0917804315686225,0.8309122323989868,0.0772868692874908
6100,5.273635542835109e-05,0.6026278138160706,0.3952129781246185,0.0021065464243292
6101,0.0012246161932125,0.3140343427658081,0.5598267912864685,0.1249142438173294
6102,0.0013498284388333,0.5796808004379272,0.4046823978424072,0.0142870368435978
6103,0.000553595891688,0.1685832291841507,0.5614678859710693,0.2693952322006225
6104,0.000201672912226,0.1543954014778137,0.7251597046852112,0.1202432587742805
6105,0.0008612823439761,0.2748683094978332,0.5135216116905212,0.2107488363981247
6106,0.0002472571504767,0.7969552874565125,0.2015018612146377,0.001295534777455
6107,0.0004300722212065,0.2951394319534302,0.665107011795044,0.0393235236406326
6108,0.0002803273673634,0.2394160479307174,0.6927732825279236,0.0675303936004638
6109,8.585454634157941e-05,0.1050329580903053,0.8007303476333618,0.0941509380936622
6110,0.0001108110300265,0.3861867487430572,0.6075570583343506,0.0061453529633581
6111,0.0001761072635417,0.1369461715221405,0.6636222004890442,0.1992555111646652
6112,0.0001131108074332,0.4262336194515228,0.564667820930481,0.0089855045080184
6113,0.0007341431919485,0.2455372959375381,0.5533268451690674,0.2004016935825348
6114,0.0005059925606474,0.3813687264919281,0.5548881888389587,0.0632371306419372
6115,0.0004294853715691,0.9366713166236876,0.0627530664205551,0.0001461250358261
6116,6.280007801251486e-05,0.0721737295389175,0.604303240776062,0.3234602212905884
6117,0.0001715467515168,0.1376343518495559,0.6168343424797058,0.2453597635030746
6118,0.0001100249210139,0.0816405937075614,0.5407470464706421,0.3775022625923157
6119,5.288593456498347e-05,0.8931522965431213,0.1066718325018882,0.0001229634799528
6120,0.0021667536348104,0.3116809129714966,0.5732689499855042,0.1128833442926406
6121,0.0005753681762143,0.2214905470609665,0.6716617345809937,0.1062723323702812
6122,0.0013171155005693,0.5656322240829468,0.4074096381664276,0.0256410390138626
6123,0.0011591591173782,0.4824825823307037,0.4824825823307037,0.0338755920529365
6124,0.000598942162469,0.1852645128965377,0.6074590086936951,0.2066775262355804
6125,0.0001719043357297,0.2309746295213699,0.7226556539535522,0.0461978316307067
6126,7.014082075329497e-05,0.0278581269085407,0.2191211134195327,0.7529506087303162
6127,2.984982711495832e-05,0.0271376967430114,0.3926029503345489,0.5802295207977295
6128,0.0004552250320557,0.4074472486972809,0.5836412310600281,0.0084562981501221
6129,0.000269181036856,0.4034807980060577,0.5779595375061035,0.0182904452085495
6130,8.524682925781235e-05,0.8075828552246094,0.1918177604675293,0.0005141041474416
6131,7.492672011721879e-05,0.5884578824043274,0.4108097851276397,0.000657461117953
6132,6.342306733131409e-05,0.1890615075826645,0.7836381196975708,0.0272368919104337
6133,0.0001259927084902,0.3528237342834472,0.6388813257217407,0.0081689767539501
6134,3.8978127122391015e-05,0.6183906197547913,0.3809794187545776,0.0005909614264965
6135,0.0002584928006399,0.1978951841592788,0.7126479148864746,0.0891983583569526
6136,0.0001133768164436,0.3077265918254852,0.6827211976051331,0.0094388732686638
6137,0.0004038175102323,0.3787808418273926,0.5866672396659851,0.0341481231153011
6138,0.0009378226823173,0.2811618745326996,0.5419536828994751,0.1759466081857681
6139,0.0002669933019205,0.3370034694671631,0.6102344989776611,0.0524950176477432
6140,4.756507769343443e-05,0.1251287907361984,0.8287913799285889,0.0460323095321655
6141,0.0006816187524236,0.4463441073894501,0.5300467014312744,0.0229275729507207
6142,0.0033741209190338,0.2597929239273071,0.5247961282730103,0.2120368033647537
6143,0.0007312730303965,0.396988183259964,0.5686593651771545,0.0336211919784545
6144,5.836803393322043e-05,0.1313365548849105,0.8431442975997925,0.0254607517272233
6145,0.0001343146432191,0.52220219373703,0.4680990278720855,0.0095644667744636
6146,7.978035137057304e-05,0.2737312912940979,0.7100049257278442,0.0161839816719293
6147,0.0005386256962083,0.4059644639492035,0.5636258125305176,0.0298710726201534
6148,4.095340773346834e-05,0.3477746546268463,0.6497285962104797,0.0024557439610362
6149,0.0001663733273744,0.0748775377869606,0.3802594840526581,0.544696569442749
6150,0.0001156577200163,0.5095382332801819,0.4862048029899597,0.0041412804275751
6151,9.338429663330317e-05,0.357440173625946,0.6372060179710388,0.0052604572847485
6152,3.365555312484503e-05,0.7768892645835876,0.2225825041532516,0.0004945647669956
6153,0.0002274965954711,0.2740005254745483,0.6781578063964844,0.047614149749279
6154,0.0001302157761529,0.3942805826663971,0.5918852090835571,0.0137040000408887
6155,0.0002389309956924,0.4527293443679809,0.5210883021354675,0.0259434580802917
6156,9.773417696123944e-05,0.0610684938728809,0.3859647512435913,0.5528690218925476
6157,8.797295595286414e-05,0.1059560254216194,0.7829149961471558,0.1110409647226333
6158,0.0003115049330517,0.1515870243310928,0.5902432799339294,0.2578582167625427
6159,7.828893285477534e-05,0.2059536129236221,0.7652105093002319,0.0287575703114271
6160,0.0002474364300724,0.2113252431154251,0.6821662783622742,0.1062610074877739
6161,2.942162063845899e-05,0.0111503917723894,0.0890857726335525,0.899734377861023
6162,0.0001371785328956,0.1872188001871109,0.7404647469520569,0.0721792802214622
6163,0.0003807616303674,0.4375947713851928,0.5361523032188416,0.0258721802383661
6164,4.6920424210838974e-05,0.014513405971229,0.0875270366668701,0.8979126811027527
6165,0.0001267309271497,0.4084770977497101,0.5760450959205627,0.0153510812669992
6166,0.000139354087878,0.4856620132923126,0.5089693665504456,0.0052292244508862
6167,0.0001121400782722,0.3614481091499328,0.634361207485199,0.0040785581804811
6168,0.000226189251407,0.0941478833556175,0.5503154993057251,0.3553104102611542
6169,0.0005905449506826,0.2616585493087768,0.6179548501968384,0.1197960078716278
6170,0.0006536262808367,0.2400940060615539,0.5942383408546448,0.1650140285491943
6171,0.000278396444628,0.0630019605159759,0.2268787920475006,0.7098408937454224
6172,4.410560359247029e-05,0.135650485754013,0.8573373556137085,0.0069680232554674
6173,4.92308427055832e-05,0.2784921824932098,0.7111547589302063,0.0103038232773542
6174,0.0001569872838445,0.1220779195427894,0.6916185617446899,0.1861466020345688
6175,4.574493141262792e-05,0.5652118921279907,0.4333630204200744,0.0013792994432151
6176,9.688004502095282e-05,0.1671419143676757,0.7608743906021118,0.0718868449330329
6177,2.943509207398165e-05,0.0162311512976884,0.2138034701347351,0.7699359059333801
6178,0.0003117017040494,0.0964154452085495,0.4973487257957458,0.4059242308139801
6179,0.0001663214789004,0.1055613383650779,0.6776745319366455,0.2165978103876114
6180,0.0002043078711722,0.1744909435510635,0.6688920855522156,0.156412661075592
6181,0.0001853096182458,0.502966046333313,0.4874914288520813,0.0093572149053215
6182,0.0002336065081181,0.8532118201255798,0.1459673345088958,0.0005872867186553
6183,7.79183319536969e-05,0.1647049933671951,0.7857636213302612,0.0494534112513065
6184,7.254243973875418e-05,0.0873712673783302,0.6557577848434448,0.2567984163761139
6185,2.1394107534433715e-05,0.1816778928041458,0.8142237663269043,0.0040769954212009
6186,4.3805979657918215e-05,0.2291816622018814,0.7632914781570435,0.0074830469675362
6187,2.9341390472836792e-05,0.1006721183657646,0.8833698034286499,0.0159286428242921
6188,0.0001081178052118,0.6613056659698486,0.3377619087696075,0.0008242480107583
6189,0.000100840923551,0.8171224594116211,0.1823246777057647,0.0004519376670941
6190,4.380926839075983e-05,0.8649875521659851,0.1347390860319137,0.0002295441518072
6191,5.020999742555432e-05,0.6107629537582397,0.3882245421409607,0.0009623123914934
6192,0.0002067466120934,0.1850477159023285,0.7434032559394836,0.0713422521948814
6193,0.0002118844131473,0.1809617280960083,0.7157174944877625,0.1031088903546333
6194,0.000793644983787,0.3461962938308716,0.5707811713218689,0.0822288319468498
6195,0.000107535488496,0.064115785062313,0.3989418148994446,0.5368348956108093
6196,4.43203462054953e-05,0.1341976374387741,0.84815514087677,0.0176028981804847
6197,0.0004875380836892,0.2194201052188873,0.644911527633667,0.1351808011531829
6198,0.0002711222623474,0.2749775648117065,0.7021797895431519,0.0225715339183807
6199,0.0001095993429771,0.2751182615756988,0.7025391459465027,0.0222329627722501
6200,0.0001799645542632,0.1443880647420883,0.7218949198722839,0.1335371285676956
6201,5.497029633261264e-05,0.234724536538124,0.7459530830383301,0.0192673653364181
6202,6.141932681202888e-05,0.0775245130062103,0.6909685134887695,0.2314454615116119
6203,0.0001517583150416,0.2007447034120559,0.7229094505310059,0.07619409263134
6204,0.0001485810935264,0.3044100701808929,0.6753632426261902,0.020078020170331
6205,8.602396701462567e-05,0.2564338445663452,0.7305119633674622,0.0129681406542658
6206,0.0003151839773636,0.6161720156669617,0.3796125948429107,0.0039001936092972
6207,6.009444041410461e-05,0.6252565383911133,0.3733577132225036,0.0013256621314212
6208,7.246718450915068e-05,0.5101749300956726,0.4868123233318329,0.0029402766376733
6209,5.599075666395947e-05,0.1129343062639236,0.7962644100189209,0.0907452628016471
6210,4.056681791553274e-05,0.4563774168491363,0.5419615507125854,0.0016204357380047
6211,0.0001510642614448,0.7084468007087708,0.2907459735870361,0.0006561931804753
6212,0.0001417967432644,0.0988411903381347,0.6150105595588684,0.2860064804553985
6213,0.0002501292037777,0.1538683474063873,0.6895900368690491,0.1562914103269577
6214,0.000482539559016,0.3932449221611023,0.5459665060043335,0.0603060573339462
6215,0.0001254044909728,0.6358986496925354,0.3623240888118744,0.0016518800985068
6216,0.0001118951695389,0.0911888107657432,0.5854069590568542,0.3232924044132232
6217,4.064952372573316e-05,0.008118188008666,0.0387297049164772,0.9531115293502808
6218,6.35755859548226e-05,0.0102021573111414,0.0569030679762363,0.9328312277793884
6219,0.0008642470929771,0.2434054315090179,0.5748467445373535,0.1808835417032241
6220,0.0001272155059268,0.0274709016084671,0.1310563534498214,0.841345489025116
6221,6.592537101823837e-05,0.0213706418871879,0.1249161884188652,0.8536472320556641
6222,6.550383113790303e-05,0.0236882325261831,0.12805737555027,0.8481889367103577
6223,0.0001555913477204,0.0320597924292087,0.1788151711225509,0.7889695167541504
6224,0.0002288710384164,0.3539491891860962,0.6309826970100403,0.0148392906412482
6225,0.0001502471714047,0.2674416899681091,0.6829362511634827,0.0494717396795749
6226,0.000148322302266,0.5250572562217712,0.4706583023071289,0.0041361171752214
6227,6.168038817122579e-05,0.0742888301610946,0.8501906991004944,0.075458712875843
6228,0.0001530476292828,0.1731648445129394,0.6535172462463379,0.1731648445129394
6229,6.1022179579595104e-05,0.0210569817572832,0.1508041769266128,0.8280777931213379
6230,2.681694422790315e-05,0.050025288015604,0.638680100440979,0.3112677931785583
6231,8.257278386736289e-05,0.14470174908638,0.7234632968902588,0.1317524462938308
6232,6.907747592777014e-05,0.0618275105953216,0.6858084797859192,0.2522948682308197
6233,9.630683780414984e-05,0.1196755245327949,0.7926716804504395,0.0875564813613891
6234,5.713598147849552e-05,0.0223411191254854,0.2022599726915359,0.7753416895866394
6235,3.1979889172362164e-05,0.0092926798388361,0.0719593912363052,0.9187158346176147
6236,0.0001602823322173,0.1001512482762336,0.6231619715690613,0.2765264511108398
6237,2.0134997612331063e-05,0.0072814440354704,0.0538030005991458,0.9388955235481262
6238,4.0745599108049646e-05,0.0122156459838151,0.0902620926499366,0.8974815011024475
6239,5.321659045876004e-05,0.0263044983148574,0.2168302834033966,0.7568120360374451
6240,5.619759758701548e-05,0.0340343005955219,0.3033443987369537,0.6625651121139526
6241,9.320901153841989e-05,0.0619971938431263,0.5272707343101501,0.4106388688087463
6242,9.834324737312272e-05,0.0577260516583919,0.3944860100746155,0.5476895570755005
6243,3.553032729541883e-05,0.0225504785776138,0.1948064267635345,0.7826074957847595
6244,0.000102240119304,0.3244297206401825,0.655366063117981,0.0201019924134016
6245,0.0002601993037387,0.5674726963043213,0.4217098653316498,0.0105573004111647
6246,0.000102240119304,0.3244297206401825,0.655366063117981,0.0201019924134016
6247,0.0007117827772162,0.3357166349887848,0.607904314994812,0.0556672774255275
6248,6.357887468766421e-05,0.1725653707981109,0.749589741230011,0.0777813047170639
6249,8.937736856751144e-05,0.0558468028903007,0.3529626429080963,0.5911012291908264
6250,0.0002052907511824,0.0665479004383087,0.2715569734573364,0.6616898775100708
6251,7.956260378705338e-05,0.1484189331531524,0.7656031250953674,0.0858982875943183
6252,0.0001205914159072,0.1894315630197525,0.6509304642677307,0.1595173776149749
6253,0.0005308429826982,0.3214882612228393,0.6294434070587158,0.0485374629497528
6254,7.680449925828725e-05,0.1675041168928146,0.7745311856269836,0.0578878708183765
6255,0.001481304760091,0.6771706342697144,0.3149136006832123,0.006434494163841
6256,2.8635626222239807e-05,0.018174534663558,0.267072856426239,0.7147239446640015
6257,3.896515772794373e-05,0.0128300180658698,0.0876772627234458,0.8994537591934204
6258,0.0001387054799124,0.1130378320813179,0.703345000743866,0.1834785193204879
6259,6.255714106373489e-05,0.0290480125695467,0.2671205401420593,0.7037689089775085
6260,3.2170988561119884e-05,0.0795042067766189,0.8029640316963196,0.1174995973706245
6261,5.634542685584165e-05,0.0352070294320583,0.4710648655891418,0.493671715259552
6262,5.939054972259328e-05,0.1514309644699096,0.8315195441246033,0.0169900823384523
6263,2.822710848704446e-05,0.1431334763765335,0.8498225808143616,0.0070157144218683
6264,3.7823268939973786e-05,0.301733523607254,0.690674901008606,0.0075537506490945
6265,3.109757381025702e-05,0.2121937125921249,0.776172399520874,0.0116028375923633
6266,8.435201016254723e-05,0.1048198714852333,0.7275940775871277,0.1675016731023788
6267,5.453084304463118e-05,0.3495463728904724,0.6429141759872437,0.0074848900549113
6268,0.0002597490383777,0.0676576569676399,0.2593583166599273,0.6727242469787598
6269,0.0002763759403023,0.1224566176533699,0.469424158334732,0.4078427851200104
6270,8.566240285290405e-05,0.0391601137816906,0.2218571305274963,0.7388970851898193
6271,0.0005777787300758,0.2855910062789917,0.567965567111969,0.1458656191825866
6272,0.0001336110290139,0.237829178571701,0.6990187764167786,0.0630184561014175
6273,5.031589535064995e-05,0.029999803751707,0.2082398980855941,0.7617099285125732
6274,0.0001309978979406,0.3187161386013031,0.664261519908905,0.0168913379311561
6275,0.0001418832980562,0.139473482966423,0.6973235607147217,0.163061037659645
6276,0.0002541143330745,0.5206244587898254,0.4666847288608551,0.0124367261305451
6277,0.0001824101491365,0.4301472008228302,0.5610176920890808,0.0086527522653341
6278,0.0003138582978863,0.3335979282855987,0.6330575942993164,0.033030666410923
6279,6.660539656877518e-05,0.0148393167182803,0.0952643007040023,0.8898298144340515
6280,8.930462354328483e-05,0.3754210174083709,0.6189646124839783,0.0055250818841159
6281,0.0001963284157682,0.218690738081932,0.7283514142036438,0.0527615994215011
6282,6.251329614315182e-05,0.3764363527297973,0.6110165119171143,0.0124846389517188
6283,0.0001551663153804,0.6421791315078735,0.3546449840068817,0.0030207112431526
6284,4.364525739219971e-05,0.6504824757575989,0.3481782078742981,0.0012955877464264
6285,3.2873642339836806e-05,0.3263729810714721,0.6696738600730896,0.0039202906191349
6286,0.0001290698128286,0.2192249000072479,0.7188108563423157,0.0618352256715297
6287,1.4587538316845894e-05,0.3584493100643158,0.6390050053596497,0.0025311210192739
6288,1.4776820535189472e-05,0.3411012589931488,0.6574898958206177,0.0013940029311925
6289,8.505184086970985e-05,0.1378451138734817,0.8313124775886536,0.0307574067264795
6290,1.9868715753545985e-05,0.1635332107543945,0.830490231513977,0.0059566968120634
6291,2.6660090952645987e-05,0.5691604614257812,0.429624855518341,0.0011880191741511
6292,0.0002350588183617,0.832102358341217,0.1664309501647949,0.0012316200882196
6293,0.0001868668332463,0.8232550024986267,0.1752810925245285,0.0012770030880346
6294,0.0053740078583359,0.6408682465553284,0.3377138674259186,0.0160438232123851
6295,0.0002065721782855,0.8549299836158752,0.1439937055110931,0.0008697013254277
6296,0.0001680003188084,0.1575843244791031,0.6430424451828003,0.1992052495479583
6297,0.0001942559320013,0.0990669950842857,0.5439848303794861,0.356753945350647
6298,2.828854303515982e-05,0.0897655859589576,0.7171797752380371,0.1930263191461563
6299,0.0003236201882828,0.3131916522979736,0.6228559613227844,0.0636287406086921
6300,0.000722503173165,0.1972242891788482,0.5888029336929321,0.2132502943277359
6301,0.0002156487898901,0.8924949169158936,0.1065933182835578,0.0006961228791624
6302,0.0001822164631448,0.635041356086731,0.36183562874794,0.0029408251866698
6303,0.0003453749231994,0.827265202999115,0.1707158088684082,0.0016736389370635
6304,0.000438824907178,0.2829004824161529,0.6276421546936035,0.0890185832977294
6305,0.0001110092271119,0.4523056149482727,0.5455846786499023,0.0019986722618341
6306,4.4671251089312136e-05,0.1069995686411857,0.8416168689727783,0.0513389557600021
6307,0.0004648535978049,0.1789474636316299,0.6444145441055298,0.176173135638237
6308,0.0006775361252948,0.1849494576454162,0.5877681970596313,0.2266048192977905
6309,0.000141816897667,0.0769885256886482,0.577830970287323,0.3450386226177215
6310,0.0001169817405752,0.3890226781368255,0.6025301218032837,0.0083302017301321
6311,0.0007121760281734,0.2535522282123565,0.5895265340805054,0.1562089920043945
6312,0.0001812839327612,0.0324535332620143,0.1303775310516357,0.8369876146316528
6313,8.126270404318348e-05,0.0811404734849929,0.6688480377197266,0.249930277466774
6314,3.869273859891109e-05,0.0220132954418659,0.2258275300264358,0.7521205544471741
6315,1.1164775969518814e-05,0.004720352590084,0.037713136523962,0.95755535364151
6316,3.881271186401136e-05,0.3734811544418335,0.6254632472991943,0.0010167564032599
6317,4.462888682610355e-05,0.1438471227884292,0.8277830481529236,0.0283251777291297
6318,4.490861465455964e-05,0.2540419697761535,0.7350947260856628,0.0108184106647968
6319,0.0001346024509985,0.2550463676452636,0.7152951955795288,0.0295237600803375
6320,7.836908480385318e-05,0.237293854355812,0.7541183233261108,0.0085094245150685
6321,8.811771112959832e-05,0.1044849753379821,0.7842032313346863,0.1112236753106117
6322,5.7750359701458365e-05,0.3477553725242615,0.6496925354003906,0.0024942778982222
6323,6.165697413962334e-05,0.1673489212989807,0.8237202167510986,0.0088691683486104
6324,0.0003935520653612,0.3060376644134521,0.6684476733207703,0.0251211021095514
6325,0.0004788345831912,0.3286028504371643,0.6235786080360413,0.0473397299647331
6326,0.0678244978189468,0.6957904100418091,0.233060598373413,0.0033244309015572
6327,0.0002950973575934,0.0927168279886245,0.4782698452472687,0.4287182986736297
6328,0.0001048749545589,0.1726494878530502,0.7737613320350647,0.0534843169152736
6329,3.4013952245004475e-05,0.0135094644501805,0.0967509895563125,0.8897055387496948
6330,2.064290310954675e-05,0.1547005474567413,0.8233376145362854,0.02194120362401
6331,2.276204759255052e-05,0.0096235610544681,0.0536759123206138,0.9366777539253236
6332,0.0004390935355331,0.6280263662338257,0.3691976368427276,0.0023369162809103
6333,2.6225457986583933e-05,0.2904627323150635,0.7077566385269165,0.0017543534049764
6334,2.1395768271759152e-05,0.4031013250350952,0.5957450866699219,0.0011322285281494
6335,2.743221921264194e-05,0.3442826569080353,0.6533336639404297,0.0023562891874462
6336,8.117737161228433e-05,0.0565857030451297,0.5626351237297058,0.3806979954242706
6337,3.45327498507686e-05,0.6818282604217529,0.3170796036720276,0.0010576271452009
6338,4.014608930447139e-05,0.0498874709010124,0.5983314514160156,0.3517408967018127
6339,6.139529432402924e-05,0.2173378318548202,0.770529568195343,0.0120712667703628
6340,6.502004544017836e-05,0.0901356115937233,0.7786528468132019,0.1311465352773666
6341,0.0001534519396955,0.2862547636032104,0.6760433316230774,0.0375484526157379
6342,6.873825623188168e-05,0.073061428964138,0.67186039686203,0.2550094425678253
6343,0.0001069701684173,0.1482899934053421,0.741403341293335,0.1101997643709182
6344,0.000245060538873,0.4034288227558136,0.5869854688644409,0.0093406429514288
6345,0.0004123043618164,0.2203586846590042,0.6180111765861511,0.1612178534269333
6346,0.0010301428847014,0.4636233747005462,0.5091906785964966,0.0261558406054973
6347,0.0001133639016188,0.93306303024292,0.0665429607033729,0.0002805783587973
6348,0.0001923037925735,0.1642387360334396,0.7476583123207092,0.0879106596112251
6349,0.0002644944179337,0.4286710917949676,0.5590924620628357,0.0119719319045543
6350,6.834811938460916e-05,0.1400302946567535,0.818508505821228,0.0413928739726543
6351,4.724625978269614e-05,0.3028517067432403,0.6824868321418762,0.0146141937002539
6352,7.045742677291855e-05,0.0601747818291187,0.6571276783943176,0.2826271057128906
6353,0.0008127913461066,0.3490513563156128,0.5845510363578796,0.0655848085880279
6354,0.0001633314386708,0.2774182558059692,0.7195681929588318,0.0028502345085144
6355,4.884037116426043e-05,0.057912141084671,0.7870580554008484,0.1549809128046035
6356,0.0004547537246253,0.1321418136358261,0.4909664094448089,0.3764370083808899
6357,0.0003077490546274,0.1696995198726654,0.601637065410614,0.2283556759357452
6358,0.0001357564178761,0.6883909106254578,0.3102821111679077,0.0011912246700376
6359,0.0002690043475013,0.4160153865814209,0.5511308312416077,0.0325848422944545
6360,3.175931851728819e-05,0.340931236743927,0.6571621894836426,0.0018749008886516
6361,5.4519307013833895e-05,0.3036269247531891,0.6736257076263428,0.0226928442716598
6362,0.0001043866141117,0.5050821900367737,0.4895424246788025,0.0052710059098899
6363,7.986513082869351e-05,0.2380746006965637,0.6997401714324951,0.0621054656803607
6364,0.0004661505518015,0.257045567035675,0.6563888192176819,0.0860994756221771
6365,0.0005810360889881,0.4379293918609619,0.5282436609268188,0.0332459397614002
6366,0.0001828906970331,0.1179054901003837,0.6474285125732422,0.2344830632209777
6367,0.0003764153225347,0.2315539419651031,0.670023500919342,0.098046101629734
6368,0.0001665087038418,0.0491458438336849,0.3519687056541443,0.5987189412117004
6369,3.539128738339059e-05,0.3052741885185241,0.6879460215568542,0.0067443856969475
6370,0.0002531961654312,0.4797592163085937,0.5027833580970764,0.0172042995691299
6371,0.0001881978241726,0.1021674796938896,0.6065962314605713,0.2910480499267578
6372,6.556540029123425e-05,0.1046156212687492,0.7730107307434082,0.1223080679774284
6373,6.762951670680195e-05,0.078947976231575,0.7374248504638672,0.1835595667362213
6374,0.0001107048083213,0.1105382964015007,0.7208002209663391,0.1685507744550705
6375,2.6074485504068438e-05,0.1113387048244476,0.8757468461990356,0.0128883915022015
6376,3.847491097985767e-05,0.0205631591379642,0.1832774430513382,0.7961208820343018
6377,1.2006045835732948e-05,0.0052371639758348,0.0571914836764335,0.9375593662261964
6378,3.6758730857400224e-05,0.0952014699578285,0.7725875973701477,0.1321741640567779
6379,5.74931618757546e-05,0.1055870503187179,0.7801886796951294,0.1141668185591697
6380,0.0011239816667512,0.412867784500122,0.5301327109336853,0.0558755733072757
6381,0.0004949498688802,0.1996770203113556,0.5513259172439575,0.2485020756721496
6382,0.0005181945161893,0.1209915205836296,0.4495380222797394,0.4289521872997284
6383,0.0001569377345731,0.0268084928393363,0.1259133368730545,0.8471212387084961
6384,0.0011464704293757,0.5492551326751709,0.4344966113567352,0.0151017867028713
6385,0.0002517915563657,0.6031080484390259,0.3893958330154419,0.0072443461976945
6386,0.0001870635314844,0.2253022938966751,0.7272847294807434,0.0472259297966957
6387,0.0004082382947672,0.3950829803943634,0.5838947296142578,0.0206140074878931
6388,0.0001550722372485,0.2633900046348572,0.6621623635292053,0.0742925554513931
6389,0.0003768776659853,0.2976863384246826,0.6502066850662231,0.0517301298677921
6390,0.0001832592533901,0.5999801158905029,0.3934765756130218,0.0063599571585655
6391,0.0005385148106142,0.220673605799675,0.6588097214698792,0.1199781596660614
6392,0.0001373849954688,0.2483979314565658,0.707619845867157,0.0438448376953601
6393,0.0002686685475055,0.2946308255195617,0.6639608144760132,0.041139680892229
6394,0.000125481194118,0.1910481750965118,0.7675092816352844,0.0413170643150806
6395,0.0003031567321158,0.2589136958122253,0.6928889155387878,0.047894213348627
6396,0.0001019591727526,0.5334243774414062,0.4634471237659454,0.0030266072135418
6397,7.028943218756467e-05,0.828706681728363,0.1710132807493209,0.000209845486097
6398,0.0007608774467371,0.4466239809989929,0.530379056930542,0.0222360976040363
6399,0.0004186260339338,0.7568936347961426,0.2419177442789077,0.0007699711131863
6400,7.144142728066072e-05,0.0159167610108852,0.0874002128839492,0.8966115713119507
6401,0.0003426872135605,0.2836703360080719,0.6099870800971985,0.1059998497366905
6402,0.0004569429729599,0.372385025024414,0.5767611861228943,0.0503968298435211
6403,0.0001544865517644,0.2707245051860809,0.6913192868232727,0.0378016158938407
6404,0.0001569214655319,0.2837206721305847,0.6806105375289917,0.0355118103325367
6405,0.0001142447581514,0.0713850110769271,0.4172614216804504,0.5112393498420715
6406,0.0010812648106366,0.2028580456972122,0.5099850296974182,0.2860756814479828
6407,0.000153389191837,0.2525156736373901,0.6864086985588074,0.0609222315251827
6408,0.0001392222184222,0.088361918926239,0.7514961361885071,0.1600027531385421
6409,0.0001385003124596,0.0879037380218505,0.6495256423950195,0.2624320685863495
6410,5.145786781213246e-05,0.0582217015326023,0.6066840291023254,0.3350427150726318
6411,0.0001811355759855,0.169905200600624,0.6312743425369263,0.1986392885446548
6412,1.8664914023247547e-05,0.0066451700404286,0.0522683076560497,0.9410678148269652
6413,1.238239110534778e-05,0.0033800657838582,0.0296591334044933,0.966948390007019
6414,2.357827906962484e-05,0.0054198638536036,0.0242901463061571,0.9702664017677308
6415,1.1435722626629286e-05,0.0023198132403194,0.0168754793703556,0.9807932376861572
6416,0.0020054671913385,0.6400216221809387,0.3534534871578216,0.0045193899422883
6417,0.0013356272829696,0.8610486388206482,0.136237695813179,0.0013780245790258
6418,0.0016747547779232,0.4162523746490478,0.5514447689056396,0.0306280646473169
6419,5.329622945282608e-05,0.1564107090234756,0.794319212436676,0.0492168180644512
6420,0.0001294551766477,0.0258537195622921,0.1442004591226577,0.8298164010047913
6421,3.9536342228529975e-05,0.0159500986337661,0.1399576514959335,0.8440527319908142
6422,0.0001944418036146,0.0312026366591453,0.1512036621570587,0.817399263381958
6423,0.0002495923545211,0.0439894013106823,0.1881188154220581,0.7676421999931335
6424,0.0003830466303043,0.2248428016901016,0.6506041884422302,0.1241699829697609
6425,0.0001284473255509,0.302895724773407,0.6825860738754272,0.0143897142261266
6426,0.0001922210940392,0.3264872431755066,0.6492974162101746,0.0240231025964021
6427,7.719612040091306e-05,0.1462721526622772,0.7907397747039795,0.0629108697175979
6428,0.0001379524182993,0.0748906135559082,0.4516481757164001,0.4733232259750366
6429,0.0001368330413242,0.0502623431384563,0.3078941702842712,0.6417065858840942
6430,3.660248694359325e-05,0.0098366076126694,0.0621692687273025,0.9279574155807496
6431,1.0759399629023392e-05,0.0037127560935914,0.029203088954091,0.9670734405517578
6432,3.7710564356530085e-05,0.0946617498993873,0.8177527189254761,0.0875478014349937
6433,7.058495975797996e-05,0.1717322915792465,0.7577183842658997,0.0704787895083427
6434,3.7710564356530085e-05,0.0946617498993873,0.8177527189254761,0.0875478014349937
6435,0.0001863470824901,0.1111055538058281,0.5300549864768982,0.3586531579494476
6436,0.0004020358610432,0.2591834366321563,0.6121094226837158,0.1283051073551178
6437,5.480687468661927e-05,0.0874494016170501,0.8560342192649841,0.0564615800976753
6438,0.0001971927122212,0.1053908914327621,0.4506996870040893,0.4437122344970703
6439,0.0001003788565867,0.8261871933937073,0.1731782406568527,0.0005342300864867
6440,0.0003265140985604,0.1613930761814117,0.572188138961792,0.2660922110080719
6441,0.0004053881275467,0.3055427670478821,0.6269330382347107,0.0671188384294509
6442,0.0003334810608066,0.307955652475357,0.6519420742988586,0.0397687219083309
6443,0.0001591964974068,0.2206900119781494,0.7350099682807922,0.0441407822072505
6444,0.0001803073246264,0.1256854683160781,0.5996118187904358,0.2745223045349121
6445,0.0003302414552308,0.2231164574623108,0.6661026477813721,0.1104506477713584
6446,0.0001681412686593,0.255999207496643,0.6435819268226624,0.1002507284283638
6447,5.727932511945255e-05,0.1035634502768516,0.6967554092407227,0.1996237784624099
6448,0.0004811862308997,0.1177423968911171,0.3860624432563782,0.4957139790058136
6449,9.544011118123308e-05,0.0391096286475658,0.3949932157993316,0.5658016800880432
6450,0.0001725531910778,0.2627164125442505,0.6921655535697937,0.0449454821646213
6451,0.0001003503275569,0.026550194248557,0.2329705357551574,0.7403788566589355
6452,6.952066178200766e-05,0.0652103871107101,0.6284419894218445,0.3062781393527984
6453,5.3512969316216186e-05,0.0464229360222816,0.499093621969223,0.4544299244880676
6454,6.382533319992945e-05,0.056240938603878,0.5769582390785217,0.3667369782924652
6455,0.0014150553615763,0.2417233288288116,0.553310215473175,0.2035514712333679
6456,6.083743937779218e-05,0.0870145186781883,0.8127714991569519,0.1001530960202217
6457,7.681455463171005e-05,0.4553830623626709,0.5407807230949402,0.0037594172172248
6458,1.4619611647503916e-05,0.0073401443660259,0.0753002539277076,0.917344868183136
6459,6.817511166445911e-05,0.0538498386740684,0.6768497824668884,0.2692322432994842
6460,7.750109216431156e-05,0.1179973036050796,0.831961989402771,0.0499632023274898
6461,0.0004521404625847,0.5796865224838257,0.4110592901706695,0.0088020749390125
6462,0.0001104356706491,0.168141022324562,0.7535557150840759,0.0781928375363349
6463,6.03820153628476e-05,0.2275365740060806,0.746063768863678,0.0263392720371484
6464,0.0001010575215332,0.2576712667942047,0.7114531993865967,0.0307744462043046
6465,6.91113164066337e-05,0.2262664139270782,0.753582239151001,0.0200822874903678
6466,0.0001857800380093,0.2037325352430343,0.7222945690155029,0.0737870335578918
6467,3.8792331906734034e-05,0.4364144504070282,0.560367226600647,0.0031794791575521
6468,0.0001095043480745,0.2351171672344207,0.7472008466720581,0.0175724793225526
6469,0.0001770445815054,0.0461153648793697,0.2653756141662597,0.6883319616317749
6470,0.0001615029177628,0.0738302171230316,0.4666213095188141,0.4593870341777801
6471,9.103756747208536e-05,0.4010724425315857,0.5927466154098511,0.0060899634845554
6472,2.6118896130356006e-05,0.0107030486688017,0.0841860026121139,0.9050848484039308
6473,0.0002288598479935,0.2113424092531204,0.6408879160881042,0.1475407779216766
6474,0.000160727315233,0.1762589216232299,0.6863097548484802,0.1372705847024917
6475,8.733464346732944e-05,0.0292094424366951,0.1934689432382583,0.7772343754768372
6476,0.0001037443289533,0.3092575073242187,0.6754804253578186,0.0151583161205053
6477,4.45887962996494e-05,0.143717885017395,0.8270394206047058,0.0291980635374784
6478,0.000103218400909,0.2114718407392501,0.7615393400192261,0.0268856287002563
6479,0.0002032744087046,0.1998219192028045,0.7309182286262512,0.0690566077828407
6480,4.903825174551457e-05,0.0599925555288791,0.5781570076942444,0.361801415681839
6481,7.982077659107745e-05,0.0284181628376245,0.2270461916923523,0.7444558143615723
6482,4.150460517848842e-05,0.0284827593713998,0.3993842601776123,0.5720915198326111
6483,4.091368828085251e-05,0.0663095787167549,0.8078160285949707,0.1258334666490554
6484,0.0002482949057593,0.2557913064956665,0.6634721159934998,0.0804883018136024
6485,0.0009776970837265,0.3071832656860351,0.5921112298965454,0.0997278019785881
6486,0.0010814348934218,0.4501310586929321,0.5100653171539307,0.0387222282588481
6487,0.0002204973716288,0.2380559146404266,0.678158164024353,0.0835654810070991
6488,5.424841219792143e-05,0.2044234424829483,0.7714859247207642,0.0240363795310258
6489,5.0206275773234665e-05,0.2467522472143173,0.7366661429405212,0.0165313705801963
6490,3.477136488072574e-05,0.1156321465969085,0.8152859807014465,0.069047100841999
6491,0.0001995599595829,0.2991243898868561,0.6533476710319519,0.0473283492028713
6492,7.052794535411522e-05,0.0413988754153251,0.5203510522842407,0.4381795525550842
6493,0.0006131008849479,0.2512376308441162,0.6218190789222717,0.1263302117586136
6494,3.063420081161894e-05,0.0320560745894908,0.3340319991111755,0.6338813304901123
6495,5.48281277588103e-05,0.0975946858525276,0.6989457011222839,0.2034047842025756
6496,0.0004208598693367,0.1620118468999862,0.5395818948745728,0.2979854047298431
6497,0.0001506164262536,0.1327185928821563,0.8003956079483032,0.0667351111769676
6498,0.0001592406333656,0.0837876945734024,0.546364426612854,0.3696886599063873
6499,0.0002452475891914,0.1967655718326568,0.7085800766944885,0.0944091603159904
6500,0.0001052159059327,0.1732107698917389,0.7762768268585205,0.0504072122275829
6501,7.493533485103399e-05,0.4803405404090881,0.5113198161125183,0.008264715783298
6502,0.0001221880520461,0.2926730513572693,0.6912012696266174,0.0160034783184528
6503,0.0004642863350454,0.4493248760700226,0.5335865020751953,0.0166243948042392
6504,0.0003989045508205,0.1376503705978393,0.5705448985099792,0.2914058268070221
6505,0.0042432053014636,0.6599697470664978,0.3117476403713226,0.0240393970161676
6506,0.0001073388339136,0.5885196328163147,0.4108529090881347,0.0005201491294428
6507,0.0001733493991196,0.5087358951568604,0.4854391813278198,0.0056515457108616
6508,0.0001673333608778,0.8096545934677124,0.1893283426761627,0.0008497889502905
6509,0.0005282401107251,0.1487728655338287,0.6166463494300842,0.2340525686740875
6510,0.0006418534903787,0.8490387201309204,0.1498642414808273,0.0004551422898657
6511,0.0002156501577701,0.8786635398864746,0.1207868084311485,0.0003340054827276
6512,7.930354331620038e-05,0.7396317720413208,0.259635180234909,0.0006537060835398
6513,0.0010591433383524,0.4272889196872711,0.5486498475074768,0.0230020992457866
6514,0.0002534227096475,0.4581990242004394,0.5356888771057129,0.0058587044477462
6515,0.0001483668020227,0.0562289766967296,0.3391041159629822,0.604518473148346
6516,0.0006026607006788,0.2798416912555694,0.6608977317810059,0.0586580038070678
6517,0.0004203083517495,0.2545464634895324,0.7028253078460693,0.0422079414129257
6518,0.0003733456251211,0.1964434087276458,0.7413696646690369,0.0618136599659919
6519,0.0003769617469515,0.3270174264907837,0.6503517627716064,0.0222538132220506
6520,0.0004746173799503,0.2536622583866119,0.7003839612007141,0.0454791411757469
6521,6.249028228921816e-05,0.5306649208068848,0.46831014752388,0.0009623575606383
6522,0.0004604256537277,0.8068567514419556,0.1916452795267105,0.0010375853162258
6523,0.0001486776891397,0.1507918536663055,0.7657843232154846,0.0832751840353012
6524,5.63363719265908e-05,0.0971941128373146,0.7294822931289673,0.1732672452926635
6525,0.0002424337726552,0.2830074727535248,0.6895907521247864,0.0271594021469354
6526,8.090806659311056e-05,0.056397970765829,0.4167278110980987,0.5267933011054993
6527,0.0003179245104547,0.1430842578411102,0.7042853832244873,0.1523123979568481
6528,0.0001043064548866,0.9577414989471436,0.0420802272856235,7.396434375550598e-05
6529,0.0004458984476514,0.1612507998943328,0.5370471477508545,0.3012561500072479
6530,0.0001281360164284,0.090725377202034,0.5824317932128906,0.3267146348953247
6531,0.0004289495700504,0.8926629424095154,0.1066133826971054,0.0002948124019894
6532,0.0001531668531242,0.3187470138072967,0.6747874021530151,0.0063124420121312
6533,0.0001945134281413,0.2613527178764343,0.6885727047920227,0.0498800426721572
6534,0.0001130362652475,0.2279960960149765,0.7133366465568542,0.0585542395710945
6535,0.0001761261664796,0.3184435963630676,0.6636934280395508,0.0176868308335542
6536,2.8058648240403272e-05,0.0738134980201721,0.8187604546546936,0.1073979958891868
6537,7.216643280116841e-05,0.0969644784927368,0.8118736147880554,0.0910896956920623
6538,3.845142418867909e-05,0.0289810001850128,0.3316699862480163,0.6393105983734131
6539,5.513962241820991e-05,0.147339329123497,0.8090521097183228,0.0435534231364727
6540,0.0002585119509603,0.1565595865249633,0.5726711750030518,0.2705107033252716
6541,0.0002138809213647,0.3107268512248993,0.6578087210655212,0.0312506183981895
6542,0.0001591364562045,0.2138194143772125,0.7121273875236511,0.073894016444683
6543,0.0005393276223912,0.2352604120969772,0.659804105758667,0.1043961718678474
6544,0.000274935940979,0.2171650677919387,0.7120568752288818,0.0705031752586364
6545,0.0004878337495028,0.1193689927458763,0.4435096085071563,0.4366336464881897
6546,0.000455297762528,0.0827911645174026,0.3768873214721679,0.5398661494255066
6547,0.0003578030446078,0.2739244699478149,0.6886460185050964,0.0370716452598571
6548,0.0002509850310161,0.6011762022972107,0.394260972738266,0.0043119401670992
6549,0.0008206849452108,0.3810799419879913,0.5631995797157288,0.054899763315916
6550,0.0003879454161506,0.1718907952308654,0.5814990997314453,0.2462222129106521
6551,0.000137820985401,0.075997494161129,0.4583235383033752,0.4655410945415497
6552,2.74983231065562e-05,0.0872580483555793,0.8024100661277771,0.1103045046329498
6553,5.112164217280224e-05,0.1454129517078399,0.7984741926193237,0.0560616850852966
6554,9.025434701470658e-05,0.1737081408500671,0.7428554892539978,0.0833460688591003
6555,7.20495663699694e-05,0.1365203857421875,0.7856206297874451,0.0777869746088981
6556,0.0008567324839532,0.2820954322814941,0.6457228660583496,0.0713248923420906
6557,0.0004596149083226,0.1662111133337021,0.6997748613357544,0.1335543692111969
6558,0.0008567324839532,0.2820954322814941,0.6457228660583496,0.0713248923420906
6559,0.0001117472929763,0.0816330835223198,0.6420940160751343,0.2761611938476562
6560,0.0002189892693422,0.2221032679080963,0.7169581055641174,0.0607196502387523
6561,0.0001152184195234,0.823920726776123,0.1754228323698043,0.0005411544116213
6562,0.0001934105384862,0.338935524225235,0.6431865692138672,0.0176844354718923
6563,0.0002375045878579,0.4227608442306518,0.568886935710907,0.0081147355958819
6564,9.876879630610348e-05,0.6953403949737549,0.3037717342376709,0.0007891108398325
6565,0.0002346175751881,0.5889413952827454,0.4047731161117553,0.0060508679598569
6566,0.0001555003400426,0.5171162486076355,0.4782543480396271,0.0044739320874214
6567,7.199255924206227e-05,0.4989757835865021,0.4989757835865021,0.0019764602184295
6568,4.399606768856757e-05,0.2608237862586975,0.7314983606338501,0.0076338704675436
6569,0.0001234387600561,0.1463666707277298,0.8037111163139343,0.0497987493872642
6570,0.000103830381704,0.2373126149177551,0.7424854636192322,0.0200981609523296
6571,0.0004600567335728,0.2617381811141968,0.711478054523468,0.0263237003237009
6572,0.0003418196283746,0.4738557338714599,0.5123602151870728,0.0134422518312931
6573,0.0001587587757967,0.2654710114002228,0.7104372382164001,0.0239329356700181
6574,0.0002957351680379,0.2372724860906601,0.6449733972549438,0.1174583807587623
6575,0.0004355965647846,0.247822105884552,0.6328359246253967,0.1189063489437103
6576,0.0002812121238093,0.1170503422617912,0.5164503455162048,0.366218090057373
6577,0.0001491350121796,0.1124036908149719,0.6673714518547058,0.2200757563114166
6578,0.0002422757534077,0.3010635077953338,0.6679385900497437,0.0307555776089429
6579,8.890828030416742e-05,0.0795769914984703,0.5523737668991089,0.3679603040218353
6580,0.0002323330263607,0.1281134784221649,0.620820164680481,0.2508340179920196
6581,0.0001240197452716,0.0864495113492012,0.5379069447517395,0.3755195438861847
6582,0.0002115508832503,0.2508449852466583,0.6608885526657104,0.0880548804998397
6583,8.982681902125478e-05,0.0816652253270149,0.6627370119094849,0.2555078864097595
6584,0.0060714134015142,0.3163080215454101,0.4602254331111908,0.2173951119184494
6585,0.0030324489343911,0.5778824687004089,0.3731089830398559,0.0459760501980781
6586,6.147283420432359e-05,0.5915316343307495,0.4065533578395843,0.0018535266863182
6587,6.36852637398988e-05,0.2515012323856354,0.7164602875709534,0.0319747924804687
6588,4.498350608628243e-05,0.1832846850156784,0.7838091850280762,0.0328611359000206
6589,4.889662523055449e-05,0.0269626677036285,0.3496571481227875,0.6233313083648682
6590,0.0001111689853132,0.1615066230297088,0.7126006484031677,0.1257814913988113
6591,3.576271410565823e-05,0.087010234594345,0.8385302424430847,0.0744237899780273
6592,0.0001604979042895,0.3041134178638458,0.6747050881385803,0.0210210792720317
6593,0.000841817818582,0.5777021050453186,0.4096521139144897,0.0118039399385452
6594,0.0005555548123084,0.7464561462402344,0.2500315010547638,0.0029567386955022
6595,0.0001150366661022,0.3272160589694977,0.6507468223571777,0.0219221077859401
6596,0.0001509023713879,0.7076876163482666,0.2904344201087951,0.0017269861418753
6597,0.0005406444543041,0.20172019302845,0.6022252440452576,0.195513904094696
6598,0.0006584000075235,0.5711674094200134,0.4178749918937683,0.0102991089224815
6599,0.0004316093691159,0.1635740101337433,0.5533638000488281,0.28263059258461
6600,0.0005149325006641,0.2077386081218719,0.6299594640731812,0.1617869883775711
6601,0.0001770440139807,0.1488617658615112,0.6568088531494141,0.1941523253917694
6602,5.163372770766728e-05,0.1091441959142685,0.7816600203514099,0.1091441959142685
6603,0.0001662645372562,0.1354970484972,0.6265320181846619,0.2378047257661819
6604,0.0002612259704619,0.187870979309082,0.6765494346618652,0.1353183984756469
6605,0.0001553749316371,0.1480367928743362,0.6430425047874451,0.2087653428316116
6606,0.0003421954170335,0.1613985449075698,0.5460042357444763,0.2922550439834595
6607,0.0004007827665191,0.1775787621736526,0.5469810962677002,0.2750393748283386
6608,6.95818816893734e-05,0.8870256543159485,0.1127726510167121,0.0001320432056672
6609,0.0001316067355219,0.5708137154579163,0.4241927564144134,0.0048619420267641
6610,0.0002658873272594,0.0506691597402095,0.1687540709972381,0.780310869216919
6611,0.0001225985615747,0.2511775493621826,0.6935234665870667,0.0551763884723186
6612,0.0002515155938453,0.6024470925331116,0.3950944542884826,0.0022069795522838
6613,0.0001049616839736,0.7051002979278564,0.2939295470714569,0.0008652083342894
6614,0.0002869443269446,0.1194362789392471,0.7316359281539917,0.1486408561468124
6615,0.0004180163377895,0.2737294733524322,0.6566428542137146,0.0692096501588821
6616,0.0001175331635749,0.0320834517478942,0.1904882192611694,0.777310848236084
6617,0.0003022533783223,0.0825071930885315,0.3875172734260559,0.5296733379364014
6618,0.0002073912037303,0.1275778263807296,0.7005400657653809,0.1716747283935547
6619,0.0003776909725274,0.3952214419841766,0.5840993523597717,0.0203015282750129
6620,0.0010500805219635,0.7094512581825256,0.2866442203521728,0.0028544147498905
6621,0.0015944101614877,0.1480801850557327,0.4218411743640899,0.428484171628952
6622,0.0002296827296959,0.1871796250343322,0.6954566836357117,0.1171340122818946
6623,0.0003716649662237,0.1204804554581642,0.6118502616882324,0.2672975957393646
6624,0.0002231700345873,0.1309975534677505,0.5870903134346008,0.2816889882087707
6625,0.0003105603100266,0.2002111971378326,0.6988057494163513,0.1006725132465362
6626,0.0013354612747207,0.1643135994672775,0.4754571318626404,0.358893871307373
6627,0.0001680433342698,0.2329541593790054,0.7288490533828735,0.0380287207663059
6628,0.0002938884717877,0.0730445981025695,0.3430736064910888,0.5835878849029541
6629,0.0002679920871742,0.2593561708927154,0.6727187037467957,0.0676570981740951
6630,0.0005228495574556,0.2142542749643325,0.6103536486625671,0.1748692393302917
6631,6.031812517903745e-05,0.0218129176646471,0.1336203217506408,0.8445063829421997
6632,0.0001005144949886,0.1965018212795257,0.7076302766799927,0.0957673415541648
6633,1.8222690414404497e-05,0.6617661714553833,0.3379971086978912,0.000218556044274
6634,0.0002410295419394,0.5256650447845459,0.471203088760376,0.0028908173553645
6635,0.0001332097453996,0.1604399383068084,0.7535495162010193,0.085877314209938
6636,0.00010335213301,0.7052213549613953,0.2939800024032593,0.0006953338743187
6637,0.0016718037659302,0.5859756469726562,0.3964909613132477,0.0158616341650486
6638,0.0023081887047737,0.3168213963508606,0.5827237367630005,0.0981466919183731
6639,0.0001423775829607,0.4589092135429382,0.5365191698074341,0.004429236985743
6640,0.0016924038063734,0.2936533093452453,0.5931960344314575,0.111458234488964
6641,8.250956307165325e-05,0.1025303602218627,0.7458570599555969,0.1515300571918487
6642,0.0001203859501401,0.0706648007035255,0.5472044944763184,0.3820103108882904
6643,0.0001261975121451,0.1129525676369667,0.725124180316925,0.1617970764636993
6644,9.882690937956796e-05,0.1050424575805664,0.7641313076019287,0.1307274550199508
6645,5.6781325838528574e-05,0.4124343991279602,0.581625759601593,0.0058830613270401
6646,0.0001841587945818,0.5935776829719543,0.4016347825527191,0.0046033905819058
6647,8.594214887125418e-05,0.4786258041858673,0.5175179243087769,0.0037703546695411
6648,0.0035217257682234,0.7370834350585938,0.2547292411327362,0.0046655284240841
6649,6.115326686995104e-05,0.0582650862634182,0.6166971325874329,0.3249765634536743
6650,8.519354742020369e-05,0.0289420466870069,0.1887258440256118,0.7822468280792236
6651,0.0002520777634344,0.1226681098341941,0.6133019328117371,0.263777881860733
6652,0.0002219110756414,0.0686414465308189,0.3653191924095154,0.5658174157142639
6653,4.79322079627309e-05,0.1806221902370453,0.7256243824958801,0.0937055572867393
6654,8.727134263608605e-05,0.248238980770111,0.7071669697761536,0.0445067957043647
6655,0.0001207812383654,0.2083773463964462,0.7160325646400452,0.0754692777991294
6656,0.0001235716626979,0.3301975429058075,0.6464954018592834,0.0231835059821605
6657,1.6042609786381945e-05,0.0181513149291276,0.8345293998718262,0.1473031938076019
6658,4.902011278318241e-05,0.045980866998434,0.7777073979377747,0.1762626767158508
6659,4.870566044701263e-05,0.0586618706583976,0.7489445209503174,0.1923448741436004
6660,0.0001371813996229,0.1227836459875106,0.6956167817115784,0.1814624816179275
6661,0.0010650953045114,0.2410342991352081,0.5517330169677734,0.2061675637960434
6662,0.0006508648511953,0.9164859652519226,0.0826237127184867,0.0002394397888565
6663,0.002865175018087,0.943413257598877,0.0532237365841865,0.0004978927900083
6664,0.0005248185480013,0.3490786552429199,0.6031538248062134,0.0472426600754261
6665,0.0001574955531395,0.2183320373296737,0.6831005215644836,0.098409965634346
6666,5.45172042620834e-05,0.2478034943342209,0.7398045659065247,0.0123374098911881
6667,0.0001705560280242,0.3035916984081268,0.6735475659370422,0.0226902104914188
6668,0.0001982272078748,0.6096643805503845,0.3875262439250946,0.0026111314073204
6669,3.493174153845757e-05,0.5807908177375793,0.4183279573917389,0.0008463186095468
6670,0.0001891162100946,0.266295462846756,0.690717875957489,0.0427975729107856
6671,5.4095835366752e-05,0.6181628108024597,0.380839079618454,0.0009440056746825
6672,4.495510074775666e-05,0.1667772233486175,0.8209062814712524,0.0122715542092919
6673,2.859508094843477e-05,0.0150458849966526,0.1240245550870895,0.8609009981155396
6674,0.0001475430908612,0.1405748277902603,0.7251401543617249,0.1341374516487121
6675,0.0034898680169135,0.3789346814155578,0.5020068883895874,0.1155685484409332
6676,0.0002858573861885,0.2055856585502624,0.6954873204231262,0.0986410826444625
6677,4.0951912524178624e-05,0.1239983439445495,0.7715436220169067,0.1044170707464218
6678,3.597257818910293e-05,0.024303650483489,0.2654035985469818,0.710256814956665
6679,2.982274963869713e-05,0.1740584522485733,0.8175125122070312,0.0083992406725883
6680,1.2146013432356996e-05,0.0057287402451038,0.0457696244120597,0.9484894871711732
6681,0.0001303073222516,0.3374831080436706,0.630501389503479,0.0318851470947265
6682,6.129507528385147e-05,0.2536789178848266,0.722663938999176,0.0235958136618137
6683,9.467669588048012e-05,0.0619971007108688,0.4106382429599762,0.5272699594497681
6684,9.8462202004157e-05,0.3828113973140716,0.602246880531311,0.0148432096466422
6685,6.213220331119373e-05,0.4956570267677307,0.5034624934196472,0.0008184313192032
6686,3.342403579154052e-05,0.5386252403259277,0.4607106149196625,0.0006306653376668
6687,6.740207027178258e-05,0.1010302975773811,0.7946648597717285,0.1042373478412628
6688,4.717435876955278e-05,0.1241009384393692,0.8349277973175049,0.0409241430461406
6689,0.0001704200549283,0.2805525064468384,0.6836088299751282,0.0356682501733303
6690,3.321179246995598e-05,0.3401969373226166,0.6557468175888062,0.0040229870937764
6691,5.6845732615329325e-05,0.0935817956924438,0.8211541771888733,0.0852072015404701
6692,7.663797441637143e-05,0.1343015134334564,0.8226965665817261,0.0429253429174423
6693,5.102802242618054e-05,0.8352614045143127,0.1644727140665054,0.0002148360217688
6694,0.0001073208550224,0.6987672448158264,0.3005360662937164,0.0005893074558116
6695,0.0005047730519436,0.3254157900810241,0.6175306439399719,0.056548785418272
6696,0.0001261214492842,0.1299292594194412,0.7959131598472595,0.0740314573049545
6697,0.0001812026603147,0.1866734325885772,0.6722368597984314,0.1409085094928741
6698,0.0001050972859957,0.8516121506690979,0.1479879915714264,0.0002947526227217
6699,0.000283448403934,0.9574511647224426,0.0420674681663513,0.0001978788495762
6700,7.954331522341818e-05,0.7535507678985596,0.2446421235799789,0.0017274933634325
6701,0.000148714199895,0.1906656175851822,0.765972375869751,0.0432132072746753
6702,7.185156573541462e-05,0.1860884428024292,0.7834616303443909,0.0303781032562255
6703,6.139509787317365e-05,0.0774939283728599,0.6799876689910889,0.2424570918083191
6704,4.730880755232647e-05,0.1623194366693496,0.8115460872650146,0.0260871071368455
6705,1.32342738652369e-05,0.0054231653921306,0.0681648999452591,0.9263986945152284
6706,4.988450018572621e-05,0.0945217534899711,0.8424632549285889,0.0629650652408599
6707,8.458636875730008e-05,0.0496509708464145,0.4565818011760711,0.4936826527118683
6708,8.218487346312031e-05,0.1849279105663299,0.7785755395889282,0.0364144630730152
6709,3.980646579293534e-05,0.4141689836978912,0.584071934223175,0.0017192688537761
6710,8.275457366835326e-05,0.68112713098526,0.3167535662651062,0.0020365333184599
6711,0.0002310493582626,0.6078183650970459,0.3863528370857239,0.0055978130549192
6712,0.0002082153368974,0.5477492213249207,0.4401288628578186,0.0119137419387698
6713,5.3594591008732095e-05,0.0350953266024589,0.3329751789569855,0.6318758130073547
6714,6.930505333002657e-05,0.1177145391702652,0.7919613122940063,0.0902548655867576
6715,5.657736619468778e-05,0.0692157745361328,0.6775469183921814,0.2531808018684387
6716,4.734959657071158e-05,0.1152009516954422,0.8512263298034668,0.033525388687849
6717,5.039627649239264e-05,0.6035247445106506,0.3958012163639068,0.0006236206972971
6718,0.0001688871125224,0.6464367508888245,0.3514615595340729,0.0019328108755871
6719,7.182660920079798e-05,0.7243319153785706,0.2749253809452057,0.0006709066801704
6720,0.0001700782158877,0.1079456806182861,0.6409030556678772,0.2509812116622925
6721,0.0008652101387269,0.1957996636629104,0.6222500801086426,0.1810850948095321
6722,0.0003205403045285,0.2653375267982483,0.6882331967353821,0.0461087487637996
6723,6.684756226604804e-05,0.157635360956192,0.717598021030426,0.1246998235583305
6724,0.0005682130577042,0.120797574520111,0.5006920099258423,0.377942144870758
6725,6.817601388320327e-05,0.0619815997779369,0.4799647033214569,0.457985520362854
6726,0.0001157791921286,0.0701180100440979,0.5262649059295654,0.4035013020038605
6727,6.639109051320702e-05,0.0524406731128692,0.600151777267456,0.3473412096500397
6728,6.378290709108114e-05,0.0197293013334274,0.141295701265335,0.838911235332489
6729,0.001008978113532,0.4070508182048797,0.5563725233078003,0.0355677045881748
6730,0.0004353068943601,0.5242905616760254,0.4699710011482239,0.0053031239658594
6731,0.0004260354908183,0.2746554613113403,0.6486493945121765,0.0762690603733062
6732,7.643944263691083e-05,0.5381399393081665,0.4602954983711242,0.0014880902599543
6733,0.0001285364123759,0.154811292886734,0.7985774278640747,0.0464827790856361
6734,2.396971103735268e-05,0.0322062596678733,0.7104586958885193,0.257311075925827
6735,7.152909529395401e-05,0.0293113254010677,0.2492855638265609,0.7213316559791565
6736,4.852624260820448e-05,0.0863772705197334,0.8324303030967712,0.0811439231038093
6737,0.0002036691148532,0.5112540125846863,0.4802786707878113,0.0082636512815952
6738,0.0003290987515356,0.7640265822410583,0.2330149412155151,0.0026293259579688
6739,0.0009330527391284,0.5830112099647522,0.3944851458072662,0.0215706061571836
6740,0.0013602405088022,0.2115659117698669,0.5318766236305237,0.2551971971988678
6741,0.0003970332327298,0.2442371696233749,0.6140121817588806,0.1413536369800567
6742,1.9600112864281986e-05,0.0064537096768617,0.0651801526546478,0.9283465147018432
6743,3.565392762538977e-05,0.2146972864866256,0.773154616355896,0.0121123921126127
6744,0.0017991416389122,0.6506258249282837,0.3375402390956878,0.0100348070263862
6745,1.872992652351968e-05,0.0063629513606429,0.0492725633084774,0.9443457126617432
6746,7.496854232158512e-05,0.2695660293102264,0.7102118730545044,0.0201471615582704
6747,0.0016515600727871,0.1311996579170227,0.4369615912437439,0.4301871657371521
6748,0.0018734318437054,0.2453711628913879,0.5616601705551147,0.1910952478647232
6749,4.9379017582396045e-05,0.0181382037699222,0.1860741823911667,0.7957382798194885
6750,0.0003434639656916,0.180720567703247,0.6927726864814758,0.1261632740497589
6751,5.666369906975888e-05,0.0284494403749704,0.3632180988788605,0.608275830745697
6752,0.0001478535850765,0.07540263235569,0.6119142770767212,0.3125352561473846
6753,0.0001172646007034,0.2722382843494415,0.7172523140907288,0.0103921703994274
6754,4.6936020225984976e-05,0.0917580425739288,0.7682806849479675,0.1399143040180206
6755,0.00016573893663,0.0872069224715232,0.5511646866798401,0.3614626228809356
6756,0.0001355035055894,0.1683831661939621,0.7908570170402527,0.0406243354082107
6757,0.0005971365026198,0.2125953286886215,0.5962383151054382,0.1905692219734192
6758,0.0001436930760974,0.2328860759735107,0.7062182426452637,0.0607519559562206
6759,0.0007796175195835,0.5185560584068298,0.4721506834030151,0.0085136704146862
6760,5.725962910219096e-05,0.4639795422554016,0.534037172794342,0.0019260388799011
6761,8.354347664862871e-05,0.185070514678955,0.7434948682785034,0.0713510438799858
6762,0.0002367967535974,0.130574882030487,0.6327477693557739,0.2364405840635299
6763,3.073792686336674e-05,0.0114686479791998,0.105463720858097,0.8830369114875793
6764,0.0001078352797776,0.1831580847501754,0.7021166682243347,0.1146173998713493
6765,0.0001880067284218,0.2526102066040039,0.7084627747535706,0.0387390293180942
6766,0.0001199929029098,0.6682600378990173,0.3308126926422119,0.0008072897908277
6767,5.676156069966965e-05,0.3261489272117615,0.669214129447937,0.0045801382511854
6768,7.699386333115399e-05,0.5770018696784973,0.4221435487270355,0.0007776105194352
6769,0.0001538170472485,0.2653723061084747,0.7101730704307556,0.0243007838726043
6770,0.0001192623240058,0.2122882902622223,0.7409589290618896,0.0466335490345954
6771,0.0002395702031208,0.124100424349308,0.6401587128639221,0.2355012595653534
6772,0.0003788407193496,0.2024738043546676,0.6743407249450684,0.1228065714240074
6773,0.0001506855332991,0.2404326051473617,0.7405845522880554,0.0188321378082036
6774,0.0005500351544469,0.4018090069293976,0.5578565001487732,0.0397844761610031
6775,0.0002366579865338,0.3229865729808807,0.6323769688606262,0.0443998277187347
6776,0.0007764549809508,0.318177193403244,0.6133025884628296,0.0677438303828239
6777,0.0002194360567955,0.2482796311378479,0.7184209227561951,0.0330800600349903
6778,0.0001456723548471,0.3227021396160126,0.6518762111663818,0.0252759847790002
6779,0.0002697671588975,0.1940137147903442,0.7096726894378662,0.0960437506437301
6780,0.0001330655068159,0.1577815264463424,0.7071276903152466,0.1349576860666275
6781,8.239171438617632e-05,0.0760852545499801,0.5984569191932678,0.3253753781318664
6782,6.207692786119878e-05,0.0342305675148963,0.4302511513233185,0.5354562401771545
6783,3.3301301300525665e-05,0.013646270148456,0.0876052752137184,0.8987152576446533
6784,1.9949435227317736e-05,0.0078005599789321,0.0763589739799499,0.9158205986022948
6785,0.0002585183829069,0.1859237253665924,0.6096204519271851,0.204197272658348
6786,0.0003011497610714,0.3983585238456726,0.5706222653388977,0.0307181123644113
6787,0.0008207286009564,0.3693749606609344,0.5902594327926636,0.0395449176430702
6788,0.00271130586043,0.643022894859314,0.3335959017276764,0.0206699389964342
6789,3.849075073958375e-05,0.1921521872282028,0.7964486479759216,0.0113607291132211
6790,3.460071457084268e-05,0.1324386000633239,0.8370376229286194,0.0304890945553779
6791,9.452979429624976e-05,0.4868883490562439,0.5102546215057373,0.0027625656221061
6792,9.801029955269767e-05,0.220537394285202,0.7460684180259705,0.0332961678504943
6793,0.0003418638661969,0.5627904534339905,0.4248165190219879,0.012051117606461
6794,0.0001830588007578,0.1827834397554397,0.6582285165786743,0.1588050276041031
6795,0.0003172591386828,0.7840427756309509,0.2143453657627105,0.0012946154456585
6796,0.0001715523394523,0.1795148998498916,0.7211759686470032,0.099137544631958
6797,0.0001539610530016,0.4114014208316803,0.5801690220832825,0.0082756662741303
6798,0.0003674605104606,0.4157610237598419,0.5507938265800476,0.0330777429044246
6799,0.0005280024488456,0.5974051356315613,0.3917878866195678,0.0102789234369993
6800,0.00030397484079,0.2678533494472503,0.6526654362678528,0.0791772976517677
6801,0.0001365528441965,0.4007474482059479,0.5830841064453125,0.0160319153219461
6802,0.0001918626803671,0.2071409821510315,0.7007489204406738,0.0919182524085044
6803,0.0001057752742781,0.4242981970310211,0.5709556341171265,0.0046404511667788
6804,0.0012145173968747,0.2243251949548721,0.5466024875640869,0.2278577983379364
6805,9.945989586412908e-05,0.1315647512674331,0.7690255045890808,0.0993102863430976
6806,7.184046262409538e-05,0.2749784290790558,0.7132397294044495,0.0117099927738308
6807,0.0001152705153799,0.5845114588737488,0.4144806563854217,0.0008926161681301
6808,7.680470298510045e-05,0.2150801122188568,0.7625252604484558,0.0223178230226039
6809,0.0001218372053699,0.6576550006866455,0.341186910867691,0.0010361950844526
6810,0.0009720652597025,0.2269643098115921,0.6365370750427246,0.135526567697525
6811,0.0002323762018932,0.809852659702301,0.1893746703863144,0.0005402909009717
6812,0.001566463150084,0.3715080022811889,0.5490531921386719,0.0778723061084747
6813,4.266505493433215e-05,0.0412901900708675,0.3796975314617157,0.5789695978164673
6814,0.0001023708100547,0.0724825859069824,0.5355778932571411,0.3918371498584747
6815,3.802814171649516e-05,0.0139687294140458,0.1081691458821296,0.877824068069458
6816,5.713454447686672e-05,0.0552934035658836,0.4281735718250274,0.5164759159088135
6817,2.523712282709312e-05,0.5387818217277527,0.4608445465564728,0.0003483876935206
6818,3.62397768185474e-05,0.0436477661132812,0.5486178398132324,0.4076981544494629
6819,7.739730790490285e-05,0.1274146437644958,0.7564955949783325,0.1160123646259307
6820,0.0001277005212614,0.1538045406341552,0.757052481174469,0.0890152379870414
6821,5.410004450823181e-05,0.1587696969509124,0.8062991499900818,0.0348770804703235
6822,5.057191083324142e-05,0.730526864528656,0.2687458395957947,0.0006766446749679
6823,4.59575567219872e-05,0.2767426371574402,0.7178158164024353,0.0053956224583089
6824,0.0001875460147857,0.1552472561597824,0.7178560495376587,0.1267091184854507
6825,0.0002188954676967,0.2762936055660248,0.6627939343452454,0.0606936514377594
6826,8.374233584618196e-05,0.2069525122642517,0.7570008635520935,0.0359629541635513
6827,0.0001236723182955,0.2167252153158188,0.7564453482627869,0.0267057865858078
6828,0.0004551070742309,0.2671412229537964,0.6509302258491516,0.0814734771847724
6829,0.0003926308418158,0.0620297789573669,0.2165051996707916,0.7210724353790283
6830,5.4484218708239496e-05,0.0855867862701416,0.6423644423484802,0.2719942331314087
6831,0.0001392198028042,0.0732533410191536,0.3132648169994354,0.6133427023887634
6832,1.500807047705166e-05,0.0111362747848033,0.0761026293039321,0.9127461314201356
6833,0.0005854917690157,0.5159174799919128,0.4697482287883758,0.0137487351894378
6834,0.0001843271456891,0.3603521585464477,0.6324377655982971,0.0070257494226098
6835,5.549798515858129e-05,0.2407096624374389,0.753113865852356,0.0061209453269839
6836,0.0001853264839155,0.121357262134552,0.6875357031822205,0.1909217685461044
6837,2.3845928808441386e-05,0.108389712870121,0.879613995552063,0.0119724506512284
6838,6.96403076290153e-05,0.1340332925319671,0.7359875440597534,0.1299095153808593
6839,3.722069595823996e-05,0.1977957040071487,0.7946165800094604,0.0075504686683416
6840,0.0001205725275212,0.1570196896791458,0.7490990161895752,0.0937607437372207
6841,6.46414773655124e-05,0.5575771927833557,0.4410799145698547,0.0012782295234501
6842,8.668677764944732e-05,0.2584096491336822,0.7361405491828918,0.0053631206974387
6843,0.0001617565285414,0.7949959635734558,0.2041718512773513,0.0006704622064717
6844,2.9840448405593637e-05,0.830879271030426,0.1688033640384674,0.0002875767531804
6845,0.000501018948853,0.2555105090141296,0.642353355884552,0.101635068655014
6846,8.233059816120658e-06,0.003822969738394,0.0310245119035244,0.9651442170143129
6847,0.0001070149883162,0.1965346187353134,0.7652583718299866,0.0380999706685543
6848,0.000153756365762,0.1971301287412643,0.7324272394180298,0.0702889114618301
6849,8.962772699305788e-05,0.6716815829277039,0.3273514807224273,0.0008773576701059
6850,0.0006332340417429,0.143302783370018,0.4414036571979522,0.4146603643894195
6851,0.0006594099686481,0.2619006335735321,0.5810519456863403,0.1563880145549774
6852,0.0007423370261676,0.3727090358734131,0.550828218460083,0.0757204294204711
6853,0.0005117154796607,0.4952256083488464,0.4799891114234924,0.0242735780775547
6854,0.0001987110445043,0.353707879781723,0.6305524706840515,0.0155408401042222
6855,0.0002241393522126,0.2657716870307922,0.7002151012420654,0.033789075911045
6856,0.000706007820554,0.5321210622787476,0.44809091091156,0.019082011654973
6857,8.300870103994384e-05,0.4551218748092651,0.540470540523529,0.0043245805427432
6858,0.0003866281476803,0.5705398917198181,0.4174158871173858,0.011657596565783
6859,0.000446218822617,0.0963564291596412,0.3311028778553009,0.5720944404602051
6860,0.001924501848407,0.2367884516716003,0.5680259466171265,0.1932611018419265
6861,0.0009191883145831,0.1835726946592331,0.5311851501464844,0.2843229472637176
6862,0.0008343874942511,0.5213609337806702,0.4747045338153839,0.0031001253519207
6863,0.0019693984650075,0.3933120369911194,0.4971929788589477,0.1075255200266838
6864,6.364766886690632e-05,0.201967641711235,0.7742210626602173,0.0237476229667663
6865,6.903582834638655e-05,0.0504317171871662,0.5337861776351929,0.4157130718231201
6866,4.518824425758794e-05,0.0216489434242248,0.2942211925983429,0.6840847134590149
6867,0.0001114519982365,0.1696883887052536,0.7724665999412537,0.0577335655689239
6868,6.551835394930094e-05,0.0215731617063283,0.2178812175989151,0.7604801654815674
6869,0.0001400835171807,0.3516401946544647,0.6367381811141968,0.0114814601838588
6870,0.0001488096895627,0.3096795380115509,0.6659156084060669,0.0242559742182493
6871,6.122663035057485e-05,0.2739860117435455,0.721856951713562,0.0040957587771117
6872,0.0001491298899054,0.6885324716567993,0.3103459179401397,0.0009724491392262
6873,8.31348224892281e-05,0.0519461892545223,0.4702824056148529,0.4776882529258728
6874,8.520633855368942e-05,0.0739172026515007,0.5998595952987671,0.3261379897594452
6875,0.0001581217074999,0.1068295687437057,0.6244428157806396,0.2685695290565491
6876,5.506751040229574e-05,0.01785091124475,0.1219888478517532,0.8601051568984985
6877,0.0007009631372056,0.5986637473106384,0.3926132619380951,0.00802209880203
6878,0.001248593442142,0.792460560798645,0.2035207152366638,0.0027701258659362
6879,6.629155541304499e-05,0.3750023245811462,0.6182743310928345,0.0066570891067385
6880,0.0002120884309988,0.4698309898376465,0.5241343379020691,0.0058226073160767
6881,0.0001577184157213,0.4021423161029815,0.5943278074264526,0.0033721684012562
6882,5.46991650480777e-05,0.2409810125827789,0.7539628744125366,0.0050014010630548
6883,0.0002050991170108,0.3766675889492035,0.6113918423652649,0.0117354374378919
6884,0.0001512424641987,0.635796844959259,0.3622660934925079,0.001785822561942
6885,0.000547936593648,0.5471123456954956,0.4465401172637939,0.0057995435781776
6886,8.554126543458551e-05,0.1364889442920684,0.8492627143859863,0.014162796549499
6887,5.044326826464385e-05,0.1306430846452713,0.8518999218940735,0.0174065046012401
6888,3.365618977113627e-05,0.5423663854598999,0.4567182958126068,0.0008816736517474
6889,0.0020893577020615,0.8696637749671936,0.1272599250078201,0.0009869426721706
6890,0.000152743406943,0.5407078862190247,0.4482626020908355,0.0108767673373222
6891,7.94057414168492e-05,0.9509299993515016,0.0488468781113624,0.0001437852188246
6892,0.0001677483378443,0.8914368748664856,0.1081435605883598,0.0002518200781196
6893,0.0003280111413914,0.5399855375289917,0.4547134041786194,0.0049730944447219
6894,0.0023172856308519,0.6629148125648499,0.3281666040420532,0.0066013322211802
6895,0.0019146398408338,0.601561963558197,0.3823760151863098,0.014147381298244
6896,0.0015668129781261,0.6834602952003479,0.3080597221851349,0.0069131031632423
6897,0.000263442256255,0.6409516334533691,0.3539670705795288,0.0048178555443882
6898,4.862227069679648e-05,0.0229329876601696,0.2175821214914322,0.7594362497329712
6899,0.0001276071125175,0.310466468334198,0.6676077842712402,0.0217981655150651
6900,0.0005304738879203,0.1692945957183838,0.5638371109962463,0.2663378119468689
6901,0.0092058023437857,0.8684490323066711,0.1212626546621322,0.001082430477254
6902,0.0002811971935443,0.2364356219768524,0.6735423803329468,0.0897408425807952
6903,0.000281470187474,0.2258274555206298,0.7176781892776489,0.0562128983438015
6904,0.0015623344806954,0.3822906613349914,0.5476061105728149,0.068540945649147
6905,2.466103069309611e-05,0.1736156642436981,0.8154328465461731,0.0109268063679337
6906,7.780662417644635e-05,0.1112852022051811,0.8352417945861816,0.0533952191472053
6907,6.831155042164028e-05,0.2100978791713714,0.7565915584564209,0.0332423113286495
6908,1.718840576359071e-05,0.4030174314975738,0.5956211090087891,0.0013442749623209
6909,9.314888302469626e-05,0.635599672794342,0.3621537387371063,0.0021534450352191
6910,0.0001704984751995,0.6130650639533997,0.3836463391780853,0.0031180912628769
6911,0.0002676526491995,0.4690384864807129,0.5151379704475403,0.0155558194965124
6912,0.0001899197959573,0.750017523765564,0.2473295480012893,0.0024629172403365
6913,0.0003403084992896,0.2952204644680023,0.624981701374054,0.0794574990868568
6914,0.0009850614005699,0.3851753771305084,0.5692522525787354,0.0445872843265533
6915,0.0004979314398951,0.3812030553817749,0.563381552696228,0.054917499423027
6916,0.0007951668230816,0.3158197402954101,0.5900289416313171,0.0933561474084854
6917,0.0001081733425962,0.0596491433680057,0.3653952479362488,0.5748474597930908
6918,5.73757424717769e-05,0.0680328905582428,0.7785952687263489,0.1533144861459732
6919,3.178768383804709e-05,0.0107989469543099,0.1040710285305976,0.8850982189178467
6920,0.0001141504690167,0.0600625947117805,0.5028979182243347,0.4369252920150757
6921,0.000369316083379,0.3864578306674957,0.5711475610733032,0.0420253351330757
6922,0.0002750976127572,0.321137934923172,0.6487165093421936,0.0298704858869314
6923,0.0006683878600597,0.2166673690080642,0.5447016954421997,0.2379625588655471
6924,0.0001175668221549,0.1507317274808883,0.6861708164215088,0.1629798710346222
6925,7.185494905570522e-05,0.0695394575595855,0.6914350986480713,0.2389535903930664
6926,9.57384254434146e-05,0.1135211810469627,0.7287745475769043,0.1576085537672042
6927,3.929484591935761e-05,0.0386274494230747,0.5588259696960449,0.4025072455406189
6928,4.019662083010189e-05,0.1379170566797256,0.8317463994026184,0.0302963610738515
6929,8.233687549363822e-05,0.0610955320298671,0.5980585813522339,0.340763509273529
6930,1.624607466510497e-05,0.0063524842262268,0.0798456892371177,0.9137855768203736
6931,8.377480844501406e-05,0.0427236296236515,0.4117338359355926,0.5454587340354919
6932,4.094026735401712e-05,0.024794178083539,0.2837543189525604,0.6914106011390686
6933,0.0005219129379838,0.7464812994003296,0.2500399053096771,0.0029568381141871
6934,6.684123945888132e-05,0.1327297240495681,0.8004627823829651,0.0667407065629959
6935,0.0001925385586218,0.2507399320602417,0.6815817356109619,0.0674857348203659
6936,0.0003730427997652,0.1787186712026596,0.6336127519607544,0.1872955560684204
6937,7.809295493643731e-05,0.1347295641899109,0.7283411622047424,0.1368512511253357
6938,7.9924582678359e-05,0.123603418469429,0.7224897146224976,0.1538269370794296
6939,8.880253153620288e-05,0.2336115837097168,0.7195743918418884,0.0467252619564533
6940,0.0004304014437366,0.1352281123399734,0.534837543964386,0.3295038640499115
6941,0.0004519681097008,0.3353689908981323,0.6265517473220825,0.0376273579895496
6942,0.0001864581136032,0.2505294382572174,0.6704515218734741,0.0788325816392898
6943,0.0006393229705281,0.341690182685852,0.5903877019882202,0.0672827810049057
6944,0.0002108112093992,0.1800451725721359,0.7346966862678528,0.0850473120808601
6945,4.109781002625823e-05,0.8242299556732178,0.17548868060112,0.0002402259415248
6946,4.194504072074778e-05,0.6251427531242371,0.3732897639274597,0.0015255500329658
6947,3.601766366045922e-05,0.8989741206169128,0.1008620932698249,0.0001276937109651
6948,0.0002663304039742,0.1563320755958557,0.6087194085121155,0.2346822321414947
6949,0.0001015671805362,0.4405241906642914,0.556874692440033,0.0024994991254061
6950,0.0001292366214329,0.4574944376945495,0.534865140914917,0.0075111584737896
6951,0.0001474525779485,0.5556432008743286,0.43954998254776,0.0046593523584306
6952,0.0003763327258639,0.4750135540962219,0.5136121511459351,0.0109980544075369
6953,0.0008483951096422,0.446400374174118,0.5218948721885681,0.0308563075959682
6954,0.0003345050790812,0.9079113602638244,0.0913110449910163,0.0004431472334545
6955,0.0001022033538902,0.0807278975844383,0.5516750812530518,0.3674948513507843
6956,0.0023303756024688,0.911215603351593,0.086090974509716,0.0003630025021266
6957,8.865349082043394e-05,0.2260441035032272,0.7528418302536011,0.0210253782570362
6958,0.0001322452299064,0.2545259594917297,0.7364952564239502,0.0088465521112084
6959,0.0005159915308468,0.307649165391922,0.6312551498413086,0.0605797171592712
6960,0.0003715202910825,0.693047285079956,0.3027699291706085,0.0038113109767436
6961,9.56152071012184e-05,0.1116173565387725,0.6731388568878174,0.2151481062173843
6962,9.247558773495256e-05,0.1836330592632293,0.761137843132019,0.055136639624834
6963,0.0003437524428591,0.2631677091121673,0.6215190291404724,0.1149694621562957
6964,8.291175618069246e-05,0.1452957689762115,0.737872838973999,0.1167484521865844
6965,8.938149403547868e-05,0.1298536956310272,0.5819638967514038,0.2880930006504059
6966,0.0005011882749386,0.1016694232821464,0.2941902279853821,0.6036391854286194
6967,0.0017401217482984,0.4191924333572387,0.4978033006191253,0.0812641605734825
6968,8.241811883635819e-05,0.0189451891928911,0.0822941437363624,0.898678183555603
6969,1.3984119505039416e-05,0.3955064117908478,0.6030752658843994,0.001404304173775
6970,0.0001119110893341,0.435099333524704,0.5586786270141602,0.0061101377941668
6971,2.400820085313171e-05,0.3691729307174682,0.627984344959259,0.0028186705894768
6972,2.463908094796352e-05,0.3092279136180877,0.6860520839691162,0.0046953777782619
6973,0.0001181148181785,0.0388915464282035,0.1798326969146728,0.7811576128005981
6974,8.795224130153656e-05,0.0787212923169136,0.5214110612869263,0.399779736995697
6975,8.380633516935632e-05,0.0933521017432212,0.5542569756507874,0.3523071408271789
6976,7.90752237662673e-05,0.0397017076611518,0.394756555557251,0.5654626488685608
6977,0.0001868758845375,0.2935548424720764,0.6825354099273682,0.023722868412733
6978,0.0001007168539217,0.3621497750282287,0.6257386803627014,0.01201082020998
6979,5.46025185030885e-05,0.1172372698783874,0.8137879371643066,0.0689202323555946
6980,3.93727641494479e-05,0.0341561958193779,0.3970526754856109,0.5687517523765564
6981,0.0004125953128095,0.249875321984291,0.6792314648628235,0.0704805701971054
6982,0.0006993319257162,0.3622629344463348,0.5880107879638672,0.0490269549190998
6983,0.0001376850123051,0.6981704235076904,0.3002793788909912,0.0014124675653874
6984,4.29043393523898e-05,0.7022873759269714,0.2973672151565552,0.0003025050682481
6985,2.997722003783565e-05,0.8478319644927979,0.152007907629013,0.0001302151067648
6986,3.154822115902789e-05,0.1550522148609161,0.8124155402183533,0.0325007140636444
6987,5.0085938710253686e-05,0.1589333713054657,0.8198407292366028,0.0211758241057395
6988,5.6539887737017125e-05,0.4953755140304565,0.5031765103340149,0.0013914078008383
6989,0.000270514487056,0.6897439360618591,0.3060720264911651,0.0039135520346462
6990,3.510209353407845e-05,0.247121587395668,0.7377687692642212,0.0150745129212737
6991,7.866594387451187e-05,0.206945389509201,0.7336851358413696,0.0592908523976802
6992,2.985162973345723e-05,0.6176884174346924,0.3805467784404754,0.0017349596600979
6993,0.0004065225366503,0.2833715975284576,0.6692342162132263,0.0469876155257225
6994,8.666919893585145e-05,0.2793507874011993,0.7133471965789795,0.007215404883027
6995,7.697889668634161e-05,0.1018270626664161,0.8009319305419922,0.0971640720963478
6996,0.0003858128911815,0.8956925868988037,0.1036839410662651,0.0002376924239797
6997,0.0007767877541482,0.2518067359924316,0.5946879982948303,0.1527285128831863
6998,0.0002046950685326,0.1803710460662841,0.5914139151573181,0.2280103862285614
6999,0.0002468240854796,0.6195823550224304,0.3757956922054291,0.0043750619515776
7000,0.0012272007297724,0.2266678661108017,0.5270185470581055,0.2450864017009735
7001,0.0004509712161961,0.1020561456680297,0.319305419921875,0.5781874656677246
7002,0.0001191784394904,0.0223592836409807,0.0843830555677414,0.8931384086608887
7003,0.0003267884603701,0.1238483488559722,0.3935892581939697,0.4822356104850769
7004,0.0030315935146063,0.2771928608417511,0.4789462685585022,0.2408293187618255
7005,0.0003985547518823,0.0659874528646469,0.2130101174116134,0.7206039428710938
7006,0.0002960105775855,0.0564096346497535,0.2231044322252273,0.7201899290084839
7007,0.0009413838852196,0.1583164185285568,0.3680967092514038,0.4726455211639404
7008,0.0007493631565012,0.2839983701705932,0.6400002241134644,0.0752520710229873
7009,0.0003947730001527,0.1804683953523636,0.5646356344223022,0.2545012235641479
7010,0.0002869535528589,0.056419514119625,0.1765210479497909,0.766772449016571
7011,0.0006970966933295,0.0545187033712863,0.1436376571655273,0.8011465072631836
7012,0.0018287588609382,0.2672039866447449,0.4838439524173736,0.2471233308315277
7013,7.740307046333328e-05,0.0122285233810544,0.0461499616503715,0.9415441155433656
7014,3.610174098866992e-05,0.0074388091452419,0.0333384312689304,0.9591867327690125
7015,6.751920591341332e-05,0.0141315078362822,0.0695577189326286,0.9162431955337524
7016,4.5958891860209405e-05,0.0108997737988829,0.0528187938034534,0.93623548746109
7017,0.0004187595623079,0.0977747663855552,0.4052651822566986,0.4965412616729736
7018,0.0002363033127039,0.0778073519468307,0.3379797339439392,0.5839766263961792
7019,7.34625500626862e-05,0.0142199452966451,0.0637293681502342,0.9219772219657898
7020,0.000520730332937,0.0797364711761474,0.2826903164386749,0.6370524764060974
7021,0.0002486023586243,0.0496488101780414,0.2090293020009994,0.7410732507705688
7022,0.0002505960874259,0.0705775544047355,0.3473948836326599,0.5817769169807434
7023,0.0007583857513964,0.1612267643213272,0.4451613426208496,0.3928534984588623
7024,0.0024584846105426,0.364871472120285,0.5065738558769226,0.1260962039232254
7025,0.0001409902906743,0.0403336398303508,0.1865008622407913,0.7730245590209961
7026,0.0003728020237758,0.0721622630953788,0.1871746778488159,0.7402902245521545
7027,0.0001357278815703,0.0332115180790424,0.1233957484364509,0.843256950378418
7028,4.4932075979886577e-05,0.010010621510446,0.0455709993839263,0.944373369216919
7029,0.0009008729248307,0.1358068883419037,0.4249021708965301,0.4383900165557861
7030,0.000132780362037,0.0398079268634319,0.1479043960571289,0.8121548891067505
7031,0.0024446353781968,0.4175987243652344,0.4882223308086395,0.0917342603206634
7032,0.0002469179162289,0.0965489968657493,0.4128877520561218,0.4903163015842438
7033,9.898224379867317e-05,0.0231110341846942,0.1230001077055931,0.8537899255752563
7034,6.204345118021592e-05,0.0142617309466004,0.0609896890819072,0.9246864914894104
7035,0.0003382452996447,0.1030038222670555,0.3484574258327484,0.5482004880905151
7036,0.0005599812138825,0.2641185224056244,0.6045733094215393,0.1307481527328491
7037,7.135920168366283e-05,0.0262120943516492,0.1709243208169937,0.8027922511100769
7038,0.0015540508320555,0.203540489077568,0.4376808106899261,0.3572246730327606
7039,0.0005815157201141,0.2497305870056152,0.6180891394615173,0.1315987706184387
7040,0.0022142415400594,0.2480573654174804,0.4856727123260498,0.2640556693077087
7041,0.0005300506600178,0.0934187769889831,0.2968842387199402,0.6091669201850891
7042,0.0003279672819189,0.1302601546049118,0.5315427780151367,0.3378691375255584
7043,2.112999209202826e-05,0.0056785056367516,0.0242838896811008,0.9700165390968324
7044,0.0016295148525387,0.2827412486076355,0.5119783282279968,0.2036509066820144
7045,0.0003894591063726,0.1114140599966049,0.3888732492923736,0.499323159456253
7046,0.000404650112614,0.2733881175518036,0.666151762008667,0.0600554011762142
7047,7.907079998403788e-05,0.0146046271547675,0.0675311088562011,0.9177851676940918
7048,0.0003277985670138,0.0654652118682861,0.2080480307340622,0.7261589765548706
7049,0.0009506688220426,0.1549589931964874,0.3957016170024872,0.4483886957168579
7050,0.0008999473648145,0.1662231385707855,0.4809825420379638,0.351894348859787
7051,3.694831320899539e-05,0.0065119545906782,0.0269913040101528,0.9664597511291504
7052,0.0001283742894884,0.0240845344960689,0.099827617406845,0.8759595155715942
7053,0.0001140051681431,0.0306379236280918,0.1790855377912521,0.7901624441146851
7054,8.83031971170567e-05,0.0199832804501056,0.0754161179065704,0.9045124053955078
7055,7.049986743368208e-05,0.0126209165900945,0.0454496666789054,0.9418588876724244
7056,0.0004581924586091,0.119346871972084,0.4297845661640167,0.4504103362560272
7057,7.4306211899966e-05,0.0153108891099691,0.0665074735879898,0.9181073307991028
7058,0.0003519167075864,0.127264067530632,0.6071429252624512,0.2652411162853241
7059,0.0001347182987956,0.0596909597516059,0.2984360456466675,0.6417382955551147
7060,9.587171371094882e-05,0.0182699132710695,0.0733968317508697,0.9082373380661012
7061,0.000212261264096,0.0804441049695015,0.4417250156402588,0.4776186347007751
7062,0.0022772813681513,0.1753409504890442,0.3951369225978851,0.4272448718547821
7063,5.019097079639323e-05,0.0085737463086843,0.0308752506971359,0.9605008363723756
7064,0.0001700028951745,0.0801828950643539,0.3885551691055298,0.5310919284820557
7065,7.002081838436425e-05,0.0223463345319032,0.1390435695648193,0.8385400772094727
7066,0.0004868993128184,0.0942477583885192,0.3188360631465912,0.5864292979240417
7067,6.105114880483598e-05,0.0188843160867691,0.1395372599363327,0.8415173888206482
7068,0.0001538403303129,0.0522628054022789,0.179587036371231,0.7679963111877441
7069,0.0001549435837659,0.065508559346199,0.3224444687366485,0.61189204454422
7070,0.0001154722485807,0.0340821892023086,0.1900952011346817,0.7757070660591125
7071,4.4757427531294525e-05,0.0085292551666498,0.0359095111489295,0.9555165767669678
7072,0.0006057753344066,0.1760255098342895,0.5507351160049438,0.2726336419582367
7073,0.0004514489264693,0.1607269495725631,0.5522947907447815,0.2865267693996429
7074,0.0001369223173242,0.0241318736225366,0.0842285081744194,0.8915026783943176
7075,0.0003502483596093,0.1369529366493225,0.5588534474372864,0.3038433492183685
7076,0.0008582439040765,0.2003885060548782,0.511709988117218,0.2870432734489441
7077,0.0001258043339475,0.0271661728620529,0.1275932490825653,0.8451148271560669
7078,0.0003053995897062,0.0974647551774978,0.3915510177612304,0.510678768157959
7079,3.764626308111474e-05,0.0131952045485377,0.0901728644967079,0.8965942859649658
7080,0.0001551206660224,0.0385545082390308,0.1623205542564392,0.7989697456359863
7081,0.0004472420841921,0.136195957660675,0.4753705859184265,0.3879861831665039
7082,0.0009600138291716,0.1589464694261551,0.3872972428798675,0.4527963399887085
7083,0.0014591810759156,0.2378464788198471,0.5035209655761719,0.2571733593940735
7084,0.0001486989494878,0.0505161695182323,0.2409991770982742,0.7083359360694885
7085,0.0022080263588577,0.2847108244895935,0.4843094646930694,0.2287715971469879
7086,7.733763050055131e-05,0.0167002789676189,0.0714180320501327,0.9118043184280396
7087,0.0003251511952839,0.1005756333470344,0.4950506091117859,0.4040485620498657
7088,0.00010870002734,0.036927692592144,0.1483518332242965,0.8146118521690369
7089,0.0002085807209368,0.0924179255962371,0.4077669978141784,0.4996065497398376
7090,0.0002760291390586,0.0397059544920921,0.1242289468646049,0.8357890248298645
7091,0.0022736247628927,0.4540695250034332,0.498697817325592,0.044958971440792
7092,4.7748206270625815e-05,0.0211562700569629,0.1337117403745651,0.8450841903686523
7093,0.0001313658431172,0.0306721739470958,0.1271326243877411,0.842063844203949
7094,0.0002710080589167,0.1720040887594223,0.7018840312957764,0.12584088742733
7095,0.000225124618737,0.063403807580471,0.2547159492969513,0.6816551685333252
7096,0.0014365243259817,0.1971769630908966,0.4443451464176178,0.3570413589477539
7097,0.0002015064819715,0.0541531592607498,0.1980840414762497,0.7475612759590149
7098,0.0001311820087721,0.02832742780447,0.1174139156937599,0.8541274666786194
7099,5.515778320841491e-05,0.0101878177374601,0.043567769229412,0.9461892247200012
7100,4.743901445181109e-05,0.0096233235672116,0.0536745898425579,0.9366546869277954
7101,5.385197800933384e-05,0.011096267029643,0.0505131594836711,0.9383366703987122
7102,6.168103573145345e-05,0.015092852525413,0.0655603632330894,0.9192851185798644
7103,6.057029895600863e-05,0.0108433216810226,0.0577096454799175,0.9313865303993224
7104,0.0010549224680289,0.3162687718868255,0.6001726388931274,0.0825036317110061
7105,0.0004639283579308,0.1901094317436218,0.5764997005462646,0.2329269349575042
7106,0.0001244304148713,0.023344611749053,0.086735762655735,0.889795184135437
7107,0.0002625944616738,0.0470097735524177,0.2173710018396377,0.7353566288948059
7108,0.0004001225170213,0.0877630487084388,0.2833026051521301,0.6285342574119568
7109,0.0010379520244896,0.270358681678772,0.5905176401138306,0.1380857080221176
7110,5.658566442434676e-05,0.016964541748166,0.0991615504026413,0.8838173151016235
7111,4.750220978166908e-05,0.0127658154815435,0.0638250634074211,0.923361599445343
7112,7.538797945016995e-05,0.0170605294406414,0.1078258603811264,0.875038206577301
7113,7.406871009152383e-05,0.0205371994525194,0.1590331643819809,0.8203555345535278
7114,3.695944542414509e-05,0.0070432238280773,0.0261687524616718,0.9667510390281676
7115,4.576248466037214e-05,0.0108531937003135,0.0568666607141494,0.9322344064712524
7116,0.0004751986125484,0.2276598215103149,0.4972547590732574,0.2746101319789886
7117,0.0001093158352887,0.0236056465655565,0.0904896929860115,0.8857953548431396
7118,8.025579154491425e-05,0.0236878842115402,0.1280554831027984,0.8481764197349548
7119,8.769831038080156e-05,0.0147485882043838,0.0583317950367927,0.9268319606781006
7120,0.0025333706289529,0.2974290549755096,0.5139113068580627,0.1861263364553451
7121,0.0010939327767118,0.308093786239624,0.5938662886619568,0.096946008503437
7122,0.0005222157342359,0.1517448425292968,0.521430253982544,0.326302707195282
7123,0.0004308051720727,0.1533772647380828,0.495107889175415,0.3510840535163879
7124,3.4881173633039e-05,0.0062444428913295,0.0224871039390563,0.9712335467338562
7125,0.0002232954429928,0.0712621584534645,0.3852395713329315,0.5432749390602112
7126,9.07321009435691e-05,0.0225510373711586,0.1042749360203743,0.8730832934379578
7127,0.0001422641071258,0.0312042664736509,0.1512115597724914,0.8174419403076172
7128,0.0003799988189712,0.1212722286581993,0.5435044169425964,0.3348433673381805
7129,0.000679432589095,0.3154902756214142,0.617699921131134,0.0661303475499153
7130,0.0005210079252719,0.1142781153321266,0.4115312695503235,0.4736695885658264
7131,0.0005920333787798,0.1591039448976516,0.6391777992248535,0.201126217842102
7132,0.0003021832089871,0.0774903297424316,0.2834478616714477,0.6387596130371094
7133,0.0005457892548292,0.1090005189180374,0.3864403963088989,0.5040132999420166
7134,0.0019604223780333,0.2608081102371216,0.5106374621391296,0.226594015955925
7135,9.38277953537181e-05,0.02857281640172,0.1363132894039154,0.835020124912262
7136,0.0004678221303038,0.094900868833065,0.2661560773849487,0.638475239276886
7137,0.0002492229104973,0.0572880767285823,0.1878403723239898,0.7546223998069763
7138,0.0006277146749198,0.0931610986590385,0.2695706188678741,0.6366406083106995
7139,0.0002647207293193,0.0871643349528312,0.3786245882511139,0.5339462757110596
7140,0.0007646724116057,0.1930486410856247,0.4777999818325043,0.3283868134021759
7141,0.0001470331626478,0.0414102263748645,0.1770890802145004,0.7813536524772644
7142,0.0007483597728423,0.2748920917510986,0.6492082476615906,0.0751513093709945
7143,0.0001615992659935,0.0631879940629005,0.4318115711212158,0.5048388242721558
7144,0.0007139602093957,0.1318707019090652,0.3998930156230926,0.4675222635269165
7145,0.0001630451297387,0.0553898774087429,0.2482402026653289,0.69620680809021
7146,0.0004979530349373,0.1317459493875503,0.4744353890419006,0.393320769071579
7147,0.0020286017097532,0.2308393120765686,0.4886868000030517,0.2784453332424164
7148,0.0005140799912624,0.2424689382314682,0.6907296776771545,0.0662873163819313
7149,3.1428025977220386e-05,0.0070019927807152,0.0318749323487281,0.961091697216034
7150,0.0006079976446926,0.1312909424304962,0.3568857610225677,0.5112152695655823
7151,0.002275614766404,0.2432586252689361,0.5149785280227661,0.2394872605800628
7152,9.174797014566138e-05,0.0358749814331531,0.1969923973083496,0.7670409083366394
7153,7.477301551261917e-05,0.0171878356486558,0.0872870236635208,0.8954504132270813
7154,0.0003087415825575,0.0597622618079185,0.2118756175041198,0.7280533909797668
7155,0.0010847898665815,0.2416852563619613,0.4959059357643127,0.2613240778446197
7156,0.0001167267473647,0.0205725021660327,0.0907701402902603,0.8885406255722046
7157,0.0034210698213428,0.2116541117429733,0.4769698977470398,0.3079549074172973
7158,5.9739391872426495e-05,0.0105287684127688,0.0416420847177505,0.9477694630622864
7159,0.0004601064138114,0.1295837610960006,0.4383762180805206,0.4315798580646515
7160,0.0006825046148151,0.1095234826207161,0.2977156937122345,0.5920783281326294
7161,0.0008041599649004,0.1877606362104416,0.4870140254497528,0.3244212865829468
7162,0.0009523277985863,0.2258574664592743,0.5251343250274658,0.2480559051036834
7163,0.0003466248163022,0.0835013389587402,0.2695456147193908,0.6466063857078552
7164,3.573228605091572e-05,0.0088810911402106,0.0417124405503273,0.949370801448822
7165,0.0001281267323065,0.0193151477724313,0.0643292590975761,0.916227400302887
7166,0.0002316856116522,0.0524311624467372,0.1888118684291839,0.7585252523422241
7167,0.0007562013342976,0.1711306720972061,0.4302224516868591,0.3978907167911529
7168,0.000235198662267,0.0500013642013073,0.1916748136281967,0.7580885887145996
7169,0.0002979724959004,0.1643085479736328,0.6810399293899536,0.1543535888195037
7170,0.0001545842387713,0.0378255173563957,0.1405388414859771,0.8214810490608215
7171,0.0001252187939826,0.0283373966813087,0.1036538928747177,0.8678834438323975
7172,0.0009373273933306,0.1527843475341797,0.3901484906673431,0.456129789352417
7173,0.0002257733867736,0.0755108594894409,0.3834757804870605,0.5407875776290894
7174,0.0003898872237186,0.0606413669884204,0.211659163236618,0.7273096442222595
7175,0.0003880189033225,0.183011457324028,0.5816092491149902,0.2349913716316223
7176,0.0001895483146654,0.0402964614331722,0.1750398427248001,0.7844741344451904
7177,9.813838551053776e-05,0.0222090147435665,0.1043106317520141,0.8733822107315063
7178,0.000337498524459,0.04931266233325,0.1668225675821304,0.7835272550582886
7179,0.0006874449318274,0.1269732564687729,0.3293435573577881,0.5429957509040833
7180,0.0010207422310486,0.2617539763450622,0.5628594756126404,0.1743657290935516
7181,4.610475298250094e-05,0.0083836698904633,0.0375729985535144,0.9539971947669984
7182,0.0007712991791777,0.1058683171868324,0.3210416734218597,0.5723186731338501
7183,5.990354475216009e-05,0.0131392693147063,0.0511611476540565,0.9356396198272704
7184,0.0006672253366559,0.1557882130146026,0.518854022026062,0.3246905505657196
7185,3.443138848524541e-05,0.0068763517774641,0.0343795977532863,0.9587096571922302
7186,0.0024540692102164,0.4393285512924194,0.4978244602680206,0.0603929609060287
7187,0.0004705005849245,0.1115855798125267,0.3956052362918854,0.4923386573791504
7188,0.0001991767057916,0.0472374558448791,0.2020089775323867,0.7505543828010559
7189,7.655442459508777e-05,0.0124783692881464,0.0415593162178993,0.9458856582641602
7190,0.0005156535771675,0.1521976441144943,0.4335707128047943,0.4137160778045654
7191,9.177995525533332e-05,0.0279492028057575,0.1292358040809631,0.8427232503890991
7192,0.0002100116689689,0.1375218629837036,0.5271751880645752,0.3350929319858551
7193,2.8644850317505188e-05,0.0064824172295629,0.0314128920435905,0.9620760083198548
7194,0.0004415864532347,0.1150214448571205,0.4077864289283752,0.4767506122589111
7195,0.0003379545523785,0.0605007670819759,0.2247876226902008,0.7143736481666565
7196,0.0005621705204248,0.1312593072652816,0.4171412587165832,0.4510372281074524
7197,4.18829768022988e-05,0.008234841749072,0.0399049036204814,0.9518182873725892
7198,0.0007710305508226,0.2039954513311386,0.4743036329746246,0.3209299147129059
7199,7.991147867869586e-05,0.0327462740242481,0.1357295364141464,0.831444263458252
7200,4.374537456897088e-05,0.0083363922312855,0.0430023856461048,0.948617458343506
7201,5.5487642384832725e-05,0.0116133475676178,0.0512404926121234,0.9370906949043274
7202,4.954107498633675e-05,0.0105320373550057,0.056052953004837,0.9333654642105104
7203,0.0004400770121719,0.1060138195753097,0.3877824544906616,0.5057636499404907
7204,5.046957085141912e-05,0.0188307333737611,0.1153522357344627,0.8657665848731995
7205,0.0004799043235834,0.0859126821160316,0.2687969803810119,0.6448104381561279
7206,0.0006666588596999,0.0974070057272911,0.2862951159477234,0.6156312227249146
7207,6.175946327857673e-05,0.0226858630776405,0.1899464130401611,0.7873059511184692
7208,0.0008881869725883,0.1948153227567672,0.5295628905296326,0.2747336328029632
7209,0.0012902470771223,0.2617353200912475,0.5806851387023926,0.1562892943620681
7210,0.0002619210863485,0.0611550770699977,0.2495509088039398,0.6890321373939514
7211,0.0007464023656211,0.2616177499294281,0.6178584694862366,0.1197773292660713
7212,0.000127754145069,0.0221669487655162,0.0641421899199485,0.9135630130767822
7213,0.0005745164235122,0.172241672873497,0.4682013392448425,0.3589824438095093
7214,0.0001796473952708,0.0258417315781116,0.0771491602063179,0.8968294262886047
7215,0.0008743666694499,0.1917839497327804,0.4600658118724823,0.3472758829593658
7216,1.833348323998507e-05,0.0046284585259854,0.0266349371522665,0.9687182307243348
7217,4.683878432842903e-05,0.01319161336869,0.061957973986864,0.9248035550117492
7218,5.971426435280591e-05,0.0121134407818317,0.0551435947418212,0.9326832294464112
7219,0.0002269933174829,0.0860273540019989,0.3349697887897491,0.5787758827209473
7220,0.0002103739388985,0.0539472326636314,0.2782809734344482,0.6675613522529602
7221,0.0003620741190388,0.1119966208934784,0.4161179065704345,0.4715233445167541
7222,0.0003201564541086,0.0735933408141136,0.3737378120422363,0.5523486733436584
7223,0.0014424488181248,0.2425825744867324,0.4977471232414245,0.2582277953624725
7224,7.549433939857408e-05,0.0248579420149326,0.1646467596292495,0.8104197382926941
7225,0.0013475586893036,0.1582094132900238,0.3297367393970489,0.5107062458992004
7226,0.000202477138373,0.0687857493758201,0.308276355266571,0.6227353811264038
7227,4.386067303130403e-05,0.0099258041009306,0.0536583885550498,0.9363719820976256
7228,3.697118881973438e-05,0.0063155107200145,0.0265892948955297,0.9670581817626952
7229,9.763808338902892e-05,0.02279719337821,0.0944917276501655,0.8826134204864502
7230,0.000368601467926,0.0901938006281852,0.2735093235969543,0.635928213596344
7231,3.964005372836255e-05,0.010165094397962,0.0603529512882232,0.9294424057006836
7232,0.0003124682989437,0.060483630746603,0.1670006662607193,0.7722032070159912
7233,9.113684791373088e-05,0.0163153577595949,0.0645284876227378,0.9190650582313538
7234,8.924954454414546e-05,0.024746423587203,0.1296619921922683,0.8455023765563965
7235,0.0004651389608625,0.1330640912055969,0.4501500427722931,0.4163207113742828
7236,5.757858889410272e-05,0.0143108861520886,0.0863056927919387,0.8993259072303772
7237,0.0145917423069477,0.4198220372200012,0.4610843062400818,0.1045019626617431
7238,8.187115599866956e-05,0.0163506288081407,0.0767951384186744,0.9067723155021667
7239,3.714816557476297e-05,0.0096761034801602,0.0630961135029792,0.9271906614303588
7240,5.309531843522564e-05,0.0131965903565287,0.0759411379694938,0.9108092784881592
7241,0.000804292561952,0.1581363826990127,0.4435044527053833,0.3975548148155212
7242,0.0004771525855176,0.1386504620313644,0.4270734786987304,0.4337989091873169
7243,0.00107999634929,0.2026200592517852,0.5014894604682922,0.2948104441165924
7244,0.0028914576396346,0.2407203316688537,0.4568068981170654,0.2995812594890594
7245,0.0002212796534877,0.0673849806189537,0.262380838394165,0.6700129508972168
7246,2.7208563551539555e-05,0.0050255078822374,0.0221735797822475,0.9727737307548524
7247,0.0004051912110298,0.1039051860570907,0.4443461298942566,0.4513435363769531
7248,5.730011253035627e-05,0.0146937519311904,0.0618630014359951,0.9233859777450562
7249,0.0001252725924132,0.0482242405414581,0.2648032009601593,0.6868472099304199
7250,5.815489566884935e-05,0.0227395296096801,0.1371369212865829,0.8400654792785645
7251,8.322585199493915e-05,0.0278352387249469,0.1327944993972778,0.8392869830131531
7252,0.0009413542575202,0.1375433653593063,0.3738816380500793,0.4876335561275482
7253,4.099838770343922e-05,0.0105134192854166,0.0577300265431404,0.931715488433838
7254,0.0010314099490642,0.577698290348053,0.4096494317054748,0.0116208596155047
7255,0.0003433453093748,0.0937241986393928,0.4071193635463714,0.4988130629062652
7256,4.108790017198771e-05,0.0070187379606068,0.0295499917119741,0.9633901715278624
7257,0.0004461862263269,0.1041785329580307,0.3579814732074737,0.5373938083648682
7258,0.0002025343565037,0.0495585277676582,0.1870319247245788,0.7632070183753967
7259,0.0001826289662858,0.0592017658054828,0.2415801882743835,0.6990354061126709
7260,0.0004281200526747,0.1454414129257202,0.4768840670585632,0.3772463500499725
7261,0.0019161056261509,0.2713527977466583,0.5312829613685608,0.195448100566864
7262,0.0011711467523127,0.1374978721141815,0.4104928374290466,0.450838178396225
7263,0.0002085265587083,0.0697425901889801,0.3275648653507232,0.6024840474128723
7264,0.0002240261092083,0.0889773890376091,0.3987690210342407,0.5120295882225037
7265,8.30434582894668e-05,0.0165847521275281,0.0635758563876152,0.919756293296814
7266,0.0003835730021819,0.1431151777505874,0.6514982581138611,0.2050030082464218
7267,0.0025829966180026,0.2985537946224212,0.499983549118042,0.1988797187805175
7268,0.0002830195589922,0.0382449217140674,0.1178026497364044,0.8436694741249084
7269,6.437552656279877e-05,0.01049321051687,0.0448737628757953,0.9445686340332032
7270,7.997135980986059e-05,0.0152398431673645,0.0850010216236114,0.8996791839599609
7271,0.0004595638019964,0.1537030339241027,0.4884672462940216,0.3573702573776245
7272,6.468356878031045e-05,0.0206430125981569,0.1151374876499176,0.8641547560691833
7273,0.0001465356326662,0.0393802113831043,0.1938361823558807,0.7666370272636414
7274,9.727274300530552e-05,0.0223597753793001,0.0843849033117294,0.8931580185890198
7275,0.0001601179683348,0.0340398102998733,0.1410910785198211,0.8247090578079224
7276,0.0006716285133734,0.1617941856384277,0.5305027365684509,0.3070314526557922
7277,7.62459821999073e-05,0.0140828732401132,0.0583718903362751,0.9274690747261048
7278,6.22527368250303e-05,0.0157162826508283,0.0849614217877388,0.8992600440979004
7279,6.228883285075426e-05,0.0122469505295157,0.0593470223248004,0.928343653678894
7280,0.0022207819856703,0.170990765094757,0.3619874119758606,0.464801013469696
7281,0.0002046235313173,0.0995755344629287,0.4676834046840668,0.4325364232063293
7282,0.0001724218163872,0.0259926468133926,0.0717680007219314,0.9020668864250184
7283,0.0002010887692449,0.0407922118902206,0.177193284034729,0.7818134427070618
7284,0.0006207330152392,0.0980664938688278,0.3369790613651275,0.5643337368965149
7285,6.276451313169673e-05,0.010555368848145,0.0392179526388645,0.950163960456848
7286,0.0001177334052044,0.0915529578924179,0.3976878821849823,0.51064133644104
7287,7.671057392144576e-05,0.0219448897987604,0.1149829998612403,0.8629953265190125
7288,7.412684499286115e-05,0.0128619400784373,0.0567495338618755,0.930314302444458
7289,0.0014101032866165,0.2028390765190124,0.4716149866580963,0.3241359293460846
7290,0.000102194797364,0.0306382868438959,0.1790876686573028,0.7901718616485596
7291,0.0001353456027572,0.0283273085951805,0.1174134314060211,0.8541238903999329
7292,0.0003172186552546,0.2585169076919555,0.6918270587921143,0.0493388101458549
7293,0.0004681095888372,0.0906106755137443,0.3874927461147308,0.5214284658432007
7294,0.000174587679794,0.037115953862667,0.11795424669981,0.8447551727294922
7295,0.0002360990329179,0.0605440400540828,0.2016424387693405,0.7375773787498474
7296,0.0001537321368232,0.0316767059266567,0.1252837926149368,0.8428858518600464
7297,0.0002981587022077,0.0907964929938316,0.4757395982742309,0.4331658482551574
7298,0.000505868170876,0.1257311701774597,0.5211411714553833,0.3526217639446258
7299,0.0003184410161338,0.1389073431491851,0.5757548809051514,0.2850193381309509
7300,5.458799205371179e-05,0.0107328444719314,0.0380512401461601,0.95116126537323
7301,0.0001897155161714,0.0526028536260128,0.275619238615036,0.6715881824493408
7302,0.0008189742220565,0.2003963738679886,0.5117300748825073,0.2870545387268066
7303,0.0001287736813537,0.0265339817851781,0.108275219798088,0.8650620579719543
7304,0.0004503424279391,0.1210257038474083,0.4358303248882293,0.4426936507225036
7305,0.0034525445662438,0.2617098391056061,0.4382815062999725,0.2965561151504516
7306,0.0004217115056235,0.1206406280398368,0.4771429300308227,0.4017946422100067
7307,0.0006747154402546,0.1703381687402725,0.5006517171859741,0.3283354043960571
7308,0.0001004338046186,0.0234499555081129,0.1101390272378921,0.8663106560707092
7309,0.0001564775157021,0.0354113392531871,0.1197950169444084,0.8446370959281921
7310,0.0002351295115659,0.0672644078731536,0.2205515056848526,0.7119489908218384
7311,5.571067231358029e-05,0.021783797070384,0.1215002611279487,0.8566602468490601
7312,0.0001526345295133,0.0391408242285251,0.1867304444313049,0.7739761471748352
7313,0.000109161803266,0.024703649803996,0.1178545206785202,0.8573326468467712
7314,0.0003904053592123,0.122661717236042,0.3605228066444397,0.5164251327514648
7315,0.0001405398361384,0.0343889631330966,0.274749755859375,0.690720796585083
7316,0.0017759726615622,0.192837581038475,0.427828848361969,0.377557635307312
7317,0.0019501709612086,0.3178777992725372,0.5323451161384583,0.1478269100189209
7318,0.0005761891370639,0.109802208840847,0.2675497829914093,0.6220718622207642
7319,0.0004551827732939,0.1752246469259262,0.5070292949676514,0.3172908425331116
7320,0.0005917379749007,0.1948409676551818,0.5464449524879456,0.2581223547458648
7321,0.0009223239030689,0.2517700791358948,0.5946013331413269,0.1527062654495239
7322,4.8633792175678536e-05,0.0152802839875221,0.0826044380664825,0.9020666480064392
7323,0.0037407549098134,0.2581813633441925,0.4675061106681824,0.2705717980861664
7324,5.002555190003477e-05,0.0088167525827884,0.0337980687618255,0.9573352336883544
7325,8.447185973636806e-05,0.0171356834471225,0.0617079697549343,0.9210718870162964
7326,4.584149428410456e-05,0.0103740692138671,0.0410302430391311,0.9485498666763306
7327,7.926786202006042e-05,0.03299405798316,0.1549655050039291,0.8119611740112305
7328,4.273000013199635e-05,0.0080166533589363,0.0359281487762928,0.956012487411499
7329,0.0003467126516625,0.1234382539987564,0.4586287438869476,0.4175862371921539
7330,0.0001710887590888,0.0387179069221019,0.1461198627948761,0.8149911165237427
7331,4.39898249169346e-05,0.0102710369974374,0.0505558215081691,0.9391291737556458
7332,7.44156350265257e-05,0.0260830521583557,0.1366654187440872,0.8371771574020386
7333,0.0001650602644076,0.0290910433977842,0.1205790266394615,0.8501649498939514
7334,0.000636387092527,0.1557187885046005,0.4872009754180908,0.356443852186203
7335,0.000103632446553,0.0179815310984849,0.1018723100423812,0.8800424933433533
7336,0.0004037437902297,0.0928072929382324,0.3557667136192322,0.5510222315788269
7337,0.0001383032649755,0.0267709828913211,0.1402699202299118,0.8328208327293396
7338,0.0001924726384459,0.0323689244687557,0.1061336025595665,0.8613050580024719
7339,0.0013420577161014,0.2222002446651458,0.4631051123142242,0.3133526146411896
7340,0.0008191977976821,0.1853869557380676,0.4884295761585235,0.3253642618656158
7341,0.0004934981116093,0.1245881915092468,0.389801949262619,0.4851163625717163
7342,0.0003341750998515,0.1480662524700164,0.5332070589065552,0.3183924853801727
7343,0.0005805183318443,0.1634964346885681,0.437539130449295,0.3983839154243469
7344,0.0001318184367846,0.0317548401653766,0.1491451859474182,0.8189681172370911
7345,0.0004250425263307,0.1274289488792419,0.4734559953212738,0.3986899256706238
7346,0.0005901746335439,0.1688335239887237,0.5200439095497131,0.3105323910713196
7347,0.0001928381971083,0.0708345025777816,0.3889579772949219,0.5400146245956421
7348,0.00052617728943,0.1370550841093063,0.5013266801834106,0.3610920906066894
7349,0.000154571753228,0.0449152775108814,0.1832823902368545,0.7716476917266846
7350,8.571796206524596e-05,0.0160817019641399,0.0779296904802322,0.905902862548828
7351,0.0015199804911389,0.2401341199874878,0.5327607989311218,0.2255851179361343
7352,0.0003311526379548,0.0849191099405288,0.2872776389122009,0.6274720430374146
7353,0.0005800232174806,0.1583310067653656,0.5110988020896912,0.3299901783466339
7354,0.0002129793283529,0.0701274871826171,0.3046199381351471,0.6250395178794861
7355,5.3348790970630944e-05,0.0085610337555408,0.0323090031743049,0.9590766429901124
7356,0.0001376246364088,0.0242556519806385,0.0795312151312828,0.8960754871368408
7357,8.710266411071643e-05,0.0300565995275974,0.1574852913618087,0.812371015548706
7358,0.0009431557264178,0.1178722232580185,0.300997257232666,0.5801873803138733
7359,0.0006339309038594,0.1347686499357223,0.4086808860301971,0.4559164941310882
7360,0.0002988216292578,0.0999421626329422,0.4919325411319732,0.4078264236450195
7361,0.0005531188216991,0.2096244394779205,0.5522868633270264,0.2375356256961822
7362,0.0005815728218294,0.203844204545021,0.5716952085494995,0.2238790392875671
7363,0.000144916208228,0.0280510298907756,0.1126910895109176,0.8591129183769226
7364,0.000133347522933,0.0311348717659711,0.1005045920610427,0.8682271838188171
7365,0.0004068865382578,0.1318980455398559,0.4977779686450958,0.3699171543121338
7366,0.0001998441875912,0.0399112291634082,0.1706786900758743,0.7892102599143982
7367,0.0001790656242519,0.0617903359234333,0.3041427135467529,0.6338878273963928
7368,0.000233735598158,0.0545741505920887,0.2484360188245773,0.6967560052871704
7369,0.0001824657229008,0.0783594772219657,0.3051129281520843,0.6163450479507446
7370,0.000696100119967,0.120782122015953,0.3778938055038452,0.5006279349327087
7371,5.278641401673667e-05,0.0158255156129598,0.1064710989594459,0.8776505589485168
7372,0.0001219223049702,0.0205041784793138,0.0798383206129074,0.8995356559753418
7373,0.0007364506018348,0.1200414225459098,0.3065365254878998,0.5726855993270874
7374,0.0001008433391689,0.027527566999197,0.1292906552553177,0.8430809378623962
7375,0.0003030074876733,0.0718623325228691,0.2670009434223175,0.6608337163925171
7376,3.0082042940193787e-05,0.0071343639865517,0.0437032841145992,0.949132204055786
7377,2.3439779397449456e-05,0.0038808500394225,0.0163389891386032,0.9797566533088684
7378,0.0007601012475788,0.1889195591211319,0.4461683332920074,0.3641519844532013
7379,9.89988839137368e-05,0.0185733586549758,0.0723201930522918,0.9090074300765992
7380,0.0001219646728713,0.0863558128476142,0.5719783306121826,0.3415438532829284
7381,0.0008114504162222,0.1452662199735641,0.4269611537456512,0.4269611537456512
7382,0.0002286120288772,0.0550722554326057,0.2078405171632766,0.7368586659431458
7383,0.0014008732978254,0.2468968778848648,0.5563907027244568,0.1953115165233612
7384,0.0001330873201368,0.0320605114102363,0.1788191944360733,0.7889872789382935
7385,0.000197148809093,0.0546638965606689,0.3096920847892761,0.6354469060897827
7386,0.0001031787833198,0.0222804136574268,0.1014263555407524,0.8761900067329407
7387,7.726716285105795e-05,0.0129943396896123,0.0759548395872116,0.9109735488891602
7388,0.0007072011358104,0.1813510805368423,0.5414143204689026,0.2765274047851562
7389,0.0002098929981002,0.0453242696821689,0.1878638863563537,0.7666019201278687
7390,0.0001963803661055,0.0755974948406219,0.3388044834136963,0.5854016542434692
7391,4.303884270484559e-05,0.0135224014520645,0.0676077529788017,0.9188268780708312
7392,5.0401795306243e-05,0.0216449350118637,0.1000851616263389,0.8782194256782532
7393,5.881007746211253e-05,0.0158047098666429,0.0938368812203407,0.8902995586395264
7394,0.000229611468967,0.0579675510525703,0.1900682747364044,0.7517346143722534
7395,0.0002553175436332,0.1223184391856193,0.5396942496299744,0.3377320468425751
7396,0.0001349109661532,0.0356940813362598,0.138984128832817,0.8251867890357971
7397,0.0004957861965522,0.1849830895662307,0.5878750681877136,0.2266460359096527
7398,2.302375105500687e-05,0.0061874375678598,0.0314223989844322,0.9623671770095824
7399,9.919338481267914e-05,0.0283766333013772,0.1291779726743698,0.84234619140625
7400,0.0002577317354734,0.0946715921163559,0.424288660287857,0.4807820320129394
7401,0.0003059155715163,0.1159378066658973,0.3801454305648803,0.5036108493804932
7402,0.0001667465112404,0.0383294858038425,0.191635400056839,0.7698683738708496
7403,0.0005630544619634,0.2201636433601379,0.5449102520942688,0.2343629896640777
7404,0.0002114517701556,0.0402955748140811,0.1750359982252121,0.7844569087028503
7405,8.855417399900034e-05,0.0282610394060611,0.1327356100082397,0.8389148116111755
7406,0.0017796921310946,0.2560032904148102,0.5091233253479004,0.2330936640501022
7407,0.0005074368673376,0.0982231572270393,0.3271330296993255,0.5741363763809204
7408,0.0002490138285793,0.075830690562725,0.2688431441783905,0.6550772190093994
7409,0.0004461508942767,0.0837031826376915,0.2876234054565429,0.6282272338867188
7410,0.0004214374639559,0.3226412236690521,0.5403224229812622,0.13661490380764
7411,0.0001983830297831,0.0541533306241035,0.1980846524238586,0.7475636005401611
7412,4.415963121573441e-05,0.0085478583350777,0.0338074378669261,0.9576005935668944
7413,0.0001661309797782,0.0453493706882,0.233929842710495,0.7205546498298645
7414,0.0033847936429083,0.21270751953125,0.4645959138870239,0.3193117976188659
7415,0.0002530460478737,0.0628933906555175,0.2606858611106872,0.6761676669120789
7416,0.0002876627549994,0.0849050506949424,0.3865103125572204,0.5282970070838928
7417,0.0005571627407334,0.1260876357555389,0.433266133069992,0.4400890469551086
7418,0.0001431770651834,0.0304383058100938,0.1594852954149246,0.8099332451820374
7419,0.0003173590230289,0.0907881185412406,0.3168816566467285,0.592012882232666
7420,8.535966480849311e-05,0.0141327297315001,0.0550294443964958,0.9307525157928468
7421,0.0010536460904404,0.2498864382505417,0.6088863015174866,0.1401735991239547
7422,0.0026869375724345,0.320426195859909,0.5712214708328247,0.1056653559207916
7423,0.0001756948040565,0.0345443226397037,0.1283477246761322,0.8369322419166565
7424,0.0005967344040982,0.124894194304943,0.4031634032726288,0.4713457524776459
7425,6.817666144343093e-05,0.0283775124698877,0.1291819810867309,0.8423722982406616
7426,0.0007440783083438,0.2265897393226623,0.5877290368080139,0.1849371492862701
7427,0.0007063433877192,0.1264499276876449,0.4772169888019562,0.3956267833709717
7428,0.0010663897264748,0.3403259515762329,0.5611026287078857,0.097505010664463
7429,0.0009967701043933,0.2186319679021835,0.5582963228225708,0.2220749258995056
7430,0.0001213183932122,0.0431923419237136,0.1790272742509842,0.7776590585708618
7431,0.0001791686227079,0.0346811786293983,0.1248917058110237,0.8402479887008667
7432,0.0001029125269269,0.0229283478111028,0.0892774611711502,0.8876912593841553
7433,0.0001960828958544,0.0385529287159442,0.1623139083385467,0.7989370226860046
7434,0.0006987220840528,0.1683210134506225,0.4575439095497131,0.3734364509582519
7435,0.0002798342320602,0.1027904227375984,0.406544029712677,0.4903856813907623
7436,0.000101258563518,0.0236425250768661,0.1163725852966308,0.8598836064338684
7437,0.0003987470699939,0.0975701808929443,0.3405534327030182,0.5614776611328125
7438,0.0002003736881306,0.0490298233926296,0.230281800031662,0.7204880118370056
7439,5.790046998299658e-05,0.009890703484416,0.0422971732914447,0.9477542638778688
7440,0.0001298774295719,0.0333051122725009,0.1469490528106689,0.8196159601211548
7441,0.0006059475708752,0.1529770791530609,0.396792322397232,0.449624627828598
7442,0.0002084611769532,0.0422877557575702,0.1595923155546188,0.7979114055633545
7443,8.252784755313769e-05,0.0228826869279146,0.1316807717084884,0.8453540205955505
7444,0.0017999378032982,0.4137459397315979,0.4990728497505188,0.0853812992572784
7445,0.0001883722870843,0.0506234541535377,0.2823549807071686,0.666833221912384
7446,0.0004652912321034,0.1020571738481521,0.3791884183883667,0.5182891488075256
7447,0.0001200238402816,0.0271617602556943,0.1009181812405586,0.8718000054359436
7448,0.0005131811485625,0.1041022464632988,0.3413381278514862,0.5540464520454407
7449,0.0039251260459423,0.3118113875389099,0.4829429090023041,0.201320543885231
7450,8.420893573202193e-05,0.0206052456051111,0.1167366728186607,0.8625738024711609
7451,0.0006409650668501,0.1891839355230331,0.5305793881416321,0.2795957028865814
7452,0.0004625362344086,0.0895318612456321,0.3076521158218384,0.602353572845459
7453,0.0001823748025344,0.0691175460815429,0.3049609065055847,0.6257391571998596
7454,6.556885637110099e-05,0.013301083818078,0.0686122104525566,0.9180212020874025
7455,0.0001833705173339,0.0377837307751178,0.1541811972856521,0.8078517317771912
7456,0.0003715174098033,0.1386170983314514,0.50704026222229,0.3539711534976959
7457,0.0008500325493514,0.3825633525848388,0.5479967594146729,0.0685898438096046
7458,0.0003081766772083,0.1243273392319679,0.4547705352306366,0.4205939769744873
7459,0.000403574318625,0.0927683338522911,0.435711532831192,0.4711164832115173
7460,0.0001266099425265,0.0457861088216304,0.1674786210060119,0.7866085767745972
7461,0.0016799157019704,0.1420591622591018,0.320135235786438,0.536125659942627
7462,0.0006547220400534,0.1932443529367447,0.5419671535491943,0.2641336917877197
7463,0.0003351767372805,0.0712559074163436,0.2731517851352691,0.6552571058273315
7464,0.0001450340496376,0.0285159405320882,0.0979873314499855,0.8733516335487366
7465,6.743755511706695e-05,0.0145624568685889,0.0558236017823219,0.9295464158058168
7466,0.0005817659548483,0.223953366279602,0.5808908343315125,0.1945740580558776
7467,0.0006550385733135,0.256130963563919,0.6241020560264587,0.1191119626164436
7468,2.965423664136324e-05,0.0078457705676555,0.041756272315979,0.9503684043884276
7469,0.0002400734956609,0.051037710160017,0.1987285614013672,0.7499936819076538
7470,0.0005033043562434,0.1462496072053909,0.436620682477951,0.4166263937950134
7471,0.0012272763997316,0.1938912272453308,0.4369406104087829,0.3679409027099609
7472,0.0003008509229402,0.0945245400071144,0.3351185917854309,0.5700559616088867
7473,0.000110841152491,0.0293258056044578,0.1399055868387222,0.8306577205657959
7474,0.0002341267972951,0.0572889409959316,0.1878432184457779,0.7546337842941284
7475,0.0029496848583221,0.26552215218544,0.4660059213638305,0.26552215218544
7476,2.048984242719598e-05,0.0044245738536119,0.0250669214874506,0.9704880118370056
7477,3.632202424341813e-05,0.0093142362311482,0.0553011670708656,0.9353483319282532
7478,0.0006017675623297,0.1472476720809936,0.4260752499103546,0.4260752499103546
7479,0.0001098745633498,0.0226397924125194,0.1408695131540298,0.8363808393478394
7480,0.0002876566140912,0.1335715353488922,0.4735521972179413,0.3925885856151581
7481,0.0001634765358176,0.0406313203275203,0.1557557582855224,0.8034493923187256
7482,9.219527419190854e-05,0.0255631934851408,0.127807930111885,0.8465366959571838
7483,0.0001856293529272,0.0461372919380664,0.1610350012779235,0.7926419973373413
7484,0.0002422514662612,0.065103031694889,0.2237089872360229,0.710945725440979
7485,0.0013795925769954,0.1893625259399414,0.4267350435256958,0.3825228214263916
7486,0.0001057845438481,0.0267062932252883,0.1160068437457084,0.8571810722351074
7487,0.0003253775939811,0.1088239103555679,0.4801535904407501,0.4106971621513366
7488,0.0003202691150363,0.0888017565011978,0.391811728477478,0.5190662145614624
7489,0.0009195130551233,0.3539706468582153,0.5835989713668823,0.0615108720958232
7490,2.2811555027146824e-05,0.0044155693612992,0.0270486436784267,0.9685128927230836
7491,0.000652722781524,0.2287826091051101,0.548820972442627,0.2217437028884887
7492,0.0002565633330959,0.0627789720892906,0.2296359539031982,0.7073285579681396
7493,0.0002297097962582,0.0710537433624267,0.2854484617710113,0.6432680487632751
7494,0.0002570455253589,0.07950921356678,0.3508111238479614,0.5694226622581482
7495,0.0021935396362096,0.2615868747234344,0.4663290083408355,0.269890546798706
7496,0.0003665894037112,0.1367783993482589,0.5243251919746399,0.3385297954082489
7497,3.1102354114409536e-05,0.0060203969478607,0.0278380345553159,0.9661105275154114
7498,5.738616164308041e-05,0.0099572204053401,0.0358573272824287,0.9541280269622804
7499,0.0002404981205472,0.0829889103770256,0.3035608232021332,0.6132097244262695
7500,0.0002339389902772,0.1250301599502563,0.6058788299560547,0.2688570916652679
7501,0.0003822946746367,0.2279352098703384,0.5641450881958008,0.2075373977422714
7502,0.0009218109189532,0.2152305692434311,0.4850295782089233,0.2988180518150329
7503,0.0014497773954644,0.2185544222593307,0.4414920806884765,0.3385037183761596
7504,0.0002875847567338,0.0822704806923866,0.3463716506958008,0.5710703134536743
7505,3.1546987884212285e-05,0.0061064641922712,0.0291323121637105,0.9647296667099
7506,0.001190481474623,0.1910399943590164,0.4878377318382263,0.3199318051338196
7507,0.0010565657867118,0.2391040623188018,0.5646882653236389,0.1951510608196258
7508,0.0014870109735056,0.2423827648162841,0.5212048292160034,0.2349254190921783
7509,0.0009586563683114,0.2536365389823913,0.5627172589302063,0.1826875507831573
7510,9.507850336376578e-05,0.0164973158389329,0.0540926121175289,0.929314911365509
7511,0.0002186227211495,0.0410162024199962,0.1477050334215164,0.8110601902008057
7512,0.0008901951950974,0.1863143891096115,0.4908730387687683,0.3219223916530609
7513,5.402483293437399e-05,0.0089447200298309,0.0348285883665084,0.9561726450920104
7514,0.0004647003952413,0.1845669895410537,0.5957895517349243,0.2191787511110305
7515,0.0005389129510149,0.0603734143078327,0.1802417188882827,0.7588459849357605
7516,0.0007445981027558,0.1685048341751098,0.5109845995903015,0.3197659850120544
7517,0.0001902972289826,0.0282426141202449,0.1065865159034729,0.8649805188179016
7518,5.218495789449662e-05,0.0094892922788858,0.0375308766961097,0.9529276490211488
7519,0.0001795325661078,0.0214098561555147,0.0680403783917427,0.9103701710700988
7520,0.0001079307985492,0.0199351590126752,0.0776227042078971,0.902334213256836
7521,0.0004935073084197,0.2256042510271072,0.6327227354049683,0.1411795318126678
7522,6.520444003399462e-05,0.0124257672578096,0.0602135434746742,0.9272955060005188
7523,4.43223470938392e-05,0.0106771802529692,0.0577202849090099,0.9315581917762756
7524,8.084283035714179e-05,0.0266190376132726,0.1580444872379303,0.8152555823326111
7525,0.000163572753081,0.0283819269388914,0.102207250893116,0.8692472577095032
7526,3.632856169133447e-05,0.0073694931343197,0.0273809917271137,0.965213179588318
7527,0.0001774258125806,0.0557455345988273,0.3061031997203827,0.6379738450050354
7528,0.0005916419322602,0.1145225092768669,0.3211863040924072,0.5636995434761047
7529,0.0001752168609527,0.0390373617410659,0.1643534302711486,0.7964339852333069
7530,0.001051403582096,0.3685222268104553,0.5797668695449829,0.0506594628095626
7531,0.0006189652485772,0.4382518827915191,0.5454133152961731,0.0157158356159925
7532,0.0007481180946342,0.1948647201061248,0.5380387306213379,0.2663484811782837
7533,0.001384122413583,0.2637670636177063,0.5671882629394531,0.1676605343818664
7534,0.002104353159666,0.204820305109024,0.4336045980453491,0.3594708442687988
7535,0.0009824737207964,0.1307050585746765,0.3902132511138916,0.4780992567539215
7536,9.065446647582576e-05,0.0189736261963844,0.094862163066864,0.8860735297203064
7537,0.0001163257911684,0.0354240015149116,0.2070612162351608,0.7573984861373901
7538,0.0001227913453476,0.0410680845379829,0.1959248781204223,0.762884259223938
7539,5.844536281074397e-05,0.0109650399535894,0.0761124715209007,0.9128641486167908
7540,0.0005067468155175,0.1981464028358459,0.6396244168281555,0.1617223769426345
7541,0.0003505825879983,0.0899016261100769,0.2857067883014679,0.624040961265564
7542,0.0007669997867196,0.1373086422681808,0.3674569725990295,0.4944674074649811
7543,0.0003524720086716,0.1235432028770446,0.4312081336975097,0.4448961615562439
7544,0.0017684936756268,0.3020984828472137,0.555644154548645,0.1404888480901718
7545,0.000809711695183,0.3477288484573364,0.5470542907714844,0.1044071391224861
7546,0.0002584922185633,0.073947861790657,0.3162348866462707,0.6095587015151978
7547,0.0001445406523998,0.0468548946082592,0.2200666517019271,0.7329338788986206
7548,0.0007911498541943,0.1249897852540016,0.409825712442398,0.4643933773040771
7549,0.0003441728767938,0.091059572994709,0.3330820500850677,0.5755141377449036
7550,0.0024065901525318,0.5888732075691223,0.3922741413116455,0.0164460595697164
7551,0.0010171231115236,0.1938293576240539,0.4649724662303924,0.3401811122894287
7552,0.0001842290803324,0.0676721408963203,0.3383394181728363,0.5938042402267456
7553,4.748815990751609e-05,0.0171732045710086,0.1019620075821876,0.8808172941207886
7554,0.0001378677552565,0.0326972045004367,0.1106132268905639,0.8565516471862793
7555,0.000629125861451,0.1423730850219726,0.4385400116443634,0.4184578061103821
7556,0.0004724188765976,0.1790402680635452,0.6549021601676941,0.1655851900577545
7557,0.0010839523747563,0.1511259973049163,0.4305178821086883,0.4172722101211548
7558,0.0009410369675606,0.1232515200972557,0.3147337734699249,0.5610736608505249
7559,0.0021915244869887,0.3462279736995697,0.5116917490959167,0.139888733625412
7560,0.0002234016428701,0.0513526201248168,0.1938027590513229,0.7546212077140808
7561,0.0004612899501807,0.0613684952259063,0.1668168604373932,0.7713533639907837
7562,7.902548532001674e-05,0.0148261152207851,0.0533908903598785,0.9317039847373962
7563,0.0001854759466368,0.0821806639432907,0.3982360661029815,0.5193977355957031
7564,8.997745317174122e-05,0.0320341885089874,0.1286928802728653,0.83918297290802
7565,0.0001801083126338,0.0420528948307037,0.2006231397390365,0.7571437954902649
7566,0.0004946811241097,0.1268535256385803,0.3787146806716919,0.4939370453357696
7567,0.001668021432124,0.3228743374347687,0.5079526305198669,0.1675050109624862
7568,0.0004819980240426,0.1357492804527282,0.4521141350269317,0.4116546213626861
7569,0.0001702092558844,0.0443349480628967,0.2286970615386963,0.7267978191375732
7570,0.0001600350806256,0.0472351238131523,0.1782635003328323,0.774341344833374
7571,0.0005517397075891,0.1210188344120979,0.3845970332622528,0.493832379579544
7572,0.0010022183414548,0.7436650991439819,0.2490966171026229,0.0062360120937228
7573,0.0004568654694594,0.1327554434537887,0.5857444405555725,0.2810432612895965
7574,4.893010554951616e-05,0.0123528596013784,0.0657436102628707,0.9218546152114868
7575,0.0006972452974878,0.1154407039284706,0.3500696122646332,0.5337924361228943
7576,0.0003765217843465,0.1027804985642433,0.4903383255004883,0.40650475025177
7577,0.0001153813354903,0.0230430047959089,0.0985424295067787,0.8782991766929626
7578,0.0003638697089627,0.0849587321281433,0.3156599700450897,0.5990173816680908
7579,9.995164145948364e-05,0.0209194887429475,0.0894613042473793,0.8895192742347717
7580,0.0004755296104121,0.1339275389909744,0.412525862455368,0.4530710279941559
7581,0.0002111798385158,0.0775718688964843,0.3215264678001404,0.600690484046936
7582,0.0006524461787194,0.1986855566501617,0.557227373123169,0.2434346228837967
7583,0.0005813862080685,0.3011655211448669,0.5989391803741455,0.099313847720623
7584,0.0007901628268882,0.1903489232063293,0.5094000697135925,0.2994608581066131
7585,6.142351048765704e-05,0.0124601740390062,0.0576152577996254,0.9298631548881532
7586,0.0001167716181953,0.0193335078656673,0.077669657766819,0.902880072593689
7587,3.635319444583729e-05,0.0093222288414835,0.0544905140995979,0.9361509680747986
7588,0.0045211971737444,0.2977567315101623,0.4469857811927795,0.2507362961769104
7589,0.0005141639267094,0.1517579704523086,0.4602003395557403,0.3875275552272796
7590,0.000440589064965,0.1061371713876724,0.3373032212257385,0.5561190247535706
7591,0.0002367785637034,0.0495568327605724,0.1870255321264267,0.7631809115409851
7592,0.0008073835051618,0.2238650768995285,0.5370243787765503,0.2383031398057937
7593,2.4505707187927328e-05,0.0043870229274034,0.0181837026029825,0.9774047136306764
7594,0.0001832945999922,0.0205341521650552,0.0642456710338592,0.915036916732788
7595,0.0001339999726042,0.0349034033715724,0.1828807741403579,0.7820818424224854
7596,0.0001182753476314,0.0308075603097677,0.174536719918251,0.7945374250411987
7597,9.066412167157978e-05,0.0172775238752365,0.0683339312672615,0.914297878742218
7598,4.475771856959909e-05,0.0090794041752815,0.0353530161082744,0.9555227756500244
7599,0.0007066842517815,0.1650013476610183,0.5162435173988342,0.3180484175682068
7600,0.0006482760654762,0.2202330529689788,0.6574944257736206,0.1216242462396621
7601,2.58719373960048e-05,0.0059470986016094,0.024650041013956,0.9693769216537476
7602,0.0004267997865099,0.1044344529509544,0.3216807544231415,0.5734579563140869
7603,0.0003217000921722,0.0739481672644615,0.2350067943334579,0.6907233595848083
7604,4.916592297377065e-05,0.0077674780040979,0.0364820510149002,0.9557012915611268
7605,0.0011575310491025,0.2385107427835464,0.5291591882705688,0.2311725318431854
7606,0.0001827672385843,0.0671351775527,0.3153184950351715,0.6173635721206665
7607,0.0002441641991026,0.0465294606983661,0.1284719556570053,0.8247543573379517
7608,0.0001621037226868,0.0350046567618846,0.1428408473730087,0.8219923377037048
7609,0.0001482098741689,0.0282438024878501,0.1065910011529922,0.8650169372558594
7610,0.001549769192934,0.119325615465641,0.273139089345932,0.6059855222702026
7611,0.000524490897078,0.1366158276796341,0.4078595042228699,0.4550001621246338
7612,0.0002924779837485,0.1179940477013588,0.5125427842140198,0.3691707253456116
7613,0.0006881500594317,0.1139348372817039,0.3245701491832733,0.560806930065155
7614,0.0002384117542533,0.0531168393790721,0.2133894562721252,0.7332553267478943
7615,6.873224629089236e-05,0.011558985337615,0.0409801639616489,0.9473921656608582
7616,0.000321258266922,0.3309575617313385,0.6379373669624329,0.0307838469743728
7617,0.0001888197730295,0.0738316625356674,0.4054155945777893,0.5205639004707336
7618,0.000757222645916,0.1852862983942031,0.5036603212356567,0.3102961480617523
7619,4.62349817098584e-05,0.010463117621839,0.0476308837532997,0.941859781742096
7620,4.2442210542503744e-05,0.0093092937022447,0.0410745292901992,0.9495736956596376
7621,4.275753235560842e-05,0.0098285377025604,0.0773074254393577,0.9128212332725524
7622,0.0004761065647471,0.1129151284694671,0.3644944727420807,0.5221142172813416
7623,0.0002592899836599,0.0634461641311645,0.2214488685131073,0.7148457169532776
7624,0.0007751284865662,0.2323857247829437,0.5155702829360962,0.2512688636779785
7625,0.0008199254516512,0.2785459756851196,0.5715392231941223,0.1490949243307113
7626,6.04924134677276e-05,0.012271293438971,0.0428310222923755,0.944837212562561
7627,5.762415094068274e-05,0.0104783540591597,0.0462326630949974,0.9432313442230223
7628,4.878385880147107e-05,0.0135264126583933,0.0815747082233429,0.9048500657081604
7629,0.0001708512718323,0.089896872639656,0.5862011909484863,0.3237310349941253
7630,0.0001518744102213,0.0540710426867008,0.2661469578742981,0.6796301007270813
7631,0.0002067259920295,0.0930385515093803,0.3796554207801819,0.5270993113517761
7632,4.746400736621581e-05,0.0099340323358774,0.0528702847659587,0.9371481537818908
7633,5.943830547039397e-05,0.0154820848256349,0.0704785659909248,0.9139798879623412
7634,0.0006280884845182,0.135629341006279,0.4049144089221954,0.4588281512260437
7635,6.73499598633498e-05,0.0122468899935483,0.0593467280268669,0.9283390641212464
7636,0.000323382904753,0.0791291818022728,0.2475733458995819,0.6729740500450134
7637,3.311435284558684e-05,0.0058362381532788,0.0278431363403797,0.9662875533103944
7638,0.0001334485568804,0.0288168676197528,0.1021646559238433,0.8688850402832031
7639,0.0001196493467432,0.0198099631816148,0.0834030583500862,0.8966674208641052
7640,0.0001476369943702,0.044959008693695,0.2178651392459869,0.7370282411575317
7641,0.0001435255690012,0.0543942227959632,0.3229533731937408,0.6225089430809021
7642,0.0004908902919851,0.1693919897079467,0.5912361145019531,0.2388809770345688
7643,0.000186927136383,0.0397392213344574,0.1365531086921692,0.8235206604003906
7644,0.0002285778464283,0.037258181720972,0.1406109035015106,0.821902334690094
7645,0.000984783982858,0.2447634041309356,0.6057952642440796,0.1484565138816833
7646,0.0006973640993237,0.1210014298558235,0.3187962770462036,0.5595049262046814
7647,0.0005413893959484,0.1868177503347396,0.532194197177887,0.2804466485977173
7648,0.0002658930898178,0.0875503495335578,0.3923734426498413,0.5198103785514832
7649,0.0003467126516625,0.1234382539987564,0.4175862371921539,0.4586287438869476
7650,0.0010527773993089,0.1490909904241562,0.4116534292697906,0.4382027983665466
7651,0.0008685703505761,0.1761953383684158,0.4499305486679077,0.3730055391788482
7652,5.357365444069728e-05,0.0121238809078931,0.0543354600667953,0.933487057685852
7653,0.0001601782423676,0.054415937513113,0.2720625400543213,0.6733612418174744
7654,6.583568028872833e-05,0.0156138222664594,0.0768539234995842,0.907466471195221
7655,0.0001270080974791,0.0330822058022022,0.1268170624971389,0.8399736881256104
7656,0.0004665693559218,0.0946467369794845,0.3516552746295929,0.553231418132782
7657,0.0001462250365875,0.0459425374865531,0.2124361544847488,0.7414750456809998
7658,0.0003058608272112,0.0714144259691238,0.2612231075763702,0.6670566201210022
7659,0.000108590509626,0.0296423397958278,0.1436426490545272,0.8266064524650574
7660,0.0018987412331625,0.2907434403896332,0.5517340898513794,0.1556237339973449
7661,0.0010742940939962,0.3220764100551605,0.556498110294342,0.1203511580824852
7662,0.0001101109955925,0.033531442284584,0.1411726474761963,0.8251858353614807
7663,3.3389878808520734e-05,0.006880025845021,0.033864676952362,0.9592219591140748
7664,4.8247176891891286e-05,0.0116226645186543,0.0504865534603595,0.9378424882888794
7665,0.0005526333698071,0.1193355917930603,0.4297439455986023,0.4503677785396576
7666,0.000833693833556,0.3209341466426849,0.5995839238166809,0.0786482915282249
7667,0.0009584070066921,0.2168904244899749,0.5122266411781311,0.2699244916439056
7668,0.0002382251695962,0.0725452825427055,0.3102368414402008,0.6169795989990234
7669,5.826599226566032e-05,0.015176729299128,0.0747024863958358,0.9100625514984132
7670,0.0001646234304644,0.0501317903399467,0.2467573434114456,0.7029462456703186
7671,0.0001806036016205,0.0812819823622703,0.4127839505672455,0.5057534575462341
7672,0.0002835381310433,0.0584233924746513,0.1717159003019333,0.7695772051811218
7673,0.0003210661234334,0.0849460959434509,0.3520917892456054,0.5626410841941833
7674,8.700128819327801e-05,0.012711951509118,0.0385485142469406,0.9486525058746338
7675,0.0002393475733697,0.0852136462926864,0.3759801983833313,0.5385667681694031
7676,0.0007701137219555,0.129513218998909,0.3412218987941742,0.5284947752952576
7677,0.00129238772206,0.1830238401889801,0.445965439081192,0.3697183430194855
7678,0.000305077759549,0.0746500641107559,0.3192378580570221,0.6058070063591003
7679,0.0004781541065312,0.1226154267787933,0.421334832906723,0.455571562051773
7680,0.0004210455226711,0.1343718022108078,0.4763894379138946,0.3888177275657654
7681,0.0001789085508789,0.0519870370626449,0.2188735902309417,0.728960394859314
7682,0.0013681156560778,0.2094917595386505,0.4795314073562622,0.3096087574958801
7683,8.065024303505197e-05,0.0238043069839477,0.1369843333959579,0.8391307592391968
7684,7.691120845265687e-05,0.0163507107645273,0.0767955258488655,0.9067768454551696
7685,3.74903429474216e-05,0.0097652310505509,0.0544660799205303,0.9357311725616456
7686,0.0004322995664551,0.2170469313859939,0.6379363536834717,0.1445844173431396
7687,0.0001528705033706,0.0588481724262237,0.3181302547454834,0.6228687167167664
7688,0.0003379864792805,0.0586449019610881,0.1922892332077026,0.7487279176712036
7689,0.0007567591383121,0.1442127525806427,0.4108238816261291,0.444206565618515
7690,3.6069493944523856e-05,0.0056984387338161,0.0208440218120813,0.9734215140342712
7691,0.0002306089736521,0.0649484097957611,0.3737523257732391,0.5610686540603638
7692,0.0012860781280323,0.2691711485385895,0.5028778910636902,0.2266648411750793
7693,0.0002501397393643,0.0849777460098266,0.2966014742851257,0.6181705594062805
7694,0.0005766805261373,0.0896943882107734,0.2151656448841095,0.6945632100105286
7695,5.9296333347447217e-05,0.0189237389713525,0.0692201629281044,0.911796808242798
7696,4.008283940493129e-05,0.0149553334340453,0.1158090904355049,0.8691954612731934
7697,3.304122219560668e-05,0.0084729231894016,0.0570042394101619,0.9344897270202636
7698,0.00021279581415,0.0757605582475662,0.3729065358638763,0.5511201024055481
7699,0.000121159995615,0.0296468771994113,0.1172556653618812,0.8529762625694275
7700,0.0001150637544924,0.0442943051457405,0.2180242091417312,0.7375664114952087
7701,0.000123549500131,0.0760021433234214,0.5193804502487183,0.404493898153305
7702,0.0010170165915042,0.1820667684078216,0.4872359037399292,0.329680323600769
7703,0.0003259919176343,0.0947263613343238,0.2872541546821594,0.6176934242248535
7704,0.000603434164077,0.2082276046276092,0.5660212635993958,0.2251476943492889
7705,0.0001640915288589,0.0383131876587867,0.1423507332801818,0.8191720247268677
7706,0.0001424584188498,0.0332621447741985,0.1855213493108749,0.781074047088623
7707,0.0004722466983366,0.2158850729465484,0.7078599333763123,0.0757827907800674
7708,9.480136941419914e-05,0.0254770629107952,0.1039623245596885,0.870465874671936
7709,3.415914761717431e-05,0.0060203783214092,0.0278379470109939,0.9661074876785278
7710,0.0008323536021634,0.2418643683195114,0.5536330342292786,0.2036702334880828
7711,0.0001715937105473,0.0582939982414245,0.2532176077365875,0.6883167624473572
7712,0.0003382204449735,0.1096389442682266,0.4762498736381531,0.4137730598449707
7713,0.000115145354357,0.0168241448700428,0.0644935369491577,0.9185671806335448
7714,0.0001929419522639,0.0615751929581165,0.2552221119403839,0.6830097436904907
7715,0.0003156699240207,0.0903049185872078,0.2825390696525574,0.626840353012085
7716,0.0002713364665396,0.0921787247061729,0.4608646035194397,0.4466852843761444
7717,0.000226353193284,0.0481208860874176,0.1627908498048782,0.7888619303703308
7718,6.708637374686077e-05,0.0151818487793207,0.0600453838706016,0.9247057437896729
7719,0.0005452618934214,0.1488420963287353,0.3921467065811157,0.4584659337997436
7720,0.0013622530968859,0.3082819879055023,0.4849956631660461,0.2053600847721099
7721,0.0001504064712207,0.0373828187584877,0.1755785048007965,0.7868882417678833
7722,0.0001788801746442,0.0392356552183628,0.1601059734821319,0.8004794716835022
7723,8.450877794530243e-05,0.0197316724807024,0.0870602205395698,0.8931236863136292
7724,0.0006737232324667,0.1206102222204208,0.4016934037208557,0.4770226776599884
7725,4.3077430746052414e-05,0.0107066910713911,0.0404066331684589,0.9488435387611388
7726,4.2967702029272914e-05,0.0119137521833181,0.0707352012395858,0.9173080921173096
7727,0.0006573205464519,0.234022319316864,0.6165666580200195,0.1487536430358886
7728,0.0008184796315617,0.3101925551891327,0.5616862177848816,0.1273027807474136
7729,5.4637766879750416e-05,0.0153881087899208,0.0618195757269859,0.9227377772331238
7730,0.000200138092623,0.0445896722376346,0.2127254456281662,0.7424847483634949
7731,0.0001136735299951,0.0160980857908725,0.0626820623874664,0.9211061596870422
7732,9.437780681764708e-05,0.0257626473903656,0.1210012286901474,0.853141725063324
7733,9.208003029925747e-05,0.0251354165375232,0.1424018293619156,0.8323706388473511
7734,0.0025617983192205,0.2067136615514755,0.3922736048698425,0.3984510004520416
7735,0.000199859321583,0.0769367292523384,0.2685355842113495,0.6543278098106384
7736,6.10628558206372e-05,0.0136044705286622,0.0619311593472957,0.9244033098220824
7737,0.0003722472465597,0.0969604328274726,0.3179210424423218,0.584746241569519
7738,0.0001471711148042,0.0389378108084201,0.1540020257234573,0.8069129586219788
7739,0.0002137443079845,0.0875885412096977,0.3410486578941345,0.5711490511894226
7740,0.0004841283080168,0.1261024475097656,0.3824009299278259,0.4910125136375427
7741,3.866783299599774e-05,0.0070313443429768,0.0278095062822103,0.965120494365692
7742,0.0006606699316762,0.1667922735214233,0.5821622014045715,0.2503848671913147
7743,0.0002236367872683,0.038803793489933,0.144173577427864,0.816798985004425
7744,0.0001999704836634,0.0438616126775741,0.1905261725187301,0.7654122114181519
7745,6.18190024397336e-05,0.0269661024212837,0.2441311329603195,0.7288409471511841
7746,0.0007542069070041,0.1578525602817535,0.4567615091800689,0.3846317827701568
7747,0.0002428106963634,0.0594138242304325,0.2277564704418182,0.7125868797302246
7748,9.473879617871717e-05,0.0359047055244445,0.2199429869651794,0.7440575361251831
7749,4.950494985678233e-05,0.0141620729118585,0.0675634741783142,0.9182249903678894
7750,0.0012532502878457,0.7472242712974548,0.2464084327220916,0.0051140435971319
7751,0.0001080493238987,0.0344826951622962,0.2047331929206848,0.7606760859489441
7752,2.088914880005177e-05,0.0074370526708662,0.0774958580732345,0.9150461554527284
7753,0.000236033112742,0.0494008138775825,0.2356781065464019,0.7146850228309631
7754,0.0001491017610533,0.0671043395996093,0.2960782647132873,0.6366682648658752
7755,0.0002480166149325,0.0588205009698867,0.267766535282135,0.6731650233268738
7756,0.0017718286253511,0.232063740491867,0.5229637026786804,0.243200734257698
7757,0.000507861492224,0.1620781123638153,0.5150831937789917,0.3223308622837066
7758,0.0003887558123096,0.0478320531547069,0.1300210207700729,0.8217581510543823
7759,0.0003364623407833,0.1637319922447204,0.700192928314209,0.1357385814189911
7760,3.401597496122122e-05,0.0097310813143849,0.0577760823071002,0.932458758354187
7761,6.0780290368711576e-05,0.0305162798613309,0.1574149280786514,0.8120080232620239
7762,3.395440580789e-05,0.0062714857049286,0.0333777107298374,0.9603168964385986
7763,0.0001490587746957,0.0468328744173049,0.1971737742424011,0.7558442950248718
7764,0.0002566585608292,0.1210545599460601,0.4939781725406647,0.3847105801105499
7765,0.000279959582258,0.1405607610940933,0.482999175786972,0.3761601448059082
7766,0.0005481914849951,0.1921438723802566,0.5826690196990967,0.2246389240026474
7767,0.0002389514556853,0.0694342404603958,0.3210606873035431,0.6092661023139954
7768,9.79495162027888e-05,0.026323102414608,0.1798857450485229,0.7936931252479553
7769,0.0003721110406331,0.0778813883662223,0.2593846023082733,0.6623618602752686
7770,0.000296516198432,0.0976335853338241,0.3742677569389343,0.5278021693229675
7771,0.0039451816119253,0.4854105114936828,0.4489313066005707,0.0617130137979984
7772,0.0010100086219608,0.2433093935251236,0.6213123202323914,0.13436821103096
7773,8.042466652113944e-05,0.0329565741121768,0.2050626724958419,0.7619002461433411
7774,0.0001414199941791,0.0330196805298328,0.1152500137686729,0.8515888452529907
7775,0.0042381640523672,0.2925118803977966,0.4530512392520904,0.250198632478714
7776,0.0001852393033914,0.0419202148914337,0.2031395435333252,0.7547549605369568
7777,0.0001231286005349,0.0265883728861808,0.0928025320172309,0.8804859519004822
7778,7.12721302988939e-05,0.0158790424466133,0.1437571048736572,0.8402925729751587
7779,5.727705138269812e-05,0.0242161508649587,0.1483419090509414,0.8273847103118896
7780,4.160127718932927e-05,0.0078048915602266,0.0318488292396068,0.9603046774864196
7781,0.0004734026442747,0.1176619902253151,0.4237171113491058,0.4581474363803863
7782,0.0004512153100222,0.0747063010931015,0.1820332556962967,0.7428092956542969
7783,0.0016466573579236,0.2521432638168335,0.5093433856964111,0.236866682767868
7784,0.0004847326199524,0.1131785959005355,0.3378888964653015,0.5484477877616882
7785,4.686808824772015e-05,0.0106063913553953,0.0639647245407104,0.9253820776939392
7786,5.6821176258381456e-05,0.0117080751806497,0.0435007810592651,0.9447343349456788
7787,0.0001295549591304,0.0413459688425064,0.1536189168691635,0.8049055337905884
7788,0.0003005657636094,0.0901104658842086,0.3400733172893524,0.5695156455039978
7789,0.001027881167829,0.1958794742822647,0.4698904156684875,0.3332021832466125
7790,0.0004493330779951,0.2186580747365951,0.6132416725158691,0.1676509529352188
7791,6.813414802309126e-05,0.0227877553552389,0.1352971196174621,0.8418470025062561
7792,0.0001169911774923,0.0252630598843097,0.1114658489823341,0.8631541132926941
7793,0.0001852462737588,0.0691173449158668,0.3049600422382355,0.6257373690605164
7794,2.88235823973082e-05,0.0069435527548193,0.0399573892354965,0.9530702829360962
7795,0.0002490770129952,0.0794900506734848,0.3047164976596832,0.6155442595481873
7796,0.0003674159524962,0.1118869855999946,0.4092656075954437,0.4784799516201019
7797,0.0005727456300519,0.1771614551544189,0.6183542013168335,0.2039115875959396
7798,3.743633351405151e-05,0.0068074082955718,0.0291115902364254,0.9640434980392456
7799,0.0004838095046579,0.1450474560260772,0.5474033355712891,0.3070654273033142
7800,2.5015870050992817e-05,0.0054869912564754,0.027433231472969,0.9670547246932985
7801,8.637029532110319e-05,0.0204838868230581,0.0947165265679359,0.8847131729125977
7802,0.0007107994169928,0.1140640303492546,0.314940869808197,0.5702843070030212
7803,0.0003567346138879,0.1103449985384941,0.4793168306350708,0.4099814295768738
7804,0.0001465070963604,0.0425718687474727,0.1907938867807388,0.766487717628479
7805,0.0005494287470355,0.1753438264131546,0.6514813303947449,0.1726253777742386
7806,5.231911200098693e-05,0.0109501853585243,0.0630139708518982,0.9259835481643676
7807,0.0001507079141447,0.0282745882868766,0.1190404519438743,0.8525342345237732
7808,5.8504789194557816e-05,0.0134483082219958,0.0727008730173111,0.9137923121452332
7809,0.0001253055088454,0.0474890694022178,0.2095316052436828,0.7428540587425232
7810,7.336002454394475e-05,0.0155957574024796,0.0636404305696487,0.9206904768943788
7811,0.0001100054869311,0.0223153568804264,0.1000104770064354,0.8775640726089478
7812,0.0001271914661629,0.0254016313701868,0.092915304005146,0.8815558552742004
7813,0.0002417576470179,0.0547104924917221,0.2130294740200042,0.7320183515548706
7814,0.0066577051766216,0.3692226707935333,0.4384627640247345,0.1856568157672882
7815,0.0018859899137169,0.2431863248348236,0.4836337566375732,0.2712939381599426
7816,7.962765812408179e-05,0.0156560316681861,0.0600157044827938,0.9242486953735352
7817,0.000450523715699,0.1035604327917099,0.4095894992351532,0.4863995313644409
7818,0.0015484576579183,0.2298114895820617,0.5868442058563232,0.1817958503961563
7819,0.0014001351082697,0.2282219976186752,0.4907543957233429,0.279623419046402
7820,0.0005280316108837,0.0736188367009162,0.2163777649402618,0.7094753980636597
7821,0.0004354257835075,0.5496018528938293,0.441617488861084,0.0083452630788087
7822,5.228808367974125e-05,0.0101212607696652,0.0498185902833938,0.9400078058242798
7823,0.0001050123319146,0.0295755360275506,0.1455758810043335,0.8247435688972473
7824,0.0001241859717993,0.0390180759131908,0.2012705653905868,0.7595871090888977
7825,0.0013097067130729,0.3106147050857544,0.5366941094398499,0.1513815224170684
7826,0.0002062066196231,0.1154974400997161,0.534054696559906,0.3502416312694549
7827,9.476524428464472e-05,0.0214456636458635,0.0946226939558982,0.8838368058204651
7828,9.038355347001924e-05,0.0134141081944108,0.046093963086605,0.9404016137123108
7829,0.000256562285358,0.0757255926728248,0.3556656837463379,0.5683521032333374
7830,0.000249864795478,0.1377808898687362,0.6676670908927917,0.1943021863698959
7831,9.51126276049763e-05,0.0222075320780277,0.0906205922365188,0.8870766758918762
7832,0.0006460365839302,0.1138607040047645,0.3507156670093536,0.5347775220870972
7833,5.914246867178008e-05,0.0200919453054666,0.1120638772845268,0.8677850365638733
7834,0.0001192164418171,0.0458929017186164,0.290052056312561,0.6639357805252075
7835,0.0002837987849488,0.0673067197203636,0.3418117463588714,0.5905977487564087
7836,0.0006591292330995,0.2204485535621643,0.5718000531196594,0.2070922553539276
7837,0.0001520562364021,0.0349526815116405,0.1693758517503738,0.7955194115638733
7838,0.0001615829387446,0.0293821804225444,0.1886254698038101,0.7818307876586914
7839,0.0001858985633589,0.0447826497256755,0.1975903213024139,0.7574411034584045
7840,0.0008604759350419,0.1380830407142639,0.3638003766536712,0.4972561597824096
7841,0.0002413954789517,0.0572502128779888,0.2229185104370117,0.7195897698402405
7842,0.0008314966107718,0.1881702095270156,0.519554615020752,0.2914437055587768
7843,0.0006018637213855,0.1129167526960372,0.4328541457653045,0.4536272287368774
7844,0.0001130242526414,0.0215386096388101,0.0906809344887733,0.8876674175262451
7845,0.0005062700947746,0.3213208317756653,0.6097598075866699,0.068413145840168
7846,0.0002402318932581,0.0645602792501449,0.3032247722148895,0.6319746971130371
7847,0.0002184069890063,0.3173023164272308,0.6510620713233948,0.0314171835780143
7848,0.0011728499084711,0.3408054113388061,0.561893105506897,0.0961285755038261
7849,0.0006243109237402,0.2766195833683014,0.5675865411758423,0.1551695317029953
7850,0.0010202950797975,0.2419768124818802,0.5714728236198425,0.1855300515890121
7851,0.0002209886151831,0.0492350570857524,0.2040736228227615,0.7464703321456909
7852,0.0001650517660891,0.0345446914434433,0.128349095582962,0.8369411826133728
7853,0.0003488342044875,0.0801853984594345,0.2887587249279022,0.6307070255279541
7854,0.000174955712282,0.0775193572044372,0.4323682188987732,0.4899373948574066
7855,0.000593155156821,0.2015073299407959,0.6504735946655273,0.1474259048700332
7856,4.840952533413656e-05,0.0090821990743279,0.0498710796236991,0.9409982562065125
7857,0.0003322766860947,0.0470559708774089,0.156720295548439,0.7958914041519165
7858,0.0005372265004552,0.1883005797863006,0.6370126605033875,0.1741495579481125
7859,0.0001398720778524,0.0358680933713912,0.1850216835737228,0.7789703607559204
7860,0.000112953937787,0.0508357509970665,0.2581652700901031,0.6908860206604004
7861,6.39424761175178e-05,0.0393345616757869,0.2299193292856216,0.7306821346282959
7862,0.0002859748492483,0.0511953383684158,0.1843615174293518,0.7641571760177612
7863,5.728393080062233e-05,0.0118034277111291,0.0504768565297126,0.9376623630523682
7864,0.0002903428685385,0.1266506314277649,0.402494877576828,0.4705641567707062
7865,0.0006604326190426,0.1542022377252578,0.432470828294754,0.4126665592193603
7866,0.0001156790167442,0.0424919240176677,0.1680588126182556,0.7893335819244385
7867,0.0002063169231405,0.0438613332808017,0.1905249655246734,0.7654073238372803
7868,0.0001884365628939,0.0439974293112754,0.1511852890253067,0.8046289086341858
7869,0.0001848075480666,0.0562783405184745,0.3289595544338226,0.6145772933959961
7870,0.0002316573372809,0.0492485053837299,0.1801435649394989,0.7703762650489807
7871,0.000297621183563,0.1163748279213905,0.5465857982635498,0.3367417454719543
7872,0.0001331411476712,0.0459431409835815,0.2124389410018921,0.7414847016334534
7873,5.028492159908637e-05,0.0121135553345084,0.055144116282463,0.932692050933838
7874,0.0004532361926976,0.0750408843159675,0.2660430371761322,0.6584628224372864
7875,5.7399931392865255e-05,0.0102757615968585,0.0353098846971988,0.9543569684028624
7876,9.55075302044861e-05,0.0153263695538043,0.0655425712466239,0.9190356135368348
7877,0.0002698955941013,0.107195571064949,0.48798269033432,0.4045518636703491
7878,8.303077629534528e-05,0.0226652100682258,0.1782756745815277,0.7989761233329773
7879,0.0014861772069707,0.2745015919208526,0.4817653298377991,0.2422468215227127
7880,0.0002004201232921,0.050597921013832,0.1939616650342941,0.7552399635314941
7881,8.344265370396897e-05,0.015173178166151,0.0460120923817157,0.93873131275177
7882,0.0005240661557763,0.162103921175003,0.5483905076980591,0.2889814972877502
7883,0.0011021931422874,0.188279390335083,0.4242941737174988,0.3863242268562317
7884,0.0014305661898106,0.1679548770189285,0.3446210026741028,0.4859935343265533
7885,0.0001473693992011,0.0516537129878997,0.2351414263248443,0.7130575180053711
7886,5.912368942517787e-05,0.0114444093778729,0.0504951067268848,0.9380013346672058
7887,0.0002523885050322,0.0562307834625244,0.2367404401302337,0.7067763805389404
7888,0.0001102974565583,0.0253537222743034,0.1349360048770904,0.8395999670028687
7889,0.0001329443039139,0.0362902842462062,0.1504190564155578,0.8131576776504517
7890,0.000345786625985,0.0638678818941116,0.2907435595989227,0.6450427174568176
7891,4.974134571966715e-05,0.0123629756271839,0.0504486635327339,0.9371386170387268
7892,0.0001951568410731,0.0236395988613367,0.0751264989376068,0.9010387659072876
7893,0.000688059721142,0.1737070679664611,0.5607332587242126,0.2648716568946838
7894,0.0005424378905445,0.1189785674214363,0.4779797196388244,0.4024992883205414
7895,0.0001139375453931,0.024603659287095,0.0943154543638229,0.8809669613838196
7896,0.0001401701447321,0.0407304801046848,0.1662057936191558,0.7929235100746155
7897,0.000355558906449,0.132662832736969,0.5585313439369202,0.3084502816200256
7898,0.000130383807118,0.0244615450501441,0.1131090298295021,0.8622991442680359
7899,0.000152511143824,0.0429530404508113,0.1955336332321167,0.7613608241081238
7900,5.803012754768133e-05,0.0146502442657947,0.0646399036049842,0.9206518530845642
7901,8.690342656336725e-05,0.0143883256241679,0.0526303090155124,0.93289452791214
7902,7.561244274256751e-05,0.0171113237738609,0.1187761351466178,0.8640369176864624
7903,0.0001129473239416,0.0236394349485635,0.1298060268163681,0.8464416265487671
7904,0.0001771366369212,0.0293279532343149,0.0861996412277221,0.8842952847480774
7905,0.0006431146757677,0.0925100892782211,0.312957614660263,0.5938891768455505
7906,9.38679077080451e-05,0.0277055613696575,0.1497748643159866,0.8224257826805115
7907,0.0008536949753761,0.1704929172992706,0.4562626481056213,0.3723907470703125
7908,0.0016063346993178,0.265955775976181,0.5809007883071899,0.1515370458364486
7909,9.64531718636863e-05,0.0343397110700607,0.1716877371072769,0.793876051902771
7910,0.0001865713275037,0.0415670722723007,0.1362931877374649,0.8219531178474426
7911,0.0016531655564904,0.2415477037429809,0.4956237375736236,0.2611753642559051
7912,0.0002768063277471,0.0626421198248863,0.3333899080753326,0.6036912202835083
7913,0.0013028744142502,0.2482839375734329,0.4861163198947906,0.2642968595027923
7914,0.0003452167729847,0.0987574830651283,0.422332227230072,0.4785650968551636
7915,0.0002034153294516,0.0521627999842166,0.2162088006734848,0.7314249277114868
7916,9.471568773733452e-05,0.02045289427042,0.0821666419506073,0.8972857594490051
7917,0.0006210142164491,0.1183443590998649,0.3588748574256897,0.5221598148345947
7918,0.000682633544784,0.2931554019451141,0.6109883785247803,0.0951736345887184
7919,0.0001128203730331,0.0211664326488971,0.1199160069227218,0.8588047623634338
7920,7.801224273862317e-05,0.0190889649093151,0.1031939759850502,0.87763911485672
7921,0.0002869559102691,0.100579485297203,0.4040639996528625,0.4950695633888244
7922,0.0024681210052222,0.2292257100343704,0.5085594058036804,0.2597467601299286
7923,0.0001099679502658,0.0141796609386801,0.0518670491874218,0.9338433146476746
7924,0.0002774588065221,0.0711501315236091,0.3139291107654571,0.6146433353424072
7925,8.697345037944615e-05,0.0403855741024017,0.2324029505252838,0.7271244525909424
7926,0.0007611475302837,0.1891796141862869,0.5474093556404114,0.2626498639583587
7927,9.619309275876732e-05,0.0342471152544021,0.1739211976528167,0.7917354106903076
7928,0.0002112370420945,0.0728917643427848,0.4129599630832672,0.5139369964599609
7929,2.3181642973213457e-05,0.006038196850568,0.039994042366743,0.953944444656372
7930,0.000465410092147,0.1310774832963943,0.4037470817565918,0.4647100269794464
7931,0.0008041028049774,0.2774725258350372,0.6060556769371033,0.1156677529215812
7932,0.0002945202868431,0.0985035523772239,0.3603110611438751,0.5408909320831299
7933,0.0010187639854848,0.2305493801832199,0.561768651008606,0.2066631615161895
7934,8.34100937936455e-05,0.0151672577485442,0.0609323419630527,0.9238170385360718
7935,4.233064828440547e-05,0.0106867654249072,0.056876428425312,0.9323945045471193
7936,0.0002777688205242,0.0563472732901573,0.2126523852348327,0.7307225465774536
7937,0.0002754170272964,0.0576437078416347,0.2175450623035431,0.7245357036590576
7938,0.000161890493473,0.0308508686721324,0.1220175549387931,0.8469696640968323
7939,0.0027411400806158,0.2506352961063385,0.4756222069263458,0.2710013687610626
7940,0.0004561398818623,0.2362862974405288,0.6033782362937927,0.1598793268203735
7941,0.0008045892463997,0.1849483549594879,0.5187004804611206,0.2955465912818908
7942,0.0012247893027961,0.1629419326782226,0.3788513243198395,0.4569819271564483
7943,3.0680377676617354e-05,0.0057560009881854,0.0262028444558382,0.9680105447769164
7944,0.0004421743215061,0.2185629159212112,0.6525083184242249,0.1284864991903305
7945,0.0002540686109568,0.0447783209383487,0.1612529307603836,0.793714702129364
7946,0.0003577187017071,0.0660717710852623,0.2342447787523269,0.6993257403373718
7947,0.0003877393610309,0.1075093671679496,0.3871561288833618,0.504946768283844
7948,0.0047818538732826,0.305233895778656,0.480200320482254,0.209783986210823
7949,0.0003880664007738,0.1127638891339302,0.3814753293991089,0.5053727030754089
7950,6.935887358849868e-05,0.016971556469798,0.0848524495959281,0.8981066346168518
7951,0.0003472720272839,0.129570871591568,0.4248465597629547,0.4452353417873382
7952,0.0001702445588307,0.0635200589895248,0.2846771776676178,0.6516324877738953
7953,0.0004623690911103,0.2180791944265365,0.611618161201477,0.1698402315378189
7954,0.0008537453832104,0.2258797585964203,0.5251861214637756,0.2480803728103637
7955,0.0016018985770642,0.2268557995557785,0.4802537262439728,0.2912886142730713
7956,0.0009457445703446,0.2010577619075775,0.5054591298103333,0.2925373315811157
7957,0.000121652657981,0.0201416481286287,0.082190491259098,0.8975462317466736
7958,0.0004788672958966,0.2056484520435333,0.6434170603752136,0.1504556238651275
7959,3.5992528864881024e-05,0.0057758246548473,0.0228438321501016,0.9713444113731384
7960,7.012951391516253e-05,0.0133643178269267,0.0496544688940048,0.9369110465049744
7961,0.0008307482930831,0.1487209349870681,0.5974655151367188,0.2529828250408172
7962,0.0001555714261485,0.0357607081532478,0.1627922356128692,0.8012914657592773
7963,0.000207661287277,0.0492496863007545,0.1801478862762451,0.7703947424888611
7964,3.4342712751822546e-05,0.006647624541074,0.0370774716138839,0.9562405943870544
7965,0.0001661911373957,0.0670462921261787,0.3352103531360626,0.5975770950317383
7966,0.0007251226925291,0.1318560391664505,0.3697993755340576,0.4976194500923157
7967,0.0003693838662002,0.1490200906991958,0.5041284561157227,0.3464820981025696
7968,7.816802099114284e-05,0.0223618280142545,0.1118020936846733,0.8657578825950623
7969,0.0005617031711153,0.1157396659255027,0.4039711058139801,0.4797275364398956
7970,0.0002902886772062,0.1066306084394455,0.4778852164745331,0.4151938855648041
7971,0.0001017918111756,0.0171187501400709,0.0626177862286567,0.9201616644859314
7972,0.0001648702454986,0.0596222318708896,0.2471273094415664,0.6930856108665466
7973,8.005763083929196e-05,0.0157405696809291,0.0549399890005588,0.9292394518852234
7974,0.0008880282985046,0.1718931943178177,0.4458570182323456,0.381361722946167
7975,0.0001288817147724,0.0320329405367374,0.1286878734827041,0.8391503095626831
7976,6.73587346682325e-05,0.013038445264101,0.0584342554211616,0.9284600019454956
7977,0.0003444437752477,0.066673032939434,0.2596087157726288,0.673373818397522
7978,0.0001255937240784,0.0327138006687164,0.1234605833888053,0.8436999917030334
7979,0.0011246874928474,0.4397714734077453,0.4906005561351776,0.0685031861066818
7980,0.0006328760064207,0.1225040704011917,0.3278378844261169,0.5490251779556274
7981,4.270202407496981e-05,0.0109502905979752,0.0630145743489265,0.9259924292564392
7982,0.0006705957348458,0.2074283957481384,0.5296869874000549,0.2622140645980835
7983,8.056619844865054e-05,0.0102274361997842,0.0398231707513332,0.9498688578605652
7984,0.0001037237307173,0.0210410580039024,0.0700774192810058,0.9087777733802797
7985,0.0002963134902529,0.068112626671791,0.314949631690979,0.6166414022445679
7986,5.780705396318808e-05,0.014367670752108,0.082680232822895,0.9028943181037904
7987,8.538324618712068e-05,0.0276781879365444,0.1111932471394538,0.8610431551933289
7988,0.0004801522009074,0.2030034363269806,0.5966602563858032,0.1998561471700668
7989,0.0005517629906535,0.2157484740018844,0.6645520925521851,0.1191476359963417
7990,0.0003770062467083,0.1184518411755561,0.4199482500553131,0.4612229168415069
7991,0.0001461297360947,0.0431308969855308,0.1679413020610809,0.7887817025184631
7992,0.0008471038308925,0.2072795033454895,0.5813297033309937,0.2105436623096466
7993,5.857268115505576e-05,0.0154968695715069,0.0837752819061279,0.9006692171096802
7994,0.000170245024492,0.045042585581541,0.1809523105621338,0.7738348245620728
7995,0.0002446919388603,0.0553745217621326,0.167921170592308,0.7764596343040466
7996,0.0016920764464884,0.6616300344467163,0.3275306224822998,0.009147279895842
7997,0.0002115214447258,0.0764927640557289,0.3025347590446472,0.6207610368728638
7998,0.0037521480116993,0.7150328159332275,0.2756697237491607,0.0055453153327107
7999,0.0007010192493908,0.166256234049797,0.4810783267021179,0.3519644141197204
8000,3.754905628738925e-05,0.005153973121196,0.0278621166944503,0.966946303844452
8001,7.145414565457031e-05,0.0125934351235628,0.0475271232426166,0.9398080110549928
8002,0.0003656113403849,0.0908709615468978,0.4614808559417724,0.4472825825214386
8003,0.0014071424957364,0.1872015744447708,0.4561451077461242,0.3552461564540863
8004,0.000121146083984,0.0129502722993493,0.0647472813725471,0.922181248664856
8005,0.0012559572933241,0.1222444921731948,0.353726178407669,0.5227733850479126
8006,0.0002157860144507,0.0249414723366498,0.0817799344658851,0.8930628299713135
8007,0.0026394494343549,0.1510249823331833,0.3511435985565185,0.4951918721199035
8008,0.0027123040053993,0.2991434931755066,0.5250132083892822,0.173130989074707
8009,0.0009649595012888,0.0896202102303505,0.3773151636123657,0.5320996642112732
8010,0.0005963071598671,0.0668031796813011,0.2683724164962768,0.6642281413078308
8011,0.0001211404814966,0.0296420995146036,0.2057569622993469,0.7644798159599304
8012,0.0117928255349397,0.7182849645614624,0.2601455748081207,0.0097765969112515
8013,0.0034794593229889,0.294234424829483,0.6037298440933228,0.0985561907291412
8014,0.0001265745959244,0.0479700379073619,0.3489580154418945,0.6029453277587891
8015,0.001729019335471,0.2029945850372314,0.4100603461265564,0.3852160573005676
8016,8.16901374491863e-05,0.0103701148182153,0.0560603067278862,0.9334878921508788
8017,5.579624848905951e-05,0.0092380093410611,0.0484037064015865,0.9423025250434875
8018,0.00025740583078,0.0388040132820606,0.1312722861766815,0.8296663761138916
8019,0.0001663121365709,0.0275357738137245,0.1420403271913528,0.8302575945854187
8020,0.0011417184723541,0.095050610601902,0.321552038192749,0.5822556018829346
8021,0.000101687539427,0.0135281737893819,0.0526754520833492,0.9336946606636048
8022,4.309326322982088e-05,0.0067025390453636,0.0291145015507936,0.9641398787498474
8023,0.0008239150047302,0.0741664618253707,0.2843091189861297,0.6407004594802856
8024,7.491899305023253e-05,0.0106097906827926,0.0490591749548912,0.9402560591697692
8025,8.046786388149485e-05,0.0117573384195566,0.0828973054885864,0.9052648544311525
8026,0.0002866125723812,0.0859272554516792,0.3791288137435913,0.53465735912323
8027,0.000183308700798,0.0313132517039775,0.1979058384895324,0.7705976366996765
8028,5.270139081403613e-05,0.0081969453021883,0.0443122684955596,0.9474380612373352
8029,0.0001522595557617,0.0175988115370273,0.0653875097632408,0.9168614149093628
8030,0.000206023643841,0.0269837751984596,0.106722891330719,0.8660873174667358
8031,5.73127472307533e-05,0.0089141754433512,0.0381210967898368,0.9529074430465698
8032,5.530680937226862e-05,0.0066993851214647,0.0295590721070766,0.963686227798462
8033,3.472356911515817e-05,0.0029825791716575,0.0149119570851325,0.982070803642273
8034,5.074347791378386e-05,0.0056846966035664,0.0382455736398696,0.9560190439224244
8035,3.0836912628728896e-05,0.005185970570892,0.0218337532132864,0.9729493856430054
8036,4.757002170663327e-05,0.0093530034646391,0.0513580925762653,0.939241349697113
8037,0.0001791776885511,0.0380917526781559,0.1845873594284057,0.7771417498588562
8038,0.0001005291269393,0.0207141526043415,0.0845266804099083,0.894658625125885
8039,0.0002630095405038,0.0567942485213279,0.2929670512676239,0.6499757766723633
8040,0.0588502176105976,0.5245262980461121,0.3386596441268921,0.0779638737440109
8041,0.001684067538008,0.0750449299812316,0.1886629462242126,0.734607994556427
8042,0.0006587441894225,0.1974933594465255,0.6893195509910583,0.1125283241271972
8043,0.0009609000990167,0.2208790183067321,0.5466808080673218,0.2314792424440384
8044,4.260983769199811e-05,0.005409084726125,0.0262116752564907,0.9683367013931274
8045,0.0002024482528213,0.0351273119449615,0.1525860875844955,0.8120841383934021
8046,0.00037814406096,0.0882915928959846,0.4414302110671997,0.4699000120162964
8047,7.77006134740077e-05,0.0120852161198854,0.0717532336711883,0.916083812713623
8048,0.0008015544735826,0.1246703043580055,0.3496465384960174,0.5248816013336182
8049,0.0049854572862386,0.3335024714469909,0.532935380935669,0.1285766661167144
8050,8.906747825676575e-05,0.0154543267562985,0.127391368150711,0.8570652008056641
8051,0.0001346960052615,0.0391398146748542,0.1987683922052383,0.7619571089744568
8052,0.0001411006523994,0.019982224330306,0.075412131845951,0.904464602470398
8053,0.0009806011803448,0.1501538753509521,0.4277485609054565,0.4211169481277466
8054,0.0014350920682772,0.2413453906774521,0.626002311706543,0.131217211484909
8055,0.0013496845494955,0.2612547576427459,0.4957743883132934,0.2416211515665054
8056,0.000611146679148,0.0813049376010894,0.3266311883926391,0.5914527177810669
8057,0.0003430108481552,0.0415493473410606,0.1617831438779831,0.7963244915008545
8058,0.0005119427805766,0.0860955268144607,0.2570337653160095,0.6563587188720703
8059,8.267912926385179e-05,0.0157558508217334,0.0684403032064437,0.9157211184501648
8060,0.0001651919301366,0.0182192306965589,0.0616348646581172,0.919980764389038
8061,0.0001973909966181,0.0394212938845157,0.168583482503891,0.7917978167533875
8062,0.0002206397766713,0.0327458456158638,0.161180704832077,0.8058528304100037
8063,7.594178168801591e-05,0.0110960230231285,0.0505120456218719,0.9383159875869752
8064,6.409460183931515e-05,0.0177716556936502,0.0847838297486305,0.8973804116249084
8065,0.0007002016645856,0.216586098074913,0.6267126202583313,0.1560011208057403
8066,0.0052864733152091,0.2507675290107727,0.5226444005966187,0.2213015705347061
8067,0.013096161186695,0.4763101041316986,0.4138253927230835,0.0967682749032974
8068,0.0014172949595376,0.2038735896348953,0.5288078784942627,0.2659012973308563
8069,5.3473602747544646e-05,0.0119136273860931,0.0707344636321067,0.917298436164856
8070,0.000126245082356,0.0181599743664264,0.1202827170491218,0.8614310026168823
8071,0.00171987072099,0.2083301544189453,0.4622006416320801,0.3277493119239807
8072,6.032458259142004e-05,0.0080253835767507,0.0348606742918491,0.957053542137146
8073,0.0003514918789733,0.0375737734138965,0.1332105994224548,0.8288642168045044
8074,0.0007028974941931,0.1517835855484008,0.5639444589614868,0.2835690677165985
8075,0.0006700238445773,0.1092138662934303,0.3525466620922088,0.5375694632530212
8076,6.31666844128631e-05,0.0138550084084272,0.0592503510415554,0.9268314838409424
8077,0.0002738069451879,0.0387756675481796,0.1821203976869583,0.7788301110267639
8078,0.0002555971150286,0.0314483679831028,0.1572319418191909,0.8110640645027161
8079,4.3571646529017016e-05,0.004881250206381,0.02023221924901,0.97484290599823
8080,0.0001085470430552,0.0166211891919374,0.0898533090949058,0.8934169411659241
8081,0.0003401551221031,0.0746097713708877,0.2905124723911285,0.6345375776290894
8082,0.000160194482305,0.0324965305626392,0.1550322622060775,0.8123109936714172
8083,2.6578021788736805e-05,0.0027110318187624,0.0168686062097549,0.9803937673568726
8084,0.0017628474161028,0.346603125333786,0.5538701415061951,0.0977638885378837
8085,0.001571817905642,0.4094164669513702,0.5509300827980042,0.0380816645920276
8086,0.0012986861402168,0.0954142585396766,0.3278653621673584,0.5754216313362122
8087,0.0004056918551214,0.0499158501625061,0.1688631623983383,0.7808153033256531
8088,0.0002436729264445,0.0356035977602005,0.1149298101663589,0.8492228388786316
8089,7.032779831206426e-05,0.0109384804964065,0.0783383175730705,0.9106529355049132
8090,0.0011296180309727,0.1990895271301269,0.5943715572357178,0.2054093182086944
8091,0.0005854541086591,0.0816247463226318,0.2553812563419342,0.6624085307121277
8092,3.607139296946116e-05,0.0043016341514885,0.0221895165741443,0.9734728336334229
8093,3.781334453378804e-05,0.0050305626355111,0.0211794581264257,0.9737521409988404
8094,0.0001180393228423,0.0164571907371282,0.0848926454782486,0.8985321521759033
8095,3.999840919277631e-05,0.0053212563507258,0.0270235706120729,0.9676151275634766
8096,0.0004711988731287,0.0488204807043075,0.1503776758909225,0.800330638885498
8097,0.0412771441042423,0.5971593260765076,0.3196363747119903,0.0419271625578403
8098,6.58010903862305e-05,0.0310354847460985,0.1931092739105224,0.7757894396781921
8099,0.0003920969611499,0.0505583882331848,0.1581832021474838,0.7908663153648376
8100,5.493911885423586e-05,0.0090960972011089,0.0484106801450252,0.9424382448196412
8101,0.0002182641619583,0.0568519681692123,0.3220883309841156,0.6208415031433105
8102,0.0001120630477089,0.0161199308931827,0.0757116079330444,0.9080563187599182
8103,0.0001266073377337,0.0300266463309526,0.1455049663782119,0.8243417739868164
8104,0.0002110532950609,0.0541214421391487,0.3066188395023346,0.6390485763549805
8105,0.000231295634876,0.0280171371996402,0.1400768756866455,0.8316746950149536
8106,4.73370382678695e-05,0.0088809868320822,0.0417119562625885,0.9493597149848938
8107,4.257883847458288e-05,0.0073879635892808,0.0399389527738094,0.9526305198669434
8108,2.0643110474338755e-05,0.0039338804781436,0.0334566757082939,0.9625887870788574
8109,5.332031287252903e-05,0.0051092985086143,0.0211774520576,0.9736599326133728
8110,0.0002313515578862,0.0476702824234962,0.1827388852834701,0.7693594098091125
8111,0.0002682643535081,0.0234054196625947,0.1116610094904899,0.8646653294563293
8112,0.0008922271663323,0.091009646654129,0.3328994512557983,0.5751986503601074
8113,0.0003216927580069,0.0949491560459137,0.3583344221115112,0.5463947057723999
8114,0.0003534802235662,0.0383813753724098,0.1145856156945228,0.8466795682907104
8115,0.0002613486431073,0.0321560278534889,0.1252078264951706,0.8423747420310974
8116,2.3045791749609638e-05,0.0038757058791816,0.0176432430744171,0.9784579873085022
8117,0.0001559515076223,0.0419106446206569,0.2265667915344238,0.7313665747642517
8118,0.0002680124016478,0.0404029600322246,0.1727815419435501,0.7865474224090576
8119,4.525183976511471e-05,0.0083581572398543,0.0405024737119674,0.951094090938568
8120,5.607213824987412e-05,0.0122988885268569,0.0840476378798484,0.9035972952842712
8121,0.0001078111308743,0.0173007640987634,0.0812577009201049,0.901333749294281
8122,7.199874380603433e-05,0.0089981434866786,0.0290463641285896,0.9618834853172302
8123,4.719344724435359e-05,0.0066833859309554,0.0318846516311168,0.9613847732543944
8124,9.299031080445276e-05,0.0185712557286024,0.1003952547907829,0.8809404373168945
8125,0.0001228289911523,0.0133369415998458,0.0368244722485542,0.9497156739234924
8126,0.0010341734159737,0.1006578728556633,0.291263222694397,0.6070446968078613
8127,0.0021252331789582,0.1913074105978012,0.5282166600227356,0.2783506512641907
8128,0.0023114399518817,0.1954629123210907,0.407379686832428,0.3948459327220917
8129,0.000232154270634,0.0313714072108268,0.159317135810852,0.8090792298316956
8130,0.0002795096661429,0.0492621809244155,0.191815048456192,0.7586432099342346
8131,0.0002274058351758,0.0312136616557836,0.1635479032993316,0.805010974407196
8132,0.0003712153120432,0.140685498714447,0.5564219355583191,0.3025213778018951
8133,0.0008012423058971,0.2022810727357864,0.6038997173309326,0.1930179446935653
8134,0.0003310800530016,0.0506963990628719,0.2381093353033065,0.7108631134033203
8135,0.0002101566351484,0.0311900079250335,0.112319529056549,0.8562802672386169
8136,0.0011076699011027,0.6501860618591309,0.3426239788532257,0.0060823033563792
8137,0.0012765631545335,0.293439507484436,0.5482171177864075,0.1570668369531631
8138,0.0003108095843344,0.0426616482436656,0.1768276095390319,0.7802000045776367
8139,7.724519673502073e-05,0.0090689314529299,0.0364331640303134,0.9544206261634828
8140,0.0006804885342717,0.1218213587999343,0.4456040263175964,0.4318942129611969
8141,0.0002870293392334,0.097509928047657,0.437009185552597,0.4651938378810882
8142,2.3134010916692205e-05,0.0035423790104687,0.0142310112714767,0.982203483581543
8143,3.0309907742775977e-05,0.0050183152779936,0.0235698726028203,0.9713815450668336
8144,2.388908978900872e-05,0.0026762499473989,0.0142433708533644,0.9830564856529236
8145,4.1719638829818e-05,0.0043906038627028,0.0173651743680238,0.9782025218009948
8146,0.0003267573774792,0.0739461928606033,0.4124387502670288,0.5132883191108704
8147,0.0002594078832771,0.178020104765892,0.7264331579208374,0.0952872857451438
8148,0.0001482023217249,0.0257149636745452,0.0955426841974258,0.878594160079956
8149,5.398886787588708e-05,0.0093677463009953,0.0498564317822456,0.940721869468689
8150,0.0001329586375504,0.0188291817903518,0.1153427213430404,0.8656951785087585
8151,0.0018503315513953,0.1665615439414978,0.4320277571678161,0.3995603621006012
8152,0.0001231781789101,0.0217095371335744,0.1506940573453903,0.8274732232093811
8153,4.941330189467408e-05,0.0065737823024392,0.0328668430447578,0.960509955883026
8154,9.167701500700788e-05,0.0090636005625128,0.0369851477444171,0.9538595080375672
8155,0.0002819897781591,0.0320882722735405,0.165523886680603,0.8021058440208435
8156,6.261417001951486e-05,0.0071250102482736,0.0299974177032709,0.9628149271011353
8157,2.8456155632738955e-05,0.0052559417672455,0.0239264424890279,0.970789074897766
8158,7.633131463080645e-05,0.0120592014864087,0.0593574680387973,0.9285070300102234
8159,3.6129189538769424e-05,0.0043763760477304,0.0205548293888568,0.9750325679779052
8160,0.0010978813515976,0.0899840295314788,0.2644777595996856,0.6444402933120728
8161,0.0011361101642251,0.1376184821128845,0.4238947927951813,0.4373506605625152
8162,2.0272040273994207e-05,0.0038032738957554,0.0208840835839509,0.9752923846244812
8163,0.0002414391638012,0.0563728287816047,0.2566241025924682,0.6867616176605225
8164,2.917882375186309e-05,0.0055605000816285,0.0295937433838844,0.9648165106773376
8165,3.720786480698735e-05,0.0048732687719166,0.0218404773622751,0.9732489585876464
8166,0.005447797011584,0.3819200098514557,0.538593590259552,0.0740385800600051
8167,0.0023009022697806,0.4119085669517517,0.504680871963501,0.0811095982789993
8168,0.0008113321382552,0.0494171380996704,0.1645841896533966,0.785187304019928
8169,7.820010796422139e-05,0.0142198773100972,0.0637290701270103,0.9219728708267212
8170,0.0010787495411932,0.2991073429584503,0.6042134165763855,0.0956004559993743
8171,4.556134808808565e-05,0.0085478462278842,0.0338073894381523,0.9575992822647096
8172,7.587738946313038e-05,0.0203914027661085,0.0988139063119888,0.8807188272476196
8173,8.695769065525383e-05,0.0148543287068605,0.0803017392754554,0.9047569632530212
8174,0.0010349071817472,0.1660745441913604,0.5796570777893066,0.2532334327697754
8175,0.0004387354128994,0.0773249194025993,0.4180145561695099,0.5042217969894409
8176,0.0001348729128949,0.0123320650309324,0.0527375563979148,0.9347954988479614
8177,8.821362280286849e-05,0.032913438975811,0.1570212244987487,0.8099771738052368
8178,0.0059466892853379,0.2162823528051376,0.4040685892105102,0.3737023472785949
8179,0.0001108139185816,0.0207899995148181,0.1355678290128708,0.8435313701629639
8180,0.0004502458905335,0.1209997534751892,0.4289813935756683,0.4495686292648315
8181,0.0006980534526519,0.1155745089054107,0.4865868389606476,0.3971405923366546
8182,0.0003838051343336,0.0543532632291317,0.2513269484043121,0.6939359307289124
8183,0.0001016455353237,0.0131065398454666,0.0534828640520572,0.9333089590072632
8184,7.310498040169477e-05,0.0097256461158394,0.0435873232781887,0.9466138482093812
8185,5.025945938541554e-05,0.0080652805045247,0.0449845232069492,0.9469000101089478
8186,3.808653127634898e-05,0.0069256401620805,0.0424246899783611,0.9506115317344666
8187,0.0007840073667466,0.0662982240319252,0.1859379857778549,0.746979832649231
8188,0.0001043390730046,0.0251351092010736,0.1424000859260559,0.8323605060577393
8189,0.001649149460718,0.3561171293258667,0.5602508783340454,0.0819828137755394
8190,0.000370991154341,0.0361092090606689,0.1544194966554641,0.809100329875946
8191,0.0001373778359265,0.0310890227556228,0.1415254771709442,0.8272481560707092
8192,0.0001766170753398,0.0529502965509891,0.4036724269390106,0.5432006120681763
8193,0.0003151606651954,0.0538365319371223,0.2691657245159149,0.6766825318336487
8194,0.0001305783953284,0.0193795543164014,0.0754593163728714,0.9050304889678956
8195,6.726737774442881e-05,0.0095261922106146,0.0337732844054698,0.9566332697868348
8196,0.0009514347766526,0.1082659661769867,0.3494868278503418,0.5412957668304443
8197,0.0008660192834213,0.1729542016983032,0.5583030581474304,0.2678767144680023
8198,0.0040271608158946,0.4372747540473938,0.5192766189575195,0.0394215136766433
8199,0.003401621710509,0.2499166280031204,0.5458680987358093,0.2008136659860611
8200,0.0007846666267141,0.1642276793718338,0.4980142712593078,0.3369733393192291
8201,0.0006521934410557,0.0967940837144851,0.3710496425628662,0.5315040946006775
8202,5.165164839127101e-05,0.0075469370931386,0.0492122136056423,0.9431891441345216
8203,0.0029540739487856,0.3258086442947387,0.5456268191337585,0.1256104260683059
8204,0.0009669191786088,0.1348090767860412,0.4152412116527557,0.4489828050136566
8205,0.0018209069967269,0.1380284428596496,0.3932064771652221,0.4669442176818847
8206,0.000610303832218,0.0673111975193023,0.2833907008171081,0.6486877799034119
8207,0.0003415431128814,0.0889628157019615,0.4517905116081238,0.4589051306247711
8208,0.0008405512198805,0.126713365316391,0.5170696377754211,0.3553764224052429
8209,0.0006993381539359,0.1087720021605491,0.5108770728111267,0.3796516060829162
8210,4.233617073623464e-05,0.0091420672833919,0.0436143688857555,0.9472011923789978
8211,8.096917008515447e-05,0.0095061426982283,0.0505929999053478,0.9398198127746582
8212,0.0005216079298406,0.0704857781529426,0.2171114683151245,0.711881160736084
8213,0.0010577719658613,0.1385407745838165,0.4201197624206543,0.4402816891670227
8214,0.0249540284276008,0.372471421957016,0.3903466761112213,0.2122278064489364
8215,0.0008218949078582,0.0508488379418849,0.2011110633611679,0.7472181916236877
8216,4.379390884423629e-05,0.0062019540928304,0.0291291531175375,0.9646250605583192
8217,7.947752601467073e-05,0.0158725939691066,0.0899243727326393,0.8941235542297363
8218,0.0001643240102566,0.0236375108361244,0.089207038283348,0.8869910836219788
8219,1.5966472346917726e-05,0.0019954324234277,0.0116637498140335,0.9863248467445374
8220,0.0004615867801476,0.1044584810733795,0.5304839611053467,0.3645959794521332
8221,0.0004526180564425,0.0284434631466865,0.0862537324428558,0.8848502039909363
8222,0.0002325426758034,0.0560191422700881,0.3223679065704345,0.6213803887367249
8223,5.3954336181050166e-05,0.009216614998877,0.0506091676652431,0.9401202201843262
8224,0.0085808103904128,0.312085896730423,0.4987118244171142,0.1806214451789856
8225,0.0438957661390304,0.4869044423103332,0.3733226060867309,0.0958771631121635
8226,0.0006199844065122,0.1127377301454544,0.3813868165016174,0.5052554607391357
8227,5.260146645014174e-05,0.0046616233885288,0.0196261666715145,0.9756596088409424
8228,9.022307494888082e-05,0.013815346173942,0.0619160830974578,0.9241782426834106
8229,0.0021373939234763,0.1807449907064438,0.3767049312591553,0.4404126703739166
8230,0.0007791463867761,0.1373206377029419,0.4645497500896454,0.3973504602909088
8231,0.0001058959896909,0.0348682627081871,0.2536491751670837,0.7113766670227051
8232,2.90802308882121e-05,0.0039296615868806,0.0193424709141254,0.9766987562179564
8233,8.537797111785039e-05,0.0205674115568399,0.11835727840662,0.8609899878501892
8234,0.003145687514916,0.3014284074306488,0.4816811978816986,0.2137447297573089
8235,0.0005132158403284,0.1295661032199859,0.627859354019165,0.2420613467693328
8236,2.306665010110009e-05,0.0029742964543402,0.0176592096686363,0.9793435335159302
8237,3.709765951498412e-05,0.0056805531494319,0.0239160228520631,0.9703662991523744
8238,0.0002138578420272,0.0388878248631954,0.1798154860734939,0.7810828685760498
8239,0.0078702736645936,0.3618457019329071,0.4646190702915191,0.1656650453805923
8240,0.0128592904657125,0.2174984067678451,0.3758035898208618,0.3938387632369995
8241,5.766600224887952e-05,0.012452389113605,0.1145100370049476,0.8729799389839172
8242,0.0003870770742651,0.0810137316584587,0.3105573952198028,0.6080418229103088
8243,7.403051131404936e-05,0.0106490645557641,0.0455402694642543,0.9437365531921388
8244,0.000303927285131,0.0616536997258663,0.3438767194747925,0.5941656827926636
8245,0.0002337011392228,0.0411886572837829,0.1934536397457122,0.7651239633560181
8246,0.0002976861142087,0.0892471447587013,0.412674605846405,0.4977805614471435
8247,6.49439898552373e-05,0.0133817922323942,0.1052559539675712,0.8812972903251648
8248,0.0001335350243607,0.0582493878901004,0.3624398708343506,0.5791772603988647
8249,0.0006194406305439,0.1380079984664917,0.5994793772697449,0.2618931531906128
8250,0.000316977588227,0.054146908223629,0.1980611681938171,0.7474749684333801
8251,0.0003450123767834,0.0417917929589748,0.1815352737903595,0.776327908039093
8252,0.0002277576568303,0.0322543159127235,0.1612614244222641,0.8062564134597778
8253,0.000455695495475,0.0526712387800216,0.2083187997341156,0.7385542988777161
8254,0.0012270762817934,0.1311719864606857,0.4168637096881866,0.4507371485233307
8255,0.000107412408397,0.0104546351358294,0.0483417399227619,0.9410962462425232
8256,0.0043435180559754,0.2334714084863662,0.4716252088546753,0.290559858083725
8257,0.0053364196792244,0.351445585489273,0.5034225583076477,0.1397953927516937
8258,0.0010256454115733,0.2470762431621551,0.6020388603210449,0.1498593240976333
8259,0.0003797096142079,0.1906427890062332,0.675887405872345,0.1330901086330413
8260,7.33886263333261e-05,0.0091718472540378,0.0404680892825126,0.9502866864204408
8261,0.0001628021564101,0.0194146987050771,0.1152703762054443,0.8651521801948547
8262,0.0001256964606,0.0239535067230463,0.1315306276082992,0.8443902134895325
8263,0.0237278025597333,0.4140647947788238,0.4339361488819122,0.1282712817192077
8264,6.86078128637746e-05,0.0100244404748082,0.044229906052351,0.9456769824028016
8265,0.0003411456127651,0.0556067191064357,0.2341130524873733,0.7099390029907227
8266,1.6624644558760338e-05,0.0031680960673838,0.016861043870449,0.9799542427062988
8267,3.1425926863448694e-05,0.0055386624298989,0.0334024094045162,0.9610275030136108
8268,0.0001036185349221,0.0140021499246358,0.0637415051460266,0.9221527576446532
8269,0.0001400122855557,0.0211068987846374,0.1088776737451553,0.8698753118515015
8270,0.0005419231019914,0.115208551287651,0.4628342092037201,0.4214153289794922
8271,0.0002003043191507,0.037579458206892,0.1332307457923889,0.8289895057678223
8272,8.070995681919158e-05,0.0330734774470329,0.1529302150011062,0.8139156103134155
8273,0.0009732855833135,0.2005467116832733,0.6373361945152283,0.1611438244581222
8274,7.532214658567682e-05,0.0208847448229789,0.1183201298117637,0.8607197403907776
8275,0.0001581441465532,0.0188592132180929,0.0722947567701339,0.9086878299713136
8276,0.0004159571544732,0.0710548460483551,0.2329798638820648,0.6955493688583374
8277,0.0001155221107183,0.0238034762442111,0.1369795501232147,0.8391014337539673
8278,0.0001210280679515,0.0168738849461078,0.0617221072316169,0.9212828874588012
8279,0.0001048652775352,0.0184819810092449,0.104707546532154,0.876705527305603
8280,0.0001252085639862,0.0169196482747793,0.0734956115484237,0.9094595909118652
8281,0.0003688737633638,0.0321833528578281,0.0975947901606559,0.8698529601097107
8282,0.0002604032924864,0.0392558835446834,0.1962670683860778,0.7642166018486023
8283,5.637903814204037e-05,0.0084991576150059,0.0392997115850448,0.9521448016166688
8284,0.0001139629748649,0.0107509419322013,0.0363699682056903,0.9527651071548462
8285,2.855479397112504e-05,0.0048778010532259,0.0360423512756824,0.9590513110160828
8286,0.0002517120447009,0.0324566550552845,0.2051323801279068,0.7621592283248901
8287,0.0007076253532432,0.1528045237064361,0.4856118261814117,0.360876053571701
8288,0.0009970618411898,0.143424317240715,0.3549785614013672,0.5006000399589539
8289,0.0183181222528219,0.2338701039552688,0.3622251152992248,0.3855866193771362
8290,8.319003245560452e-05,0.0103967916220426,0.0536307282745838,0.9358893036842346
8291,4.545262709143572e-05,0.0056805056519806,0.0239158235490322,0.9703581929206848
8292,4.172878107056022e-05,0.0065925209783017,0.0450517013669014,0.9483140707015992
8293,0.0013126637786626,0.1403211057186126,0.4124266803264618,0.4459396004676819
8294,0.0005473311757668,0.057601511478424,0.1948634088039398,0.7469877600669861
8295,0.0002607926726341,0.0346949994564056,0.1629544198513031,0.8020896911621094
8296,0.0003188392147421,0.048822034150362,0.1871539950370788,0.7637051343917847
8297,0.0014983663568273,0.3185407519340515,0.5590564608573914,0.1209044381976127
8298,0.0001555593335069,0.0278483033180236,0.119092084467411,0.8529040217399597
8299,7.229822222143412e-05,0.0135640017688274,0.0647102296352386,0.9216535091400146
8300,0.0001841780467657,0.067653402686119,0.4551593959331512,0.4770029485225677
8301,0.0002899460378102,0.0816600248217582,0.3332238793373108,0.5848261117935181
8302,3.666347765829414e-05,0.0070968479849398,0.0338571704924106,0.9590093493461608
8303,0.0001348643272649,0.0379830077290535,0.1869589388370514,0.7749232053756714
8304,0.0001385585637763,0.0318500138819217,0.2316928803920745,0.7363185286521912
8305,6.789659528294578e-05,0.0094662280753254,0.039854310452938,0.9506115317344666
8306,1.5273297321982682e-05,0.0029105751309543,0.0236201621592044,0.9734540581703186
8307,3.955655847676098e-05,0.0061524556949734,0.0218123514205217,0.9719956517219543
8308,0.0011072638444602,0.1951497197151184,0.5826094150543213,0.221133604645729
8309,0.0014504566788673,0.1082429885864257,0.3231538534164428,0.5671526789665222
8310,0.004955293610692,0.2314135730266571,0.5134134292602539,0.2502177059650421
8311,0.0008948596077971,0.094175636768341,0.2811565399169922,0.6237730383872986
8312,0.0001685196184553,0.0254043862223625,0.1461921483278274,0.8282349705696106
8313,3.631406434578821e-05,0.0103885047137737,0.0544318668544292,0.9351433515548706
8314,0.0005334631423465,0.0970047116279602,0.4020733833312988,0.5003884434700012
8315,0.0757784321904182,0.4096543192863464,0.3729945123195648,0.1415727585554123
8316,0.0001113840262405,0.0222446974366903,0.1028584390878677,0.8747854232788086
8317,0.0033041015267372,0.1361714303493499,0.3701523244380951,0.4903721511363983
8318,0.0007115903426893,0.1536607295274734,0.54477459192276,0.3008530735969543
8319,0.0001605256693437,0.0291899275034666,0.130820170044899,0.8398292660713196
8320,0.0022826003842055,0.225668117403984,0.4487946331501007,0.3232546746730804
8321,4.538401117315516e-05,0.0085145756602287,0.0375680699944496,0.95387202501297
8322,0.0001138634324888,0.0144543377682566,0.0627867802977562,0.9226449728012084
8323,6.121763726696372e-05,0.0130143826827406,0.0601778961718082,0.9267464876174928
8324,0.000144534104038,0.0239300522953271,0.1055843457579612,0.8703410625457764
8325,0.0005221111932769,0.1026551350951194,0.3754969239234924,0.5213258266448975
8326,5.1358369091758505e-05,0.0086371498182415,0.0387090221047401,0.9526025056838988
8327,9.624076483305544e-05,0.0116577688604593,0.0475709699094295,0.9406750202178956
8328,0.0004927122499793,0.1726981103420257,0.6620194911956787,0.1647896915674209
8329,0.0040336684323847,0.2783978581428528,0.5041134357452393,0.2134550511837005
8330,0.0003617140464484,0.0445048734545707,0.2368610799312591,0.7182722687721252
8331,0.0002876259386539,0.0279951319098472,0.1008143350481987,0.870902955532074
8332,7.404273492284119e-05,0.0104856984689831,0.0455477945506572,0.9438924193382264
8333,0.0022525622043758,0.1155344024300575,0.3395745158195495,0.5426384806632996
8334,0.0001407918025506,0.0190254393965005,0.106115385890007,0.8747183680534363
8335,0.0002238535525975,0.0221311617642641,0.0796973705291748,0.8979475498199463
8336,0.000343695981428,0.2358632385730743,0.7041575908660889,0.0596355646848678
8337,0.0002702841593418,0.0903976783156395,0.5041977167129517,0.4051342606544494
8338,0.001267539570108,0.103889487683773,0.2780227065086365,0.6168202757835388
8339,0.0003769707109313,0.0696276798844337,0.3823311924934387,0.5476641654968262
8340,0.0003631423751357,0.0468248762190341,0.1851959973573684,0.7676160335540771
8341,0.0007572587928734,0.223508596420288,0.6268453001976013,0.148888811469078
8342,0.0004798130830749,0.1289457082748413,0.5514308214187622,0.319143682718277
8343,8.123493171297014e-05,0.0178181044757366,0.0963237658143043,0.8857768774032593
8344,3.780511178774759e-05,0.0093962820246815,0.0469784550368785,0.9435874819755554
8345,0.0001351287792203,0.0176983773708343,0.0884863287210464,0.893680214881897
8346,3.4368495107628405e-05,0.0047174110077321,0.0232199076563119,0.972028374671936
8347,2.064659929601476e-05,0.0038735459093004,0.0181931536644697,0.977912664413452
8348,0.0007347906357608,0.1855047345161438,0.6474751234054565,0.166285365819931
8349,0.0002714197617024,0.1722654104232788,0.7366856932640076,0.0907774865627288
8350,5.1716226153075695e-05,0.0085624922066926,0.0470173321664333,0.9443683624267578
8351,0.0003060100716538,0.038244042545557,0.1177999377250671,0.8436500430107117
8352,0.0020479182712733,0.2056547552347183,0.5767729878425598,0.2155243307352066
8353,0.0001909915881697,0.0399737916886806,0.1937074512243271,0.7661278247833252
8354,0.0036374942865222,0.211409106850624,0.4139189124107361,0.3710345029830932
8355,3.821372229140252e-05,0.0061322660185396,0.0250234752893447,0.968805968761444
8356,0.0001265199389308,0.0329550541937351,0.2050532400608062,0.7618651986122131
8357,0.0001028850892907,0.0308452397584915,0.1980178952217102,0.7710339426994324
8358,1.563985279062763e-05,0.0025097720790654,0.0161120425909757,0.9813625812530518
8359,2.7549049264052883e-05,0.0048553817905485,0.0254403799772262,0.969676673412323
8360,6.23214291408658e-05,0.01388487406075,0.0716236308217048,0.914429247379303
8361,3.8662536098854616e-05,0.0049079968594014,0.0300651285797357,0.9649882316589355
8362,3.179951454512775e-05,0.0046462980099022,0.0228698812425136,0.9724521040916444
8363,0.0001028903570841,0.0208720006048679,0.0775488913059234,0.9014761447906494
8364,0.0008642437751404,0.1430901139974594,0.40130615234375,0.4547394514083862
8365,0.000525778857991,0.2558587491512298,0.6847134232521057,0.058902021497488
8366,4.411291592987254e-05,0.0074186515994369,0.0359497591853141,0.956587553024292
8367,0.0015115045243874,0.1566056162118911,0.3815933763980865,0.4602894783020019
8368,0.0014263294870033,0.143233984708786,0.4343516528606415,0.4209880232810974
8369,0.004461686592549,0.2218001931905746,0.4844561517238617,0.289281964302063
8370,0.0001052332881954,0.0105676716193556,0.0380556471645832,0.9512714147567748
8371,4.610089672496542e-05,0.0078750690445303,0.0381614975631237,0.9539173245429992
8372,0.0001995011552935,0.0325186848640441,0.1286138892173767,0.8386679291725159
8373,0.00495749944821,0.2243935465812683,0.4825219213962555,0.2881270051002502
8374,4.2269148252671584e-05,0.0054503357969224,0.0339131280779838,0.9605942964553832
8375,0.0001050660066539,0.0129271978512406,0.0519332103431224,0.9350345134735109
8376,0.0012510644737631,0.0704740658402443,0.2384106963872909,0.6898642182350159
8377,4.2541480070212856e-05,0.0057487031444907,0.0274255294352769,0.9667832255363464
8378,0.0316246598958969,0.3144459426403045,0.4165731966495514,0.2373562455177307
8379,0.000372959242668,0.0941570177674293,0.4491980671882629,0.4562718868255615
8380,0.0001012735738186,0.0159997045993804,0.0684220567345619,0.9154769778251648
8381,3.5767741792369634e-05,0.0046120211482048,0.0300741586834192,0.9652780294418336
8382,0.0002341065992368,0.1121566221117973,0.42994025349617,0.4576690196990967
8383,0.0001599172392161,0.0256623830646276,0.1243563368916511,0.8498213887214661
8384,0.0018316922942176,0.18108931183815,0.427675724029541,0.3894031941890716
8385,2.908374881371856e-05,0.0038092192262411,0.0193448103964328,0.976816952228546
8386,0.0001531564485048,0.0668084546923637,0.4156961739063263,0.517342209815979
8387,8.286205411422998e-05,0.0117346597835421,0.0559829324483871,0.9321995377540588
8388,4.27226405008696e-05,0.0058640982024371,0.0231929570436477,0.9709002375602722
8389,0.000353518204065,0.0623058192431926,0.2880991697311401,0.6492415070533752
8390,0.0015270538860931,0.2231212556362152,0.5522304177284241,0.2231212556362152
8391,0.0037711148615926,0.3557562232017517,0.5095972418785095,0.1308754086494445
8392,0.0001790410460671,0.0257545113563537,0.1602499634027481,0.813816487789154
8393,0.0019378152210265,0.1337451487779617,0.3750975728034973,0.489219456911087
8394,0.00079112657113,0.1138011589646339,0.3673546016216278,0.5180530548095703
8395,0.0014423514949157,0.12196996062994,0.3213480412960052,0.5552396178245544
8396,0.0016445984365418,0.2120604217052459,0.5675030946731567,0.2187919318675995
8397,0.0013790674274787,0.2078948765993118,0.5065674781799316,0.2841585874557495
8398,2.025911453529261e-05,0.004109697882086,0.021199433133006,0.9746705293655396
8399,0.0001012998909573,0.0139043955132365,0.0558589622378349,0.9301352500915528
8400,0.0010796169517561,0.1328348070383072,0.3725444376468658,0.4935411810874939
8401,0.0012582733761519,0.1097813174128532,0.3226652145385742,0.5662951469421387
8402,0.0001163666820502,0.0275979358702898,0.1401538699865341,0.8321318626403809
8403,0.0001188660171465,0.0350838787853717,0.1409445703029632,0.8238526582717896
8404,0.0004389744135551,0.0395152196288108,0.1538627445697784,0.8061831593513489
8405,0.0002332910516997,0.0392335206270217,0.1600972563028335,0.8004359602928162
8406,0.0001109068471123,0.0152230449020862,0.057451169937849,0.9272149205207824
8407,0.0001964117836905,0.1001664400100708,0.5500219464302063,0.349615216255188
8408,0.0013716804096475,0.1421185284852981,0.4048580229282379,0.451651781797409
8409,0.0002886147995013,0.0500782988965511,0.2583235204219818,0.6913095712661743
8410,3.736320650205016e-05,0.0070097781717777,0.0457094982266426,0.9472434520721436
8411,0.0001085825933841,0.0261573661118745,0.1209504380822181,0.8527836203575134
8412,0.0024567651562392,0.0706840902566909,0.1669335067272186,0.7599256634712219
8413,4.6812594518996775e-05,0.0054960073903203,0.0258134808391332,0.9686437845230104
8414,9.504022455075756e-05,0.0170141439884901,0.0683519393205642,0.9145389199256896
8415,0.0019801121670752,0.1477694660425186,0.3657329678535461,0.4845174849033355
8416,0.0006176378810778,0.1971120089292526,0.6362853646278381,0.165984958410263
8417,0.0060777803882956,0.4002701044082641,0.475332498550415,0.1183196231722831
8418,8.233731932705268e-05,0.0142865581437945,0.0736956819891929,0.9119353890419006
8419,0.0005105638992972,0.1155421584844589,0.5599012970924377,0.3240460157394409
8420,9.037558629643172e-05,0.0140566257759928,0.0601125657558441,0.9257404208183287
8421,0.000123323930893,0.0231370292603969,0.1352411210536956,0.8414985537528992
8422,6.162139470688999e-05,0.0079456837847828,0.0295217968523502,0.9624709486961364
8423,0.0060648485086858,0.266070008277893,0.4817905724048614,0.2460745573043823
8424,0.0003621266514528,0.0618593767285347,0.2298354655504226,0.7079430818557739
8425,4.2196981667075306e-05,0.0076730824075639,0.033330351114273,0.9589542746543884
8426,5.9955833421554416e-05,0.0082295211032032,0.0405071265995502,0.9512033462524414
8427,0.0001035652530845,0.0168811343610286,0.1171782910823822,0.8658369779586792
8428,0.0010607540607452,0.1325692385435104,0.308232694864273,0.5581372976303101
8429,3.676167398225516e-05,0.0059921513311564,0.0323932617902755,0.961577832698822
8430,0.000234154969803,0.0288101527839899,0.1157407611608505,0.8552150130271912
8431,0.0001953142200363,0.041522242128849,0.1748151779174804,0.7834672331809998
8432,7.696148531977087e-05,0.0133537836372852,0.0503966584801673,0.9361725449562072
8433,2.641164428496268e-05,0.0058843693695962,0.0349371135234832,0.959152102470398
8434,5.95986311964225e-05,0.0101807871833443,0.0442233234643936,0.9455363154411316
8435,9.739284723764284e-05,0.0182720478624105,0.0589828938245773,0.9226477146148682
8436,3.414997991058044e-05,0.003538248129189,0.0153694488108158,0.9810581207275392
8437,4.621822517947294e-05,0.0085366517305374,0.0498986467719078,0.9415184259414672
8438,1.5050636648084035e-05,0.0034060054458677,0.0222099442034959,0.9743690490722656
8439,0.001950342208147,0.1928195655345916,0.4772329926490783,0.3279971480369568
8440,0.0014270081883296,0.1188016161322593,0.3130005300045013,0.5667707920074463
8441,0.0006644471432082,0.0699268728494644,0.2120506167411804,0.7173579931259155
8442,2.333906195417512e-05,0.003864174708724,0.0205656699836254,0.9755468368530272
8443,0.0003009344509337,0.035331055521965,0.1970607787370681,0.7673071622848511
8444,0.0001563226833241,0.0737305358052253,0.488354742527008,0.4377583563327789
8445,0.0001741014857543,0.0821160152554512,0.5438960194587708,0.3738138973712921
8446,0.003130414057523,0.3094867765903473,0.4573917686939239,0.2299910187721252
8447,0.0005738705513067,0.1591183990240097,0.702063262462616,0.1382444500923156
8448,0.0009946926729753,0.1476254761219024,0.4916679263114929,0.3597119152545929
8449,4.575159982778132e-05,0.0101932054385542,0.057748444378376,0.932012677192688
8450,4.147646177443676e-05,0.0076608341187238,0.0348741523921489,0.9574235081672668
8451,6.506540375994518e-05,0.0116480374708771,0.0629686936736106,0.92531818151474
8452,0.0002009746967814,0.0440818779170513,0.1743472069501876,0.7813699245452881
8453,4.396616350277327e-05,0.0083784675225615,0.0529535487294197,0.9386240243911744
8454,0.0001557491923449,0.0320923216640949,0.1655447781085968,0.8022070527076721
8455,0.0002395095798419,0.0428771115839481,0.242915391921997,0.71396803855896
8456,5.556458927458152e-05,0.0127724548801779,0.1193029284477233,0.8678690791130066
8457,0.0001459663762943,0.0291511993855237,0.1703952997922897,0.8003075122833252
8458,3.60834164894186e-05,0.0046527255326509,0.0215139836072921,0.9737972617149352
8459,4.541746966424398e-05,0.0087913330644369,0.051387321203947,0.9397758841514589
8460,0.0001057608897099,0.0195343699306249,0.0822427719831466,0.8981171250343323
8461,0.0002750478452071,0.0280556418001651,0.125736653804779,0.8459326028823853
8462,0.0002367803826928,0.0194068830460309,0.059777408838272,0.920578956604004
8463,0.0001554206392029,0.0176856759935617,0.0607720501720905,0.9213868379592896
8464,0.0010403337655588,0.1695743650197982,0.5223258137702942,0.307059496641159
8465,0.0012364193098619,0.1670794785022735,0.4834604859352112,0.3482235372066498
8466,0.0006482393946498,0.1008243337273597,0.5120282769203186,0.3864991962909698
8467,0.000904326327145,0.1644423305988311,0.5225966572761536,0.312056690454483
8468,0.0017612416995689,0.3008597195148468,0.5363404154777527,0.1610385924577713
8469,0.0014875940978527,0.1447900980710983,0.3935803472995758,0.4601420164108276
8470,0.000163412594702,0.0331493429839611,0.1509046256542205,0.8157826066017151
8471,1.8700846339925192e-05,0.0046480069868266,0.0225235968828201,0.972809672355652
8472,3.3801050449255854e-05,0.0081426165997982,0.0506650656461715,0.9411585330963136
8473,0.0001064787866198,0.0135168964043259,0.0534603632986545,0.9329162836074828
8474,0.0006047280039638,0.0519430786371231,0.184154212474823,0.763297975063324
8475,0.0001075805557775,0.0147664789110422,0.071556307375431,0.9135696887969972
8476,3.974756691604853e-05,0.0048146741464734,0.0184565335512161,0.9766891002655028
8477,2.0367846445878968e-05,0.0032178137917071,0.0168601386249065,0.9799016714096068
8478,0.001032605418004,0.2300588637590408,0.4870345890522003,0.2818740010261535
8479,0.0001660822745179,0.034760370850563,0.277717113494873,0.6873564720153809
8480,6.502620090031996e-05,0.0297263879328966,0.3246215283870697,0.6455870270729065
8481,0.0005976016982458,0.0929483771324157,0.2908097803592682,0.6156442761421204
8482,0.0002379122597631,0.023156413808465,0.0659664869308471,0.910639226436615
8483,8.821552182780579e-05,0.0124928029254078,0.0551208294928073,0.9322981238365172
8484,0.0005155121325515,0.1184991300106048,0.4267317354679107,0.4542535841464996
8485,0.0011876906501129,0.1155999824404716,0.3731612861156463,0.5100510120391846
8486,0.0001148903247667,0.0222390014678239,0.1299919784069061,0.8476541042327881
8487,2.5298146283603277e-05,0.0038137035444378,0.0181941632181406,0.9779669046401978
8488,0.0006158310570754,0.1268927603960037,0.4498738944530487,0.4226174354553222
8489,0.0001217920289491,0.017519412562251,0.0977154374122619,0.8846433758735657
8490,0.0002026886650128,0.0398517362773418,0.1961571127176284,0.7637884616851807
8491,2.1771476895082745e-05,0.0046284422278404,0.0266348458826541,0.9687148928642272
8492,0.0001265199389308,0.0329550541937351,0.2050532400608062,0.7618651986122131
8493,8.558684930903837e-05,0.0155630782246589,0.0938573703169822,0.8904939293861389
8494,0.0001186780427815,0.0157885327935218,0.0664722099900245,0.9176205396652222
8495,0.0002920861006714,0.0961748957633972,0.4447081983089447,0.4588247835636139
8496,0.0002294449077453,0.0269378591328859,0.1082190871238708,0.8646135926246643
8497,3.484433545963839e-05,0.0077631282620131,0.0370358079671859,0.9551661014556884
8498,4.0202146919909865e-05,0.0081552769988775,0.049182616174221,0.942621886730194
8499,7.037732575554401e-05,0.011293651536107,0.0629909336566925,0.9256449937820436
8500,3.461858432274312e-05,0.005058198235929,0.0309852231293916,0.9639219641685486
8501,2.684210085135419e-05,0.0049578202888369,0.0202310029417276,0.9747843146324158
8502,0.0012595922453328,0.1225982904434204,0.441493421792984,0.434648722410202
8503,9.868646884569898e-05,0.0117686884477734,0.0677241310477256,0.9204084277153016
8504,0.0002451780892442,0.0369606763124465,0.1847917586565017,0.7780023217201233
8505,0.0001668210461502,0.0141069330275058,0.056672628968954,0.9290536046028136
8506,0.0004612787161022,0.0728751122951507,0.2352437525987625,0.6914198398590088
8507,3.9280294004129246e-05,0.006503514945507,0.0282499808818101,0.9652072191238404
8508,0.0004501157090999,0.1136359050869941,0.4222085773944855,0.4637054204940796
8509,9.004574530990794e-05,0.029649268835783,0.2406124621629715,0.729648232460022
8510,0.0004283815214876,0.0869000852108001,0.2805168926715851,0.6321545839309692
8511,2.617879727040417e-05,0.00468653999269,0.0296198427677154,0.9656674265861512
8512,0.0013096494367346,0.227240651845932,0.4886441528797149,0.2828055620193481
8513,0.000181177194463,0.0391233749687671,0.3487028479576111,0.611992597579956
8514,0.0001090891746571,0.0130092464387416,0.0748630464076995,0.912018656730652
8515,4.087540219188668e-05,0.004951290320605,0.0215074233710765,0.9735003709793092
8516,5.030516331316903e-05,0.0067978235892951,0.0304657258093357,0.9626861214637756
8517,0.0003691099118441,0.0506639294326305,0.1687366366386413,0.7802303433418274
8518,2.170924562960863e-05,0.0044038663618266,0.0296283867210149,0.9659459590911864
8519,0.0001024340817821,0.0147348325699567,0.059195127338171,0.925967574119568
8520,0.0003189621202182,0.0278286784887313,0.1327632069587707,0.8390892148017883
8521,0.0001806052459869,0.0247898306697607,0.1011579781770706,0.8738715648651123
8522,0.0008124566520564,0.0868499800562858,0.2398004978895187,0.672537088394165
8523,8.930441254051402e-05,0.0122578991577029,0.0584791675209999,0.9291735887527466
8524,0.0001695833780104,0.0298882201313972,0.0964803546667099,0.8734618425369263
8525,5.718262764276005e-05,0.0077271871268749,0.056211419403553,0.9360041618347168
8526,0.001053225249052,0.0631559565663337,0.1663937717676162,0.7693970203399658
8527,0.0002778140769805,0.0369594693183898,0.1847857236862182,0.777976930141449
8528,2.4756333004916087e-05,0.0042955349199473,0.0235871262848377,0.972092628479004
8529,0.0008557787514291,0.1086364090442657,0.4036332368850708,0.4868746101856231
8530,0.0058081299066543,0.2932817339897156,0.4760432243347168,0.224866896867752
8531,3.52769457094837e-05,0.0059326691552996,0.0270070880651474,0.9670249819755554
8532,0.0015667289262637,0.208432450890541,0.4771066308021545,0.3128941655158996
8533,0.0001138594379881,0.0194497555494308,0.178856611251831,0.8015797138214111
8534,6.734431372024119e-05,0.0143168652430176,0.1664280742406845,0.8191877007484436
8535,0.0010433321585878,0.2019549459218979,0.5077146887779236,0.2892870903015136
8536,0.0013722660951316,0.1742016375064849,0.4379428625106811,0.38648322224617
8537,0.0001345420168945,0.0170793700963258,0.0789742022752761,0.9038118720054626
8538,2.606075031508226e-05,0.0032569784671068,0.0202656015753746,0.9764513969421388
8539,0.000107796578959,0.0138996774330735,0.0705883875489234,0.9154041409492492
8540,0.0007340846350416,0.0565213821828365,0.1377229541540146,0.8050215840339661
8541,5.934060027357191e-05,0.008018797263503,0.0650748610496521,0.9268469214439392
8542,2.8516515158116817e-05,0.0049479734152555,0.0221752803772687,0.9728482961654664
8543,3.102002665400505e-05,0.0033159784507006,0.0179260093718767,0.9787269234657288
8544,0.0004412745765876,0.201726347208023,0.6931781768798828,0.1046542525291442
8545,0.0004917927435599,0.2015277445316314,0.6505395770072937,0.1474408507347107
8546,0.0002394626644672,0.035539411008358,0.1165292412042617,0.8476918935775757
8547,0.0014604055322706,0.1741582304239273,0.5281282663345337,0.2962530851364136
8548,0.0014648027718067,0.270553708076477,0.5638823509216309,0.1640991270542144
8549,0.0006010404322296,0.1163417547941207,0.3697333335876465,0.5133239030838013
8550,6.479021976701915e-05,0.01421111356467,0.0926681011915206,0.8930559754371643
8551,8.268844248959795e-05,0.0187126453965902,0.0935573354363441,0.8876473307609558
8552,0.0001798563171178,0.0207885634154081,0.1355584561824798,0.8434730768203735
8553,4.021706263301894e-05,0.0109781948849558,0.0750223472714424,0.913959264755249
8554,0.0003912900865543,0.0769336894154548,0.2369724661111831,0.6857025623321533
8555,0.00027734003379,0.0452064201235771,0.2902127206325531,0.6643034815788269
8556,0.0003572314744815,0.0505899861454963,0.1939312517642974,0.7551215291023254
8557,0.0014188352506607,0.1470042169094085,0.4820082783699035,0.3695685863494873
8558,0.0005207626381888,0.037083201110363,0.1314713805913925,0.8309246301651001
8559,0.0003893476969096,0.0517975278198719,0.2215099334716797,0.7263031601905823
8560,9.81988341663964e-05,0.0218781623989343,0.0763622894883155,0.9016613364219666
8561,0.0002240808826172,0.0388808473944664,0.2272672802209854,0.7336277365684509
8562,0.0004361756145954,0.0488639362156391,0.137042298913002,0.8136575818061829
8563,8.225187775678933e-05,0.014496480114758,0.0600862428545951,0.9253350496292114
8564,0.000837676168885,0.143093928694725,0.454751580953598,0.4013168811798095
8565,6.218407361302525e-05,0.0086697814986109,0.0498911514878273,0.9413769245147704
8566,3.972683407482691e-05,0.0050431038253009,0.0187374036759138,0.9761797189712524
8567,9.59635290200822e-05,0.013804062269628,0.0769928768277168,0.9091071486473083
8568,6.585462688235566e-05,0.0087610809132456,0.039882767945528,0.9512903690338136
8569,4.429524778970517e-05,0.0046616625040769,0.0196263305842876,0.9756677746772766
8570,0.0016319645801559,0.2921550273895263,0.6184921860694885,0.0877208411693573
8571,0.0009089646628126,0.1349023133516311,0.4354700148105621,0.4287187159061432
8572,0.0001389230747008,0.0155632924288511,0.0655239075422287,0.918773889541626
8573,0.0002326632238691,0.0209436751902103,0.0742517709732055,0.904571771621704
8574,5.817788405693136e-05,0.0123681556433439,0.1068445593118667,0.880729079246521
8575,0.0002623476029839,0.0377379059791564,0.1424213498830795,0.8195783495903015
8576,0.0014771993737667,0.3091720640659332,0.6245447397232056,0.0648059919476509
8577,0.0001049809216056,0.0356642305850982,0.1525165736675262,0.8117141723632812
8578,7.883264333941042e-05,0.0116998022422194,0.0441545918583869,0.9440667629241944
8579,0.0018769224407151,0.1467908024787902,0.3059383034706116,0.5453940033912659
8580,6.881644367240369e-05,0.0108719654381275,0.0552123934030532,0.9338468313217164
8581,3.361786002642475e-05,0.0033759512007236,0.01561024133116,0.980980098247528
8582,0.000689273700118,0.0760208889842033,0.2132058590650558,0.7100839614868164
8583,0.0008971178904175,0.0807559788227081,0.3399953246116638,0.5783515572547913
8584,0.0002667852677404,0.0594382993876934,0.3584588170051574,0.5818361043930054
8585,0.0040925564244389,0.3102240860462188,0.4657014608383178,0.2199818044900894
8586,2.642595791257918e-05,0.0058875582180917,0.034414105117321,0.9596718549728394
8587,2.881356340367347e-05,0.0043436544947326,0.0278850570321083,0.967742383480072
8588,2.3308504751184955e-05,0.0031497180461883,0.022557396441698,0.9742695689201356
8589,0.0008314017904922,0.1214779689908027,0.3741784393787384,0.5035121440887451
8590,0.0005169424694031,0.0829552486538887,0.3130698502063751,0.6034579277038574
8591,0.0002827509306371,0.0610571950674057,0.3858933448791504,0.552766740322113
8592,2.747437247307971e-05,0.0046204784885048,0.0283038634806871,0.967048168182373
8593,0.0003115437284577,0.0354512855410575,0.1446633636951446,0.8195737600326538
8594,0.0005472660996019,0.0343913435935974,0.1318355053663253,0.8332259654998779
8595,7.268215267686173e-05,0.011304666288197,0.0620748326182365,0.9265478253364564
8596,9.863657760433853e-05,0.0233930014073848,0.1388906389474868,0.8376177549362183
8597,0.0016025312943384,0.1634626388549804,0.4109450280666351,0.4239898025989532
8598,0.0010285761673003,0.0721087530255317,0.2637628614902496,0.6630997657775879
8599,0.002675944706425,0.2997810542583465,0.5099447965621948,0.1875982284545898
8600,0.000235924962908,0.0409359447658062,0.1619047969579696,0.7969233393669128
8601,0.0007934821187518,0.1159374341368675,0.4657624065876007,0.4175066947937011
8602,0.0027342874091118,0.2500087320804596,0.445688784122467,0.3015681207180023
8603,5.651449828292243e-05,0.0089284414425492,0.0513796396553516,0.9396353960037231
8604,0.0005661969771608,0.05866314843297,0.2588339745998382,0.6819366812705994
8605,0.0027472439687699,0.4340232908725738,0.4841879904270172,0.0790415182709693
8606,6.240999209694564e-05,0.0143459839746356,0.0980370044708252,0.8875546455383301
8607,0.0003007239138241,0.0713207498192787,0.2302262187004089,0.6981523036956787
8608,0.0002634541888255,0.048660822212696,0.2016934901475906,0.7493822574615479
8609,0.0015583713538944,0.169210135936737,0.4820348024368286,0.3471966683864593
8610,0.0001387421652907,0.0153020527213811,0.0952125713229179,0.8893465995788574
8611,0.0001161278632935,0.0169677007943391,0.056511066854,0.9264050722122192
8612,3.511077375151217e-05,0.0102024478837847,0.0569046884775161,0.9328578114509584
8613,2.475565815984737e-05,0.0064481855370104,0.0365314595401287,0.9569956064224244
8614,0.000766698794905,0.0900138691067695,0.2645654678344726,0.6446540355682373
8615,0.0002724312944337,0.050318919122219,0.2438385337591171,0.7055701613426208
8616,0.0002621798485051,0.0298340506851673,0.1379512399435043,0.8319525122642517
8617,3.069444574066438e-05,0.0030823780689388,0.0131816593930125,0.9837052822113036
8618,0.000446952675702,0.0205492079257965,0.0632960125803947,0.91570782661438
8619,0.002149551641196,0.1350823044776916,0.3449447751045227,0.5178233981132507
8620,6.69655273668468e-05,0.0118023389950394,0.0357901528477668,0.9523405432701112
8621,8.984992018667981e-05,0.0273614581674337,0.1729297488927841,0.7996190190315247
8622,0.0003635892062447,0.0621092170476913,0.2697901427745819,0.6677370071411133
8623,0.0058051086962223,0.4540073871612549,0.4757956266403198,0.0643919333815574
8624,9.10123999346979e-05,0.0100378757342696,0.0429265461862087,0.9469444751739502
8625,2.7177491574548185e-05,0.0050988183356821,0.0232111755758523,0.9716628193855286
8626,0.0003779719409067,0.0379564613103866,0.1501207053661346,0.8115448355674744
8627,9.62125850492157e-05,0.0087971687316894,0.0358979441225528,0.9552087783813475
8628,0.0007689127814956,0.176747515797615,0.5444206595420837,0.2780628800392151
8629,0.0033971283119171,0.3106153905391693,0.5803059339523315,0.1056815609335899
8630,7.054610614432022e-05,0.0126291960477828,0.073820486664772,0.913479745388031
8631,0.0004139124939683,0.0577082000672817,0.271042138338089,0.6708357334136963
8632,0.000189623577171,0.0355756245553493,0.167090505361557,0.7971442341804504
8633,0.0004316046251915,0.1912353038787841,0.6369108557701111,0.1714222282171249
8634,0.0010873024584725,0.1717774868011474,0.5209087133407593,0.3062264323234558
8635,5.975362000754103e-05,0.0070153423584997,0.0300008151680231,0.9629240036010742
8636,7.629518222529441e-05,0.0134466439485549,0.0584095604717731,0.9280675649642944
8637,2.1912197553319857e-05,0.0034617981873452,0.021540030837059,0.9749762415885924
8638,0.0002156280970666,0.0310174524784088,0.1434232294559478,0.8253437280654907
8639,0.0002783583186101,0.1022482737898826,0.4802366197109222,0.4172368049621582
8640,4.3203031964367256e-05,0.0102461837232112,0.0528538450598716,0.936856746673584
8641,5.6370852689724416e-05,0.0093331448733806,0.0678939521312713,0.9227164387702942
8642,0.0001238203985849,0.0126300239935517,0.0593203119933605,0.9279258251190186
8643,0.0001083559982362,0.0119507228955626,0.0385774038732051,0.9493634700775146
8644,0.0005111945210956,0.2411079853773117,0.6352348923683167,0.1231459006667137
8645,0.0052206688560545,0.1959041506052017,0.4212600886821747,0.3776150941848755
8646,0.0003132515121251,0.0416739471256732,0.1838740855455398,0.7741387486457825
8647,5.158589920029044e-05,0.0143033405765891,0.0726383626461029,0.913006603717804
8648,0.0029824764933437,0.13084377348423,0.3238414227962494,0.5423323512077332
8649,0.0004250580677762,0.0370852947235107,0.1444011926651001,0.8180884718894958
8650,0.0017545279115438,0.2158750593662262,0.5260124206542969,0.2563579976558685
8651,0.0001623334974283,0.0160490181297063,0.0654900074005127,0.918298602104187
8652,5.07076365465764e-05,0.0081372009590268,0.0364684015512466,0.955343782901764
8653,0.0002692966372705,0.0445865914225578,0.2127107381820678,0.7424334287643433
8654,0.0001299480936722,0.0343810208141803,0.1829805374145507,0.7825084328651428
8655,8.221607276936993e-05,0.0159143395721912,0.1418429613113403,0.8421604633331299
8656,7.069191633490846e-05,0.0136836413294076,0.1127954497933387,0.8734501004219055
8657,9.05251072254032e-05,0.0124254524707794,0.0602120198309421,0.9272720217704772
8658,0.0004137697396799,0.0866003930568695,0.3118599951267242,0.6011258363723755
8659,0.0001128210205934,0.0192723684012889,0.1218051090836525,0.8588096499443054
8660,0.0002611689269542,0.0474908538162708,0.1737143397331237,0.7785336375236511
8661,0.0001252417714567,0.0287889260798692,0.1682777255773544,0.8028081059455872
8662,0.0002503735304344,0.0414535515010356,0.2461210936307907,0.7121750116348267
8663,0.001396223437041,0.1296736598014831,0.3871340453624725,0.4817961156368255
8664,0.0003784958971664,0.065673790872097,0.2054751217365265,0.7284725904464722
8665,5.755541860708036e-05,0.0103035978972911,0.0621386393904686,0.9275002479553224
8666,0.0005439149681478,0.128996804356575,0.4792812764644623,0.3911779820919037
8667,0.0002086246968246,0.0385336428880691,0.2674764990806579,0.6937811970710754
8668,0.0009475295664742,0.1202836707234382,0.3480523526668548,0.5307164192199707
8669,0.0089500462636351,0.2457116395235061,0.3988293409347534,0.3465089499950409
8670,0.0018815166549757,0.1448687613010406,0.453254222869873,0.3999954462051391
8671,0.0005922476411797,0.0965363532304763,0.2927428483963012,0.6101285219192505
8672,0.0001870380801847,0.020628672093153,0.0882176384329795,0.8909665942192078
8673,8.356476610060781e-05,0.0064341300167143,0.0235350709408521,0.9699472188949584
8674,5.25268551427871e-05,0.0074386866763234,0.0333378836512565,0.959170937538147
8675,3.185192326782271e-05,0.0047272453084588,0.0211860425770282,0.9740548133850098
8676,4.421969424583949e-05,0.0066661341115832,0.0343865342438221,0.9589030742645264
8677,6.494756962638348e-05,0.0096390740945935,0.0521083399653434,0.9381876587867736
8678,0.0001294156536459,0.0283860862255096,0.1419215053319931,0.8295630812644958
8679,0.000328261143295,0.0429937280714511,0.1454459130764007,0.8112320899963379
8680,0.049833133816719,0.3858910799026489,0.4107789099216461,0.1534968763589859
8681,0.0384277962148189,0.6201931834220886,0.321751981973648,0.0196269955486059
8682,7.762014138279483e-05,0.0085608260706067,0.0323082208633422,0.95905339717865
8683,0.0001118867876357,0.0099155800417065,0.0398344583809375,0.9501380324363708
8684,8.068835450103506e-05,0.0163681767880916,0.0898789688944816,0.8936721086502075
8685,0.0002389480359852,0.0632196962833404,0.2461622655391693,0.6903790831565857
8686,4.382251427159645e-05,0.00725555466488,0.0424103513360023,0.9502902030944824
8687,0.0083846785128116,0.2450362294912338,0.4368243217468261,0.3097547888755798
8688,0.0002002937253564,0.0326478704810142,0.1251520812511444,0.8419997096061707
8689,3.4850567317334935e-05,0.0080109890550374,0.0514283329248428,0.9405258893966676
8690,0.0002219809684902,0.0233614295721054,0.0719582661986351,0.9044583439826964
8691,2.7369751478545368e-05,0.0056395712308585,0.030967341735959,0.96336567401886
8692,0.0006497114663943,0.0694528445601463,0.1947853416204452,0.7351121306419373
8693,8.711473492439836e-05,0.019714331254363,0.101694256067276,0.8785042762756348
8694,0.000309581082547,0.0504617094993591,0.2191956490278244,0.7300330400466919
8695,0.0002111670037265,0.068452775478363,0.3116151988506317,0.6197208166122437
8696,0.0004497275513131,0.0688642114400863,0.421844482421875,0.5088415145874023
8697,0.001073585357517,0.1147641167044639,0.3534983992576599,0.5306639075279236
8698,0.0005263376515358,0.0553921349346637,0.2368821203708648,0.7071993947029114
8699,6.888220377732068e-05,0.0063974056392908,0.0291226897388696,0.9644110202789308
8700,4.168230589129962e-05,0.0076988539658486,0.0450015254318714,0.9472578763961792
8701,6.0108432080596685e-05,0.0107606379315257,0.0648949444293975,0.9242843389511108
8702,0.0001493906602263,0.026743983849883,0.1915328949689865,0.7815737724304199
8703,0.0001983144320547,0.0532953254878521,0.2107870876789093,0.7357192039489746
8704,0.0006110938847996,0.0558751784265041,0.283757597208023,0.6597561240196228
8705,0.0005987759213894,0.0582798980176448,0.2199460119009018,0.7211752533912659
8706,0.000179246359039,0.0352426096796989,0.2227401435375213,0.7418379783630371
8707,9.398123802384362e-05,0.0158052127808332,0.0655107945203781,0.918590009212494
8708,4.1263749153586105e-05,0.0058436412364244,0.0266018062829971,0.9675132632255554
8709,1.4972421922720969e-05,0.0022221046965569,0.013193242251873,0.9845697283744812
8710,0.0016423675697296,0.1755657941102981,0.4625542461872101,0.3602375984191894
8711,0.0004855771258007,0.073200911283493,0.2636066079139709,0.6627069115638733
8712,0.0001927356061059,0.0295125059783458,0.1343487501144409,0.8359460234642029
8713,0.0069677182473242,0.325394332408905,0.4961671233177185,0.1714707762002945
8714,7.129180448828265e-05,0.0075027989223599,0.0249881371855735,0.9674378633499146
8715,4.743423778563738e-05,0.007493897806853,0.0411495938897132,0.9513090252876282
8716,7.29091843822971e-05,0.0143350753933191,0.0705597177147865,0.9150323271751404
8717,0.0018803435377776,0.238699272274971,0.5053263306617737,0.2540940344333648
8718,0.000115530565381,0.0528141893446445,0.2404242157936096,0.7066460251808167
8719,0.0005838371580466,0.1260737180709839,0.6303289532661438,0.2430134564638137
8720,0.0016859219176694,0.2835284769535064,0.6002297401428223,0.1145558506250381
8721,0.0013225621078163,0.1528674066066742,0.3965078592300415,0.4493022561073303
8722,3.6618464946514e-05,0.0041669001802802,0.0228807833045721,0.9729156494140624
8723,3.472976459306665e-05,0.0034876104909926,0.0142316278070211,0.9822460412979126
8724,2.6385403543827124e-05,0.0037954598665237,0.0228895545005798,0.973288595676422
8725,0.0001265213359147,0.0260698795318603,0.150021806359291,0.8237817883491516
8726,0.0030057397671043,0.1425793617963791,0.3163260817527771,0.538088858127594
8727,0.00180257728789,0.1477419883012771,0.3953780829906463,0.4550773799419403
8728,4.310798613005318e-05,0.0090223336592316,0.0561388432979583,0.9347956776618958
8729,0.000341225095326,0.0630253553390502,0.357062965631485,0.5795704126358032
8730,0.0007824362837709,0.2273594290018081,0.7003163695335388,0.0715418234467506
8731,0.0004881016502622,0.2000152021646499,0.6872982978820801,0.1121983677148819
8732,2.3537662855233062e-05,0.0051627610810101,0.0262186657637357,0.9685949683189392
8733,4.912996519124136e-05,0.0067435661330819,0.0382049046456813,0.9550023674964904
8734,0.0008366744732484,0.2015534937381744,0.6112033724784851,0.1864064931869506
8735,0.0008443617844022,0.2066085189580917,0.6265325546264648,0.1660146117210388
8736,0.0001607160666026,0.0118077844381332,0.035251535475254,0.9527799487113952
8737,1.7955177099793218e-05,0.0029266932979226,0.0182104967534542,0.978844940662384
8738,0.0101921362802386,0.2628586590290069,0.4471376538276672,0.2798115909099579
8739,8.232617983594537e-05,0.0147380689159035,0.0875039398670196,0.8976756930351257
8740,1.5297113350243308e-05,0.005707514937967,0.034420721232891,0.9598564505577089
8741,0.0003306019643787,0.0321780629456043,0.1376081258058548,0.8298832178115845
8742,0.0008128240006044,0.1064589321613311,0.408098816871643,0.4846293330192566
8743,3.927452053176239e-05,0.0062047848477959,0.0286906361579895,0.96506530046463
8744,0.0087391333654522,0.4017926454544067,0.484654426574707,0.1048138737678527
8745,0.0031867467332631,0.2531546354293823,0.4656226336956024,0.278035968542099
8746,0.0003372245118953,0.0787374228239059,0.4748474657535553,0.4460779130458832
8747,4.055834506289102e-05,0.0078507680445909,0.0411350838840007,0.950973629951477
8748,0.0002836410712916,0.0389324948191642,0.153981015086174,0.8068028092384338
8749,3.292252222308889e-05,0.0045189373195171,0.0196293666958808,0.975818693637848
8750,5.202653119340539e-05,0.0067084883339703,0.0282437894493341,0.9649956822395324
8751,0.000148031336721,0.0165836736559867,0.0635717213153839,0.9196965098381042
8752,7.971491868374869e-05,0.010278726927936,0.0498092882335186,0.939832329750061
8753,5.584615428233519e-05,0.0091029219329357,0.0476958937942981,0.9431453347206116
8754,0.0001512777962489,0.0246582757681608,0.0783638358116149,0.8968266248703003
8755,0.0001116851635742,0.0158164985477924,0.0790775120258331,0.904994249343872
8756,7.534572068834677e-05,0.0162701457738876,0.081345610320568,0.9023088812828064
8757,0.0003021606535185,0.0632410421967506,0.2349689900875091,0.7014878392219543
8758,0.0001431966375093,0.0196551326662302,0.0765323489904403,0.9036693572998048
8759,0.0001657331158639,0.0169052388519048,0.05993427708745,0.9229947328567504
8760,0.0002788201963994,0.0307514425367116,0.1378183811903,0.8311513066291809
8761,0.0002615150588098,0.0821655914187431,0.4802763164043426,0.4372965693473816
8762,0.000258399406448,0.0343766063451767,0.182957038283348,0.7824079394340515
8763,0.0002425581333227,0.0284774098545312,0.1126303300261497,0.858649730682373
8764,0.0091855050995945,0.2368973046541214,0.4937363862991333,0.260180801153183
8765,0.0003228420682717,0.0518073961138725,0.1865656077861786,0.7613041400909424
8766,0.0001968446449609,0.0194609425961971,0.0571988895535469,0.9231433272361756
8767,0.0031534919980913,0.1642903685569763,0.4195301532745361,0.4130259752273559
8768,0.0001515697949798,0.030746953561902,0.1636395156383514,0.8054619431495667
8769,5.191958916839212e-05,0.0087315319105982,0.0578333623707294,0.9333832263946532
8770,9.132521518040448e-05,0.0146552212536335,0.0926238596439361,0.8926295638084412
8771,0.0001234906085301,0.031667310744524,0.1766260713338852,0.7915831208229065
8772,3.0000395781826228e-05,0.0071149999275803,0.0313928537070751,0.9614622592926024
8773,0.0001389214594382,0.0115655222907662,0.0403676442801952,0.947927951812744
8774,0.0180011838674545,0.3292072117328644,0.4499729573726654,0.2028187066316604
8775,2.5829333026194945e-05,0.0066235433332622,0.0405741222202777,0.9527765512466432
8776,0.0014840590301901,0.2134773731231689,0.4886545836925506,0.2963839769363403
8777,0.0008671337855048,0.1266988515853881,0.408988893032074,0.4634451270103454
8778,0.0002721630444284,0.0345496013760566,0.1015469208359718,0.8636313080787659
8779,0.002236884785816,0.242884024977684,0.582648515701294,0.1722305715084076
8780,0.0002529877237975,0.1120937764644622,0.4646157622337341,0.4230374693870544
8781,0.0002862252586055,0.0871624648571014,0.5339348316192627,0.3786164820194244
8782,0.0008584595052525,0.1512991935014724,0.4733732640743255,0.3744691014289856
8783,0.0029831991996616,0.2685390412807464,0.5257738828659058,0.2027038931846618
8784,0.0005595376132987,0.072148784995079,0.1871397048234939,0.7401519417762756
8785,0.001831577392295,0.1098293215036392,0.3128746151924133,0.5754644870758057
8786,0.0019841529428958,0.2293369174003601,0.5088061690330505,0.2598727941513061
8787,0.0012837944086641,0.1965801268815994,0.5961218476295471,0.2060142010450363
8788,0.0001159314706455,0.0174767076969146,0.0860233679413795,0.8963840007781982
8789,7.014963193796575e-05,0.0090453447774052,0.0537046864628791,0.9371798634529114
8790,0.0001269603671971,0.0216876901686191,0.1118736118078231,0.8663117289543152
8791,3.95470779039897e-05,0.0053440649062395,0.0228536669164896,0.9717626571655272
8792,0.0004832008562516,0.0800020471215248,0.3641905188560486,0.5553242564201355
8793,3.007936902577057e-05,0.005469620693475,0.0305070914328098,0.9639931917190552
8794,0.0001066735057975,0.0148725546896457,0.0791537761688232,0.905867040157318
8795,4.405031722853892e-05,0.0057694525457918,0.0239137187600135,0.9702727794647216
8796,5.95818055444397e-05,0.0152788562700152,0.0684750825166702,0.9161864519119264
8797,9.715829946799204e-05,0.0300529655069112,0.2186202555894851,0.7512295842170715
8798,9.068813233170658e-05,0.0115123596042394,0.0448263548314571,0.943570613861084
8799,5.213337499299087e-05,0.0104116471484303,0.0668398961424827,0.9226962327957152
8800,0.0002150574582628,0.0256463177502155,0.0840910375118255,0.8900476098060608
8801,0.0004813868727069,0.0583110116422176,0.2738734185695648,0.6673341989517212
8802,0.0001344650518149,0.041592676192522,0.2547860443592071,0.7034868001937866
8803,0.0002400626253802,0.0881812795996666,0.5573228001594543,0.3542559146881103
8804,0.0483594387769699,0.466046929359436,0.3863664865493774,0.0992271155118942
8805,0.0019846044015139,0.0986590161919593,0.285479336977005,0.61387699842453
8806,0.0024956620763987,0.1544011533260345,0.3821465373039245,0.4609566926956177
8807,0.0001291251101065,0.0207210797816514,0.0700985118746757,0.9090512990951538
8808,0.0004375788848847,0.095978744328022,0.2777236998081207,0.6258599758148193
8809,0.0001501952647231,0.018479848280549,0.0909610018134117,0.890408992767334
8810,3.922310133930296e-05,0.0065963119268417,0.0295626185834407,0.9638018012046814
8811,3.1145922548603266e-05,0.0030314864125102,0.0142381936311721,0.9826991558074952
8812,5.325153324520216e-05,0.006059615407139,0.0214832015335559,0.9724039435386658
8813,9.943731129169464e-06,0.0020171529613435,0.0163697823882102,0.98160320520401
8814,0.0009183686925098,0.1221767514944076,0.3704963624477386,0.5064085125923157
8815,3.363447467563674e-05,0.0049917986616492,0.0287258177995681,0.9662486910820008
8816,0.0002377989003434,0.0358482599258422,0.1606607437133789,0.8032532334327698
8817,0.0001867729006335,0.0304439794272184,0.1204082742333412,0.8489609956741333
8818,0.0001416620216332,0.0330761931836605,0.1003023236989975,0.8664798736572266
8819,3.2773532439023256e-05,0.0059595261700451,0.0376653671264648,0.9563423991203308
8820,9.49541718000546e-05,0.0211552716791629,0.1337054371833801,0.8450443148612976
8821,3.348996688146144e-05,0.0042513669468462,0.0184670966118574,0.9772481322288512
8822,7.014456059550866e-05,0.014453375712037,0.1051410734653472,0.8803354501724243
8823,0.0002649488451424,0.0618620216846466,0.2408758252859115,0.6969972252845764
8824,6.302779365796596e-05,0.0154223917052149,0.1157514825463295,0.8687630891799927
8825,0.0001193679199786,0.0142350206151604,0.0481564551591873,0.9374891519546508
8826,0.0013742570299655,0.1828266382217407,0.5048004984855652,0.3109985888004303
8827,0.0005375982145778,0.1586747020483017,0.4887525141239166,0.352035254240036
8828,0.0011769445845857,0.2835240066051483,0.5727342367172241,0.1425648331642151
8829,0.0005053493077866,0.0641513168811798,0.3361288607120514,0.599214494228363
8830,0.0004514401080086,0.0833824053406715,0.4437726438045501,0.4723935127258301
8831,0.0001879542542155,0.0943671911954879,0.3791069686412811,0.5263378620147705
8832,2.7981348466710187e-05,0.0026812490541487,0.0123979710042476,0.9848928451538086
8833,3.083939373027533e-05,0.0051059806719422,0.0218355115503072,0.9730277061462402
8834,0.0001418716710759,0.0163981355726718,0.1020326316356659,0.8814274072647095
8835,0.0008028107113204,0.0520517602562904,0.1329188346862793,0.8142265677452087
8836,0.0005336100584827,0.0911526009440422,0.3837668001651764,0.5245470404624939
8837,0.0002571496297605,0.0393758565187454,0.1938147544860839,0.766552209854126
8838,0.0007286664913408,0.036794040352106,0.0984659492969513,0.864011287689209
8839,0.0087317265570163,0.3030319511890411,0.4409088790416717,0.2473274618387222
8840,0.0003874356043525,0.0476696230471134,0.194521814584732,0.75742107629776
8841,7.332952372962609e-05,0.0107143409550189,0.0544119030237197,0.934800386428833
8842,0.0010653921635821,0.1103843003511428,0.3619362115859985,0.5266140699386597
8843,0.0013743038289248,0.2311223745346069,0.5290443897247314,0.2384589910507202
8844,0.0002896052028518,0.0543333552777767,0.2937233448028564,0.6516537070274353
8845,0.0004052278818562,0.0506439283490181,0.1442711353302002,0.8046796917915344
8846,0.000135393886012,0.0234925393015146,0.1351902335882187,0.8411818742752075
8847,0.0002812205639202,0.0392081290483474,0.1729943752288818,0.7875162959098816
8848,0.0001461509236833,0.0220323018729686,0.1248214766383171,0.8530000448226929
8849,5.019999298383482e-05,0.0045188595540821,0.0196290295571088,0.9758018851280212
8850,0.0054720351472496,0.2515836656093597,0.4346975982189178,0.3082467317581177
8851,0.0002330347051611,0.0544105023145675,0.3603883683681488,0.5849680304527283
8852,2.470955223543569e-05,0.0053357775323092,0.0394263602793216,0.9552132487297058
8853,0.0007542083039879,0.2026870846748352,0.5774017572402954,0.2191569805145263
8854,4.830667603528127e-05,0.0053278058767318,0.0258178077638149,0.9688060879707336
8855,6.375655357260257e-05,0.0086155328899621,0.0411024130880832,0.9502183198928832
8856,0.0009136209846474,0.3152640461921692,0.5798593163490295,0.103963054716587
8857,0.0005944070871919,0.1782049089670181,0.6028594374656677,0.2183412313461303
8858,0.0003352171333972,0.0369715355336666,0.1212249994277954,0.8414682745933533
8859,0.002543149748817,0.3279228508472442,0.524019181728363,0.1455148607492447
8860,4.857229214394465e-05,0.0080419611185789,0.0477473177015781,0.9441621899604796
8861,1.796799733710941e-05,0.0033187461085617,0.0171193946152925,0.9795438647270204
8862,0.0001059827263816,0.0228858962655067,0.1446433067321777,0.8323648571968079
8863,8.472557237837464e-05,0.0097929444164037,0.0369581840932369,0.9531641602516174
8864,0.0009681962546892,0.1034982353448867,0.3447017669677734,0.5508318543434143
8865,0.0001194815995404,0.0171870663762092,0.087283119559288,0.8954103589057922
8866,3.396835018065758e-05,0.0068907081149518,0.0323640704154968,0.9607112407684326
8867,0.0006221876828931,0.0494264923036098,0.1646153479814529,0.785335898399353
8868,2.3850647266954184e-05,0.0049918475560843,0.0287260990589857,0.96625816822052
8869,0.0001699194981483,0.0435732975602149,0.1593844890594482,0.7968723177909851
8870,0.000284091947833,0.0308470968157053,0.1220026388764381,0.8468661308288574
8871,0.0002676948206499,0.0309413168579339,0.0923736989498138,0.8764172792434692
8872,9.693498577689752e-05,0.0065865870565176,0.0309356823563575,0.962380826473236
8873,0.000150093139382,0.0155510120093822,0.0517927818000316,0.9325061440467834
8874,0.0004808033991139,0.0670342221856117,0.2339724153280258,0.6985125541687012
8875,3.024509351234883e-05,0.0075172749347984,0.0381758697330951,0.9542766213417052
8876,0.001031837426126,0.1372722387313842,0.49433633685112,0.3673595786094665
8877,0.0016835896531119,0.1143973842263221,0.3208353817462921,0.5630836486816406
8878,6.7297434725333e-05,0.0107994144782423,0.0469105094671249,0.9422228336334229
8879,5.44618560525123e-05,0.0060066687874495,0.0300314556807279,0.9639074802398682
8880,0.0001313045650022,0.023141773417592,0.0807727202773094,0.8959542512893677
8881,0.0003805283922702,0.0630028918385505,0.2377704381942749,0.698846161365509
8882,0.000125716716866,0.0376902259886264,0.216892272233963,0.7452918291091919
8883,9.787156886886804e-05,0.017796928063035,0.0692969486117363,0.9128082394599916
8884,0.0001866468228399,0.0323855690658092,0.1451420485973358,0.8222857117652893
8885,0.0002412235335214,0.0166488923132419,0.04525638371706,0.9378535151481628
8886,0.0004895359161309,0.1143001094460487,0.6276310682296753,0.2575792670249939
8887,0.0001315922418143,0.0271147470921278,0.115955077111721,0.8567985892295837
8888,0.0001770185044733,0.0342649891972541,0.1609347611665725,0.8046231865882874
8889,0.0001531029847683,0.048103529959917,0.2224284559488296,0.7293148636817932
8890,0.0012639034539461,0.2446503043174743,0.5961276888847351,0.1579581201076507
8891,0.0001281581207877,0.0264071431010961,0.1519626230001449,0.821502149105072
8892,0.0271130688488483,0.3355063796043396,0.424119770526886,0.2132608145475387
8893,0.0001978902437258,0.0289141833782196,0.1125848591327667,0.8583030700683594
8894,0.0006077462458051,0.0490395501255989,0.1711648404598236,0.779187798500061
8895,0.0001530103036202,0.0137735474854707,0.0646911785006523,0.9213821887969972
8896,0.0003184286179021,0.2151354700326919,0.705402135848999,0.0791439190506935
8897,0.0005185869522392,0.1734435856342315,0.6753475069999695,0.1506903916597366
8898,0.001089766039513,0.1519365608692169,0.5303106904029846,0.3166629672050476
8899,4.15694375988096e-05,0.0047302832826972,0.0205474141985178,0.9746808409690856
8900,0.0001130588207161,0.0094124004244804,0.0303835961967706,0.9600908756256104
8901,1.8993252524524e-05,0.0036764715332537,0.0236019287258386,0.9727026224136353
8902,8.384962711716071e-05,0.0267596393823623,0.2385060638189315,0.7346504330635071
8903,0.0022108852863311,0.2763084769248962,0.5758763551712036,0.1456043422222137
8904,0.000465738645289,0.1396297663450241,0.5352556109428406,0.324648916721344
8905,0.0001301480806432,0.0244173165410757,0.1668620705604553,0.8085904717445374
8906,0.0001767558424035,0.0974670127034187,0.4723116457462311,0.4300446510314941
8907,9.644872625358404e-05,0.023234337568283,0.1316314786672592,0.8450376987457275
8908,0.0002155938855139,0.049557875841856,0.1870294660329818,0.7631970047950745
8909,0.0002735764137469,0.1020742654800415,0.5782901048660278,0.3193621039390564
8910,8.766117389313877e-05,0.0120323495939373,0.0468510687351226,0.941028892993927
8911,0.0002277554594911,0.0631502717733383,0.2576925456523895,0.6789294481277466
8912,2.123918602592312e-05,0.0034083134960383,0.0215412024408578,0.9750292897224426
8913,0.0003081418399233,0.0391169115900993,0.1499504595994949,0.8106244802474976
8914,0.004008499905467,0.2639915645122528,0.5588701367378235,0.1731298863887787
8915,5.062319542048499e-05,0.005760530475527,0.0254166517406702,0.968772292137146
8916,3.0503082598443143e-05,0.0056340154260396,0.0319188721477985,0.9624165892601012
8917,9.932122338796034e-05,0.0134214470162987,0.0601507574319839,0.9263285398483276
8918,3.4068852983182296e-05,0.0063917189836502,0.0300204344093799,0.9635537266731262
8919,0.0016813589027151,0.2917369306087494,0.617607057094574,0.0889747366309166
8920,7.897856266936287e-05,0.0098704574629664,0.0442363210022449,0.9458142518997192
8921,4.9567202950129285e-05,0.0077094677835702,0.0436771102249622,0.948563814163208
8922,0.0042441901750862,0.3533383309841156,0.5222001671791077,0.1202173009514808
8923,0.0137162739410996,0.4135725796222687,0.4542206227779388,0.118490532040596
8924,0.0023472637403756,0.2016181051731109,0.4687761068344116,0.3272584676742553
8925,5.455081554828212e-05,0.0079705417156219,0.0561977885663509,0.935777187347412
8926,6.978941382840276e-05,0.0160422697663307,0.0802062973380088,0.9036816358566284
8927,0.0001108375581679,0.0250828750431537,0.1178084909915924,0.8569977879524231
8928,4.9466430937172845e-05,0.0084499791264534,0.0299577787518501,0.9615426659584044
8929,0.0003304004785604,0.0446475818753242,0.1879733651876449,0.7670486569404602
8930,0.0013370300875976,0.1619562059640884,0.3824893832206726,0.4542173743247986
8931,0.0009049182408489,0.1594873070716858,0.4912554919719696,0.3483522832393646
8932,0.0003606353420764,0.0552220344543457,0.1700958460569381,0.774321436882019
8933,7.855183503124863e-05,0.0134184211492538,0.0888770073652267,0.8976259231567383
8934,0.0112186698243021,0.3833043277263641,0.492172509431839,0.1133045479655265
8935,0.0003271942259743,0.0643314495682716,0.2544358372688293,0.6809055805206299
8936,0.0017294798744842,0.2954340875148773,0.5519434809684753,0.1508929580450058
8937,0.0038908042479306,0.3394633531570434,0.5257710814476013,0.1308747828006744
8938,1.987306859518867e-05,0.0022263426799327,0.011306301690638,0.98644757270813
8939,8.449884626315907e-05,0.0112414471805095,0.0527984946966171,0.935875654220581
8940,0.0003832950897049,0.0464290305972099,0.1302134394645691,0.8229742050170898
8941,2.499731635907665e-05,0.002800402464345,0.0156193925067782,0.981555163860321
8942,7.848830136936158e-05,0.0169487539678812,0.0860728770494461,0.896899938583374
8943,6.467055936809629e-05,0.0115773510187864,0.0829137340188026,0.9054442644119264
8944,8.109556802082807e-05,0.0164507813751697,0.0992109104990959,0.8842572569847107
8945,0.0003015182446688,0.0602167397737503,0.1826050132513046,0.7568766474723816
8946,0.0004155104979872,0.0970161631703376,0.40212082862854,0.5004474520683289
8947,0.0003280435630585,0.0543131381273269,0.1955891251564026,0.7497696876525879
8948,0.0028878459706902,0.2900014519691467,0.5589923858642578,0.148118257522583
8949,0.0004266833711881,0.0907094851136207,0.3532008528709411,0.5556629300117493
8950,0.0001918237685458,0.0420747064054012,0.2786821126937866,0.6790513396263123
8951,0.0001606874720891,0.0412058793008327,0.1438226550817489,0.8148108720779419
8952,0.0045313583686947,0.2435681670904159,0.4843931496143341,0.2675072848796844
8953,0.0016938740154728,0.477060467004776,0.4999550580978393,0.0212906561791896
8954,0.0001267333864234,0.0144212851300835,0.0791884288191795,0.9062635898590088
8955,0.0003882179153151,0.0622984506189823,0.2243453413248062,0.7129680514335632
8956,0.0071567953564226,0.3043146729469299,0.5096311569213867,0.1788973808288574
8957,7.003065547905862e-05,0.0097637632861733,0.0398422516882419,0.9503239393234252
8958,0.0001867051032604,0.0146018778905272,0.0384708195924758,0.9467405676841736
8959,8.813291060505435e-05,0.0095695937052369,0.0442493557929992,0.9460928440093994
8960,9.885918552754448e-05,0.0151377422735095,0.0627442002296447,0.9220193028450012
8961,0.0020767608657479,0.1990009248256683,0.421284943819046,0.3776373863220215
8962,0.0003744693531189,0.1397185027599334,0.6069095134735107,0.2529975175857544
8963,0.0008038213127292,0.268841415643692,0.6250750422477722,0.1052798107266426
8964,0.0001611572224646,0.02014085277915,0.0821872502565383,0.897510826587677
8965,0.000124715079437,0.0171183589845895,0.0626163557171821,0.9201405644416808
8966,0.0003670431615319,0.0411191582679748,0.1704341769218444,0.7880796194076538
8967,7.595767237944528e-05,0.0129752783104777,0.1052981540560722,0.8816506862640381
8968,5.130572026246227e-05,0.0054844780825078,0.0278524793684482,0.9666118025779724
8969,2.0836421754211187e-05,0.0044296574778854,0.02394650131464,0.9716029167175292
8970,0.0007202977431006,0.0690208971500396,0.1997185796499252,0.7305402159690857
8971,0.0001889034174382,0.0312761440873146,0.1492101401090622,0.819324791431427
8972,0.0001896243047667,0.0355757623910903,0.1545340567827224,0.8097005486488342
8973,0.0339164473116397,0.3118898272514343,0.4398351907730102,0.2143585532903671
8974,0.0002126390318153,0.0269933566451072,0.0927553847432136,0.8800386190414429
8975,0.0004791649116668,0.0700118467211723,0.285692036151886,0.6438169479370117
8976,0.0001058366324286,0.0218077730387449,0.0932600125670433,0.8848263621330261
8977,5.307425089995377e-05,0.0092090489342808,0.0659526214003562,0.9247852563858032
8978,4.205276127322577e-05,0.0060491622425615,0.0382318831980228,0.955676794052124
8979,0.0001351983082713,0.0146800214424729,0.0481339395046234,0.9370508193969728
8980,0.0009864108869805,0.133295401930809,0.3857030272483825,0.4800151884555816
8981,0.0001025820965878,0.0162064302712678,0.0849156230688095,0.8987753391265869
8982,0.0021509120706468,0.3451630473136902,0.5780393481254578,0.0746467486023902
8983,0.0011981332208961,0.2754110097885132,0.5563455820083618,0.1670452207326889
8984,7.371770334430039e-05,0.0095054246485233,0.0358731038868427,0.9545477628707886
8985,0.0001071606020559,0.0166672952473163,0.0873303785920143,0.8958951830863953
8986,6.13766533206217e-05,0.0084245428442955,0.0477282851934433,0.9437857866287231
8987,2.417468567728065e-05,0.0057333540171384,0.030040631070733,0.9642019271850586
8988,0.0003527071676217,0.0531707182526588,0.2238570749759674,0.7226195335388184
8989,6.141664925962687e-05,0.0073241391219198,0.0333414301276207,0.9592729806900024
8990,0.0017342662904411,0.2167423814535141,0.5281257629394531,0.253397524356842
8991,0.000180966409971,0.0595866292715072,0.5067694783210754,0.433462917804718
8992,5.3320709412219e-05,0.0064588063396513,0.0349159762263298,0.9585718512535096
8993,0.0002483021235093,0.055320356041193,0.2809399366378784,0.6634913682937622
8994,0.0003105843497905,0.0460948087275028,0.1739600002765655,0.7796345949172974
8995,0.0008219910087063,0.0684325918555259,0.2503160238265991,0.6804294586181641
8996,0.000100773111626,0.014271168038249,0.0887981876730918,0.8968299031257629
8997,7.225587614811957e-05,0.0123429298400878,0.0519656762480735,0.935619056224823
8998,0.0045777158811688,0.1469290852546692,0.3110488951206207,0.5374442934989929
8999,0.0007656147354282,0.2295334637165069,0.6852602958679199,0.084440641105175
9000,8.895211976778228e-06,0.0018910510698333,0.018511326983571,0.9795886874198914
9001,6.632841177633964e-06,0.0016745225293561,0.015398621559143,0.982920229434967
9002,1.7018241123878397e-05,0.0040996661409735,0.023591948673129,0.9722913503646852
9003,0.0003310642205178,0.2167906463146209,0.6574094891548157,0.1254687905311584
9004,1.1134315172967035e-05,0.0023303683847188,0.0124025419354438,0.9852559566497804
9005,2.0271407265681773e-05,0.0128659084439277,0.1128947585821151,0.8742191195487976
9006,9.046884952113032e-05,0.1443513631820678,0.7563470602035522,0.0992111414670944
9007,1.409749256708892e-05,0.0052599250338971,0.0382633246481418,0.9564626812934875
9008,2.6444378818268888e-05,0.0081797642633318,0.0463415198028087,0.9454522132873536
9009,9.731524187372996e-06,0.0048859571106731,0.0344493575394153,0.96065491437912
9010,1.1213634934392758e-05,0.0048156697303056,0.0334273763000965,0.9617457389831544
9011,1.1972417269134894e-05,0.0038810283876955,0.0314956754446029,0.964611291885376
9012,9.183060319628568e-05,0.0266840327531099,0.1686482727527618,0.8045759201049805
9013,0.0004217292880639,0.0791214033961296,0.2475489974021911,0.6729078888893127
9014,2.932234747277107e-05,0.0060419063083827,0.0393981821835041,0.9545305371284484
9015,2.0574954760377292e-05,0.0076767345890402,0.0477662421762943,0.9445363879203796
9016,1.891641477413941e-05,0.019794413819909,0.2374067306518554,0.7427799105644226
9017,6.094835043768399e-06,0.0024975526612251,0.0209117550402879,0.9765846133232116
9018,0.0004495407338254,0.1730526983737945,0.5499603748321533,0.2765374481678009
9019,0.0002816438791342,0.2331397831439972,0.6337395906448364,0.132839024066925
9020,6.23051164438948e-06,0.0019883955828845,0.0151587529107928,0.9828466773033142
9021,5.274447630654322e-06,0.0021278639324009,0.0251251347362995,0.9727417826652528
9022,1.9223651179345325e-05,0.0057633044198155,0.0400052666664123,0.9542121887207032
9023,2.2618989532929845e-05,0.0193179454654455,0.1592395007610321,0.821419894695282
9024,6.4079827097884845e-06,0.002585164969787,0.017666395753622,0.9797419905662536
9025,8.581815927755088e-05,0.0139883561059832,0.0646815001964569,0.9212443828582764
9026,1.756937854224816e-05,0.0056070638820528,0.0365626513957977,0.95781272649765
9027,1.0226444828731474e-05,0.0042566042393445,0.0324506908655166,0.9632825255393982
9028,3.422625741222873e-05,0.014698389917612,0.1310053318738937,0.8542620539665222
9029,0.0004298526037018,0.1629082262516021,0.4863541424274444,0.3503077626228332
9030,1.7044976630131714e-05,0.0057905376888811,0.0354713462293148,0.9587210416793824
9031,0.0003243436221964,0.0899314954876899,0.3501715660095215,0.5595725178718567
9032,6.55335679766722e-05,0.0193425491452217,0.1451738774776458,0.8354180455207825
9033,3.8048174246796407e-06,0.0011769044212996,0.0092570697888731,0.989562213420868
9034,5.173862155061215e-05,0.0477784313261508,0.34217569231987,0.609994113445282
9035,0.0001664527662796,0.203635424375534,0.6888898015022278,0.1073083281517028
9036,2.2450420146924444e-05,0.0091997748240828,0.0669237598776817,0.9238539934158324
9037,9.403199510416016e-05,0.0487097799777984,0.2892032861709595,0.6619929075241089
9038,0.0004009898984804,0.1383699625730514,0.4608423411846161,0.4003867506980896
9039,1.0337304047425278e-05,0.001821898156777,0.0091089168563485,0.9890589118003844
9040,6.1366226873360574e-06,0.0017831727163866,0.0149303218349814,0.9832803010940552
9041,7.759613254165743e-06,0.0028951945714652,0.0287870988249778,0.968309998512268
9042,9.946823411155492e-06,0.0036537279374897,0.0296510644257068,0.9666852951049804
9043,5.92688811593689e-05,0.0275211315602064,0.2736442983150482,0.6987752318382263
9044,3.974204082624056e-05,0.0132918925955891,0.1112916469573974,0.8753767013549805
9045,2.7396046789363027e-05,0.0061036893166601,0.0295776315033435,0.9642912745475768
9046,0.0001235902745975,0.1535792350769043,0.6776233911514282,0.1686737984418869
9047,5.98285532760201e-06,0.0013752598315477,0.0095461951568722,0.9890725016593932
9048,9.332032641395926e-05,0.0514588579535484,0.3408381342887878,0.6076096892356873
9049,1.2934987353219183e-05,0.0027498754207044,0.0182138178497552,0.9790233373641968
9050,5.01497606819612e-06,0.001412411336787,0.0140436924993991,0.9845389127731324
9051,0.0004446553357411,0.6068575978279114,0.3857421576976776,0.0069555807858705
9052,0.0002146257465938,0.0276746116578578,0.1111788749694824,0.860931932926178
9053,0.000326056004269,0.0715172588825225,0.2496197819709777,0.6785368323326111
9054,8.145564061123878e-05,0.0449164137244224,0.4328660666942596,0.5221360921859741
9055,5.8794335927814245e-05,0.0196640137583017,0.1571051329374313,0.8231720328330994
9056,7.02699544490315e-05,0.0537968017160892,0.3400062620639801,0.6061267256736755
9057,4.30846057497547e-06,0.0014186424668878,0.0096946619451045,0.9888823628425598
9058,4.94835403515026e-05,0.1045990884304046,0.8099802136421204,0.0853712856769561
9059,4.303705736674601e-06,0.0012311777099967,0.0109733678400516,0.9877910614013672
9060,4.293929123377893e-06,0.001034400309436,0.0134143084287643,0.9855470657348632
9061,3.433281017350964e-05,0.0089427772909402,0.0498788058757782,0.9411440491676332
9062,3.6533067031996325e-05,0.0214443784207105,0.257195770740509,0.7213233113288879
9063,3.093925624853e-05,0.0105107184499502,0.0866407752037048,0.9028175473213196
9064,0.0002250339894089,0.0614283308386802,0.3822199404239654,0.5561267137527466
9065,1.0278819900122471e-05,0.0020528009627014,0.0144736571237444,0.9834632277488708
9066,0.000112318804895,0.0316333211958408,0.1395727545022964,0.8286815881729126
9067,0.0001545136328786,0.0533181689679622,0.4326924085617065,0.5138349533081055
9068,2.5410008674953133e-05,0.006722854450345,0.0411824770271778,0.9520692825317384
9069,7.4042736741830595e-06,0.0019589862786233,0.0144750587642192,0.983558475971222
9070,3.206262772437185e-05,0.0121512962505221,0.0667237415909767,0.9210928082466124
9071,6.874537120893365e-06,0.0016303897136822,0.0109689561650156,0.987393856048584
9072,2.097886499541346e-05,0.009590377099812,0.0569406859576702,0.9334478974342346
9073,3.247746644774452e-05,0.0091469120234251,0.0578102581202983,0.9330103397369384
9074,1.627872188691981e-05,0.0041097146458923,0.0211995188146829,0.9746744632720948
9075,0.0003640824870672,0.1256342977285385,0.5630538463592529,0.310947835445404
9076,0.0001423559151589,0.0611344315111637,0.2916560471057892,0.6470672488212585
9077,1.597858135937713e-05,0.0056005725637078,0.0376796014606952,0.9567038416862488
9078,7.742946763755754e-06,0.0024327617138624,0.0161134134978055,0.981446087360382
9079,0.0003622136136982,0.1531402021646499,0.479133278131485,0.367364227771759
9080,2.124760612787213e-05,0.0091247363016009,0.1164968237280845,0.8743571639060974
9081,1.351859373244224e-05,0.0043143033981323,0.0344690158963203,0.9612030982971193
9082,6.617364124394953e-05,0.1055861264467239,0.7801818251609802,0.1141658201813697
9083,1.6691659766365774e-05,0.0042803245596587,0.0270524844527244,0.9686504602432252
9084,7.762047061987687e-06,0.001869864296168,0.0142551166936755,0.9838671684265136
9085,8.626963790447917e-06,0.0021109483204782,0.0176747534424066,0.980205535888672
9086,5.8200057537760586e-05,0.0163913872092962,0.0886109992861747,0.8949394226074219
9087,3.287326035206206e-05,0.0098554966971278,0.0603722371160984,0.9297393560409546
9088,7.374357210210292e-06,0.0024663850199431,0.017941715195775,0.9795844554901124
9089,0.0001048822450684,0.0367617532610893,0.1647547334432602,0.798378586769104
9090,4.97303426527651e-06,0.0010907873511314,0.0072248382493853,0.9916793704032898
9091,8.985980457509868e-06,0.0012926060007885,0.0091137588024139,0.9895846247673036
9092,0.0018444781890138,0.1941141635179519,0.3800570666790008,0.4239842891693115
9093,3.5529781598597765e-05,0.0134653002023696,0.1403116434812545,0.8461875319480896
9094,0.0001504982210462,0.4149139523506164,0.5760509371757507,0.0088846143335103
9095,0.0001637571840547,0.1215109601616859,0.6366719007492065,0.2416533976793289
9096,0.0001008486724458,0.0231817606836557,0.0931294783949852,0.8835879564285278
9097,5.165313996258192e-05,0.0118733420968055,0.0738784223794937,0.9141966104507446
9098,3.97904386773007e-06,0.0011929285246878,0.0113181909546256,0.987484872341156
9099,9.936490096151827e-05,0.0748917534947395,0.5620937943458557,0.3629150390625
9100,5.7454030866210815e-06,0.0020777171012014,0.0179487373679876,0.9799678325653076
9101,3.820587880909443e-05,0.0059423753991723,0.0254123173654079,0.9686070680618286
9102,2.580728505563457e-05,0.0042728306725621,0.0287468004971742,0.9669545292854308
9103,1.1071042536059394e-05,0.0026669956278055,0.0176648646593093,0.9796571135520936
9104,1.8290718799107708e-05,0.0061174076981842,0.05714051425457,0.9367238283157348
9105,2.1748115614173003e-05,0.006622823420912,0.0554522164165973,0.9379031658172609
9106,1.2148337191320024e-05,0.0027065833564847,0.0184961408376693,0.9787850975990297
9107,2.143383608199656e-05,0.0042142239399254,0.0270541533827781,0.96871018409729
9108,6.375335942720994e-05,0.0112362103536725,0.0677630230784416,0.9209370017051696
9109,4.188446837360971e-05,0.0466552227735519,0.4357897341251373,0.51751309633255
9110,6.420132558559999e-05,0.0157095454633235,0.0992873832583427,0.8849388360977173
9111,9.532285912428053e-05,0.0240651406347751,0.1406661421060562,0.8351733684539795
9112,3.636287510744296e-05,0.0091801444068551,0.0689008086919784,0.921882688999176
9113,1.402815632900456e-05,0.0026318477466702,0.0153837408870458,0.9819704294204712
9114,6.631824362557381e-05,0.009842500090599,0.0469559393823146,0.9431352615356444
9115,5.422224148787791e-06,0.0016772003145888,0.0138253094628453,0.9844920635223388
9116,8.784358215052634e-06,0.0029379657935351,0.0296724010258913,0.967380940914154
9117,6.283159109443659e-06,0.001274581067264,0.0075675356201827,0.9911516308784484
9118,4.894643097941298e-06,0.0011251159012317,0.0074522132053971,0.9914177656173706
9119,4.6529727114830166e-05,0.0569236651062965,0.5659955143928528,0.3770343065261841
9120,1.2108976989111396e-05,0.0031540640629827,0.02121995203197,0.9756138920783995
9121,9.89600994216744e-06,0.0048156757839024,0.0334274172782897,0.9617469310760498
9122,1.5714082110207528e-05,0.0045661800540983,0.0246845372021198,0.9707334637641908
9123,9.84314174274914e-05,0.0542772263288497,0.2843923568725586,0.6612319946289062
9124,5.446370778372511e-05,0.0233893152326345,0.1898110955953598,0.7867450714111328
9125,2.0746856534969996e-05,0.0076208617538213,0.0399304591119289,0.9524279236793518
9126,0.0004222087445668,0.1900181472301483,0.5498356819152832,0.2597240209579468
9127,0.0001086121337721,0.0657775029540062,0.2902239561080932,0.6438899636268616
9128,2.392723035882227e-05,0.0104373097419738,0.093026727437973,0.8965120911598206
9129,7.627494596817996e-06,0.0020821045618504,0.0158731527626514,0.9820371866226196
9130,5.750842683482915e-05,0.0149794034659862,0.0725881159305572,0.912375032901764
9131,7.216535777843092e-06,0.0013968851417303,0.0095459772273898,0.9890499114990234
9132,9.564165338815656e-06,0.001851309207268,0.0086951730772852,0.989443838596344
9133,3.114937726422795e-06,0.0008113578078337,0.0065844045020639,0.9926010966300964
9134,5.023583071306348e-06,0.0017334924777969,0.0120328227058053,0.9862285852432252
9135,4.02824480261188e-05,0.0084309596568346,0.0470241196453571,0.9445046782493592
9136,1.889129271148704e-05,0.0046225469559431,0.0278775244951248,0.967481017112732
9137,0.0002864488342311,0.0572072006762027,0.2563848793506622,0.6861215233802795
9138,0.0002108670887537,0.0593883283436298,0.2500342130661011,0.6903666257858276
9139,5.6979115470312536e-06,0.001507525332272,0.0113146072253584,0.9871721863746644
9140,6.644507811870426e-05,0.0477866046130657,0.4463575482368469,0.5057893991470337
9141,2.051640512945596e-05,0.0050201988779008,0.0232131648808717,0.9717460870742798
9142,0.0001950441073859,0.079925537109375,0.4599397182464599,0.4599397182464599
9143,2.814041727106087e-05,0.0071043097414076,0.0328499972820282,0.9600176215171814
9144,4.319098934502108e-06,0.0008625747286714,0.0078091146424412,0.9913240671157836
9145,1.120946581067983e-05,0.0028744987212121,0.0205863527953624,0.9765278697013856
9146,1.3751856386079451e-05,0.0028335873503237,0.0193640533834695,0.9777886271476746
9147,8.300718036480248e-06,0.0036778810899704,0.0383244045078754,0.9579894542694092
9148,0.0001220972044393,0.0178398936986923,0.081211932003498,0.900826096534729
9149,5.894700734643266e-06,0.0013133072061464,0.0088356835767626,0.9898451566696168
9150,0.0002142758894478,0.1200170889496803,0.6590234637260437,0.2207452058792114
9151,5.589219199464424e-06,0.001928677316755,0.0144755262881517,0.9835901856422424
9152,2.8657452276092957e-05,0.0128974979743361,0.1242950707674026,0.8627787232398987
9153,0.0001045842873281,0.0435316413640975,0.3166708946228027,0.6396928429603577
9154,5.579165372182615e-05,0.0130266081541776,0.0593005716800689,0.927617073059082
9155,8.587002412241418e-06,0.0031053281854838,0.0212210640311241,0.9756650328636168
9156,6.504573320853524e-06,0.0021085494663566,0.0187932960689067,0.9790915846824646
9157,3.412930254853564e-06,0.000784519361332,0.0089783482253551,0.9902336597442628
9158,7.871584966778755e-05,0.0298322290182113,0.2007056474685669,0.7693833112716675
9159,2.0287603547330942e-05,0.0078098033554852,0.0752642080187797,0.9169058203697203
9160,8.653118857182562e-05,0.0401802062988281,0.3312090039253235,0.6285242438316345
9161,1.2036312000418548e-05,0.005857206415385,0.0394061915576458,0.9547245502471924
9162,7.887969331932254e-06,0.0018417359096929,0.0138229960575699,0.9843273758888244
9163,2.272752135468181e-05,0.0082189813256263,0.0710011720657348,0.9207571744918824
9164,6.332588782242965e-06,0.0015987209044396,0.0149330794811248,0.983461856842041
9165,8.855684427544475e-05,0.0857031345367431,0.5856746435165405,0.3285336792469024
9166,2.323035369045101e-05,0.0192296728491783,0.1882375180721283,0.7925095558166504
9167,1.1163760973431636e-05,0.0030954016838222,0.0243472196161746,0.9725462198257446
9168,5.775336376245832e-06,0.0026817410252988,0.0275111477822065,0.9698013663291932
9169,9.54648476181319e-06,0.0033460904378443,0.0243411362171173,0.9723032116889954
9170,0.0002069578476948,0.2695178985595703,0.699076235294342,0.0311989616602659
9171,3.0137834983179342e-05,0.0058336975052952,0.0282692890614271,0.9658668637275696
9172,4.543197792372666e-05,0.0134094664826989,0.0610434524714946,0.9255016446113586
9173,1.5508452634094283e-05,0.0036210170947015,0.0232459250837564,0.9731175303459167
9174,0.0005375674809329,0.1562057733535766,0.4380898773670196,0.405166894197464
9175,1.12460256787017e-05,0.0028838738799095,0.0173919852823019,0.9797128438949584
9176,8.018582775548566e-06,0.0016782584134489,0.0132005242630839,0.9851131439208984
9177,1.5494484614464454e-05,0.0021267686970531,0.0103060267865657,0.9875516295433044
9178,0.0001622556010261,0.0248452760279178,0.0853740945458412,0.8896183967590332
9179,5.590046930592507e-05,0.013257554732263,0.0716696679592132,0.9150169491767884
9180,9.176314051728696e-05,0.0306905712932348,0.1397116184234619,0.8295060396194458
9181,1.7367929103784263e-05,0.0037504280917346,0.0193461775779724,0.976885974407196
9182,8.60417367221089e-06,0.0010753188980743,0.0059046614915132,0.9930114150047302
9183,1.329960741713876e-05,0.0089854300022125,0.1299928277730941,0.8610084056854248
9184,0.0004123492108192,0.1400837302207946,0.5286704301834106,0.3308334946632385
9185,0.0001007948958431,0.0342421531677246,0.2778850197792053,0.6877720355987549
9186,0.0002453587949275,0.1764594763517379,0.6354550123214722,0.1878401339054107
9187,4.099127545487136e-05,0.0128790764138102,0.0981850549578666,0.8888949155807495
9188,2.930557457148097e-06,0.0007059664349071,0.0052164252847433,0.9940747618675232
9189,0.0001609169412404,0.0301899164915084,0.2031121104955673,0.7665370106697083
9190,0.0003032446256838,0.2672099173069,0.6310654282569885,0.1014214381575584
9191,1.3205593859311192e-05,0.0043481923639774,0.0419041663408279,0.9537343978881836
9192,3.787843888858333e-05,0.0205631740391254,0.1832775622606277,0.7961214184761047
9193,2.6843965315492824e-05,0.0118940183892846,0.154243990778923,0.8338351249694824
9194,0.0002102572470903,0.1560149043798446,0.6776978373527527,0.1660770028829574
9195,7.560106314485893e-05,0.0351048782467842,0.3228184282779693,0.6420010924339294
9196,7.487434049835429e-05,0.0172111261636018,0.0860502123832702,0.8966637849807739
9197,3.0868111934978515e-05,0.0175616648048162,0.1493576020002365,0.8330497741699219
9198,1.858600080595352e-05,0.0063140564598143,0.0418211966753006,0.9518460631370544
9199,2.9725837521255016e-05,0.0114430924877524,0.1211175173521041,0.8674095869064331
9200,9.551263792673126e-05,0.0487097091972827,0.289202868938446,0.6619918942451477
9201,2.631737334013451e-05,0.0164442211389541,0.2034863978624344,0.7800430655479431
9202,5.433089245343581e-05,0.0101931169629096,0.0577479414641857,0.9320045709609984
9203,1.0857527740881778e-05,0.0067842472344636,0.0764378830790519,0.9167670011520386
9204,1.05568242361187e-05,0.0025036938022822,0.0184999350458383,0.9789859056472778
9205,1.827287815103773e-05,0.0053097121417522,0.0291560553014278,0.965515911579132
9206,6.967092758713989e-06,0.0020244896877557,0.0127951698377728,0.9851734638214112
9207,0.0001179022729047,0.1712887734174728,0.7325091361999512,0.0960842818021774
9208,0.0002665237698238,0.062229748815298,0.2579351365566253,0.6795685887336731
9209,6.209502316778526e-06,0.0019509677076712,0.0185102652758359,0.9795325398445128
9210,5.753032746724784e-05,0.042688600718975,0.2574452459812164,0.699808657169342
9211,3.3891901694005355e-05,0.0162370521575212,0.1109601110219955,0.8727689385414124
9212,4.308008556108689e-06,0.0017931438051164,0.0247535891830921,0.9734489917755128
9213,1.1693393389577976e-05,0.0036169956438243,0.024334467947483,0.972036838531494
9214,1.8161690604756583e-05,0.0033545214682817,0.0218742303550243,0.9747530817985536
9215,2.8755699531757276e-05,0.0238034576177597,0.2121578902006149,0.7640098929405212
9216,2.3503323973272927e-05,0.00948191806674,0.0819112658500671,0.9085832834243774
9217,7.411287242575781e-06,0.0016771970549598,0.013825281523168,0.9844900965690612
9218,4.4806824007537216e-05,0.0175202134996652,0.1513515412807464,0.8310834169387817
9219,0.0002633526164572,0.1475052386522293,0.6307998299598694,0.2214315831661224
9220,0.0002207056095357,0.0810709223151207,0.452177345752716,0.4665310084819793
9221,5.031194086768664e-05,0.01709202863276,0.0923986360430717,0.8904590606689453
9222,0.0003254865296185,0.129274845123291,0.6363130807876587,0.2340865433216095
9223,1.0796966307680124e-05,0.0028566080145537,0.0266825538128614,0.9704500436782836
9224,2.809083707688842e-05,0.0132492138072848,0.1276846081018448,0.8590380549430847
9225,5.070951738161966e-05,0.0149671584367752,0.0874864012002945,0.8974957466125488
9226,2.8368526727717835e-06,0.0008774940506555,0.0062843649648129,0.9928353428840636
9227,7.069598268572008e-06,0.0017847856506705,0.0140384268015623,0.9841697216033936
9228,8.413762407144532e-05,0.0814263224601745,0.7487825155258179,0.1697070151567459
9229,6.015368853695691e-06,0.0027498942799866,0.0182139426469802,0.9790301322937012
9230,2.2044630895834416e-05,0.0097675314173102,0.0971191674470901,0.8930912613868713
9231,9.988967576646246e-06,0.0022605340927839,0.0116607211530208,0.9860687255859376
9232,1.1386763617338149e-05,0.0040539684705436,0.0193404015153646,0.9765942692756652
9233,0.0002438618685118,0.2148836404085159,0.7045763731002808,0.0802961513400077
9234,0.0006624854286201,0.0665276944637298,0.2395754158496856,0.6932344436645508
9235,3.3090236684074625e-05,0.0206761974841356,0.2154509127140045,0.763839840888977
9236,3.114038554485887e-05,0.0056625548750162,0.0270145405083894,0.9672918319702148
9237,3.790062464759103e-06,0.0012676023179665,0.0130039360374212,0.985724687576294
9238,7.488670235034078e-06,0.0027081370353698,0.0179373659193515,0.9793469309806824
9239,4.526058546616696e-06,0.0009326001745648,0.0078085656277835,0.9912543892860411
9240,2.521585520298686e-05,0.0058875656686723,0.0344141460955143,0.9596731066703796
9241,2.556120125518646e-05,0.0051048714667558,0.0371353849768638,0.9577341675758362
9242,3.2592230127193034e-05,0.0038264736067503,0.0148993665352463,0.9812415838241576
9243,0.0003334764332976,0.2051398456096649,0.7049077153205872,0.0896189585328102
9244,5.91325806453824e-06,0.0021384188439697,0.0202887523919343,0.97756689786911
9245,2.885549292841461e-05,0.0217485055327415,0.2909918129444122,0.6872307658195496
9246,1.5246525435941294e-05,0.0039097415283322,0.0243272315710783,0.9717478156089784
9247,1.2890140169474762e-05,0.0058013019151985,0.0485737100243568,0.9456120729446412
9248,8.086114394245669e-05,0.0177361164242029,0.1004819422960281,0.8817010521888733
9249,7.307373743969947e-05,0.288577526807785,0.7031630277633667,0.0081863151863217
9250,3.270480874562054e-06,0.0007286452455446,0.0048261871561408,0.9944419264793396
9251,6.739224772900343e-05,0.0934241414070129,0.5904586911201477,0.3160497844219208
9252,8.054320642258972e-05,0.0636190921068191,0.428017258644104,0.5082830786705017
9253,5.514955773833208e-06,0.0023683852050453,0.0271047353744506,0.9705213308334352
9254,2.9788084248139057e-06,0.0006137872114777,0.0046067293733358,0.994776487350464
9255,0.0012453839881345,0.3243891596794128,0.5604941844940186,0.1138712987303733
9256,2.6334535050409613e-06,0.0004292528610676,0.0030265275854617,0.9965415596961976
9257,4.362475465313764e-06,0.0014364277012646,0.0128027414903044,0.9857564568519592
9258,8.513185457559302e-05,0.0178177636116743,0.0823885127902031,0.89970862865448
9259,2.198099718953017e-05,0.0062881880439817,0.0457434169948101,0.9479463696479796
9260,5.1059901124972384e-06,0.0018178585451096,0.0113110970705747,0.9868659377098083
9261,8.254949534602929e-06,0.0021168577950447,0.0149252992123365,0.9829494953155518
9262,8.586145668232348e-06,0.0012545408681035,0.0078060165978968,0.9909308552742004
9263,3.5099172237096354e-05,0.0087237330153584,0.0586916431784629,0.9325495958328248
9264,0.0001023706208798,0.0266648009419441,0.1939730942249298,0.7792597413063049
9265,1.9405157217988744e-05,0.0065923412330448,0.0742756873369216,0.9191125631332396
9266,3.789823313127272e-05,0.0205739177763462,0.1951999068260193,0.7841882705688477
9267,4.159789386903867e-05,0.0788201987743377,0.7715637683868408,0.1495744585990905
9268,2.66971846940578e-06,0.0006431306828744,0.0047521288506686,0.9946020841598512
9269,6.410984497051686e-06,0.0023920065723359,0.0174006503075361,0.980201005935669
9270,1.6424064597231336e-05,0.003956529777497,0.02789624966681,0.968130886554718
9271,7.113604078767821e-05,0.057972215116024,0.4489173889160156,0.4930392801761627
9272,1.4617174201703165e-05,0.0036902418360114,0.0199492573738098,0.976345956325531
9273,0.0007869297987781,0.1866310536861419,0.5839169025421143,0.228665143251419
9274,2.0167712136753835e-05,0.0081362361088395,0.0514225959777832,0.9404209852218628
9275,0.0001168412491097,0.0614784061908721,0.4472245872020721,0.4911801218986511
9276,1.840184449974913e-05,0.0073087373748421,0.0354171320796012,0.957255721092224
9277,0.0003060686285607,0.1273964643478393,0.5983519554138184,0.2739454805850982
9278,0.0001045021999743,0.0541334860026836,0.3816782534122467,0.5640838146209717
9279,1.244131362909684e-05,0.003343497402966,0.0250943452119827,0.9715496897697448
9280,1.5704943507444113e-05,0.0035540766548365,0.0262612719088792,0.9701690077781676
9281,4.908076789433835e-06,0.000800016336143,0.0050562587566673,0.9941388368606568
9282,4.1735776903806254e-05,0.0569602400064468,0.7503039836883545,0.1926940083503723
9283,8.868250915838871e-06,0.0024589202366769,0.0209125038236379,0.9766196608543396
9284,4.516536137089133e-05,0.0137539375573396,0.0803948491811752,0.905806005001068
9285,0.0001073578387149,0.2002691477537155,0.7211969494819641,0.0784265324473381
9286,8.896758117771242e-06,0.0028392972890287,0.0173928048461675,0.9797589778900146
9287,0.0001325255434494,0.0248633585870265,0.1386766731739044,0.8363273739814758
9288,4.2432802729308605e-06,0.0010382963810116,0.0096983555704355,0.9892591834068298
9289,5.732138379244134e-05,0.0242348928004503,0.1605199724435806,0.8151877522468567
9290,2.3307715309783816e-05,0.0053576701320707,0.0354865677654743,0.959132432937622
9291,0.0003518828598316,0.2377377152442932,0.6564148664474487,0.1054954752326011
9292,7.43469427106902e-05,0.0828152447938919,0.641293466091156,0.2758168876171112
9293,2.4709095669095404e-05,0.0124058248475193,0.090246170759201,0.8973231911659241
9294,3.819502580881817e-06,0.0007994069019332,0.0058152847923338,0.9933815002441406
9295,7.746168193989433e-06,0.0020176693797111,0.0161201190203428,0.9818544387817384
9296,7.322581950575113e-06,0.0016571225132793,0.0103109627962112,0.988024652004242
9297,1.7604834283702075e-05,0.0052779796533286,0.0349587351083755,0.9597456455230712
9298,0.000313160038786,0.0968665406107902,0.3952759504318237,0.5075443387031555
9299,1.3224580470705403e-05,0.0047824210487306,0.0250580962747335,0.9701463580131532
9300,7.090195140335709e-06,0.0018181737978011,0.0111376652494072,0.9870370626449584
9301,6.874213431729004e-05,0.1079838871955871,0.7733502388000488,0.1185971051454544
9302,0.0002180716837756,0.1722494214773178,0.6706976890563965,0.1568348854780197
9303,4.017775427200832e-05,0.0120454048737883,0.0890041664242744,0.8989102244377136
9304,1.1842145795526449e-05,0.0021872818470001,0.0133987255394458,0.9844021797180176
9305,1.4593751075153705e-05,0.0053606661967933,0.0349559336900711,0.9596688151359558
9306,1.2625751878658775e-05,0.0046377680264413,0.0246828403323888,0.970666766166687
9307,0.0002565760514698,0.0245858170092105,0.1084777191281318,0.8666799068450928
9308,6.41868109596544e-06,0.0022497801110148,0.0163660235702991,0.9813777804374696
9309,5.385364420362748e-05,0.0158951617777347,0.0886560976505279,0.8953948616981506
9310,2.0975056031602435e-05,0.0079492572695016,0.1014893129467964,0.8905404806137085
9311,5.405867705121637e-05,0.0066513167694211,0.036522913724184,0.956771731376648
9312,6.721316458424553e-05,0.045410294085741,0.458627700805664,0.4958947896957397
9313,0.0001183385247713,0.0920235142111778,0.5816065073013306,0.3262516558170318
9314,0.0001709018542896,0.040531687438488,0.2948477566242218,0.6644496917724609
9315,1.7151787687907927e-05,0.0099117616191506,0.1116754636168479,0.8783956170082092
9316,5.284794497129042e-06,0.0011591690126806,0.0088370526209473,0.9899985194206238
9317,9.210628923028708e-05,0.076243944466114,0.5050023198127747,0.4186616241931915
9318,3.366828241269104e-05,0.0090480642393231,0.0386936627328395,0.9522245526313782
9319,8.661752872285433e-06,0.0036053247749805,0.0274855904281139,0.9689004421234132
9320,9.510291420156136e-06,0.0020859914366155,0.0140341576188802,0.9838703870773317
9321,1.938519926625304e-05,0.0067946091294288,0.0605596974492073,0.9326263070106506
9322,9.486562339589e-05,0.0126206092536449,0.0454485565423965,0.9418359398841858
9323,0.0003187402035109,0.1326708495616912,0.5006945133209229,0.3663159310817718
9324,2.9750433895969763e-05,0.0075107729062438,0.0537900440394878,0.9386694431304932
9325,2.2663651179755107e-05,0.004818111192435,0.0329258143901824,0.9622333645820618
9326,0.0003457120037637,0.1531780362129211,0.5603019595146179,0.2861742675304413
9327,1.9517758119036444e-05,0.0075134481303393,0.0680212005972862,0.9244458079338074
9328,1.1115800589323044e-05,0.0037177265621721,0.0279030874371528,0.968368113040924
9329,1.7110856788349338e-05,0.0074639371596276,0.0450132973492145,0.9475057125091552
9330,1.0462117643328384e-05,0.0047827018424868,0.0400450713932514,0.9551616907119752
9331,5.580119614023715e-05,0.0354160442948341,0.5123664140701294,0.4521617591381073
9332,7.217978418339044e-05,0.0249071456491947,0.1502093076705932,0.8248113989830017
9333,4.366870143712731e-06,0.0013936361065134,0.0118525279685854,0.9867494702339172
9334,4.922957941744244e-06,0.001672432757914,0.0166290998458862,0.9816935658454896
9335,5.584641985478811e-05,0.0484472289681434,0.5458532571792603,0.4056437015533447
9336,3.76722018700093e-05,0.021100403741002,0.2233337163925171,0.7555282115936279
9337,0.000121874603792,0.0388948731124401,0.2037945538759231,0.757188618183136
9338,1.4490604371530935e-05,0.0073899440467357,0.0690268203616142,0.9235686659812928
9339,0.0001214980875374,0.2489229142665863,0.7202823162078857,0.0306733213365077
9340,6.461024167947471e-05,0.0895675048232078,0.6025933623313904,0.3077745735645294
9341,1.3288836271385662e-05,0.0047311531379818,0.035509280860424,0.9597463011741638
9342,1.223351227963576e-05,0.0019327114569023,0.0124074723571538,0.9856475591659546
9343,2.554258935560938e-05,0.004644654225558,0.0232218094170093,0.9721080660820008
9344,0.0001800149620976,0.1024151518940925,0.4311838746070862,0.4662209451198578
9345,8.888510819815565e-06,0.0023516782093793,0.0187886729836463,0.9788507223129272
9346,1.4043424926057924e-05,0.0051585165783762,0.0270286966115236,0.9677987098693848
9347,7.427619493682869e-06,0.0018460997380316,0.0114868190139532,0.9866596460342408
9348,1.7634925825404935e-05,0.0041175205260515,0.0193390436470508,0.9765257239341736
9349,6.160931661725044e-05,0.0190569683909416,0.0909157171845436,0.8899656534194946
9350,1.070819780579768e-05,0.0023857278283685,0.0199754554778337,0.9776280522346495
9351,1.0168506378249733e-05,0.0017643636092543,0.0099958013743162,0.9882296323776244
9352,2.829470940923784e-05,0.0131384693086147,0.0940940156579017,0.8927392363548279
9353,5.618374052573927e-05,0.118762083351612,0.7624197006225586,0.118762083351612
9354,0.0001639932888792,0.0388932339847087,0.2037859857082367,0.7571567893028259
9355,6.205550016602501e-05,0.0288150813430547,0.2162691950798034,0.7548536658287048
9356,0.0001336709538009,0.1355717480182647,0.7328939437866211,0.1314006447792053
9357,5.230541773926234e-06,0.0016433874843642,0.0185159891843795,0.9798353910446168
9358,4.315352998673916e-05,0.2088014781475067,0.775791585445404,0.0153637193143367
9359,0.0001089757060981,0.1633458435535431,0.7207157015800476,0.115829549729824
9360,1.766856985341292e-05,0.0102104013785719,0.1263469904661178,0.8634249567985535
9361,0.0002080907142953,0.08936408162117,0.4907053411006927,0.4197225570678711
9362,0.0005014153430238,0.4630358219146728,0.5246883630752563,0.0117744216695427
9363,1.627242636459414e-05,0.0056151407770812,0.0500472038984298,0.9443215131759644
9364,0.0001293713139602,0.1375079154968261,0.7204899191856384,0.1418728679418563
9365,9.594313451088964e-05,0.0618523731827735,0.4361017048358917,0.5019499659538269
9366,4.448518211574992e-06,0.0011230697855353,0.0092575624585151,0.9896148443222046
9367,1.2307735232752748e-05,0.0028291398193687,0.0209046714007854,0.976253867149353
9368,8.713206625543535e-05,0.0368385463953018,0.2679819762706756,0.6950923204421997
9369,0.0001724247122183,0.0585763119161129,0.3588234186172485,0.5824278593063354
9370,1.5024474123492835e-05,0.0044345459900796,0.0228751301765441,0.9726752042770386
9371,3.106754229520448e-05,0.0158438812941312,0.2087022215127945,0.7754228115081787
9372,1.353805055259727e-05,0.0028780815191566,0.0193631909787654,0.9777451157569884
9373,0.0001355928106931,0.0759462714195251,0.4439229667186737,0.4799951910972595
9374,0.0001146948925452,0.1010656356811523,0.5725758075714111,0.3262438476085663
9375,1.8141596228815612e-05,0.0108165461570024,0.1026245430111885,0.8865407109260559
9376,5.717384192394093e-05,0.0174108073115348,0.103372722864151,0.8791593313217163
9377,2.576115366537124e-05,0.0146561842411756,0.0926299393177032,0.8926882147789001
9378,8.743232319829985e-05,0.1417032033205032,0.6552289724349976,0.2029804587364196
9379,7.95109554019291e-06,0.0025774603709578,0.0205925535410642,0.9768220782279968
9380,5.428087661130121e-06,0.0014361365465447,0.0130017194896936,0.985556662082672
9381,0.0002124981401721,0.1135709732770919,0.5418168306350708,0.3443997204303741
9382,0.0001781455503078,0.063424214720726,0.2755022048950195,0.6608954668045044
9383,1.4742763596586885e-05,0.0034422392491251,0.0270753074437379,0.9694676995277404
9384,0.000120176715427,0.1447427570819854,0.6692836880683899,0.1858533769845962
9385,1.8452954464009963e-05,0.0037433065008372,0.0212072748690843,0.9750310182571412
9386,1.327270183537621e-05,0.0030509536154568,0.0232592783868312,0.9736765623092652
9387,7.918462506495416e-05,0.034005656838417,0.1673817038536071,0.7985334396362305
9388,1.7896478311740793e-05,0.0039254212751984,0.0355378650128841,0.9605188965797424
9389,1.5077936950547157e-05,0.0045204083435237,0.0344618260860443,0.9610027074813844
9390,0.0003815377422142,0.1799545884132385,0.6281031966209412,0.1915606409311294
9391,4.595831342157908e-05,0.0100805163383483,0.0536498911678791,0.9362236857414246
9392,2.5952762371161956e-05,0.0089555447921156,0.0631427317857742,0.9278756976127625
9393,9.655635039962362e-06,0.0030337106436491,0.0287830457091331,0.9681736826896667
9394,8.068005627137609e-06,0.0026153579819947,0.0215586256235837,0.9758179187774658
9395,5.451509423437528e-05,0.0261172875761985,0.2679290771484375,0.7058991193771362
9396,5.9074351156596094e-05,0.0310831721872091,0.304270327091217,0.6645874977111816
9397,9.31963495531818e-06,0.0048276903107762,0.0606802478432655,0.934482753276825
9398,4.94510168209672e-05,0.042899165302515,0.5922046899795532,0.3648467361927032
9399,5.390954356698785e-06,0.0007876843446865,0.0049783186987042,0.9942286014556884
9400,0.0007191553595475,0.1602238714694976,0.5253538489341736,0.3137031197547912
9401,9.683579264674336e-06,0.0031390693038702,0.025875624269247,0.9709756374359132
9402,7.649228791706264e-06,0.0023660564329475,0.0127907805144786,0.9848355054855348
9403,4.688847548095509e-05,0.0161798503249883,0.1140790581703186,0.8696942329406738
9404,0.0002830088487826,0.2099979519844055,0.699400007724762,0.0903190001845359
9405,2.164556462957989e-05,0.003212486160919,0.0184865836054086,0.9782792925834656
9406,2.126537947333418e-05,0.0323770567774772,0.5064623951911926,0.4611392915248871
9407,6.962806764931884e-06,0.0018136246362701,0.0136120086535811,0.984567403793335
9408,0.0002116122632287,0.3324120640754699,0.601920485496521,0.0654558166861534
9409,0.0001318773865932,0.1886215060949325,0.711850106716156,0.0993965417146682
9410,2.148312523786444e-05,0.0066451514139771,0.052268162369728,0.9410651922225952
9411,7.866880878282245e-06,0.0019249626202508,0.016371326521039,0.9816957712173462
9412,5.604681064141914e-06,0.001459869206883,0.0122233368456363,0.986311137676239
9413,9.801245323615149e-05,0.1916104257106781,0.7460848093032837,0.0622067973017692
9414,4.8806869017425925e-06,0.0010873902356252,0.0103168720379471,0.9885908961296082
9415,9.889031207421796e-05,0.2190677225589752,0.7296069860458374,0.0512264482676982
9416,2.5193083274643868e-05,0.0103236688300967,0.0603441596031188,0.929306983947754
9417,0.0011004253756254,0.0564410500228405,0.1510440856218338,0.7914143800735474
9418,0.0001505673862993,0.0310246013104915,0.1170856207609176,0.8517392873764038
9419,6.57734417472966e-05,0.0123398751020431,0.0667087361216545,0.9208856225013732
9420,1.953319770109374e-05,0.0054160137660801,0.0400192327797412,0.9545453190803528
9421,2.013290031754877e-05,0.0082500977441668,0.0381480678915977,0.9535816311836244
9422,1.4684736015624368e-05,0.0062085562385618,0.0430959239602088,0.9506808519363404
9423,3.822691360255703e-05,0.010273159481585,0.0649283602833747,0.9247602820396424
9424,1.1638262549240608e-05,0.0037727071903645,0.028761651366949,0.9674540162086488
9425,3.989024662587326e-06,0.0009169442928396,0.0091172326356172,0.9899618625640868
9426,0.0013207421870902,0.3440179526805877,0.541216254234314,0.1134450808167457
9427,5.1065981097053736e-05,0.0199676472693681,0.1570577174425125,0.8229235410690308
9428,0.0002534153754822,0.0610473453998565,0.2065204977989196,0.7321787476539612
9429,0.0001250686473213,0.0399142131209373,0.1706914603710174,0.7892692685127258
9430,1.5091982277226634e-05,0.006583281327039,0.0464166514575481,0.9469850063323976
9431,1.0348397154302802e-05,0.0036842846311628,0.0215354692190885,0.9747698307037354
9432,3.155758349748794e-06,0.0011412207968533,0.0088372305035591,0.990018367767334
9433,9.691766535979696e-06,0.0030930154025554,0.0251007191836833,0.9717965126037598
9434,3.715125058079138e-05,0.0089496737346053,0.0491433776915073,0.9418697953224182
9435,3.3795797207858413e-05,0.0076480912975966,0.0364870019257068,0.955830991268158
9436,1.351856280962238e-05,0.00274233170785,0.0209064651280641,0.9763376116752625
9437,0.0002793041930999,0.0540641471743583,0.2661130428314209,0.6795434951782227
9438,2.623161162773613e-05,0.0057536526583135,0.0266046207398176,0.9676156044006348
9439,2.305584894202184e-05,0.0071316254325211,0.0587866194546222,0.934058666229248
9440,0.0001060780559782,0.02400578930974,0.1163287162780761,0.8595594167709351
9441,3.302815821371041e-05,0.0097484197467565,0.0560982786118984,0.934120237827301
9442,5.4723991524952e-06,0.0024247099645435,0.0193721558898687,0.9781977534294128
9443,3.412145815673284e-05,0.0093142557889223,0.0553012825548648,0.9353502988815308
9444,0.0003080171300098,0.0909127444028854,0.3431011140346527,0.5656781196594238
9445,4.68602629553061e-05,0.0107716182246804,0.0639540404081344,0.9252275824546814
9446,1.0575936357781757e-05,0.0023562610149383,0.0168748777359724,0.9807583093643188
9447,6.479181593022076e-06,0.0013143456308171,0.0080513441935181,0.9906278848648072
9448,1.8464537788531743e-05,0.0060797990299761,0.0333846658468246,0.9605169892311096
9449,1.040721599565586e-05,0.0025465616490691,0.0171327888965606,0.9803102612495422
9450,5.152994162926916e-06,0.0020788663532584,0.0174061339348554,0.980509877204895
9451,0.0015222582733258,0.2122351378202438,0.5419614315032959,0.2442811578512191
9452,3.2191852369578555e-05,0.0076347342692315,0.0381712727248668,0.9541617035865784
9453,1.8220664060208943e-05,0.0052945399656891,0.0319301635026931,0.9627570509910583
9454,6.875200779177248e-05,0.0841100141406059,0.6312806606292725,0.2845405042171478
9455,7.632557390024886e-05,0.0106414081528782,0.0462241694331169,0.9430580735206604
9456,8.496492228005081e-05,0.0506585612893104,0.5116333365440369,0.4376232028007507
9457,6.655378092546016e-05,0.0233274344354867,0.114821657538414,0.8617843389511108
9458,8.118087862385437e-05,0.0682583376765251,0.5626594424247742,0.3690010607242584
9459,9.74632530414965e-06,0.0056322556920349,0.0471583008766174,0.947199821472168
9460,7.677765097469091e-05,0.0260829888284206,0.1366650909185409,0.8371751308441162
9461,9.674282409832813e-06,0.0028554112650454,0.0270913895219564,0.9700434803962708
9462,0.0003410929930396,0.1354733556509018,0.6264224052429199,0.2377631366252899
9463,4.244886076776311e-05,0.0616698265075683,0.594321072101593,0.3439666628837585
9464,8.549621270503849e-06,0.0026862109079957,0.0258874054998159,0.9714177250862122
9465,6.470766038546572e-06,0.0013972964370623,0.0092550022527575,0.9893411993980408
9466,0.0001616676163394,0.0414572246372699,0.2461429238319397,0.7122381329536438
9467,0.0001911452709464,0.1070615053176879,0.5971410870552063,0.295606255531311
9468,2.777658846753184e-05,0.0110321445390582,0.056025855243206,0.9329141974449158
9469,1.5182662536972202e-05,0.0057540200650691,0.0563255846500396,0.9379051923751832
9470,4.878973413724452e-05,0.016574902459979,0.0924473851919174,0.8909289240837097
9471,1.266947674594121e-05,0.0030520560685545,0.0229069516062736,0.9740283489227296
9472,8.66972823132528e-06,0.0019315681420266,0.0129952263087034,0.9850644469261168
9473,0.0001165988214779,0.0402348674833774,0.2464684545993805,0.7131800651550293
9474,7.971347258717287e-06,0.0021759672090411,0.018506059423089,0.9793100357055664
9475,4.188032471574843e-05,0.0310760010033845,0.3447039127349853,0.6241782307624817
9476,5.5130411055870354e-05,0.0120923286303877,0.0567948780953884,0.9310576915740968
9477,7.798690603522118e-06,0.002820250345394,0.0239855293184518,0.9731864333152772
9478,4.451615950529231e-06,0.001123851747252,0.008567807264626,0.9903039336204528
9479,8.698309102328494e-05,0.1168724745512008,0.7048313021659851,0.1782092601060867
9480,3.982695125159808e-05,0.0290941931307315,0.2436026781797409,0.7272632718086243
9481,1.5779667592141777e-05,0.0048052878119051,0.0355065427720546,0.9596723318099976
9482,1.0079455023515038e-05,0.0027514251414686,0.0176633857190608,0.9795750975608826
9483,0.0001071424703695,0.0974075868725776,0.5348728895187378,0.3676123917102813
9484,4.624482244253159e-05,0.0239554122090339,0.1315410882234573,0.8444573283195496
9485,8.984485248220153e-06,0.0017391019500792,0.0088318884372711,0.9894199371337892
9486,1.0659777217369992e-05,0.0017649056389927,0.0096912393346428,0.9885332584381104
9487,6.661604129476473e-05,0.0295162294059991,0.1343657076358795,0.8360515236854553
9488,1.3678736650035717e-05,0.0053486134856939,0.0371267311275005,0.957511067390442
9489,1.7307211237493902e-05,0.0064575052820146,0.0500047504901886,0.9435204267501832
9490,2.465964598741266e-06,0.000837740197312,0.0058150691911578,0.9933446645736694
9491,6.520949682453647e-05,0.0225019007921218,0.1197582185268402,0.8576746582984924
9492,1.572188557474874e-05,0.0067517277784645,0.0370742753148078,0.95615816116333
9493,3.114401260972954e-05,0.013585346750915,0.1192076280713081,0.867175817489624
9494,1.4616436601500029e-05,0.0031073382124304,0.0205814763903617,0.976296603679657
9495,1.426078233635053e-05,0.0032272585667669,0.0292172152549028,0.9675412774086
9496,5.490037074196152e-05,0.351915031671524,0.6372358202934265,0.0107942633330821
9497,3.806053791777231e-05,0.0552944578230381,0.5164857506752014,0.4281817674636841
9498,0.0001685641618678,0.1657012104988098,0.7426213026046753,0.0915089026093483
9499,5.2057435823371634e-05,0.0216681268066167,0.1651893556118011,0.813090443611145
9500,0.0005636579589918,0.069351814687252,0.2617309987545013,0.6683534979820251
9501,0.000287544389721,0.1234852746129036,0.5891153216362,0.2871118783950805
9502,2.866967952286359e-05,0.0079493075609207,0.0587378814816474,0.9332842230796814
9503,8.194192923838273e-05,0.0536580048501491,0.3783257901668548,0.5679342150688171
9504,2.328645314264577e-05,0.0081620188429951,0.0774390771985054,0.9143757224082948
9505,2.7608484742813744e-05,0.010965378023684,0.0761148110032081,0.9128922820091248
9506,1.816402073018253e-05,0.0057968366891145,0.0493006594479084,0.9448843002319336
9507,0.0007373306434601,0.0717656537890434,0.246603325009346,0.68089359998703
9508,3.177237158524804e-05,0.0175199750810861,0.1769454926252365,0.8055028319358826
9509,3.993024620285723e-06,0.0012351208133623,0.0078062037937343,0.990954577922821
9510,9.149326615442988e-06,0.0028300660196691,0.0205873139202594,0.9765734672546388
9511,5.134511593496427e-05,0.1051948741078376,0.7416961193084717,0.1530576348304748
9512,0.0001445615198463,0.0370706282556057,0.1824680268764495,0.7803167700767517
9513,2.314089761057403e-05,0.0096320519223809,0.0957720801234245,0.8945727348327637
9514,0.0001191156698041,0.0430759489536285,0.3037150204181671,0.6530898809432983
9515,7.851837835914921e-06,0.002505823271349,0.0176677759736776,0.97981858253479
9516,5.2975909056840464e-05,0.0346901938319206,0.3503584861755371,0.6148983240127563
9517,0.0001650967751629,0.0754731148481369,0.3489841520786285,0.5753775835037231
9518,7.128965989977587e-06,0.0023473475594073,0.0205973200500011,0.97704815864563
9519,3.914306580554694e-05,0.0073437010869383,0.0456940457224845,0.9469231963157654
9520,3.9481088606407866e-05,0.0231748260557651,0.3405515849590301,0.6362341046333313
9521,0.0003486897912807,0.2283324152231216,0.6924093961715698,0.0789095610380172
9522,2.8673637643805705e-05,0.0082027781754732,0.0436563156545162,0.9481122493743896
9523,5.700949259335175e-05,0.0199821144342422,0.1302997469902038,0.849661111831665
9524,1.1011432434315792e-05,0.003740815911442,0.0218659099191427,0.9743822813034058
9525,1.0193250091106164e-05,0.0043096020817756,0.0355244278907775,0.960155725479126
9526,7.249289774335921e-05,0.0609533227980136,0.4365305602550506,0.5024435520172119
9527,2.683960883587133e-05,0.0059797181747853,0.0344109013676643,0.9595826268196106
9528,1.4016648492543028e-05,0.0044039003551006,0.0296286139637231,0.9659534096717834
9529,0.0003274565387982,0.2014366686344146,0.6204686164855957,0.1777672469615936
9530,3.046773417736404e-05,0.0105135301128029,0.0577306374907493,0.9317253232002258
9531,6.388230758602731e-06,0.0009935976704582,0.0068969349376857,0.9921031594276428
9532,8.165252438629977e-06,0.0029993106145411,0.024723581969738,0.9722689390182496
9533,3.701956302393228e-06,0.000716577458661,0.0059068109840154,0.993372917175293
9534,4.995316703571007e-05,0.008942637592554,0.0498780310153961,0.9411293864250184
9535,0.0004725677717942,0.0746586099267005,0.3094513416290283,0.61541748046875
9536,0.0001087276032194,0.0261922981590032,0.1330154687166214,0.8406835794448853
9537,1.487612371420255e-05,0.0029709369409829,0.0187768992036581,0.9782373309135436
9538,1.7440357623854652e-05,0.005067799706012,0.0291631743311882,0.9657517075538636
9539,7.777257451380137e-06,0.0017877334030345,0.0124093294143676,0.9857951402664183
9540,1.6704037989256904e-05,0.0039615891873836,0.0266528259962797,0.9693688750267028
9541,9.04504759091651e-06,0.0030251543503254,0.0315228328108787,0.9654430150985718
9542,6.34311300018453e-06,0.0019016831647604,0.0129956463351845,0.985096275806427
9543,6.454846243286738e-06,0.0014158088015392,0.0116706350818276,0.986907124519348
9544,8.739352779230103e-06,0.0027458230033516,0.0196648109704256,0.9775806665420532
9545,2.0228075300110504e-05,0.0039154929108917,0.0228869356215,0.9731772541999816
9546,1.2022681403323077e-05,0.0022555969189852,0.0138172078877687,0.9839152097702026
9547,0.0002682287886273,0.1116462126374244,0.5162468552589417,0.3718386590480804
9548,1.4265082427300513e-05,0.0062225791625678,0.0845682919025421,0.909194827079773
9549,6.759005827916553e-06,0.0018740850500762,0.0120311072096228,0.9860879778862
9550,6.487961400125641e-06,0.0035221378784626,0.0350208356976509,0.9614505767822266
9551,6.352574473567074e-06,0.0017613928066566,0.0116665977984666,0.98656564950943
9552,1.6593166947131976e-05,0.0060951029881834,0.030953487381339,0.9629347324371338
9553,4.206830271868967e-05,0.0207939967513084,0.1741060018539428,0.805057942867279
9554,8.676156721776351e-05,0.0478422157466411,0.3218734562397003,0.6301975846290588
9555,2.2571472072741017e-05,0.0104809217154979,0.0750614032149314,0.914435088634491
9556,4.303723835619167e-05,0.0219482090324163,0.2511839568614959,0.7268248200416565
9557,6.500168819911778e-05,0.0188881158828735,0.0989666506648063,0.8820801973342896
9558,1.6232899724855088e-05,0.004098146688193,0.0239545870572328,0.971930980682373
9559,1.4878754882374778e-05,0.0066962917335331,0.0596834011375904,0.9336054921150208
9560,2.4589082386228256e-05,0.0048345946706831,0.0296154823154211,0.9655252695083618
9561,0.0003551115223672,0.1206388771533966,0.5406659245491028,0.3383401036262512
9562,1.6214040442719124e-05,0.0044957045465707,0.0246862731873989,0.9708017706871032
9563,0.0002811480080708,0.1207383647561073,0.6425861716270447,0.2363942712545395
9564,9.669704013504088e-05,0.2352626770734787,0.680755078792572,0.083885483443737
9565,2.1780320821562785e-05,0.0085164653137326,0.0521696805953979,0.9392920732498168
9566,3.707886571646668e-05,0.0239039063453674,0.3299832344055176,0.6460757851600647
9567,8.719377547095064e-06,0.0011068768799304,0.0081787751987576,0.990705668926239
9568,1.3849101378582418e-05,0.0065320129506289,0.0538439564406871,0.939610242843628
9569,5.448927367979195e-06,0.0011053516063839,0.0095487814396619,0.9893404841423036
9570,1.0536399713600986e-05,0.0026187724433839,0.0202788934111595,0.9770918488502502
9571,6.064168701414019e-06,0.0015309557784348,0.0114904614165425,0.9869725108146667
9572,0.0003062732575926,0.0761227682232856,0.3058125674724579,0.6177583932876587
9573,1.497773246228462e-05,0.004088525660336,0.0262472014874219,0.9696491956710817
9574,1.0116823432326782e-05,0.0038341372273862,0.0431990921497345,0.9529566764831544
9575,2.4230710550909865e-05,0.0067185051739215,0.0418039411306381,0.9514533281326294
9576,0.0001406061201123,0.0441771298646926,0.2314716279506683,0.7242106795310974
9577,0.0001482125371694,0.1730173677206039,0.787621021270752,0.039213340729475
9578,7.87301905802451e-06,0.0018965973285958,0.0156338177621364,0.9824617505073548
9579,7.233887299662456e-05,0.0637428164482116,0.3500168919563293,0.5861679911613464
9580,2.9975071811350062e-05,0.0111840171739459,0.0576915480196476,0.9310944676399232
9581,9.073248656932265e-05,0.0343863666057586,0.3064823448657989,0.6590405702590942
9582,1.3720327842747793e-05,0.0051192007958889,0.0493344850838184,0.9455325603485109
9583,5.132848855282646e-06,0.0010412329575046,0.00689661456272,0.9920570254325868
9584,9.335210961580742e-06,0.0021458552218973,0.0168784577399492,0.980966329574585
9585,2.311283060407732e-05,0.0050695780664682,0.0437944754958152,0.9511127471923828
9586,5.86913529332378e-06,0.0034450967796146,0.041319191455841,0.955229878425598
9587,2.645209315232933e-05,0.0128723299130797,0.1260060518980026,0.861095130443573
9588,3.2504802220501006e-05,0.01193986274302,0.0687091648578643,0.919318437576294
9589,0.0002736190217547,0.079507902264595,0.3508053123950958,0.5694131851196289
9590,0.0003117022570222,0.0298681631684303,0.1238000839948654,0.8460201025009155
9591,2.922354042311781e-06,0.0007731820805929,0.0079318331554532,0.9912920594215392
9592,8.532510946679395e-06,0.0034422606695443,0.0270754769444465,0.9694737195968628
9593,5.199313363846159e-06,0.001122739049606,0.0095486175268888,0.9893234372138976
9594,5.211931056692265e-05,0.0177060291171073,0.1553654670715332,0.8268764019012451
9595,2.694260911084712e-05,0.0066964579746127,0.0300114434212446,0.9632651209831238
9596,0.0001230656780535,0.0678611025214195,0.372630774974823,0.5593850016593933
9597,4.066014662384987e-05,0.0563661158084869,0.5873483419418335,0.3562448024749756
9598,0.0001050048376782,0.0219771042466163,0.1000456064939498,0.8778722882270813
9599,5.447988223750144e-05,0.0141905508935451,0.0939912125468254,0.8917638063430786
9600,1.4899036614224316e-05,0.0049057905562222,0.0305248536169528,0.964554488658905
9601,5.102553132019239e-06,0.0017607428599148,0.0120324930176138,0.9862015843391418
9602,9.554180905979592e-06,0.0015818555839359,0.0099976351484656,0.9884109497070312
9603,9.193559526465832e-05,0.0822865813970565,0.5711820721626282,0.3464394211769104
9604,0.0004705824539996,0.0373829938471317,0.1245043724775314,0.8376420140266418
9605,0.0001577283692313,0.0269435551017522,0.1347092986106872,0.838189423084259
9606,2.185195808124263e-05,0.0068656802177429,0.0507308989763259,0.9423815011978148
9607,9.87099701887928e-06,0.0030059560667723,0.0225609522312879,0.9744231104850768
9608,8.542168870917521e-06,0.0035555495414882,0.0258648432791233,0.9705711007118224
9609,1.1748521501431242e-05,0.0034138720948249,0.0199548471719026,0.97661954164505
9610,2.794565034491825e-06,0.0006524936761707,0.0059071951545774,0.9934374690055848
9611,1.9221444745198824e-05,0.0068433079868555,0.0538267903029918,0.9393106698989868
9612,5.654065171256661e-05,0.0639725849032402,0.5791605114936829,0.3568104207515716
9613,9.108502854360268e-05,0.0373249948024749,0.2472223788499832,0.7153616547584534
9614,1.096705182135338e-05,0.002224740339443,0.0120268315076828,0.9857375621795654
9615,9.083765689865686e-06,0.0021543381735682,0.0129923215135931,0.9848442673683168
9616,1.1340805031068156e-05,0.0041011893190443,0.0232348181307315,0.972652554512024
9617,6.121749720477965e-06,0.0019536856561899,0.0171430464833974,0.9808971881866456
9618,7.502776952605927e-06,0.0021801483817398,0.0166206005960702,0.9811918139457704
9619,4.964625077263918e-06,0.0008749903063289,0.0091176079586148,0.9900025129318236
9620,0.0004111963207833,0.0887936800718307,0.3917760848999023,0.5190190076828003
9621,1.4417687452805694e-05,0.0033141479361802,0.0184848327189683,0.9781866669654846
9622,0.0001312206732109,0.0943725407123565,0.526367723941803,0.379128485918045
9623,6.942386789887678e-06,0.0038884682580828,0.0296441670507192,0.9664604663848876
9624,1.6114418031065725e-05,0.004132299683988,0.031014634296298,0.9648369550704956
9625,4.099734724150039e-05,0.0150593947619199,0.1497365087270736,0.8351631164550781
9626,0.000556044280529,0.2140517234802246,0.5466002225875854,0.2387919574975967
9627,0.0001475356111768,0.109474241733551,0.5736039876937866,0.3167741894721985
9628,5.367351604945725e-06,0.0014200673904269,0.0086989672854542,0.9898756146430968
9629,2.988268170156516e-05,0.0050254943780601,0.0221735220402479,0.9727711081504822
9630,1.2835913366870956e-05,0.0020278815645724,0.0111352605745196,0.9868240356445312
9631,7.346799065999221e-06,0.0021684430539608,0.021900501102209,0.975923717021942
9632,8.408034773310646e-06,0.0017324863001704,0.0126029700040817,0.9856561422348022
9633,0.0001313420507358,0.2128685265779495,0.6159554719924927,0.171044647693634
9634,7.440009994752472e-06,0.0015330234309658,0.0101539921015501,0.9883055686950684
9635,5.783039523521438e-05,0.0550991483032703,0.5741462707519531,0.3706967234611511
9636,2.958637742267456e-05,0.0068009253591299,0.0596762225031852,0.933493196964264
9637,3.319269308121875e-05,0.0051626469939947,0.0412468425929546,0.9535572528839112
9638,0.0002621225721668,0.0407694056630134,0.140093058347702,0.8188754320144653
9639,1.846527084126137e-05,0.0040501803159713,0.0202496275305748,0.975681722164154
9640,1.4460352758760564e-05,0.0046148551627993,0.0444740317761898,0.950896680355072
9641,1.088307544705458e-05,0.0040605911053717,0.0625335648655891,0.9333950281143188
9642,0.0003156721650157,0.2493416219949722,0.5707486271858215,0.179594025015831
9643,4.975318006472662e-06,0.0009630585554987,0.0068971551954746,0.9921348094940186
9644,1.9123037418466996e-05,0.0053022885695099,0.0305125601589679,0.9641660451889038
9645,7.789460141793825e-06,0.0016820551827549,0.0109683778136968,0.9873418211936952
9646,0.0001165891517302,0.1164137870073318,0.7243509292602539,0.1591187864542007
9647,4.104257459403016e-05,0.0105247506871819,0.0854114070534706,0.9040228724479676
9648,3.3085798349929973e-05,0.0088915275409817,0.0553249418735504,0.9357504844665528
9649,3.814941010205075e-05,0.0078607350587844,0.0399201102554798,0.9521809816360474
9650,1.3585408851213288e-05,0.0044039022177457,0.0296286288648843,0.9659538865089417
9651,1.8376724256086163e-05,0.0116633875295519,0.1314109712839126,0.8569071888923645
9652,0.0004508294805418,0.1876510083675384,0.5345679521560669,0.2773301899433136
9653,4.440653356141411e-05,0.0304742269217968,0.2758911252021789,0.6935902237892151
9654,0.0002363363455515,0.0518381223082542,0.2323223352432251,0.7156031727790833
9655,0.0002141412696801,0.0716204494237899,0.4387284517288208,0.4894369542598724
9656,3.219879727112129e-05,0.0183187276124954,0.2266821563243866,0.7549669146537781
9657,8.303159120259807e-05,0.1151045560836792,0.7274831533432007,0.157329261302948
9658,6.872821813885821e-06,0.0015312272589653,0.0113143250346183,0.9871475100517272
9659,0.0002038452512351,0.0322044901549816,0.1106620356440544,0.8569296598434448
9660,4.011267810710706e-05,0.022467328235507,0.2098592668771743,0.767633318901062
9661,0.0005168806528672,0.1869201809167862,0.5940310955047607,0.2185318619012832
9662,7.286168693099171e-05,0.0455270931124687,0.316020667552948,0.6383793354034424
9663,2.56745388469426e-05,0.0060890642926096,0.0319044180214405,0.9619807600975036
9664,1.820176657929551e-05,0.0059932768344879,0.0471407733857631,0.9468477368354796
9665,9.066306665772572e-05,0.0492185167968273,0.3416441679000854,0.6090466380119324
9666,4.093707048014039e-06,0.0012662638910114,0.0140457609668374,0.9846839308738708
9667,2.55752238444984e-05,0.0044376226142048,0.022186717018485,0.9733500480651855
9668,7.2844227361201774e-06,0.001957626780495,0.0151592046022415,0.9828758835792542
9669,8.365664143639151e-06,0.001893175416626,0.0174093171954154,0.9806891679763794
9670,5.548344233829994e-06,0.0011080693220719,0.0071134981699287,0.9917729496955872
9671,3.404375820537098e-05,0.0103671429678797,0.0708465650677681,0.9187521934509276
9672,4.261678259354085e-05,0.0109284315258264,0.0648850873112678,0.9241439700126648
9673,8.799120223557111e-06,0.0023280277382582,0.0133968759328126,0.9842662811279296
9674,7.375768473139033e-05,0.0538811050355434,0.4582454264163971,0.487799733877182
9675,1.7297266822424717e-05,0.0061582536436617,0.0359963774681091,0.9578280448913574
9676,9.880986908683552e-05,0.0912467315793037,0.4153793752193451,0.4932751655578613
9677,7.903746336523909e-06,0.0039067533798515,0.0250802766531705,0.971005082130432
9678,2.1141178876860067e-05,0.0062399199232459,0.0530689731240272,0.9406699538230896
9679,7.700663445575628e-06,0.0011977277463302,0.0073369718156754,0.9914576411247252
9680,2.407418651273474e-05,0.0047333585098385,0.0199281815439462,0.9753143787384032
9681,2.0702344045275826e-05,0.0054773241281509,0.0291510727256536,0.9653509259223938
9682,4.1169964788423385e-06,0.0010073959128931,0.0087025724351406,0.9902859330177308
9683,1.788915687939152e-05,0.0041768797673285,0.0205593239516019,0.9752458333969116
9684,1.0912965990428349e-05,0.002755079884082,0.0163576602935791,0.9808762669563292
9685,9.391574167239014e-06,0.0019656198564916,0.0111359944567084,0.9868890047073364
9686,0.0047729085199534,0.1103415861725807,0.2194404751062393,0.6654449701309204
9687,7.9403180279769e-05,0.0253406073898077,0.222356766462326,0.7522232532501221
9688,6.649442184425425e-06,0.0018151220865547,0.0127978567034006,0.9853803515434264
9689,8.541494753444567e-05,0.0134942792356014,0.0550650805234909,0.9313552975654602
9690,3.8354322896339e-05,0.009096248075366,0.0484114848077297,0.942453920841217
9691,4.665806409320794e-05,0.0330357551574707,0.442013531923294,0.5249040126800537
9692,1.1320931662339715e-05,0.0019038879545405,0.0118463886901736,0.9862383604049684
9693,9.268405847251415e-06,0.0027786942664533,0.0232657231390476,0.9739462733268738
9694,3.3243441066588275e-06,0.0005858989316038,0.0042621213942766,0.9951485991477966
9695,0.0004208154277876,0.1594832688570022,0.5229254961013794,0.3171703517436981
9696,1.9257180611020885e-05,0.0058642737567424,0.038239873945713,0.9558765292167664
9697,8.863927178026643e-06,0.0026162306312471,0.0212314706295728,0.976143479347229
9698,0.0005022204131819,0.2090416997671127,0.5422129034996033,0.2482431679964065
9699,9.895905532175676e-05,0.01976328343153,0.0571869574487209,0.9229507446289062
9700,1.5866893591010012e-05,0.0044687311165034,0.0305382292717695,0.9649771451950072
9701,1.803630766517017e-05,0.0049234349280595,0.0270349774509668,0.9680235981941224
9702,2.5476811060798354e-05,0.0049314759671688,0.0254384875297546,0.9696046113967896
9703,1.5083831385709344e-05,0.0046657244674861,0.0339408107101917,0.9613783955574036
9704,4.970228474121541e-06,0.0023442383389919,0.0218966919928789,0.9757540225982666
9705,3.279236989328638e-05,0.0120454933494329,0.0890048295259475,0.8989169001579285
9706,0.0006163127836771,0.1508067697286605,0.4868102371692657,0.3617666363716125
9707,0.0001281389850191,0.0415380634367466,0.2666628956794739,0.6916708946228027
9708,3.984243812737986e-05,0.0131188789382576,0.09543327242136,0.8914080858230591
9709,5.339672134141438e-05,0.068459615111351,0.5555697083473206,0.3759172856807709
9710,4.9102331104222685e-05,0.0120149431750178,0.0482683554291725,0.939667582511902
9711,4.6674595068907365e-05,0.0110695119947195,0.0528096929192543,0.9360741376876832
9712,9.221063010045327e-06,0.0021529954392462,0.0136073501780629,0.9842304587364196
9713,1.7975853552343324e-05,0.0057367854751646,0.0444237440824508,0.9498215317726136
9714,0.0002518932451494,0.0687602087855339,0.2986807525157928,0.6323071122169495
9715,2.0118397515034303e-05,0.0101009495556354,0.1085954308509826,0.8812835216522217
9716,1.342410996585386e-05,0.004854577127844,0.040646880865097,0.9544851183891296
9717,1.1076068403781392e-05,0.0030234740115702,0.0168635826557874,0.9801018238067628
9718,6.445712642744184e-06,0.0014816554030403,0.0130011131986975,0.9855107069015504
9719,4.051076302857837e-06,0.0011058367090299,0.0091155087575316,0.9897745847702026
9720,3.002612902491819e-05,0.0085896896198391,0.0586998760700225,0.9326804280281068
9721,0.0001907974947243,0.1035787686705589,0.5512604713439941,0.3449699878692627
9722,9.919575859385075e-06,0.0034768609330058,0.0324761122465133,0.9640371799468994
9723,5.0971626478713006e-05,0.0081795640289783,0.046340387314558,0.9454290866851808
9724,0.0010254742810502,0.1697845458984375,0.5312088131904602,0.2979811429977417
9725,0.0006454209797084,0.1460607200860977,0.5342679023742676,0.3190259337425232
9726,3.4870132367359474e-05,0.0104541648179292,0.0630466789007186,0.9264642000198364
9727,0.0003455586265772,0.0658518224954605,0.3909802734851837,0.5428223013877869
9728,6.466043942054967e-06,0.0013746295589953,0.0099997418001294,0.9886192083358764
9729,4.000114131486043e-06,0.0007988697616383,0.0064830598421394,0.992713987827301
9730,8.066483860602602e-05,0.018542168661952,0.1018165349960327,0.879560649394989
9731,0.0001358893641736,0.0214684810489416,0.1073356494307518,0.8710599541664124
9732,0.0001394419377902,0.0174269545823335,0.0745256319642067,0.907908022403717
9733,3.0148567020660263e-05,0.0091809639707207,0.0831176564097404,0.9076711535453796
9734,3.100157846347429e-05,0.0155651252716779,0.3225579559803009,0.6618459224700928
9735,4.417041964188684e-06,0.0015005622990429,0.0158824529498815,0.9826126098632812
9736,3.69575786862697e-06,0.0009477215353399,0.0073388363234698,0.9917096495628356
9737,0.0001272818044526,0.0217425990849733,0.0820557102560997,0.8960743546485901
9738,5.387136752688093e-06,0.0009202442015521,0.0055497828871011,0.9935245513916016
9739,5.370694907469442e-06,0.0011965616140514,0.0083057843148708,0.9904922842979432
9740,1.1564874512259848e-05,0.0078134145587682,0.1569366455078125,0.8352383971214294
9741,3.248911752962158e-06,0.0011387597769498,0.0109743950888514,0.9878835082054138
9742,6.0405647673178464e-05,0.0202029254287481,0.0934173762798309,0.8863193988800049
9743,1.9188357327948324e-05,0.0050767608918249,0.0274447109550237,0.9674593806266784
9744,1.2889873687527142e-05,0.0045179654844105,0.0349856093525886,0.9604834318161012
9745,0.0002827878633979,0.4173047542572021,0.5703880190849304,0.0120244473218917
9746,4.9621307880443055e-06,0.0012333141639828,0.0092565361410379,0.9895051121711732
9747,6.145603492768714e-06,0.0018714838661253,0.0134030422195792,0.9847192764282228
9748,8.554587111575529e-06,0.003293126123026,0.0247162841260433,0.9719820022583008
9749,5.558929478866048e-05,0.0453024134039878,0.3194131255149841,0.6352288722991943
9750,3.413846206967719e-05,0.0158519782125949,0.1049956977367401,0.8791181445121765
9751,4.069179703947157e-05,0.0292651169002056,0.3736319839954376,0.5970621705055237
9752,4.1675859392853454e-05,0.0112000331282615,0.0707863941788673,0.9179719090461732
9753,1.3103704986860976e-05,0.003928527701646,0.01964140124619,0.9764169454574584
9754,0.0001104323164327,0.0283187013119459,0.1309443563222885,0.8406265377998352
9755,1.3661496268468907e-05,0.0021922998130321,0.0111334165558218,0.9866605997085572
9756,0.0001131696481024,0.0244378391653299,0.0866396576166153,0.888809323310852
9757,4.1381445043953136e-05,0.0082643600180745,0.0364640690386295,0.955230176448822
9758,8.426872227573767e-06,0.003095410298556,0.0243472866714,0.9725489616394044
9759,4.542175156529993e-05,0.0102790798991918,0.0498109981417655,0.9398645758628844
9760,3.4721324482234195e-05,0.0200649350881576,0.1529672294855117,0.8269330263137817
9761,8.505351433996111e-05,0.081036552786827,0.6177910566329956,0.3010873198509216
9762,2.042675987468101e-05,0.0116213103756308,0.1210968345403671,0.8672614693641663
9763,1.4860094779578503e-05,0.0079420711845159,0.0596085488796234,0.932434618473053
9764,0.0001144734487752,0.0259056892246007,0.1161012426018714,0.8578786253929138
9765,8.419172081630677e-05,0.1522221863269806,0.7852218151092529,0.062471866607666
9766,8.778305527812336e-06,0.0021818061359226,0.0158715471625328,0.9819378852844238
9767,3.061899633394205e-06,0.0011247156653553,0.0078070745803415,0.9910650849342346
9768,8.386140689253807e-05,0.0088256318122148,0.0327912010252475,0.9582993984222412
9769,1.4989764167694377e-05,0.0058612464927136,0.0681347474455833,0.9259889721870422
9770,2.2613414330407977e-05,0.0054475334472954,0.0344294719398021,0.9601004719734192
9771,4.906928734271787e-05,0.0316338613629341,0.3620303571224212,0.6062867641448975
9772,2.247742668259889e-05,0.0069527085870504,0.068059429526329,0.9249653816223145
9773,2.1154393834876828e-05,0.006442021112889,0.0522788725793361,0.9412580132484436
9774,9.545035936753266e-06,0.0015558404847979,0.0109697449952363,0.9874649047851562
9775,3.936988377972739e-06,0.0009785199072211,0.006583297625184,0.99243426322937
9776,1.054347649187548e-05,0.0028780903667211,0.0193632505834102,0.9777480363845824
9777,1.0467319953022525e-05,0.0052553825080394,0.0539133287966251,0.9408208727836608
9778,6.790638053644216e-06,0.0024176347069442,0.0222321543842554,0.9753434062004088
9779,0.0002673772105481,0.1429014503955841,0.6817446947097778,0.1750865131616592
9780,2.1280584405758415e-05,0.0067914524115622,0.0314033553004264,0.9617838859558104
9781,5.532407612918178e-06,0.0013750537764281,0.0096950735896825,0.9889243245124816
9782,7.231909694382921e-05,0.0220229029655456,0.1118415296077728,0.8660632371902466
9783,3.364392614457756e-05,0.0857835486531257,0.8138916492462158,0.1002911329269409
9784,0.000247502408456,0.2113815993070602,0.6930936574935913,0.0952771604061126
9785,0.0001081306982086,0.0998541265726089,0.6410358548164368,0.2590019106864929
9786,1.3069782653474247e-05,0.0064602801576256,0.0642349645495414,0.9292916655540466
9787,0.0001192401323351,0.0325494073331356,0.1787313967943191,0.7885999083518982
9788,6.794623186578974e-05,0.0722195953130722,0.4783470034599304,0.4493654370307922
9789,0.0001520424557384,0.0477703213691711,0.2926287055015564,0.6594489216804504
9790,1.1715645086951554e-05,0.0031980613712221,0.0229036174714565,0.9738865494728088
9791,6.845415191492066e-05,0.1257170736789703,0.7822378873825073,0.0919765681028366
9792,2.387301719863899e-05,0.0066193263046443,0.041186835616827,0.952169954776764
9793,1.429707572242478e-05,0.0083921756595373,0.0660095736384391,0.9255839586257936
9794,4.942763098370051e-06,0.0013492436846718,0.0130028575658798,0.9856429696083068
9795,5.392697130446322e-05,0.0297365058213472,0.2609295547008514,0.7092800140380859
9796,1.1325633749947883e-05,0.004225714597851,0.0394708886742591,0.9562920331954956
9797,0.0013736045220866,0.6789608001708984,0.3012870252132416,0.0183786265552043
9798,3.262093014200218e-05,0.0094789527356624,0.0678855925798416,0.9226027727127076
9799,6.672039944533026e-06,0.0014184225583449,0.0098458034917712,0.9887291193008424
9800,1.2954296835232526e-05,0.00809439830482,0.1266176998615265,0.865274965763092
9801,9.39016626944067e-06,0.0017617060802876,0.0114877680316567,0.9867411255836488
9802,3.911413659807295e-05,0.0110160550102591,0.0718336999416351,0.9171112179756165
9803,1.865878948592581e-05,0.0042890361510217,0.0250703804194927,0.970621943473816
9804,3.395203020772897e-05,0.0126678654924035,0.0852270126342773,0.902071177959442
9805,2.6608000553096645e-05,0.0357511229813098,0.4783447384834289,0.4858775436878204
9806,0.0016376711428165,0.3883959054946899,0.5392342805862427,0.0707321465015411
9807,1.3552078598877417e-05,0.0030193291604518,0.0182088855654001,0.9787582159042358
9808,8.137292752508074e-06,0.0021868282929062,0.0136069031432271,0.9841981530189514
9809,2.9022188755334355e-05,0.0516598299145698,0.713141918182373,0.2351692616939544
9810,7.584331342513906e-06,0.0022738038096576,0.0212387889623641,0.976479947566986
9811,1.084658651961945e-05,0.0032014220487326,0.0218777507543563,0.9749099612236024
9812,1.6155869161593728e-05,0.0025128135457634,0.0149192614480853,0.9825518131256104
9813,2.6381305360700932e-05,0.0053516253829002,0.0365717187523841,0.9580503106117249
9814,1.3776259038422722e-05,0.0065999790094792,0.0732088685035705,0.9201774597167968
9815,6.70432473270921e-06,0.0022075262386351,0.0196754653006792,0.978110373020172
9816,2.5871453544823453e-05,0.0104372892528772,0.0930265486240387,0.8965103626251221
9817,9.93003231997136e-06,0.0034265655558556,0.0315101109445095,0.965053379535675
9818,2.400618905085139e-05,0.0081554092466831,0.0491834133863449,0.9426371455192566
9819,3.294877024018206e-05,0.0103521961718797,0.0577399097383022,0.9318749904632568
9820,2.4673329335200837e-06,0.0005497083184309,0.0055518574081361,0.993895947933197
9821,8.363914093934e-05,0.0748608633875846,0.4805860221385956,0.4444694221019745
9822,2.347340705455281e-05,0.0094698490574955,0.0971482247114181,0.8933584094047546
9823,4.0927992813522e-05,0.0128591936081647,0.0995772704482078,0.8875225782394409
9824,3.4686723665799946e-05,0.0105629423633217,0.0678111612796783,0.9215912222862244
9825,0.0091418735682964,0.4913910925388336,0.3948438465595245,0.1046231985092163
9826,1.075792624760652e-05,0.0065151979215443,0.0562827177345752,0.937191367149353
9827,4.516360422712751e-05,0.0168510228395462,0.1188112720847129,0.8642925024032593
9828,1.3094218047626782e-05,0.0023810474667698,0.0218957066535949,0.9757100939750672
9829,2.296876482432708e-05,0.0071046887896955,0.0623416639864444,0.930530607700348
9830,3.0222006898839027e-05,0.0047746230848133,0.0266307089477777,0.9685644507408142
9831,0.0002284841903019,0.0852498784661293,0.4003990590572357,0.5141226053237915
9832,0.0004602882836479,0.1058049872517585,0.3810184001922607,0.5127162933349609
9833,4.96809934702469e-06,0.0009921877644956,0.0083074867725372,0.9906953573226928
9834,5.282442089082906e-06,0.001464674831368,0.0089722210541367,0.989557921886444
9835,8.978740879683755e-06,0.0015099919401109,0.0096937306225299,0.9887873530387878
9836,4.602717672241852e-05,0.0171732287853956,0.1019621565937995,0.8808186054229736
9837,4.130189699935727e-05,0.0142520852386951,0.0900759473443031,0.8956307172775269
9838,1.3982177733851133e-05,0.0035855190362781,0.0176485422998666,0.9787519574165344
9839,1.2686473382927945e-05,0.0031042778864502,0.021547956392169,0.9753350615501404
9840,5.521223556570476e-06,0.0015794776845723,0.0114899100735783,0.9869251251220704
9841,7.09410960553214e-05,0.0983438193798065,0.6933914422988892,0.2081938534975052
9842,6.075892542867223e-06,0.0014186399057507,0.0096946451812982,0.9888806343078612
9843,5.664735726895742e-05,0.1467110514640808,0.8056021332740784,0.0476301051676273
9844,2.3830539248592686e-06,0.0008753579459153,0.0087037375196814,0.9904184937477112
9845,2.66720999206882e-05,0.00763019034639,0.0387492999434471,0.9535937905311584
9846,5.466259608510882e-06,0.0010255349334329,0.0064815799705684,0.9924874305725098
9847,5.0710510549834e-05,0.1214652135968208,0.8431356549263,0.035348393023014
9848,2.8414147891453467e-05,0.0082565508782863,0.0521830096840858,0.9395320415496826
9849,1.6467176465084776e-05,0.0038448660634458,0.0254664961248636,0.9706721305847168
9850,0.0013820461463183,0.0754571557044982,0.2183425277471542,0.7048183083534241
9851,1.5088058717083186e-05,0.002920554485172,0.0202726647257804,0.9767916798591614
9852,0.0001877451431937,0.0700497105717659,0.4938985407352447,0.4358639419078827
9853,5.417480133473873e-05,0.0077928812243044,0.0333259254693985,0.9588268995285034
9854,0.000153093758854,0.0780750289559364,0.5252741575241089,0.3964977264404297
9855,2.8700222173938528e-05,0.0131201548501849,0.1623532474040985,0.8244978785514832
9856,2.0216257325955667e-05,0.0033998519647866,0.023971289396286,0.9726086854934692
9857,1.02793474070495e-05,0.0033846702426671,0.0283394958823919,0.9682656526565552
9858,0.0001049766942742,0.0379628539085388,0.2676641643047333,0.6942680478096008
9859,3.827243926934898e-05,0.0142798544839024,0.1686118990182876,0.817069947719574
9860,0.0002476559602655,0.0868046581745147,0.5749512910842896,0.3379963934421539
9861,5.678144589182921e-05,0.0126505959779024,0.0864511355757713,0.900841474533081
9862,8.148672350216657e-06,0.0018154797144234,0.0126019269227981,0.98557448387146
9863,2.7590634999796748e-05,0.0114841870963573,0.0903301388025283,0.898158073425293
9864,6.777830549253849e-06,0.0013119659852236,0.0098468521609902,0.9888343214988708
9865,9.571768896421418e-05,0.0451458245515823,0.4216910302639007,0.5330674052238464
9866,2.70162672677543e-05,0.0066106626763939,0.0424386225640773,0.9509237408638
9867,1.923350828292314e-05,0.0242768619209527,0.503092348575592,0.472611516714096
9868,0.0001039621492964,0.0419413261115551,0.190928041934967,0.7670266628265381
9869,5.860745204699924e-06,0.00181284325663,0.0140380496159195,0.9841432571411132
9870,8.837282803142443e-05,0.03565214574337,0.2019831538200378,0.7622764110565186
9871,8.320051165355835e-06,0.0024176312144845,0.0222321208566427,0.9753419756889344
9872,7.164155977079645e-05,0.0651322677731514,0.5715174674987793,0.3632785975933075
9873,1.4188743989507202e-05,0.0038731524255126,0.0334589332342147,0.9626537561416626
9874,0.0003125131479464,0.2212716788053512,0.6503536105155945,0.1280622035264969
9875,3.579263648134656e-05,0.0278334077447652,0.3185364603996277,0.6535943746566772
9876,6.840385321993381e-05,0.0186724476516246,0.1491830348968505,0.8320761322975159
9877,7.733902748441324e-05,0.0382280088961124,0.315116822719574,0.646577775478363
9878,6.846532778581604e-05,0.0085565503686666,0.0328006111085414,0.95857435464859
9879,7.684189768042415e-06,0.0016854535788297,0.008970214985311,0.9893366098403932
9880,4.537529457593337e-05,0.0075126443989574,0.0387531667947769,0.9536888599395752
9881,1.2802152014046442e-05,0.0047766189090907,0.0412636920809745,0.9539468288421632
9882,6.21772778686136e-05,0.019535519182682,0.0961572006344795,0.8842450976371765
9883,1.3270640010887291e-05,0.0035663717426359,0.0228951200842857,0.9735252261161804
9884,0.0006038036663085,0.0552086010575294,0.1700544655323028,0.7741330862045288
9885,7.426789670716971e-05,0.0264412052929401,0.2588305175304413,0.7146540284156799
9886,4.961596005159663e-06,0.0011952401837334,0.009401292540133,0.98939847946167
9887,6.569155630131718e-06,0.0014866198180243,0.0096939802169799,0.9888127446174622
9888,7.12592518539168e-05,0.0114351771771907,0.0512489154934883,0.937244713306427
9889,1.9622615582193248e-05,0.0041069369763135,0.0218576826155185,0.9740157127380372
9890,2.3750175387249328e-05,0.0053747370839118,0.0324138104915618,0.9621877670288086
9891,0.0003044697514269,0.044486753642559,0.2259223759174347,0.7292863726615906
9892,2.279650107084308e-05,0.005491639021784,0.0266117211431264,0.9678738117218018
9893,0.0004907687543891,0.2542245388031006,0.5910897254943848,0.1541949659585952
9894,1.5074224393174518e-05,0.0091292262077331,0.0740863308310508,0.9167694449424744
9895,0.0002273387362947,0.1215026229619979,0.5531122088432312,0.325157880783081
9896,2.230567224614788e-05,0.0143799604848027,0.1498426496982574,0.8357551097869873
9897,4.726188763015671e-06,0.0015083084581419,0.0108020799234509,0.987684965133667
9898,8.523094038537238e-06,0.0020855325274169,0.0142520274966955,0.983653962612152
9899,6.249304078664864e-06,0.0015776949003338,0.0126049518585205,0.9858111143112184
9900,0.0003781323321163,0.1000443771481514,0.3835093080997467,0.5160682201385498
9901,9.333941852673888e-05,0.0737264901399612,0.5799038410186768,0.3462763726711273
9902,9.771598342922516e-06,0.0027953987009823,0.0173935554921627,0.9798012971878052
9903,5.036438778915908e-06,0.0013964648824185,0.0098460363224148,0.9887524247169496
9904,6.914775440236554e-05,0.0163993276655673,0.1020400449633598,0.881491482257843
9905,0.0025741585996001,0.177664652466774,0.4066784381866455,0.4130826890468597
9906,1.3065156963421032e-05,0.0047991727478802,0.0515959747135639,0.9435917735099792
9907,5.501313353306614e-06,0.0019282379653304,0.0147001333534717,0.9833661913871764
9908,0.0005273877759464,0.2606832087039947,0.6156513690948486,0.1231380179524421
9909,5.953940490144305e-05,0.0175733417272567,0.0950005948543548,0.8873665928840637
9910,3.331168773001991e-05,0.0469063483178615,0.6374832987785339,0.3155770897865295
9911,1.2077653082087636e-05,0.0043676574714481,0.0225300900638103,0.97309011220932
9912,9.766004950506613e-06,0.0022448804229497,0.0185047462582588,0.9792405366897584
9913,2.1256970285321582e-05,0.0048105171881616,0.0344515703618526,0.9607166647911072
9914,4.377933873911388e-05,0.0252994261682033,0.2118294835090637,0.7628272771835327
9915,6.6799675551010296e-06,0.0012532407417893,0.0088362079113721,0.9899039268493652
9916,8.184797479771078e-06,0.0033019830007106,0.0372033268213272,0.959486484527588
9917,8.214158879127353e-05,0.0183006972074508,0.0859541669487953,0.8956629633903503
9918,4.978188826498808e-06,0.0009052318637259,0.0063825063407421,0.9927073121070862
9919,3.088720404775813e-05,0.0066697788424789,0.0338719338178634,0.9594274163246156
9920,3.582421049941331e-05,0.0083644753322005,0.0545432269573211,0.9370565414428712
9921,9.800019142858218e-06,0.0021833907812833,0.0151557363569736,0.9826510548591614
9922,4.789830654772231e-06,0.0015286190900951,0.0130005255341529,0.9854661226272584
9923,0.0001010107880574,0.0359623320400714,0.206948921084404,0.7569877505302429
9924,3.99743439629674e-05,0.0177118256688117,0.1288446635007858,0.8534035682678223
9925,7.111683225957677e-05,0.0721280947327613,0.5498765110969543,0.377924233675003
9926,0.0004486122634261,0.2759662866592407,0.6620087027549744,0.0615763962268829
9927,2.2996928237262185e-05,0.0117280147969722,0.1130245849490165,0.8752244710922241
9928,0.0001129224983742,0.0178400594741106,0.0812126845121383,0.9008344411849976
9929,2.7501511794980612e-05,0.0257964227348566,0.3293466567993164,0.6448293924331665
9930,2.724847763602156e-05,0.0594266317784786,0.7127405405044556,0.2278055548667907
9931,4.392492883198429e-06,0.0010748076019808,0.0063814264722168,0.9925393462181092
9932,6.849102646810934e-06,0.0022202336695045,0.0140323070809245,0.9837407469749452
9933,0.000103371879959,0.0226736329495906,0.0855693966150283,0.8916535377502441
9934,8.512588465237059e-06,0.0023974741343408,0.0151525037363171,0.9824414849281312
9935,8.218680159188807e-05,0.0393743440508842,0.3049017488956451,0.6556417346000671
9936,1.0177327567362228e-05,0.0026098226662725,0.0236274059861898,0.9737526178359984
9937,4.976593572791899e-06,0.0009191925637423,0.0066866655834019,0.9923891425132751
9938,8.425250598520506e-06,0.003193053882569,0.0395119413733482,0.9572866559028624
9939,1.2307087672525086e-05,0.0032056665513664,0.0205794926732778,0.9762025475502014
9940,8.915924809116405e-06,0.0022509079426527,0.0158704463392496,0.9818697571754456
9941,0.0003814752271864,0.0365540012717247,0.1179977506399154,0.8450667262077332
9942,6.17418481851928e-05,0.1346537321805954,0.8248541355133057,0.0404303818941116
9943,2.44081729761092e-05,0.0035663323942571,0.0228948667645454,0.9735144972801208
9944,6.71303496346809e-05,0.0331819467246532,0.2232418805360794,0.74350905418396
9945,0.0001682929723756,0.085826352238655,0.4427260160446167,0.4712793827056885
9946,5.820049773319624e-05,0.0537456944584846,0.4033838212490082,0.5428122878074646
9947,1.1272431038378272e-05,0.0025911575648933,0.0153844114392995,0.9820131659507751
9948,6.772346387151629e-05,0.0179179403930902,0.1186796054244041,0.8633347153663635
9949,2.2921660274732855e-05,0.009691041894257,0.1041885241866111,0.8860974907875061
9950,1.5943700418574736e-05,0.0040885219350457,0.026247177273035,0.96964830160141
9951,3.359876063768752e-05,0.0133445635437965,0.148021712899208,0.8386001586914062
9952,4.158221599936951e-06,0.0010335062397643,0.0142671139910817,0.9846952557563782
9953,7.469850243069232e-05,0.0369228199124336,0.2771211266517639,0.6858813762664795
9954,3.004579048138112e-05,0.0083308648318052,0.0436506159603595,0.9479883909225464
9955,0.0006104100029915,0.1145201325416565,0.3874166309833526,0.4974527955055237
9956,1.2256326954229737e-05,0.0038508235011249,0.0239606294780969,0.972176194190979
9957,2.16941989492625e-05,0.0072557157836854,0.0424112901091575,0.9503113031387328
9958,0.0001463126973249,0.1068836376070976,0.5688494443893433,0.3241206109523773
9959,3.019302494067233e-05,0.0091945016756653,0.0529107041656971,0.9378646016120912
9960,0.0007274407544173,0.1808019578456878,0.4474891424179077,0.3709815442562103
9961,0.0001398720778524,0.0358680933713912,0.1850216835737228,0.7789703607559204
9962,8.216808055294678e-05,0.0538060888648033,0.4435283243656158,0.5025834441184998
9963,9.217807928507682e-06,0.0022910423576831,0.0138167552649974,0.9838829636573792
9964,3.886266131303273e-05,0.0074059125036001,0.037610325962305,0.9549449682235718
9965,5.3121490054763854e-05,0.0446654930710792,0.5111695528030396,0.4441117942333221
9966,0.0001607348385732,0.0375294424593448,0.1966402232646942,0.765669584274292
9967,1.1861657185363583e-05,0.0045661982148885,0.0246846340596675,0.9707372784614564
9968,2.477666930644773e-05,0.0116860661655664,0.1161952763795852,0.872093915939331
9969,0.0001294474932365,0.1511118113994598,0.6879010796546936,0.160857692360878
9970,7.011218258412555e-06,0.0013571423478424,0.0072228973731398,0.9914129972457886
9971,0.0026210066862404,0.2082123607397079,0.4766028225421905,0.3125637471675873
9972,2.747538201219868e-05,0.012758020311594,0.0928082168102264,0.8944063186645508
9973,8.824032192933373e-06,0.0031415729317814,0.0250995196402072,0.971750020980835
9974,0.0003500056627672,0.0911670997738838,0.3232153952121734,0.5852675437927246
9975,2.2268341126618907e-05,0.0095630893483757,0.0740533545613288,0.9163613319396972
9976,7.894473128544632e-06,0.0016522825462743,0.0132008697837591,0.9851389527320862
9977,6.860076246084645e-05,0.0478190146386623,0.3022255003452301,0.6498869061470032
9978,6.522458079416538e-06,0.0018369765020906,0.0163727924227714,0.98178368806839
9979,1.186508234241046e-05,0.0045675165019929,0.0394573211669921,0.955963373184204
9980,1.615696783119347e-05,0.0057522784918546,0.0418449491262435,0.9523866176605223
9981,1.273071757168509e-05,0.0024642501957714,0.0187864806503057,0.9787365198135376
9982,3.0298724595922977e-05,0.0089428136125206,0.0498790107667446,0.9411478638648988
9983,4.947641355101951e-05,0.0193460993468761,0.1185092180967331,0.8620952367782593
9984,2.0530487745418213e-05,0.0147653119638562,0.1663602590560913,0.8188539147377014
9985,6.34173775324598e-05,0.0126651963219046,0.0567614622414112,0.930509865283966
9986,1.566770879435353e-05,0.0093415454030036,0.123050719499588,0.8675920367240906
9987,9.143350325757638e-06,0.0028282175771892,0.0212269499897956,0.9759356379508972
9988,0.0005053004715591,0.1491418629884719,0.5717191696166992,0.2786336839199066
9989,0.0003106440999545,0.0960883051156997,0.4306378960609436,0.4729632139205932
9990,1.7141777789220214e-05,0.0029743136838078,0.0176593121141195,0.9793492555618286
9991,3.51529561157804e-05,0.0095958290621638,0.0416823774576187,0.9486865401268004
9992,8.251578037743457e-06,0.0020508908201009,0.0153927905485033,0.9825480580329896
9993,5.421162768470822e-06,0.0020869008731096,0.0136083038523793,0.9842994213104248
9994,9.3890530479257e-06,0.0048636496067047,0.0388580076396465,0.9562689065933228
9995,1.306096964981407e-05,0.0082895690575242,0.0774298980832099,0.914267361164093
9996,2.163519275200088e-05,0.0088657103478908,0.0867856368422508,0.9043270349502563
9997,4.107219865545631e-06,0.0010866679949685,0.010974958539009,0.9879342317581176
9998,2.9630404242197983e-05,0.0058257961645722,0.0295858345925807,0.964558720588684
9999,2.398414653725922e-05,0.004361268132925,0.0239480715245008,0.9716666340827942
