id,p_same_figure,p_same_paper,p_related_papers,p_unrelated_papers
0,0.9666154384613036,0.0241987463086843,0.0076144733466207,0.0015713353641331
1,0.9674233198165894,0.0223988853394985,0.0075026866979897,0.0026751651894301
2,0.9428706765174866,0.0389169231057167,0.0154800806194543,0.0027323968242853
3,0.8872129321098328,0.0964799299836158,0.0147956758737564,0.0015114736743271
4,0.9646557569503784,0.0249162800610065,0.0088841719552874,0.0015438377158716
5,0.938334047794342,0.0497298836708068,0.0099466033279895,0.0019894456490874
6,0.972685933113098,0.0195663496851921,0.0063522639684379,0.0013954072492197
7,0.9532359838485718,0.0352684073150157,0.0097936829552054,0.0017018867656588
8,0.9650813937187196,0.02653494104743,0.0068147373385727,0.0015688415151089
9,0.9712508320808412,0.0198451522737741,0.0075323702767491,0.0013717465335503
10,0.9133999943733216,0.0621576495468616,0.0211480762809515,0.003294234862551
11,0.883624255657196,0.1007011160254478,0.0142824556678533,0.0013922301586717
12,0.5701767802238464,0.4043158292770386,0.0246634278446435,0.0008439359953626
13,0.5780750513076782,0.3561417162418365,0.0618881471455097,0.003895039204508
14,0.9409781098365784,0.0433278232812881,0.0130093703046441,0.0026846351101994
15,0.8119337558746338,0.1574005335569381,0.0277828443795442,0.0028828915674239
16,0.9858570098876952,0.0106149287894368,0.0029476592317223,0.0005804284592159
17,0.9564946293830872,0.0307464711368083,0.010460958816111,0.0022979679051786
18,0.9665772914886476,0.0238226372748613,0.0077340775169432,0.0018659330671653
19,0.9121352434158324,0.0556406043469905,0.02547412738204,0.0067499713040888
20,0.1757048517465591,0.7169854640960693,0.1049181520938873,0.0023915232159197
21,0.9698361158370972,0.0204452816396951,0.0082606403157114,0.0014580895658582
22,0.9578447341918944,0.031274739652872,0.0086846807971596,0.002195831388235
23,0.9728129506111144,0.0214922372251749,0.0049477936699986,0.0007470052223652
24,0.5951985120773315,0.3391338884830475,0.0627334639430046,0.0029340831097215
25,0.9678700566291808,0.0227621216326951,0.0077444217167794,0.0016233189962804
26,0.9714593887329102,0.0221436209976673,0.0052595706656575,0.0011374619789421
27,0.9559474587440492,0.0342805460095405,0.0092264832928776,0.0005455029313452
28,0.967298150062561,0.0242158379405736,0.0069379527121782,0.0015480666188523
29,0.7866925597190857,0.192787304520607,0.0196944642812013,0.0008256886503659
30,0.9723914265632628,0.0192571692168712,0.0068663558922708,0.0014849534491077
31,0.3752751052379608,0.4670373797416687,0.1199451237916946,0.0377424098551273
32,0.9206761121749878,0.0519409961998462,0.0219931993633508,0.0053896652534604
33,0.9681927561759948,0.0220691617578268,0.0078690024092793,0.0018690517172217
34,0.9520555138587952,0.0341409780085086,0.010912112891674,0.0028914220165461
35,0.9082583785057068,0.0733985304832458,0.015627447515726,0.0027156434953212
36,0.9549559354782104,0.0316714383661747,0.0114706335589289,0.00190201762598
37,0.9592168927192688,0.0285167675465345,0.0101679665967822,0.0020982786081731
38,0.983742356300354,0.0123834889382123,0.0030824940185993,0.0007916499162092
39,0.9040405750274658,0.0644731745123863,0.0272996611893177,0.0041865389794111
40,0.9638012647628784,0.0277714934200048,0.0072446269914507,0.0011826527770608
41,0.9693267345428468,0.0220950096845626,0.0069525027647614,0.0016257622046396
42,0.9560792446136476,0.0302566420286893,0.0106210820376873,0.0030429908074438
43,0.9213792681694032,0.0579886175692081,0.0174113400280475,0.0032207742333412
44,0.97187602519989,0.0211386531591415,0.0063469745218753,0.0006383320433087
45,0.9575622081756592,0.0317578762769699,0.0084149986505508,0.0022648661397397
46,0.922746479511261,0.0647869706153869,0.0114355804398655,0.0010309488279744
47,0.1445264667272567,0.5897582173347473,0.2458477914333343,0.0198675468564033
48,0.9627729654312134,0.0248676482588052,0.0097383111715316,0.002621030434966
49,0.9816597104072572,0.013785533607006,0.0040118186734616,0.0005429406301118
50,0.9445589184761048,0.0415010228753089,0.0117059014737606,0.0022341101430356
51,0.9554628133773804,0.0311969649046659,0.0106142340227961,0.0027259604539722
52,0.4472425282001495,0.4334823191165924,0.1079022884368896,0.0113728176802396
53,0.9276353120803832,0.0565861128270626,0.0136520359665155,0.0021265770774334
54,0.9561753869056702,0.0348286852240562,0.0078937103971838,0.0011022089747712
55,0.8404136896133423,0.1191960126161575,0.0352342762053012,0.0051559130661189
56,0.9355046153068542,0.0488112643361091,0.0131373731419444,0.002546795643866
57,0.983904242515564,0.01110231410712,0.0042139631696045,0.0007795047713443
58,0.9496188163757324,0.0362498648464679,0.0115861529484391,0.002545139985159
59,0.9634047746658324,0.0237444452941417,0.0108709996566176,0.0019797559361904
60,0.9576267004013062,0.0271657798439264,0.0132395438849926,0.001967882271856
61,0.8688342571258545,0.1037674620747566,0.0242648161947727,0.00313350581564
62,0.5490412712097168,0.3773501813411712,0.0709019973874092,0.0027065468020737
63,0.8099668622016907,0.1594919264316558,0.0285953283309936,0.0019459364702925
64,0.8118552565574646,0.145557627081871,0.039793238043785,0.0027939239516854
65,0.8712989091873169,0.0992964729666709,0.0263109467923641,0.0030936764087527
66,0.9396447539329528,0.0467821545898914,0.0122038554400205,0.0013692345237359
67,0.97772479057312,0.0176300220191478,0.003753648372367,0.0008915696525946
68,0.9738833904266356,0.018118193373084,0.0066653108224272,0.0013331461232155
69,0.9691409468650818,0.0250321291387081,0.0047774650156497,0.0010494699236005
70,0.7973189949989319,0.149811789393425,0.0442842841148376,0.0085848998278379
71,0.9463382363319396,0.0422339774668216,0.0095720756798982,0.0018556315917521
72,0.9536740779876708,0.035840269178152,0.008783034980297,0.0017026689602062
73,0.9697727560997008,0.0242777876555919,0.0051690386608242,0.0007804081542417
74,0.9090623259544371,0.072324551641941,0.0169122572988271,0.00170091050677
75,0.5941259860992432,0.2636418044567108,0.1188326701521873,0.0233995411545038
76,0.9725887179374696,0.018962463364005,0.0068677486851811,0.0015810454497113
77,0.9632811546325684,0.0256705731153488,0.0087339729070663,0.0023142725694924
78,0.9320615530014038,0.0464046113193035,0.0181723088026046,0.0033615389838814
79,0.9783535599708556,0.015568446367979,0.0046744951978325,0.0014035379281267
80,0.9375322461128236,0.0438489690423011,0.0153924347832798,0.0032264294568449
81,0.0960928425192833,0.5034904479980469,0.3353969752788543,0.06501966714859
82,0.949585735797882,0.0335244759917259,0.0131283737719058,0.0037613417953252
83,0.8731241226196289,0.1026630923151969,0.0215193536132574,0.0026934631168842
84,0.9180831909179688,0.0605541542172431,0.0193542707711458,0.0020082988776266
85,0.9752154350280762,0.0178616940975189,0.0057988427579402,0.0011241569882258
86,0.7885866165161133,0.1577272415161132,0.0504126511514186,0.0032735243439674
87,0.948823869228363,0.0379577353596687,0.0115764532238245,0.0016418903833255
88,0.9613107442855836,0.0318821966648101,0.0057161622680723,0.0010909487027674
89,0.9571828842163086,0.0298219453543424,0.0108007919043302,0.0021943140309304
90,0.9683171510696412,0.0234955176711082,0.0067315786145627,0.0014558059629052
91,0.1595643162727356,0.7040308117866516,0.1322834640741348,0.0041214171797037
92,0.9701003432273864,0.0211000312119722,0.0070676249451935,0.0017319959588348
93,0.9622459411621094,0.0277266781777143,0.0090015344321727,0.0010258485563099
94,0.9525139927864076,0.0336278602480888,0.01199038233608,0.0018677413463592
95,0.9738376140594482,0.0178364589810371,0.0062611852772533,0.0020647200290113
96,0.9510858058929444,0.0398741923272609,0.0076101226732134,0.0014298995956778
97,0.9720598459243774,0.0198616813868284,0.0064481440931558,0.0016303461743518
98,0.9704050421714784,0.0198278687894344,0.0076443254947662,0.0021227523684501
99,0.9196428656578064,0.0625824853777885,0.0163256153464317,0.0014489807654172
100,0.927514672279358,0.0548380129039287,0.0157113540917634,0.0019360186997801
101,0.8067100048065186,0.133765622973442,0.0499845631420612,0.0095397206023335
102,0.9647376537322998,0.0257093869149684,0.0077193579636514,0.0018335081404075
103,0.9623107314109802,0.0286087449640035,0.0076999389566481,0.0013805229682475
104,0.9397801160812378,0.0453493520617485,0.0120163820683956,0.0028541411738842
105,0.9793263673782348,0.0148702850565314,0.0042604082264006,0.001543017453514
106,0.9665541052818298,0.0241972096264362,0.0074959453195333,0.0017528398893773
107,0.9535155892372132,0.0363986156880855,0.0085113942623138,0.0015744497068226
108,0.9005534052848816,0.0762684568762779,0.0205273777246475,0.0026508609298616
109,0.9349834322929382,0.0444184020161628,0.0176684204488992,0.0029297112487256
110,0.938169002532959,0.0505041293799877,0.0101014617830514,0.0012254463508725
111,0.9743545651435852,0.0181269589811563,0.0064633660949766,0.0010551156010478
112,0.9400347471237184,0.0468015745282173,0.011291405186057,0.0018722986569628
113,0.6612717509269714,0.247099220752716,0.0827678740024566,0.0088610472157597
114,0.9664095640182496,0.0269899014383554,0.0057464810088276,0.0008541382267139
115,0.9212217926979064,0.0626899302005767,0.0146593134850263,0.0014289655955508
116,0.9303983449935912,0.057648416608572,0.0113516459241509,0.0006016151746734
117,0.8994026780128479,0.084974892437458,0.0140902185812592,0.0015322403050959
118,0.9744798541069032,0.0178482215851545,0.0065659936517477,0.0011058937525376
119,0.8388195037841797,0.1369335204362869,0.022353783249855,0.0018931566737592
120,0.7905473709106445,0.1581194251775741,0.0445996336638927,0.0067335371859371
121,0.9322545528411864,0.0517788045108318,0.0143784545361995,0.0015882074367254
122,0.0471688657999038,0.3768544793128967,0.4138936698436737,0.162083089351654
123,0.953472137451172,0.037552323192358,0.0077493605203926,0.0012261267984285
124,0.9578667283058168,0.0289250686764717,0.0106409387663006,0.0025672458577901
125,0.9084451794624328,0.0700517669320106,0.0194526743143796,0.0020502968691289
126,0.9754084348678588,0.0165226347744464,0.00699612358585,0.0010728903580456
127,0.0090289646759629,0.4559178650379181,0.470390260219574,0.0646629035472869
128,0.9692888855934144,0.0250359494239091,0.0050863614305853,0.0005887890583835
129,0.2928507924079895,0.4981559813022613,0.1950806826353073,0.0139125082641839
130,0.9735040068626404,0.0189803075045347,0.0061620031483471,0.0013536125188693
131,0.9636937379837036,0.0252834111452102,0.0095965005457401,0.0014263924676924
132,0.7814902067184448,0.1612696051597595,0.0484219193458557,0.0088182864710688
133,0.9282695651054382,0.0531940832734108,0.0152403600513935,0.0032959592062979
134,0.8483938574790955,0.1203278377652168,0.0277010407298803,0.0035772523842751
135,0.9737011790275574,0.0198952183127403,0.0051899780519306,0.0012136162258684
136,0.8670629858970642,0.1137339100241661,0.0182787030935287,0.0009243742097169
137,0.9509769082069396,0.032540637999773,0.012943772599101,0.0035386304371058
138,0.9669969081878662,0.0253700725734233,0.0066181793808937,0.0010149306617677
139,0.9723935723304749,0.0186647307127714,0.0069744996726512,0.0019672480411827
140,0.9457387328147888,0.041552860289812,0.0105062089860439,0.0022022207267582
141,0.9851080775260924,0.0107738971710205,0.0033375979401171,0.000780458562076
142,0.7728556990623474,0.1807233393192291,0.0416048765182495,0.0048161135055124
143,0.9647045731544496,0.0257085058838129,0.0083463303744792,0.0012405712623149
144,0.9198948740959167,0.0535442978143692,0.0230291187763214,0.0035316296853125
145,0.9390106201171876,0.0432372279465198,0.0142581220716238,0.0034941034391522
146,0.0854403153061866,0.565914511680603,0.3029122352600097,0.0457329079508781
147,0.9589669108390808,0.0285093355923891,0.0103253973647952,0.0021984037011861
148,0.9108709692955016,0.0691498816013336,0.0172127652913332,0.0027663432992994
149,0.9706535339355468,0.0211120620369911,0.0061439601704478,0.00209037726745
150,0.9817041754722596,0.0131548438221216,0.0044757099822163,0.0006652548909187
151,0.9305217266082764,0.0558821745216846,0.0117135401815176,0.0018825371516868
152,0.0018987260991707,0.3851694166660309,0.5782077312469482,0.0347240753471851
153,0.8269297480583191,0.139277696609497,0.0310770571231842,0.0027154826093465
154,0.9116846323013306,0.0760141238570213,0.0112984906882047,0.0010027979733422
155,0.946382224559784,0.0409364812076091,0.0110179036855697,0.0016634545754641
156,0.9654918909072876,0.0257294885814189,0.0073716212064027,0.0014068986056372
157,0.930708944797516,0.0478081740438938,0.0165220629423856,0.0049608224071562
158,0.9729658365249634,0.0189698152244091,0.0068704118020832,0.0011938984971493
159,0.9826486110687256,0.0127623779699206,0.0039535998366773,0.0006354013457894
160,0.9610939621925354,0.0272641386836767,0.0100299166515469,0.0016119541833177
161,0.8145485520362854,0.1249150708317756,0.0489174425601959,0.011618910357356
162,0.6755807399749756,0.2334744781255722,0.0806866213679313,0.0102581521496176
163,0.9719680547714232,0.0211406536400318,0.0056017157621681,0.0012895881664007
164,0.9012160301208496,0.0739763155579567,0.0202240012586116,0.0045836470089852
165,0.9678585529327391,0.0220615435391664,0.0072751245461404,0.0028048104140907
166,0.9389380812644958,0.0446062721312046,0.0138183794915676,0.0026372841093689
167,0.8913058638572693,0.075485274195671,0.0269151050597429,0.0062937852926552
168,0.9686805605888368,0.0204209219664335,0.0075124367140233,0.0033861207775771
169,0.969871997833252,0.0207680147141218,0.0070659611374139,0.0022939816117286
170,0.9627495408058168,0.0264708269387483,0.0090062450617551,0.0017734349239617
171,0.8557177782058716,0.1140133589506149,0.0266607031226158,0.0036081336438655
172,0.9485780596733092,0.0334889031946659,0.0144033972173929,0.0035297044087201
173,0.95186185836792,0.033604834228754,0.0119821727275848,0.0025511516723781
174,0.8857994079589844,0.0890871882438659,0.0214932840317487,0.0036200596950948
175,0.9839036464691162,0.012385519221425,0.0031315498054027,0.0005792784504592
176,0.9808597564697266,0.0148935681208968,0.0038852195721119,0.0003613817098084
177,0.7514405846595764,0.2186816781759262,0.027371222153306,0.0025064493529498
178,0.9702833294868468,0.0207768231630325,0.0071802781894803,0.0017596028046682
179,0.0774659886956214,0.3526457250118255,0.4058927297592163,0.1639954894781112
180,0.9614965915679932,0.0285845417529344,0.0080626402050256,0.0018561251927167
181,0.9715906977653505,0.0195443164557218,0.0075350059196352,0.0013300075661391
182,0.9490558505058287,0.0373783856630325,0.0123260840773582,0.0012396668316796
183,0.9760045409202576,0.0175990033894777,0.0051216017454862,0.001274867565371
184,0.9808506965637208,0.0148934312164783,0.003428662661463,0.0008272033883258
185,0.9721238017082214,0.0198629889637231,0.0062501667998731,0.001762940431945
186,0.8900829553604126,0.0815070644021034,0.0252497103065252,0.0031603719107806
187,0.9244551062583924,0.0581822022795677,0.0159061271697282,0.0014565627789124
188,0.9496279954910278,0.0351349152624607,0.0125277386978268,0.0027093135286122
189,0.9784356355667114,0.0150907207280397,0.0051343590021133,0.0013393776025623
190,0.9631085395812988,0.0273212864995002,0.0080761574208736,0.0014939388493075
191,0.0793965309858322,0.5598000288009644,0.318964421749115,0.0418390296399593
192,0.913560152053833,0.0715555623173713,0.0134448911994695,0.0014393968740478
193,0.968678653240204,0.0220802370458841,0.0078729512169957,0.0013681137934327
194,0.9577779173851012,0.0317650288343429,0.0085494415834546,0.0019076383905485
195,0.9496424794197084,0.0385887399315834,0.010224999859929,0.0015437438851222
196,0.6861844062805176,0.2687136828899383,0.0412085764110088,0.0038933556061238
197,0.9792696833610536,0.0144119402393698,0.0050590666942298,0.0012593013234436
198,0.0285272654145956,0.7020364999771118,0.258264809846878,0.0111714387312531
199,0.9122791290283204,0.0681830495595932,0.0175108555704355,0.0020270287059247
200,0.9536903500556946,0.0326334908604621,0.011455432511866,0.0022207368165254
201,0.9540539383888244,0.0358545444905757,0.0085161998867988,0.0015753386542201
202,0.9469265937805176,0.0390843302011489,0.0122984303161501,0.0016906221862882
203,0.9723156094551086,0.0189571361988782,0.0071953167207539,0.0015319713857024
204,0.9671580791473388,0.0231035649776458,0.007984378375113,0.0017539352411404
205,0.9615931510925292,0.0294948723167181,0.0075749107636511,0.0013370510423555
206,0.7827170491218567,0.1746477931737899,0.03958285972476,0.0030523024033755
207,0.9631198048591614,0.026481008157134,0.0085971243679523,0.0018020552815869
208,0.9562024474143982,0.0317127779126167,0.0102956313639879,0.0017891124589368
209,0.9663523435592652,0.0223740879446268,0.0097745154052972,0.0014989704359322
210,0.947462797164917,0.036167562007904,0.0141634214669466,0.0022062354255467
211,0.8923209309577942,0.0869819670915603,0.0185195282101631,0.0021775509230792
212,0.9395326375961304,0.047513198107481,0.0120132183656096,0.0009409480262547
213,0.9773516058921814,0.0168162621557712,0.0046697077341377,0.001162382075563
214,0.9496657252311708,0.036822535097599,0.0112302377820014,0.0022815614938735
215,0.9715784192085266,0.0204820111393928,0.0061498144641518,0.0017896981444209
216,0.9548459649086,0.0306934732943773,0.0116499280557036,0.0028106758836656
217,0.9836514592170716,0.0116321351379156,0.003776401747018,0.0009400207782164
218,0.9716193675994872,0.02016531676054,0.0067545352503657,0.0014607706107199
219,0.9779083132743835,0.0155613608658313,0.0052124024368822,0.0013179018860682
220,0.93090558052063,0.0517038814723491,0.0150466868653893,0.0023438220378011
221,0.9278002977371216,0.0515314117074012,0.0169932562857866,0.003675048938021
222,0.5825315117835999,0.358887255191803,0.0567842051386833,0.0017970263725146
223,0.5725128054618835,0.2790204584598541,0.140300303697586,0.0081664556637406
224,0.9718835949897766,0.0208110902458429,0.0063470238819718,0.0009582573547959
225,0.9321342706680298,0.0542567148804664,0.011918619275093,0.0016904196236282
226,0.974073052406311,0.0184070970863103,0.0063613224774599,0.0011584828607738
227,0.9591843485832214,0.0289648566395044,0.009114196524024,0.0027365779969841
228,0.8390586376190186,0.1153424605727195,0.0411266200244426,0.0044723125174641
229,0.5294333100318909,0.2662157714366913,0.1665935665369033,0.0377574265003204
230,0.2302014231681823,0.5187669396400452,0.2338265776634216,0.0172050818800926
231,0.9314091801643372,0.0525465123355388,0.0130798611789941,0.0029644712340086
232,0.8772929906845093,0.0984295383095741,0.0219626016914844,0.0023148411419242
233,0.8823386430740356,0.0915560200810432,0.0238838139921426,0.0022215407807379
234,0.950566291809082,0.0357234738767147,0.0112408883869647,0.0024692954029887
235,0.9780032634735109,0.016056889668107,0.0048970747739076,0.0010426474036648
236,0.0173496454954147,0.5745413303375244,0.38875412940979,0.0193549264222383
237,0.9505701065063475,0.0335592292249202,0.0129382358863949,0.0029323727358132
238,0.3615312278270721,0.5260248184204102,0.1085513457655906,0.003892681794241
239,0.650736927986145,0.2284301519393921,0.1062298864126205,0.0146030513569712
240,0.9613550305366516,0.02727154456079,0.009134822525084,0.0022385844495147
241,0.6324412226676941,0.2941125035285949,0.0698578357696533,0.0035884210374206
242,0.9136568903923036,0.0575025975704193,0.0239706467837095,0.004869932308793
243,0.8934378623962402,0.0710814818739891,0.0291717797517776,0.0063088401220738
244,0.98402601480484,0.0131859565153718,0.002364111598581,0.0004238618421368
245,0.8647741079330444,0.1188774704933166,0.015351578593254,0.0009968483354896
246,0.9609513878822328,0.029475187882781,0.0076890625059604,0.0018842859426513
247,0.9609528183937072,0.0264214277267456,0.0110140908509492,0.0016117173945531
248,0.5756406784057617,0.3279901444911957,0.0896675214171409,0.0067016826942563
249,0.8982186913490295,0.090336225926876,0.0104571776464581,0.0009879862191155
250,0.9703717827796936,0.0221188310533761,0.0063371509313583,0.0011722551425918
251,0.0606951974332332,0.4627165198326111,0.3896463811397552,0.0869418606162071
252,0.9612833261489868,0.0294853691011667,0.0079358788207173,0.0012954968260601
253,0.934367060661316,0.0465193949639797,0.0155820455402135,0.0035315763670951
254,0.7221102118492126,0.2101460546255111,0.0602078549563884,0.0075358967296779
255,0.9229342937469482,0.0537212155759334,0.020711375400424,0.0026331557892262
256,0.9291673302650452,0.0484806075692176,0.0181158799678087,0.0042361882515251
257,0.9624773263931274,0.0277333464473485,0.0080708647146821,0.0017183860763907
258,0.9626148343086244,0.0281741078943014,0.0074653951451182,0.0017456960631534
259,0.3305776417255401,0.4661892354488373,0.185437262058258,0.0177958738058805
260,0.9327394366264344,0.0502118431031703,0.0148425931110978,0.0022061541676521
261,0.2025499939918518,0.5953274965286255,0.1844238489866256,0.0176986213773489
262,0.9546546936035156,0.0297431759536266,0.0131984539330005,0.002403617138043
263,0.9655449390411376,0.0253319796174764,0.0073720258660614,0.0017510097241029
264,0.9683359265327454,0.0227730795741081,0.0079941023141145,0.0008969134651124
265,0.9337385296821594,0.0535074807703495,0.0115718049928545,0.0011821341468021
266,0.988334059715271,0.0086854202672839,0.0026489035226404,0.0003315491485409
267,0.8085998296737671,0.1383351236581802,0.0456180833280086,0.0074469470418989
268,0.9672284722328186,0.0238386858254671,0.0073848799802362,0.001547955092974
269,0.9655218124389648,0.0241713672876358,0.0083534000441432,0.0019533457234501
270,0.9365485310554504,0.0481081381440162,0.0129481302574276,0.0023951628245413
271,0.96727854013443,0.0242153462022542,0.006724358536303,0.0017817775951698
272,0.9677515625953674,0.0224064849317073,0.0076234228909015,0.002218542387709
273,0.9259965419769288,0.053063828498125,0.015685636550188,0.0052540302276611
274,0.9410859942436218,0.043332789093256,0.0134238703176379,0.0021574122365564
275,0.9626566171646118,0.0252562016248703,0.0100462241098284,0.0020410141441971
276,0.1475211083889007,0.6408024430274963,0.2016374319791793,0.0100389374420046
277,0.9644405841827391,0.0245245173573493,0.0097551792860031,0.0012796008959412
278,0.975432813167572,0.0175886936485767,0.0058001354336738,0.0011783690424636
279,0.9593963623046876,0.0255670472979545,0.0120770186185836,0.002959600649774
280,0.1401470899581909,0.6480335593223572,0.2039128094911575,0.0079065570607781
281,0.0036789113655686,0.8325488567352295,0.1613969504833221,0.0023752835113555
282,0.3153009116649627,0.4960379600524902,0.1635759621858596,0.0250851847231388
283,0.9751852750778198,0.017584228888154,0.0056202579289674,0.0016102307708933
284,0.9751680493354796,0.0196162778884172,0.0046592745929956,0.0005564710008911
285,0.6038249731063843,0.3387151062488556,0.0544364713132381,0.003023482626304
286,0.976772129535675,0.0168062932789325,0.0051256297156214,0.0012959621381014
287,0.9304830431938172,0.0533209256827831,0.0141286384314298,0.0020674767438322
288,0.962785005569458,0.029531430453062,0.0061901239678263,0.0014934369828552
289,0.0219044778496027,0.4399632215499878,0.4399632215499878,0.0981690660119056
290,0.9800775051116944,0.0151160443201661,0.0040053529664874,0.0008011209429241
291,0.9153856635093688,0.0652822703123092,0.0172980800271034,0.0020339312031865
292,0.7501237988471985,0.2149140685796737,0.0319441258907318,0.0030180569738149
293,0.9681949019432068,0.0217270590364933,0.0079929381608963,0.0020850824657827
294,0.1025475263595581,0.599413275718689,0.2744314074516296,0.0236077792942523
295,0.910635471343994,0.0649434998631477,0.0207571890205144,0.0036638614255934
296,0.8971623778343201,0.0808816403150558,0.0195136032998561,0.002442413708195
297,0.9638251662254332,0.0245088674128055,0.0102168153971433,0.0014490524772554
298,0.9328669309616088,0.0502187050879001,0.0139452312141656,0.0029691110830754
299,0.9659947752952576,0.0234391670674085,0.0087585765868425,0.0018074346007779
300,0.9510053396224976,0.0363027937710285,0.0110717266798019,0.0016201516846194
301,0.4785566627979278,0.4289754033088684,0.0871516391634941,0.0053162844851613
302,0.967762291431427,0.021380653604865,0.0086385644972324,0.0022185670677572
303,0.9029386639595032,0.0685476884245872,0.0240624994039535,0.0044511146843433
304,0.4073745906352997,0.4336479902267456,0.1452538818120956,0.0137234767898917
305,0.9534456133842468,0.0326251126825809,0.011452492326498,0.0024767750874161
306,0.9777822494506836,0.0155593547970056,0.0057239662855863,0.0009344118880107
307,0.8078282475471497,0.1494332104921341,0.0377826318144798,0.00495600188151
308,0.9506205916404724,0.0380296111106872,0.00992061663419,0.0014292002888396
309,0.9697031378746032,0.0217609051614999,0.0072889900766313,0.0012469991343095
310,0.956437885761261,0.032220110297203,0.0093765882775187,0.0019654394127428
311,0.9796102046966552,0.0146439867094159,0.0044661634601652,0.0012795772636309
312,0.0637216493487358,0.6744512319564819,0.2404830157756805,0.0213440768420696
313,0.9160423278808594,0.063319131731987,0.0175830889493227,0.0030554824043065
314,0.967159867286682,0.0234674382954835,0.0076187620870769,0.0017539383843541
315,0.9428197741508484,0.0454960316419601,0.0101515380665659,0.0015326528809964
316,0.9547938704490662,0.0331857502460479,0.0099641690030694,0.0020562224090099
317,0.9773330688476562,0.0160458851605653,0.0051285731606185,0.0014924998395144
318,0.1773132681846618,0.4388545453548431,0.3063698410987854,0.0774624273180961
319,0.9719799757003784,0.0198600497096776,0.0066522839479148,0.0015076998388394
320,0.9593262672424316,0.0313231125473976,0.0074398913420736,0.0019107222324237
321,0.9717862010002136,0.0201687775552272,0.0067556947469711,0.0012893468374386
322,0.5094960927963257,0.3447423279285431,0.1308494210243225,0.0149120893329381
323,0.0959200859069824,0.551982045173645,0.3194627165794372,0.0326351672410965
324,0.946852684020996,0.0416018031537532,0.0098812943324446,0.001664281473495
325,0.9518193006515504,0.036906037479639,0.0096275163814425,0.0016470737755298
326,0.9191852807998656,0.0578505359590053,0.0199926104396581,0.0029716361314058
327,0.9792491793632508,0.0151032684370875,0.0044645173475146,0.0011829794384539
328,0.7499977946281433,0.1926153600215912,0.0479457527399063,0.0094410786405205
329,0.5690407752990723,0.3617043197154999,0.0658712536096572,0.003383639967069
330,0.918053150177002,0.0634581297636032,0.0150726269930601,0.0034161198418587
331,0.8543306589126587,0.1351747512817382,0.0101028569042682,0.0003917303110938
332,0.6498388051986694,0.2142941057682037,0.1129250451922416,0.0229421164840459
333,0.9595206379890442,0.0280835442245006,0.0109976753592491,0.0013981972588226
334,0.7432462573051453,0.2129436284303665,0.0393906086683273,0.0044195037335157
335,0.5124142169952393,0.3577227592468261,0.1217090487480163,0.0081539982929825
336,0.9400185346603394,0.0453608594834804,0.0125962560996413,0.0020244026090949
337,0.2406459599733352,0.5508440732955933,0.1933644711971283,0.0151454750448465
338,0.971936047077179,0.0225033685564994,0.0045718369074165,0.0009887289488688
339,0.9637101292610168,0.0282061640173196,0.0068050543777644,0.001278631738387
340,0.9655421376228333,0.0253319051116704,0.0080965645611286,0.0010293626692146
341,0.9755789041519164,0.0175913274288177,0.0055353571660816,0.0012943790061399
342,0.8894736170768738,0.0867044180631637,0.0215824376791715,0.0022395050618797
343,0.9772498607635498,0.0162971839308738,0.0054588732309639,0.0009941345779225
344,0.7381460666656494,0.2359256595373153,0.024480864405632,0.001447397051379
345,0.9726341962814332,0.0201863776892423,0.0059670815244317,0.0012122862972319
346,0.9800815582275392,0.0146510321646928,0.0043308367021381,0.0009366092272102
347,0.9680107831954956,0.0227654315531253,0.0076254648156464,0.0015983842313289
348,0.909268081188202,0.0609171614050865,0.022763080894947,0.0070516732521355
349,0.943789005279541,0.0414671935141086,0.0126467803493142,0.002097041811794
350,0.8702684640884399,0.1055755391716957,0.0217867456376552,0.0023691982496529
351,0.8780207633972168,0.0925427079200744,0.0269314646720886,0.0025050162803381
352,0.971860945224762,0.0198576170951128,0.006651469040662,0.0016300126444548
353,0.9384920597076416,0.0546267852187156,0.0064230905845761,0.0004580735403578
354,0.9712449908256532,0.0198450330644845,0.0067519326694309,0.0021580471657216
355,0.9583805203437804,0.0293963328003883,0.0101591013371944,0.0020639465656131
356,0.5957440137863159,0.3290010690689087,0.0722719505429267,0.0029830194544047
357,0.986793577671051,0.0095242001116275,0.0030920549761503,0.0005901289987377
358,0.9681785702705384,0.0234921555966138,0.0067306156270205,0.0015986612997949
359,0.5384984612464905,0.3116590082645416,0.1299188137054443,0.0199236962944269
360,0.937505066394806,0.0496859475970268,0.0112610198557376,0.0015480130678042
361,0.0865956768393516,0.5825994610786438,0.3022486269474029,0.0285562239587306
362,0.8982346653938293,0.0748926922678947,0.0228409823030233,0.0040316730737686
363,0.0755313634872436,0.6732037663459778,0.240038201212883,0.0112267350777983
364,0.9695678353309632,0.0210884492844343,0.0072879730723798,0.0020556673407554
365,0.916629672050476,0.064357504248619,0.0162721257656812,0.0027406732551753
366,0.980932354927063,0.0133514981716871,0.0048355916514992,0.0008806266705505
367,0.9391744136810304,0.0460338108241558,0.0123898321762681,0.0024018783587962
368,0.9685803651809692,0.0227788276970386,0.0073952018283307,0.0012455553514882
369,0.9351930618286132,0.0527599863708019,0.0112332487478852,0.0008137337863445
370,0.9828633666038512,0.0129661886021494,0.0035447587724775,0.0006256870692595
371,0.8921850919723511,0.0829861387610435,0.0219891387969255,0.0028396297711879
372,0.9633633494377136,0.024882897734642,0.0102119203656911,0.0015417693648487
373,0.9344188570976256,0.045800719410181,0.0171144790947437,0.0026659213472157
374,0.9709551930427552,0.0214511938393116,0.0065422444604337,0.0010514344321563
375,0.94472336769104,0.0355038903653621,0.0170349515974521,0.002737765898928
376,0.942685842514038,0.0469335652887821,0.0092417672276496,0.0011388091370463
377,0.850645124912262,0.1225470528006553,0.0252890139818191,0.0015187233220785
378,0.9667275547981262,0.0249697919934988,0.0068263611756265,0.0014763040235266
379,0.4796641767024994,0.4367392063140869,0.0807886272668838,0.0028079682961106
380,0.8093658685684204,0.1451113224029541,0.0409305207431316,0.0045922775752842
381,0.1675286591053009,0.5001481771469116,0.2762080430984497,0.0561150684952735
382,0.9414870142936708,0.0413660518825054,0.0138558922335505,0.0032910630106925
383,0.2363802343606948,0.7168141603469849,0.0458243936300277,0.0009812447242438
384,0.9609025120735168,0.0264200437813997,0.0111869517713785,0.0014905169373378
385,0.9628188014030457,0.0290746092796325,0.006589584518224,0.0015170084079727
386,0.978964626789093,0.0153366522863507,0.0046048983931541,0.0010937590850517
387,0.9621360301971436,0.0252425428479909,0.0101989107206463,0.0024224536027759
388,0.9741483926773072,0.0186984129250049,0.0059763710014522,0.0011768174590542
389,0.7790063619613647,0.1711249947547912,0.0467829704284668,0.0030856712255626
390,0.0279061552137136,0.4433999955654144,0.4297579824924469,0.0989359095692634
391,0.968565046787262,0.0224253181368112,0.0072804349474608,0.0017292548436671
392,0.973998725414276,0.0184056926518678,0.0062622213736176,0.0013333039823919
393,0.9492813944816588,0.0410618856549263,0.0084735983982682,0.0011831795563921
394,0.978559136390686,0.0163190178573131,0.0042570703662931,0.0008648763177916
395,0.0527683533728122,0.7754252552986145,0.165097564458847,0.0067087430506944
396,0.9765719175338744,0.0178865380585193,0.0045936433598399,0.0009479517466388
397,0.9778403639793396,0.0173587445169687,0.0041879923082888,0.0006128386012278
398,0.9550865292549132,0.0307012069970369,0.012022765353322,0.0021895081736147
399,0.161198690533638,0.3989706039428711,0.3307582437992096,0.1090724840760231
400,0.9673442244529724,0.024216990917921,0.0069382828660309,0.0015005090972408
401,0.9520843625068665,0.0315762013196945,0.0129588469862937,0.0033805172424763
402,0.2806985974311828,0.6131020784378052,0.1016622856259346,0.0045370697043836
403,0.9655711650848388,0.0253326669335365,0.0073722261004149,0.0017239097505807
404,0.8726963996887207,0.096395805478096,0.0284945461899042,0.002413221867755
405,0.9780791401863098,0.0173629838973283,0.0039352150633931,0.0006226414116099
406,0.9661172032356262,0.0261515937745571,0.0064087235368788,0.0013225149596109
407,0.9716711640357972,0.0204839669167995,0.0060550486668944,0.0017898689256981
408,0.9448481202125548,0.0408701188862323,0.0117094852030277,0.0025722321588546
409,0.949460506439209,0.0345840975642204,0.0119519438594579,0.0040033999830484
410,0.9658665657043456,0.0253404174000024,0.0071475929580628,0.001645469572395
411,0.2973501682281494,0.629490315914154,0.0706268548965454,0.0025326986797153
412,0.9032208919525146,0.0696489140391349,0.0240700207650661,0.0030601597391068
413,0.9800746440887452,0.01584143191576,0.0035903647076338,0.0004935548640787
414,0.9804041981697084,0.0139847146347165,0.0047580599784851,0.0008530730847269
415,0.9375928044319152,0.0489202179014682,0.0116195706650614,0.0018674349412322
416,0.891528844833374,0.0766931772232055,0.0277764312922954,0.0040015745908021
417,0.9646696448326112,0.0253090150654315,0.0084774577990174,0.0015438599511981
418,0.9842398166656494,0.0118223829194903,0.0031819508876651,0.0007557796780019
419,0.1013885587453842,0.7148589491844177,0.177942469716072,0.0058100274764001
420,0.9207850694656372,0.0597907938063144,0.0176741238683462,0.0017499752575531
421,0.4323714077472687,0.3420339524745941,0.1979540586471557,0.0276405774056911
422,0.9698308110237122,0.0221065003424882,0.0065346686169505,0.0015280564548447
423,0.8700347542762756,0.0946118906140327,0.0307159852236509,0.0046374197117984
424,0.9756919145584106,0.017593365162611,0.0055359983816742,0.0011786820832639
425,0.5620259642601013,0.3862744271755218,0.0498826391994953,0.0018169749528169
426,0.9842690229415894,0.0125852338969707,0.0027217478491365,0.0004239665286149
427,0.922024130821228,0.0553718544542789,0.02005435526371,0.0025496252346783
428,0.0269731190055608,0.2330121845006942,0.3902219831943512,0.3497927188873291
429,0.9671016931533812,0.0217025261372327,0.0090469578281044,0.0021488410420715
430,0.9748349785804749,0.0184214953333139,0.0052778464742004,0.0014656051062047
431,0.9721447825431824,0.0189538057893514,0.0070825195871293,0.0018189415568485
432,0.9810177087783812,0.0131456451490521,0.0044725802727043,0.001364059979096
433,0.9687257409095764,0.0238755885511636,0.0062283193692564,0.0011702666524797
434,0.2899354696273803,0.6234592199325562,0.0830679014325141,0.0035374579019844
435,0.152452751994133,0.683245837688446,0.1597691178321838,0.0045323008671402
436,0.871324360370636,0.0918369069695472,0.0317379869520664,0.0051007587462663
437,0.9637167453765868,0.0295600090175867,0.0061000525020062,0.0006231595762073
438,0.9675430655479432,0.0210444089025259,0.0094854589551687,0.0019270878983661
439,0.8426921963691711,0.1272274851799011,0.0270882975310087,0.0029921038076281
440,0.7921392917633057,0.1559814661741256,0.0461080335080623,0.0057710972614586
441,0.9731955528259276,0.0189742930233478,0.0064556780271232,0.0013744932366535
442,0.9849731922149658,0.0111143765971064,0.0032854033634066,0.0006270301528275
443,0.9542702436447144,0.0321470871567726,0.0114623978734016,0.0021203304640948
444,0.9566008448600768,0.0317259915173053,0.0104621201753616,0.0012110783718526
445,0.4148051142692566,0.4774377644062042,0.1016523614525795,0.006104698870331
446,0.9839667677879332,0.0120052266865968,0.003439555177465,0.0005884384736418
447,0.9741929769515992,0.0181239526718854,0.0062634702771902,0.0014195775147527
448,0.9681224822998048,0.0253996029496192,0.0054930499754846,0.0009848495246842
449,0.8827725648880005,0.102188341319561,0.0131963808089494,0.0018426275346428
450,0.9058313369750975,0.0720674991607666,0.018221516162157,0.0038795848377048
451,0.9075216054916382,0.074493907392025,0.0163641404360532,0.0016202692640945
452,0.8893777132034302,0.0866950675845146,0.021919947117567,0.002007263014093
453,0.9713969230651855,0.0204781852662563,0.0067529887892305,0.0013719529379159
454,0.9619694948196412,0.029506416991353,0.0070083881728351,0.0015156702138483
455,0.9756280183792114,0.0155250746756792,0.0073335259221494,0.0015133586712181
456,0.9536728262901306,0.0326328873634338,0.0109306499361991,0.0027637009043246
457,0.9605467915534972,0.0299267508089542,0.0083103580400347,0.0012160739861428
458,0.9728105068206788,0.0205079857259988,0.0053498274646699,0.0013316774275153
459,0.9676247835159302,0.0246054865419864,0.0070495889522135,0.0007201609550975
460,0.9774667620658876,0.0163008011877536,0.0048943883739411,0.001338051399216
461,0.9634660482406616,0.0252774376422166,0.0090129477903246,0.0022435002028942
462,0.6208715438842773,0.2978974282741546,0.064424842596054,0.0168062224984169
463,0.945391058921814,0.0415375865995883,0.0115345697849988,0.0015368327731266
464,0.1833103448152542,0.6810805201530457,0.1299864947795868,0.0056226635351777
465,0.9718215465545654,0.0198568124324083,0.0069703967310488,0.0013512731529772
466,0.9719913601875304,0.0221557468175888,0.0052624507807195,0.0005904306308366
467,0.9760147929191588,0.0155312288552522,0.0068919411860406,0.0015620167832821
468,0.8810718059539795,0.0914245620369911,0.0242250952869653,0.0032785104122012
469,0.6004483699798584,0.3475128710269928,0.0485236719250679,0.0035150425974279
470,0.9664885997772216,0.0234511494636535,0.0079788519069552,0.0020814079325646
471,0.9756292104721068,0.0173194911330938,0.0061754547059535,0.0008758658077567
472,0.0010404210770502,0.6203293204307556,0.3762487471103668,0.0023815475869923
473,0.9554597735404968,0.0321871601045131,0.0101281404495239,0.0022248569875955
474,0.9838812351226808,0.0112768877297639,0.0039585595950484,0.0008832740131765
475,0.1019806191325187,0.5513020157814026,0.3141224086284637,0.0325949639081954
476,0.8742063641548157,0.0921406671404838,0.0289933513849973,0.0046596550382673
477,0.9777235388755798,0.0153172090649604,0.0052934857085347,0.0016656693769618
478,0.1680172383785247,0.7185185551643372,0.1101883947849273,0.0032758144661784
479,0.7946868538856506,0.1639928966760635,0.0377533100545406,0.0035669049248099
480,0.4466456770896911,0.394163429737091,0.1472881287336349,0.0119027039036154
481,0.9525774121284484,0.0357990525662899,0.0096351839601993,0.0019883324857801
482,0.9255802631378174,0.0522176697850227,0.0192098058760166,0.002992310328409
483,0.3311495184898376,0.4818196892738342,0.166512444615364,0.0205183587968349
484,0.970314085483551,0.0204553585499525,0.0075251054950058,0.0017055196221917
485,0.9792104363441468,0.01441106852144,0.005058760754764,0.0013196567306295
486,0.9734300971031188,0.0186846256256103,0.0051080924458801,0.0027772216126322
487,0.9781439900398254,0.0155651113018393,0.005295761860907,0.0009950442472472
488,0.9579805135726928,0.028928505256772,0.0103147765621542,0.0027761843521147
489,0.8791198134422302,0.084366574883461,0.0315254852175712,0.0049880556762218
490,0.9796521067619324,0.0158346015959978,0.0037610474973917,0.0007522568339481
491,0.9735461473464966,0.0189811289310455,0.0062593114562332,0.0012134229764342
492,0.9419710040092468,0.0447503589093685,0.0116738295182585,0.0016047606477513
493,0.965526282787323,0.0249387640506029,0.0074879741296172,0.0020470982417464
494,0.9539786577224731,0.0364162921905517,0.0086496276780962,0.0009554157732054
495,0.3353093266487121,0.5442607998847961,0.117704652249813,0.0027252319268882
496,0.31306192278862,0.4925155639648437,0.1840396374464035,0.0103828059509396
497,0.9857980608940125,0.0104497345164418,0.0030410459730774,0.0007111132727004
498,0.9757688641548156,0.0165287405252456,0.0066782152280211,0.0010241374839097
499,0.8688009977340698,0.1021547764539718,0.0262355171144008,0.0028087485115975
500,0.0314576588571071,0.3277963399887085,0.44804447889328,0.1927015483379364
501,0.974424123764038,0.0196013133972883,0.0051133087836205,0.0008612217498011
502,0.9669597744941713,0.0230988282710313,0.0078589813783764,0.0020824226085096
503,0.9728496074676514,0.0201908499002456,0.0056067970581352,0.0013527026167139
504,0.5764197111129761,0.3388596475124359,0.0780099183320999,0.0067107523791491
505,0.9720571041107178,0.0198616255074739,0.0065496694296598,0.0015315641649067
506,0.9193547964096068,0.064548835158348,0.0144027927890419,0.0016934996237978
507,0.9476402401924132,0.0356135070323944,0.0137302288785576,0.0030161312315613
508,0.9850801825523376,0.0124003300443291,0.002088556298986,0.0004309979558456
509,0.9342748522758484,0.0465148016810417,0.0163282323628664,0.0028821043670177
510,0.9637492299079896,0.0237529352307319,0.0097481850534677,0.0027496016118675
511,0.3771679103374481,0.4919196963310241,0.1224484965205192,0.0084639452397823
512,0.9750438928604126,0.0187156032770872,0.0051165609620511,0.0011239593150094
513,0.962476909160614,0.0273033697158098,0.0087266806513071,0.0014929590979591
514,0.0992202907800674,0.7683286070823669,0.1294076591730117,0.0030433761421591
515,0.95035058259964,0.0335514806210994,0.013986337929964,0.0021116212010383
516,0.97849041223526,0.0163178723305463,0.0043918960727751,0.0007998236105777
517,0.962061643600464,0.0286013390868902,0.0076979459263384,0.0016389874508604
518,0.9501182436943054,0.0410980843007564,0.0077221011742949,0.0010615302016958
519,0.9864787459373474,0.0101352240890264,0.0027278582565486,0.0006581264315173
520,0.8099811673164368,0.1521909534931183,0.035588089376688,0.0022397986613214
521,0.4408763945102691,0.4842079877853393,0.0708552822470665,0.0040603312663733
522,0.9344057440757751,0.0518982857465744,0.011947663500905,0.0017483294941484
523,0.7413472533226013,0.2123995423316955,0.0424825809895992,0.0037705432623624
524,0.8965831995010376,0.0759322121739387,0.0235227029770612,0.0039618699811398
525,0.9469082355499268,0.0372938029468059,0.0126885781064629,0.0031094695441424
526,0.0946428850293159,0.5278756022453308,0.3252147436141968,0.0522667653858661
527,0.9741689562797546,0.0195961818099021,0.0052742408588528,0.0009605106897652
528,0.9540985226631165,0.0364208668470382,0.0080006038770079,0.0014799628406763
529,0.9197016358375548,0.0635720789432525,0.0148655930534005,0.0018606471130624
530,0.9716761112213136,0.0201664939522743,0.0066502043046057,0.0015072284732013
531,0.9231389760971068,0.0571986176073551,0.0174445938318967,0.0022178313229233
532,0.3104280233383178,0.4960625469684601,0.1853650361299514,0.0081443712115287
533,0.8513814806938171,0.1082409992814064,0.0330116413533687,0.0073658931069076
534,0.9671672582626344,0.0245938524603843,0.0068294662050902,0.0014093398349359
535,0.963115930557251,0.0252682529389858,0.0094420574605464,0.002173685003072
536,0.8395578861236572,0.1101260259747505,0.043805107474327,0.0065110479481518
537,0.9798278212547302,0.0144201554358005,0.0047552627511322,0.0009967571822926
538,0.9701305031776428,0.0224615652114152,0.0061406497843563,0.0012671948643401
539,0.9790714979171752,0.0141856325790286,0.005821771454066,0.0009211381548084
540,0.1246902495622634,0.6636186242103577,0.2055794596672058,0.0061117159202694
541,0.9840282797813416,0.0111037138849496,0.0044167526066303,0.0004511996521614
542,0.9672675132751464,0.0231061782687902,0.0082387626171112,0.0013876339653506
543,0.9469804763793944,0.0384805724024772,0.0122991297394037,0.0022398377768695
544,0.848565936088562,0.1184863522648811,0.0309090130031108,0.002038670470938
545,0.9721348285675048,0.020176013931632,0.0062502375803887,0.0014388863928616
546,0.6276707649230957,0.3205828964710235,0.0484007745981216,0.0033455824013799
547,0.944694995880127,0.0402299650013446,0.012462661601603,0.0026123158168047
548,0.9660971760749816,0.0241857692599296,0.0078519703820347,0.0018650062847882
549,0.974184274673462,0.0181237906217575,0.0055274437181651,0.0021645780652761
550,0.9303261637687684,0.0463182106614112,0.0193083044141531,0.0040472405962646
551,0.961301565170288,0.0276994686573743,0.0097234277054667,0.0012754361378028
552,0.9766008853912354,0.0165428351610898,0.0054552480578422,0.0014010235900059
553,0.9814467430114746,0.0119744800031185,0.0054823169484734,0.0010965323308482
554,0.6468278765678406,0.2572903633117676,0.0889171659946441,0.0069645312614738
555,0.0964585617184639,0.6096368432044983,0.2791121006011963,0.0147923994809389
556,0.8288587331771851,0.1374382376670837,0.030666621401906,0.0030364063568413
557,0.969608187675476,0.0217587742954492,0.0071752816438674,0.0014577469555661
558,0.5480619072914124,0.2979760766029358,0.1343083530664444,0.0196536537259817
559,0.9531363248825072,0.040589440613985,0.0056675556115806,0.0006067629437893
560,0.0412115305662155,0.5778666138648987,0.3397102653980255,0.0412115305662155
561,0.8742499947547913,0.0965674147009849,0.0264000631868839,0.0027825462166219
562,0.8899475336074829,0.088116742670536,0.0193566773086786,0.0025790277868509
563,0.9840583205223083,0.011278917081654,0.0036617279984056,0.0010010607074946
564,0.9423114061355592,0.0454715006053447,0.0108004296198487,0.0014167078770697
565,0.979125201702118,0.0148672303184866,0.0049798982217907,0.0010276600951328
566,0.9427570700645448,0.042074155062437,0.0128318928182125,0.0023368611000478
567,0.9672131538391112,0.0249823350459337,0.0067239040508866,0.0010806296486407
568,0.9035100936889648,0.084039531648159,0.0117345480248332,0.00071581202792
569,0.9626251459121704,0.0260570682585239,0.0090050809085369,0.0023126963060349
570,0.9616056084632874,0.0281445700675249,0.0084505323320627,0.0017992221983149
571,0.9417054057121276,0.0420272201299667,0.0138591062277555,0.0024083512835204
572,0.9812817573547364,0.0127446260303258,0.0049908668734133,0.0009827599860727
573,0.1114984899759292,0.5842102766036987,0.2592417597770691,0.045049462467432
574,0.9662557244300842,0.0227241571992635,0.0086251171305775,0.0023951085750013
575,0.9523288607597352,0.0331000722944736,0.0127612147480249,0.0018099250737577
576,0.9542765617370604,0.0358629077672958,0.0086523285135626,0.0012081357417628
577,0.0110625717788934,0.4630997776985168,0.4559201002120971,0.0699176117777824
578,0.9841611981391908,0.0111052133142948,0.003778358688578,0.0009553186246193
579,0.887492299079895,0.087873637676239,0.0222179349511861,0.0024160880129784
580,0.9725252389907836,0.0192598178982734,0.0064512314274907,0.0017636684933677
581,0.9685420989990234,0.023871062323451,0.006130595691502,0.0014561441494151
582,0.9276954531669616,0.0574809424579143,0.0128257321193814,0.0019978638738393
583,0.955618679523468,0.0326994732022285,0.0102893458679318,0.0013925114180892
584,0.9708849191665648,0.0211170949041843,0.0067494297400116,0.001248518936336
585,0.9457531571388244,0.0384306982159614,0.0130753871053457,0.0027407500892877
586,0.9049015045166016,0.0708773657679557,0.0223025530576705,0.0019185623386874
587,0.9334254860877992,0.0510400794446468,0.0135242734104394,0.002010203897953
588,0.9069067239761353,0.0570777654647827,0.0296115539968013,0.0064039481803774
589,0.6092376708984375,0.3160683214664459,0.0705243796110153,0.0041696559637784
590,0.2010543644428253,0.563870906829834,0.2074365317821502,0.0276382397860288
591,0.979020059108734,0.0146351642906665,0.004826164804399,0.0015186201781034
592,0.955066740512848,0.0331952311098575,0.0092179831117391,0.0025200562085956
593,0.9299993515014648,0.0508527345955371,0.0167694520205259,0.0023784136865288
594,0.934104859828949,0.0465063415467739,0.0160721614956855,0.0033166781067848
595,0.6326847076416016,0.2556277215480804,0.0925822183489799,0.0191054213792085
596,0.1664571017026901,0.4524772465229034,0.3158800303936004,0.0651855319738388
597,0.9492822885513306,0.0379760712385177,0.0108803268522024,0.0018614043947309
598,0.9794709086418152,0.0151066882535815,0.0043281386606395,0.0010943247471004
599,0.9673073291778564,0.0242160651832819,0.0072709810920059,0.0012056468985974
600,0.956684410572052,0.0298064146190881,0.0111378440633416,0.0023713835980743
601,0.9453842639923096,0.0402593202888965,0.0119006317108869,0.0024558340664952
602,0.9776387810707092,0.0165604148060083,0.0048952498473227,0.0009055301197804
603,0.9701436161994934,0.0214332640171051,0.006744276266545,0.0016787830973044
604,0.8808238506317139,0.0972935482859611,0.0197663847357034,0.0021161697804927
605,0.941376805305481,0.0413612127304077,0.0140724433586001,0.0031894342973828
606,0.9390887022018432,0.0467544719576835,0.0121966330334544,0.0019601772073656
607,0.8611805438995361,0.109486810863018,0.0264149233698844,0.0029177248943597
608,0.9158883690834044,0.0633084923028945,0.0184238217771053,0.0023792122956365
609,0.968217670917511,0.0266211740672588,0.004554346203804,0.0006068078218959
610,0.7936728596687317,0.1612444221973419,0.0401369109749794,0.0049458378925919
611,0.9705852270126344,0.021780701354146,0.0059545114636421,0.0016795472474768
612,0.9513306021690368,0.038058016449213,0.0086256181821227,0.001985730137676
613,0.9605911374092102,0.0272498745471239,0.0100246686488389,0.0021343750413507
614,0.6029537320137024,0.3382263779640198,0.054357923567295,0.004461970180273
615,0.9682817459106444,0.0238646455109119,0.0068373358808457,0.0010162791004404
616,0.9762109518051147,0.0165362283587455,0.0057147680781781,0.0015381089178845
617,0.9487074613571168,0.0340209156274795,0.015096690505743,0.0021748843137174
618,0.9639810919761658,0.0273460410535335,0.0072459792718291,0.0014268178492784
619,0.9664971828460692,0.0245768129825592,0.0074955038726329,0.0014305419754236
620,0.976095974445343,0.0178778227418661,0.0051220818422734,0.000904101121705
621,0.6277708411216736,0.310769110918045,0.0574865043163299,0.0039736106991767
622,0.9146206378936768,0.0716386288404464,0.0124489273875951,0.0012917649000883
623,0.9411831498146056,0.0420039109885692,0.0145161636173725,0.0022967904806137
624,0.8465970158576965,0.1238845065236091,0.027213817462325,0.0023047558497637
625,0.7874932289123535,0.1368457973003387,0.0616812370717525,0.0139796789735555
626,0.9793654680252076,0.0151050621643662,0.0043276725336909,0.0012017511762678
627,0.925963580608368,0.0506320595741272,0.020457200706005,0.002947139320895
628,0.9518340826034546,0.036906611174345,0.0094784013926982,0.0017809390556067
629,0.8842093348503113,0.0903276726603508,0.0217925645411014,0.0036704668309539
630,0.8995339274406433,0.0786003917455673,0.0195651855319738,0.0023005004040896
631,0.9533219933509828,0.0326208844780921,0.0123814912512898,0.0016756525728851
632,0.9629640579223632,0.0241073351353406,0.010049432516098,0.0028792105149477
633,0.9368155598640442,0.0496494062244892,0.0116099379956722,0.0019251162884756
634,0.9746158123016356,0.0181318186223506,0.0059792390093207,0.0012730535818263
635,0.0508804395794868,0.5914656519889832,0.3215742707252502,0.0360796339809894
636,0.1742362976074218,0.6473664045333862,0.1715350300073623,0.0068622645922005
637,0.9180469512939452,0.0605517625808715,0.0190534554421901,0.002347846282646
638,0.916603147983551,0.0633579045534133,0.0178709179162979,0.0021679881028831
639,0.9672183394432068,0.0238384362310171,0.0070466278120875,0.0018965743947774
640,0.9678618907928468,0.0210513435304164,0.0094885844737291,0.0015981383621692
641,0.9781206250190736,0.0141718555241823,0.0064883483573794,0.0012191246496513
642,0.9663779735565186,0.0249607618898153,0.007040505297482,0.0016208165325224
643,0.9686800837516784,0.0238744635134935,0.0059428233653306,0.0015025812899693
644,0.9872980117797852,0.0089517310261726,0.0033976936247199,0.000352562230546
645,0.9702762961387634,0.0214361939579248,0.0069593130610883,0.0013282083673402
646,0.9656688570976256,0.02343126013875,0.0091758128255605,0.0017240841407328
647,0.9417977929115297,0.0440484695136547,0.0118554849177598,0.0022982903756201
648,0.8252256512641907,0.1305696666240692,0.0410855673253536,0.0031190607696771
649,0.7541916370391846,0.2061845064163208,0.0363937281072139,0.0032301270402967
650,0.9752062559127808,0.0178615264594554,0.005533242598176,0.0013990227598696
651,0.9015995860099792,0.0673848688602447,0.0259791817516088,0.0050362944602966
652,0.977571427822113,0.0168200451880693,0.0045983446761965,0.0010101222433149
653,0.963089108467102,0.0290827713906765,0.0069077629595994,0.0009203704539686
654,0.9624744653701782,0.0273033007979393,0.0079457126557827,0.0022764848545193
655,0.9692487120628356,0.0235181208699941,0.0062316814437508,0.0010015224106609
656,0.0245594065636396,0.6333954334259033,0.3235067427158355,0.018538411706686
657,0.9672049283981324,0.0238381065428257,0.0073847002349793,0.001572293578647
658,0.9654746055603028,0.0265457537025213,0.0065053165890276,0.001474390621297
659,0.956877589225769,0.0307587813585996,0.0103029012680053,0.002060709754005
660,0.9803892970085144,0.0144284181296825,0.0040697222575545,0.0011126000899821
661,0.9405702948570251,0.0388219766318798,0.0161834061145782,0.0044242972508072
662,0.7444604635238647,0.2235275506973266,0.0302511658519506,0.001760829007253
663,0.9647362232208252,0.0249183569103479,0.0090248296037316,0.0013206244911998
664,0.3638361990451813,0.5130912661552429,0.118120327591896,0.0049521843902766
665,0.9750085473060608,0.0178579054772853,0.0054463534615933,0.0016872015548869
666,0.762732744216919,0.1701886802911758,0.0606826469302177,0.0063959038816392
667,0.3921032547950744,0.4584151208400726,0.1376411765813827,0.0118404924869537
668,0.984457552433014,0.0109363365918397,0.0040866099298,0.0005195541889406
669,0.3658369183540344,0.4145475327968597,0.1839543581008911,0.0356611758470535
670,0.9805086255073548,0.0146574163809418,0.0040071145631372,0.0008269148529507
671,0.7596972584724426,0.2012997418642044,0.036659400910139,0.0023435573093593
672,0.9319403767585754,0.0517613589763641,0.0148298777639865,0.0014683565823361
673,0.8496513962745667,0.1132050901651382,0.0319309644401073,0.0052125859074294
674,0.0966720953583717,0.4986726343631744,0.3219672441482544,0.0826880261301994
675,0.9096459150314332,0.0723709836602211,0.0158977955579757,0.0020853369496762
676,0.9826971888542176,0.0131681505590677,0.0034892125986516,0.0006454394315369
677,0.9650137424468994,0.0245390925556421,0.0080921333283185,0.0023549450561404
678,0.9786666631698608,0.0163208115845918,0.0040625710971653,0.0009499851148575
679,0.94070965051651,0.0446904376149177,0.0126055171713233,0.0019944824744015
680,0.9713635444641112,0.0217981655150651,0.0061484547331929,0.0006898374995216
681,0.936740219593048,0.0504272170364856,0.0116090048104524,0.0012235800968483
682,0.9531384706497192,0.0321089625358581,0.0118122277781367,0.0029402959626168
683,0.982212781906128,0.0129576064646244,0.0040140794590115,0.0008155096438713
684,0.9726492762565612,0.019565612077713,0.0065536592155694,0.0012313961051404
685,0.9581807255744934,0.0327871404588222,0.0079102655872702,0.0011219142470508
686,0.9700168967247008,0.0239074118435382,0.0054184701293706,0.0006573349819518
687,0.7784838676452637,0.196831539273262,0.0227849055081605,0.0018997518345713
688,0.9727668166160583,0.0192646030336618,0.0066576693207025,0.0013109728461131
689,0.9715569019317628,0.0211317110806703,0.0059604728594422,0.0013509051641449
690,0.9719976782798768,0.0208135321736335,0.0061524682678282,0.0010362449102103
691,0.8278464674949646,0.1507620364427566,0.0200870987027883,0.0013043471844866
692,0.9587392807006836,0.0328062511980533,0.0075524291023612,0.0009020090219564
693,0.9766967296600342,0.0170696359127759,0.0051252339035272,0.0011084096040576
694,0.931646168231964,0.0471143685281276,0.0190359260886907,0.0022035683505237
695,0.9600127935409546,0.0323405414819717,0.0062694996595382,0.0013772264355793
696,0.977009892463684,0.0160405803471803,0.005457533057779,0.0014920063549652
697,0.936859667301178,0.0452084280550479,0.0153813930228352,0.0025504848454147
698,0.965663731098175,0.0257340669631958,0.0074890404939651,0.0011131465435028
699,0.9637497663497924,0.025284880772233,0.0090156020596623,0.0019497607136145
700,0.9716137647628784,0.0214657429605722,0.0058684074319899,0.0010521475924178
701,0.9754011631011964,0.0187224596738815,0.0048840455710887,0.0009922540048137
702,0.9776172637939452,0.0181876569986343,0.0036950467620044,0.0005000702221877
703,0.9425793290138244,0.0407719835638999,0.0143123101443052,0.00233642058447
704,0.9700648784637452,0.0221118349581956,0.0065362458117306,0.0012870631180703
705,0.9753199815750122,0.0178636088967323,0.005709552206099,0.0011068471940234
706,0.5811042189598083,0.3524575233459472,0.0631921514868736,0.0032460219226777
707,0.9202620387077332,0.0597568303346633,0.0176640842109918,0.0023170236963778
708,0.9742612838745116,0.0192941986024379,0.0055278809741139,0.00091661256738
709,0.9671698212623596,0.0253746081143617,0.006516738794744,0.0009388251928612
710,0.9456970691680908,0.0415510274469852,0.0110099269077181,0.0017420233925804
711,0.966888666152954,0.0242055859416723,0.0073822853155434,0.0015234207967296
712,0.9157463312149048,0.0695199966430664,0.0132681224495172,0.0014655629638582
713,0.9797158241271972,0.0158356316387653,0.0038806882221251,0.0005678702145814
714,0.3205984532833099,0.5203826427459717,0.1467806696891784,0.0122382277622818
715,0.9846360683441162,0.0118271419778466,0.0030852945055812,0.000451478321338
716,0.9698437452316284,0.022808538749814,0.0061388346366584,0.001208808273077
717,0.9790107011795044,0.0160734299570322,0.0041279983706772,0.0007878422038629
718,0.9713990688323976,0.0208007153123617,0.006245506927371,0.0015546297654509
719,0.5387396812438965,0.3478364944458008,0.1044394448399543,0.0089843347668647
720,0.4654032588005066,0.4654032588005066,0.0660082176327705,0.0031852452084422
721,0.9507430791854858,0.0357301197946071,0.0107281263917684,0.0027985987253487
722,0.9760441184043884,0.017326857894659,0.0050424030050635,0.0015866624889895
723,0.9535162448883056,0.0387461520731449,0.0071673179045319,0.0005702282651327
724,0.9659956693649292,0.0257429126650095,0.0067154401913285,0.001545982202515
725,0.9616669416427612,0.02858960442245,0.0083200493827462,0.0014233925612643
726,0.1527288854122162,0.7173324823379517,0.1266167014837265,0.0033219086471945
727,0.9569226503372192,0.0322364419698715,0.0092358961701393,0.0016049579717218
728,0.9638221859931946,0.0248947478830814,0.0093024875968694,0.0019806136842817
729,0.6124326586723328,0.3177258968353271,0.0635491758584976,0.0062922206707298
730,0.9757600426673888,0.01732181571424,0.005623570177704,0.0012946192873641
731,0.959216058254242,0.0259647890925407,0.0126542272046208,0.0021648830734193
732,0.9744661450386048,0.0184145253151655,0.0058856355026364,0.0012336962390691
733,0.978744626045227,0.015333205461502,0.0052990140393376,0.0006230651051737
734,0.988107979297638,0.0092434659600257,0.0021955159027129,0.000453070300864
735,0.9254981875419616,0.0573447979986667,0.0151948584243655,0.0019622312393039
736,0.9682493209838868,0.02207045070827,0.0076273442246019,0.0020528717432171
737,0.9259276390075684,0.049072366207838,0.0207785479724407,0.004221417941153
738,0.9726799726486206,0.0221714433282613,0.0043658162467181,0.0007827476947568
739,0.9835649132728576,0.0121893025934696,0.0035472891759127,0.0006985026411712
740,0.9834221005439758,0.0118125602602958,0.0037169870920479,0.0010484243975952
741,0.9564393162727356,0.0293367896229028,0.0118531351909041,0.002370776142925
742,0.9695479273796082,0.0210880152881145,0.0074025890789926,0.0019614908378571
743,0.9770662188529968,0.0168113522231578,0.0050476836040616,0.0010747137712314
744,0.9673667550086976,0.0242175552994012,0.0069384449161589,0.0014772801660001
745,0.8037141561508179,0.16846764087677,0.026242196559906,0.0015759664820507
746,0.9758598208427428,0.0175963919609785,0.0059868707321584,0.0005568657652474
747,0.959151327610016,0.0272090304642915,0.0104900142177939,0.0031496735755354
748,0.1185693517327308,0.7150647044181824,0.1570788770914077,0.0092870695516467
749,0.9695377349853516,0.0210877936333417,0.0083881448954343,0.0009862892329692
750,0.0874457880854606,0.5883188247680664,0.282278448343277,0.0419569462537765
751,0.9755451083183287,0.0170495100319385,0.0058921524323523,0.0015132299158722
752,0.9661905169487,0.0249559208750724,0.0076111257076263,0.0012424821034073
753,0.974075973033905,0.0189914591610431,0.0057920673862099,0.0011405256809666
754,0.9476839900016784,0.0443237721920013,0.0070130387321114,0.000979239703156
755,0.9207226037979126,0.0570488981902599,0.0191089883446693,0.0031194565817713
756,0.9577550888061525,0.0303096752613782,0.0098401121795177,0.0020950806792825
757,0.2925506234169006,0.6002748608589172,0.1011027842760086,0.0060716946609318
758,0.3924901187419891,0.3253857493400574,0.2036211937665939,0.0785029605031013
759,0.9608163833618164,0.0308853927999734,0.0073359231464564,0.0009622637880966
760,0.1159068793058395,0.7440900802612305,0.1355088651180267,0.0044941972009837
761,0.9387645721435548,0.0453003495931625,0.0144788613542914,0.0014561773277819
762,0.9795326590538024,0.0155872087925672,0.0041952403262257,0.0006848541670478
763,0.9658843278884888,0.0230731386691331,0.0091778598725795,0.0018645954551175
764,0.9789474010467528,0.015577895566821,0.0044631413184106,0.0010115440236404
765,0.8068587779998779,0.1317160725593567,0.0515807531774044,0.0098443590104579
766,0.6310449242591858,0.2980845272541046,0.0675590485334396,0.0033114200923591
767,0.970186412334442,0.0214342083781957,0.0068507851101458,0.0015286166453734
768,0.9779404401779176,0.0160558577626943,0.0047461031936109,0.0012575919972732
769,0.9504079818725586,0.0320169776678085,0.0153619144111871,0.0022130934521555
770,0.4139914214611053,0.4476314485073089,0.1262602508068084,0.0121168280020356
771,0.9549873471260072,0.0353332050144672,0.0083923712372779,0.0012870118953287
772,0.947935163974762,0.0345285348594188,0.0141704827547073,0.0033657846506685
773,0.9712702035903932,0.0195378698408603,0.0068584382534027,0.002333465963602
774,0.9645163416862488,0.0269370265305042,0.0070269429124891,0.0015196829335764
775,0.81931471824646,0.1539446711540222,0.0247411616146564,0.0019993924070149
776,0.0351206175982952,0.558030366897583,0.3717283904552459,0.0351206175982952
777,0.9576295614242554,0.0327682793140411,0.0088194627314805,0.0007827718509361
778,0.96663898229599,0.0241993349045515,0.0076146586798131,0.0015470116632059
779,0.0249511934816837,0.5418810844421387,0.4154746532440185,0.0176930446177721
780,0.9750393629074096,0.0196136906743049,0.0045864344574511,0.0007605053833685
781,0.9726333022117616,0.0214882679283618,0.0053488528355956,0.0005296081071719
782,0.8578759431838989,0.1024586781859397,0.0343193598091602,0.005345924757421
783,0.9603067636489868,0.0268194619566202,0.010339823551476,0.0025338826235383
784,0.4678473174571991,0.4326880276203155,0.0935753509402275,0.005889328662306
785,0.8944937586784363,0.0858419612050056,0.0182768069207668,0.0013875060249119
786,0.9527765512466432,0.0326022207736969,0.0125692756846547,0.0020518780220299
787,0.9512160420417786,0.0363108366727829,0.0109024913981556,0.0015706527046859
788,0.9828741550445556,0.013802588917315,0.002893179655075,0.0004300327564124
789,0.968374729156494,0.0224209129810333,0.007748459931463,0.0014558924594894
790,0.0416955761611461,0.8117115497589111,0.1432756036520004,0.003317279741168
791,0.9686218500137328,0.0224266350269317,0.0079964622855186,0.0009550413233228
792,0.5915345549583435,0.3318207859992981,0.071761280298233,0.0048834164626896
793,0.5395328998565674,0.3886109590530395,0.0664834901690483,0.0053726900368928
794,0.946940004825592,0.0390848815441131,0.0117354104295372,0.0022397420834749
795,0.8802571892738342,0.0972309485077858,0.0197536684572696,0.00275822984986
796,0.9698825478553772,0.0224558226764202,0.0063339555636048,0.0013276693644002
797,0.7534167170524597,0.2125109434127807,0.0320843532681465,0.0019879788160324
798,0.4642689228057861,0.4499848783016205,0.0794270485639572,0.0063191773369908
799,0.2199454307556152,0.4239559173583984,0.2959689199924469,0.0601297356188297
800,0.9812772870063782,0.0139971682801842,0.0039480826817452,0.000777423614636
801,0.9778711199760436,0.016307545825839,0.0047457665205001,0.0010755992261692
802,0.9729974269866944,0.0214963126927614,0.004436015151441,0.0010702384170144
803,0.961341381072998,0.027271157130599,0.0097238300368189,0.0016635512001812
804,0.8524569869041443,0.11902966350317,0.0265591088682413,0.0019542328082025
805,0.7759917378425598,0.1962014287710189,0.0253370273858308,0.0024698115885257
806,0.9707592129707336,0.0231895893812179,0.0050940769724547,0.0009571487316861
807,0.983792781829834,0.0125791439786553,0.0028958835173398,0.0007321940502151
808,0.9256566762924194,0.0573546178638935,0.0147298853844404,0.0022589010186493
809,0.878730297088623,0.0970622971653938,0.0213217567652463,0.0028855858836323
810,0.9833669662475586,0.0116287712007761,0.0038347616791725,0.0011695362627506
811,0.0560400113463401,0.6617023944854736,0.2715621292591095,0.0106954229995608
812,0.9681320786476136,0.0234910286962986,0.0069439341314136,0.0014329617843031
813,0.939894676208496,0.0412960909307003,0.015674227848649,0.0031350427307188
814,0.0526457838714122,0.7616301774978638,0.1809030324220657,0.0048209023661911
815,0.0741500556468963,0.5832354426383972,0.3121834397315979,0.0304311253130435
816,0.972764015197754,0.0195679198950529,0.0060618589632213,0.0016062328359112
817,0.0085989236831665,0.4342029392719269,0.4768786430358886,0.0803194642066955
818,0.6867297887802124,0.2526338100433349,0.0581595972180366,0.0024767345748841
819,0.9693143367767334,0.0210829339921474,0.0080021796748042,0.0016005366342142
820,0.6335368156433105,0.2367354333400726,0.1083853766322135,0.0213423445820808
821,0.940509021282196,0.0388194471597671,0.0172260235995054,0.0034454215783625
822,0.9754840731620787,0.0175896175205707,0.0057105128653347,0.0012158383615314
823,0.9612911343574524,0.0272697303444147,0.0098764421418309,0.0015626800013706
824,0.9801816344261168,0.0148832714185118,0.0040688598528504,0.0008663103217259
825,0.6206705570220947,0.2754208743572235,0.0908241644501686,0.0130844619125127
826,0.966864824295044,0.023829722777009,0.007981956936419,0.0013235383667051
827,0.8824325799942017,0.0873726606369018,0.0262340307235717,0.0039607463404536
828,0.9676437377929688,0.025387043133378,0.0060299513861536,0.0009392852080054
829,0.9488250613212584,0.0391626879572868,0.0105404946953058,0.0014717828016728
830,0.9182214736938475,0.0542885661125183,0.0222799833863973,0.0052099153399467
831,0.9776524305343628,0.0165606476366519,0.0047447052784264,0.0010422734776511
832,0.9678232669830322,0.0253917519003152,0.0058455136604607,0.0009394594817422
833,0.0234722215682268,0.5511834025382996,0.3847880065441131,0.0405563600361347
834,0.9760352373123168,0.0187346301972866,0.0043808761984109,0.0008492715423926
835,0.8353074789047241,0.1203374564647674,0.0390678532421588,0.0052872584201395
836,0.438184380531311,0.4450847804546356,0.1090727224946022,0.0076581062749028
837,0.9459114074707032,0.0422149263322353,0.0101848263293504,0.0016888095997273
838,0.8883816599845886,0.0865979790687561,0.0215559415519237,0.0034643549006432
839,0.9120745658874512,0.0681677609682083,0.0172355100512504,0.0025221123360097
840,0.9684203267097472,0.0217321179807186,0.0082485815510153,0.0015990604879334
841,0.0634732320904731,0.5657308101654053,0.3173462152481079,0.0534498244524002
842,0.7053298354148865,0.2514930963516235,0.0391750670969486,0.0040019853040575
843,0.0237044524401426,0.5229118466377258,0.3947145640850067,0.0586690828204155
844,0.9507059454917908,0.0346294604241848,0.0121560841798782,0.0025085497181862
845,0.9177478551864624,0.0586696527898311,0.019651873037219,0.0039306217804551
846,0.9427215456962584,0.0414202958345413,0.0134472008794546,0.0024109501391649
847,0.8742288947105408,0.0893080979585647,0.0303855519741773,0.00607749260962
848,0.9709641933441162,0.0204690620303154,0.0072984686121344,0.0012682836968451
849,0.9445064067840576,0.0428160242736339,0.0108255874365568,0.0018520395969972
850,0.906965970993042,0.066735029220581,0.0223534330725669,0.0039456151425838
851,0.8892739415168762,0.0801704749464988,0.0264374166727066,0.0041181556880474
852,0.957708477973938,0.0271681006997823,0.0115036964416503,0.0036197989247739
853,0.6846522688865662,0.2188280075788498,0.0843657106161117,0.0121540334075689
854,0.9342313408851624,0.0518885999917984,0.0125187076628208,0.0013613462215289
855,0.0323596335947513,0.3167654871940613,0.4262545704841614,0.2246203869581222
856,0.9135915040969848,0.0715580135583877,0.0136570865288376,0.0011933429632335
857,0.972705602645874,0.0192633904516696,0.0066572497598826,0.0013738011475652
858,0.9717671871185304,0.0183635223656892,0.0080224284902215,0.0018468679627403
859,0.9579142928123474,0.0298447329550981,0.010476485826075,0.0017645282205194
860,0.9742576479911804,0.0178441517055034,0.006564496550709,0.0013336584670469
861,0.3729765713214874,0.4498956203460693,0.165507361292839,0.0116204405203461
862,0.9098486304283142,0.0746849253773689,0.014032881706953,0.0014335490996018
863,0.9736403822898864,0.0202072616666555,0.0050299852155148,0.0011223413748666
864,0.870593786239624,0.1089675948023796,0.0180685967206954,0.0023700839374214
865,0.9718776345252992,0.0201706755906343,0.0063469847664237,0.0016047691460698
866,0.9759151935577391,0.0170559771358966,0.006081495899707,0.0009473143145442
867,0.9580138921737672,0.03177285566926,0.0089619439095258,0.0012513679685071
868,0.9586567282676696,0.0308159720152616,0.0085572861135005,0.0019699989352375
869,0.9675294160842896,0.0253840442746877,0.0059357644058763,0.0011507003800943
870,0.9420347213745116,0.038882415741682,0.0154663566499948,0.0036166282370686
871,0.9791603684425354,0.0153397182002663,0.0045344126410782,0.0009654321474954
872,0.9754854440689088,0.0187240783125162,0.0047341883182525,0.0010563401738181
873,0.8083586692810059,0.1616819053888321,0.0285385530441999,0.0014208508655428
874,0.2846755683422088,0.4996212124824524,0.1896348148584365,0.0260684359818696
875,0.9697487354278564,0.0235302560031414,0.0051689110696315,0.0015519885346293
876,0.7852524518966675,0.1807753890752792,0.0304475426673889,0.003524559084326
877,0.9755859375,0.0173187237232923,0.0058010458014905,0.0012943883193656
878,0.95575213432312,0.0327040404081344,0.0095174182206392,0.0020263753831386
879,0.9676786661148072,0.0224047973752021,0.007864823564887,0.002051661722362
880,0.82612544298172,0.1481161266565323,0.0238044280558824,0.0019539862405508
881,0.7404072880744934,0.2258114516735077,0.0305602606385946,0.0032210275530815
882,0.9774494767189026,0.0148417856544256,0.0062844073399901,0.001424322836101
883,0.7824809551239014,0.1858555227518081,0.0298696979880332,0.0017938148230314
884,0.970547616481781,0.0217798557132482,0.0061432900838553,0.0015291857998818
885,0.9587520956993104,0.0285029485821723,0.0111619159579277,0.0015830962220206
886,0.9251651167869568,0.0555604808032512,0.0169449895620346,0.002329368609935
887,0.9527465105056764,0.03470379114151,0.0097886538133025,0.0027610163670033
888,0.9547457098960876,0.0394070632755756,0.0051690815016627,0.0006780359544791
889,0.9137927889823914,0.0738457888364791,0.0111490450799465,0.0012124023633077
890,0.1336541622877121,0.528612494468689,0.3011943101882934,0.0365390181541442
891,0.9672924876213074,0.0249843839555978,0.0065175653435289,0.0012056285049766
892,0.6171486377716064,0.3461889922618866,0.0348171442747116,0.0018452409422025
893,0.5803182125091553,0.3058062493801117,0.1040453314781189,0.0098301246762275
894,0.4200509190559387,0.4686006605625152,0.1045589447021484,0.0067894905805587
895,0.9349403977394104,0.0519279837608337,0.0117691634222865,0.0013623794075101
896,0.824114203453064,0.1303938031196594,0.0410302281379699,0.0044618304818868
897,0.9640397429466248,0.0265063010156154,0.0079586347565054,0.0014953832142055
898,0.966324269771576,0.0238164011389017,0.0083603430539369,0.0014989270130172
899,0.9598087072372437,0.0294401384890079,0.0088395318016409,0.00191168312449
900,0.612686276435852,0.3129295706748962,0.0687414929270744,0.0056426455266773
901,0.9548941850662231,0.0353297591209411,0.0086579285562038,0.0011180661385878
902,0.7223090529441833,0.2069450169801712,0.0671852082014083,0.0035606855526566
903,0.6659068465232849,0.2954943776130676,0.0364120528101921,0.0021867135073989
904,0.9830880761146544,0.0121833924204111,0.0037742389831691,0.0009542769403196
905,0.9745126962661744,0.0189999733120203,0.0051943031139671,0.001292964327149
906,0.9070916175842284,0.0699473917484283,0.0194236896932125,0.0035373165737837
907,0.9310768842697144,0.0501223430037498,0.0165285933762788,0.0022721281275153
908,0.955530047416687,0.0297704506665468,0.0116582745686173,0.0030412429478019
909,0.7016450762748718,0.2387227118015289,0.054105058312416,0.0055271801538765
910,0.9819019436836244,0.0135751571506261,0.0040128086693584,0.000510171346832
911,0.989672064781189,0.0077961012721061,0.0021313352044671,0.0004004660295322
912,0.9303505420684814,0.0448943264782428,0.0193088091909885,0.0054462999105453
913,0.9851608276367188,0.011291554197669,0.0027671142015606,0.0007805003551766
914,0.9765039086341858,0.0168016776442527,0.005716482643038,0.0009779749670997
915,0.9685893058776855,0.0220781993120908,0.0076300222426652,0.0017024879343807
916,0.084969125688076,0.5990906953811646,0.2919734716415405,0.0239666439592838
917,0.9326273202896118,0.0502058081328868,0.0155530329793691,0.0016138630453497
918,0.378652274608612,0.4224171340465545,0.1788626760244369,0.020067835226655
919,0.9896336793899536,0.00791856367141,0.002065680688247,0.0003821125428657
920,0.9738677144050598,0.0189873985946178,0.0057908287271857,0.0013541182270273
921,0.8909953236579895,0.0939102172851562,0.0125123262405395,0.0025820643641054
922,0.4481624066829681,0.4623886048793793,0.0816164389252662,0.0078324917703866
923,0.9647841453552246,0.0261155106127262,0.007482218556106,0.0016181432874873
924,0.9620364904403688,0.0260411351919174,0.0103584481403231,0.0015638916520401
925,0.9726789593696594,0.0201873071491718,0.0056940913200378,0.001439691754058
926,0.6483914852142334,0.2276068329811096,0.1075138449668884,0.0164877846837043
927,0.592258632183075,0.327076256275177,0.0764829963445663,0.0041821207851171
928,0.968306005001068,0.0227723736315965,0.0071656452491879,0.00175601686351
929,0.8771151304244995,0.0868461579084396,0.0295479148626327,0.0064908158965408
930,0.973159909248352,0.0195758827030658,0.0061598247848451,0.0011043958365917
931,0.9524109363555908,0.0357927978038787,0.0100958216935396,0.0017004137625917
932,0.0802603736519813,0.5316051840782166,0.3379088044166565,0.0502256602048873
933,0.8525264859199524,0.097157098352909,0.0444817617535591,0.0058347373269498
934,0.7496064901351929,0.2017538547515869,0.0443194396793842,0.0043201860971748
935,0.9831263422966005,0.0123757338151335,0.0036015440709888,0.0008964951848611
936,0.9352886080741882,0.0495684780180454,0.012930710799992,0.0022121835500001
937,0.966797947883606,0.0242033135145902,0.0077358433045446,0.001262841746211
938,0.9845378398895264,0.0116426171734929,0.0031829145736992,0.000636622949969
939,0.9816349744796752,0.0131539171561598,0.0045458720996975,0.0006652080337516
940,0.971120297908783,0.0246943738311529,0.003613585140556,0.0005717521416954
941,0.956990122795105,0.0322387143969535,0.0089523671194911,0.0018187838140875
942,0.9202696084976196,0.0606983602046966,0.0168553255498409,0.0021766601130366
943,0.964052140712738,0.0277787242084741,0.0068074692972004,0.0013615794014185
944,0.9659160375595092,0.0241812355816364,0.008356811478734,0.0015458547277376
945,0.8664566874504089,0.0857908278703689,0.0398964434862136,0.0078560747206211
946,0.4449633657932281,0.3306686878204345,0.1884093582630157,0.0359585545957088
947,0.9875057935714722,0.0095310742035508,0.0023724718485027,0.0005905549041926
948,0.9761632084846495,0.0157782081514596,0.0070015373639762,0.0010570741724222
949,0.8812758922576904,0.0845734849572181,0.0292278137058019,0.0049227671697735
950,0.93475604057312,0.0472716391086578,0.0153468549251556,0.0026255373377352
951,0.1050625815987587,0.4858044683933258,0.3391461670398712,0.069986768066883
952,0.8159307241439819,0.1395892798900604,0.0399929992854595,0.0044870902784168
953,0.9648682475090028,0.0237805154174566,0.0094592357054352,0.0018919662106782
954,0.9171860814094543,0.0633981972932815,0.0167988501489162,0.0026167558971792
955,0.1548016667366027,0.5075751543045044,0.3176324069499969,0.0199907515197992
956,0.9799253940582277,0.0135478312149643,0.0053054066374897,0.0012213740264996
957,0.9396737217903136,0.0460582859814167,0.0123964194208383,0.0018715795595198
958,0.9803802371025084,0.0139843728393316,0.0045400615781545,0.001095340703614
959,0.9158912897109984,0.0550035461783409,0.0251824595034122,0.0039226706139743
960,0.9632127285003662,0.023009318858385,0.0113904383033514,0.0023875657934695
961,0.260067880153656,0.4935220777988434,0.2189991027116775,0.0274109505116939
962,0.9680646061897278,0.0220662411302328,0.0082455519586801,0.0016236453084275
963,0.9631469249725342,0.0226510446518659,0.011039238423109,0.0031627942807972
964,0.959738552570343,0.0289815925061702,0.0101734958589077,0.0011063163401558
965,0.9778454899787904,0.0158054009079933,0.0050517092458903,0.0012973862467333
966,0.9378032684326172,0.0452539585530757,0.0149231730028986,0.0020196319092065
967,0.9834383130073548,0.0125746121630072,0.0034918440505862,0.000495248765219
968,0.322064071893692,0.4759798049926758,0.1751032024621963,0.0268529448658227
969,0.9779006838798524,0.0155612388625741,0.0054625086486339,0.001075631706044
970,0.944743514060974,0.0389942228794097,0.0130614284425973,0.0032008406706154
971,0.8377753496170044,0.1284770220518112,0.0309965256601572,0.002751097548753
972,0.7350009083747864,0.207316517829895,0.0532432906329631,0.0044392999261617
973,0.973039984703064,0.0201948005706071,0.0056078941561281,0.0011572542134672
974,0.9322589635849,0.0416056364774704,0.022976815700531,0.0031585423275828
975,0.968791961669922,0.023142596706748,0.0069486671127378,0.0011167525080963
976,0.978393256664276,0.0150900678709149,0.0052971118129789,0.0012194644659757
977,0.9639605283737184,0.0269215032458305,0.007475831080228,0.0016422223998233
978,0.9540213942527772,0.0331588983535766,0.0107651185244321,0.002054558834061
979,0.9855467081069946,0.0128000173717737,0.0014817095361649,0.0001715203397907
980,0.9446666836738586,0.0360608249902725,0.0150323901325464,0.0042400802485644
981,0.9759129285812378,0.0162748880684375,0.0062745288014411,0.0015376392984762
982,0.9050297141075134,0.0720037221908569,0.0199947096407413,0.0029719481244683
983,0.954050362110138,0.03421251475811,0.009650083258748,0.0020869767758995
984,0.8481091856956482,0.1260601729154586,0.0229572635143995,0.0028734384104609
985,0.9101831912994384,0.0659334510564804,0.0214054584503173,0.0024778614751994
986,0.6747093796730042,0.2769001722335815,0.0445019118487834,0.0038885336834937
987,0.9052198529243468,0.0754751041531562,0.0168407708406448,0.002464349148795
988,0.926754355430603,0.049889650195837,0.0186423994600772,0.0047135367058217
989,0.940562903881073,0.0419762320816516,0.0147350430488586,0.002725708996877
990,0.9635390043258668,0.0260818060487508,0.0083362460136413,0.0020428849384188
991,0.6237652897834778,0.2811530530452728,0.0831086859107017,0.0119729414582252
992,0.9798504114151,0.0151125406846404,0.003942341543734,0.0010947487317025
993,0.965481162071228,0.0241703484207391,0.0084845898672938,0.0018638171022757
994,0.9268113970756532,0.0547964312136173,0.0159466713666915,0.0024455012753605
995,0.1614724546670913,0.5814846754074097,0.2386408299207687,0.0184020027518272
996,0.0165696293115615,0.3225704431533813,0.515466034412384,0.1453938782215118
997,0.9739027619361876,0.0184038784354925,0.0063602100126445,0.0013331725494936
998,0.9877715110778807,0.0093858325853943,0.0024104812182486,0.0004321754677221
999,0.8368274569511414,0.1150357499718666,0.0423192866146564,0.005817484576255
1000,0.0018536691786721,0.3644600808620453,0.5471193790435791,0.0865668579936027
1001,0.0039102579466998,0.3988571465015411,0.4963857233524322,0.100846879184246
1002,0.0050436481833457,0.7723050713539124,0.2178386449813842,0.0048126825131475
1003,0.0002832655154634,0.9130168557167052,0.0862611532211303,0.0004387302033137
1004,0.000451607076684,0.0783594921231269,0.3856989741325378,0.5354899764060974
1005,0.0016154166078194,0.4843064546585083,0.4996800124645233,0.0143980523571372
1006,0.0013497279724106,0.4046522676944732,0.5618039965629578,0.0321939326822757
1007,0.0033980703447014,0.2616369128227234,0.452068030834198,0.2828969657421112
1008,0.0027368208393454,0.873424768447876,0.1219574213027954,0.0018809876637533
1009,0.0002009052695939,0.0531545281410217,0.3927617371082306,0.5538828372955322
1010,0.0019884172361344,0.96761953830719,0.0301471073180437,0.0002450210740789
1011,0.0028818477876484,0.7990565299987793,0.195817232131958,0.0022443854250013
1012,0.000589829403907,0.1740909814834594,0.5798115134239197,0.2455076575279235
1013,0.0015870451461523,0.302437275648117,0.5829631090164185,0.1130125522613525
1014,0.0010629264870658,0.6960357427597046,0.2993612587451935,0.0035400858614593
1015,0.0016650633187964,0.9039175510406494,0.0937951579689979,0.000622188730631
1016,0.0005477414815686,0.7834232449531555,0.2141759991645813,0.001852985471487
1017,0.0003882184973917,0.6803198456764221,0.3163781464099884,0.0029137418605387
1018,0.0017426239792257,0.7483659386634827,0.2467849105596542,0.0031065633520483
1019,0.0026600793935358,0.3123052418231964,0.5230128765106201,0.1620218306779861
1020,0.0011407990241423,0.3698062002658844,0.5465380549430847,0.0825149044394493
1021,0.0008197721326723,0.4381324350833893,0.5202951431274414,0.0407526642084121
1022,0.0050051137804985,0.939018487930298,0.0555181577801704,0.0004583304980769
1023,0.0017525890143588,0.9366822838783264,0.0608230717480182,0.0007420929032377
1024,0.0025324823800474,0.887647807598114,0.1093796640634536,0.0004400794277898
1025,0.0029775670263916,0.6135314106941223,0.3663563132286072,0.0171347148716449
1026,0.0012745491694658,0.7718903422355652,0.2246328890323639,0.0022022232878953
1027,0.0008596204570494,0.3361258506774902,0.6182300448417664,0.0447844378650188
1028,0.0022341522853821,0.5055954456329346,0.4603498876094818,0.03182053565979
1029,0.0039360895752906,0.8110361695289612,0.180966630578041,0.0040610344149172
1030,0.0022844513878226,0.2599530220031738,0.5010725855827332,0.2366899251937866
1031,0.0007033074507489,0.6394055485725403,0.3531132340431213,0.0067778769880533
1032,0.0011903471313416,0.6263253688812256,0.3681976795196533,0.0042866049334406
1033,0.0013064481317996,0.4104738235473633,0.5523529052734375,0.035866804420948
1034,0.9880991578102112,0.0071987542323768,0.0026072161272168,0.0020949570462107
1035,0.0040943082422018,0.3802571594715118,0.5116919875144958,0.1039565280079841
1036,0.0030011823400855,0.3579009771347046,0.5457338094711304,0.0933640450239181
1037,0.0013825292699038,0.2218584716320037,0.5405918955802917,0.2361671179533004
1038,0.000264939648332,0.9526492357254028,0.0466942824423313,0.0003915553970728
1039,0.000328254624037,0.978513240814209,0.0209530517458915,0.0002054164942819
1040,0.0003783591964747,0.5943472981452942,0.4021555185317993,0.0031188481952995
1041,0.000367888220353,0.9677984714508056,0.0315997377038002,0.0002338439808227
1042,0.000845675705932,0.8444036245346069,0.1537773311138153,0.0009733667247928
1043,0.0007803500629961,0.8424904346466064,0.1558450609445572,0.0008842524257488
1044,0.0008179278229363,0.8558915853500366,0.141920730471611,0.0013697711983695
1045,0.0009661994408816,0.9497891664505004,0.0487882755696773,0.000456400332041
1046,0.0006019533611834,0.1833092421293258,0.6298927664756775,0.1861959546804428
1047,0.0032278015278279,0.3849260509014129,0.5428327322006226,0.0690134391188621
1048,0.0015002294676378,0.8535192012786865,0.143756091594696,0.0012244515819475
1049,0.0015231927391141,0.718423068523407,0.2769767642021179,0.0030769337899982
1050,0.0016556492773815,0.8848721981048584,0.1124988719820976,0.0009733059559948
1051,0.0009629122796468,0.5923407077789307,0.4007978141307831,0.005898552481085
1052,0.0018136798171326,0.2489452362060547,0.5523091554641724,0.1969318985939026
1053,0.0019639078527688,0.7922969460487366,0.2034786939620971,0.0022604439873248
1054,0.0007150477613322,0.4907054603099823,0.4907054603099823,0.0178739465773105
1055,0.0007375506102107,0.6705374121665955,0.3217273652553558,0.0069976858794689
1056,0.0009741283720359,0.2700988054275512,0.6279984712600708,0.1009285449981689
1057,0.0001910354039864,0.8683358430862427,0.1310991048812866,0.000374029186787
1058,0.0008359407074749,0.7964604496955872,0.1982546895742416,0.0044489917345345
1059,0.0005243026535026,0.1647309809923172,0.5317581295967102,0.3029866218566894
1060,0.0010452166898176,0.5247774124145508,0.4631144404411316,0.0110629228875041
1061,0.000784374482464,0.9300666451454164,0.068434789776802,0.0007141811074689
1062,0.0016121172811836,0.6303646564483643,0.3591709434986114,0.0088522667065262
1063,0.0004814599524252,0.8981326222419739,0.1007676795125007,0.0006182068027555
1064,0.0001789222878869,0.5950059294700623,0.4026011526584625,0.0022140454966574
1065,0.0028335605747997,0.3541282415390014,0.5399810671806335,0.1030571907758712
1066,0.0018369179451838,0.7182654738426208,0.2769159972667694,0.0029816124588251
1067,0.0032988793682307,0.7702443599700928,0.2241538763046264,0.002302988898009
1068,0.0142913646996021,0.8841754198074341,0.1007639244198799,0.0007693421212024
1069,0.0024516051635146,0.973714292049408,0.0236264765262603,0.0002076280507026
1070,0.0011908506276085,0.2305096834897995,0.5616719126701355,0.2066275626420974
1071,0.0003385087766218,0.0895609781146049,0.4408345818519592,0.4692659676074981
1072,0.0014829966239631,0.216683954000473,0.5362979173660278,0.2455350905656814
1073,0.0027955169789493,0.2942021191120147,0.5327312350273132,0.1702711433172226
1074,0.0009105679346248,0.3191586136817932,0.5779216289520264,0.1020092219114303
1075,0.0018773120827972,0.8993893265724182,0.0978040546178817,0.000929336878471
1076,0.002172143664211,0.3888581097126007,0.5151532888412476,0.0938163846731185
1077,0.0012351362966001,0.1776706129312515,0.5141069293022156,0.3069872856140136
1078,0.0014755871379747,0.3186381161212921,0.5680338740348816,0.1118524894118309
1079,0.0006325274589471,0.8906649947166443,0.1080499216914177,0.0006526060169562
1080,0.003126568859443,0.3342239260673523,0.5096306204795837,0.1530188620090484
1081,0.0024248817935585,0.255196213722229,0.4621006846427917,0.2802782356739044
1082,0.0007639345130883,0.2085339426994323,0.5580657124519348,0.2326364070177078
1083,0.0003136837040074,0.155051127076149,0.6327053904533386,0.2119297683238983
1084,0.0021681813523173,0.9457834959030152,0.0517158210277557,0.0003325013676658
1085,0.0010872015263885,0.6482211351394653,0.34158855676651,0.0091030271723866
1086,0.0016579254297539,0.7009539008140564,0.2922010421752929,0.0051871896721422
1087,0.0029810422565788,0.9513651728630066,0.0451966486871242,0.0004571576428133
1088,0.0002892443735618,0.9178339838981628,0.0814623907208442,0.0004143234109506
1089,0.0006437934353016,0.2054592370986938,0.6038782596588135,0.1900187134742736
1090,0.0015736065106466,0.5871293544769287,0.3972716033458709,0.0140254022553563
1091,0.0019224447896704,0.6530950665473938,0.3335683643817901,0.0114140808582305
1092,0.0014961953274905,0.8646289110183716,0.1325951367616653,0.0012797636445611
1093,0.0007811696850694,0.9556695222854614,0.043322067707777,0.0002273333375342
1094,0.002326370216906,0.7660015225410461,0.2264296114444732,0.0052425558678805
1095,0.0003130908298771,0.0423085018992424,0.1956325322389602,0.7617459297180176
1096,0.0022129886783659,0.9653289318084716,0.032015461474657,0.0004426255763974
1097,0.0010565763805061,0.6601940393447876,0.3319664299488067,0.0067829280160367
1098,0.0007495753816328,0.9314584732055664,0.0674746260046958,0.0003173901641275
1099,0.0011304845102131,0.950531542301178,0.0480694249272346,0.0002685136278159
1100,0.0007887221290729,0.9649089574813844,0.0340654551982879,0.0002368173445574
1101,0.0011038338998332,0.9427390694618224,0.0557381324470043,0.000418968120357
1102,0.0046892445534467,0.8136427402496338,0.1787335872650146,0.0029344540089368
1103,0.001952672144398,0.6951993703842163,0.2943659424781799,0.0084820203483104
1104,0.001080127316527,0.29484623670578,0.595605731010437,0.1084678694605827
1105,0.0016969455173239,0.69537752866745,0.2944413721561432,0.008484193123877
1106,0.0002932553761638,0.066364586353302,0.4194371104240417,0.5139050483703613
1107,0.0008363525266759,0.2711154818534851,0.6503722667694092,0.0776758939027786
1108,0.0005627382197417,0.1376974880695343,0.4376017153263092,0.4241381287574768
1109,0.0027817073278129,0.2793428599834442,0.4751782119274139,0.2426972985267639
1110,0.0005633867694996,0.4313138723373413,0.5538179874420166,0.0143046714365482
1111,0.0020284466445446,0.2741075158119201,0.5201646685600281,0.2036993950605392
1112,0.0007435234147123,0.1052954196929931,0.3675171136856079,0.5264439582824707
1113,0.001891330583021,0.2896086275577545,0.524413526058197,0.1840864717960357
1114,0.0023186097387224,0.318251758813858,0.5853545665740967,0.0940750390291214
1115,0.0006455724942497,0.1269295662641525,0.4430277049541473,0.4293971657752991
1116,0.0008164499886333,0.3617525100708008,0.605821430683136,0.031609583646059
1117,0.0026299010496586,0.7291986346244812,0.2640982568264007,0.0040732705965638
1118,0.0003981557383667,0.9687077403068542,0.0306562893092632,0.0002377496712142
1119,0.0008327251416631,0.1040709912776947,0.3747740685939789,0.5203222632408142
1120,0.0001436424208804,0.0176735948771238,0.089753933250904,0.8924288153648376
1121,0.0004573114856611,0.1228985711932182,0.4860732853412628,0.3905708491802215
1122,0.0018138404702767,0.40411376953125,0.5270637273788452,0.0670086294412612
1123,0.0014437357895076,0.8607972860336304,0.1361979097127914,0.0015610505361109
1124,0.001786520355381,0.2376727908849716,0.5191250443458557,0.2414155900478363
1125,0.0003529531823005,0.0584373399615287,0.261898010969162,0.6793117523193359
1126,0.0011125778546556,0.965170443058014,0.0335464067757129,0.0001706193288555
1127,0.0034347679466009,0.350355863571167,0.5342289209365845,0.1119804605841636
1128,0.0006633785087615,0.0868854373693466,0.327902227640152,0.5845489501953125
1129,0.0015966725768521,0.8533517122268677,0.1437278836965561,0.001323688076809
1130,0.01068343129009,0.9321035742759703,0.0568586811423301,0.0003543195780366
1131,0.0024966765195131,0.2796980142593384,0.5225446820259094,0.195260688662529
1132,0.0145852547138929,0.5917806625366211,0.3703268766403198,0.0233071707189083
1133,0.0033975404221564,0.8057727217674255,0.1884206086397171,0.0024092169478535
1134,0.0011518723331391,0.2264759391546249,0.5693604350090027,0.2030117362737655
1135,0.0012420418206602,0.2258523851633072,0.5169812440872192,0.255924254655838
1136,0.001430160482414,0.2725403606891632,0.6141791939735413,0.1118503361940383
1137,0.001303318538703,0.8668915033340454,0.1308810412883758,0.0009241913794539
1138,0.0002166526828659,0.0358705036342144,0.1969677954912185,0.7669451236724854
1139,0.0016635175561532,0.7143937945365906,0.2797606289386749,0.0041820826008915
1140,0.0028187043499201,0.793856143951416,0.200718268752098,0.0026068750303238
1141,0.0008116968092508,0.6719080805778503,0.3223850131034851,0.0048951581120491
1142,0.0019206756260246,0.1245306730270385,0.3492549359798431,0.5242937207221985
1143,0.0014625046169385,0.3158130645751953,0.5718636512756348,0.1108608171343803
1144,0.0045371381565928,0.3035120666027069,0.5162914395332336,0.1756593286991119
1145,0.0058282813988626,0.3232244849205017,0.5006198883056641,0.1703273504972458
1146,0.0038299625739455,0.3238741755485534,0.5016261339187622,0.1706697046756744
1147,0.0028631936293095,0.2659178972244262,0.4890978932380676,0.242121011018753
1148,0.0034253096673637,0.3231339454650879,0.5004796385765076,0.1729611307382583
1149,0.0024988104123622,0.6821092367172241,0.3074507415294647,0.0079412041231989
1150,0.0017849532887339,0.2031139731407165,0.4949180781841278,0.3001829981803894
1151,0.0021520778536796,0.1709607243537902,0.4231318831443786,0.4037552773952484
1152,0.0013799738371744,0.8488984107971191,0.1475164145231247,0.0022051918786019
1153,0.0005402256501838,0.1545444279909134,0.522817075252533,0.3220982551574707
1154,0.0020384152885526,0.3025276362895965,0.5309525728225708,0.1644814312458038
1155,0.0023003700189292,0.3207204937934875,0.4666455388069153,0.2103336304426193
1156,0.0037765773013234,0.8283560872077942,0.1656816303730011,0.0021857153624296
1157,0.0018992285476997,0.9387721419334412,0.0590832717716693,0.0002452622284181
1158,0.0011977665126323,0.902761697769165,0.0951503813266754,0.000890104623977
1159,0.0024498072452843,0.7008257508277893,0.2921476364135742,0.0045768418349325
1160,0.0027136078570038,0.4090773165225982,0.5171221494674683,0.071086972951889
1161,0.0008191884844563,0.9713470935821532,0.0275549981743097,0.0002787148114293
1162,0.0034749808255583,0.6622141003608704,0.3227373957633972,0.0115734534338116
1163,0.0031836845446377,0.4651752710342407,0.4725006818771362,0.0591403990983963
1164,0.0009838347323238,0.7771067023277283,0.2191930115222931,0.0027164549101144
1165,0.0014978973194956,0.8259732127189636,0.1704491972923278,0.0020796246826648
1166,0.0011246032081544,0.1592627465724945,0.4066916406154632,0.4329209923744201
1167,0.0032410626299679,0.5802164673805237,0.3925940990447998,0.0239483937621116
1168,0.002621951047331,0.4996554255485534,0.4767745435237884,0.0209480114281177
1169,0.0442697405815124,0.6817591190338135,0.271185040473938,0.0027861937414854
1170,0.0022384440526366,0.6816600561141968,0.3072482645511627,0.0088532185181975
1171,0.0010955554898828,0.7401748895645142,0.2557976245880127,0.0029318584129214
1172,0.0015469514764845,0.3288695514202118,0.559425950050354,0.1101574972271919
1173,0.0013371472014114,0.7972460985183716,0.1984502524137497,0.0029665906913578
1174,0.0011303324718028,0.2598258852958679,0.576448917388916,0.1625948846340179
1175,0.0009698251960799,0.2731403112411499,0.6155312061309814,0.1103586703538894
1176,0.0022842371836304,0.8931747674942017,0.103392481803894,0.0011485867435112
1177,0.0014004023978486,0.6814751029014587,0.312002032995224,0.0051224594935774
1178,0.000973408226855,0.9420405030250548,0.0565739311277866,0.0004121669626329
1179,0.0004610128235071,0.9744961261749268,0.0247802156955003,0.00026267717476
1180,0.0003716967767104,0.7856984734535217,0.2114678770303726,0.0024619363248348
1181,0.0013224245049059,0.7762438654899597,0.2189496308565139,0.0034841245505958
1182,0.0022754655219614,0.3484290540218353,0.539657473564148,0.1096380650997161
1183,0.0022214893251657,0.7314674854278564,0.2608127892017364,0.0054982383735477
1184,0.0003849685599561,0.0805724263191223,0.3236884474754333,0.5953541398048401
1185,0.003945630043745,0.3664487600326538,0.5087636709213257,0.1208419725298881
1186,0.0018123142654076,0.3144592940807342,0.560584306716919,0.1231440380215644
1187,0.0006501601892523,0.8873269557952881,0.1110619977116584,0.0009608745458535
1188,0.0033813593909144,0.4498448669910431,0.4788573682308197,0.067916415631771
1189,0.0084408093243837,0.660140872001648,0.3069940209388733,0.0244242958724498
1190,0.0002617400896269,0.0284201018512249,0.1536376178264618,0.8176804780960083
1191,0.0004701713623944,0.0790706574916839,0.3176553249359131,0.6028038263320923
1192,0.0035178039688616,0.4130059480667114,0.5220884084701538,0.0613878481090068
1193,0.0011561777209863,0.8315109014511108,0.1663126349449157,0.00102032313589
1194,0.0025720431003719,0.5467958450317383,0.4258450269699096,0.0247871521860361
1195,0.0030717712361365,0.5165925025939941,0.4488233625888824,0.0315123423933982
1196,0.0004041951615363,0.0794710293412208,0.4099427759647369,0.5101820230484009
1197,0.0008963956497609,0.1249766126275062,0.4097825288772583,0.4643444418907165
1198,0.0057414453476667,0.9505930542945862,0.0424238629639148,0.0012416747631505
1199,0.002333351643756,0.4048658013343811,0.5038636326789856,0.0889372155070304
1200,0.0010667248861864,0.8558481931686401,0.1419135332107544,0.0011715680593624
1201,0.0013837958686053,0.8646547198295593,0.1325991004705429,0.0013623419217765
1202,0.0011492717312648,0.1228548362851142,0.3667767941951751,0.5092191100120544
1203,0.0020100011024624,0.8108922839164734,0.1837838441133499,0.0033139316365122
1204,0.000481111172121,0.0725276619195938,0.3101614713668823,0.6168297529220581
1205,0.0005956857930868,0.9654391407966614,0.0335557460784912,0.0004094084724783
1206,0.0017083283746615,0.2872966527938843,0.536740779876709,0.174254223704338
1207,0.0001312094245804,0.0185814630240201,0.1269812583923339,0.8543060421943665
1208,0.0004801840696018,0.2908082902431488,0.6351836919784546,0.0735278502106666
1209,0.0011601450387388,0.2390493303537368,0.5387060046195984,0.2210844904184341
1210,0.0045695668086409,0.5800812840461731,0.3925026655197143,0.0228463932871818
1211,0.0005022733821533,0.2994700074195862,0.6541025638580322,0.0459252074360847
1212,0.0014876507921144,0.2277954965829849,0.5464529991149902,0.224263846874237
1213,0.0006794306100346,0.0835963413119316,0.2784183323383331,0.6373059153556824
1214,0.0014458966907113,0.169754758477211,0.491201639175415,0.3375976383686065
1215,0.0224906336516141,0.6676232218742371,0.305660218000412,0.0042258650064468
1216,0.0008777266484685,0.1149595007300376,0.3769376873970032,0.5072250962257385
1217,0.0009548965608701,0.9097981452941896,0.0886856168508529,0.0005613546818494
1218,0.003298788331449,0.3995864987373352,0.5051246285438538,0.0919900313019752
1219,0.0017796457977965,0.8263672590255737,0.1705305129289627,0.0013225204311311
1220,0.0006306965369731,0.1804258078336715,0.5645023584365845,0.2544411718845367
1221,0.0017129937186837,0.3937603533267975,0.5382065773010254,0.0663200616836547
1222,0.0001617226371308,0.0232633091509342,0.1692289263010025,0.8073460459709167
1223,0.0006368739414028,0.1105056330561637,0.4652460515499115,0.4236113727092743
1224,0.001596141140908,0.8665015697479248,0.1308221668004989,0.001080003217794
1225,0.0021636202000081,0.9005744457244873,0.0964146181941032,0.0008472859626635
1226,0.0044769737869501,0.5338939428329468,0.4223448932170868,0.0392841920256614
1227,0.0003720478562172,0.0743023231625557,0.3031998872756958,0.6221257448196411
1228,0.0035117464140057,0.9005345106124878,0.0949156358838081,0.0010380703024566
1229,0.000960761681199,0.659328043460846,0.3367518186569214,0.0029593547806143
1230,0.0007391932304017,0.407607227563858,0.5571330189704895,0.0345205254852771
1231,0.0009517702856101,0.2557801902294159,0.5674731135368347,0.1757949739694595
1232,0.0017675469862297,0.4462336897850036,0.5136117935180664,0.0383869558572769
1233,0.000971283763647,0.1685299277305603,0.4953369796276092,0.3351617753505707
1234,0.0033833894412964,0.9528933763504028,0.0431962199509143,0.000527030439116
1235,0.0007103286334313,0.9396170377731324,0.0591364465653896,0.0005361841176636
1236,0.0008886440191417,0.97451651096344,0.0243965443223714,0.0001982832909561
1237,0.0008147257613018,0.9218165278434752,0.0768589004874229,0.0005098422989249
1238,0.0015131520340219,0.945482075214386,0.0525134801864624,0.000491248560138
1239,0.0050401147454977,0.3424681723117828,0.4829575717449188,0.1695340573787689
1240,0.0016078522894531,0.4253976345062256,0.5462213754653931,0.0267731454223394
1241,0.0014777599135413,0.9233675003051758,0.0746195390820503,0.0005352091393433
1242,0.0006760695832781,0.0781430229544639,0.2770410776138305,0.6441397666931152
1243,0.0012072693789377,0.7543534636497498,0.241105854511261,0.0033333774190396
1244,0.0005220521125011,0.6487270593643188,0.3472386002540588,0.0035122684203088
1245,0.0013034043367952,0.3557949364185333,0.5866066813468933,0.0562949366867542
1246,0.002735441783443,0.929287314414978,0.0673173516988754,0.0006599560729227
1247,0.0008335382444784,0.7578036785125732,0.2384535074234008,0.0029093346092849
1248,0.0026021308731287,0.9708827137947084,0.0262805912643671,0.0002345892135053
1249,0.0051411869935691,0.9645473957061768,0.0300513934344053,0.000259995489614
1250,0.0013059197226539,0.436770349740982,0.5186775922775269,0.0432461202144622
1251,0.001202089828439,0.5162347555160522,0.4700370728969574,0.0125260641798377
1252,0.0022322565782815,0.5548168420791626,0.4253928363323211,0.0175580568611621
1253,0.0001349058729829,0.0144211668521165,0.0791877806186676,0.9062561988830566
1254,0.0017606823239475,0.511617124080658,0.4658326804637909,0.0207895711064338
1255,0.000977688236162,0.5064550638198853,0.475770503282547,0.0167967528104782
1256,0.0050813416019082,0.9533197283744812,0.0412365645170211,0.0003623844240792
1257,0.0025713448412716,0.9593961834907532,0.0377856381237506,0.0002467644808348
1258,0.0023137754760682,0.1726697087287902,0.4478711485862732,0.3771453499794006
1259,0.0017628142377361,0.2037536203861236,0.5203030705451965,0.2741804718971252
1260,0.0032978297676891,0.4121509492397308,0.5129300951957703,0.0716210901737213
1261,0.0011302075581625,0.4216924905776977,0.5414638519287109,0.0357134155929088
1262,0.0035129750613123,0.4060446918010711,0.5053307414054871,0.0851115882396698
1263,0.0043816990219056,0.7602797746658325,0.2318722307682037,0.0034662091638892
1264,0.0006380507838912,0.5622308850288391,0.4310773909091949,0.0060536577366292
1265,0.0017423322424292,0.3704059720039367,0.5560451745986938,0.0718064680695533
1266,0.0032905302941799,0.6780178546905518,0.3104192018508911,0.0082723908126354
1267,0.0008606308838352,0.9291641116142272,0.0694450214505195,0.0005302192876115
1268,0.0008432872127741,0.868747353553772,0.1271258145570755,0.0032835572492331
1269,0.0032559991814196,0.6502612233161926,0.3373510837554931,0.0091316755861043
1270,0.0003350422775838,0.03872562199831,0.170865461230278,0.7900738716125488
1271,0.0027530000079423,0.383826732635498,0.5084878206253052,0.104932390153408
1272,0.0007668553735129,0.8951961994171143,0.1036264821887016,0.0004104680847376
1273,0.0021219844929873,0.8695508241653442,0.1272433847188949,0.0010838037123903
1274,0.0002333561860723,0.0335675813257694,0.1901732981204986,0.7760257720947266
1275,0.0008527244790457,0.1757049560546875,0.5245581269264221,0.2988841831684112
1276,0.0012601625639945,0.549696147441864,0.4348454773426056,0.0141982082277536
1277,0.0056955749168992,0.3061467707157135,0.5719574093818665,0.1162002012133598
1278,0.004237188026309,0.4060189723968506,0.4821594357490539,0.1075843125581741
1279,0.0062162652611732,0.4786258935928345,0.4357938468456268,0.0793639495968818
1280,0.0016853421693667,0.9007417559623718,0.0964325293898582,0.0011403594398871
1281,0.0006478967843577,0.6270185708999634,0.3686051666736603,0.003728388575837
1282,0.0009950719540938,0.3487776815891266,0.5932908654212952,0.0569363981485366
1283,0.0006646580877713,0.5416622161865234,0.4490537345409393,0.0086194183677434
1284,0.0183655936270952,0.8988390564918518,0.0810327976942062,0.0017624926986172
1285,0.0019778339192271,0.4075351655483246,0.5570345520973206,0.0334525220096111
1286,0.0001995413622353,0.9357901215553284,0.0636813193559646,0.0003289880696684
1287,0.0011334001319482,0.4867361187934875,0.4944010972976684,0.0177293624728918
1288,0.0013436549343168,0.2331410199403762,0.5013319253921509,0.26418337225914
1289,0.0014691100222989,0.8623461127281189,0.134327620267868,0.0018571290420368
1290,0.0019638547673821,0.5115315318107605,0.4585338830947876,0.0279707480221986
1291,0.0051266080699861,0.3171719908714294,0.4912455976009369,0.1864558011293411
1292,0.0011900844983756,0.3458133637905121,0.606921374797821,0.0460751727223396
1293,0.001139243482612,0.375117540359497,0.5809934139251709,0.0427497960627079
1294,0.0017126260790973,0.4899375140666961,0.4899375140666961,0.0184124652296304
1295,0.0002178222785005,0.0396087169647216,0.2243986427783966,0.73577481508255
1296,0.0004272359365131,0.9764818549156188,0.0229646526277065,0.0001262907171621
1297,0.0004045279056299,0.9391408562660216,0.060037262737751,0.0004173690103925
1298,0.0012555464636534,0.4470055401325226,0.5308321714401245,0.020906725898385
1299,0.0027145068161189,0.9221752882003784,0.0745231956243515,0.0005870532477274
1300,0.0023154946975409,0.4080943167209625,0.5240034461021423,0.0655867308378219
1301,0.0013002408668398,0.4348710477352142,0.532815158367157,0.0310135576874017
1302,0.0003941590548492,0.873164713382721,0.125791311264038,0.0006498584407381
1303,0.0002669355890247,0.0372164994478225,0.1667927652597427,0.7957237958908081
1304,0.0015037338016554,0.6457750797271729,0.3456585109233856,0.0070626917295157
1305,0.0019177725771442,0.3379977941513061,0.548624575138092,0.111459843814373
1306,0.0033884444274008,0.9395217299461364,0.0564226657152175,0.0006672242307104
1307,0.0008604323957115,0.2072767466306686,0.5813219547271729,0.2105408608913421
1308,0.0004605177382472,0.9583576321601868,0.0408117920160293,0.0003700364031828
1309,0.0004557798092719,0.905062973499298,0.09391400963068,0.000567227078136
1310,0.0029272283427417,0.3545789122581482,0.5079108476638794,0.1345829963684082
1311,0.0009892130037769,0.9877249598503112,0.0111454268917441,0.0001403002097504
1312,0.0011253233533352,0.5829318761825562,0.4069520235061645,0.0089907422661781
1313,0.0017629590583965,0.7570987343788147,0.2382316887378692,0.0029066281858831
1314,0.001979203429073,0.5751147270202637,0.407817393541336,0.0150886755436658
1315,0.0004960502265021,0.7671419978141785,0.2303377836942672,0.0020241946913301
1316,0.0014957273378968,0.8643584251403809,0.1325536668300628,0.0015921933809295
1317,0.0036985885817557,0.4143459796905517,0.5076673030853271,0.0742881372570991
1318,0.0080056069418787,0.7552260756492615,0.2339581251144409,0.0028102323412895
1319,0.001553387963213,0.8700610399246216,0.1273180544376373,0.0010676268720999
1320,0.0005727528478018,0.4384843409061432,0.5457025766372681,0.0152403898537158
1321,0.0005577350384555,0.275683581829071,0.6409834623336792,0.0827752128243446
1322,0.0005553444498218,0.3636559247970581,0.5902718305587769,0.0455168783664703
1323,0.0004351372481323,0.9489975571632384,0.050295028835535,0.0002723019279073
1324,0.0011247881921008,0.9310795664787292,0.0674471780657768,0.0003484431363176
1325,0.0021504256874322,0.8023467063903809,0.1935751736164093,0.0019276292296126
1326,0.0016722545260563,0.9221175909042358,0.0756920203566551,0.0005180403240956
1327,0.0013212001649662,0.4418809711933136,0.5330101847648621,0.0237876251339912
1328,0.0003868928179144,0.9267116785049438,0.0725856721401214,0.0003157727187499
1329,0.0004058706981595,0.972168743610382,0.0271507445722818,0.0002746258687693
1330,0.0031114453449845,0.5232647061347961,0.4475720226764679,0.0260518137365579
1331,0.0006627352559007,0.1224092990159988,0.4692427814006805,0.4076851904392242
1332,0.0013386138016358,0.7154305577278137,0.2801666259765625,0.0030641173943877
1333,0.0009535332792438,0.173390120267868,0.5017209649085999,0.3239353895187378
1334,0.0002330822026124,0.9496902227401732,0.0495514161884784,0.0005252588307484
1335,0.0001936365733854,0.2444114238023758,0.7411684393882751,0.0142264505848288
1336,0.0009858681587502,0.9540989995002748,0.0446238033473491,0.0002914220967795
1337,0.0003766591835301,0.747949481010437,0.2505317032337188,0.0011422047391533
1338,0.0010139734949916,0.951107144355774,0.0473528355360031,0.0005260424804873
1339,0.0007918889750726,0.9687832593917848,0.0301833655685186,0.000241512505454
1340,0.0008279282483272,0.3904973864555359,0.5771176815032959,0.031557023525238
1341,0.0010250821942463,0.835389256477356,0.1619475781917572,0.0016380768502131
1342,0.0033753665629774,0.7881031036376953,0.2055889815092086,0.0029325694777071
1343,0.0009145345538854,0.8990017771720886,0.0993014276027679,0.0007822428597137
1344,0.0004609028692357,0.0799724385142326,0.3815271556377411,0.5380395650863647
1345,0.0021564515773206,0.3626594245433807,0.5529896020889282,0.0821945592761039
1346,0.000884874665644,0.8563598990440369,0.1419983804225921,0.0007568734581582
1347,0.0015341452090069,0.6692103147506714,0.3210906088352203,0.0081649310886859
1348,0.0003262382524553,0.0876737609505653,0.374933123588562,0.5370668768882751
1349,0.0010825642384588,0.2488455772399902,0.6556207537651062,0.0944511294364929
1350,0.0001100986992241,0.9646322727203368,0.035136729478836,0.0001209197653224
1351,0.002615209436044,0.2752264142036438,0.4830374419689178,0.2391208708286285
1352,0.0010634140344336,0.9518043994903564,0.0466528721153736,0.0004793182597495
1353,0.0005809902213513,0.9416217803955078,0.0574392937123775,0.0003579377080313
1354,0.0011794986203312,0.7370011210441589,0.2587117254734039,0.0031075649894773
1355,0.0013848230009898,0.2639005482196808,0.6040743589401245,0.1306402534246444
1356,0.0009340114775113,0.2048664689064026,0.565654456615448,0.2285450547933578
1357,0.0011669936357066,0.8134674429893494,0.1843674778938293,0.000998182571493
1358,0.0012835295638069,0.7417325377464294,0.2523618042469024,0.0046221674419939
1359,0.0001722602755762,0.8205716609954834,0.1774610728025436,0.0017949932953342
1360,0.0010173493064939,0.9693013429641724,0.0292703639715909,0.0004110462614335
1361,0.0015139877796173,0.1669796854257583,0.4610456824302673,0.3704605996608734
1362,0.0012437033001333,0.4031639993190765,0.5510598421096802,0.0445324666798114
1363,0.0021352141629904,0.2506836950778961,0.522469699382782,0.2247114181518554
1364,0.0004666364984586,0.13349249958992,0.519787609577179,0.3462532162666321
1365,0.0018384371651336,0.7533582448959351,0.2407877743244171,0.0040155160240828
1366,0.00040491000982,0.9400278925895692,0.0591623038053512,0.00040491000982
1367,0.0007387947407551,0.947204291820526,0.0517935082316398,0.0002634253760334
1368,0.0024205811787396,0.4070791900157928,0.5309313535690308,0.0595688447356224
1369,0.0034711565822362,0.5747084617614746,0.4012111723423004,0.0206092074513435
1370,0.001022731536068,0.9444493055343628,0.0541212558746337,0.0004068144771736
1371,0.0007954901084303,0.6382327675819397,0.3580161333084106,0.0029556043446063
1372,0.0028372458182275,0.750664472579956,0.243705078959465,0.0027932585217058
1373,0.0012764785205945,0.2080659717321396,0.5396820306777954,0.250975489616394
1374,0.0040750210173428,0.3187002539634704,0.5092815160751343,0.1679432243108749
1375,0.0016858570743352,0.7706806063652039,0.224280834197998,0.0033527270425111
1376,0.0025206627324223,0.4655743837356567,0.4879177510738373,0.0439871177077293
1377,0.001348239602521,0.3917699456214905,0.5439186692237854,0.0629631578922271
1378,0.0006093415431678,0.0715394169092178,0.2699869573116302,0.6578642725944519
1379,0.0005950274644419,0.0829594805836677,0.3034531772136688,0.6129922866821289
1380,0.0025021836627274,0.4768318235874176,0.4997154176235199,0.0209505278617143
1381,0.0017892748583108,0.5039290189743042,0.4808524549007416,0.0134292533621191
1382,0.0015250243013724,0.7777345180511475,0.2159690707921981,0.0047713778913021
1383,0.0007983184768818,0.8353720903396606,0.1619442701339721,0.0018853760557249
1384,0.000780169328209,0.3917036950588226,0.5699254870414734,0.0375906638801097
1385,0.0019228886812925,0.4632207155227661,0.4930958747863769,0.0417606122791767
1386,0.0052157356403768,0.8771519064903259,0.116869181394577,0.0007632307824678
1387,0.0024429431650787,0.5977684855461121,0.3859483301639557,0.013840215280652
1388,0.0015792245976626,0.4588892757892608,0.5199896693229675,0.0195418633520603
1389,0.0034765948075801,0.3894764184951782,0.5159724354743958,0.0910745412111282
1390,0.0014243305195122,0.903997838497162,0.0938034877181053,0.0007743951282463
1391,0.0016043359646573,0.5365769267082214,0.4448378980159759,0.0169808268547058
1392,0.0001933536841534,0.0305469799786806,0.1306328624486923,0.8386268019676208
1393,0.0008065529400482,0.1585808098316192,0.4660948812961578,0.3745177686214447
1394,0.0018526258645579,0.2623629868030548,0.5468114614486694,0.1889729797840118
1395,0.001387023134157,0.3556812107563019,0.568376898765564,0.0745548233389854
1396,0.0003803422732744,0.0975330471992492,0.4439963102340698,0.4580902755260467
1397,0.0044116228818893,0.4499977827072143,0.4865636229515075,0.0590268671512603
1398,0.0007093863678164,0.1966931968927383,0.5964646935462952,0.2061326950788498
1399,0.0002740118070505,0.9255756735801696,0.0736383497714996,0.000511921418365
1400,0.0005634790868498,0.6577829122543335,0.3359626531600952,0.0056909373961389
1401,0.0027359055820852,0.9294448494911194,0.0673287659883499,0.0004905208479613
1402,0.0032836182508617,0.5352296829223633,0.436841756105423,0.0246449280530214
1403,0.0011781438952311,0.3266666233539581,0.55567866563797,0.1164765730500221
1404,0.0014958528336137,0.4279243648052215,0.5161753296852112,0.0544044747948646
1405,0.0004613015044014,0.6701801419258118,0.3266197144985199,0.0027388730086386
1406,0.0004361079481896,0.2811489403247833,0.6536908149719238,0.0647241622209549
1407,0.0006118960445746,0.9462976455688475,0.0525587797164917,0.0005316245369613
1408,0.000950148620177,0.934010922908783,0.0645611733198165,0.0004777647263836
1409,0.0006557044107466,0.2092605084180832,0.6345745921134949,0.155509203672409
1410,0.000340409373166,0.9682774543762208,0.0311252307146787,0.0002569544885773
1411,0.0021628800313919,0.5129562616348267,0.467052012681961,0.0178288090974092
1412,0.0002464206190779,0.0232466161251068,0.1041841059923172,0.8723228573799133
1413,0.0021404712460935,0.2847612500190735,0.5403818488121033,0.172716423869133
1414,0.0032072267495095,0.4266788959503174,0.5066937208175659,0.0634201616048812
1415,0.0009689354337751,0.8537963628768921,0.1438027620315551,0.0014319937909021
1416,0.0012103921035304,0.8050822019577026,0.1912238001823425,0.0024835634976625
1417,0.0021287435665726,0.8587963581085205,0.1380211412906646,0.0010538044152781
1418,0.0031720343977212,0.3136014938354492,0.5678589940071106,0.1153675466775894
1419,0.0011956930393353,0.9298059344291688,0.0684156045317649,0.00058273418108
1420,0.001105218543671,0.2386607676744461,0.546299934387207,0.2139341235160827
1421,0.0022772587835788,0.420616865158081,0.5073607563972473,0.0697451084852218
1422,0.000454981229268,0.917704939842224,0.0814509391784668,0.0003891660890076
1423,0.0009878786513581,0.7682034373283386,0.2270804941654205,0.0037282153498381
1424,0.0008772435830906,0.7975379824638367,0.1985229104757309,0.0030618810560554
1425,0.0003311585169285,0.064101442694664,0.3988525867462158,0.5367148518562317
1426,0.0009403299773111,0.203054741024971,0.5694810748100281,0.2265239208936691
1427,0.0008608065545558,0.3365896344184875,0.6190831065177917,0.0434664525091648
1428,0.0005285314982756,0.0861506164073944,0.351548284292221,0.5617725253105164
1429,0.0010589733719825,0.9331350326538086,0.065516360104084,0.0002895072102546
1430,0.002942110877484,0.3194584846496582,0.5266979932785034,0.1509014964103698
1431,0.0044314889237284,0.6275733709335327,0.3520367443561554,0.0159584041684865
1432,0.0010335515253245,0.2734519839286804,0.5880141258239746,0.1375002861022949
1433,0.0016831790562719,0.7228374481201172,0.2743581533432007,0.0011212390381842
1434,0.001264332444407,0.1818704009056091,0.4717359244823456,0.3451293408870697
1435,0.0024215851444751,0.3650547564029693,0.531151533126831,0.1013720482587814
1436,0.0031478365417569,0.2206803858280182,0.4745373725891113,0.3016343116760254
1437,0.0010644267313182,0.2816208004951477,0.5961911678314209,0.1211235895752906
1438,0.000523391412571,0.2468607127666473,0.703240692615509,0.0493752434849739
1439,0.0003241849481128,0.9663817286491394,0.033067762851715,0.0002263175701955
1440,0.0002353827003389,0.9895076155662536,0.010166342370212,9.074812260223553e-05
1441,0.0001955001935129,0.0614243373274803,0.4984763264656067,0.4399038255214691
1442,0.001013062777929,0.6040174961090088,0.3899829983711242,0.0049864691682159
1443,0.0011780702043324,0.3531887829303741,0.5823098421096802,0.0633232593536377
1444,0.000494233565405,0.9662068486213684,0.0330617800354957,0.0002371358859818
1445,0.001214450225234,0.5909855365753174,0.3998808264732361,0.0079192109405994
1446,0.001463852240704,0.7465379238128662,0.2500588893890381,0.0019392890390008
1447,0.0012162725906819,0.8747305274009705,0.1221397519111633,0.0019134653266519
1448,0.0014273409033194,0.5669029355049133,0.4212864935398102,0.0103831896558403
1449,0.00084714993136,0.6903836727142334,0.3063558936119079,0.0024133056867867
1450,0.0021272401791065,0.8448848128318787,0.1514795124530792,0.0015084389597177
1451,0.001049012527801,0.5104788541793823,0.4795505404472351,0.0089215906336903
1452,0.0002129645290551,0.923684298992157,0.0758206248283386,0.0002821321540977
1453,0.0101442979648709,0.7570366859436035,0.2273036241531372,0.0055153588764369
1454,0.0016185346757993,0.2808361351490021,0.5498504042625427,0.1676948964595794
1455,0.0011305005755275,0.6954336166381836,0.2991022765636444,0.0043336516246199
1456,0.0012414304073899,0.500828742980957,0.4778941571712494,0.020035671070218
1457,0.0011506330920383,0.8808940052986145,0.1173677667975425,0.0005876858485862
1458,0.0053852344863116,0.8641841411590576,0.1284494996070861,0.0019811170641332
1459,0.0011362296063452,0.1376329660415649,0.4306154251098633,0.4306154251098633
1460,0.0006165977101773,0.1736577749252319,0.5349035859107971,0.2908220291137695
1461,0.0016393724363297,0.4074582457542419,0.5569294095039368,0.0339729115366935
1462,0.0018097116844728,0.6752226948738098,0.3189526200294494,0.0040150205604732
1463,0.0012153720017522,0.3215571045875549,0.5643503069877625,0.1128771603107452
1464,0.0011321252677589,0.8942376971244812,0.1035155281424522,0.0011145733296871
1465,0.0008155312389135,0.5424438118934631,0.4427297413349151,0.0140108847990632
1466,0.0007545685512013,0.7077852487564087,0.2859711050987243,0.0054891076870262
1467,0.001227106899023,0.3349677324295044,0.5878867506980896,0.0759184136986732
1468,0.0020666634663939,0.8602175712585449,0.1361061930656433,0.0016095190076157
1469,0.0005451960605569,0.1177295818924903,0.4443067908287048,0.4374184608459472
1470,0.0014699533348903,0.2396023422479629,0.4916320741176605,0.2672957181930542
1471,0.0014851298183202,0.2238837927579879,0.528742790222168,0.2458882480859756
1472,0.001325344084762,0.6449496150016785,0.3452166616916656,0.0085083423182368
1473,0.0046063386835157,0.6224625110626221,0.3491698205471039,0.0237613040953874
1474,0.0002511441707611,0.04093649238348,0.1983725726604461,0.7604397535324097
1475,0.00090987078147,0.7186844348907471,0.2770775258541107,0.0033281692303717
1476,0.0003167460381519,0.9295681715011596,0.0694752186536789,0.0006398446275852
1477,0.0004633220960386,0.9641936421394348,0.0351207517087459,0.0002223043557023
1478,0.0005312538705766,0.6299306154251099,0.3645758628845215,0.0049622524529695
1479,0.0053623504936695,0.847170889377594,0.1449338495731353,0.0025329950731247
1480,0.0017976920353248,0.7965210676193237,0.198269784450531,0.0034114199224859
1481,0.0009802351705729,0.6029969453811646,0.3893240988254547,0.0066986917518079
1482,0.0006356944795697,0.9380824565887452,0.0609139911830425,0.000367911736248
1483,0.0020293511915951,0.7812077403068542,0.2135703116655349,0.0031926175579428
1484,0.0033354698680341,0.5878598093986511,0.3915990889072418,0.0172056630253791
1485,0.0008633511606603,0.2284212112426757,0.6209131479263306,0.1498022824525833
1486,0.0002885217545554,0.959478795528412,0.0396024212241172,0.0006301894900389
1487,0.0044091660529375,0.9671083688735962,0.0278667882084846,0.0006156574818305
1488,0.0042312736622989,0.3013064861297607,0.4740216732025146,0.2204405665397644
1489,0.0016227955929934,0.3240913152694702,0.5960952043533325,0.0781906694173812
1490,0.0018898778362199,0.9488608241081238,0.0487405881285667,0.000508653698489
1491,0.0012568287784233,0.5231360793113708,0.4616659581661224,0.0139411045238375
1492,0.0009118648595176,0.9248313903808594,0.0735791325569152,0.0006776403752155
1493,0.0007552587776444,0.5965602397918701,0.391233742237091,0.0114507498219609
1494,0.0005139601998962,0.6094247698783875,0.3813683092594147,0.0086929779499769
1495,0.0013932487927377,0.7682677507400513,0.2270995080471038,0.0032394006848335
1496,0.0019960370846092,0.9268472194671632,0.0703627318143844,0.0007939686765894
1497,0.0015506567433476,0.6556017994880676,0.3348486721515655,0.0079988958314061
1498,0.0016011155676096,0.3003881871700287,0.597393274307251,0.1006174385547638
1499,0.0013862822670489,0.1602324545383453,0.4028243124485016,0.435556948184967
1500,0.0016422950429841,0.3178945183753967,0.5756326913833618,0.1048304960131645
1501,0.0019695081282407,0.4252952933311462,0.5292885303497314,0.0434466488659381
1502,0.0017784548690542,0.1842640787363052,0.4854711890220642,0.3284862637519836
1503,0.000881228770595,0.1287582963705063,0.5092489123344421,0.3611115515232086
1504,0.0029803463257849,0.4423226714134216,0.4857964217662811,0.0689005851745605
1505,0.0047252406366169,0.3261291682720184,0.4972875714302063,0.1718579977750778
1506,0.000992638291791,0.1320573091506958,0.4131707549095154,0.4537793099880218
1507,0.0014555098023265,0.2029290348291397,0.5430662035942078,0.252549260854721
1508,0.0020297563169151,0.2309706807136535,0.52869713306427,0.2383024841547012
1509,0.0030421637929975,0.4175666570663452,0.4958726465702057,0.0835185796022415
1510,0.00121306697838,0.8588994145393372,0.138037696480751,0.0018497062847018
1511,0.0002917371457442,0.2304359674453735,0.7209703326225281,0.0483019985258579
1512,0.0012670187279582,0.4877444505691528,0.5032271146774292,0.0077614304609596
1513,0.0005757201579399,0.5659418702125549,0.4271953403949737,0.0062870467081665
1514,0.0043099410831928,0.7135834097862244,0.2751109004020691,0.0069957259111106
1515,0.0001652506471145,0.9796624779701232,0.0200170241296291,0.0001552386092953
1516,0.0004323423490859,0.1143870055675506,0.4667703807353973,0.4184102714061737
1517,0.0009285425767302,0.9271458387374878,0.071493811905384,0.0004318123683333
1518,0.0031480300240218,0.9291561841964722,0.0673078522086143,0.0003879134019371
1519,0.0015359055250883,0.6196284890174866,0.3699970543384552,0.0088385250419378
1520,0.0015129847452044,0.94537752866745,0.0525076761841774,0.0006018237327225
1521,0.0006946534267626,0.9046360850334167,0.0938697159290313,0.0007995411870069
1522,0.0012129283277317,0.886062502861023,0.1109037324786186,0.0018208209658041
1523,0.0022546157706528,0.4502732157707214,0.4945283830165863,0.0529437251389026
1524,0.0021985538769513,0.8332217335700989,0.161527395248413,0.0030523897148668
1525,0.0018398248357698,0.4867717623710632,0.4867717623710632,0.0246165841817855
1526,0.0016590465093031,0.3112567067146301,0.5906614661216736,0.096422828733921
1527,0.0014090680051594,0.9372298121452332,0.0608586259186267,0.000502418668475
1528,0.000177660913323,0.9740830063819884,0.0255559831857681,0.0001833004789659
1529,0.0009079981246031,0.7754837870597839,0.2221798300743103,0.0014284815406426
1530,0.0007676412351429,0.5186308026313782,0.4722186923027038,0.0083828857168555
1531,0.0113304564729332,0.7462005019187927,0.2348024100065231,0.0076665710657835
1532,0.0022918304894119,0.3794511258602142,0.5435386300086975,0.0747183561325073
1533,0.0001275819086004,0.0186412781476974,0.1106783524155616,0.8705527782440186
1534,0.0020297192968428,0.282986044883728,0.5204910039901733,0.1944932788610458
1535,0.0050436002202332,0.6503399014472961,0.3373918831348419,0.0072246240451931
1536,0.0031900173053145,0.8984322547912598,0.0961852744221687,0.0021924646571278
1537,0.0015208697877824,0.3721445798873901,0.5674527287483215,0.05888182669878
1538,0.0010497341863811,0.8036484718322754,0.1938892304897308,0.0014125716406852
1539,0.0007929014391265,0.6070241928100586,0.3858480453491211,0.0063348659314215
1540,0.0005155173130333,0.0908573344349861,0.4472154974937439,0.4614116549491882
1541,0.0004154682392254,0.7750293016433716,0.2220496237277984,0.002505593933165
1542,0.0004681428545154,0.8464221358299255,0.1517551392316818,0.0013546163681894
1543,0.0102368993684649,0.9809276461601256,0.0087560834363102,7.939052011352032e-05
1544,0.0024186389055103,0.7963827252388,0.1982353329658508,0.0029633780941367
1545,0.000253649050137,0.0468497835099697,0.2200426459312439,0.7328539490699768
1546,0.0021066716872155,0.7738355398178101,0.221707597374916,0.0023501624818891
1547,0.0006180318305268,0.097639761865139,0.3571513891220093,0.5445908308029175
1548,0.0020132386125624,0.7996063828468323,0.1959519684314727,0.0024284292012453
1549,0.0013624962884932,0.8513458967208862,0.14564810693264,0.0016434842254966
1550,0.0017762496136128,0.4484306871891022,0.500260591506958,0.0495325066149234
1551,0.0011154131498187,0.8673779368400574,0.1309544742107391,0.0005521694547496
1552,0.0005411813035607,0.6317533850669861,0.3656308352947235,0.0020745599176734
1553,0.0010237989481538,0.6200314164161682,0.370237648487091,0.0087071554735302
1554,0.0007539642392657,0.1529467403888702,0.5174121260643005,0.3288871645927429
1555,0.0003857374249491,0.0638653263449668,0.2907319366931915,0.6450169682502747
1556,0.0044346242211759,0.3691923916339874,0.5046262145042419,0.1217467412352562
1557,0.0038910014554858,0.3239345550537109,0.478744238615036,0.1934301555156707
1558,0.0015575763536617,0.1276613622903823,0.3416394889354706,0.5291416049003601
1559,0.0011851273011416,0.5767161846160889,0.4089529812335968,0.0131457736715674
1560,0.0007174420752562,0.5323556661605835,0.4553479552268982,0.0115789268165826
1561,0.0002682340273167,0.0351317264139652,0.165005624294281,0.7995944023132324
1562,0.0038673030212521,0.6015035510063171,0.3823389112949371,0.0122902635484933
1563,0.0033845992293208,0.6154541373252869,0.3732918202877044,0.0078694280236959
1564,0.0193555373698472,0.8359789848327637,0.1364698261022567,0.0081956498324871
1565,0.0024995284620672,0.96220463514328,0.0350483022630214,0.0002474868670105
1566,0.0010923709487542,0.9329490065574646,0.0655032992362976,0.0004553679900709
1567,0.0015819026157259,0.5810741782188416,0.4056551158428192,0.0116887670010328
1568,0.0039850696921348,0.713408887386322,0.27504363656044,0.0075623337179422
1569,0.0016597638605162,0.2541501820087433,0.5054380297660828,0.2387520223855972
1570,0.0023133938666433,0.4014028906822204,0.5317724347114563,0.0645113140344619
1571,0.0002666231011971,0.9587024450302124,0.0408264771103858,0.000204427022254
1572,0.0011241984320804,0.9452461004257202,0.0533271357417106,0.0003025739279109
1573,0.000217484703171,0.033302191644907,0.1469361782073974,0.8195441365242004
1574,0.0115217017009854,0.8333738446235657,0.154158666729927,0.0009457588894292
1575,0.0024560701567679,0.5060763359069824,0.4536438584327698,0.0378237590193748
1576,0.0035584613215178,0.5800291299819946,0.4049255847930908,0.011486854404211
1577,0.0006845887983217,0.5579046607017517,0.4344966113567352,0.0069141024723649
1578,0.0014258760493248,0.327761560678482,0.5575412511825562,0.1132713705301284
1579,0.0010908509138971,0.506529688835144,0.4758406281471252,0.0165387801826
1580,0.0007025671657174,0.2207400202751159,0.6487910151481628,0.12976635992527
1581,0.0007149061420932,0.9605643153190612,0.0384274087846279,0.0002933968789875
1582,0.0010051688877865,0.1613023728132248,0.438465267419815,0.3992271721363067
1583,0.0018296843627467,0.5153098702430725,0.4619207978248596,0.020939627662301
1584,0.0014325919328257,0.7081177234649658,0.2861054241657257,0.004344280809164
1585,0.0007359478622674,0.7581673264503479,0.2385679185390472,0.0025288863107562
1586,0.0010330149671062,0.7908486723899841,0.2063052207231521,0.001812997739762
1587,0.0022052330896258,0.8896544575691223,0.1062540784478187,0.0018862357828766
1588,0.0226145423948764,0.8224955797195435,0.1521463990211486,0.0027434551157057
1589,0.0008022402762435,0.7525013089179993,0.2443014085292816,0.0023950468748807
1590,0.001647210563533,0.2296561747789383,0.5595922470092773,0.2091043442487716
1591,0.0015483242459595,0.9088436961174012,0.0885925740003585,0.0010154156479984
1592,0.0009295581257902,0.1915366351604461,0.5288496017456055,0.2786841690540313
1593,0.0001412855781381,0.0277789365500211,0.1728463470935821,0.7992333769798279
1594,0.001648329780437,0.3291907906532287,0.5777478814125061,0.0914129987359047
1595,0.0010423208586871,0.2672874927520752,0.5930032134056091,0.1386669278144836
1596,0.0031823543831706,0.5106815695762634,0.4577720165252685,0.0283640157431364
1597,0.0005463032866828,0.831760048866272,0.1663624793291092,0.0013311511138454
1598,0.0006381960120052,0.0992622375488281,0.3464592397212982,0.5536403059959412
1599,0.0006043079774826,0.0597445927560329,0.2118129581212997,0.7278380990028381
1600,0.0011659408919513,0.2852962911128998,0.5946085453033447,0.1189291924238205
1601,0.0013338964199647,0.227859541773796,0.5728387832641602,0.1979678124189376
1602,0.0021593919955193,0.2457222193479538,0.5283857583999634,0.2237326204776764
1603,0.0038732695393264,0.8495646119117737,0.1453433781862259,0.0012187784304842
1604,0.0068041328340768,0.877349317073822,0.1150831803679466,0.0007634025532752
1605,0.0014639412984251,0.2969703376293182,0.5905960202217102,0.1109697073698043
1606,0.0012732764007523,0.3421822190284729,0.5912378430366516,0.0653066188097
1607,0.0018686172552406,0.8024734258651733,0.1936057358980178,0.0020522745326161
1608,0.0011504307622089,0.8670845031738281,0.1309101730585098,0.0008549275808036
1609,0.0005385397234931,0.4253792464733124,0.5547990798950195,0.0192831400781869
1610,0.0007895258022472,0.7177901268005371,0.2767327427864074,0.0046876305714249
1611,0.0014519742690026,0.2403987795114517,0.576686680316925,0.1814625114202499
1612,0.003456603270024,0.33122119307518,0.5376250743865967,0.12769715487957
1613,0.0002994827227666,0.0424118004739284,0.205521672964096,0.751767098903656
1614,0.0013686226448044,0.3195551633834839,0.5970076322555542,0.0820685550570488
1615,0.0002678915334399,0.0385353863239288,0.1500475108623504,0.8111491799354553
1616,0.0026388599071651,0.2910432517528534,0.5270112752914429,0.1793065667152404
1617,0.0007591038011014,0.3062443733215332,0.5995973348617554,0.0933992490172386
1618,0.0013132903259247,0.5216050148010254,0.4603147804737091,0.0167669653892517
1619,0.0001269379572477,0.0234458409249782,0.162746399641037,0.8136807680130005
1620,0.0015605792868882,0.5301617383956909,0.4534713923931122,0.0148063646629452
1621,0.0015457539120689,0.6638205051422119,0.3286149799823761,0.0060187927447259
1622,0.0008900772081688,0.681419312953949,0.3119765222072601,0.0057140495628118
1623,0.0065939589403569,0.9634580016136168,0.0295520722866058,0.0003959979803767
1624,0.0059866625815629,0.9311395287513732,0.0623824559152126,0.0004914152086712
1625,0.0028015889693051,0.4426090121269226,0.5338883399963379,0.0207010973244905
1626,0.0031618338543921,0.7268006205558777,0.2673750519752502,0.0026625311002135
1627,0.0036417464725673,0.5077369213104248,0.4551324248313904,0.0334888808429241
1628,0.0038483920507133,0.4448136389255523,0.4809582233428955,0.0703797340393066
1629,0.0028653973713517,0.3812029659748077,0.5210427045822144,0.0948889255523681
1630,0.0011211275123059,0.7814958691596985,0.2136490792036056,0.0037339248228818
1631,0.0011924606515094,0.7221760153770447,0.2741070985794067,0.0025244392454624
1632,0.0025313773658126,0.3937194347381592,0.5552334189414978,0.0485157519578933
1633,0.0019748690538108,0.311999648809433,0.5475764870643616,0.1384490132331848
1634,0.0012548081576824,0.159290999174118,0.4262847900390625,0.4131693840026855
1635,0.0012879660353064,0.8977926969528198,0.0976304337382316,0.0032889363355934
1636,0.0015128081431612,0.860675573348999,0.1340674012899398,0.0037442361935973
1637,0.0001376570144202,0.0214105751365423,0.1232093498110771,0.8552423715591431
1638,0.0005193010438233,0.606211245059967,0.3913993835449219,0.0018700750079005
1639,0.0010181658435612,0.2867549061775207,0.6462121605873108,0.0660147294402122
1640,0.0005398507928475,0.7253559231758118,0.2710457444190979,0.0030584631022065
1641,0.0042921556159853,0.8308207988739014,0.1635982990264892,0.001288738916628
1642,0.0003887130878865,0.1147305369377136,0.490640252828598,0.394240528345108
1643,0.0008082008571363,0.6795496940612793,0.3160199820995331,0.0036221048794686
1644,0.0008869878365658,0.9576199650764464,0.0407803766429424,0.0007127147982828
1645,0.0007828620146028,0.8720320463180542,0.1256281286478042,0.0015569069655612
1646,0.0007438438478857,0.1462512165307998,0.4795393049716949,0.3734655976295471
1647,0.0008832020103,0.2606813311576843,0.5967054963111877,0.1417299956083297
1648,0.0026377160102128,0.6764025688171387,0.3096796870231628,0.0112800803035497
1649,0.0008407619898207,0.6640970706939697,0.3287518918514251,0.0063102692365646
1650,0.004596322774887,0.2509507238864898,0.4688376486301422,0.2756154239177704
1651,0.0006120311445556,0.7257117629051208,0.2711786925792694,0.0024974690750241
1652,0.000454449589597,0.8746569156646729,0.1240527331829071,0.0008358607883565
1653,0.0004510335857048,0.9240686893463136,0.0746762081980705,0.0008040542597882
1654,0.0007343198521994,0.8707146644592285,0.1274137049913406,0.0011373368324711
1655,0.0011393097229301,0.8999125957489014,0.0978609547019004,0.0010871370323002
1656,0.0013242713175714,0.0648117810487747,0.2370716482400894,0.6967923045158386
1657,0.0003018089046236,0.0491948425769805,0.2498320490121841,0.7006712555885315
1658,0.0011458374792709,0.3489350080490112,0.5843561887741089,0.0655629485845565
1659,0.001451275544241,0.5086793899536133,0.4704515039920807,0.0194178521633148
1660,0.0029617631807923,0.3532000780105591,0.5139030814170837,0.1299350410699844
1661,0.0038899267092347,0.244451105594635,0.442643791437149,0.309015154838562
1662,0.0007766372873447,0.0744195133447647,0.2187311053276062,0.7060726881027222
1663,0.0009546804940328,0.9239162802696228,0.0746638849377632,0.0004652741190511
1664,0.002351977629587,0.2985706329345703,0.5665874481201172,0.1324899196624755
1665,0.0027034315280616,0.4475986361503601,0.5151828527450562,0.0345150977373123
1666,0.0011971110943704,0.3588972985744476,0.5735162496566772,0.0663893222808837
1667,0.0023609350901097,0.4293115139007568,0.5178484916687012,0.0504790171980857
1668,0.0013081936631351,0.8701341152191162,0.1273287534713745,0.0012289342703297
1669,0.001980131259188,0.4080085456371307,0.5321434140205383,0.0578679144382476
1670,0.0005781863001175,0.2857924699783325,0.6749514937400818,0.038677804172039
1671,0.000636484415736,0.2864544689655304,0.5877664089202881,0.1251426786184311
1672,0.0055763279087841,0.8948494791984558,0.0988427773118019,0.0007314550457522
1673,0.001535007264465,0.2463270276784896,0.5133896470069885,0.2387483716011047
1674,0.0021522373426705,0.9099438786506652,0.087324671447277,0.000579266808927
1675,0.0005895831272937,0.985880732536316,0.0134188504889607,0.0001107793868868
1676,0.0014184359461069,0.4670469760894775,0.4971689283847809,0.0343655608594417
1677,0.0013895551674067,0.4575374126434326,0.5104199051856995,0.0306530967354774
1678,0.0013026036322116,0.6540049910545349,0.3392933011054992,0.0053991414606571
1679,0.0004419216420501,0.6420250535011292,0.3545598685741424,0.0029731660615652
1680,0.0048994049429893,0.8770935535430908,0.1168614104390144,0.0011456689098849
1681,0.0006241799565032,0.4930242896080017,0.5007882714271545,0.0055632553994655
1682,0.0032719203736633,0.6138508915901184,0.3608643114566803,0.0220128670334815
1683,0.001732324832119,0.7796455025672913,0.2164997309446334,0.0021224885713309
1684,0.0006119866739027,0.1013246923685073,0.4070578217506408,0.4910054504871368
1685,0.0066183255985379,0.8668296933174133,0.1248786598443985,0.0016733749071136
1686,0.0025308821350336,0.8870869278907776,0.1093105524778366,0.0010716430842876
1687,0.0049759312532842,0.9048213958740234,0.0895894467830658,0.0006131550180725
1688,0.0003585441445466,0.0762236267328262,0.4185500741004944,0.5048677325248718
1689,0.0003442019515205,0.0954376682639122,0.4697606563568115,0.4344575703144073
1690,0.004344813991338,0.3731975555419922,0.542999267578125,0.0794583410024643
1691,0.0070268455892801,0.5850006341934204,0.3958312273025512,0.0121413003653287
1692,0.0009442103328183,0.4384381473064422,0.5288573503494263,0.031760349869728
1693,0.0014078840613365,0.5171526074409485,0.4708727896213531,0.0105667570605874
1694,0.0011335059534758,0.4718047976493835,0.5101426243782043,0.0169190540909767
1695,0.0013893834548071,0.9534720778465272,0.0445944853127002,0.0005440903478302
1696,0.0008657425642013,0.9643529057502748,0.0345819666981697,0.0001993052574107
1697,0.001168574206531,0.9825580716133118,0.0161316692829132,0.0001417641324223
1698,0.0017851860029622,0.4873085916042328,0.4797535836696625,0.0311525948345661
1699,0.0040778373368084,0.4427771866321563,0.486295610666275,0.0668493583798408
1700,0.001238596974872,0.3030746877193451,0.5841917395591736,0.1114949509501457
1701,0.0009874682873487,0.7799767851829529,0.2165917158126831,0.0024440076667815
1702,0.0009059008443728,0.232304647564888,0.6120412349700928,0.1547482460737228
1703,0.0015086334897205,0.2239010632038116,0.554160475730896,0.2204298079013824
1704,0.0010959240607917,0.5677027106285095,0.4218808114528656,0.009320561774075
1705,0.001873794128187,0.2269750982522964,0.4657226800918579,0.3054283857345581
1706,0.0013383050682023,0.6023139953613281,0.3888831734657287,0.0074644666165113
1707,0.000278342195088,0.1071490719914436,0.5357116460800171,0.3568609058856964
1708,0.0001845423976192,0.9357739686965942,0.0636802166700363,0.0003613164881244
1709,0.0005754337762482,0.9473029375076294,0.051798902451992,0.0003227890993002
1710,0.003936921712011,0.823982298374176,0.1700383573770523,0.0020424481481313
1711,0.0014873940963298,0.1773766875267028,0.48975270986557,0.3313832879066467
1712,0.0003859406569972,0.0513442680239677,0.1937712430953979,0.7544984817504883
1713,0.0028147266712039,0.9865759015083312,0.0104579795151948,0.0001515242183813
1714,0.0004224211734253,0.3496727049350738,0.623358964920044,0.0265458282083272
1715,0.0004596034996211,0.9416266083717346,0.0574395917356014,0.0004741928714793
1716,0.0038238058332353,0.9356544613838196,0.0598143860697746,0.0007073329761624
1717,0.0004564444825518,0.3549446165561676,0.6229472160339355,0.0216517634689807
1718,0.0014037839137017,0.3127554059028625,0.5843039751052856,0.1015367954969406
1719,0.002077329205349,0.6425586342811584,0.3493530750274658,0.0060109510086476
1720,0.0064161820337176,0.7532884478569031,0.2333578765392303,0.0069375466555356
1721,0.0010293389204889,0.8520683646202087,0.145771712064743,0.0011305076768621
1722,0.0001644782460061,0.0272321421653032,0.1642308533191681,0.8083725571632385
1723,0.0018248760607093,0.2666367292404175,0.5302704572677612,0.2012679576873779
1724,0.0022779237478971,0.2592102289199829,0.5236190557479858,0.2148928195238113
1725,0.0023142315912991,0.3078776895999908,0.5488513708114624,0.1409566849470138
1726,0.0016201836988329,0.5951358079910278,0.3902995884418487,0.0129444170743227
1727,0.0007685941527597,0.7438265085220337,0.2530742287635803,0.0023307329975068
1728,0.0010431730188429,0.2759975790977478,0.5752283334732056,0.1477308571338653
1729,0.0019828171934932,0.2721609771251678,0.5328652858734131,0.192991018295288
1730,0.0011177796404808,0.561209499835968,0.4236231446266174,0.0140496054664254
1731,0.0022221384570002,0.8162494897842407,0.1793062090873718,0.0022221384570002
1732,0.0005010758759453,0.101646602153778,0.3896512687206268,0.5082010626792908
1733,0.002666933927685,0.3603873550891876,0.5162310600280762,0.1207146495580673
1734,0.0012612392893061,0.2257876098155975,0.5249719023704529,0.2479791790246963
1735,0.0006763997953385,0.1707633882761001,0.5599116683006287,0.2686485350131988
1736,0.0008197880815714,0.8058645129203796,0.1914096027612686,0.0019060644553974
1737,0.0016053295694291,0.4965599179267883,0.4738208055496216,0.0280139949172735
1738,0.0019794676918536,0.2674888670444488,0.5155982971191406,0.2149333506822586
1739,0.0020510768517851,0.568706750869751,0.4160747528076172,0.0131673458963632
1740,0.0016328131314367,0.2072766572237014,0.4598633348941803,0.3312271535396576
1741,0.0025151274167001,0.2730960249900818,0.5182451605796814,0.2061436921358108
1742,0.0011714730644598,0.3567416965961456,0.5612334609031677,0.0808533504605293
1743,0.5436245799064636,0.3509904146194458,0.0915613174438476,0.0138236926868557
1744,0.0026297029107809,0.4492124021053314,0.4781841039657593,0.0699737966060638
1745,0.0028853281401097,0.3440849483013153,0.5413216352462769,0.1117080226540565
1746,0.0009556366130709,0.1087440997362136,0.3795542120933532,0.5107460021972656
1747,0.0017246287316083,0.2640826106071472,0.5011407136917114,0.2330520749092102
1748,0.002571454970166,0.9013079404830932,0.094997152686119,0.0011233856203034
1749,0.0027364699635654,0.9152238965034484,0.0812307298183441,0.0008088989998213
1750,0.000243313043029,0.8748859763145447,0.1240852177143096,0.0007854241412132
1751,0.0001830339460866,0.9427408576011658,0.0566159896552562,0.0004601473629008
1752,0.0012877698754891,0.8173251152038574,0.1795424968004226,0.0018446452450007
1753,0.0011068953899666,0.2044470906257629,0.573386013507843,0.2210599929094314
1754,0.0045685130171477,0.3356478810310364,0.5621044635772705,0.0976791009306907
1755,0.008709049783647,0.5472948551177979,0.4131198227405548,0.0308762639760971
1756,0.0015916801057755,0.3129489421844482,0.5666773319244385,0.1187820211052894
1757,0.0021853747311979,0.754109263420105,0.2410278022289276,0.0026775770820677
1758,0.0002080897102132,0.0260063037276268,0.1520126909017563,0.8217728734016418
1759,0.0016222551930695,0.4640847742557525,0.5096973776817322,0.0245955903083086
1760,8.329336560564116e-05,0.0151460329070687,0.1578252762556076,0.8269453644752502
1761,0.0010009891120716,0.6657995581626892,0.3295946717262268,0.0036047005560249
1762,0.001211411668919,0.3306833505630493,0.5987902283668518,0.0693150013685226
1763,0.0011516158701851,0.9835476279258728,0.0151695646345615,0.000131242457428
1764,0.0007591509493067,0.8724631071090698,0.1256902366876602,0.0010874335421249
1765,0.000412299967138,0.7812309265136719,0.2169400006532669,0.0014167574699968
1766,0.0037288097664713,0.721775472164154,0.2697077989578247,0.0047878865152597
1767,0.089362733066082,0.7482250332832336,0.1593062877655029,0.0031059782486408
1768,0.0017094546929001,0.4594014286994934,0.5045537948608398,0.0343353152275085
1769,0.0009126392542384,0.8560556173324585,0.1419479250907898,0.0010837857844308
1770,0.0014331107959151,0.3294245898723602,0.5516823530197144,0.1174599528312683
1771,0.0061568971723318,0.928154230117798,0.0641563460230827,0.0015325729036703
1772,0.0089547075331211,0.913404941558838,0.0773568600416183,0.00028338591801
1773,0.0020655205007642,0.4747945964336395,0.4975804388523102,0.0255594532936811
1774,0.0011755652958527,0.8999814391136169,0.0978684425354003,0.0009745779098011
1775,0.000351688999217,0.9545518159866332,0.0446449853479862,0.0004515775945037
1776,0.0009320524404756,0.6199468970298767,0.3760167956352234,0.0031042087357491
1777,0.0004656939418055,0.4649934470653534,0.5269066095352173,0.0076342774555087
1778,0.0006535408901982,0.492576539516449,0.492576539516449,0.0141933690756559
1779,0.0014886644203215,0.7358338832855225,0.2583020031452179,0.0043754279613494
1780,0.0032512943726032,0.7955654859542847,0.1980319172143936,0.0031512624118477
1781,0.0029311494436115,0.9209397435188292,0.0755953341722488,0.0005338019691407
1782,0.0020158996339887,0.2640307545661926,0.525087833404541,0.2088655084371566
1783,0.002736470894888,0.2705397605895996,0.546505331993103,0.1802183538675308
1784,0.0008196774870157,0.8577224612236023,0.140019342303276,0.001438578707166
1785,0.0005767148686572,0.8918899893760681,0.1065210700035095,0.0010121662635356
1786,0.0013274080120027,0.3248060345649719,0.5700523853302002,0.1038142517209053
1787,0.0028920213226228,0.3908037841320038,0.5177308917045593,0.0885733142495155
1788,0.0008646151982247,0.9047459363937378,0.0938811153173446,0.0005082810530439
1789,0.001110546872951,0.3435139060020447,0.6123797297477722,0.0429958030581474
1790,0.000673109665513,0.4339385628700256,0.5571881532669067,0.0082001546397805
1791,0.0001795750140445,0.0860314294695854,0.578803300857544,0.3349856734275818
1792,0.0002401333913439,0.0403842292726039,0.2435480803251266,0.7158275842666626
1793,0.0014796203467994,0.5607557892799377,0.4232806861400604,0.0144838700070977
1794,0.0016029917169362,0.3516008853912353,0.5796918869018555,0.0671042054891586
1795,0.0016610804013907,0.8083282709121704,0.1860877424478531,0.0039229476824402
1796,0.0007471835706382,0.2205348163843155,0.581031858921051,0.1976861357688903
1797,0.0018623780924826,0.9205573201179504,0.076753906905651,0.0008264253265224
1798,0.0013729411875829,0.5368428230285645,0.4450583755970001,0.0167258512228727
1799,0.0007329702493734,0.9397367238998412,0.0591439791023731,0.000386248138966
1800,0.0017293182900175,0.9387997984886168,0.0590850114822387,0.0003858630370814
1801,0.0004743679019156,0.1216444969177246,0.5367206931114197,0.3411604166030884
1802,0.0007910346612334,0.6548043489456177,0.339708000421524,0.0046965884976089
1803,0.0015987553633749,0.8412176370620728,0.1556096225976944,0.0015739689115434
1804,0.0004524599644355,0.0932299494743347,0.4178276360034942,0.4884899854660034
1805,0.0007420782931149,0.1228635609149932,0.3904595971107483,0.4859347939491272
1806,0.001733066397719,0.4444188177585602,0.519578218460083,0.0342698991298675
1807,0.0019435797585174,0.916701078414917,0.0801004469394683,0.0012548693921416
1808,0.0017824232345446,0.3092727959156036,0.5600207448005676,0.128924086689949
1809,0.0027200579643249,0.7425039410591125,0.2526242434978485,0.002151743043214
1810,0.0037001550663262,0.515880286693573,0.4412558376789093,0.0391636826097965
1811,0.0002845398557838,0.6815489530563354,0.316949725151062,0.0012168226530775
1812,0.0038671812508255,0.4909173548221588,0.4833063781261444,0.0219090711325407
1813,0.0028516424354165,0.6157832741737366,0.3734914362430572,0.0078736366704106
1814,0.0036589202936738,0.6057959198951721,0.3790974020957947,0.0114477491006255
1815,0.0013232867931947,0.5174271464347839,0.4638186991214752,0.0174308866262435
1816,0.0010980748338624,0.8538951873779297,0.1438194066286087,0.0011873019393533
1817,0.0010063691297546,0.9739392399787904,0.0247660558670759,0.0002883296110667
1818,0.0007120727095752,0.1537648737430572,0.5537285804748535,0.29179447889328
1819,0.0041640643030405,0.7113158702850342,0.278555303812027,0.0059647471643984
1820,0.0014144132146611,0.6365670561790466,0.3570817410945892,0.0049367872998118
1821,0.0020478868391364,0.3444015979766845,0.5678222179412842,0.0857283324003219
1822,0.0006339310784824,0.1457197219133377,0.5499404072761536,0.3037059307098388
1823,0.0013958213385194,0.3635740578174591,0.58098965883255,0.0540404543280601
1824,0.0007800491875968,0.3737087249755859,0.5879263877868652,0.0375848747789859
1825,0.0005445969873107,0.8965381383895874,0.1021728292107582,0.0007443758659064
1826,0.0006727537838742,0.8761165142059326,0.1223332732915878,0.0008774363668635
1827,0.0030905767343938,0.2133070826530456,0.4732424020767212,0.3103599548339844
1828,0.0005932475905865,0.9465810656547546,0.052574522793293,0.0002511968486942
1829,0.0035818670876324,0.5072526335716248,0.4618587791919708,0.0273067560046911
1830,0.0013138297945261,0.2623872458934784,0.564221203327179,0.1720777451992035
1831,0.002023306209594,0.7203468680381775,0.2734128534793854,0.0042169322259724
1832,0.0024173140991479,0.5302147269248962,0.4464855790138244,0.0208824072033166
1833,0.0029498469084501,0.6572097539901733,0.3304658234119415,0.0093745933845639
1834,0.0023104259744286,0.8225685954093933,0.1724197417497635,0.002701161429286
1835,0.0005846474668942,0.8232449293136597,0.1752789467573166,0.000891481002327
1836,0.0009330230532214,0.8751755952835083,0.1222018972039222,0.0016894863219931
1837,0.0015989518724381,0.2410425096750259,0.5782309770584106,0.1791275888681411
1838,0.0082335006445646,0.8140007257461548,0.1760400086641311,0.0017258354928344
1839,0.0009912587702274,0.701850414276123,0.2925747632980346,0.0045835338532924
1840,0.0027282091323286,0.3924445509910583,0.5621508955955505,0.0426763705909252
1841,0.0021969878580421,0.6902730464935303,0.3015579581260681,0.005972031969577
1842,0.0043758461251854,0.5913156270980835,0.3877942562103271,0.0165142714977264
1843,0.0018495513359084,0.5209051966667175,0.4596971869468689,0.0175480525940656
1844,0.0001557158830109,0.9674394130706788,0.0320854559540748,0.0003195082244928
1845,0.1832158416509628,0.5643445253372192,0.2389585226774215,0.0134811168536543
1846,0.0009768729796633,0.7961012721061707,0.2012859135866165,0.0016359543660655
1847,0.0024354511406272,0.5598293542861938,0.4225813448429107,0.0151538858190178
1848,0.0019826928619295,0.9206508994102478,0.076761707663536,0.0006046871421858
1849,0.002553112572059,0.2334430664777755,0.4642569720745086,0.2997468411922455
1850,0.0011823466047644,0.1500924229621887,0.434306800365448,0.4144184589385986
1851,0.0006608585827052,0.9600972533226012,0.03901357203722,0.0002283866051584
1852,0.0046762586571276,0.8773213624954224,0.1168917566537857,0.0011107086902484
1853,0.0003880430886056,0.0739479288458824,0.3065056502819061,0.6191584467887878
1854,0.000290829950245,0.0504626557230949,0.2191997766494751,0.7300467491149902
1855,0.0012899902649223,0.6476721167564392,0.3466739356517792,0.0043639806099236
1856,0.000944722618442,0.292221188545227,0.5811512470245361,0.1256827712059021
1857,0.0011006081476807,0.8558651208877563,0.14191634953022,0.0011179401772096
1858,0.0004639661638066,0.7758283615112305,0.2222785651683807,0.0014291163533926
1859,0.0011072508059442,0.7718229293823242,0.2246132791042328,0.0024565435014665
1860,0.0003746616130229,0.1038832813501358,0.5443094968795776,0.3514326214790344
1861,0.0009787031449377,0.4137856364250183,0.5655779242515564,0.0196577776223421
1862,0.0002376803749939,0.0537877902388572,0.3399493098258972,0.606025218963623
1863,0.0033488858025521,0.4455246925354004,0.4817270636558532,0.0693993642926216
1864,0.0031558813061565,0.6709151864051819,0.3120045363903045,0.0139243993908166
1865,0.0039200796745717,0.2663635015487671,0.4674825072288513,0.2622339129447937
1866,0.0026750364340841,0.8946772217750549,0.1019607484340667,0.0006870062206871
1867,0.0013621960533782,0.6035615801811218,0.3896886706352234,0.0053875893354415
1868,0.0011246129870414,0.6398213505744934,0.3533428907394409,0.0057112560607492
1869,0.0019955008756369,0.340876430273056,0.5447189807891846,0.1124091073870658
1870,0.0017015219200402,0.9237099289894104,0.0734899118542671,0.001098585082218
1871,0.0057010673917829,0.7466925382614136,0.2424155622720718,0.005190881434828
1872,0.0014573455555364,0.2865367531776428,0.5610116720199585,0.1509942561388015
1873,0.0003766163426917,0.9307323694229126,0.0684837698936462,0.0004072193696629
1874,0.0014915507053956,0.5565134286880493,0.4266936480998993,0.0153013532981276
1875,0.0015949063235893,0.2294224202632904,0.5170114040374756,0.2519712448120117
1876,0.0011284933425486,0.8913689255714417,0.106458842754364,0.0010436857119202
1877,0.0004470700514502,0.0935700163245201,0.4001482129096985,0.505834698677063
1878,0.0007081533549353,0.1209685355424881,0.4288707077503204,0.4494526088237762
1879,0.0035935589112341,0.9360257983207704,0.0598381236195564,0.0005425462732091
1880,0.0085262404754757,0.3625449538230896,0.4655169546604156,0.1634118258953094
1881,0.0152793601155281,0.7715318202972412,0.207654982805252,0.0055338172242045
1882,0.0016079825581982,0.9738237261772156,0.0243792012333869,0.0001890687126433
1883,0.0013332808157429,0.2041576951742172,0.4974612891674042,0.2970477044582367
1884,0.0011222915491089,0.5130496621131897,0.4744933545589447,0.0113347424194216
1885,0.0034606463741511,0.873672366142273,0.1219919994473457,0.0008749885018914
1886,0.0003229365393053,0.0828122124075889,0.359719842672348,0.5571449995040894
1887,0.0010108782444149,0.3328508138656616,0.5661983489990234,0.0999399423599243
1888,0.0006967615918256,0.8933138251304626,0.1050370261073112,0.0009523601620458
1889,0.0007599956006743,0.8871884346008301,0.1110446602106094,0.0010068306000903
1890,0.0021215213928371,0.816689133644104,0.1794027984142303,0.0017865003319457
1891,0.0005847811116836,0.5659367442131042,0.4271914958953857,0.0062869898974895
1892,0.0023449161089956,0.2246962934732437,0.5143349170684814,0.2586238384246826
1893,0.003623129799962,0.5051413178443909,0.4599364399909973,0.031299065798521
1894,0.0015207879478111,0.8518015146255493,0.1457260549068451,0.0009516847203485
1895,0.0008924113353714,0.9485379457473756,0.0502706691622734,0.0002989203494507
1896,0.006493548862636,0.9487868547439576,0.0443753562867641,0.0003441454900894
1897,0.0004763781907968,0.1341665089130401,0.4831521809101105,0.3822048604488373
1898,0.0001500948710599,0.9926591515541076,0.0071198544465005,7.08998049958609e-05
1899,0.0016144389519467,0.6118502020835876,0.3769499659538269,0.0095853647217154
1900,0.0012043160386383,0.907698094844818,0.0898742824792862,0.0012232813751325
1901,0.0006878682761453,0.9685906171798706,0.0301773641258478,0.0005441486136987
1902,0.0026633713860064,0.3030711710453033,0.5075487494468689,0.1867167651653289
1903,0.0019120522774755,0.1542851030826568,0.3759391009807586,0.4678637385368347
1904,0.0012098571751266,0.3302590250968933,0.6074392795562744,0.0610917769372463
1905,0.0007438013562932,0.1069935709238052,0.3975293338298797,0.4947332441806793
1906,0.0017691617831587,0.4680760502815246,0.5061109066009521,0.0240438878536224
1907,0.0010208484018221,0.4249128401279449,0.5455988645553589,0.0284673869609832
1908,0.0013112346641719,0.3310333788394928,0.618451714515686,0.0492037162184715
1909,0.0035668194759637,0.296945720911026,0.5547676086425781,0.1447197943925857
1910,0.0048611159436404,0.2612931430339813,0.4805916547775268,0.2532540261745453
1911,0.0008660422754473,0.208628162741661,0.5851120948791504,0.2053936868906021
1912,0.0005021878168918,0.7410690784454346,0.2561066448688507,0.0023220928851515
1913,0.0009303883416578,0.8198298215866089,0.1773006469011306,0.0019390957895666
1914,0.0085642831400036,0.3816391229629516,0.4603446424007416,0.1494520157575607
1915,0.0001199421094497,0.0147575354203581,0.0862611159682273,0.8988614082336426
1916,5.7743865909287706e-05,0.0089812306687235,0.0604240335524082,0.9305370450019836
1917,0.0002168395440094,0.0406816639006137,0.2033955156803131,0.7557060122489929
1918,0.003862332785502,0.5219236612319946,0.4326899349689483,0.0415239930152893
1919,0.0039732903242111,0.3521191477775574,0.5123302936553955,0.1315773129463195
1920,0.0011413665488362,0.9596813321113586,0.0389966703951358,0.0001805904175853
1921,0.001634182408452,0.7128475904464722,0.2791551351547241,0.0063631124794483
1922,0.0022737476974725,0.6304472088813782,0.3592179715633392,0.008061135187745
1923,0.0016055894084274,0.7572859525680542,0.2382905930280685,0.0028178973589092
1924,0.0006241718074306,0.6040580868721008,0.3900092244148254,0.0053084259852766
1925,0.0011643669568002,0.2594146132469177,0.5666136145591736,0.1728073805570602
1926,0.000753627740778,0.0857570469379425,0.2993215024471283,0.6141678690910339
1927,0.0006436657276935,0.0607215799391269,0.232769638299942,0.7058651447296143
1928,0.001122074201703,0.2312048226594925,0.5904021859169006,0.1772708743810653
1929,0.0004772956599481,0.0968226417899131,0.3541625142097473,0.5485376119613647
1930,0.0010040883207693,0.9418348073959352,0.0565615743398666,0.0005995684186927
1931,0.0044965832494199,0.3923161327838897,0.4959340393543243,0.107253260910511
1932,0.0008289500256069,0.719120979309082,0.277245819568634,0.0028043016791343
1933,0.0014390400610864,0.1743127852678299,0.4314282834529876,0.3928199410438537
1934,0.0007130583398975,0.2347880005836486,0.6482704281806946,0.1162284910678863
1935,0.000576916441787,0.3777819275856018,0.6036937832832336,0.0179473422467708
1936,0.0026667884085327,0.6324649453163147,0.349280297756195,0.0155879762023687
1937,0.0269818641245365,0.8393811583518982,0.1287232637405395,0.0049137622117996
1938,0.0023479869123548,0.4914244711399078,0.4689205288887024,0.0373070873320102
1939,0.0009491898235864,0.3125387728214264,0.6313456892967224,0.0551663674414157
1940,0.0005991233629174,0.1912032663822174,0.6368041038513184,0.1713935136795044
1941,0.000576781691052,0.824958860874176,0.1729207634925842,0.0015435477253049
1942,0.0021998113952577,0.959580898284912,0.0377929136157035,0.0004264528979547
1943,0.0009975230786949,0.9805808067321776,0.0182427912950515,0.0001788460358511
1944,0.0010240463307127,0.783982515335083,0.2110060304403305,0.0039873891510069
1945,0.0006519730668514,0.1546242386102676,0.5069933533668518,0.3377304077148437
1946,0.0005132769001647,0.8994740843772888,0.0993536040186882,0.0006590606644749
1947,0.0008361237123608,0.8480132222175598,0.1496832221746444,0.0014674428384751
1948,0.0008970988565124,0.1907160878181457,0.5783393383026123,0.2300474941730499
1949,0.0051090791821479,0.6485694646835327,0.3364734053611755,0.0098480070009827
1950,0.0065604946576058,0.5635133385658264,0.3995907604694366,0.0303354188799858
1951,0.0008810620638541,0.1349119991064071,0.4858368039131164,0.378370076417923
1952,0.0008882224210537,0.8202357888221741,0.1773884296417236,0.0014874924672767
1953,0.0004341563617344,0.0568632632493972,0.2712794542312622,0.6714231371879578
1954,0.0005405254778452,0.932539403438568,0.0665056183934211,0.0004144352278672
1955,0.0003060513990931,0.9561097621917723,0.0433420278131961,0.0002421065728412
1956,0.0006313375779427,0.946324348449707,0.0525602623820304,0.0004840632900595
1957,0.0016322602750733,0.4669470191001892,0.4970625042915344,0.0343582034111022
1958,0.0027623414061963,0.569183886051178,0.4164238274097442,0.0116298906505107
1959,0.0009518179576843,0.2292913496494293,0.5855159759521484,0.184240773320198
1960,0.0007170327589847,0.6220318078994751,0.3714321553707123,0.0058189290575683
1961,0.0013000289909541,0.949690878391266,0.0487832278013229,0.0002259111497551
1962,0.0039383340626955,0.5321938991546631,0.4412042200565338,0.0226635504513978
1963,0.0025181497912853,0.9693729877471924,0.0279320422559976,0.0001768018701113
1964,0.0009240250801667,0.4567375779151916,0.5257017016410828,0.0166366621851921
1965,0.0007245260640047,0.8726307153701782,0.1257143765687942,0.0009303099941462
1966,0.0022314272355288,0.9733720421791076,0.0239901039749383,0.000406373059377
1967,0.0012915875995531,0.2276358306407928,0.5210635662078857,0.2500090301036834
1968,0.0026274041738361,0.8787463903427124,0.1170816272497177,0.0015445712488144
1969,0.003063361858949,0.284508466720581,0.4690751433372497,0.2433529794216156
1970,0.0005533167277462,0.767048716545105,0.2303097695112228,0.0020881954114884
1971,0.0003842202131636,0.9796649217605592,0.0197067353874444,0.0002442252589389
1972,0.0036222774069756,0.9435061812400818,0.0524037405848503,0.000467773003038
1973,0.0014329766854643,0.2029336094856262,0.5430784821510315,0.2525549530982971
1974,0.000895757752005,0.9084952473640442,0.0885586142539978,0.0020504097919911
1975,0.005246268119663,0.3509493768215179,0.5186694860458374,0.1251348555088043
1976,0.0017430305015295,0.78446364402771,0.2111355364322662,0.002657804172486
1977,0.0010029677068814,0.1442738473415374,0.4805053174495697,0.3742179274559021
1978,0.0011636088602244,0.47682586312294,0.4997091889381408,0.0223014410585165
1979,0.0017384875100106,0.3934249877929687,0.5548182129859924,0.0500183776021003
1980,0.0012332112528383,0.2173473089933395,0.5464110374450684,0.2350084781646728
1981,0.0001379558379994,0.0140718780457973,0.087558165192604,0.8982319831848145
1982,0.0004673151124734,0.9135823249816896,0.084976390004158,0.0009739684173837
1983,0.0010007213568314,0.9837247133255004,0.0151722952723503,0.0001022301148623
1984,0.0051072426140308,0.3260039687156677,0.4970966875553131,0.1717920303344726
1985,0.0024036059621721,0.9109336733818054,0.086064338684082,0.0005983048467896
1986,0.0029337960295379,0.8524991869926453,0.1435842812061309,0.0009826986351981
1987,0.0026373083237558,0.6869481205940247,0.3048313856124878,0.005583181977272
1988,0.0008778417250141,0.143088161945343,0.4547332525253296,0.4013006687164306
1989,0.0006475221016444,0.2066491991281509,0.6266559362411499,0.1660473048686981
1990,0.0009161838097497,0.197840616106987,0.5906429886817932,0.2106002569198608
1991,0.0002503415453247,0.0408056639134883,0.2578997910022735,0.7010442018508911
1992,0.0009453453822061,0.1773579567670822,0.5636424422264099,0.2580543160438537
1993,0.0019070140551775,0.2383317649364471,0.5287621021270752,0.2309990674257278
1994,0.0035175203811377,0.4904171526432037,0.4535617232322693,0.052503578364849
1995,0.000393778522266,0.6382042765617371,0.3580001294612884,0.0034017274156212
1996,0.0004427606472745,0.3781436085700989,0.6042717695236206,0.0171418711543083
1997,0.0088811526075005,0.603460967540741,0.3660175800323486,0.0216402783989906
1998,0.0025798035785555,0.4338562488555908,0.4916235506534576,0.0719404146075248
1999,0.0011126390891149,0.1551255732774734,0.4350603818893432,0.4087014198303222
2000,0.145286351442337,0.7263860702514648,0.1242700070142746,0.0040575596503913
2001,0.0015977944713085,0.215912714600563,0.5179476737976074,0.2645418047904968
2002,0.0035044227261096,0.6273632645606995,0.3574607968330383,0.0116715086624026
2003,0.0053422059863805,0.7448171377182007,0.2456146329641342,0.0042260331101715
2004,0.0022074705921113,0.3830239176750183,0.5660726428031921,0.0486960224807262
2005,0.0002943294530268,0.029556967318058,0.2760810554027557,0.694067656993866
2006,0.0175308194011449,0.3632932603359222,0.4812853932380676,0.1378905773162841
2007,0.3872677683830261,0.4122444093227386,0.1829323470592498,0.017555484548211
2008,0.0027398285456001,0.6809714436531067,0.3117714524269104,0.0045172134414315
2009,0.0002308967232238,0.7922208309173584,0.2066631615161895,0.000885117566213
2010,0.0011028229491785,0.6176971197128296,0.374652236700058,0.006547762081027
2011,0.0005272472626529,0.4100029170513153,0.5781968235969543,0.0112730441614985
2012,0.1687154024839401,0.6672823429107666,0.1584934592247009,0.0055087530054152
2013,0.1290243268013,0.7903698086738586,0.0794895812869072,0.0011162791633978
2014,0.0009835610399022,0.4567103385925293,0.5256704092025757,0.0166356712579727
2015,0.0011243844637647,0.1890924125909805,0.5303227305412292,0.279460459947586
2016,0.0058239717036485,0.2085351198911667,0.4626553654670715,0.3229855000972748
2017,0.0009258814970962,0.2775818705558777,0.6555607318878174,0.0659314766526222
2018,0.0050060171633958,0.4577236473560333,0.5106276273727417,0.0266427118331193
2019,0.4862329661846161,0.3728077709674835,0.1308678388595581,0.0100914435461163
2020,0.0018440589774399,0.3569494485855102,0.5615602731704712,0.0796461850404739
2021,0.0026899646036326,0.6898009777069092,0.3013517260551452,0.006157390307635
2022,0.2453655153512954,0.4879676103591919,0.2378164082765579,0.0288504045456647
2023,0.3151462078094482,0.4375371634960174,0.2165966033935547,0.030719930306077
2024,0.0745238587260246,0.6338068842887878,0.2601138353347778,0.031555388122797
2025,0.0034331770148128,0.5773715972900391,0.403070330619812,0.0161248426884412
2026,0.0015150237595662,0.8755095601081848,0.1222485229372978,0.0007269163033924
2027,0.0057503399439156,0.5340603590011597,0.4427516162395477,0.0174376890063285
2028,0.0010660571279004,0.3915906250476837,0.587847113609314,0.0194961503148078
2029,0.0005589131615124,0.0855831801891326,0.3895973563194275,0.5242605209350586
2030,0.0004729981010314,0.910356342792511,0.0887400284409523,0.0004306696937419
2031,0.0086481049656867,0.5434648990631104,0.4232508838176727,0.0246361568570137
2032,0.0023484174162149,0.9327307343482972,0.0644726827740669,0.0004482032672967
2033,0.0043981880880892,0.7873654961585999,0.2053965777158737,0.0028396835550665
2034,0.0112987672910094,0.8975722789764404,0.0902712196111679,0.000857759732753
2035,0.0836571455001831,0.8449072241783142,0.0704463794827461,0.0009892845991998
2036,0.0379591472446918,0.9054078459739684,0.0560999810695648,0.000533063604962
2037,0.0019970615394413,0.8848576545715332,0.1124970167875289,0.0006483509205281
2038,0.0020661682356148,0.6291979551315308,0.3641518354415893,0.0045839948579669
2039,0.0022793996613472,0.7274439930915833,0.2676117420196533,0.0026648880448192
2040,0.5701572299003601,0.3681211769580841,0.0591624602675437,0.0025591168086975
2041,0.0459167547523975,0.7527288794517517,0.1963610798120498,0.0049932156689465
2042,0.0016636818181723,0.1750870198011398,0.5477988123893738,0.2754505276679992
2043,0.0006450213259086,0.039906058460474,0.2296434789896011,0.7298055291175842
2044,0.0006109797395765,0.2279630303382873,0.6494061946868896,0.122019812464714
2045,0.0009593938593752,0.2744575142860412,0.6282395124435425,0.0963436514139175
2046,0.0057909269817173,0.6094411611557007,0.3639139533042907,0.02085392922163
2047,0.0011751966085284,0.1217610388994216,0.4316803514957428,0.4453833699226379
2048,0.0040184962563216,0.2335527241230011,0.543026328086853,0.219402477145195
2049,0.0140866078436374,0.4181539118289947,0.4382215142250061,0.1295380294322967
2050,0.0033938656561076,0.5707604289054871,0.4111033678054809,0.0147422812879085
2051,0.0034640026278793,0.5221995115280151,0.4466609358787536,0.027675561606884
2052,0.002263729693368,0.8446215987205505,0.1514323204755783,0.0016822611214593
2053,0.0015340970130637,0.958569347858429,0.0395648851990699,0.0003317717055324
2054,0.002208512276411,0.3953688740730285,0.5489152669906616,0.0535073541104793
2055,0.0035597193054854,0.580234169960022,0.4050687253475189,0.0111373774707317
2056,0.9377159476280212,0.0412003621459007,0.0185704566538333,0.0025132382288575
2057,0.4131649136543274,0.4196712970733642,0.1617977023124694,0.0053660748526453
2058,0.002569830045104,0.5378553867340088,0.4458978176116943,0.0136769898235797
2059,0.0509964860975742,0.876123309135437,0.0719165802001953,0.000963682658039
2060,0.0081094149500131,0.4497314989566803,0.4640074968338012,0.0781516134738922
2061,0.8282680511474609,0.1270190328359604,0.0369646437466144,0.0077482098713517
2062,0.0005795870674774,0.7202228307723999,0.2776706218719482,0.001527008600533
2063,0.0724123120307922,0.596900999546051,0.3048672080039978,0.0258194059133529
2064,0.0569783523678779,0.4999691843986511,0.3833396732807159,0.0597128048539161
2065,0.0327380858361721,0.4449287056922912,0.4519352912902832,0.0703979432582855
2066,0.0002582448360044,0.0365718118846416,0.3636358082294464,0.5995340943336487
2067,0.0011833894532173,0.1502247899770736,0.5849390625953674,0.2636527121067047
2068,0.157691940665245,0.7641533613204956,0.0768529251217842,0.0013018269091844
2069,0.0136967934668064,0.930676519870758,0.0550249516963958,0.0006017950945533
2070,0.0014911358011886,0.1834675967693328,0.5308811068534851,0.284160166978836
2071,0.0015284104738384,0.3568634986877441,0.5976338982582092,0.0439742095768451
2072,0.0009338604868389,0.3767462074756622,0.6020386815071106,0.0202812477946281
2073,0.0003062780888285,0.1636922508478164,0.8057214617729187,0.0302800238132476
2074,0.0053825015202164,0.6319296956062317,0.3544804453849792,0.0082073342055082
2075,0.0180656071752309,0.6570498943328857,0.3103684186935425,0.0145161226391792
2076,0.0042472197674214,0.7844749093055725,0.2078651636838913,0.0034127368126064
2077,0.0009826536988839,0.7406302690505981,0.2559549808502197,0.0024320911616086
2078,0.0064877984113991,0.7736914753913879,0.2148463577032089,0.0049743670970201
2079,0.6340240836143494,0.2369175106287002,0.1136742606759071,0.0153841376304626
2080,0.0028089296538382,0.8421250581741333,0.153362363576889,0.0017037019133567
2081,0.001786868320778,0.5111762881278992,0.4727607667446136,0.0142761385068297
2082,0.0041575576178729,0.7102043628692627,0.2824997901916504,0.0031382890883833
2083,0.0007231446797959,0.1216142252087593,0.536587119102478,0.3410755097866058
2084,0.0308715421706438,0.5303753018379211,0.3702616393566131,0.068491518497467
2085,0.0083967978134751,0.5035083889961243,0.4374556839466095,0.0506391711533069
2086,0.0011473684571683,0.1479458063840866,0.5327733159065247,0.3181334733963012
2087,0.010823493823409,0.4748358130455017,0.4602266252040863,0.0541140586137771
2088,0.0036430868785828,0.2362064868211746,0.5846166610717773,0.1755337566137313
2089,0.0046495809219777,0.7119638323783875,0.2788090407848358,0.0045774960890412
2090,0.0040210979059338,0.8548533320426941,0.139550969004631,0.0015746844001114
2091,0.0036789553705602,0.7463008761405945,0.2461039274930954,0.0039162277244031
2092,0.0009015401592478,0.2745406329631805,0.6901950836181641,0.0343627892434597
2093,0.0004278893466107,0.2082229405641555,0.6413718461990356,0.149977371096611
2094,0.004717368632555,0.5625618100166321,0.4115790128707886,0.0211417786777019
2095,0.00434340396896,0.8277062773704529,0.1655516773462295,0.0023986555170267
2096,0.0011317951139062,0.8013557195663452,0.1963806748390197,0.0011317951139062
2097,0.0027308717835694,0.8187230825424194,0.1770612895488739,0.0014847492566332
2098,0.000622718129307,0.6315730214118958,0.3655264377593994,0.0022778080310672
2099,0.0036004625726491,0.3141316771507263,0.5513182878494263,0.1309495866298675
2100,0.0017556779785081,0.2335695922374725,0.596440851688385,0.1682338714599609
2101,0.4786653816699981,0.4224207103252411,0.0927935093641281,0.0061203958466649
2102,0.2931569516658783,0.5145065188407898,0.1806087791919708,0.0117277549579739
2103,0.1676458865404129,0.7631685733795166,0.0677350610494613,0.0014504211721941
2104,0.0018477601697668,0.7113035321235657,0.2829369902610779,0.0039117084816098
2105,0.0053025549277663,0.4554626941680908,0.4848375022411346,0.0543972589075565
2106,0.0010973911266773,0.8533635139465332,0.1437298655509948,0.0018092921236529
2107,0.0015050979563966,0.7796600461006165,0.216503769159317,0.0023311413824558
2108,0.0015868163900449,0.2586509883403778,0.6302424669265747,0.109519712626934
2109,0.0052682026289403,0.3693294823169708,0.5127632021903992,0.1126391291618347
2110,0.003556705545634,0.3303275406360626,0.588872492313385,0.077243261039257
2111,0.0006968497182242,0.9660248160362244,0.0330555513501167,0.0002227265504188
2112,0.0041160625405609,0.9028189182281494,0.0922287628054618,0.0008362288353964
2113,0.00561060057953,0.8197773098945618,0.171834647655487,0.0027774486225098
2114,0.0190687496215105,0.8108237981796265,0.1647288501262664,0.0053785871714353
2115,0.0287243090569973,0.8797333240509033,0.0898704156279563,0.0016719553386792
2116,0.7886833548545837,0.1787503063678741,0.0305805709213018,0.001985736656934
2117,0.0206849388778209,0.7523155212402344,0.2223840504884719,0.0046154335141181
2118,0.0002120004501193,0.1047899723052978,0.6833164691925049,0.2116815596818924
2119,0.0099415443837642,0.3396693170070648,0.5019986629486084,0.1483905166387558
2120,0.0017316516023129,0.5613393187522888,0.4303938150405884,0.0065351850353181
2121,0.000911176262889,0.3618957102298736,0.6060612797737122,0.0311318412423133
2122,0.0066369054839015,0.5355374217033386,0.4303164184093475,0.0275092087686061
2123,0.0017165736062452,0.284207671880722,0.6111425161361694,0.1029331907629966
2124,0.0685169324278831,0.7482266426086426,0.1777193993330001,0.0055370167829096
2125,0.0081434855237603,0.5447588562965393,0.4242586493492126,0.0228389706462621
2126,0.0010911192512139,0.4759576916694641,0.5146329998970032,0.0083182668313384
2127,0.0008710108813829,0.5193220376968384,0.4728480875492096,0.0069589191116392
2128,0.9582948088645936,0.0303267557173967,0.0092491395771503,0.0021292727906256
2129,0.0675904005765914,0.6933888792991638,0.2286553978919983,0.0103653240948915
2130,0.5725858807563782,0.3527599573135376,0.0694625526666641,0.0051915780641138
2131,0.0010589894372969,0.1808992177248001,0.6314002871513367,0.1866415590047836
2132,0.0548536069691181,0.7454909086227417,0.194472923874855,0.005182527936995
2133,0.0047771264798939,0.587772011756897,0.3915405869483948,0.0159102603793144
2134,0.0010842740302905,0.5529599189758301,0.4374273419380188,0.0085284747183322
2135,0.0960746109485626,0.8697885870933533,0.0337253622710704,0.0004114779585506
2136,0.008609558455646,0.8511794209480286,0.138951227068901,0.0012598566245287
2137,0.0018726998241618,0.7794831991195679,0.2164546549320221,0.0021894080564379
2138,0.001182205392979,0.5752942562103271,0.4143689572811126,0.0091546019539237
2139,0.0011625397019088,0.0568963997066021,0.1924780309200287,0.7494630217552185
2140,0.9499602913856506,0.034065842628479,0.0131335519254207,0.0028403298929333
2141,0.8715659379959106,0.0890360698103904,0.033794280141592,0.0056036408059298
2142,0.0060887853614985,0.4335788488388061,0.5069050192832947,0.0534273907542228
2143,0.0007803257321938,0.1510455161333084,0.6068041920661926,0.2413700371980667
2144,0.0069070244207978,0.327639490365982,0.5154492855072021,0.1500042825937271
2145,0.0005034742644056,0.8159902095794678,0.182072028517723,0.0014342648210003
2146,0.0013732287334278,0.6277642250061035,0.3633220791816711,0.0075405086390674
2147,0.0006084070773795,0.897814929485321,0.100732035934925,0.0008446896681562
2148,0.3569455742835998,0.4878867566585541,0.1442190557718277,0.0109485648572444
2149,0.0122891254723072,0.681529700756073,0.2885778248310089,0.0176033601164817
2150,0.0009694901527836,0.6153185367584229,0.3790867626667022,0.0046251788735389
2151,0.0020177180413156,0.209053948521614,0.5863062739372253,0.202622041106224
2152,0.0050617456436157,0.7872819304466248,0.2053747773170471,0.0022815077099949
2153,0.0003361490380484,0.733112633228302,0.2655158042907715,0.0010354119585826
2154,0.0181517656892538,0.4755123853683471,0.4262465238571167,0.0800893530249595
2155,0.0129735423251986,0.777949869632721,0.2061362117528915,0.0029403751250356
2156,0.0007423593779094,0.1995027810335159,0.674909234046936,0.1248456537723541
2157,0.005071198567748,0.3040910363197326,0.5092566609382629,0.1815810799598693
2158,0.0016972637968137,0.2558630704879761,0.613783597946167,0.1286560297012329
2159,0.0012242129305377,0.4224402904510498,0.5509659647941589,0.0253695119172334
2160,0.0011595637770369,0.8739681243896484,0.1239550337195396,0.000917290453799
2161,0.0022075574379414,0.9046170711517334,0.0924124494194984,0.0007629115134477
2162,0.0990471243858337,0.6458683609962463,0.2376017123460769,0.0174828562885522
2163,0.0239878688007593,0.4971035122871399,0.4186031520366668,0.0603054985404014
2164,0.0018680989742279,0.2997792065143585,0.615106999874115,0.0832456797361373
2165,0.0110419541597366,0.4079224169254303,0.4695158004760742,0.1115197837352752
2166,0.6438196301460266,0.2521233856678009,0.0956952422857284,0.0083617577329278
2167,0.1693615168333053,0.4977811574935913,0.2926304340362549,0.0402268879115581
2168,0.0002687797532416,0.0220296010375022,0.124806173145771,0.8528954386711121
2169,0.0005018036463297,0.1050255447626113,0.585785448551178,0.3086872398853302
2170,0.0472254045307636,0.727276623249054,0.2183680385351181,0.0071299695409834
2171,0.0242076832801103,0.7769842147827148,0.1934066712856292,0.0054014641791582
2172,0.0008119133999571,0.1167912855744361,0.4994529485702514,0.3829438686370849
2173,0.0024089491926133,0.363149881362915,0.5367006659507751,0.0977404564619064
2174,0.0021261305082589,0.4312998950481415,0.5367614030838013,0.0298125278204679
2175,0.0013111312873661,0.2204983830451965,0.6380332112312317,0.1401572972536087
2176,0.0015706847188994,0.5769535303115845,0.4091213047504425,0.0123543934896588
2177,0.002155989408493,0.5113220810890198,0.4728956222534179,0.0136262718588113
2178,0.0425153076648712,0.3789348006248474,0.3909634947776794,0.1875863224267959
2179,0.0024545576889067,0.915821611881256,0.0812837854027748,0.0004400779725983
2180,0.0057564321905374,0.3850767910480499,0.5022348165512085,0.1069319546222686
2181,0.0047311442904174,0.3164901733398437,0.5468459129333496,0.1319327354431152
2182,0.1393010318279266,0.6243038773536682,0.2226024270057678,0.0137926694005727
2183,0.0044666500762104,0.4627855718135834,0.4774759709835052,0.0552718564867973
2184,0.0185199249535799,0.8785054683685303,0.1016943901777267,0.0012801433913409
2185,0.0160766150802373,0.9640235304832458,0.0196974799036979,0.0002023747219936
2186,0.0015119271120056,0.5299380421638489,0.4532800614833832,0.0152699239552021
2187,0.001415942562744,0.7686766982078552,0.2272204011678695,0.0026869869325309
2188,0.0013734480598941,0.5124481320381165,0.4739370048046112,0.0122414100915193
2189,0.0013733966043218,0.3808048069477081,0.5898020267486572,0.0280198138207197
2190,0.1461876481771469,0.708405077457428,0.1416899263858795,0.0037173687014728
2191,0.3671148419380188,0.5425605177879333,0.0858455449342727,0.0044791111722588
2192,0.1025096476078033,0.806300938129425,0.0890619307756424,0.0021275200415402
2193,0.2502774894237518,0.6803246736526489,0.0652887821197509,0.0041090631857514
2194,0.0089252665638923,0.7201871871948242,0.2649420797824859,0.0059455088339746
2195,0.0012422793079167,0.1050512045621872,0.4154855906963348,0.4782209694385528
2196,0.7491539716720581,0.2080325335264206,0.0397037044167518,0.003109834389761
2197,0.9744360446929932,0.0181284751743078,0.0063636931590735,0.0010718207340687
2198,0.0927759781479835,0.6855269074440002,0.2123663276433944,0.0093307262286543
2199,0.1474818587303161,0.6609678268432617,0.1806985437870025,0.0108517911285161
2200,0.9398635029792786,0.0432764999568462,0.0140498215332627,0.0028101410716772
2201,0.0040855300612747,0.4948855638504028,0.4722231030464172,0.0288057904690504
2202,0.8917524218559265,0.0779204592108726,0.0273526534438133,0.0029744629282504
2203,0.0050791166722774,0.8541761040687561,0.1394404172897339,0.0013044250663369
2204,0.0013388113584369,0.4766498506069183,0.507391095161438,0.0146202445030212
2205,0.0009503426845185,0.2514369785785675,0.6521779298782349,0.0954347103834152
2206,0.0012997374869883,0.202155515551567,0.5409961938858032,0.2555485069751739
2207,0.0004377090954221,0.1711515337228775,0.7913966178894043,0.037014115601778
2208,0.035202220082283,0.951447069644928,0.0131541071459651,0.0001966379641089
2209,0.0020613318774849,0.9875501990318298,0.0103060118854045,8.246365177910775e-05
2210,0.001615508692339,0.1926547884941101,0.621897280216217,0.1838324815034866
2211,0.9510945081710817,0.0386477448046207,0.0087592769414186,0.0014985356247052
2212,0.0019451117841526,0.1321674138307571,0.483448326587677,0.3824391365051269
2213,5.809897993458435e-05,0.0051488215103745,0.0437894538044929,0.9510036110877992
2214,0.0026005692780017,0.3982102870941162,0.5615665316581726,0.0376226119697093
2215,0.9472360610961914,0.0416186489164829,0.0095811570063233,0.0015640809433534
2216,0.0021378241945058,0.9472267627716064,0.0502011775970459,0.0004343253094702
2217,0.0049941185861825,0.7889958024024963,0.202630877494812,0.0033791898749768
2218,0.0024552845861762,0.5732762217521667,0.4129154086112976,0.0113531202077865
2219,0.0020331384148448,0.3366203010082245,0.5907870531082153,0.0705594569444656
2220,0.9601309299468994,0.0285439398139715,0.0094127925112843,0.0019123248057439
2221,0.9627203345298768,0.027310274541378,0.0083291633054614,0.0016401095781475
2222,0.0047055538743734,0.3623075783252716,0.5189816951751709,0.1140051409602165
2223,0.0011770823039114,0.1565951406955719,0.5054953098297119,0.3367325067520141
2224,0.0078737093135714,0.5875899195671082,0.3853508830070495,0.0191854890435934
2225,0.0009731415775604,0.0822920352220535,0.3630895018577575,0.5536453723907471
2226,0.0021656414028257,0.5911628603935242,0.4000008106231689,0.0066706449724733
2227,0.0003029496292583,0.0361277498304843,0.2711538076400757,0.6924155354499817
2228,0.0186565611511468,0.4520070850849151,0.4520070850849151,0.0773292928934097
2229,0.0099636660888791,0.4800763428211212,0.4653059244155884,0.0446540527045726
2230,0.0011577991535887,0.2138491719961166,0.628537654876709,0.156455397605896
2231,0.0095647713169455,0.8609932065010071,0.1279752105474472,0.0014668052317574
2232,0.0435182563960552,0.5822678208351135,0.3369907736778259,0.0372231341898441
2233,0.0110151814296841,0.8614779710769653,0.1260620653629303,0.0014448774745687
2234,0.0197214316576719,0.8651958703994751,0.1134890019893646,0.001593736000359
2235,0.0757934972643852,0.6150862574577332,0.290546178817749,0.0185739956796169
2236,0.9065868258476256,0.0779885277152061,0.0142027670517563,0.0012217838084325
2237,0.0015233439626172,0.8803176879882812,0.1172909811139106,0.000867975235451
2238,0.0006373531650751,0.0809084847569465,0.3741170465946197,0.5443370938301086
2239,0.0017724788049235,0.3948985636234283,0.5568962693214417,0.0464327037334442
2240,0.0021642022766172,0.8731014728546143,0.1238321214914321,0.0009021736914291
2241,0.0668977200984954,0.5261913537979126,0.3616456985473633,0.0452652648091316
2242,0.0265868958085775,0.8270940780639648,0.1437273919582367,0.0025916467420756
2243,0.0981009528040885,0.8881335854530334,0.0134855955839157,0.0002798846398945
2244,0.0014192534144967,0.4321967661380768,0.5378775596618652,0.0285064652562141
2245,0.0008652830147184,0.7990521788597107,0.198899820446968,0.0011827014386653
2246,0.0025773278903216,0.1984432339668274,0.5147225856781006,0.2842567861080169
2247,0.000952715286985,0.9662627577781676,0.0325510874390602,0.0002334729215363
2248,0.0025253088679164,0.4381728172302246,0.5285373330116272,0.0307645574212074
2249,0.0023679819423705,0.6265089511871338,0.3625955879688263,0.0085274307057261
2250,0.004701480269432,0.686943769454956,0.3001035153865814,0.0082513550296425
2251,0.0013827377697452,0.3383447825908661,0.6223112940788269,0.0379612296819686
2252,0.0027562389150261,0.3185778856277466,0.5859544277191162,0.0927114635705947
2253,0.0079329861328005,0.3647289574146271,0.5143502950668335,0.1129877641797065
2254,0.943726122379303,0.0455397702753543,0.0096959769725799,0.0010380417807027
2255,0.1408723592758178,0.6313460469245911,0.2114744484424591,0.016307158395648
2256,0.0238732993602752,0.938831090927124,0.0369756855070591,0.0003199023485649
2257,0.0097791356965899,0.8532059788703918,0.1349968016147613,0.0020180384162813
2258,0.0949551612138748,0.75864177942276,0.1425445675849914,0.0038585045840591
2259,0.2737801074981689,0.6465821266174316,0.0760259851813316,0.0036117783747613
2260,0.0021728340070694,0.9044095277786256,0.0923912450671196,0.0010263740550726
2261,0.8866672515869141,0.0920051708817482,0.0195890292525291,0.0017386254621669
2262,0.002005917020142,0.2668606042861938,0.6108499765396118,0.1202834844589233
2263,0.0002797012857627,0.0485316850244998,0.4533171057701111,0.4978714287281036
2264,0.0093975970521569,0.4528015553951263,0.4820047318935394,0.0557960979640483
2265,0.0175085961818695,0.4658864438533783,0.4515526294708252,0.0650523230433464
2266,0.0012829593615606,0.8667880296707153,0.1308654099702835,0.0010636106599122
2267,0.0036510822828859,0.6044982075691223,0.3782853186130523,0.0135654173791408
2268,0.9401770234107972,0.0400375686585903,0.0174911171197891,0.0022943352814763
2269,0.409950852394104,0.534676730632782,0.0537738502025604,0.0015986544312909
2270,0.0208595655858516,0.5053809881210327,0.4322752654552459,0.0414841957390308
2271,0.0090212365612387,0.5581241250038147,0.4083323180675506,0.0245222635567188
2272,0.0809341967105865,0.4730785489082336,0.3570984303951263,0.0888888239860534
2273,0.0004941881052218,0.0571203753352165,0.3087898194789886,0.6335955858230591
2274,0.0032302918843925,0.2373290359973907,0.5183742642402649,0.241066426038742
2275,0.0002003899135161,0.0169456265866756,0.1271839886903762,0.8556700348854065
2276,0.0069698388688266,0.1636683493852615,0.3631140887737274,0.4662477374076843
2277,0.0005672519910149,0.0252777226269245,0.0968994125723838,0.8772556185722351
2278,0.0098703820258378,0.3762159943580627,0.5142263174057007,0.0996873155236244
2279,0.0009812535718083,0.9061461091041564,0.0925686582922935,0.0003039781586267
2280,0.5050621628761292,0.3581427037715912,0.1162719205021858,0.0205232109874486
2281,0.8899889588356018,0.0881208404898643,0.0190574675798416,0.0028326399624347
2282,0.0106302611529827,0.3747296333312988,0.5121946930885315,0.1024453863501548
2283,0.0020754572469741,0.2804601192474365,0.6419795751571655,0.075484812259674
2284,0.0035850484855473,0.8370610475540161,0.1572791039943695,0.0020748670212924
2285,0.0022741223219782,0.8618611097335815,0.1342520713806152,0.0016125941183418
2286,0.0352458730340004,0.7419066429138184,0.2159071415662765,0.0069403233937919
2287,0.0098087713122367,0.6769869923591614,0.3004111647605896,0.012793050147593
2288,0.0056314216926693,0.3324491381645202,0.539618194103241,0.1223012059926986
2289,0.0029848462436348,0.4096992015838623,0.5427632331848145,0.0445527210831642
2290,0.002294146688655,0.767287015914917,0.2268096059560775,0.0036091995425522
2291,0.1634926050901413,0.6671518683433533,0.1634926050901413,0.0058628898113965
2292,0.0075235534459352,0.2958680093288421,0.535747766494751,0.1608606427907943
2293,0.0037550481501966,0.3175391852855682,0.593241274356842,0.0854645073413848
2294,0.0060487412847578,0.926209270954132,0.0670943781733512,0.0006475723348557
2295,0.0017018449725583,0.815325915813446,0.1819238066673278,0.0010484763188287
2296,0.0051759388297796,0.6269681453704834,0.3572356700897217,0.0106203369796276
2297,0.0008402850944548,0.3038733303546905,0.6432998180389404,0.05198660120368
2298,0.0023862335365265,0.7735313773155212,0.2216204553842544,0.0024619807954877
2299,0.0042289039120078,0.7001663446426392,0.2918727397918701,0.0037319948896765
2300,0.00062693702057,0.4170019030570984,0.5699740648269653,0.0123971402645111
2301,0.0011011031456291,0.597758948802948,0.3981932997703552,0.002946704858914
2302,0.0106191486120224,0.5116592049598694,0.4376453459262848,0.0400762483477592
2303,0.0133957033976912,0.5695998072624207,0.3794353008270263,0.0375691801309585
2304,0.0011270586401224,0.2250868529081344,0.6214846968650818,0.1523013859987259
2305,0.0012035828549414,0.1480874121189117,0.5009732842445374,0.3497357070446014
2306,0.0044951564632356,0.7442489266395569,0.2492921650409698,0.0019637886434793
2307,0.00070371478796,0.9022284746170044,0.0965916886925697,0.0004761572054121
2308,0.6397415995597839,0.2838836312294006,0.0706642195582389,0.0057105440646409
2309,0.0075331376865506,0.9414645433425904,0.0506815388798713,0.0003207996778655
2310,0.0077096717432141,0.4209338128566742,0.4844918549060821,0.0868646055459976
2311,0.0098053598776459,0.3737377226352691,0.4951220452785492,0.1213348731398582
2312,0.0104083931073546,0.7072346806526184,0.2769570648670196,0.0053998031653463
2313,0.0120376236736774,0.7564693093299866,0.2271332740783691,0.0043597384355962
2314,0.000753111729864,0.7758493423461914,0.2222845703363418,0.0011130269849672
2315,0.012836824171245,0.3415752053260803,0.4816982746124267,0.1638895869255066
2316,0.0060580004937946,0.5203515887260437,0.43817999958992,0.0354103706777095
2317,0.0059365089982748,0.9090238213539124,0.0845523849129676,0.0004872983554378
2318,0.0087330490350723,0.5402946472167969,0.4341389536857605,0.0168333947658538
2319,0.0029039252549409,0.3153122365474701,0.5621048212051392,0.1196790188550949
2320,0.0200947783887386,0.6654476523399353,0.3046641647815704,0.0097934128716588
2321,0.0011127409525215,0.3721609115600586,0.594711422920227,0.0320148952305316
2322,0.0017494047060608,0.2556094229221344,0.6036686897277832,0.1389724314212799
2323,0.000871761876624,0.2696530222892761,0.6673976182937622,0.0620776452124118
2324,0.7678323984146118,0.1713265627622604,0.0530744940042495,0.0077665150165557
2325,0.0484698414802551,0.7945825457572937,0.1540368348360061,0.0029108405578881
2326,0.0008649434312246,0.053512156009674,0.2183630019426345,0.7272598743438721
2327,0.3263250291347503,0.6096553802490234,0.0622802153229713,0.0017393627204
2328,0.0009367986349388,0.4703434407711029,0.5165712237358093,0.0121485907584428
2329,0.0026209314819425,0.4765891432762146,0.4917177259922027,0.0290721245110034
2330,0.036488939076662,0.3922930955886841,0.4175938367843628,0.1536241918802261
2331,0.0007797079160809,0.2374398112297058,0.6978744268417358,0.0639060586690902
2332,0.0071491077542304,0.4708255231380462,0.4708255231380462,0.0511999018490314
2333,0.005269422661513,0.4186021089553833,0.529162585735321,0.0469658486545085
2334,0.0004600960819516,0.5898863673210144,0.4054225981235504,0.0042309639975428
2335,0.0001547350693726,0.2283396124839782,0.7604870796203613,0.0110185928642749
2336,0.9467192888259888,0.0396911278367042,0.0115507757291197,0.002038833219558
2337,0.9756559729576112,0.018151169642806,0.0051197726279497,0.0010731626534834
2338,0.089443027973175,0.4686479568481445,0.3323211371898651,0.1095878928899765
2339,0.0016097074840217,0.6294223666191101,0.3586340546607971,0.010333877056837
2340,0.0036247379612177,0.3113466799259186,0.5379588007926941,0.1470697522163391
2341,0.0005126024479977,0.5534217357635498,0.4377926290035248,0.0082729840651154
2342,0.0040268306620419,0.8297334909439087,0.163384199142456,0.0028554501477628
2343,0.8341916799545288,0.1299419999122619,0.0313499681651592,0.0045163906179368
2344,0.0272670667618513,0.4134057760238647,0.4332455098628998,0.1260816305875778
2345,0.0041844192892313,0.8099665641784668,0.1835740208625793,0.0022750294301658
2346,0.9595573544502258,0.0289761219173669,0.0095553109422326,0.0019111825386062
2347,0.955115020275116,0.0311856102198362,0.0112946787849068,0.0024047761689871
2348,0.001006847131066,0.6696959733963013,0.3263837695121765,0.0029134089127182
2349,0.0120047815144062,0.3853126168251037,0.4795292913913727,0.123153306543827
2350,0.0044783409684896,0.3787031173706054,0.5510097742080688,0.0658087357878685
2351,0.1926829367876052,0.4410556256771087,0.3127552568912506,0.0535061173141002
2352,0.000670816458296,0.0673643127083778,0.3937594592571258,0.5382053852081299
2353,0.0003199187340214,0.5784266591072083,0.4166251122951507,0.0046282866969704
2354,0.0055233193561434,0.6091740131378174,0.3753012418746948,0.0100014386698603
2355,0.0015731761232018,0.2446850091218948,0.6651227474212646,0.0886190310120582
2356,0.0046873609535396,0.4781238138675689,0.4856531322002411,0.0315356850624084
2357,0.0101069286465644,0.5183864831924438,0.4574744701385498,0.0140320798382163
2358,0.0083361444994807,0.4480817914009094,0.476980596780777,0.0666014105081558
2359,0.0773368179798126,0.4180788695812225,0.3866597414016723,0.1179245635867118
2360,0.0110742012038826,0.9219520092010498,0.0657505542039871,0.0012232278240844
2361,0.0475186817348003,0.4508447051048279,0.404134601354599,0.0975020080804824
2362,0.0048009743914008,0.3418745696544647,0.5295056700706482,0.1238187700510025
2363,0.0031316627282649,0.2954321205615997,0.5875369310379028,0.1138992235064506
2364,0.0023790302220731,0.6196735501289368,0.3700239956378937,0.0079233795404434
2365,0.0038485957775264,0.5536088347434998,0.424466609954834,0.018075967207551
2366,0.00217165495269,0.1985646188259124,0.5482544898986816,0.2510091960430145
2367,0.0008146271575242,0.1286988705396652,0.5418424606323242,0.3286440670490265
2368,0.0004834201827179,0.7476096749305725,0.2504178583621979,0.0014890391612425
2369,0.0032411087304353,0.481023222208023,0.4885982275009155,0.0271374732255935
2370,0.0069103366695344,0.6725949048995972,0.3127857148647308,0.0077090375125408
2371,0.0010129025904461,0.5165618658065796,0.4777415990829468,0.0046836137771606
2372,0.0008211826789192,0.287828654050827,0.6385757327079773,0.0727744698524475
2373,0.002464129589498,0.3544575572013855,0.5664215683937073,0.0766568183898925
2374,0.0149589367210865,0.6069424152374268,0.362421840429306,0.0156768318265676
2375,0.0026027709245681,0.7682203054428101,0.2270854860544204,0.0020913849584758
2376,0.7762840986251831,0.1872872561216354,0.0341075435280799,0.0023210474755614
2377,0.004511050414294,0.7827238440513611,0.2106672674417495,0.0020978329703211
2378,0.0027877606917172,0.7375719547271729,0.2548980712890625,0.0047421404160559
2379,0.0038276880513876,0.6538552641868591,0.3339565992355346,0.0083604399114847
2380,0.0019426256185397,0.7478224039077759,0.2466056644916534,0.0036293028388172
2381,0.0015505842166021,0.2567253410816192,0.5785394906997681,0.1631845533847808
2382,0.9207972288131714,0.0597915798425674,0.0168649889528751,0.002546232426539
2383,0.0295313540846109,0.531699001789093,0.3951251208782196,0.0436445102095603
2384,0.0006236218032427,0.1151849254965782,0.6035258769989014,0.2806656062602997
2385,0.0038449112325906,0.4110132753849029,0.5277515053749084,0.0573903135955333
2386,0.0061433515511453,0.6670536398887634,0.3200558423995971,0.0067471521906554
2387,0.0004587990406434,0.1766167432069778,0.720706582069397,0.1022179275751113
2388,0.0012542587937787,0.0826029106974601,0.394076406955719,0.5220664143562317
2389,0.0030685279052704,0.2289944887161255,0.5241736173629761,0.2437633723020553
2390,0.0015589417889714,0.6289219856262207,0.3639921247959137,0.0055269282311201
2391,0.0024132640101015,0.7946129441261292,0.2009096145629882,0.0020641738083213
2392,0.0031656799837946,0.3331583142280578,0.5667213797569275,0.0969545990228653
2393,0.0010427578818053,0.8108790516853333,0.1866749674081802,0.0014031840255483
2394,0.4094484448432922,0.5257421731948853,0.0627909526228904,0.0020184118766337
2395,0.876915693283081,0.1114873141050338,0.011038739234209,0.0005582411540672
2396,0.7804539799690247,0.1912584751844406,0.0262916311621665,0.0019959611818194
2397,0.0005403705290518,0.9618656039237976,0.037295576184988,0.0002984209277201
2398,0.0051986994221806,0.3166456818580627,0.5059983134269714,0.172157272696495
2399,0.0038575909566134,0.820093035697937,0.1746078729629516,0.0014414762845262
2400,0.0115355681627988,0.8744193911552429,0.1129206269979476,0.0011244681663811
2401,0.3115101158618927,0.6492428779602051,0.0383855774998664,0.0008614027174189
2402,0.1641294807195663,0.64914470911026,0.1774662733078003,0.0092595517635345
2403,0.0017948250751942,0.5465673804283142,0.4391792416572571,0.0124585563316941
2404,0.0011389000574126,0.1664072424173355,0.6379041075706482,0.1945497542619705
2405,0.0056441552005708,0.4554316401481628,0.4772882461547851,0.0616359673440456
2406,0.0189312770962715,0.5889347195625305,0.3743496835231781,0.0177842881530523
2407,0.0019390683155506,0.6587424278259277,0.3364527225494385,0.0028657573275268
2408,0.0014382502995431,0.6574885249137878,0.3358123004436493,0.0052609010599553
2409,0.0071553429588675,0.456737756729126,0.456737756729126,0.0793691128492355
2410,0.0163245946168899,0.5665401220321655,0.3955087065696716,0.0216265730559825
2411,0.4513840675354004,0.4174619913101196,0.121488370001316,0.0096655553206801
2412,0.0017039435915648,0.3978480696678161,0.5610557198524475,0.0393922924995422
2413,0.0014806158142164,0.212982103228569,0.6458601951599121,0.1396770626306533
2414,0.0040805451571941,0.3616242706775665,0.5428622961044312,0.0914329290390014
2415,0.16922228038311,0.4896608889102936,0.3112473785877228,0.0298695042729377
2416,0.0112610328942537,0.5425869822502136,0.4160158932209015,0.030136089771986
2417,0.2274760156869888,0.4119058549404144,0.2701344788074493,0.0904837101697921
2418,0.0185879673808813,0.7309824228286743,0.2448484450578689,0.0055811190977692
2419,0.0012049109209328,0.8268768191337585,0.1706356555223465,0.0012826210586354
2420,0.0178303625434637,0.794551432132721,0.1857966482639312,0.001821486162953
2421,0.042752094566822,0.8999086022377014,0.0566373281180858,0.0007019053446128
2422,0.0070325899869203,0.9210875630378724,0.0710266456007957,0.0008531500352546
2423,0.0042976555414497,0.8062909245491028,0.1856187134981155,0.003792667761445
2424,0.0056491070427,0.3387449383735657,0.5329205989837646,0.1226852908730506
2425,0.0087394658476114,0.5159315466880798,0.4412996470928192,0.034029372036457
2426,0.002706354483962,0.5753493905067444,0.4079837799072265,0.0139604387804865
2427,0.0036921908613294,0.3221347630023956,0.5833107233047485,0.090862289071083
2428,0.0007374912966042,0.0813388749957084,0.3533199727535248,0.5646036863327026
2429,0.0018991994438692,0.1967743337154388,0.5783519148826599,0.2229745239019394
2430,0.0042909760959446,0.2825948596000671,0.536270797252655,0.1768433451652526
2431,0.0098660439252853,0.5220946669578552,0.4130108952522278,0.0550283715128898
2432,0.0076378844678401,0.8038162589073181,0.1850490123033523,0.0034968785475939
2433,0.0036605719942599,0.9386986494064332,0.0572609789669513,0.0003798398538492
2434,0.0014608392957597,0.08624017983675,0.3410865366458893,0.5712124705314636
2435,0.0060014640912413,0.454923152923584,0.454923152923584,0.0841523185372352
2436,0.0030046112369745,0.412412166595459,0.5213378071784973,0.063245452940464
2437,0.0026605334132909,0.651011049747467,0.3377400934696197,0.0085883066058158
2438,0.0034925995860248,0.47939333319664,0.4869426488876343,0.0301714576780796
2439,0.0059683634899556,0.5900591015815735,0.3869702219963074,0.0170022845268249
2440,0.0427502803504467,0.8453500270843506,0.1091666668653488,0.0027329339645802
2441,0.2843641936779022,0.6211084723472595,0.0894791632890701,0.0050480691716074
2442,0.0124874459579586,0.4200395047664642,0.4471297264099121,0.1203433349728584
2443,0.0176773611456155,0.7400071024894714,0.2328535616397857,0.0094620091840624
2444,0.0069841211661696,0.482033759355545,0.482033759355545,0.0289483778178691
2445,0.0024766684509813,0.2094351947307586,0.5432335138320923,0.2448545545339584
2446,0.0026781552005559,0.5024535655975342,0.4646935760974884,0.0301746819168329
2447,0.0024340192321687,0.6855139136314392,0.3041949570178985,0.007857110351324
2448,0.0046628764830529,0.1593148708343505,0.3821764886379242,0.4538457989692688
2449,0.0030845624860376,0.2031429558992386,0.5027836561203003,0.2909888625144958
2450,0.0182872824370861,0.5344327688217163,0.4034110307693481,0.0438689142465591
2451,0.0043122824281454,0.8347166776657104,0.1593084633350372,0.0016625331481918
2452,0.0141194174066185,0.4749340415000915,0.4392421841621399,0.0717043131589889
2453,0.0032245847396552,0.2225560992956161,0.5015379190444946,0.2726814150810241
2454,0.761823296546936,0.2082709074020385,0.0281864050775766,0.001719381660223
2455,0.5622501373291016,0.3864284753799438,0.0491288639605045,0.0021925643086433
2456,0.0011334423907101,0.6864334940910339,0.3093998432159424,0.0030332491733133
2457,0.000248751573963,0.5176630020141602,0.4787599742412567,0.0033282591030001
2458,0.0005016168579459,0.5675513744354248,0.4284102618694305,0.0035367431119084
2459,0.0284706037491559,0.7939314246177673,0.1744035929441452,0.0031943130306899
2460,0.0609466582536697,0.6059963703155518,0.3047141134738922,0.028342830017209
2461,0.0174356289207935,0.8142485618591309,0.165424644947052,0.0028911107219755
2462,0.0020117834210395,0.5406496524810791,0.4412654340267181,0.016073090955615
2463,0.1387380361557006,0.715665340423584,0.1409228444099426,0.0046737538650631
2464,0.0001971585734281,0.968988835811615,0.0306651853024959,0.0001488230918766
2465,0.0013973984168842,0.5213842391967773,0.4673657715320587,0.0098526179790496
2466,0.0421590916812419,0.8601229786872864,0.0965031161904335,0.0012147950474172
2467,0.0142444111406803,0.952880561351776,0.0326057784259319,0.0002691771951504
2468,0.0710588842630386,0.7882055640220642,0.136969581246376,0.0037659832742065
2469,0.0220528822392225,0.8275282979011536,0.1483676582574844,0.0020512377377599
2470,0.009091455489397,0.657592236995697,0.3155161738395691,0.0178002063184976
2471,0.0005961276474408,0.8009707927703857,0.1962863355875015,0.0021467378828674
2472,0.0044368267990648,0.9000402092933655,0.0948635414242744,0.0006594754522666
2473,0.004736996255815,0.748374342918396,0.2429615706205368,0.003927107900381
2474,0.0088290767744183,0.7236446738243103,0.2620867490768432,0.005439436994493
2475,0.0432397425174713,0.6158540844917297,0.3195008933544159,0.0214052274823188
2476,0.0011037642834708,0.1885477751493454,0.5899137854576111,0.2204346805810928
2477,6.879692955408245e-05,0.0091525167226791,0.09994837641716,0.8908302187919617
2478,0.0069651226513087,0.607690155506134,0.3743870258331299,0.0109576741233468
2479,0.0120517117902636,0.7813957333564758,0.2006790190935135,0.0058735352940857
2480,0.0352405086159706,0.6546306610107422,0.2997117638587951,0.0104170739650726
2481,0.0008910131291486,0.6821358799934387,0.3123045563697815,0.0046685747802257
2482,0.0018156146397814,0.1158937737345695,0.4239218235015869,0.4583687782287597
2483,0.1124904602766037,0.3988133072853088,0.3464950025081634,0.1422012746334076
2484,0.3371780216693878,0.5559125542640686,0.1044528782367706,0.0024564962368458
2485,0.0038371062837541,0.7312229871749878,0.2607256174087524,0.0042142369784414
2486,0.0030041076242923,0.4059502184391022,0.5377966165542603,0.0532490797340869
2487,0.0022398019209504,0.1864685267210006,0.499015599489212,0.3122760057449341
2488,0.0002893057535402,0.1452532708644867,0.8101576566696167,0.0442997440695762
2489,0.0057443305850028,0.6639543175697327,0.3235854804515838,0.0067158029414713
2490,0.287793904542923,0.563473105430603,0.1380850225687027,0.0106479730457067
2491,0.9558901190757751,0.0312109179794788,0.0104543473571538,0.0024446279276162
2492,0.0017762160860002,0.5757855176925659,0.4147228002548218,0.007715530693531
2493,0.0008574440726079,0.7438398003578186,0.2530787587165832,0.0022240406833589
2494,0.0013018669560551,0.6957910060882568,0.2992559969425201,0.0036511761136353
2495,0.0151342349126935,0.7523558735847473,0.225898191332817,0.0066116577945649
2496,0.172101616859436,0.5138005018234253,0.2624236345291137,0.0516742765903472
2497,0.0082860672846436,0.7117312550544739,0.2701427042484283,0.009839947335422
2498,0.0028737946413457,0.9029194116592408,0.0936915799975395,0.0005152429803274
2499,0.0007468532421626,0.1423250436782837,0.5992107391357422,0.2577173411846161
2500,0.0016673487843945,0.4844962954521179,0.4998758733272552,0.0139605412259697
2501,0.0038730532396584,0.2890336513519287,0.5233723521232605,0.1837209910154342
2502,0.0341492071747779,0.7076781392097473,0.2523304224014282,0.0058422405272722
2503,0.0670199394226074,0.6458808779716492,0.2734831869602203,0.0136159257963299
2504,0.0244727618992328,0.4075080454349518,0.447560042142868,0.1204591542482376
2505,0.0456811375916004,0.4911185204982757,0.3946248292922973,0.0685755088925361
2506,0.0012946942588314,0.8478041291236877,0.1496463119983673,0.0012548606609925
2507,0.0002910500916186,0.8409146666526794,0.1580031812191009,0.0007911563152447
2508,0.7427799105644226,0.2030647248029709,0.0489916466176509,0.0051636816933751
2509,0.0144974226132035,0.7095251679420471,0.2610197365283966,0.0149576216936111
2510,0.0025469167158007,0.1457304209470749,0.3663662374019623,0.4853564202785492
2511,0.0261416565626859,0.4089243113994598,0.4421526193618774,0.1227813437581062
2512,0.0083372090011835,0.8638105988502502,0.1264034062623977,0.0014487897278741
2513,0.0011654087575152,0.1870165318250656,0.4280850887298584,0.3837329745292663
2514,0.0012113099219277,0.7932015657424927,0.2037110179662704,0.0018761134706437
2515,0.0131336627528071,0.7999535202980042,0.1841597706079483,0.0027529653161764
2516,0.0047282581217586,0.2791311740875244,0.5054413080215454,0.2106992751359939
2517,0.0023377037141472,0.6184980869293213,0.3693220615386963,0.0098421005532145
2518,0.005420564673841,0.8300201892852783,0.1634406596422195,0.0011185968760401
2519,0.0005940428236499,0.4692197144031524,0.5153370499610901,0.0148492027074098
2520,0.0047386735677719,0.6816437840461731,0.3072409629821777,0.0063765817321836
2521,0.009863463230431,0.5301777720451355,0.41290283203125,0.0470559485256671
2522,0.0066466573625802,0.8177968859672546,0.1741189956665039,0.0014374403981491
2523,0.006959366146475,0.8299274444580078,0.1608887612819671,0.0022243468556553
2524,0.0113631086423993,0.7030106782913208,0.2796383202075958,0.0059879380278289
2525,0.0100215282291173,0.5303226709365845,0.4328367710113525,0.0268190000206232
2526,0.4543245136737823,0.4136671721935272,0.1222797855734825,0.0097285192459821
2527,0.0015483713941648,0.4161116778850555,0.5599395036697388,0.0224003996700048
2528,0.0358544737100601,0.3049333989620209,0.4103327393531799,0.248879387974739
2529,0.9332776069641112,0.0443373620510101,0.0181960184127092,0.0041889613494277
2530,0.0013620912795886,0.2806606292724609,0.642438530921936,0.0755387768149375
2531,0.000722570461221,0.3103062510490417,0.636707067489624,0.0522640980780124
2532,0.0031263583805412,0.7892782688140869,0.2058955430984497,0.0016997717320919
2533,0.0170711316168308,0.7972265481948853,0.1835319697856903,0.0021703506354242
2534,0.0010688861366361,0.8311971426010132,0.1662498861551284,0.0014840012881904
2535,0.0039945659227669,0.57460618019104,0.4074567854404449,0.0139424055814743
2536,0.0222924295812845,0.8107802867889404,0.1647200137376785,0.0022072491701692
2537,0.2698072791099548,0.6273207068443298,0.0992565602064132,0.003615419846028
2538,0.0033162252511829,0.8114535212516785,0.1839110404253006,0.0013191032921895
2539,0.0023613397497683,0.5179373025894165,0.4715872704982757,0.008114106953144
2540,0.0008842051611281,0.8038670420646667,0.1939419507980346,0.0013067706022411
2541,0.932510495185852,0.0479007139801979,0.017348488792777,0.0022403462789952
2542,0.0091864001005887,0.6855518817901611,0.2948521971702575,0.0104095553979277
2543,0.0080669159069657,0.7492114305496216,0.2394623607397079,0.0032593286596238
2544,0.0429218932986259,0.5394941568374634,0.3766276240348816,0.0409563556313514
2545,0.0013558535138145,0.5385100245475769,0.4464404881000519,0.0136936353519558
2546,0.5838264226913452,0.3486186563968658,0.062503881752491,0.0050510880537331
2547,0.0107621615752577,0.7906942367553711,0.1937679648399353,0.0047756796702742
2548,0.0007742431480437,0.06861462444067,0.2589488923549652,0.6716622710227966
2549,0.0086768483743071,0.3412220776081085,0.5122349262237549,0.1378661692142486
2550,0.0290403235703706,0.4472243189811706,0.4472243189811706,0.0765110626816749
2551,0.191422238945961,0.5122724771499634,0.253593236207962,0.0427120737731456
2552,0.0034417773131281,0.3622150421142578,0.5353190898895264,0.0990240797400474
2553,0.0090533355250954,0.534460723400116,0.4097852706909179,0.0467006564140319
2554,0.4624372124671936,0.4482094943523407,0.0842160731554031,0.0051372135058045
2555,0.0021779472008347,0.0911729037761688,0.263817548751831,0.642831563949585
2556,0.199372798204422,0.7068379521369934,0.0912795215845108,0.0025097331963479
2557,0.4993215501308441,0.3888720273971557,0.1014433279633522,0.0103630879893898
2558,0.0183166991919279,0.8825479745864868,0.0974839851260185,0.0016513005830347
2559,0.0146051160991191,0.8757861256599426,0.1079180240631103,0.0016906650271266
2560,0.0154413655400276,0.5275797247886658,0.410879522562027,0.0460994020104408
2561,0.0158240105956792,0.5322713255882263,0.4145333468914032,0.0373713113367557
2562,0.0222234819084405,0.7475299835205078,0.2244491875171661,0.0057973410002887
2563,0.0033281480427831,0.3613749742507934,0.5424880385398865,0.0928087681531906
2564,0.0015153522836044,0.4267818331718445,0.5479987263679504,0.0237040985375642
2565,0.0004439472977537,0.8954493403434753,0.1036557853221893,0.0004509384743869
2566,0.001984936883673,0.4707547128200531,0.5090072154998779,0.0182531420141458
2567,0.0010964350076392,0.4708614945411682,0.5171402096748352,0.01090192142874
2568,0.0011790648568421,0.4005531966686249,0.5648705363273621,0.0333971828222274
2569,0.0067288768477737,0.2263388633728027,0.4717307090759277,0.2952015399932861
2570,0.0043596364557743,0.5891252160072327,0.3924420177936554,0.0140730794519186
2571,0.0011250091483816,0.3023366630077362,0.6301237344741821,0.0664145499467849
2572,0.0005726452218368,0.5899342894554138,0.4054554998874664,0.0040375422686338
2573,0.0098419077694416,0.6184859871864319,0.3524026572704315,0.0192695204168558
2574,0.0385057479143142,0.7855880260467529,0.1596018970012664,0.0163043588399887
2575,0.0311554297804832,0.8290151953697205,0.1374641805887222,0.0023652019444853
2576,0.6527138352394104,0.2720915973186493,0.0687955319881439,0.0063989819027483
2577,0.0788871571421623,0.8750390410423279,0.0449485480785369,0.0011252649128437
2578,0.0029339003376662,0.3783076107501983,0.541900634765625,0.0768578574061393
2579,0.0030764348339289,0.222520962357521,0.5338000655174255,0.2406025379896164
2580,0.6266021728515625,0.3353959918022156,0.0364726185798645,0.0015291115269064
2581,0.6682326793670654,0.2829475104808807,0.0454738028347492,0.003345986129716
2582,0.3413972556591034,0.3577812314033508,0.2346386611461639,0.0661828741431236
2583,0.0324251353740692,0.3431984484195709,0.4406755566596985,0.1837008893489837
2584,0.897321879863739,0.083463929593563,0.0166938360780477,0.0025203926488757
2585,0.9321823120117188,0.049403853714466,0.0153045998886227,0.0031093179713934
2586,0.008871735073626,0.584274172782898,0.3892105519771576,0.0176435522735118
2587,0.0024335891939699,0.2443843483924865,0.5771586298942566,0.1760234236717224
2588,0.0021137886215001,0.4424077868461609,0.5253722071647644,0.0301062259823083
2589,0.0002176794660044,0.7705798745155334,0.2277829647064209,0.0014194484101608
2590,0.0022259622346609,0.3984927237033844,0.5362305641174316,0.0630507096648216
2591,0.0003452762030065,0.9668945670127868,0.0325723700225353,0.0001877234171843
2592,0.0022883561905473,0.3730020225048065,0.5512611865997314,0.0734484493732452
2593,0.0008489505853503,0.2110026478767395,0.6601688861846924,0.1279795616865158
2594,0.2567743062973022,0.6660218834877014,0.0747255757451057,0.0024782991968095
2595,0.0078625353053212,0.8808251619338989,0.1102482080459594,0.0010640785330906
2596,0.0018494180403649,0.832344114780426,0.1638982594013214,0.0019081247737631
2597,0.001386773888953,0.4093130230903625,0.5682747960090637,0.0210253782570362
2598,0.0018910352373495,0.2720197141170501,0.5758656859397888,0.1502235531806945
2599,0.0207668915390968,0.8969363570213318,0.0808612629771232,0.0014354593586176
2600,0.0011440496891736,0.6611292362213135,0.3324366509914398,0.005290032364428
2601,0.0029063252732157,0.5368074774742126,0.4381295144557953,0.0221566930413246
2602,0.0055764396674931,0.339653342962265,0.54276442527771,0.1120057702064514
2603,0.0034372501540929,0.1966738551855087,0.5181666016578674,0.2817222774028778
2604,0.0132866371423006,0.6204895973205566,0.3480631113052368,0.018160680308938
2605,0.0391799472272396,0.811930775642395,0.1455711722373962,0.0033181754406541
2606,0.0016682794084772,0.2437559962272644,0.5493126511573792,0.2052631378173828
2607,0.0018575985450297,0.9039595127105712,0.0937995091080665,0.0003833371447399
2608,0.145267367362976,0.6612955927848816,0.1725092679262161,0.0209277458488941
2609,0.0291789565235376,0.5336273312568665,0.3843573927879333,0.0528362616896629
2610,0.000766753219068,0.5779051184654236,0.4162494838237762,0.0050785951316356
2611,0.0004287582705728,0.4927554726600647,0.5005152225494385,0.0063005569390952
2612,0.0161884520202875,0.6170334219932556,0.3571115434169769,0.0096665667369961
2613,0.0013000481994822,0.2516467571258545,0.6036691665649414,0.1433840095996856
2614,0.0447602979838848,0.7453259229660034,0.2037607580423355,0.0061530414968729
2615,0.0071502947248518,0.5253309607505798,0.4027852416038513,0.064733475446701
2616,0.0005368505371734,0.8565943837165833,0.1420372575521469,0.0008314903825521
2617,0.007030404638499,0.7284137606620789,0.2597239315509796,0.0048319213092327
2618,0.9645171165466307,0.025305014103651,0.0083447080105543,0.0018330890452489
2619,0.2712956070899963,0.6714630722999573,0.0559850111603736,0.0012563478667289
2620,0.0016619127709418,0.1496006250381469,0.5558336973190308,0.2929038107395172
2621,0.0404840856790542,0.8005380034446716,0.1576352715492248,0.0013426684308797
2622,0.0006594488513655,0.0593616850674152,0.2499220371246338,0.6900568604469299
2623,0.0014354704180732,0.2778600454330444,0.6261672973632812,0.0945371240377426
2624,0.0024002948775887,0.1580784916877746,0.4230399429798126,0.4164813458919525
2625,0.0006352926138788,0.7416151762008667,0.2562953531742096,0.001454199431464
2626,0.6896212100982666,0.2743123471736908,0.0338019132614135,0.002264586975798
2627,0.0686212182044982,0.7039636969566345,0.2215119898319244,0.005903095472604
2628,0.0022287657484412,0.7002573609352112,0.291910707950592,0.0056031164713203
2629,0.0025102391373366,0.7294225096702576,0.2641793191432953,0.0038879346102476
2630,0.0072397966869175,0.6218618750572205,0.3543262183666229,0.0165720582008361
2631,0.0036481171846389,0.3606691658496856,0.4853334426879883,0.1503492891788482
2632,0.0083177899941802,0.7371353507041931,0.250797688961029,0.0037491214461624
2633,0.0056775934062898,0.4653442203998565,0.4876765310764313,0.0413016453385353
2634,0.0362452641129493,0.7280056476593018,0.2255256175994873,0.0102234473451972
2635,0.037726379930973,0.7344409227371216,0.2205191403627395,0.0073135918937623
2636,0.2969970703125,0.4528664350509643,0.2241851389408111,0.0259513147175312
2637,0.5253345370292664,0.3339229226112366,0.1267428696155548,0.0139996912330389
2638,0.1888294667005539,0.5213748812675476,0.262163758277893,0.0276318565011024
2639,0.0628017410635948,0.7075850963592529,0.2191996276378631,0.0104135507717728
2640,0.0105863809585571,0.6348053216934204,0.3345189094543457,0.0200894195586442
2641,0.0009859611745923,0.8035076856613159,0.1938552558422088,0.0016511742724105
2642,0.000926784123294,0.2130368947982788,0.6665334701538086,0.1195028647780418
2643,0.0014086294686421,0.2726645469665527,0.6049327254295349,0.1209941506385803
2644,0.0165387690067291,0.8616354465484619,0.1203112676739692,0.0015144953504204
2645,0.1345250308513641,0.798711895942688,0.0655622631311416,0.001200814731419
2646,0.000773228413891,0.053367082029581,0.2318160384893417,0.7140436768531799
2647,0.0001399462053086,0.0262555629014968,0.2414416819810867,0.7321627736091614
2648,0.0109589342027902,0.7105433940887451,0.2696918547153473,0.0088057518005371
2649,0.0057083494029939,0.3476877510547638,0.5469896197319031,0.0996142104268074
2650,0.0047332365065813,0.3370510041713714,0.5220348238945007,0.1361809223890304
2651,0.0013971130829304,0.6094354391098022,0.3813749551773071,0.007792470511049
2652,0.0019453247077763,0.1984285116195678,0.5565065145492554,0.2431196868419647
2653,0.002926681889221,0.2288906276226043,0.4696530699729919,0.2985296547412872
2654,0.8113954663276672,0.1597732305526733,0.0260822661221027,0.002749050501734
2655,0.0230422746390104,0.5850548148155212,0.3718834519386291,0.0200194753706455
2656,0.0318687297403812,0.7601381540298462,0.2014165818691253,0.0065764836035668
2657,0.1985192447900772,0.6611700654029846,0.1364401429891586,0.0038705093320459
2658,0.8353074789047241,0.1203374564647674,0.0390678532421588,0.0052872584201395
2659,0.0921778157353401,0.6201550364494324,0.2751921415328979,0.0124749103561043
2660,0.0032455381006002,0.6899755597114563,0.3014279901981354,0.0053509874269366
2661,0.0014243653276935,0.4992471933364868,0.4915071129798889,0.0078213047236204
2662,0.0052416012622416,0.6349219679832458,0.3506371974945068,0.009199297055602
2663,0.0101706953719258,0.8206818699836731,0.1667316406965255,0.0024157518055289
2664,0.0201480854302644,0.5796846151351929,0.3684699535369873,0.0316973850131034
2665,0.009099306538701,0.5899708271026611,0.3750082850456238,0.0259215105324983
2666,0.0026313480921089,0.7527598142623901,0.2405965030193328,0.0040123262442648
2667,0.0017054303316399,0.5442683696746826,0.4373319149017334,0.016694301739335
2668,0.002341883489862,0.7357978820800781,0.2582893669605255,0.0035709459334611
2669,0.0039019731339067,0.8830283880233765,0.1122644543647766,0.0008052176563069
2670,0.0010880802292376,0.820090651512146,0.1773570477962494,0.0014641719171777
2671,0.0207384265959262,0.5693459510803223,0.3792662024497986,0.0306494068354368
2672,0.0051456126384437,0.6845552921295166,0.2990600764751434,0.0112390518188476
2673,0.0004585161514114,0.064933605492115,0.3736671209335327,0.5609407424926758
2674,0.0100427214056253,0.8626189827919006,0.1262290328741073,0.0011092933127656
2675,0.043857391923666,0.6649376749992371,0.2771872580051422,0.0140176648274064
2676,0.012993412092328,0.7319355607032776,0.2490285485982895,0.0060424976982176
2677,0.0104771507903933,0.7697545289993286,0.2171192318201065,0.0026490383315831
2678,0.0096379183232784,0.5779314041137695,0.3910479843616485,0.0213826596736907
2679,0.0160004142671823,0.6004111170768738,0.3699025511741638,0.013685880228877
2680,0.0888052582740783,0.8039771914482117,0.1054588556289672,0.0017586930189281
2681,0.2113714963197708,0.6717372536659241,0.1131390184164047,0.0037522937636822
2682,0.0064537897706031,0.8585909008979797,0.1337426602840423,0.0012126312358304
2683,0.0035196961835026,0.8218021392822266,0.1722590923309326,0.002419049385935
2684,0.0274788066744804,0.8548405766487122,0.1156900897622108,0.0019905578810721
2685,0.0110952341929078,0.6864378452301025,0.2906560897827148,0.011810814961791
2686,0.0037841440644115,0.2571269273757934,0.5704609751701355,0.1686279326677322
2687,0.0023008722346276,0.4316708147525787,0.5288941264152527,0.0371341928839683
2688,0.0031575860921293,0.6925863027572632,0.2978776693344116,0.0063784988597035
2689,0.0053327945061028,0.5190500617027283,0.4509585201740265,0.024658590555191
2690,0.0073578716255724,0.6623344421386719,0.3177915215492248,0.0125161604955792
2691,0.0024981580208986,0.4835616052150726,0.4760646820068359,0.037875473499298
2692,0.104748286306858,0.6317130327224731,0.2435470819473266,0.019991559907794
2693,0.3981465995311737,0.4304991364479065,0.1559164524078369,0.015437819994986
2694,0.0015998936723917,0.281973272562027,0.6158862113952637,0.1005406603217125
2695,0.0045104278251528,0.4600761830806732,0.4821556806564331,0.0532576777040958
2696,0.0156868547201156,0.626609206199646,0.3460464477539062,0.0116574801504611
2697,0.2763694524765014,0.4926818311214447,0.208614632487297,0.0223340764641761
2698,0.0017422083765268,0.8747196793556213,0.1221382319927215,0.0013999037910252
2699,0.0168750621378421,0.9358563423156738,0.04659353941679,0.0006750874454155
2700,0.0087445061653852,0.3603859841823578,0.5003463625907898,0.1305231600999832
2701,0.0015246823895722,0.3730775117874145,0.5961761474609375,0.0292216874659061
2702,0.0020901053212583,0.5444164276123047,0.430668830871582,0.0228246115148067
2703,0.0012575121363624,0.440764307975769,0.5485399961471558,0.0094381524249911
2704,0.0008356143371202,0.5558018684387207,0.439675509929657,0.0036869035102427
2705,0.0089811468496918,0.8879163265228271,0.1011902540922164,0.001912196399644
2706,0.0070437933318316,0.5773200988769531,0.3967859447002411,0.0188501700758934
2707,0.0057962373830378,0.7473876476287842,0.2426412403583526,0.0041748732328414
2708,0.4751199781894684,0.4127914011478424,0.1060135960578918,0.0060750627890229
2709,0.3321837186813354,0.4265323281288147,0.2078752517700195,0.0334085933864116
2710,0.0008645132766105,0.7156286239624023,0.2802442014217376,0.0032626388128846
2711,0.0052753104828298,0.747072696685791,0.2425389885902404,0.0051130061037838
2712,0.0601883791387081,0.8308749198913574,0.1039962023496627,0.0049405628815293
2713,0.0062403981573879,0.553033709526062,0.424025684595108,0.0167001709342002
2714,0.0049585569649934,0.9302839040756226,0.0643035471439361,0.0004540671652648
2715,0.0037000330630689,0.2150438129901886,0.4481897950172424,0.3330663740634918
2716,0.0040857992134988,0.2864365875720978,0.5186696648597717,0.1908079236745834
2717,0.0439054146409034,0.6451853513717651,0.290807843208313,0.0201013647019863
2718,0.0060000531375408,0.6413936614990234,0.3433133065700531,0.0092930644750595
2719,0.0179872903972864,0.7891176342964172,0.1903835088014602,0.0025115886237472
2720,0.0117102041840553,0.6913081407546997,0.2837122678756714,0.0132694002240896
2721,0.0045077605172991,0.5460308790206909,0.4186564087867737,0.030804956331849
2722,0.0015209623379632,0.6952998638153076,0.2990447580814361,0.0041344040073454
2723,0.1017562001943588,0.6233323216438293,0.2518490254878998,0.0230624303221702
2724,0.0002278935426147,0.018972648307681,0.1613576412200927,0.8194417357444763
2725,9.227124246535824e-05,0.0089809196069836,0.0604219399392604,0.9305047988891602
2726,0.9121788144111632,0.0620745457708835,0.0221333615481853,0.0036131718661636
2727,0.0146834282204508,0.6646227240562439,0.3090782761573791,0.0116155482828617
2728,0.0048355888575315,0.5089007019996643,0.4561756253242492,0.0300880428403615
2729,0.0029318013694137,0.7286853790283203,0.2639123499393463,0.0044704629108309
2730,0.027177907526493,0.8454799056053162,0.1237210407853126,0.0036211055703461
2731,0.0314478687942028,0.798477053642273,0.1673698723316192,0.0027052820660173
2732,0.0137088261544704,0.3705227673053741,0.4683846533298492,0.147383764386177
2733,0.0105199459940195,0.5926020741462708,0.3708409070968628,0.0260371174663305
2734,0.0064691151492297,0.4464887678623199,0.4752848148345947,0.0717572793364524
2735,0.2448578774929046,0.3733636736869812,0.3047305643558502,0.0770479440689086
2736,0.0078976368531584,0.5893755555152893,0.3865219056606293,0.0162048991769552
2737,0.004914226476103,0.3783744573593139,0.5335935354232788,0.0831178426742553
2738,0.0304656159132719,0.6215545535087585,0.3379333615303039,0.0100464941933751
2739,0.0061160889454185,0.5860604047775269,0.3904004096984863,0.017423115670681
2740,0.0027334075421094,0.4386378228664398,0.5208953022956848,0.0377335287630558
2741,0.0032174745574593,0.8646689057350159,0.1305454820394516,0.0015680716605857
2742,0.9572423696517944,0.0298237986862659,0.0106340032070875,0.002299764426425
2743,0.977611780166626,0.016050461679697,0.0052108219824731,0.0011269192909821
2744,0.0042892079800367,0.6074239611625671,0.3742230534553528,0.0140637699514627
2745,0.0012683182721957,0.4047691226005554,0.5532538294792175,0.0407087020576
2746,0.0078632719814777,0.4293201267719269,0.501926064491272,0.0608905404806137
2747,0.0011901960242539,0.8559765815734863,0.1419348269701004,0.0008984070736914
2748,0.0425189547240734,0.7655349969863892,0.1876024305820465,0.0043435846455395
2749,0.8526735901832581,0.1084052771329879,0.0357482694089412,0.0031728392932564
2750,0.0027057584375143,0.6417073011398315,0.3488901853561401,0.0066968165338039
2751,0.0134209962561726,0.617047131061554,0.357119470834732,0.012412391602993
2752,0.0013879295438528,0.7302873730659485,0.2644925713539123,0.0038321963511407
2753,0.0045687817037105,0.7106084823608398,0.2782782614231109,0.0065444777719676
2754,0.0042028222233057,0.5679345726966858,0.415509819984436,0.0123527813702821
2755,0.0009782902197912,0.3707585632801056,0.5832850933074951,0.0449781194329261
2756,0.0012414541561156,0.4631997346878052,0.5167366862297058,0.018822131678462
2757,0.0052081253379583,0.4010034501552582,0.5230070948600769,0.0707813128829002
2758,0.0078037898056209,0.5733431577682495,0.3940526247024536,0.0248003937304019
2759,0.0017631958471611,0.6578671336174011,0.336005687713623,0.0043639517389237
2760,0.004769823513925,0.8406574726104736,0.1530950963497162,0.0014776223106309
2761,0.0170465502887964,0.9453666806221008,0.0372330881655216,0.0003537898883223
2762,0.0014011864550411,0.6306142807006836,0.3649715483188629,0.0030130243394523
2763,0.0022847547661513,0.3964336216449737,0.5334597826004028,0.0678217932581901
2764,0.0023049749433994,0.2972117364406585,0.6098388433456421,0.0906444564461708
2765,0.0031743226572871,0.7889629006385803,0.2058132886886596,0.0020494968630373
2766,0.0027335383929312,0.3159540593624115,0.5632490515708923,0.1180634126067161
2767,0.034165546298027,0.5261533260345459,0.3971613943576813,0.042519710958004
2768,0.0008693078416399,0.9239813685417176,0.0746691450476646,0.0004800773167517
2769,0.8349027633666992,0.1202791556715965,0.0384435281157493,0.0063745607621967
2770,0.0013842914486303,0.2256394624710083,0.5944808125495911,0.1784954965114593
2771,0.0058954549022018,0.4908097982406616,0.4610731303691864,0.0422215871512889
2772,0.4863658249378204,0.3043599724769592,0.1680835336446762,0.0411906391382217
2773,0.0040158322080969,0.2125111818313598,0.5426663160324097,0.2408067137002945
2774,0.000658870441839,0.4965934157371521,0.4965934157371521,0.0061542731709778
2775,0.0119497133418917,0.7993767261505127,0.1869249790906906,0.0017486294964328
2776,0.0009115381981246,0.60630202293396,0.3853890001773834,0.0073973974213004
2777,0.0016901968047022,0.7488921284675598,0.2469584196805954,0.0024592215195298
2778,0.0695598125457763,0.6809147000312805,0.2390235364437103,0.0105019612237811
2779,0.0376884937286376,0.8444874286651611,0.1160887405276298,0.0017353859730064
2780,0.0123285371810197,0.850897490978241,0.1346315443515777,0.0021423788275569
2781,0.1109387502074241,0.723411500453949,0.1614149212837219,0.0042348722927272
2782,0.0013354585971683,0.0776160806417465,0.2505477964878082,0.670500636100769
2783,0.0060478108935058,0.2959887087345123,0.544406533241272,0.1535569131374359
2784,0.1215959042310714,0.8180744051933289,0.0592611134052276,0.0010685775196179
2785,0.0073593356646597,0.9489391446113586,0.0430169701576232,0.0006845248281024
2786,0.0036109259817749,0.5794557332992554,0.4045252799987793,0.012407973408699
2787,0.0017984970472753,0.4758374989032745,0.4986733794212341,0.023690553382039
2788,0.1260388046503067,0.7483267784118652,0.1202670633792877,0.0053673791699111
2789,0.0180539470165967,0.7557716965675354,0.2234056890010833,0.0027686625253409
2790,0.0006788200116716,0.8979377150535583,0.1007458195090293,0.0006376923993229
2791,0.0013007577508687,0.9354913234710692,0.0626740083098411,0.0005338298506103
2792,0.0017442459939047,0.6610453128814697,0.3323944509029388,0.0048160175792872
2793,0.0002382120292168,0.0610858872532844,0.410974383354187,0.5277015566825867
2794,0.8051336407661438,0.1714228391647339,0.0195359885692596,0.0039074439555406
2795,0.7722164392471313,0.1952468901872635,0.0294778700917959,0.0030587760265916
2796,0.0091181453317403,0.5217254161834717,0.4325255751609802,0.0366308726370334
2797,0.5186464786529541,0.324560672044754,0.1395917981863021,0.0172010865062475
2798,0.0012569286627694,0.7853826880455017,0.2113828808069229,0.00197742623277
2799,0.0010338088031858,0.3567373752593994,0.616386890411377,0.0258419699966907
2800,0.0002853860496543,0.0230280384421348,0.1649203300476074,0.8117663264274597
2801,0.0049176784232258,0.2562008202075958,0.4786460995674133,0.2602353692054748
2802,0.0048840269446372,0.7025524377822876,0.2838568389415741,0.0087067196145653
2803,0.0023174800444394,0.2220672667026519,0.6131473779678345,0.1624678969383239
2804,0.003812599228695,0.7152886986732483,0.2757683396339416,0.0051304129883646
2805,0.8289885520935059,0.1396244466304779,0.0292668752372264,0.0021200850605964
2806,0.0136432349681854,0.5119585990905762,0.4178484678268432,0.0565496385097503
2807,0.0232019703835248,0.7683437466621399,0.203590840101242,0.0048633972182869
2808,0.0086772181093692,0.4591839909553528,0.4737600684165954,0.05837869271636
2809,0.0295613445341587,0.3383116722106933,0.4481901228427887,0.1839368641376495
2810,0.001764980959706,0.1469386219978332,0.4455858469009399,0.4057105183601379
2811,0.0042808414436876,0.3620019257068634,0.5267096757888794,0.1070075631141662
2812,0.0009271433227695,0.1880772560834884,0.6667917966842651,0.1442038416862487
2813,0.0310037024319171,0.6628883481025696,0.2941549122333526,0.0119529906660318
2814,0.5946692824363708,0.3284075558185577,0.0656856447458267,0.01123748999089
2815,0.7907124161720276,0.1848989278078079,0.0231428146362304,0.0012458391720429
2816,0.0021209493279457,0.8164688944816589,0.1793544143438339,0.0020556948147714
2817,0.002632912248373,0.8669362664222717,0.1288585662841797,0.0015721835661679
2818,0.7104934453964233,0.2494066804647445,0.037654772400856,0.0024450968485325
2819,0.0030958978459239,0.3013290762901306,0.5992644429206848,0.0963105633854866
2820,0.0037173565942794,0.6350081562995911,0.3506847620010376,0.0105897635221481
2821,0.0002686064690351,0.0320322178304195,0.2155067473649978,0.7521924376487732
2822,0.0011763197835534,0.3996206521987915,0.5724301934242249,0.026772916316986
2823,0.0084750587120652,0.4484860301017761,0.4774109125137329,0.0656280070543289
2824,0.0024998039007186,0.1808128207921981,0.523199200630188,0.2934881448745727
2825,0.0010404644999653,0.7720444202423096,0.2246777266263961,0.002237349981442
2826,0.0101718371734023,0.4901065528392792,0.439328670501709,0.0603929758071899
2827,0.0097325891256332,0.4914474487304687,0.454514592885971,0.0443053320050239
2828,0.001266042352654,0.1232260912656784,0.5352697372436523,0.3402381241321563
2829,0.0002736790920607,0.0474867634475231,0.2863818407058716,0.66585773229599
2830,0.0021988817024976,0.4190326929092407,0.5551281571388245,0.0236402079463005
2831,0.0045925755985081,0.498668223619461,0.4758325815200805,0.0209066234529018
2832,0.0009841219289228,0.9376431703567504,0.0608854703605175,0.0004871756536886
2833,0.0022233573254197,0.8693696856498718,0.1272168904542923,0.0011900776298716
2834,0.0008571580983698,0.0573396384716033,0.2097396850585937,0.7320634126663208
2835,0.0039267009124159,0.3821926116943359,0.5474656224250793,0.0664151161909103
2836,0.0030812628101557,0.3345678150653839,0.5430571436882019,0.1192938238382339
2837,0.0045459102839231,0.2057636082172393,0.4709975719451904,0.3186929225921631
2838,0.0006919897859916,0.1381984949111938,0.5639361143112183,0.2971734404563904
2839,0.0015395517693832,0.4268750250339508,0.5312545299530029,0.0403308346867561
2840,0.0024004362057894,0.5265127420425415,0.4503502249717712,0.0207366049289703
2841,0.7731937766075134,0.1646224409341812,0.0568919964134693,0.0052917799912393
2842,0.0024249621201306,0.9334999322891236,0.0635254681110382,0.0005496030207723
2843,0.0024007789324969,0.4946834743022918,0.4870141446590423,0.0159015748649835
2844,0.002577988198027,0.7037226557731628,0.288807213306427,0.0048921625129878
2845,0.0025586567353457,0.8294247388839722,0.1658953875303268,0.0021212007850408
2846,0.0077123516239225,0.3774538040161133,0.4922925531864166,0.1225413158535957
2847,0.0047019962221384,0.3735258281230926,0.5434768795967102,0.0782952681183815
2848,0.9581375122070312,0.0280430633574724,0.0113304210826754,0.0024889633059501
2849,0.9374170899391174,0.0466712452471256,0.0137959951534867,0.0021156843286007
2850,0.4191683232784271,0.5466985106468201,0.0333488248288631,0.0007842892082408
2851,0.00314123602584,0.7567185759544373,0.2381120473146438,0.0020281344186514
2852,0.0017735385335981,0.823531448841095,0.1726215630769729,0.0020734767895191
2853,0.0005558854318223,0.2541200816631317,0.680060625076294,0.0652634352445602
2854,0.0017927328590303,0.283224880695343,0.618619978427887,0.09636240452528
2855,0.0054023945704102,0.5865994691848755,0.3969131112098694,0.0110849943011999
2856,0.0053095454350113,0.6635679006576538,0.323397159576416,0.0077253435738384
2857,0.0007551828166469,0.1270022243261337,0.6349712014198303,0.2372714132070541
2858,0.0019227624870836,0.8257259726524353,0.1703981757164001,0.0019530415302142
2859,0.0152442175894975,0.781879186630249,0.1976900100708007,0.0051865833811461
2860,0.0590815730392932,0.8155959248542786,0.1231365650892257,0.0021859358530491
2861,0.0038651649374514,0.771918773651123,0.221158429980278,0.0030575969722121
2862,0.0005558764096349,0.9151067733764648,0.0837985500693321,0.000538773892913
2863,0.0022102557122707,0.2290025502443313,0.5847784876823425,0.1840087175369262
2864,0.0003217465418856,0.0716833770275116,0.5464860796928406,0.3815087676048279
2865,0.0007570493035018,0.2305397093296051,0.6266718506813049,0.1420313864946365
2866,0.0004698134143836,0.4764941036701202,0.5152129530906677,0.0078230956569314
2867,0.1909481137990951,0.6876305937767029,0.1176397278904914,0.0037815228570252
2868,0.7534206509590149,0.1934944242238998,0.0481645688414573,0.00492032058537
2869,0.788079023361206,0.1527760773897171,0.0511735826730728,0.0079713063314557
2870,0.0052497410215437,0.4875674545764923,0.4652401506900787,0.0419426672160625
2871,0.0066839815117418,0.3592752814292907,0.5227424502372742,0.1112982854247093
2872,0.0014290495309978,0.8130231499671936,0.1842667758464813,0.0012809917097911
2873,0.0171484649181365,0.6536250114440918,0.313612699508667,0.0156138567253947
2874,0.0572801865637302,0.9101229906082152,0.0321312732994556,0.0004655455995816
2875,0.0135758556425571,0.5594996213912964,0.3905936777591705,0.0363308750092983
2876,0.5410975813865662,0.3958754539489746,0.0607094652950763,0.0023174667730927
2877,0.0014767764369025,0.8668461441993713,0.1308741867542266,0.000802909315098
2878,0.0060514719225466,0.3923587501049042,0.4959879219532013,0.1056019142270088
2879,0.0011233175173401,0.7471652626991272,0.2502690255641937,0.0014423682587221
2880,0.0015933265676721,0.349480926990509,0.5944871306419373,0.0544386319816112
2881,0.0084481379017233,0.5651386380195618,0.394530326128006,0.0318829417228698
2882,0.0034657472278922,0.3882612287998199,0.5738128423690796,0.0344601385295391
2883,0.0099433474242687,0.3450808525085449,0.518027663230896,0.1269481480121612
2884,0.0018115548882633,0.6154234409332275,0.3732731938362121,0.0094918692484498
2885,0.0032149453181773,0.7275518774986267,0.2635018527507782,0.0057312604039907
2886,0.0253453981131315,0.6639602184295654,0.2992703318595886,0.011424065567553
2887,0.8389685153961182,0.1369578540325164,0.0227098371833562,0.0013638318050652
2888,0.0053118229843676,0.7066673636436462,0.2810928523540497,0.0069279232993721
2889,0.0003125570074189,0.9918100237846376,0.0078129423782229,6.449978536693379e-05
2890,0.1936218589544296,0.7082393765449524,0.0943637639284133,0.0037750252522528
2891,0.0316897109150886,0.7921430468559265,0.1740107387304306,0.0021565116476267
2892,0.9731740951538086,0.0195761676877737,0.005786704365164,0.0014631079975515
2893,0.965032398700714,0.0253185331821441,0.0078433165326714,0.0018056338885799
2894,0.1821208596229553,0.7316450476646423,0.0833809971809387,0.0028531407006084
2895,0.1005478054285049,0.6354816555976868,0.2337806522846222,0.0301899220794439
2896,0.007503695320338,0.5178940296173096,0.4293492436408996,0.0452530719339847
2897,0.0139427110552787,0.3028028309345245,0.4617191553115845,0.2215352654457092
2898,0.0023194190580397,0.372203916311264,0.5587441921234131,0.0667324811220169
2899,0.0044091390445828,0.256256639957428,0.5096272230148315,0.2297069877386093
2900,0.00186101521831,0.6032743453979492,0.383464515209198,0.0114000998437404
2901,0.0220207870006561,0.5504503846168518,0.396474540233612,0.0310542862862348
2902,0.0225021243095397,0.3411628007888794,0.4449601769447326,0.1913749873638153
2903,0.0014601500006392,0.1314385086297989,0.4807820916175842,0.3863192796707153
2904,0.0077045275829732,0.3890404105186462,0.4917931258678436,0.1114619374275207
2905,0.0107649825513362,0.8288577198982239,0.1581902652978897,0.0021870390046387
2906,0.0001566973078297,0.0103197628632187,0.0891491398215293,0.9003743529319763
2907,0.0002356115728616,0.0349678546190261,0.2624483704566955,0.7023481726646423
2908,0.0005036747897975,0.0432631187140941,0.30030557513237,0.6559276580810547
2909,0.0056587536819279,0.3089574873447418,0.5174064636230469,0.167977288365364
2910,0.0005879520322196,0.8812929391860962,0.1174209266901016,0.0006982103222981
2911,0.0017276565777137,0.9378977417945862,0.0599577948451042,0.0004168165614828
2912,0.0010076087201014,0.3266306221485138,0.6395117044448853,0.0328501053154468
2913,0.0044905934482812,0.4875949025154114,0.4725931584835052,0.03532125800848
2914,0.0061001274734735,0.4412270784378052,0.4999758005142212,0.0526970587670803
2915,0.0058692269958555,0.4735928773880005,0.4810508489608764,0.0394870564341545
2916,0.0081657906994223,0.5814810991287231,0.3754324316978454,0.0349206551909446
2917,0.0363207980990409,0.9222031831741332,0.0411568582057952,0.000319184968248
2918,0.0029291249811649,0.6525930166244507,0.3385607898235321,0.0059169945307075
2919,0.038589809089899,0.8122947216033936,0.1456364244222641,0.0034789766650646
2920,0.0016401999164372,0.7154724597930908,0.2801830470561981,0.0027042324654757
2921,0.0014385546091943,0.392687439918518,0.5624988079071045,0.0433752499520778
2922,0.0041853911243379,0.4474098682403564,0.5149655938148499,0.0334390774369239
2923,0.0037675674539059,0.2259196788072586,0.5335509181022644,0.2367617785930633
2924,0.0054051377810537,0.853930652141571,0.1394003480672836,0.0012639287160709
2925,0.0021984565537422,0.4322506189346313,0.5213937163352966,0.0441571772098541
2926,0.0036193036939948,0.3929890096187591,0.5542033314704895,0.0491883419454097
2927,0.0085406973958015,0.7222293019294739,0.2615741193294525,0.0076558319851756
2928,0.0152654685080051,0.7829691171646118,0.1979655921459198,0.0037998754996806
2929,0.0042735142633318,0.6052014827728271,0.3787254095077514,0.011799550615251
2930,0.0005161979352124,0.1263094693422317,0.5840490460395813,0.2891252338886261
2931,0.0008786461548879,0.3657233119010925,0.5936275124549866,0.0397705622017383
2932,0.0431816577911376,0.7654131054878235,0.187572568655014,0.0038325898349285
2933,0.0061697964556515,0.860200822353363,0.1319160759449005,0.001713290810585
2934,0.4707471132278442,0.5089989900588989,0.0197360329329967,0.000517793407198
2935,0.0009858207777142,0.1291170269250869,0.5696910619735718,0.3002060949802398
2936,0.0005748920957557,0.2144983410835266,0.7370656728744507,0.0478610508143901
2937,0.005795334931463,0.7019964456558228,0.2880987524986267,0.0041095078922808
2938,0.0043051582761108,0.2971356809139251,0.5727440118789673,0.1258151531219482
2939,0.0242194719612598,0.6149444580078125,0.3449525833129883,0.0158835183829069
2940,0.009407958947122,0.5299623608589172,0.4325426816940307,0.0280869770795106
2941,0.0021257644984871,0.1611372381448745,0.4736086726188659,0.3631283640861511
2942,0.7760124802589417,0.1901700496673584,0.0315332822501659,0.0022842632606625
2943,0.0012059187283739,0.8672841191291809,0.1309403181076049,0.0005696356529369
2944,0.9191564917564392,0.0494806356728076,0.0269021540880203,0.0044608148746192
2945,0.9497676491737366,0.0345952846109867,0.0129273142665624,0.0027097119018435
2946,0.9745739102363586,0.0170325357466936,0.0068817669525742,0.0015117235016077
2947,0.9794021844863892,0.0146408760920166,0.0048280484043061,0.0011289831018075
2948,0.0074011776596307,0.8554598093032837,0.1353534013032913,0.001785617088899
2949,0.0020933551713824,0.2382077425718307,0.6082847714424133,0.1514140665531158
2950,0.068481333553791,0.7596145868301392,0.1668651849031448,0.0050388919189572
2951,0.0182277914136648,0.8646478652954102,0.1152031868696212,0.0019211949547752
2952,0.0121621517464518,0.3391538262367248,0.4493058323860168,0.1993782520294189
2953,0.0220634415745735,0.4431560933589935,0.4295215904712677,0.1052588000893592
2954,0.0090821096673607,0.57972651720047,0.3922626078128814,0.0189287420362234
2955,0.0017503524431958,0.663359522819519,0.3283867835998535,0.0065033487044274
2956,0.5154830813407898,0.4273505210876465,0.0543315187096595,0.0028348232153803
2957,0.2128503620624542,0.7429207563400269,0.0432431697845459,0.0009856927208602
2958,0.0028744477313011,0.1723643541336059,0.4541195929050445,0.3706416189670563
2959,0.0026740650646388,0.4939082562923431,0.4862509369850158,0.0171667579561471
2960,0.039194855839014,0.3661051392555237,0.434760570526123,0.1599394977092743
2961,0.0041507282294332,0.2528151869773865,0.552199125289917,0.1908349245786667
2962,0.052873320877552,0.7074372172355652,0.2261105179786682,0.0135789923369884
2963,0.1257613152265548,0.7703814506530762,0.1026433929800987,0.0012138058664277
2964,0.2977371215820312,0.5921209454536438,0.1045155599713325,0.0056263501755893
2965,0.0011714348802343,0.9109420776367188,0.0874204635620117,0.0004659645783249
2966,0.0010121832601726,0.28507000207901,0.6628075838088989,0.0511102341115474
2967,0.0252956133335828,0.8119029998779297,0.1598731726408004,0.002928179455921
2968,0.0009314139024354,0.8336582183837891,0.1641570180654525,0.0012533543631434
2969,0.0302468482404947,0.5981054306030273,0.3303051590919494,0.0413425415754318
2970,0.3626345694065094,0.5705042481422424,0.0650167912244796,0.0018443844746798
2971,0.0038537490181624,0.8997990489006042,0.0948381200432777,0.0015091499080881
2972,0.0021626511588692,0.8456325531005859,0.151613563299179,0.000591235992033
2973,0.0179963652044534,0.664838969707489,0.3091788291931152,0.00798583868891
2974,0.0007352112443186,0.1255906373262405,0.5045427680015564,0.3691313564777374
2975,0.0002853343030437,0.020638458430767,0.115112081170082,0.8639641404151917
2976,0.0028832671232521,0.824827253818512,0.1702127158641815,0.0020767394453287
2977,0.0048219449818134,0.469328224658966,0.4918517172336578,0.0339980199933052
2978,0.0166246183216571,0.7180287837982178,0.2560210525989532,0.0093255657702684
2979,0.0018526874482631,0.6100324988365173,0.3817485868930816,0.0063662608154118
2980,0.0023043802939355,0.5214882493019104,0.4602117836475372,0.0159955695271492
2981,0.0018106667557731,0.6651052236557007,0.3292509317398071,0.0038331819232553
2982,0.0007944322424009,0.2535338997840881,0.6784918308258057,0.0671797916293144
2983,0.0011150868376716,0.4032502770423889,0.586725652217865,0.0089089581742882
2984,0.0046594571322202,0.3644079566001892,0.547041118144989,0.0838914737105369
2985,0.0046618496999144,0.649960994720459,0.337195336818695,0.0081818019971251
2986,0.0273894388228654,0.8130418658256531,0.1576153486967086,0.0019533240702003
2987,0.0050255288369953,0.6791083812713623,0.3109184801578522,0.0049476153217256
2988,0.0038791650440543,0.2437748312950134,0.5160713195800781,0.2362746745347976
2989,0.0012201440986245,0.4344013929367065,0.5577824115753174,0.0065960362553596
2990,0.0058516627177596,0.8031976819038391,0.1878184676170349,0.0031321693677455
2991,0.010510821826756,0.7368655204772949,0.2468190342187881,0.0058046276681125
2992,0.3238155543804168,0.595587968826294,0.0781241357326507,0.002472362248227
2993,0.0075190174393355,0.9396997690200806,0.0521923266351223,0.0005889349267818
2994,0.4353176951408386,0.5250933766365051,0.0386366434395313,0.000952253525611
2995,0.0214348025619983,0.7675018310546875,0.2065703272819519,0.0044929785653948
2996,0.0028882122132927,0.2442366629838943,0.5503958463668823,0.2024793326854705
2997,0.0022386605851352,0.9613877534866332,0.0361301563680172,0.0002434430498396
2998,0.0083646615967154,0.8803027272224426,0.1101828143000602,0.0011498607927933
2999,0.0007864770013839,0.8229809999465942,0.1752227544784546,0.0010098563507199
3000,0.0004050759307574,0.9404131174087524,0.0582689419388771,0.0009128526435233
3001,0.0020963689312338,0.7944951057434082,0.2008798122406005,0.0025287037715315
3002,0.0001422269415343,0.7212015390396118,0.2780479490756988,0.0006082274485379
3003,0.0002141276199836,0.3752404153347015,0.6186668872833252,0.0058785900473594
3004,0.0009499964653514,0.5576340556144714,0.434285819530487,0.0071301185525953
3005,0.0001226387539645,0.3381071090698242,0.6517184972763062,0.0100516602396965
3006,0.0004785352502949,0.892676830291748,0.1066150441765785,0.0002296037273481
3007,9.588561806594952e-05,0.7769691944122314,0.2226054072380066,0.0003294850466772
3008,0.000406423700042,0.8070542812347412,0.1916922032833099,0.0008470597094856
3009,0.0002986618492286,0.8495286703109741,0.1499507129192352,0.0002219466114183
3010,8.448500011581928e-05,0.576481819152832,0.4217630922794342,0.001670618308708
3011,0.0030215822625905,0.9794886112213136,0.0173880048096179,0.0001017898975987
3012,0.0022776676341891,0.9629745483398438,0.0345325395464897,0.0002151923399651
3013,0.0003678649081848,0.8407846093177795,0.157978743314743,0.0008687807130627
3014,0.0007575605413876,0.7804324626922607,0.2167182713747024,0.0020916918292641
3015,0.0003066729404963,0.900006115436554,0.0994123667478561,0.0002748998522292
3016,0.0004095513140782,0.9809848070144652,0.0185377094894647,6.791026680730283e-05
3017,0.0115903867408633,0.9352378845214844,0.0527625158429145,0.0004091906594112
3018,0.0008020428940653,0.921757161617279,0.0768539533019065,0.0005867871223017
3019,0.0026619490236043,0.4840477108955383,0.4765432775020599,0.036747071892023
3020,0.0003901374002452,0.2399951666593551,0.6626479029655457,0.096966803073883
3021,0.0021624509245157,0.8723949790000916,0.1237319186329841,0.0017106395680457
3022,0.0006334222853183,0.9795880317687988,0.0197051893919706,7.332396489800885e-05
3023,0.0018843914149329,0.4908334612846374,0.4832238256931305,0.0240582954138517
3024,0.0007802661275491,0.5699962377548218,0.4170181155204773,0.012205415405333
3025,0.00119622470811,0.3422086536884308,0.5912835001945496,0.0653116554021835
3026,0.0001419962936779,0.3854053914546966,0.6063277721405029,0.008124797604978
3027,0.0503483153879642,0.8253769278526306,0.1226813271641731,0.0015933524118736
3028,0.0031123755034059,0.9186325669288636,0.0777995884418487,0.0004554411279968
3029,0.0007543388055637,0.7415267825126648,0.2562648057937622,0.0014540262054651
3030,0.0045436178334057,0.9217035174369812,0.073330283164978,0.0004226223099976
3031,0.0017275008140131,0.2192967534065246,0.6054977178573608,0.1734780073165893
3032,0.0013963369419798,0.352518230676651,0.5721935629844666,0.0738918408751487
3033,0.0002045907021965,0.2464122921228408,0.6910803318023682,0.0623027794063091
3034,6.399877747753635e-05,0.8684706091880798,0.1311194449663162,0.0003459741128608
3035,0.0002552807563915,0.3947918713092804,0.5926527380943298,0.0123001150786876
3036,0.0001087943310267,0.0794759020209312,0.6251264214515686,0.2952888309955597
3037,0.0001875441084848,0.2559568583965301,0.6957627534866333,0.0480928644537925
3038,0.0008256192668341,0.8505460023880005,0.1478027254343032,0.0008256192668341
3039,0.0010730294743552,0.4905297458171844,0.4905297458171844,0.0178675446659326
3040,0.0047775520943105,0.6872363090515137,0.3002313375473022,0.0077547319233417
3041,0.0003026612685061,0.5825173258781433,0.4130666255950928,0.0041133346967399
3042,0.0008123876177705,0.7502055764198303,0.2473915517330169,0.0015905776526778
3043,0.0019140704534947,0.6204729676246643,0.3705013394355774,0.0071116350591182
3044,0.0014774906449019,0.853819727897644,0.1438067108392715,0.0008961433195509
3045,0.0022647331934422,0.4666511714458465,0.4967475831508636,0.034336432814598
3046,0.0016207707813009,0.9513686895370485,0.0466315187513828,0.0003789983747992
3047,0.000526433577761,0.1964179575443267,0.6242150068283081,0.1788405925035476
3048,0.0002377180644543,0.8957892060279846,0.103695124387741,0.0002779205678962
3049,9.81780540314503e-05,0.873735249042511,0.1258735060691833,0.0002931055205408
3050,0.0002208438963862,0.1401657611131668,0.7007847428321838,0.1588286310434341
3051,0.0006935190758667,0.7257084846496582,0.2711774706840515,0.0024206191301345
3052,0.0007159851957112,0.6114934682846069,0.3826628625392914,0.0051276851445436
3053,5.4309592087520286e-05,0.0624159350991249,0.7968732118606567,0.1406564861536026
3054,0.0042907153256237,0.6778686046600342,0.315238207578659,0.0026024505496025
3055,0.0038466700352728,0.9864206314086914,0.0096705285832285,6.21756335021928e-05
3056,0.0068987132981419,0.9469156265258788,0.045693676918745,0.000491993385367
3057,0.0001670761557761,0.7713903188705444,0.2280225306749344,0.0004200293915346
3058,0.001147613977082,0.6038404107093811,0.389868676662445,0.0051432489417493
3059,0.001035708351992,0.8708420395851135,0.1274323463439941,0.0006899305153638
3060,0.0012495645787566,0.4962947964668274,0.4735678136348724,0.0288878194987773
3061,0.0005343498196452,0.8660308122634888,0.1328101307153701,0.0006247182027436
3062,0.0001112579921027,0.9447982907295228,0.054993849247694,9.666261030361056e-05
3063,0.0013280267594382,0.8972362279891968,0.1006671115756034,0.0007686029421165
3064,0.0017552276840433,0.2730005085468292,0.5962879061698914,0.1289563030004501
3065,0.0053396658040583,0.9709627032279968,0.0235597100108861,0.0001379192399326
3066,0.0001279482676181,0.8868011832237244,0.1127441078424453,0.00032672737143
3067,0.0002037822414422,0.5796484351158142,0.4175051152706146,0.0026426883414387
3068,0.000171734340256,0.5800958871841431,0.4178274273872375,0.0019049263792112
3069,0.0019823664333671,0.5163533091545105,0.462856113910675,0.0188081692904233
3070,0.0020013460889458,0.9293124675750732,0.0683792904019355,0.0003069163358304
3071,0.0001165433786809,0.5297384262084961,0.4674924910068512,0.0026525151915848
3072,0.0002253589045722,0.2934813201427459,0.6717854142189026,0.0345079228281974
3073,0.0008980707498267,0.5973442196846008,0.397917091846466,0.0038405614905059
3074,0.0003447007911745,0.4631479680538177,0.5330800414085388,0.0034273813944309
3075,0.0011611707741394,0.4611870646476745,0.5225934386253357,0.0150582920759916
3076,6.941460742382333e-05,0.2495955973863601,0.7451547980308533,0.0051801917143166
3077,0.0001467566180508,0.8046403527259827,0.1941285282373428,0.0010843931231647
3078,0.0025701560080051,0.9740538001060486,0.0232682917267084,0.0001077535707736
3079,0.0005616939743049,0.8160306215286255,0.1820810437202453,0.0013265437446534
3080,0.0002725985250435,0.7171211838722229,0.2808286845684051,0.0017775656888261
3081,0.0020534363575279,0.7085812091827393,0.2818541228771209,0.0075111584737896
3082,0.0003694120678119,0.9567407369613647,0.0426982305943965,0.0001916484616231
3083,0.0026594672817736,0.8894700407981873,0.1062320470809936,0.0016384503105655
3084,0.0033484464511275,0.89986652135849,0.0963388234376907,0.0004461372736841
3085,0.0041167489252984,0.9612059593200684,0.0344691164791584,0.0002081885031657
3086,0.0015179775655269,0.4016189873218536,0.5663735866546631,0.0304893963038921
3087,0.0001513594615971,0.2304484546184539,0.7323637008666992,0.0370364375412464
3088,0.0005705915973521,0.334928959608078,0.6257296204566956,0.0387708395719528
3089,0.0004126730782445,0.5995326638221741,0.3931831121444702,0.0068716243840754
3090,0.0003350802289787,0.730781614780426,0.2646715641021728,0.0042116930708289
3091,5.6874305300880224e-05,0.8476462960243225,0.151974618434906,0.0003222149098291
3092,0.0002440081880195,0.9339721202850342,0.0655751302838325,0.0002087112807203
3093,0.0001772781251929,0.1444725394248962,0.7336921095848083,0.1216580718755722
3094,0.0008481835830025,0.6912260055541992,0.3067296743392944,0.00119613064453
3095,8.096251985989511e-05,0.4875321090221405,0.5109292268753052,0.0014576944522559
3096,0.0006197934271767,0.3471496105194092,0.6286067962646484,0.0236238315701484
3097,0.0009819149272516,0.9804378747940063,0.0185273736715316,5.285908264340833e-05
3098,0.0002767173864413,0.8644698262214661,0.1346584409475326,0.0005950359045527
3099,0.0004387587541714,0.8184763193130493,0.1797953844070434,0.0012895836262032
3100,0.0001721247244859,0.9437291026115416,0.055796667933464,0.0003020883304998
3101,0.0006072443211451,0.9841722846031188,0.0151791982352733,4.132349567953497e-05
3102,0.0002288284740643,0.4073172807693481,0.5834550857543945,0.0089988112449646
3103,0.0002652071416378,0.3975242376327514,0.5875027179718018,0.0147078428417444
3104,0.0001477949408581,0.4405705630779266,0.5569333434104919,0.0023483091499656
3105,0.0009647276601754,0.9632765650749208,0.0356398932635784,0.000118877767818
3106,0.0003369391488377,0.8863810896873474,0.1126907020807266,0.0005913465865887
3107,0.0013857518788427,0.1626934558153152,0.5503848791122437,0.2855359017848968
3108,0.0002544604067225,0.7949386239051819,0.2041571289300918,0.0006497873691841
3109,0.0008695882279425,0.9099498391151428,0.0887003988027572,0.0004802322073373
3110,0.0007563717081211,0.5439746379852295,0.4439791738986969,0.0112898331135511
3111,0.0002027638838626,0.950902819633484,0.0488454811275005,4.891906428383663e-05
3112,8.186494233086705e-05,0.7516835927963257,0.2478789687156677,0.0003556050942279
3113,9.874770330497996e-05,0.8788048624992371,0.1208062320947647,0.0002902356209233
3114,4.920912397210486e-05,0.3804858028888702,0.6175894141197205,0.0018756380304694
3115,0.0016894990112632,0.6503801941871643,0.3427262902259826,0.0052040233276784
3116,0.001993037527427,0.503160834312439,0.4801194369792938,0.0147266667336225
3117,0.0005859787343069,0.7168762683868408,0.2807327806949615,0.0018049417994916
3118,0.0001258156698895,0.8191872239112854,0.1799515485763549,0.0007354208501055
3119,0.000495902262628,0.3456747829914093,0.6357932686805725,0.0180360674858093
3120,0.0003623566590249,0.7540801763534546,0.2448139786720276,0.0007435076404362
3121,0.0003357183013577,0.1038442477583885,0.4653976261615753,0.4304224252700805
3122,0.0021887191105633,0.2911799550056457,0.6164279580116272,0.0902033373713493
3123,0.0003206434776075,0.0748659819364547,0.5446125268936157,0.3802008032798767
3124,0.0004757035057991,0.7709816694259644,0.2243684381246566,0.004174165893346
3125,0.0001593653869349,0.9015084505081176,0.098034493625164,0.0002977337280754
3126,7.92540013208054e-05,0.727709949016571,0.2719253599643707,0.0002854045887943
3127,0.0003511658287607,0.8280953168869019,0.1708871126174926,0.0006663956446573
3128,0.0008713593124412,0.5444625020027161,0.4443773627281189,0.01028873026371
3129,0.0001702931040199,0.9192111492156982,0.0803197771310806,0.0002988737251143
3130,0.0007181086111813,0.4851657152175903,0.5005665421485901,0.0135497152805328
3131,0.0002743176592048,0.9412007331848145,0.0583177469670772,0.0002070658083539
3132,0.0003824039886239,0.735994279384613,0.2624268531799316,0.0011964362347498
3133,0.0003090598911512,0.9358028769493104,0.0636821836233139,0.0002058782702079
3134,0.0001209428082802,0.8124566078186035,0.1870381385087967,0.0003843554586637
3135,5.271042391541414e-05,0.4406751692295074,0.5570655465126038,0.002206556033343
3136,0.0002918198006227,0.1398060619831085,0.6989863514900208,0.160915806889534
3137,0.0009655086905695,0.3895139992237091,0.5939379334449768,0.015582519583404
3138,0.0002152085799025,0.8237379789352417,0.1753839254379272,0.0006628891569562
3139,0.0204442832618951,0.8693130016326904,0.1088072881102562,0.0014354139566421
3140,9.69002940109931e-05,0.5655519962310791,0.4336237907409668,0.0007272771326825
3141,0.0001248410553671,0.9959141612052916,0.00394485052675,1.6121703083626926e-05
3142,0.0001613752101548,0.1254900991916656,0.6575210690498352,0.2168274521827697
3143,0.0002295932936249,0.2989957332611084,0.6633509993553162,0.0374237038195133
3144,0.0002325443347217,0.3274467885494232,0.6614607572555542,0.010859883390367
3145,0.0017450307495892,0.3173157274723053,0.5928238034248352,0.088115394115448
3146,0.0016046824166551,0.8576326370239258,0.1400046795606613,0.0007579983212053
3147,3.1512852729065344e-05,0.8242840766906738,0.1755001991987228,0.0001841997000155
3148,0.0003688104916363,0.8697038292884827,0.129269927740097,0.0006574758444912
3149,0.0009438400156795,0.9134251475334167,0.0849617719650268,0.0006692828028462
3150,0.0001150474054156,0.932238757610321,0.0675311535596847,0.0001150474054156
3151,0.0001865939993876,0.297727882862091,0.6815058588981628,0.0205796938389539
3152,0.000939656922128,0.3242483139038086,0.6057755947113037,0.0690364465117454
3153,0.0001392829726682,0.9068729877471924,0.0926429107785224,0.0003447287017479
3154,0.0107436366379261,0.7300139665603638,0.256259024143219,0.0029834003653377
3155,0.0002980833523906,0.9167803525924684,0.082650251686573,0.0002714080037549
3156,0.0004122197860851,0.8713566660881042,0.1275076419115066,0.0007234682561829
3157,0.0001950886653503,0.5212990045547485,0.4746481776237488,0.0038577101659029
3158,0.0060196416452527,0.921753466129303,0.0710779950022697,0.001148868817836
3159,0.0007063334342092,0.9343322515487672,0.064583383500576,0.0003780730476137
3160,0.0001123932233895,0.9396414756774902,0.060069266706705,0.0001768193615134
3161,0.0029815160669386,0.9222413897514344,0.0745285376906395,0.0002485918230377
3162,0.0005387949640862,0.5816999673843384,0.4124870300292969,0.0052742143161594
3163,0.0004874250735156,0.615236222743988,0.3790360391139984,0.0052403132431209
3164,0.0002662990591488,0.8718476891517639,0.1275794953107834,0.0003065083583351
3165,0.0003062739269807,0.9419711232185364,0.057460606098175,0.0002619699807837
3166,0.0001259820855921,0.432252287864685,0.5637632608413696,0.0038584265857934
3167,0.0002976953110191,0.9300051927566528,0.0695078819990158,0.0001892266445793
3168,0.000120477299788,0.4133650064468384,0.5829381346702576,0.0035763080231845
3169,0.0006744268466718,0.9646187424659728,0.0345914997160434,0.0001153808261733
3170,8.395026088692248e-05,0.0215277802199125,0.1830884218215942,0.7952998280525208
3171,0.0001545713312225,0.1012178733944892,0.6809748411178589,0.2176526486873626
3172,0.0020353626459836,0.5822640061378479,0.4001838266849518,0.0155168110504746
3173,0.0005502046551555,0.877902090549469,0.1206821277737617,0.0008655934943817
3174,0.0022791025694459,0.919455587863922,0.0778692960739135,0.0003960486501455
3175,0.0001027742764563,0.9146392941474916,0.085074707865715,0.0001832149573601
3176,0.0001193565985886,0.8944735527038574,0.1051733866333961,0.0002336888428544
3177,0.0034146276302635,0.4686908721923828,0.4911838173866272,0.0367107056081295
3178,0.0003205698449164,0.5617713332176208,0.4307250380516052,0.0071830200031399
3179,9.480731387156992e-05,0.368601530790329,0.6270123720169067,0.0042913067154586
3180,0.0003855219110846,0.2997931540012359,0.6755943298339844,0.0242270026355981
3181,0.0004413066490087,0.8493613600730896,0.149921178817749,0.0002761626674327
3182,0.001646538847126,0.6747217774391174,0.3187160193920135,0.0049156569875776
3183,9.945793135557324e-05,0.7570879459381104,0.2419798523187637,0.0008327509858645
3184,0.0002503888972569,0.9145069122314452,0.0850623920559883,0.0001803483610274
3185,0.0004110585432499,0.7788787484169006,0.2196928262710571,0.0010173796908929
3186,0.0010715052485466,0.7586681246757507,0.2387255132198333,0.0015348603483289
3187,0.0001726969494484,0.9321866631507874,0.0675273761153221,0.0001132574252551
3188,0.0009956053690984,0.7987880706787109,0.198834091424942,0.0013822611654177
3189,0.0023048345465213,0.8078560829162598,0.1889077872037887,0.0009312373585999
3190,0.0003684240509755,0.9104866981506348,0.0887527391314506,0.000392185349483
3191,0.0006212153239175,0.2752479910850525,0.6500487923622131,0.0740819871425628
3192,0.0001745947520248,0.8853315711021423,0.1143298000097274,0.0001640165719436
3193,4.971001180820167e-05,0.8395164608955383,0.1602245271205902,0.0002092869835905
3194,0.0019540661014616,0.5503405928611755,0.4353552460670471,0.012350077740848
3195,0.0004039492923766,0.8021407127380371,0.1965730488300323,0.0008823063108138
3196,0.0002164302713936,0.9387161731719972,0.0609551407396793,0.0001122825415222
3197,0.0018999901367351,0.6870957612991333,0.3096983432769775,0.0013058427721261
3198,9.810504707274958e-05,0.6288599371910095,0.3696876764297485,0.0013542984379455
3199,0.0001540542580187,0.9721883535385132,0.0275788623839616,7.868320972193033e-05
3200,0.0014761680504307,0.9516521096229552,0.0466454103589057,0.0002263776987092
3201,0.0003205769753549,0.4880862534046173,0.5035797953605652,0.0080134170129895
3202,0.0003540457400958,0.6013462543487549,0.3943724930286407,0.0039271768182516
3203,0.0003123355272691,0.2143419682979583,0.6706166863441467,0.1147289872169494
3204,0.0002881622931454,0.8069555759429932,0.1916687488555908,0.0010875132866203
3205,9.657655027695e-05,0.9439570903778076,0.0558101497590541,0.0001361947652185
3206,0.0005246868240647,0.9787695407867432,0.0206336099654436,7.212685886770487e-05
3207,0.0004352031974121,0.3602534234523773,0.6224620938301086,0.0168492775410413
3208,0.0018656671745702,0.9664394855499268,0.0315553657710552,0.000139438532642
3209,0.0030972901731729,0.5902390480041504,0.3870882093906402,0.0195754766464233
3210,0.0002051879273494,0.0436213240027427,0.3539996743202209,0.6021737456321716
3211,0.0024916608817875,0.929665207862854,0.0673447251319885,0.0004983635153621
3212,0.0004260342975612,0.9586390256881714,0.0408237762749195,0.0001111376914195
3213,9.740510722622275e-05,0.0700527355074882,0.6965386867523193,0.2333112210035324
3214,0.0003210839640814,0.4052776396274566,0.5805334448814392,0.0138678383082151
3215,0.0004486855177674,0.7502766251564026,0.2474149912595749,0.0018597499001771
3216,0.0002457681694068,0.6567203998565674,0.3407020568847656,0.0023317832965403
3217,0.0004455606394913,0.9128559231758118,0.086245946586132,0.0004525771655607
3218,0.0001700596767477,0.9771538972854614,0.0226241778582334,5.186527050682344e-05
3219,0.0005364853423088,0.9401448369026184,0.059169664978981,0.0001489766000304
3220,0.0011555390665307,0.7807008028030396,0.2167927771806717,0.0013509620912373
3221,0.0003973975253757,0.9668630361557008,0.0325713083148002,0.0001682687143329
3222,0.0003939672897104,0.1745589673519134,0.7012662291526794,0.1237808391451835
3223,0.0024997245054692,0.461707055568695,0.4914846122264862,0.0443086810410022
3224,0.000784334144555,0.9746513962745668,0.024399921298027,0.0001644053700147
3225,0.0049861199222505,0.6843935251235962,0.303697794675827,0.0069225425831973
3226,0.0009896615520119,0.7940192818641663,0.2039210200309753,0.0010700793936848
3227,0.0006298451335169,0.6488611698150635,0.3473103642463684,0.0031986176036298
3228,0.0004118688520975,0.7683148980140686,0.2271134406328201,0.004159728065133
3229,0.0001837450836319,0.8890639543533325,0.1095541715621948,0.0011981686111539
3230,0.0007503966335207,0.4010542035102844,0.5744836330413818,0.0237117726355791
3231,0.0007230558549053,0.5040150880813599,0.4885081350803375,0.0067538060247898
3232,6.271462189033628e-05,0.0398038737475872,0.5581285357475281,0.4020048975944519
3233,0.000297646241961,0.7355734705924988,0.262276828289032,0.0018520173616707
3234,0.0002780569775495,0.3976991474628448,0.5877612233161926,0.0142616024240851
3235,0.0005747631657868,0.6402302384376526,0.3535686731338501,0.0056263040751218
3236,0.0001709365751594,0.729903519153595,0.2685165107250213,0.0014090453041717
3237,0.0001998395018745,0.8942713737487793,0.1051496192812919,0.0003792287316173
3238,0.000948256405536,0.772780179977417,0.2248918563127517,0.001379704917781
3239,0.0004087808192707,0.7867605090141296,0.211753711104393,0.0010769941145554
3240,0.0003169382980559,0.6493369340896606,0.3475650250911712,0.0027810449246317
3241,0.0001224924053531,0.4615862071514129,0.5312824845314026,0.0070088161155581
3242,0.0001417662133462,0.952341854572296,0.047414306551218,0.0001021103817038
3243,0.0001485738612245,0.1173548176884651,0.7773004770278931,0.1051961779594421
3244,0.0001281798176933,0.3942277431488037,0.6011255383491516,0.0045184940099716
3245,0.00221200985834,0.5005845427513123,0.4702556729316711,0.026947796344757
3246,0.0039802086539566,0.3064590692520141,0.5378524661064148,0.1517082601785659
3247,0.0001963917748071,0.5247811079025269,0.4704107344150543,0.0046117445454001
3248,0.0004468933329917,0.7590477466583252,0.2388449609279632,0.0016604103147983
3249,0.0005394657491706,0.7596243023872375,0.2390263825654983,0.0008098340476863
3250,0.0002032741467701,0.4793472588062286,0.5182979702949524,0.0021515216212719
3251,0.0037008300423622,0.837509036064148,0.1573632955551147,0.0014267971273511
3252,0.0008053704514168,0.2130809128284454,0.69866544008255,0.0874482467770576
3253,0.0001532300520921,0.2407021075487136,0.7186037302017212,0.0405408516526222
3254,0.0003812719660345,0.5043435096740723,0.4888264834880829,0.0064487261697649
3255,0.0003690863377414,0.6993492841720581,0.2961231172084808,0.0041584828868508
3256,0.0014488083543255,0.6727449893951416,0.3227865695953369,0.0030195759609341
3257,0.0004034708545077,0.9664204716682434,0.0330690890550613,0.0001069091376848
3258,0.0044495873153209,0.9608432054519652,0.0344561077654361,0.000251028483035
3259,0.0004513001185841,0.9102801084518432,0.0887326002120971,0.0005359321949072
3260,0.0010617688531056,0.6430266499519348,0.3496075272560119,0.0063040116801857
3261,0.0002568884810898,0.968028724193573,0.0316072590649127,0.0001070870494004
3262,8.0714380601421e-05,0.6854231953620911,0.3138096332550049,0.0006864557508379
3263,0.0001267486077267,0.9351438879966736,0.0646394789218902,8.987822366179898e-05
3264,0.0023929830640554,0.3900561332702636,0.5587296485900879,0.048821248114109
3265,0.0021118107251822,0.3962006270885467,0.5248805284500122,0.0768069922924041
3266,0.0001270090579055,0.4786061346530914,0.517496645450592,0.003770199837163
3267,0.0007877512252889,0.8115346431732178,0.1868258863687515,0.0008517621899954
3268,0.0001387983647873,0.5567642450332642,0.4404368102550506,0.0026601750869303
3269,0.0010000254260376,0.9678000211715698,0.0311098825186491,9.015503019327298e-05
3270,0.0002043306740233,0.9001932144165039,0.099433034658432,0.0001693960948614
3271,0.0030530698131769,0.2835525870323181,0.5215330123901367,0.1918613016605377
3272,0.001272520632483,0.185930848121643,0.5380086898803711,0.274787962436676
3273,0.0002258535678265,0.058828804641962,0.4083528518676758,0.5325925350189209
3274,0.0017148957122117,0.9165368676185608,0.0813472643494606,0.0004010084667243
3275,0.0001306862104684,0.6323347091674805,0.3659672737121582,0.0015674011083319
3276,0.0004528873250819,0.8448322415351868,0.1538553833961486,0.000859429128468
3277,0.0010738266864791,0.46115243434906,0.5144526958465576,0.0233209859579801
3278,0.0057271248660981,0.6218591928482056,0.3599044978618622,0.0125091904774308
3279,0.0008409064030274,0.318691998720169,0.604771077632904,0.0756959840655326
3280,0.0018208516994491,0.832392692565918,0.1639078259468078,0.0018786517903208
3281,0.0001623294665478,0.092353418469429,0.7978118062019348,0.1096723973751068
3282,0.0020426427945494,0.8240609169006348,0.1727325469255447,0.0011638627620413
3283,0.00017417158233,0.720835268497467,0.2779067456722259,0.0010837320005521
3284,0.0001732918608468,0.1480014324188232,0.7634495496749878,0.0883757025003433
3285,0.0175337418913841,0.7692200541496277,0.2102930545806884,0.0029531640466302
3286,0.0005530110211111,0.6455629467964172,0.3509864807128906,0.0028975708410143
3287,6.401595601346344e-05,0.6257038116455078,0.3736248016357422,0.0006073664408177
3288,0.0001707495684968,0.839194655418396,0.1601631045341491,0.0004714546957984
3289,0.0001584957935847,0.3298367261886596,0.6559586524963379,0.0140461418777704
3290,0.000446335034212,0.8863080739974976,0.1126814186573028,0.0005642203032039
3291,0.0006163374637253,0.983423113822937,0.0158955547958612,6.496149580925703e-05
3292,0.0001183307031169,0.9439781308174132,0.0558113902807235,9.215604950441048e-05
3293,0.0001143873814726,0.6470739245414734,0.3518079817295074,0.001003717421554
3294,0.0003218183701392,0.8734772205352783,0.1258363276720047,0.0003646679688245
3295,0.0037229629233479,0.5190601944923401,0.4509673416614532,0.0262494459748268
3296,0.0002401658421149,0.9192650318145752,0.0803244858980178,0.0001703030866337
3297,0.0005585958715528,0.9637153148651124,0.0356561280786991,6.991647387621924e-05
3298,0.0006881830049678,0.6256552338600159,0.3678037226200104,0.0058528250083327
3299,0.0019247540039941,0.6746359467506409,0.3186754584312439,0.0047638122923672
3300,0.0003692681493703,0.8984246253967285,0.100800447165966,0.0004055617609992
3301,0.0001758012949721,0.8914497494697571,0.1081451252102851,0.0002292881254106
3302,0.0003003329038619,0.2126475870609283,0.7307060956954956,0.0563460029661655
3303,0.0005224663764238,0.9746274948120116,0.0247835554182529,6.642413791269064e-05
3304,8.239152521127835e-05,0.8308733105659485,0.1688021570444107,0.0002421621611574
3305,0.0019931818824261,0.8426969051361084,0.1534665077924728,0.0018433920340612
3306,0.0013026515953242,0.4092809855937958,0.550747811794281,0.0386685617268085
3307,0.0001592770131537,0.460190087556839,0.5380167365074158,0.001633973326534
3308,0.0002217955625383,0.2080442607402801,0.7729781866073608,0.0187557581812143
3309,0.0006519296439364,0.932441473007202,0.0664986297488212,0.0004079671343788
3310,0.0001365563366562,0.7144278883934021,0.2841797769069671,0.0012557487934827
3311,7.414745050482452e-05,0.3021127581596374,0.6915429830551147,0.0062701501883566
3312,0.0002578123821876,0.8573548197746277,0.1421633511781692,0.0002239912573713
3313,0.0001138555307989,0.9082776308059692,0.0913478881120681,0.0002606179041322
3314,0.0001116200364776,0.933177411556244,0.0665511190891265,0.0001598883245605
3315,0.0001666230673436,0.1491352915763855,0.7573715448379517,0.093326486647129
3316,0.0003863982856273,0.2570095658302307,0.6666321158409119,0.0759718865156173
3317,7.714742241660133e-05,0.2228976786136627,0.765927791595459,0.0110974228009581
3318,3.298888259450905e-05,0.1323288828134536,0.8628926873207092,0.0047453511506319
3319,0.0009513584664091,0.920701265335083,0.077974796295166,0.0003725573187693
3320,0.0001293108507525,0.2162291854619979,0.7430132627487183,0.0406282618641853
3321,2.530446909077e-05,0.0731107667088508,0.8906714916229248,0.0361924543976783
3322,4.625160727300681e-05,0.0461820401251316,0.7001824378967285,0.2535892724990845
3323,8.733310096431524e-05,0.9672667384147644,0.0325849093496799,6.096833385527134e-05
3324,0.0005099900299683,0.9077879786491394,0.0912986397743225,0.0004034352896269
3325,0.0006045817863196,0.5496500134468079,0.4416562020778656,0.0080892154946923
3326,0.0002946751192212,0.9799418449401855,0.0197123065590858,5.120686182635836e-05
3327,0.0393224544823169,0.8674394488334656,0.0914274454116821,0.0018106225179508
3328,8.729800174478441e-05,0.776908278465271,0.2225879579782486,0.0004164754645898
3329,0.0002415908384136,0.9247194528579712,0.0747287943959236,0.0003102087939623
3330,0.0011852937750518,0.6957501173019409,0.2992384135723114,0.0038261751178652
3331,7.50621547922492e-05,0.6785351037979126,0.3205173015594482,0.0008725688094273
3332,0.000259074702626,0.714252233505249,0.284109890460968,0.0013788312207907
3333,0.0001250848144991,0.5958486795425415,0.4031714200973511,0.0008547995821572
3334,9.224878158420324e-05,0.3530938029289245,0.639370322227478,0.0074436319991946
3335,0.0001523606624687,0.8754562735557556,0.1241661012172699,0.0002251744735985
3336,0.0001403960923198,0.819412350654602,0.1800010055303573,0.0004461778735276
3337,0.0001252678484888,0.7426307201385498,0.2566463053226471,0.0005976194515824
3338,0.0003262882237322,0.3691768646240234,0.6086697578430176,0.0218270681798458
3339,6.970465619815513e-05,0.8218122124671936,0.1777293682098388,0.0003887813945766
3340,0.0006795830558985,0.6374489068984985,0.3575764000415802,0.004295096732676
3341,0.0001531832967884,0.5682889223098755,0.4289669692516327,0.0025908988900482
3342,0.0003569543769117,0.8550010919570923,0.144005686044693,0.0006363400607369
3343,0.0004153400077484,0.8119730353355408,0.1869268119335174,0.0006847798940725
3344,0.001373523264192,0.3206993639469147,0.6377868056297302,0.0401402339339256
3345,0.0001441810891265,0.8284568786621094,0.1709617227315902,0.0004372237599454
3346,0.0001147190705523,0.7951104640960693,0.204201266169548,0.0005735593149438
3347,0.0001860349875641,0.9001437425613403,0.0994275733828544,0.0002426353603368
3348,0.000452237407444,0.856904923915863,0.1420887559652328,0.0005540928104892
3349,4.7012024879222736e-05,0.6183304786682129,0.3809423744678497,0.0006801261915825
3350,8.626376074971631e-05,0.7211912274360657,0.2780439853668213,0.0006785170990042
3351,0.0036827120929956,0.9443761110305786,0.0516388639807701,0.0003022954624611
3352,0.0004684589803218,0.6805785894393921,0.3164984583854675,0.0024545495398342
3353,0.0013631149195134,0.950176239013672,0.0480514541268348,0.0004092813178431
3354,0.0032502249814569,0.9444467425346376,0.0516427233815193,0.0006603233050554
3355,0.000335032120347,0.314260184764862,0.6757655143737793,0.0096392771229147
3356,0.0001813192939152,0.1015579253435134,0.6832626461982727,0.214998111128807
3357,0.0012708936119452,0.7007984519004822,0.2967367470264435,0.0011938941897824
3358,0.0009421379654668,0.9555349349975586,0.0433159694075584,0.000206960219657
3359,0.0008672314579598,0.2724760174751282,0.6639292240142822,0.06272754073143
3360,9.98668692773208e-05,0.7602008581161499,0.2392078042030334,0.0004915618919767
3361,0.0014109251787886,0.4364268183708191,0.5182696580886841,0.0438925959169864
3362,0.0631530508399009,0.8189811706542969,0.1161562353372573,0.0017094745999202
3363,0.000115280978207,0.1674805432558059,0.7866175770759583,0.0457866303622722
3364,0.0021836590021848,0.2645094394683838,0.5960811972618103,0.1372256875038147
3365,0.0007231184863485,0.9715985655784608,0.0275621302425861,0.0001162156986538
3366,0.0029537775553762,0.89949631690979,0.0962991863489151,0.0012507082428783
3367,8.319029439007863e-05,0.9213826060295104,0.0780324935913086,0.0005017016083002
3368,0.0003473066317383,0.8994898200035095,0.0993553400039672,0.0008075120858848
3369,0.0003046521742362,0.6748837232589722,0.32381272315979,0.0009989159880205
3370,0.0002603925822768,0.5951480269432068,0.4026973247528076,0.0018942258320748
3371,7.148645090637729e-05,0.0990998223423957,0.7322542071342468,0.1685744822025299
3372,0.0002212386752944,0.3264777660369873,0.6492785811424255,0.0240224059671163
3373,0.0009186585666611,0.3270651400089264,0.630434513092041,0.04158166795969
3374,0.0014126297319307,0.1821495294570922,0.5788700580596924,0.2375677824020385
3375,0.0003525173524394,0.7110335230827332,0.2872835099697113,0.0013303866144269
3376,0.0003002727462444,0.7656199932098389,0.2335008829832077,0.0005787909030914
3377,0.0005218927981331,0.7348797917366028,0.2620294690132141,0.0025688465684652
3378,0.0002786322147585,0.06016780808568,0.3862606585025787,0.5532928705215454
3379,0.0008273905841633,0.8657935857772827,0.1327737420797348,0.0006053318502381
3380,0.0024618883617222,0.7735023498535156,0.2216121405363083,0.002423720434308
3381,0.0004890164709649,0.756264328956604,0.2417166084051132,0.0015299972146749
3382,0.0001210420086863,0.3497198522090912,0.6432332396507263,0.0069258268922567
3383,0.0002252091653645,0.0982386246323585,0.7848749160766602,0.1166612356901168
3384,0.0002138056006515,0.2457185834646225,0.7335801720619202,0.0204874370247125
3385,3.791497510974296e-05,0.2430375218391418,0.7486082911491394,0.0083162877708673
3386,0.000611325376667,0.9307577610015868,0.068485639989376,0.0001452025026082
3387,0.000121493350889,0.2000073939561844,0.766706645488739,0.0331644788384437
3388,0.0004085990658495,0.8911200165748596,0.1081051230430603,0.0003662658273242
3389,0.0014750382397323,0.9361811280250548,0.0617478415369987,0.0005959693226031
3390,0.0003747865266632,0.830249547958374,0.168675422668457,0.0007001933990977
3391,5.435414277599193e-05,0.5069388747215271,0.4913420081138611,0.0016646925359964
3392,0.0001433248253306,0.1523389965295791,0.7044084072113037,0.1431092470884323
3393,0.0005958504043519,0.7289531230926514,0.2681668996810913,0.0022841282188892
3394,9.426093311049044e-05,0.8929776549339294,0.1066509708762168,0.0002770482969935
3395,9.936791320797056e-05,0.6469855904579163,0.3517599403858185,0.0011551139177754
3396,0.0003692396858241,0.7564910054206848,0.2417890578508377,0.0013506226241588
3397,0.0075419354252517,0.9574071168899536,0.0348735526204109,0.0001773692929418
3398,0.0014073663624003,0.8523268699645996,0.1458159387111663,0.0004498213238548
3399,0.0002763257944025,0.2148790210485458,0.7383738160133362,0.0464708507061004
3400,0.0010842026676982,0.856384813785553,0.142002522945404,0.0005283981445245
3401,0.1266707330942154,0.4088981747627258,0.435269832611084,0.0291612595319747
3402,0.001766481786035,0.5133022665977478,0.467367023229599,0.0175642371177673
3403,0.0001411265839124,0.584073543548584,0.4141701459884643,0.0016151081072166
3404,0.0008802876109257,0.2365698218345642,0.6845374703407288,0.0780124440789222
3405,0.0007153776241466,0.6015022993087769,0.3883590698242187,0.0094232531264424
3406,2.4676104658283293e-05,0.1005424559116363,0.8822320103645325,0.0172007866203784
3407,0.0008087329333648,0.3935521245002746,0.5816323161125183,0.0240068323910236
3408,0.0005655201966874,0.9023394584655762,0.0966035798192024,0.000491332495585
3409,0.0001274658134207,0.8170644640922546,0.1823117285966873,0.0004963211831636
3410,0.0002822618407662,0.2647616267204284,0.686739444732666,0.0482166744768619
3411,0.0008195468108169,0.92727130651474,0.0715034827589988,0.0004057050682604
3412,0.0013002729974687,0.864865779876709,0.1326314657926559,0.0012025560718029
3413,0.0013921455247327,0.779748260974884,0.2165282666683197,0.002331405179575
3414,0.0008049357566051,0.5523915886878967,0.4438591301441192,0.0029443327803164
3415,0.0009723032126203,0.5618795156478882,0.4308079481124878,0.0063402131199836
3416,0.0021803199779242,0.6744157075881958,0.31363245844841,0.009771516546607
3417,0.0011072172783315,0.7962990999221802,0.1982145309448242,0.004379129037261
3418,0.0006870239740237,0.2563359439373016,0.6344375610351562,0.1085394695401191
3419,0.0007364165503531,0.4747510850429535,0.5214120745658875,0.0031004291959106
3420,0.0020708127412945,0.8893057703971863,0.1078850328922271,0.0007383709889836
3421,0.0002186183264711,0.383109986782074,0.6027166247367859,0.0139547809958457
3422,0.000395419774577,0.8490071892738342,0.1498586684465408,0.0007387414225377
3423,8.217791037168354e-05,0.8684900999069214,0.1311223953962326,0.0003053279651794
3424,0.0005129192140884,0.5894784331321716,0.405142217874527,0.0048664421774446
3425,0.0001538924552733,0.8306834101676941,0.1687635630369186,0.0003991666599176
3426,0.0003130199038423,0.2936126887798309,0.6720861196517944,0.033988133072853
3427,0.0003441101580392,0.8912112712860107,0.1081161946058273,0.0003283522091805
3428,0.0004133454349357,0.9747230410575868,0.0247859861701726,7.766530325170606e-05
3429,0.0003124849463347,0.94617360830307,0.0533794686198234,0.0001343980984529
3430,0.0005780254723504,0.8939167857170105,0.1051079258322715,0.0003972707199864
3431,0.0142044480890035,0.8926370739936829,0.0926246345043182,0.0005338208866305
3432,0.0001532414462417,0.2124346792697906,0.7414698600769043,0.0459422171115875
3433,0.0005232841940596,0.5649540424346924,0.4331653118133545,0.0013572960160672
3434,0.0013760422589257,0.8598099946975708,0.1381840407848358,0.0006299980450421
3435,0.0018371910555288,0.8665222525596619,0.1308252960443496,0.0008152486407198
3436,0.0002781192306429,0.9542441964149476,0.0453334227204322,0.0001442863431293
3437,0.0040243840776383,0.6162310242652893,0.3622635006904602,0.0174811296164989
3438,0.0002011922188103,0.2138458639383316,0.7463954091072083,0.0395575053989887
3439,0.0004305529291741,0.910109519958496,0.0887159705162048,0.0007439287146553
3440,4.838492895942181e-05,0.213163211941719,0.7797186970710754,0.0070696300826966
3441,0.0002348429989069,0.2698960602283478,0.7000570893287659,0.0298120286315679
3442,0.0008693792624399,0.9240573048591614,0.0746752843260765,0.0003980307956226
3443,0.0002309277479071,0.9119632244110109,0.087518461048603,0.0002873942721635
3444,0.0009218765189871,0.6527250409126282,0.3439619243144989,0.002391165588051
3445,0.0003225865075364,0.932030975818634,0.0675161033868789,0.0001303367462242
3446,0.0002841212262865,0.7711598873138428,0.2279544323682785,0.0006014847313053
3447,0.0009627700201235,0.917299747467041,0.0814149752259254,0.0003224875545129
3448,0.0002686227089725,0.8261716365814209,0.1731749773025512,0.0003847842745017
3449,0.0001421630731783,0.9700470566749572,0.0297541785985231,5.6548567954450846e-05
3450,0.0002942590217571,0.9633869528770448,0.0362052880227565,0.000113446956675
3451,0.0004277352418284,0.9328543543815612,0.0665280744433403,0.0001898063637781
3452,0.0010703934822231,0.6185643672943115,0.3751782476902008,0.0051869782619178
3453,0.0007674258667975,0.924299955368042,0.0746948942542076,0.0002377374621573
3454,0.0018084228504449,0.981743574142456,0.0163721237331628,7.581797399325296e-05
3455,5.428441727417521e-05,0.7366456389427185,0.2626591026782989,0.0006409729248844
3456,0.0010805939091369,0.9228907227516174,0.0757554844021797,0.0002732169523369
3457,0.0002107440086547,0.2104270011186599,0.6899636387825012,0.0993986874818801
3458,0.0006081644096411,0.6464138627052307,0.3514491021633148,0.0015289250295609
3459,9.784506255527958e-05,0.8053323030471802,0.1942954808473587,0.0002744132652878
3460,0.0006390590569935,0.4741939902305603,0.5127259492874146,0.0124409263953566
3461,0.000246367912041,0.3469118475914001,0.6380685567855835,0.0147732887417078
3462,0.0003370138583704,0.9586190581321716,0.0408229269087314,0.0002210190723417
3463,0.0011757761240005,0.7120715379714966,0.2832424938678741,0.0035102188121527
3464,0.0001959631772479,0.6316254138946533,0.3655567467212677,0.002621958265081
3465,0.0007918874616734,0.7312745451927185,0.2648500800132751,0.0030834188219159
3466,8.951514610089362e-05,0.7601589560508728,0.2391946166753769,0.0005569819477386
3467,0.0001538882497698,0.3744080662727356,0.6172945499420166,0.0081435097381472
3468,0.0002643105690367,0.2765784561634063,0.6845382452011108,0.0386190079152584
3469,0.0003688880533445,0.2492267042398452,0.698973536491394,0.0514308363199234
3470,0.0002260008623125,0.6529715657234192,0.3440918326377868,0.0027105689514428
3471,0.0005866180872544,0.7289599180221558,0.2681693732738495,0.0022841494064778
3472,0.0001249209308298,0.8391804695129395,0.1601603925228119,0.0005342190852388
3473,0.0001206794404424,0.4994499683380127,0.4994499683380127,0.0009793487843126
3474,0.001075139385648,0.4992341697216034,0.4914942979812622,0.0081964433193206
3475,0.000404528400395,0.7785760164260864,0.2196074575185775,0.0014119427651166
3476,0.0003278251097071,0.9180253148078918,0.0814793780446052,0.0001674366794759
3477,0.0001154386700363,0.8516997694969177,0.1480032056570053,0.0001816105213947
3478,0.000122219484183,0.9750007390975952,0.0247930474579334,8.400014485232532e-05
3479,0.0002332531730644,0.6430639028549194,0.355133593082428,0.0015692834276705
3480,0.000761832925491,0.9175637364387512,0.0814384073019027,0.0002360048529226
3481,0.0001753142132656,0.9612164497375488,0.038453496992588,0.0001547142455819
3482,0.0007115255575627,0.8980996608734131,0.1007639840245246,0.0004248713084962
3483,0.000376478099497,0.1890203207731247,0.6701352000236511,0.1404679715633392
3484,0.0018442417494952,0.9405295848846436,0.0573726706206798,0.0002535214298404
3485,0.0001069963836926,0.6647524833679199,0.3342585265636444,0.0008819805807434
3486,0.0004428452812135,0.7760486602783203,0.2223416715860366,0.0011667419457808
3487,0.0007957267225719,0.7234276533126831,0.274582177400589,0.0011945273727178
3488,0.0001087384371203,0.9379437565803528,0.0618641003966331,8.337265171576291e-05
3489,2.872562617994845e-05,0.7632108926773071,0.2364317029714584,0.0003287473809905
3490,0.0003634006425272,0.4242193698883056,0.5708495378494263,0.0045676585286855
3491,0.0008895571809262,0.4608020186424255,0.5303798913955688,0.0079285372048616
3492,0.0001684365270193,0.7899176478385925,0.2093073576688766,0.0006065632333047
3493,0.0001852229324867,0.9690390825271606,0.0306667760014534,0.0001088869612431
3494,0.000125933176605,0.8328647017478943,0.1665834188461303,0.0004260264686308
3495,0.0002372577873757,0.90813410282135,0.0913334488868713,0.0002952720969915
3496,0.0002899151586461,0.7392107844352722,0.2594873905181885,0.0010119033977389
3497,9.229955321643502e-05,0.4754011929035187,0.5221260786056519,0.0023804369848221
3498,0.0003782419371418,0.8645021319389343,0.1346634626388549,0.000456246867543
3499,0.0004645507142413,0.1845075488090515,0.6644372344017029,0.1505906879901886
3500,0.0002015990758081,0.1340919435024261,0.7961405515670776,0.0695659816265106
3501,0.0002338526974199,0.422815591096878,0.5689606070518494,0.0079899635165929
3502,0.0001612271735211,0.6467333436012268,0.3516228199005127,0.0014826174592599
3503,0.0004087311390321,0.6942293047904968,0.3032863140106201,0.0020757080055773
3504,0.0001971945021068,0.9104466438293456,0.0887488350272178,0.0006074018892832
3505,0.0001970808225451,0.8284931778907776,0.1709692180156707,0.0003405251190997
3506,0.0003242359671276,0.9665338397026062,0.033072967082262,6.903382745804265e-05
3507,0.0008104917360469,0.931467056274414,0.067475251853466,0.0002471859916113
3508,0.0003691171586979,0.6673794984817505,0.3303768038749695,0.0018745318520814
3509,0.0005823619430884,0.1917537152767181,0.6486944556236267,0.1589694172143936
3510,0.001795174088329,0.1802738308906555,0.5298542380332947,0.2880767583847046
3511,0.0006234592874534,0.7869409322738647,0.2118022888898849,0.0006332773482427
3512,0.0001616607478354,0.0934213250875473,0.6484724879264832,0.2579445540904999
3513,0.0007011577254161,0.2457592934370041,0.6374511122703552,0.1160884723067283
3514,0.0004880818887613,0.9104853868484496,0.0887526124715805,0.0002737891045399
3515,0.0004342461179476,0.848933756351471,0.1498457044363021,0.0007863180944696
3516,0.0001805653882911,0.8736787438392639,0.1258653551340103,0.0002753293665591
3517,0.000133545094286,0.1397435516119003,0.8168324828147888,0.0432905331254005
3518,0.0009534163982607,0.5774064064025879,0.4158902764320373,0.005749836564064
3519,0.0002969093329738,0.9131695032119752,0.086275577545166,0.0002579592983238
3520,9.27216315176338e-05,0.0417300499975681,0.4084916412830353,0.5496855974197388
3521,0.000109050568426,0.8836458921432495,0.1159091144800186,0.0003358994144946
3522,0.0001131450480897,0.506318211555481,0.490740418434143,0.0028282704297453
3523,0.0006547006778419,0.740757167339325,0.255998820066452,0.0025893913116306
3524,0.0014761278871446,0.9666122198104858,0.031561005860567,0.000350611138856
3525,0.0009484507609158,0.9036567807197572,0.0952447205781936,0.000150066713104
3526,0.0001563014229759,0.6885969638824463,0.3103749752044678,0.00087177939713
3527,0.0001624859287403,0.5488559603691101,0.4479631781578064,0.0030183522030711
3528,0.0004961976665072,0.3405183851718902,0.6361720561981201,0.0228133089840412
3529,0.0002034343633567,0.2649293541908264,0.7201525568962097,0.0147145688533782
3530,0.0004906561225652,0.9152874946594238,0.0838151052594184,0.0004067682020831
3531,0.0008510937914252,0.693597674369812,0.3030103743076324,0.0025408966466784
3532,0.0017399684293195,0.3066607117652893,0.6391358375549316,0.0524634644389152
3533,0.0001854103320511,0.954980731010437,0.0446650460362434,0.0001688180345809
3534,0.0001506748812971,0.9508621692657472,0.0488433949649333,0.0001437749742763
3535,0.0006833084044046,0.947252869606018,0.0517961643636226,0.0002675874275155
3536,0.0005773151060566,0.8387250304222107,0.1600734740495681,0.0006242264644242
3537,0.0033489798661321,0.52908855676651,0.4525534510612488,0.0150090875104069
3538,0.0001432644203305,0.1096794158220291,0.7379025220870972,0.1522747874259948
3539,0.0001137051222031,0.0117808831855654,0.06674325466156,0.9213621616363524
3540,0.0007251985953189,0.8598992824554443,0.1381983906030655,0.0011771135032176
3541,0.0001704491005511,0.3179619014263153,0.6731253266334534,0.0087423715740442
3542,0.0005008000298403,0.7506591081619263,0.2475411146879196,0.0012989764800295
3543,0.0004879035695921,0.8550094366073608,0.1440070867538452,0.0004955869517289
3544,0.0008557302644476,0.1708993762731552,0.6865642666816711,0.1416805386543274
3545,0.0001321742456639,0.96005517244339,0.0396262109279632,0.0001863955549197
3546,0.0005054809153079,0.8997617363929749,0.0993853732943534,0.0003474116092547
3547,0.00082805135753,0.7411440014839172,0.2561325132846832,0.0018954284023493
3548,0.000204693438718,0.2882298529148102,0.6807078719139099,0.0308576058596372
3549,0.0004684246086981,0.6595909595489502,0.3368861079216003,0.003054512431845
3550,0.0012208530679345,0.3332606256008148,0.5758227109909058,0.0896958783268928
3551,0.0006196374306455,0.2008642256259918,0.7121255397796631,0.0863906294107437
3552,0.0012174437288194,0.9767720103263856,0.0219195373356342,9.099081944441424e-05
3553,0.0100422604009509,0.9039754271507264,0.0854069218039512,0.0005754673038609
3554,0.0003990153491031,0.458573043346405,0.5278143286705017,0.0132135739549994
3555,0.0002689049870241,0.4224106073379516,0.5684155821800232,0.0089049106463789
3556,0.0003904222976416,0.9498924016952516,0.0495619662106037,0.000155299261678
3557,0.0008435680065304,0.8827218413352966,0.1157879009842872,0.0006467859493568
3558,0.0011591317597776,0.9595085382461548,0.0389896482229232,0.0003426386683713
3559,0.0004629750037565,0.9338285326957704,0.0655650496482849,0.0001434229634469
3560,0.0003973111452069,0.9080862998962402,0.0913286432623863,0.0001876764872577
3561,0.0006063914624974,0.9089322090148926,0.0899964794516563,0.000464936485514
3562,0.0005465771537274,0.7007632851600647,0.2967218458652496,0.0019682999700307
3563,2.774284439510666e-05,0.4070649147033691,0.5922759771347046,0.0006314242491498
3564,0.0001165050052804,0.3211967647075653,0.6694315671920776,0.009255139157176
3565,0.0001258178672287,0.7117345929145813,0.2875667810440063,0.0005727563402615
3566,0.0006744154379703,0.9496476650238036,0.0495491959154605,0.0001287144405068
3567,0.0007531439769081,0.7638534903526306,0.2329621464014053,0.0024311784654855
3568,0.0014988424954935,0.966269850730896,0.0320466682314872,0.0001846936211222
3569,6.718345684930682e-05,0.9406270384788512,0.0592000111937522,0.0001056944165611
3570,0.0007443749345839,0.9249961376190186,0.0735922455787658,0.0006672533927485
3571,3.813556031673215e-05,0.9668243527412416,0.0330829098820686,5.462666376843117e-05
3572,0.0001307711499975,0.9351373910903932,0.064639039337635,9.273062460124493e-05
3573,0.0001366009528283,0.317128986120224,0.6713621020317078,0.0113723343238234
3574,0.0001346984354313,0.1524037420749664,0.7619707584381104,0.0854907482862472
3575,0.0002029990719165,0.8533724546432495,0.1459948122501373,0.0004297490522731
3576,2.5638566512498077e-05,0.0067833247594535,0.0907598882913589,0.9024311304092408
3577,0.0003000449796672,0.2191874235868454,0.718687891960144,0.0618246495723724
3578,9.398002293892203e-05,0.0802644565701484,0.7497215867042542,0.1699198633432388
3579,0.0002491414488758,0.2954177856445312,0.6868668794631958,0.01746616512537
3580,7.898906187620014e-05,0.9608364105224608,0.0390436053276062,4.0978982724482194e-05
3581,0.0013358161086216,0.8885069489479065,0.1094855368137359,0.0006716905627399
3582,0.3563922047615051,0.5695130825042725,0.0690897777676582,0.0050048464909195
3583,0.0007579198572784,0.8575438261032104,0.1399901807308197,0.0017079988028854
3584,0.0003026858030352,0.1804700940847396,0.702707052230835,0.1165202409029007
3585,0.0004430487460922,0.7764052152633667,0.2224438190460205,0.0007079899078235
3586,8.869700104696676e-05,0.9228537678718568,0.0769453793764114,0.0001121235109167
3587,0.0007589447777718,0.6583908796310425,0.3362731635570526,0.0045770229771733
3588,0.002389297587797,0.811694860458374,0.183965727686882,0.0019500879570841
3589,0.0004470751737244,0.3116393089294433,0.6495121121406555,0.0384014993906021
3590,0.0006445549661293,0.3610186874866485,0.5952191948890686,0.0431175343692302
3591,0.0001211047492688,0.4635436832904815,0.5335354804992676,0.0027997375000268
3592,0.0003453841491136,0.7894030213356018,0.2091709971427917,0.0010806114878505
3593,0.0003165762755088,0.393392950296402,0.5905527472496033,0.015737697482109
3594,6.961387407500297e-05,0.0240217242389917,0.3164241313934326,0.6594845652580261
3595,0.0004208884201943,0.9179220795631408,0.081470213830471,0.0001867681130534
3596,9.30224996409379e-05,0.2159584611654281,0.7420830130577087,0.0418654605746269
3597,0.000215207124711,0.8367041945457458,0.1622024923563003,0.0008781793876551
3598,0.0006603600922971,0.9744809865951538,0.0247798301279544,7.886876119300723e-05
3599,0.0001264232851099,0.8900302648544312,0.1096732467412948,0.0001701211149338
3600,0.0021748403087258,0.8372145295143127,0.1597851812839508,0.0008254763670265
3601,0.0002106926986016,0.1856559813022613,0.7342836856842041,0.0798496454954147
3602,0.005714489147067,0.8750271797180176,0.118422046303749,0.0008362146327272
3603,0.003481725230813,0.8928360342979431,0.103353276848793,0.0003289508167654
3604,0.0009493441903032,0.9332202076911926,0.0655223354697227,0.0003082069160882
3605,0.0001913376327138,0.7210145592689514,0.2779758870601654,0.000818247324787
3606,0.0001745082554407,0.7568891644477844,0.2419163137674331,0.0010200401302427
3607,2.855014281522017e-05,0.859548032283783,0.140317365527153,0.0001060766589944
3608,0.0001809870882425,0.8099077939987183,0.189387559890747,0.0005237034638412
3609,9.803388093132526e-05,0.5375022292137146,0.4597500562667846,0.0026496641803532
3610,9.789515024749562e-05,0.5803560018539429,0.4180147647857666,0.0015313378535211
3611,9.772968041943386e-05,0.3569426238536834,0.6363190412521362,0.006640585605055
3612,0.0001050870487233,0.812534749507904,0.1870561242103576,0.0003040794399566
3613,0.0003244786639697,0.5097087621688843,0.4863675236701965,0.0035992106422781
3614,0.0018681733636185,0.7304868698120117,0.2645648121833801,0.0030800974927842
3615,0.0004281251167412,0.4550513327121734,0.5320088863372803,0.0125116501003503
3616,0.0004867290263064,0.3966591656208038,0.5862241983413696,0.0166299007833004
3617,0.0043055303394794,0.9297356009483336,0.0652776807546615,0.0006812337669543
3618,0.0002740846539381,0.6880123615264893,0.3101114928722381,0.0016020863549783
3619,0.0013932392466813,0.598323404788971,0.3923900723457336,0.0078932382166385
3620,0.0006317497463896,0.4202030599117279,0.565445065498352,0.0137201165780425
3621,6.562832277268171e-05,0.863183319568634,0.1365754455327987,0.0001756304991431
3622,0.0001059382339008,0.92818021774292,0.0715735778212547,0.0001403453497914
3623,0.0047712121158838,0.675683856010437,0.3142222166061401,0.0053226719610393
3624,0.0005570900975726,0.3219340443611145,0.6402422785758972,0.0372665673494339
3625,0.0010822984622791,0.8157328963279724,0.1820146143436432,0.001170243602246
3626,0.0003716144710779,0.3431702256202698,0.6214010715484619,0.0350570492446422
3627,0.0003026806516572,0.7597945928573608,0.2390799671411514,0.0008227714570239
3628,0.00037626712583,0.5639942288398743,0.4324294030666351,0.0032000583596527
3629,0.0004722843586932,0.9089826345443726,0.0900014713406562,0.000543595990166
3630,0.0001241041172761,0.959575057029724,0.0402301028370857,7.071239087963477e-05
3631,0.0092271827161312,0.9710751175880432,0.0195339452475309,0.0001638021203689
3632,0.0004789119993802,0.1370041966438293,0.6536104679107666,0.2089064568281173
3633,0.0005328195402398,0.9049932956695556,0.0939067751169204,0.0005671834223903
3634,9.89181426120922e-05,0.111920341849327,0.752979040145874,0.1350017040967941
3635,0.0003544808132573,0.1752167791128158,0.7376901507377625,0.0867385864257812
3636,7.377193833235651e-05,0.5615624785423279,0.4373452961444855,0.0010183900594711
3637,6.812313222326338e-05,0.7428072094917297,0.2567073106765747,0.0004173047782387
3638,0.0007294194656424,0.8252972960472107,0.1729917079210281,0.0009815411176532
3639,7.621408440172672e-05,0.8574097156524658,0.1421724706888198,0.0003415677638258
3640,0.0010416464647278,0.8227707743644714,0.1751780062913894,0.0010095983743667
3641,7.963775715325028e-05,0.6254572868347168,0.373477578163147,0.0009854646632447
3642,0.000194419073523,0.6670637726783752,0.3302205204963684,0.0025212648324668
3643,0.001876451424323,0.7111493349075317,0.282875657081604,0.0040985466912388
3644,6.57599521218799e-05,0.9351955652236938,0.0646430552005767,9.568015957484022e-05
3645,0.000107607251266,0.9281864762306212,0.0715740546584129,0.0001318431459367
3646,0.0007257679244503,0.808434784412384,0.1890431046485901,0.0017962929559871
3647,0.0020629120990633,0.8859128952026367,0.1108850091695785,0.0011392482556402
3648,0.0002335129101993,0.1154234036803245,0.643779993057251,0.2405630350112915
3649,0.000427178107202,0.8094222545623779,0.1892740130424499,0.0008765126112848
3650,0.0003662056988105,0.2717316150665283,0.6938909888267517,0.0340112000703811
3651,0.0001148560913861,0.1832634508609771,0.7960601449012756,0.0205615907907485
3652,0.0002678433374967,0.4273686408996582,0.5661714673042297,0.0061920853331685
3653,7.26825455785729e-05,0.97101891040802,0.02886763215065,4.077121047885157e-05
3654,0.0005466460133902,0.8587013483047485,0.1401791423559188,0.0005728801479563
3655,0.0002715477312449,0.7845675349235535,0.2144888192415237,0.0006720870733261
3656,0.0007978357025422,0.3763039708137512,0.5920092463493347,0.0308889131993055
3657,0.0013528448762372,0.2137292176485061,0.5809761881828308,0.2039418220520019
3658,0.0015553772682324,0.6081783771514893,0.3805883228778839,0.0096778841689229
3659,0.0002325910463696,0.9777719974517822,0.021941976621747,5.35455001227092e-05
3660,0.0001670038327574,0.48251473903656,0.5136342644691467,0.0036840452812612
3661,0.0002920224505942,0.1334965080022812,0.6779512166976929,0.1882602572441101
3662,0.000865384528879,0.6127265095710754,0.3834344446659088,0.0029736605938524
3663,0.0024488857015967,0.5992225408554077,0.3929797410964966,0.0053488574922084
3664,0.0020649328362196,0.5549331903457642,0.4321824014186859,0.0108194751664996
3665,0.0019008849048987,0.4508205950260162,0.5108466744422913,0.0364318899810314
3666,0.0002000536187551,0.5602203607559204,0.4363000690937042,0.0032795465085655
3667,0.0004459346528165,0.8449623584747314,0.1538790762424469,0.0007126015261746
3668,4.91056744067464e-05,0.9545301795005798,0.045347012579441,7.371634274022654e-05
3669,0.0001416950399288,0.5256690382957458,0.4712066948413849,0.002982604317367
3670,0.9800894260406494,0.0146511504426598,0.0037627266719937,0.0014967091847211
3671,0.0004996026982553,0.8485745191574097,0.1497822999954223,0.0011436020722612
3672,0.000713137385901,0.9732770919799804,0.0259369555860757,7.2851573349908e-05
3673,0.0001073920357157,0.8702067136764526,0.1293446719646453,0.000341291190125
3674,0.0005562786245718,0.7832986116409302,0.2141419202089309,0.0020032359752804
3675,0.0009403197909705,0.6352952122688293,0.3563683032989502,0.0073961885645985
3676,0.0025169339496642,0.5026612281799316,0.4796427488327026,0.0151790548115968
3677,0.0010482554789632,0.2861460447311401,0.6448400616645813,0.0679656416177749
3678,0.0008380555664189,0.9047911167144777,0.0938858017325401,0.0004850293626077
3679,0.0001791115500964,0.0844790488481521,0.5864008069038391,0.3289410471916199
3680,0.0003419475688133,0.2743493020534515,0.7005754709243774,0.0247333403676748
3681,0.0003083885239902,0.9634109735488892,0.0362061932682991,7.44021890568547e-05
3682,0.0001093809041776,0.859053373336792,0.1402366012334823,0.0006006193580105
3683,0.0001217663593706,0.6174504160881042,0.3804001808166504,0.0020275916904211
3684,0.0011518596438691,0.8957198262214661,0.1020795777440071,0.0010487800464034
3685,0.0001658496476011,0.0489513240754604,0.5345639586448669,0.4163188338279724
3686,0.0005272273556329,0.9835087656974792,0.0158969387412071,6.702943210257217e-05
3687,0.0133545259013772,0.8658661246299744,0.119027592241764,0.0017517324304208
3688,0.000506454729475,0.8875187635421753,0.1110860034823417,0.0008888557786121
3689,0.0004616894875653,0.8090715408325195,0.189191997051239,0.0012747655855491
3690,0.0008133740047924,0.6732964515686035,0.3230511546134949,0.0028389543294906
3691,0.0002590108197182,0.2506642937660217,0.7140761017799377,0.0350005738437175
3692,0.0006615978782065,0.3535951375961303,0.6014856100082397,0.0442576259374618
3693,5.029328167438507e-05,0.1223629042506218,0.8627424836158752,0.0148443039506673
3694,0.0002716189192142,0.6208066940307617,0.3765383064746856,0.0023833804298192
3695,0.000875485362485,0.3215886056423187,0.6198782920837402,0.0576576590538024
3696,0.0002752829168457,0.6910202503204346,0.3066383898258209,0.0020661132875829
3697,0.0003130405966658,0.4140876531600952,0.5749037265777588,0.0106955487281084
3698,0.0004591306205838,0.8699662685394287,0.1293089389801025,0.0002657244040165
3699,0.0001376125001115,0.953783392906189,0.0460250861942768,5.388983481680043e-05
3700,7.734124665148556e-05,0.4240481853485107,0.5706192255020142,0.0052552209235727
3701,0.0001863031066022,0.1494735926389694,0.735734760761261,0.1146053746342659
3702,0.0002405036357231,0.8513768911361694,0.1479471027851104,0.0004354958364274
3703,0.0003213142917957,0.8585882186889648,0.1401606798171997,0.0009297538199461
3704,0.0002795988984871,0.8734716773033142,0.1258355379104614,0.0004132203466724
3705,0.0003520752943586,0.9118402004241944,0.0875066518783569,0.0003011459193658
3706,0.0001011245913105,0.0360028482973575,0.497003972530365,0.4668920338153839
3707,0.0003165828238707,0.2349105030298233,0.7123572826385498,0.0524156168103218
3708,0.0003313825291115,0.9426010251045228,0.0566075891256332,0.0004600791144184
3709,0.0008506830781698,0.8232701420783997,0.1725667864084243,0.0033123546745628
3710,0.0005948402103967,0.8118271827697754,0.1868932396173477,0.000684656901285
3711,0.0001684661401668,0.6249861717224121,0.3731962740421295,0.0016490997513756
3712,0.0014555968809872,0.5691626071929932,0.4164082407951355,0.0129735954105854
3713,0.0002892261545639,0.9469096064567566,0.0525927692651748,0.0002083217696053
3714,0.0005262122722342,0.4221874177455902,0.5593074560165405,0.01797891035676
3715,0.0007617383962497,0.1594288647174835,0.5227471590042114,0.3170621991157532
3716,0.0027175333816558,0.880926787853241,0.1155524477362632,0.0008033012854866
3717,0.0010736396070569,0.9460585117340088,0.0525454990565776,0.0003223650564905
3718,0.0003924529301002,0.3567949831485748,0.6069287657737732,0.0358838140964508
3719,9.682916424935684e-05,0.1260990798473358,0.7143999338150024,0.1594041734933853
3720,0.0054030544124543,0.8403676748275757,0.1530423164367675,0.0011868936708196
3721,0.00011986172467,0.6780415773391724,0.3202841579914093,0.0015543906483799
3722,0.0006623147055506,0.6212511658668518,0.3709660172462463,0.0071205543354153
3723,0.0021471758373081,0.5092318654060364,0.4636608958244324,0.024960096925497
3724,0.0001035009408951,0.8002709150314331,0.1992031931877136,0.000422348442953
3725,0.0001937636407092,0.8145484328269958,0.1846124678850174,0.0006453315145336
3726,0.0023642608430236,0.896022379398346,0.1005309149622917,0.0010824374621734
3727,0.0002086526801576,0.7271739840507507,0.2717250883579254,0.0008922943379729
3728,0.0004354656557552,0.4556776583194732,0.5244817733764648,0.0194050967693328
3729,7.459156040567905e-05,0.110073372721672,0.8261464834213257,0.0637055784463882
3730,5.106506068841554e-05,0.1954579502344131,0.797590434551239,0.0069005093537271
3731,8.800726209301502e-05,0.3368588984012604,0.659537672996521,0.0035154377110302
3732,0.0070444294251501,0.9371676445007324,0.0554087273776531,0.0003792203497141
3733,0.0003531166003085,0.2348725646734237,0.6485039591789246,0.1162703558802604
3734,0.0004819170571863,0.2135277390480041,0.6680691838264465,0.1179212108254432
3735,0.0037521219346672,0.6822843551635742,0.302761822938919,0.0112017663195729
3736,0.0002476999070495,0.7738187313079834,0.2251940667629242,0.0007394953281618
3737,0.0001072536542778,0.9397052526474,0.0600733458995819,0.0001141709071816
3738,8.365860412595794e-05,0.3355812430381775,0.6570361256599426,0.007299012504518
3739,0.000587985268794,0.3972523212432861,0.569037675857544,0.0331219621002674
3740,0.0004606412257999,0.5905853509902954,0.4059029817581177,0.0030510602518916
3741,0.000323559041135,0.6035786271095276,0.389699637889862,0.0063981018029153
3742,0.0002809183206409,0.9054514169692992,0.0939543172717094,0.0003133869904559
3743,0.001022774958983,0.2880530059337616,0.6098082065582275,0.1011161059141159
3744,0.0001503081148257,0.9193639159202576,0.0803331211209297,0.0001526751293567
3745,0.0001121940149459,0.3849445581436157,0.6056028008460999,0.0093404026702046
3746,0.0006905054324306,0.1944730579853058,0.6277667284011841,0.1770697236061096
3747,0.0003966404183302,0.6736932396888733,0.3232415318489074,0.002668522298336
3748,0.0004274456296116,0.8895331621170044,0.1096119880676269,0.0004274456296116
3749,0.0003271902096457,0.8473902940750122,0.1519287228584289,0.0003537769371178
3750,0.000213968596654,0.8718120455741882,0.1275742799043655,0.000399745942559
3751,0.0002497942186892,0.1796493977308273,0.6886665225028992,0.1314343065023422
3752,0.0001915747561724,0.8572870492935181,0.1421521306037902,0.0003692700120154
3753,0.0003153807192575,0.9549416899681092,0.0446632206439971,7.974073378136382e-05
3754,0.000255739520071,0.8912760019302368,0.108124054968357,0.0003441351582296
3755,0.0002857615472748,0.6844752430915833,0.3133755922317505,0.0018633992876857
3756,0.0004000681219622,0.7233401536941528,0.2745489478111267,0.0017108742613345
3757,0.0004554339393507,0.1726032048463821,0.6313562989234924,0.1955850571393966
3758,0.000236629799474,0.7627013921737671,0.2362738698720932,0.0007880975608713
3759,0.0022628102451562,0.5894014239311218,0.3988089859485626,0.0095267863944172
3760,0.0042694290168583,0.8797212243080139,0.1153943091630935,0.0006150695262476
3761,0.0051475609652698,0.8006293177604675,0.1931608170270919,0.0010622593108564
3762,0.000339739897754,0.9078235030174256,0.091302216053009,0.0005344858509488
3763,0.0001282340526813,0.3023928105831146,0.6814526915550232,0.0160262323915958
3764,0.0062379823066294,0.7098344564437866,0.2779751718044281,0.0059523247182369
3765,0.000820348446723,0.4815325736999511,0.4968180656433105,0.0208290554583072
3766,0.000223708077101,0.7210522890090942,0.2779904305934906,0.000733510532882
3767,0.000668452004902,0.4732904434204101,0.5117489695549011,0.0142921339720487
3768,0.000507635064423,0.1751700937747955,0.6407455801963806,0.183576688170433
3769,0.0002971256908494,0.6280689239501953,0.3692226707935333,0.0024112612009048
3770,8.595886174589396e-05,0.8804987668991089,0.1191625520586967,0.0002526471507735
3771,0.0006079521845094,0.2340338826179504,0.6165971159934998,0.1487609893083572
3772,0.0069244559854269,0.9806194305419922,0.0123441768810153,0.0001119234075304
3773,0.0014851014129817,0.174357533454895,0.554107129573822,0.2700502574443817
3774,0.0002133956440957,0.7793947458267212,0.2198383808135986,0.0005535061936825
3775,0.0002720228803809,0.7268759608268738,0.2716137170791626,0.0012383203720673
3776,0.0001366468786727,0.7149015665054321,0.2843682169914245,0.0005935670342296
3777,0.0001591567415744,0.8326674103736877,0.166543960571289,0.0006294772028923
3778,0.001971460180357,0.4392305910587311,0.5215992331504822,0.0371987260878086
3779,0.0004572321195155,0.8012603521347046,0.1963573098182678,0.0019250193145126
3780,0.0091231921687722,0.5470662117004395,0.4129472374916076,0.0308633651584386
3781,0.0020586510654538,0.6778499484062195,0.3152295351028442,0.0048618833534419
3782,0.0002504920121282,0.489701896905899,0.5052466988563538,0.0048008682206273
3783,0.0004911932628601,0.4002972543239593,0.582429051399231,0.0167824272066354
3784,0.0014951800694689,0.3774721324443817,0.5666527152061462,0.0543800145387649
3785,0.0004057376063428,0.7451432347297668,0.2535222172737121,0.0009287427528761
3786,0.0008724434883333,0.4380322694778442,0.5451399683952332,0.0159553233534097
3787,0.0001566197170177,0.9431170225143432,0.0566385798156261,8.785569661995396e-05
3788,0.0001448898692615,0.1469501852989196,0.7580267786979675,0.094878189265728
3789,5.5600899941055104e-05,0.7545104622840881,0.2449536770582199,0.0004803184710908
3790,0.0002911699120886,0.8412608504295349,0.1580682247877121,0.0003797571989707
3791,0.0001519977668067,0.795213520526886,0.2042277306318283,0.0004067671834491
3792,0.0003414533566683,0.956189215183258,0.0433456264436244,0.000123666221043
3793,0.0002049839240498,0.8095077276229858,0.1892939954996109,0.0009933236287906
3794,0.0012287817662581,0.4584715962409973,0.5195163488388062,0.0207832716405391
3795,0.0002715984010137,0.0753067135810852,0.4333601891994476,0.4910614192485809
3796,0.0005082408315502,0.9189209342002868,0.0802944153547287,0.0002763257361948
3797,0.0003837418043985,0.7620137929916382,0.2360608577728271,0.0015416289679706
3798,0.0027630073018372,0.8546522855758667,0.1417152434587478,0.0008694188436493
3799,9.826784662436694e-05,0.8476276993751526,0.1519712805747985,0.0003026862395927
3800,0.000446067773737,0.899726390838623,0.0993814691901207,0.000446067773737
3801,0.0013056406751275,0.8960031270980835,0.1021118611097335,0.0005793745513074
3802,0.0003067355719394,0.2579087316989898,0.6901995539665222,0.0515849888324737
3803,0.0012382515706121,0.5840288400650024,0.4077178239822387,0.0070151723921298
3804,0.0001208549074362,0.4554156363010406,0.5408194065093994,0.003644012613222
3805,0.0003090248501393,0.775719940662384,0.2222474813461303,0.0017236024141311
3806,7.130825542844832e-05,0.9828994274139404,0.0169117171317338,0.0001175674260593
3807,0.000689115782734,0.2165137529373169,0.6167902946472168,0.1660068482160568
3808,0.0001058125490089,0.5801512598991394,0.4178673028945923,0.0018755722558125
3809,0.0011023627594113,0.6996504664421082,0.2962506413459778,0.0029965327121317
3810,8.801624062471092e-05,0.9448404312133788,0.0549963042140007,7.5284275226295e-05
3811,9.218996274285018e-05,0.0684067159891128,0.6389626860618591,0.292538434267044
3812,0.0001349874219158,0.4350892901420593,0.5586656928062439,0.0061099966987967
3813,0.0002829201112035,0.7327350974082947,0.2653790712356567,0.0016028515528887
3814,4.036468453705311e-05,0.5922625660896301,0.4070557355880737,0.0006413532537408
3815,0.0002279685868415,0.459816575050354,0.5375800132751465,0.0023754874709993
3816,0.0007561658276244,0.9544453620910645,0.0446400083601474,0.0001585009740665
3817,0.0002210164093412,0.9291142225265504,0.0705348327755928,0.0001299288560403
3818,6.333516648737714e-05,0.3582784533500671,0.6387004256248474,0.002957769902423
3819,0.0002235078718513,0.9106797575950624,0.0887715518474578,0.0003252019814681
3820,0.0007195158395916,0.6749058365821838,0.3188029527664184,0.0055716885253787
3821,0.0002324375673197,0.9179257154464722,0.0814705342054367,0.000371434201952
3822,0.0002102838043356,0.9708799719810486,0.0288635026663541,4.619322862708941e-05
3823,0.0001318280556006,0.5455902218818665,0.4523102045059204,0.0019677055533975
3824,0.0060168243944644,0.3607949018478393,0.4705652594566345,0.1626230180263519
3825,0.0008950061746872,0.4423937797546386,0.5336287617683411,0.0230825152248144
3826,0.000153882196173,0.4516046345233917,0.5447391271591187,0.0035023423843085
3827,0.0001620043476577,0.5646002292633057,0.4328940212726593,0.0023437282070517
3828,7.451692363247275e-05,0.8515182733535767,0.1479716747999191,0.0004355681594461
3829,0.0010186239378526,0.9705157279968262,0.0284053534269332,6.0224716435186565e-05
3830,0.0002965664025396,0.6885003447532654,0.3103314340114593,0.0008716571028344
3831,0.0001362957118544,0.944656789302826,0.0549856126308441,0.0002212297840742
3832,0.0029379071202129,0.3970044255256653,0.5342278480529785,0.0658297836780548
3833,0.0003974325081799,0.707434356212616,0.2903304696083069,0.0018377092201262
3834,0.0002659437304828,0.9562596678733826,0.0433488190174102,0.0001256229297723
3835,0.0006649033748544,0.9509974718093872,0.0480929873883724,0.000244604278123
3836,0.0008579107234254,0.89773029088974,0.100722536444664,0.0006893505924381
3837,0.0002266633382532,0.035809401422739,0.2447128593921661,0.7192510962486267
3838,0.0002233123523183,0.4504248797893524,0.5433160662651062,0.0060356967151165
3839,0.0001020153140416,0.5954055190086365,0.4028715491294861,0.0016209179302677
3840,0.0001083087699953,0.5846309661865234,0.4145654141902923,0.0006953122792765
3841,5.779861385235563e-05,0.1240996047854423,0.8349187970161438,0.0409237034618854
3842,4.849471952184104e-05,0.4522905051708221,0.5455664396286011,0.0020945204887539
3843,0.0011849406873807,0.1931452751159668,0.533291220664978,0.272378534078598
3844,0.0001935362524818,0.0589364357292652,0.3903658986091614,0.550504207611084
3845,0.0003507859073579,0.9521006941795348,0.047402299940586,0.0001462293148506
3846,0.0005429444718174,0.3668220341205597,0.604787290096283,0.0278477407991886
3847,0.0001220592603203,0.8593071699142456,0.1402780413627624,0.0002928049361798
3848,0.0012080013984814,0.3002430498600006,0.6356145143508911,0.06293436139822
3849,0.0004055489553138,0.7565255761146545,0.2418000996112823,0.0012688504066318
3850,0.0005431969184428,0.3501867055892944,0.6145968437194824,0.0346731841564178
3851,0.0022465863730758,0.5761032700538635,0.408518373966217,0.0131318029016256
3852,0.0002698774915188,0.6464287042617798,0.3514571785926819,0.0018442779546603
3853,0.0001816837175283,0.2809740006923675,0.6954173445701599,0.0234269518405199
3854,0.0003271048190072,0.8211045861244202,0.1775763183832168,0.000991933280602
3855,0.0007819111342541,0.722061812877655,0.274063766002655,0.0030925183091312
3856,0.0108724236488342,0.8637036085128784,0.1244283095002174,0.0009956143330782
3857,0.0001475328608648,0.8610656261444092,0.1383858323097229,0.0004010359116364
3858,0.0006766560836695,0.895075261592865,0.1036124899983406,0.0006356595549732
3859,0.0017010861774906,0.2951598167419433,0.5962392687797546,0.1068998128175735
3860,0.000210169746424,0.8171193599700928,0.1823239773511886,0.0003465113113634
3861,0.0010124570690095,0.979831039905548,0.0191036649048328,5.282636266201735e-05
3862,0.0001849179388955,0.3672000467777252,0.6246283054351807,0.0079867327585816
3863,0.0004940936923958,0.3782649636268616,0.5950943231582642,0.0261466205120086
3864,0.0002029651077464,0.8803141713142395,0.1191375702619552,0.0003452552773524
3865,7.059905328787863e-05,0.9431840181350708,0.0566426031291484,0.0001027210164465
3866,0.0050770342350006,0.6754318475723267,0.3092352449893951,0.0102558899670839
3867,0.0002325894602108,0.8628748655319214,0.1365266442298889,0.0003659146022982
3868,0.0018022963777184,0.8770478963851929,0.1205647066235542,0.0005851199966855
3869,0.0002807666605804,0.762054979801178,0.236073613166809,0.0015906514599919
3870,0.0002144651516573,0.9157716035842896,0.0838594362139701,0.0001544734550407
3871,0.0001172995544038,0.6953919529914856,0.303794264793396,0.0006964395870454
3872,0.000559045583941,0.1245522871613502,0.5942057371139526,0.2806829214096069
3873,0.0003702549147419,0.8731099367141724,0.1257834136486053,0.0007363398908637
3874,0.000181076946319,0.9182013869285583,0.081495001912117,0.0001225227897521
3875,0.0004093286988791,0.8927112817764282,0.1066191643476486,0.0002601851592771
3876,0.0001913891901494,0.8431785702705383,0.155972346663475,0.0006576573941856
3877,0.0011126195313408,0.3084985911846161,0.5854274034500122,0.1049613580107688
3878,0.0002151740482077,0.9780560731887816,0.0216080732643604,0.0001207017048727
3879,0.0002339369966648,0.4573374986648559,0.5346816778182983,0.0077469293028116
3880,0.013616157695651,0.6163143515586853,0.3511653244495392,0.0189041625708341
3881,0.0015467938501387,0.3555565476417541,0.5771252512931824,0.0657713487744331
3882,0.0056909015402197,0.9276168346405028,0.0661545544862747,0.0005376721965149
3883,0.0001310215739067,0.4357121288776397,0.5594654679298401,0.004691403824836
3884,6.40955549897626e-05,0.3799804449081421,0.6167691349983215,0.0031863299664109
3885,0.0002555659157223,0.3487917482852936,0.6315802931785583,0.0193724147975444
3886,0.0003566258237697,0.9679513573646544,0.0316047295928001,8.739491750020534e-05
3887,0.0001294938265345,0.8835987448692322,0.1159029230475425,0.0003688936121761
3888,0.0012117539299651,0.528579831123352,0.4592380821704864,0.0109703233465552
3889,0.0045291651040315,0.5153841972351074,0.4548249840736389,0.0252616554498672
3890,5.545574094867334e-05,0.839519739151001,0.1602251529693603,0.0001997037907131
3891,4.96591892442666e-05,0.96528959274292,0.0346155576407909,4.52152089565061e-05
3892,0.0004783676122315,0.9648756980895996,0.0346007123589515,4.5195818529464304e-05
3893,9.763830166775732e-05,0.5028991103172302,0.4951024353504181,0.0019007805967703
3894,0.0005031190230511,0.1395009458065033,0.5692509412765503,0.2907449603080749
3895,0.0007234506774693,0.98735249042511,0.0118597708642482,6.420990393962711e-05
3896,0.0001274469250347,0.7209500074386597,0.2779510021209717,0.0009716057684272
3897,0.0001247731706826,0.2401448637247085,0.7282302379608154,0.0315001495182514
3898,0.000222653907258,0.9809174537658693,0.0188283436000347,3.157904211548157e-05
3899,0.0001340231247013,0.900326132774353,0.0994477197527885,9.211265569319949e-05
3900,0.0006867565680295,0.5684848427772522,0.4224620461463928,0.0083664078265428
3901,0.0004355344572104,0.964821994304657,0.0345987863838672,0.0001436240127077
3902,0.0001848555548349,0.8534777760505676,0.1460128426551818,0.0003244316321797
3903,0.0001251387730007,0.8147798776626587,0.1846649348735809,0.0004300056316424
3904,7.109439320629463e-05,0.8124083876609802,0.1870270371437072,0.0004934928729198
3905,0.0001904392702272,0.4490809440612793,0.5416949987411499,0.0090336194261908
3906,0.0009444874594919,0.7230743765830994,0.2744480967521667,0.0015330545138567
3907,0.000167439575307,0.7976080179214478,0.2016668915748596,0.0005576589610427
3908,0.0003661639930214,0.9191516637802124,0.0803145691752433,0.0001676420943113
3909,0.0003343515272717,0.1504773646593094,0.6435100436210632,0.205678179860115
3910,0.00017295210273,0.7739516496658325,0.2252327650785446,0.000642594997771
3911,0.0002483740099705,0.9214333891868592,0.078036792576313,0.0002814446343109
3912,0.0009005591273307,0.7339094281196594,0.2616834640502929,0.003506560344249
3913,0.0005338547634892,0.3495838940143585,0.6040267944335938,0.0458554290235042
3914,0.0004104734980501,0.2060885727405548,0.7306474447250366,0.0628534629940986
3915,0.0011987165780737,0.7608045339584351,0.2356862425804138,0.0023105868604034
3916,5.440216773422435e-05,0.4141170382499695,0.5839986205101013,0.0018299226649105
3917,0.0003123644273728,0.6602808237075806,0.3372384905815124,0.0021682388614863
3918,0.0001423632347723,0.2307307720184326,0.7448080778121948,0.0243188440799713
3919,0.0002020574174821,0.2250722646713256,0.7379835844039917,0.0367420390248298
3920,0.0003306076396256,0.5703794956207275,0.4238700568675995,0.0054197623394429
3921,0.000238609558437,0.7571589350700378,0.2420025467872619,0.0005998643464408
3922,0.0014693093253299,0.2249869555234909,0.5927616953849792,0.1807820945978164
3923,0.0062264776788651,0.9240912199020386,0.0690658763051033,0.0006165047525428
3924,0.0002454361529089,0.295607179403305,0.6766515970230103,0.0274957511574029
3925,0.00059765385231,0.8548119068145752,0.1439738273620605,0.0006166254170238
3926,0.0019229957833886,0.9505200982093812,0.0473236069083213,0.0002332858857698
3927,0.0006509349914267,0.9456802010536194,0.053351629525423,0.0003172403667122
3928,0.0004336903512012,0.902528703212738,0.0966238379478454,0.0004138302174396
3929,0.0011268752859905,0.7495316863059998,0.2471693307161331,0.0021721092052757
3930,0.0001861431082943,0.7948358058929443,0.2041307240724563,0.0008473729249089
3931,0.0022816152777522,0.7630958557128906,0.2327310740947723,0.0018915255786851
3932,0.0015295007033273,0.1972193270921707,0.4657697379589081,0.3354813754558563
3933,0.0001865705562522,0.6502158045768738,0.348035454750061,0.0015621363418176
3934,0.0004264847375452,0.4063424468040466,0.5820587277412415,0.0111723989248275
3935,0.0003455498081166,0.1905436962842941,0.7191043496131897,0.0900064706802368
3936,0.0004075446631759,0.2392227947711944,0.6814822554588318,0.0788872987031936
3937,0.9930983185768129,0.0050509665161371,0.0013808575458824,0.0004698130942415
3938,0.0028838878497481,0.8250048160552979,0.1702493578195572,0.0018619778566062
3939,0.0003151498385705,0.9542426466941832,0.0453333519399166,0.00010891288548
3940,0.0007688481709919,0.3626318871974945,0.6072941422462463,0.0293051488697528
3941,0.0005095401429571,0.4152489900588989,0.5765160918235779,0.0077253202907741
3942,0.0006585122901014,0.6999282836914062,0.296368271112442,0.0030449298210442
3943,0.0062498813495039,0.9720793962478638,0.0214760303497314,0.000194721011212
3944,0.0001658908295212,0.9095497131347656,0.0900576189160347,0.0002267459058202
3945,0.0011235747952014,0.6804575324058533,0.3115361630916595,0.0068827304057776
3946,0.9668607711791992,0.022385861724615,0.0087664285674691,0.0019868579693138
3947,0.0001527448766864,0.4482668936252594,0.5492280721664429,0.0023522886913269
3948,0.0081096133217215,0.967098355293274,0.0245920997112989,0.0001998726511374
3949,0.0016259263502433,0.8555142283439636,0.141858160495758,0.0010017041349783
3950,0.000407425162848,0.874783992767334,0.124070756137371,0.0007377516594715
3951,0.0039204084314405,0.5639388561248779,0.4190837740898132,0.0130569534376263
3952,0.9825217723846436,0.0121763749048113,0.0034345041494816,0.0018673074664548
3953,0.9825217723846436,0.0121763749048113,0.0034345041494816,0.0018673074664548
3954,0.0002793929597828,0.3112165629863739,0.6692207455635071,0.019283290952444
3955,0.0002900619292631,0.934922993183136,0.0646242201328277,0.000162709999131
3956,0.0001147783041233,0.944704532623291,0.054988395422697,0.0001922174997162
3957,0.000660843681544,0.960075616836548,0.0390126928687095,0.0002508279576431
3958,0.0001338233414571,0.6785887479782104,0.3205426335334778,0.0007348346989601
3959,0.0010380529565736,0.6189173460006714,0.3753923773765564,0.0046522305347025
3960,0.0001799549354473,0.8572256565093994,0.1421419382095337,0.0004524066753219
3961,0.0002144891768693,0.4193177223205566,0.5731393694877625,0.007328376173973
3962,0.0003135182196274,0.6837567090988159,0.3130466639995575,0.0028830601368099
3963,0.0003708976728376,0.9023892879486084,0.0966089069843292,0.0006309182499535
3964,0.0003467141941655,0.8304731249809265,0.1687208414077758,0.0004593216872308
3965,0.00061631744029,0.9681450724601746,0.0311209727078676,0.0001176262449007
3966,0.0002909866161644,0.8022313117980957,0.1965952515602111,0.0008824059623293
3967,0.0010196258081123,0.5039921998977661,0.4809127151966095,0.0140755008906126
3968,0.0001123334222938,0.4167415499687195,0.5785883069038391,0.0045578056015074
3969,0.0003335560904815,0.5937336087226868,0.4017402827739715,0.0041925362311303
3970,0.0001497216871939,0.6393153667449951,0.3586234152317047,0.0019115183968096
3971,0.0001713746605673,0.9396166205406188,0.0600676797330379,0.0001443119399482
3972,0.0016685605514794,0.9200806617736816,0.0779222324490547,0.0003285590501036
3973,0.0001912825391627,0.7321580648422241,0.2651700675487518,0.0024805900175124
3974,0.0002219155576312,0.3888880908489227,0.5929834842681885,0.0179065503180027
3975,0.0009921233868226,0.97527277469635,0.02366429194808,7.075495523167774e-05
3976,6.862146983621642e-05,0.8885582089424133,0.1112161129713058,0.0001570760941831
3977,0.0001127143696066,0.9423263669013976,0.0574822723865509,7.868731336202472e-05
3978,0.0001358945883112,0.1356901824474334,0.6473416686058044,0.2168322950601577
3979,0.0001147391158156,0.1403698623180389,0.7952494025230408,0.0642660111188888
3980,6.122317427070811e-05,0.7927599549293518,0.2068038135766983,0.0003750374016817
3981,0.000102715966932,0.973076105117798,0.0267547573894262,6.631841097259894e-05
3982,0.0006059816223569,0.9821258783340454,0.0171645209193229,0.000103671241959
3983,0.0019939236808568,0.7439541220664978,0.2491934150457382,0.0048584979958832
3984,0.0041858665645122,0.8625030517578125,0.1322691291570663,0.0010419444879516
3985,0.000723834731616,0.418293297290802,0.5455573201179504,0.0354255363345146
3986,0.0017963061109185,0.5643826127052307,0.4260183274745941,0.0078027979470789
3987,0.0006751990877091,0.1190004497766494,0.5250546336174011,0.3552697598934173
3988,0.0001029465929605,0.4753041863441467,0.5220195055007935,0.0025733408983796
3989,7.505244138883427e-05,0.6473789215087891,0.3519738018512726,0.0005721705383621
3990,0.0003876884002238,0.3062254786491394,0.6584882140159607,0.0348985977470874
3991,0.0002903040440287,0.8257552981376648,0.1730877161026001,0.0008666877401992
3992,0.0002736485039349,0.6977348327636719,0.3000920414924621,0.0018994970014318
3993,0.0002538455592002,0.3987544476985931,0.5893208384513855,0.0116708669811487
3994,0.0002935819793492,0.9763066172599792,0.0233221054077148,7.779148290865123e-05
3995,0.0001714054669719,0.2232186198234558,0.743431568145752,0.0331784859299659
3996,0.0013997773639857,0.960604965686798,0.037833247333765,0.0001620360126253
3997,0.0005061011761426,0.873149037361145,0.1257890462875366,0.0005558433476835
3998,9.971649706130847e-05,0.0906563326716423,0.7710095643997192,0.138234406709671
3999,0.0003929503436665,0.626988410949707,0.3685874342918396,0.0040311552584171
4000,0.0006433497183024,0.2185594588518142,0.6838120222091675,0.0969851687550544
4001,0.0003684912226162,0.0783383026719093,0.4104633331298828,0.5108298659324646
4002,0.0014766956446692,0.4030988812446594,0.5596473813056946,0.0357770584523677
4003,0.0011424095137044,0.3022530674934387,0.6201830506324768,0.0764215439558029
4004,0.002646358218044,0.5988788604736328,0.3806705772876739,0.0178041998296976
4005,0.0040079420432448,0.3900999128818512,0.5008981823921204,0.104993961751461
4006,0.0030633229762315,0.3949958980083465,0.5151717662811279,0.0867690816521644
4007,0.0008737058960832,0.1613762378692627,0.5545259118080139,0.2832241356372833
4008,0.001320348936133,0.2806956768035888,0.6130957007408142,0.104888305068016
4009,0.001141991931945,0.2210522294044494,0.5733658671379089,0.2044399082660675
4010,0.0022191393654793,0.3674159049987793,0.5602423548698425,0.0701225623488426
4011,0.002977410564199,0.349561333656311,0.5247536897659302,0.1227075681090354
4012,0.0013861934421584,0.3391903638839721,0.5860683917999268,0.0733550712466239
4013,0.0019033956341445,0.3007079362869262,0.5796297192573547,0.1177589297294616
4014,8.584865281591192e-05,0.0133525263518095,0.0792775973677635,0.9072840809822084
4015,0.0003434524696785,0.1724389791488647,0.6820093989372253,0.1452081799507141
4016,0.0015793103957548,0.2418307811021804,0.562273383140564,0.194316491484642
4017,0.0031113098375499,0.4475524723529815,0.4915402233600616,0.0577959567308425
4018,0.0020226966589689,0.3735984563827514,0.543582558631897,0.080796331167221
4019,0.0015410468913614,0.293671578168869,0.5660667419433594,0.1387206315994262
4020,0.0003231416048947,0.1243947893381118,0.6317288875579834,0.2435531914234161
4021,0.0020711417309939,0.2179683893918991,0.4911993443965912,0.288761168718338
4022,0.0013445704244077,0.160344511270523,0.4712786972522735,0.3670322000980377
4023,0.002712512621656,0.2558907270431518,0.5010097026824951,0.2403870671987533
4024,0.0002615086268633,0.0376172214746475,0.2065591812133789,0.7555621266365051
4025,0.0019481247290968,0.2846448421478271,0.5486672520637512,0.1647397875785827
4026,8.148427150445059e-05,0.0132819339632987,0.0981409475207328,0.8884956240653992
4027,0.0004487504484131,0.0790900215506553,0.3714676201343536,0.5489935278892517
4028,0.0024200382176786,0.2711123526096344,0.4909210801124573,0.2355464994907379
4029,0.0011298884637653,0.1960498392581939,0.5085145831108093,0.294305682182312
4030,0.0021128305234014,0.3841962516307831,0.5678052306175232,0.0458857007324695
4031,0.0018331842729821,0.2291048020124435,0.5326846241950989,0.2363773584365844
4032,0.0010261749848723,0.1571323275566101,0.4764978885650635,0.3653436005115509
4033,0.00076362042455,0.2325407862663269,0.6321113109588623,0.1345842629671096
4034,0.0010618094820529,0.244074746966362,0.6136038303375244,0.1412596255540847
4035,0.0002229818783234,0.0411854572594165,0.2727921605110168,0.6857994198799133
4036,0.0025424947962164,0.4080014526844024,0.5238842368125916,0.0655718073248863
4037,0.005607318598777,0.599411129951477,0.3751018941402435,0.0198796726763248
4038,0.0015382705023512,0.7844898700714111,0.2111425846815109,0.002829312114045
4039,0.0006443430320359,0.0667597874999046,0.2991966307163238,0.633399248123169
4040,0.0004146501014474,0.0815266370773315,0.3432399332523346,0.5748187303543091
4041,0.0015096988063305,0.2660768628120422,0.563284695148468,0.169128730893135
4042,0.0014898707158863,0.2505577206611633,0.5646405220031738,0.1833119392395019
4043,0.0003886480990331,0.071784533560276,0.3267822563648224,0.6010445356369019
4044,0.0002510179183445,0.0390422381460666,0.2354548126459121,0.7252519130706787
4045,8.764861559029669e-05,0.0095170084387063,0.0784495323896408,0.9119457602500916
4046,0.0010182661935687,0.2570707499980926,0.5977073907852173,0.144203633069992
4047,0.0012052482925355,0.229679673910141,0.595743715763092,0.1733713001012802
4048,0.0004527404089458,0.1125264763832092,0.5122504234313965,0.3747703731060028
4049,0.0013773646205663,0.3068693280220032,0.5823356509208679,0.109417624771595
4050,0.0001759959559421,0.0368352681398391,0.2679581642150879,0.6950305700302124
4051,0.000340152560966,0.0958001092076301,0.494174599647522,0.4096851348876953
4052,0.0006321326363831,0.2889760732650757,0.6718894839286804,0.0385023355484008
4053,0.0008345086826011,0.3017843961715698,0.6388775706291199,0.0585035718977451
4054,0.000649259192869,0.4669404923915863,0.5128337740898132,0.0195764396339654
4055,0.0004227717290632,0.2812030911445617,0.67457115650177,0.0438029952347278
4056,0.0075318510644137,0.8981981873512268,0.0932016894221305,0.0010682435240596
4057,0.0013182908296585,0.0790504291653633,0.2473269402980804,0.6723042726516724
4058,0.000971165834926,0.0795982480049133,0.2529627084732055,0.6664679646492004
4059,0.0013052115682512,0.1086617857217788,0.3295127749443054,0.5605201721191406
4060,0.0007680647540837,0.1396645754575729,0.4799196720123291,0.3796477317810058
4061,0.0005210050148889,0.1294933259487152,0.4519761204719543,0.4180095791816711
4062,0.0013487939722836,0.5357061624526978,0.4511098265647888,0.0118352901190519
4063,0.0008277660817839,0.4858866035938263,0.5013102889060974,0.0119753489270806
4064,0.0005566856125369,0.224583014845848,0.6298586130142212,0.1450016796588897
4065,0.000719103089068,0.2811812460422516,0.5952606797218323,0.1228389739990234
4066,0.0010618163505569,0.3336127698421478,0.5586962699890137,0.1066290512681007
4067,0.0004990950110368,0.2466983050107956,0.6499634981155396,0.1028391644358635
4068,0.0011910003377124,0.3460795283317566,0.5979717373847961,0.0547577291727066
4069,5.36265542905312e-05,0.0057325703091919,0.0450901612639427,0.9491236209869384
4070,0.001828943262808,0.3888188004493713,0.5657280087471008,0.0436242595314979
4071,0.001384122413583,0.2637670636177063,0.5671882629394531,0.1676605343818664
4072,0.0004715313843917,0.0792993828654289,0.378316193819046,0.5419129133224487
4073,0.00347121944651,0.4139544665813446,0.5071876049041748,0.0753867030143737
4074,0.0003371683415025,0.1127673760056495,0.6695307493209839,0.2173648029565811
4075,0.0002344583772355,0.0847874730825424,0.6880750060081482,0.2269030660390854
4076,0.0001740526786306,0.0302003286778926,0.1533699035644531,0.8162557482719421
4077,0.0001841849589254,0.0391562543809413,0.2218352705240249,0.7388243079185486
4078,0.000257450796198,0.0316764414310455,0.1511198580265045,0.8169462084770203
4079,0.0001410959375789,0.0219454485923051,0.128276064991951,0.8496374487876892
4080,0.00107609690167,0.1622219532728195,0.4767968356609344,0.3599051237106323
4081,0.0015027616173028,0.3194751441478729,0.5784947872161865,0.1005273088812828
4082,0.0011301247868686,0.3663458824157715,0.5763429999351501,0.0561809614300727
4083,0.0028596299234777,0.3573862612247467,0.5535306930541992,0.0862234532833099
4084,0.0002706252562347,0.0293848644942045,0.1380139291286468,0.832330584526062
4085,0.0035126423463225,0.2173194736242294,0.4529326856136322,0.3262352049350738
4086,0.0012131669791415,0.7347161769866943,0.2579096555709839,0.0061609707772731
4087,0.0102953547611832,0.4112464785575866,0.4587785899639129,0.1196795552968978
4088,0.0008023352129384,0.3784262537956238,0.5861180424690247,0.0346534103155136
4089,0.0010211799526587,0.2170947194099426,0.5543708205223083,0.227513313293457
4090,0.0005483560380525,0.4005824029445648,0.5828438997268677,0.0160253122448921
4091,0.0037550153210759,0.5486536622047424,0.4272918999195099,0.0202994216233491
4092,0.0001427734678145,0.0240108054131269,0.1425587087869644,0.8332877159118652
4093,0.0002608302456792,0.0452573224902153,0.2125632464885711,0.7419186234474182
4094,0.0002328802365809,0.0423468463122844,0.2184416502714157,0.7389786243438721
4095,0.0004169922322034,0.1373026072978973,0.5430423617362976,0.3192380964756012
4096,0.0009687127894721,0.1707307696342468,0.4940258264541626,0.3342746198177337
4097,0.0001670749043114,0.0244116876274347,0.1542866080999374,0.8211345672607422
4098,0.0014582576695829,0.2164246439933776,0.4954009354114532,0.2867160737514496
4099,0.001209084643051,0.151107057929039,0.4304639101028442,0.4172199368476867
4100,0.000231705547776,0.059417400509119,0.3212074041366577,0.6191434860229492
4101,0.0021029654890298,0.3072689473628998,0.5563921928405762,0.1342358738183975
4102,0.0076185693033039,0.3846999108791351,0.4939644634723663,0.113717071712017
4103,0.0019155932823196,0.2548441886901855,0.5147994160652161,0.2284408509731292
4104,0.0006671061273664,0.552218496799469,0.4368408322334289,0.0102735105901956
4105,0.0005296489107422,0.3258163928985595,0.5899773240089417,0.0836765766143798
4106,0.0012735569616779,0.2665505409240722,0.6101402044296265,0.1220357194542884
4107,0.0010992502793669,0.7426711916923523,0.252681165933609,0.0035484235268086
4108,0.002982385456562,0.3238315284252167,0.5339078903198242,0.1392782032489776
4109,0.0029761064797639,0.4348455667495727,0.500504195690155,0.0616742148995399
4110,7.774062396492809e-05,0.0094168232753872,0.0595161505043506,0.9309892654418944
4111,0.0013275346718728,0.1608059853315353,0.4580935835838318,0.3797729313373565
4112,0.0017878784565255,0.3626831769943237,0.5886929035186768,0.0468361191451549
4113,0.000794468622189,0.320511519908905,0.6474511027336121,0.0312429331243038
4114,0.0008811392472125,0.2025446444749832,0.6436855792999268,0.1528887301683426
4115,0.001192802330479,0.6178869009017944,0.3747673630714416,0.0061529423110187
4116,0.000958903809078,0.1690019965171814,0.5287604331970215,0.3012786209583282
4117,0.0001649420737521,0.0241000521928071,0.1523170173168182,0.8234180212020874
4118,0.0004941890365444,0.13702492415905,0.5768964290618896,0.2855844497680664
4119,0.0003388722543604,0.0816337540745735,0.4697698652744293,0.4482575356960296
4120,0.0004832465492654,0.1641690582036972,0.573006272315979,0.2623414099216461
4121,0.0020522351842373,0.2687897980213165,0.5262648463249207,0.2028931677341461
4122,0.0020835679024457,0.614975094795227,0.3730012476444244,0.0099401464685797
4123,0.001974185463041,0.2211643159389495,0.5142224431037903,0.2626391351222992
4124,0.0006086752400733,0.1293995082378387,0.4587610960006714,0.4112307727336883
4125,0.0004364908963907,0.1874500215053558,0.6542648077011108,0.1578487455844879
4126,0.0003139559703413,0.0617286078631877,0.3337016999721527,0.604255735874176
4127,0.0003517759323585,0.0702537968754768,0.3681035339832306,0.5612908601760864
4128,0.0009617423638701,0.5916210412979126,0.4003108739852905,0.0071063684299588
4129,0.0004652329662349,0.160538375377655,0.6654130220413208,0.173583373427391
4130,0.0007545623811893,0.2728733420372009,0.6444406509399414,0.0819314271211624
4131,0.0004730617802124,0.4168475866317749,0.5609297752380371,0.0217496063560247
4132,0.0001693370577413,0.0348921194672584,0.2071640193462371,0.7577745318412781
4133,0.0017198565183207,0.2050985991954803,0.4550311267375946,0.3381504118442535
4134,0.0002669614041224,0.0524887479841709,0.2665598392486572,0.6806844472885132
4135,0.0009682069066911,0.3042015433311462,0.5863638520240784,0.1084664091467857
4136,0.0009017073898576,0.1829174011945724,0.5813103318214417,0.2348705977201461
4137,0.0007374218548648,0.2794727683067322,0.6397194862365723,0.0800702944397926
4138,0.0004199160030111,0.1471826732158661,0.573093831539154,0.2793036103248596
4139,0.001045225886628,0.3133616745471954,0.5854367017745972,0.1001564040780067
4140,9.340170072391628e-05,0.0120435506105422,0.074937492609024,0.9129255414009094
4141,9.75887742242776e-05,0.017199533060193,0.1005351245403289,0.8821677565574646
4142,0.0018423538422212,0.4798837900161743,0.4951169490814209,0.0231569297611713
4143,0.0005642708856612,0.1218485683202743,0.4387935698032379,0.4387935698032379
4144,0.0017326539382338,0.7797936201095581,0.2165408581495285,0.0019329151837155
4145,0.0013943025842308,0.7688488364219666,0.2272712737321853,0.0024856128729879
4146,0.000544486043509,0.2000039368867874,0.6872595548629761,0.1121920421719551
4147,0.0019742455333471,0.2077709734439849,0.5062655806541443,0.2839892506599426
4148,0.0011115617817267,0.2438104450702667,0.5848708748817444,0.1702071130275726
4149,0.0006617189501412,0.0982077941298484,0.3945360779762268,0.5065943598747253
4150,0.0033268460538238,0.313845157623291,0.5174431800842285,0.1653847843408584
4151,0.0011384771205484,0.374865174293518,0.5806025266647339,0.0433937907218933
4152,0.0018669954733923,0.6442458629608154,0.3448399603366852,0.0090472009032964
4153,0.0016495952149853,0.5604023337364197,0.4230138659477234,0.0149342156946659
4154,0.0007996879285201,0.5075480341911316,0.4767972528934479,0.014855071902275
4155,0.0004509685095399,0.105295144021511,0.4645839631557464,0.4296699166297912
4156,0.0009068720974028,0.3774718940258026,0.5938466787338257,0.0277745798230171
4157,0.0007450235425494,0.2304503917694091,0.6564920544624329,0.1123125478625297
4158,0.0007679710397496,0.2650044858455658,0.6558923721313477,0.0783351808786392
4159,0.000562175293453,0.1464316099882125,0.6262085437774658,0.2267976999282837
4160,0.0001511052105342,0.0311354231089353,0.2818771004676819,0.6868364214897156
4161,0.0012614537263289,0.2329944968223571,0.5502594113349915,0.2154846638441085
4162,0.0007273469818755,0.2048490792512893,0.5927504301071167,0.2016731798648834
4163,0.0002598727878648,0.0882842615246772,0.6033134460449219,0.3081423938274383
4164,0.0044564302079379,0.4138890504837036,0.5314440727233887,0.0502104386687278
4165,0.0006317087099887,0.7608399987220764,0.2356972396373748,0.0028311221394687
4166,0.0011798518244177,0.2842243313789367,0.6305792331695557,0.0840165540575981
4167,0.0014346189564093,0.32465860247612,0.5878808498382568,0.0860259681940078
4168,0.0006183855584822,0.2236275374889373,0.6996686458587646,0.0760854333639144
4169,0.0003922242613043,0.0930212959647178,0.5270015597343445,0.3795849978923797
4170,0.0010679551633074,0.1488956660032272,0.5196969509124756,0.3303394615650177
4171,0.0011392207816243,0.21709705889225,0.5809817910194397,0.2007819414138794
4172,0.0002969100896734,0.0557038374245166,0.2964634895324707,0.6475358009338379
4173,0.0006366196321323,0.1251692771911621,0.4507519006729126,0.4234422147274017
4174,0.0005031414912082,0.091491051018238,0.3562441170215606,0.5517616868019104
4175,0.0007385900826193,0.1185236796736717,0.4403688907623291,0.4403688907623291
4176,0.000392381043639,0.1353992968797683,0.687614381313324,0.1765939742326736
4177,0.0008522214484401,0.1549676060676574,0.6323645710945129,0.211815595626831
4178,0.0011800267966464,0.3825224041938782,0.5653313994407654,0.0509661734104156
4179,0.0004332091775722,0.1860406845808029,0.6493458151817322,0.1641803234815597
4180,0.001536811934784,0.3267139792442322,0.5824306011199951,0.0893186330795288
4181,0.0049765203148126,0.2984137535095215,0.5156126618385315,0.1809970885515213
4182,0.0020366196986287,0.5061922073364258,0.4608932435512543,0.0308779198676347
4183,0.0005255465512163,0.0721363797783851,0.2943614721298218,0.6329765915870667
4184,0.0004144918057136,0.1672179251909256,0.5928390026092529,0.2395286113023758
4185,0.0015065169427543,0.3744376599788666,0.5709492564201355,0.0531065501272678
4186,0.0011105260346084,0.7986786961555481,0.1988068670034408,0.0014038364170119
4187,0.001339855720289,0.3278518617153168,0.5753979682922363,0.095410332083702
4188,0.0013324273750185,0.4387270808219909,0.5210012793540955,0.0389392375946044
4189,0.0013530228752642,0.2702145576477051,0.5720441937446594,0.1563881784677505
4190,0.001331943902187,0.4119963049888611,0.5544016361236572,0.0322700440883636
4191,0.0012292474275454,0.2654435336589813,0.5619439482688904,0.1713832169771194
4192,0.0011067426530644,0.2044188678264618,0.4827727973461151,0.3117015659809112
4193,0.001201108796522,0.1988638043403625,0.5405678153038025,0.2593672573566437
4194,0.0021075417753309,0.2149751186370849,0.4844538867473602,0.2984634041786194
4195,0.0006484105833806,0.1024391427636146,0.3926893472671509,0.504223108291626
4196,0.0012898358982056,0.1884608268737793,0.5043472647666931,0.3059020936489105
4197,0.0007467555114999,0.4666047990322113,0.5124651193618774,0.0201833415776491
4198,0.0004209478502161,0.1046245917677879,0.4404859840869903,0.4544685184955597
4199,0.0022220180835574,0.1821200102567672,0.4301099479198456,0.3855480551719665
4200,0.0012097004801034,0.26951465010643,0.6169251799583435,0.1123504191637039
4201,0.0019947569817304,0.3407493531703949,0.5195807218551636,0.1376751959323883
4202,0.0011300415499135,0.208722248673439,0.5499098896980286,0.2402378469705581
4203,0.0044381725601851,0.3581198751926422,0.4972001612186432,0.1402417421340942
4204,0.0042172032408416,0.4651208221912384,0.472445398569107,0.0582166947424411
4205,0.0006875566323287,0.4944835603237152,0.486817330121994,0.018011562526226
4206,0.0019626128487288,0.4654602706432342,0.5032825469970703,0.0292945560067892
4207,0.0049515413120388,0.4598723351955414,0.4819420278072357,0.0532340817153453
4208,0.0004292493686079,0.0941517278552055,0.4562462270259857,0.4491727948188782
4209,0.0023892719764262,0.2399339526891708,0.4771656394004822,0.280511200428009
4210,0.0003842518490273,0.0646212175488472,0.27206552028656,0.6629289984703064
4211,0.0006972793489694,0.1172643527388572,0.3726653158664703,0.509373128414154
4212,0.0018897035624831,0.593727171421051,0.3955076038837433,0.0088755022734403
4213,0.0002063538559013,0.0320953838527202,0.2485358864068985,0.7191624045372009
4214,0.0011869200970977,0.2771300375461578,0.6148398518562317,0.1068431362509727
4215,0.0010699273552745,0.1612919270992279,0.4384368658065796,0.3992013037204742
4216,0.0007070596329867,0.5329138040542603,0.4558253586292267,0.0105537855997681
4217,0.00232421210967,0.4714820683002472,0.4941089451313019,0.0320847555994987
4218,0.0014427138958126,0.2043125927448272,0.5553791522979736,0.2388655990362167
4219,0.0003585948143154,0.046966653317213,0.1946713626384735,0.7580033540725708
4220,0.0006606011884287,0.1201234757900238,0.4258746802806854,0.4533412158489227
4221,0.0001412920828443,0.0226735491305589,0.1525433957576751,0.824641764163971
4222,0.0014028096338734,0.4476905167102813,0.5152885913848877,0.0356180369853973
4223,0.0008258810266852,0.4211843013763428,0.5493278503417969,0.0286619514226913
4224,0.0003764729190152,0.0633130148053169,0.3165451884269714,0.6197653412818909
4225,0.000203535077162,0.0759411081671714,0.4438928067684173,0.479962557554245
4226,0.0002922273706644,0.0761174038052558,0.411486804485321,0.5121035575866699
4227,0.0009052806417457,0.1836422681808471,0.5482545495033264,0.2671979069709778
4228,0.0027302140370011,0.3359223306179046,0.5452557802200317,0.1160916462540626
4229,0.0011790407588705,0.1805398017168045,0.5063363909721375,0.3119447827339172
4230,0.0038025656249374,0.3531617224216461,0.530158519744873,0.112877257168293
4231,0.0008504898869432,0.2672159671783447,0.6410178542137146,0.0909156650304794
4232,0.0003846904437523,0.0657137855887413,0.3389774858951568,0.5949240326881409
4233,0.0015458090929314,0.2519668638706207,0.5678160786628723,0.1786712408065796
4234,0.0002695137227419,0.0564081743359565,0.373619943857193,0.5697023868560791
4235,0.0017251004464924,0.1963031589984893,0.4783225357532501,0.3236492276191711
4236,0.0021251325961202,0.2495000958442688,0.5281916856765747,0.2201830595731735
4237,0.0002077974786516,0.0549780316650867,0.4392455816268921,0.5055685639381409
4238,0.0018282257951796,0.2671261429786682,0.5230075716972351,0.2080380469560623
4239,0.0010576830245554,0.2798365354537964,0.6112191677093506,0.1078865900635719
4240,0.0005087773315608,0.0939727798104286,0.3895063400268554,0.5160120725631714
4241,0.0023196798283606,0.3389336168766022,0.5416143536567688,0.1171323210000991
4242,0.0013935150345787,0.4177797734737396,0.5448875427246094,0.0359392315149307
4243,0.0024605931248515,0.3709352016448974,0.5313401222229004,0.095264047384262
4244,0.0009699099464341,0.569322943687439,0.4165255427360534,0.0131816118955612
4245,0.0008126161410473,0.8773259520530701,0.1206029281020164,0.0012586044613271
4246,0.0009834895608946,0.40936279296875,0.5595325827598572,0.0301211271435022
4247,0.0007842187187634,0.1382146179676056,0.5135295987129211,0.347471535205841
4248,0.0002024857967626,0.0368199422955513,0.289611279964447,0.673366367816925
4249,0.000180534509127,0.028079554438591,0.1382124125957489,0.8335275650024414
4250,0.0002362350205658,0.045727364718914,0.2714958786964416,0.6825405359268188
4251,0.000830920995213,0.3568370938301086,0.6070003509521484,0.035331655293703
4252,0.0003473506949376,0.0584153980016708,0.2830729484558105,0.6581643223762512
4253,0.0008584627066738,0.3153357803821563,0.5891247987747192,0.0946809723973274
4254,0.0006451703957282,0.1680495887994766,0.6051698327064514,0.2261354476213455
4255,0.001210291404277,0.3008121848106384,0.6076573133468628,0.090320199728012
4256,0.0006451304652728,0.1934119164943695,0.6750739216804504,0.1308690309524536
4257,0.0005111188511364,0.1580990701913833,0.6252939701080322,0.216095820069313
4258,0.0008300080080516,0.1849212348461151,0.5876784920692444,0.2265702486038208
4259,0.0003981754998676,0.1070062816143035,0.6062318682670593,0.2863636612892151
4260,0.0015022129518911,0.2336476594209671,0.534824788570404,0.2300252914428711
4261,0.0006611219141632,0.1129344999790191,0.4397397339344024,0.4466646015644073
4262,0.0016945071984082,0.255447506904602,0.5407823920249939,0.2020756155252456
4263,0.0003272161702625,0.0813280344009399,0.326723963022232,0.5916207432746887
4264,0.0007643871358595,0.5005432963371277,0.4851432144641876,0.0135490875691175
4265,0.0018336339853703,0.3132259547710418,0.5583856701850891,0.1265547275543213
4266,0.0006691539892926,0.1295263022184372,0.5285481810569763,0.3412563502788543
4267,0.0008893595077097,0.1721508651971817,0.5644609928131104,0.2624987661838531
4268,0.0010336874984204,0.3197397589683532,0.6067594289779663,0.0724670812487602
4269,0.0012073467951267,0.6352700591087341,0.3563542068004608,0.0071683479472994
4270,0.0026844921521842,0.4175342321395874,0.519629716873169,0.0601515099406242
4271,0.001274986192584,0.4832022786140442,0.5063915848731995,0.0091310916468501
4272,0.0010598101653158,0.4695805013179779,0.5077375769615173,0.0216220747679471
4273,0.0015236999606713,0.1845677345991134,0.5096078515052795,0.3043007552623749
4274,0.0008333928999491,0.2103977799415588,0.6088061332702637,0.1799627393484115
4275,0.0015833813231438,0.4600971043109894,0.4974835813045501,0.0408359393477439
4276,0.0005381451337598,0.1058076694607734,0.4119895696640014,0.4816645979881286
4277,0.0010630718898028,0.2856915593147278,0.604809045791626,0.1084362864494323
4278,0.000803755770903,0.1330752968788147,0.4432084560394287,0.4229124784469604
4279,0.0033743823878467,0.2898423969745636,0.5166999101638794,0.190083310008049
4280,0.0010209158062934,0.330944299697876,0.6086997389793396,0.0593350417912006
4281,0.0005834834300912,0.1129432767629623,0.4397739171981811,0.4466993510723114
4282,0.0024787697475403,0.4040393829345703,0.5436944365501404,0.0497874207794666
4283,0.0006129801040515,0.2982932925224304,0.6414313316345215,0.0596624054014682
4284,0.0012141019105911,0.2790817022323608,0.5726384520530701,0.1470657289028167
4285,0.0019291195785626,0.3000468611717224,0.5348913669586182,0.1631326526403427
4286,0.0015478298300877,0.2903911769390106,0.5597436428070068,0.1483173072338104
4287,0.0010727705666795,0.4065653085708618,0.5557089447975159,0.0366529785096645
4288,0.0005193427787162,0.1606428921222686,0.6158071160316467,0.2230305671691894
4289,0.0002308080875081,0.0460950843989849,0.2868132591247558,0.666860818862915
4290,0.0002492187777534,0.0591056086122989,0.3620657622814178,0.5785794258117676
4291,0.0002490864135324,0.0590742230415344,0.3974402546882629,0.5432364344596863
4292,0.0010905034141615,0.2177863419055938,0.5828264355659485,0.1982967108488083
4293,5.941797644481994e-05,0.007310717832297,0.0499596893787384,0.9426701664924622
4294,0.0009933401597663,0.1521045118570327,0.4987314939498901,0.3481706976890564
4295,0.0005979260313324,0.1999788731336593,0.6256784796714783,0.1737446337938308
4296,0.0041083795949816,0.4531185626983642,0.4602541029453277,0.0825190171599388
4297,0.0016294429078698,0.3630309998989105,0.5449740290641785,0.0903655514121055
4298,0.002409225795418,0.3205154240131378,0.5713805556297302,0.1056947782635688
4299,0.0008738812175579,0.2138317078351974,0.581254780292511,0.2040396332740783
4300,0.0002996029506903,0.0898218154907226,0.4088927209377289,0.500985860824585
4301,0.0007453120197169,0.351530909538269,0.5795764923095703,0.0681473761796951
4302,0.0007634655921719,0.2150214463472366,0.5405638217926025,0.2436512261629104
4303,0.0004396731383167,0.1381411850452423,0.4974655210971832,0.3639535307884216
4304,0.0004707823100034,0.0607043579220771,0.2220473140478134,0.716777503490448
4305,0.0016161366365849,0.1454799920320511,0.3832887411117553,0.4696151614189148
4306,0.0010981892701238,0.1875954419374466,0.4716148674488067,0.3396914601325989
4307,0.0005264531355351,0.0927847176790237,0.3727496266365051,0.5339392423629761
4308,0.0020033349283039,0.6196708083152771,0.3700223267078399,0.0083035938441753
4309,0.0007742648595012,0.1386092454195022,0.4269465506076813,0.4336699545383453
4310,0.0017918812809512,0.7228965163230896,0.2701267004013061,0.0051849801093339
4311,0.0028825614135712,0.5080369710922241,0.4625729322433471,0.0265075415372848
4312,0.0014465252170339,0.5070143938064575,0.4689116179943084,0.0226274635642766
4313,0.001706356415525,0.3461458683013916,0.5618501901626587,0.0902975499629974
4314,0.0016966210678219,0.323318749666214,0.5763779878616333,0.0986066460609436
4315,0.0009136212756857,0.3103764355182647,0.6172572374343872,0.0714527145028114
4316,0.001338654779829,0.1866369396448135,0.4994663298130035,0.3125580549240112
4317,0.000236574356677,0.0305047426372766,0.17014180123806,0.7991169095039368
4318,0.0016412199474871,0.1810122728347778,0.4844139516353607,0.3329325318336487
4319,0.0004366106004454,0.0658191889524459,0.3189506828784942,0.6147935390472412
4320,0.0008367436821572,0.7258820533752441,0.2712423205375671,0.0020388534758239
4321,0.0007955481414683,0.4597353935241699,0.5291522145271301,0.010316826403141
4322,0.0010142748942598,0.3555083870887756,0.595364511013031,0.0481128320097923
4323,0.0042561455629765,0.6218749284744263,0.3599135875701904,0.0139553649351
4324,0.0011597569100558,0.2793835401535034,0.6198394298553467,0.0996172577142715
4325,0.0005329105188138,0.1015547662973404,0.4209328293800354,0.4769794046878814
4326,0.000269465817837,0.1037320643663406,0.5105870962142944,0.3854113519191742
4327,0.0006320187821984,0.1752412766218185,0.5569156408309937,0.2672110497951507
4328,0.0003478409198578,0.0508238114416599,0.2581046223640442,0.6907237768173218
4329,0.0007152979960665,0.1260676831007003,0.440019428730011,0.4331975877285003
4330,0.0012517510913312,0.234843298792839,0.5722314119338989,0.1916735172271728
4331,0.0017272995319217,0.675402820110321,0.3190377354621887,0.0038321819156408
4332,0.0009236879413947,0.1553404182195663,0.4936708509922027,0.3500650227069855
4333,0.0035877681802958,0.4082604348659515,0.5160895586013794,0.0720622465014457
4334,0.0003390780766494,0.0561400912702083,0.3493153750896454,0.5942054986953735
4335,0.0020981761626899,0.4460555613040924,0.5214917659759521,0.0303544588387012
4336,0.0002808563876897,0.0896320790052414,0.5664921402931213,0.343594878911972
4337,0.0002611300442367,0.0690884962677955,0.4435290098190307,0.4871213138103485
4338,0.0004173152556177,0.1193829700350761,0.5607143640518188,0.3194853961467743
4339,0.0003140392655041,0.0884456112980842,0.5503270626068115,0.3609133064746856
4340,0.000148167804582,0.0286804400384426,0.1959952116012573,0.7751761078834534
4341,0.0025067513342946,0.3132847845554352,0.5165192484855652,0.167689248919487
4342,9.884900646284224e-05,0.0166238471865654,0.1172095313668251,0.8660678267478943
4343,0.0028242301195859,0.4977563917636871,0.4675988554954529,0.0318205021321773
4344,0.0012113362317904,0.2784459590911865,0.5803312659263611,0.1400114297866821
4345,0.0020825637038797,0.7299490571022034,0.2643700242042541,0.0035983475390821
4346,0.0028625864069908,0.346748799085617,0.5124614834785461,0.1379271447658538
4347,0.001814997405745,0.687859058380127,0.3052356243133545,0.0050902855582535
4348,0.002869754564017,0.2426758557558059,0.4751362204551697,0.2793181538581848
4349,0.0005622034659609,0.4877161383628845,0.5031979084014893,0.0085237687453627
4350,0.0019428915111348,0.7597028613090515,0.2353449761867523,0.0030092094093561
4351,0.0012654637685045,0.3914327323436737,0.5785000324249268,0.0288018193095922
4352,0.0039705988019704,0.4518236219882965,0.5119832754135132,0.0322225615382194
4353,0.0025602378882467,0.6565344929695129,0.3301262557506561,0.0107790045440196
4354,0.0007736710831522,0.1545111835002899,0.4910355508327484,0.3536796569824219
4355,0.0009126832592301,0.14419025182724,0.4441372752189636,0.4107598066329956
4356,8.910401811590418e-05,0.0090888570994138,0.049133900552988,0.9416881799697876
4357,0.0015228412812575,0.2090247869491577,0.5771359205245972,0.2123164683580398
4358,0.0003681652306113,0.0690721422433853,0.2953841090202331,0.6351755857467651
4359,0.0005771602154709,0.0870070829987526,0.3084669113159179,0.6039488315582275
4360,0.0001160660685854,0.0156842060387134,0.1006882563233375,0.8835114240646362
4361,0.000223917842959,0.0454232431948185,0.3744277656078338,0.5799250602722168
4362,0.0020229537039995,0.2196551412343979,0.4873262047767639,0.2909957468509674
4363,0.0002881449472624,0.0434379503130912,0.2660897076129913,0.6901841759681702
4364,0.00082386971917,0.1984688192605972,0.6113269925117493,0.1893802732229232
4365,0.0001697354455245,0.0344319827854633,0.2176167964935302,0.7477814555168152
4366,0.0017813768936321,0.2562456429004669,0.5865521430969238,0.1554208546876907
4367,0.0018505180487409,0.3526463210582733,0.5905714631080627,0.0549317002296447
4368,0.0001437521277694,0.0261398311704397,0.173137366771698,0.8005790114402771
4369,0.00138732988853,0.2814292013645172,0.624377965927124,0.0928054973483085
4370,0.0010599424131214,0.2634436786174774,0.6030285954475403,0.1324677914381027
4371,0.0021476582624018,0.290216714143753,0.5594074130058289,0.1482282131910324
4372,0.001071291975677,0.3472744524478912,0.6000364422798157,0.0516177378594875
4373,0.0006417100084945,0.2671021223068237,0.6820691823959351,0.0501870028674602
4374,0.0012496245326474,0.3358259797096252,0.6081023216247559,0.0548220872879028
4375,0.0037458254955708,0.4537366926670074,0.4830001890659332,0.0595172978937625
4376,0.0011596818221732,0.2927724123001098,0.5914165377616882,0.1146513223648071
4377,0.0011517299572005,0.6155493259429932,0.3733495473861694,0.0099494280293583
4378,0.0020246882922947,0.4801822304725647,0.4801822304725647,0.0376107804477214
4379,0.0006483854958787,0.7336118817329407,0.2615773677825928,0.0041624549776315
4380,0.0029772534035146,0.4216291904449463,0.5329892039299011,0.0424043610692024
4381,0.0008838646463118,0.510772168636322,0.4798260629177093,0.0085179321467876
4382,0.0010761402081698,0.6830074191093445,0.3127036094665527,0.0032127613667398
4383,0.0012952318647876,0.650303840637207,0.3426860570907593,0.0057148304767906
4384,0.0013346322812139,0.4605428576469421,0.5218634009361267,0.0162591524422168
4385,0.0021904264576733,0.4880149960517883,0.4880149960517883,0.0217795427888631
4386,0.0024133252445608,0.3111827969551086,0.5461428165435791,0.1402610838413238
4387,0.0037506739608943,0.3947235345840454,0.5148165225982666,0.0867092534899711
4388,0.0115060452371835,0.7118538618087769,0.2744441032409668,0.0021959673613309
4389,0.0035405275411903,0.1963503807783126,0.4156737625598907,0.3844353556632995
4390,0.0027779978699982,0.4388819634914398,0.529392659664154,0.0289474017918109
4391,0.0003426155890338,0.0684243515133857,0.3213734626770019,0.6098595857620239
4392,0.0022512313444167,0.3906168937683105,0.5508581399917603,0.0562737025320529
4393,0.0038896787445992,0.3393651247024536,0.5174700021743774,0.1392751634120941
4394,0.0006606947863474,0.2279865890741348,0.6394041776657104,0.1319485008716583
4395,0.0002579431165941,0.065120130777359,0.363210916519165,0.5714110136032104
4396,0.0002825439732987,0.1070802882313728,0.6357649564743042,0.2568722367286682
4397,0.0049000037834048,0.5489382743835449,0.4208855926990509,0.0252761468291282
4398,0.0026866318657994,0.4809619784355163,0.4809619784355163,0.0353894308209419
4399,0.0017926892032846,0.4525810182094574,0.5128414630889893,0.0327848568558692
4400,0.0007711076177656,0.1613898128271103,0.5633057951927185,0.2745333313941955
4401,0.0009022218291647,0.2501611113548279,0.6191547513008118,0.129781886935234
4402,0.0008111778879538,0.4009581804275512,0.5480448603630066,0.0501857995986938
4403,0.0008595454855822,0.3207055628299713,0.6181761026382446,0.060258787125349
4404,0.0016540930373594,0.3743262588977813,0.5278846621513367,0.0961349382996559
4405,0.0018202291103079,0.3258582353591919,0.5543035268783569,0.1180180311203002
4406,0.003177443286404,0.6345726847648621,0.3504442870616913,0.0118056330829858
4407,0.0030124229378998,0.3481887578964233,0.5226932168006897,0.1261056065559387
4408,0.00149233546108,0.3027303218841553,0.5655746459960938,0.1302026808261871
4409,0.0010606362484395,0.2595291435718536,0.6129258275032043,0.1264843940734863
4410,0.0008953014621511,0.1267897337675094,0.45658740401268,0.4157275557518005
4411,0.0017864401452243,0.3680982887744903,0.5355798006057739,0.0945354551076889
4412,0.0007870981935411,0.1596681773662567,0.5317762494087219,0.3077684938907623
4413,0.0006418175180442,0.1407765299081802,0.4990961253643036,0.3594854772090912
4414,0.0010549994185566,0.2278164476156234,0.5909109115600586,0.1802176386117935
4415,0.0001877668400993,0.0512553863227367,0.3043172359466553,0.6442395448684692
4416,0.0027209392283111,0.2161509841680526,0.4947745203971863,0.2863535284996032
4417,0.0013921451754868,0.3406466841697693,0.5704758763313293,0.0874853134155273
4418,0.0007539525977335,0.1209889352321624,0.4356979429721832,0.442559152841568
4419,0.0020661097951233,0.2791970074176788,0.5298227667808533,0.1889141499996185
4420,0.0012402036227285,0.2053366154432296,0.6035178899765015,0.1899053156375885
4421,0.0013932078145444,0.4377329349517822,0.5117616057395935,0.0491122752428054
4422,0.0003504171327222,0.2600162327289581,0.6958394646644592,0.0437938794493675
4423,0.0034936410374939,0.4101690649986267,0.5104636549949646,0.0758736506104469
4424,0.0009519724408164,0.1503973603248596,0.4705516993999481,0.3780989348888397
4425,6.928175571374595e-05,0.0125981671735644,0.0902245268225669,0.8971080780029297
4426,0.0003245476109441,0.1173665598034858,0.5426974296569824,0.3396114110946655
4427,0.0004745080659631,0.0823331102728843,0.3632707297801971,0.5539216995239258
4428,0.0002111324574798,0.0294363535940647,0.1494901329278946,0.820862352848053
4429,0.00091852521291,0.2430188655853271,0.6109493970870972,0.1451131999492645
4430,0.000801631656941,0.2293258309364318,0.5856040120124817,0.1842684745788574
4431,0.0020682120230048,0.2794810533523559,0.5734578967094421,0.144992858171463
4432,0.0009853529045358,0.2732110619544983,0.5967478156089783,0.129055768251419
4433,0.0007060675998218,0.1648573726415634,0.5405465364456177,0.2938900291919708
4434,0.0012927126372233,0.3875589072704315,0.5727748870849609,0.0383735261857509
4435,0.001503663486801,0.3855918347835541,0.5437716841697693,0.0691328048706054
4436,0.0002506860473658,0.0463025048375129,0.2623215615749359,0.6911252737045288
4437,0.0021155828144401,0.5340985655784607,0.4359185397624969,0.0278673395514488
4438,0.0008355023455806,0.2504859268665313,0.6103470921516418,0.1383314728736877
4439,0.0002864701673388,0.0769864320755004,0.4361578226089477,0.4865692257881164
4440,0.0013519750209525,0.2658192813396454,0.5716012120246887,0.1612275242805481
4441,0.0008973750518634,0.2488172352313995,0.606281042098999,0.1440043747425079
4442,0.0012021774891763,0.2438697963953018,0.5495690703392029,0.2053589671850204
4443,0.0010941240470856,0.2362649887800216,0.5667702555656433,0.1958705782890319
4444,0.0010866705561056,0.220438465476036,0.5899239182472229,0.1885510087013244
4445,0.0007504964014515,0.1364699602127075,0.4616719484329223,0.4011075496673584
4446,0.0005371793522499,0.0875602066516876,0.3409383296966553,0.5709642767906189
4447,0.0006286124698817,0.1161067113280296,0.4381821453571319,0.4450825154781341
4448,0.0008481608820147,0.521750807762146,0.4676943719387054,0.009706687182188
4449,0.0033820190001279,0.62466961145401,0.3615310490131378,0.0104173514991998
4450,0.0007735984399914,0.5477383136749268,0.4401201009750366,0.0113679459318518
4451,0.0009954492561519,0.3772615790367126,0.5752552151679993,0.0464877523481845
4452,0.0040069557726383,0.333588033914566,0.5166712403297424,0.1457338035106659
4453,0.0012996806763112,0.5003178715705872,0.4774066507816314,0.0209757853299379
4454,0.0017618086421862,0.2827225029468536,0.5711151361465454,0.1444005221128463
4455,0.0008344805683009,0.1801976263523101,0.5726668834686279,0.2463009804487228
4456,0.004601314663887,0.5318396687507629,0.4409105777740478,0.0226484648883342
4457,0.0004625242145266,0.4618285000324249,0.5233202576637268,0.0143887065351009
4458,0.0059326053597033,0.6543147563934326,0.3290100991725921,0.0107425600290298
4459,0.0007640480762347,0.3130930662155151,0.6424252986907959,0.0437175892293453
4460,0.0011518329847604,0.3675942122936249,0.5693410038948059,0.061912965029478
4461,0.0011874969350174,0.2227884531021118,0.5600901246070862,0.2159339785575866
4462,0.0013201776891946,0.2053347080945968,0.5495041012763977,0.2438409775495529
4463,0.0006507597863674,0.1044292971491813,0.4195300936698913,0.4753898680210113
4464,0.0008001804817467,0.5665594339370728,0.4276614785194397,0.0049788900651037
4465,0.0015531274257227,0.310177743434906,0.6168621182441711,0.0714069753885269
4466,0.0008201674208976,0.2070588916540146,0.5717079043388367,0.2204130440950393
4467,0.0008526549790985,0.5671363472938538,0.4214599430561065,0.0105510437861084
4468,0.0028423508629202,0.3134865462779999,0.5332586169242859,0.1504124999046325
4469,0.0015174183063209,0.2891687750816345,0.5661649107933044,0.1431489139795303
4470,0.0011129761114716,0.4490066468715668,0.5249419212341309,0.0249384958297014
4471,0.0023690012749284,0.3801604807376861,0.5618407130241394,0.0556297674775123
4472,0.001002580858767,0.3459615111351013,0.5793765187263489,0.0736594498157501
4473,0.0002730587439145,0.1191110983490943,0.6748103499412537,0.2058055251836776
4474,0.0008895671344362,0.3216952681541443,0.6010058522224426,0.0764093175530433
4475,0.0004762849130202,0.1695691794157028,0.6706591248512268,0.1592954993247985
4476,0.0003580368938855,0.0903897434473037,0.4050987064838409,0.5041534900665283
4477,0.0005866124411113,0.1843081265687942,0.5857300758361816,0.2293751835823059
4478,0.0003280265082139,0.1014650240540504,0.5152819156646729,0.3829250037670135
4479,0.000764200638514,0.3897284269332886,0.5759812593460083,0.0335261262953281
4480,0.0026672922540456,0.6131219267845154,0.3718772530555725,0.0123334340751171
4481,0.0017445313278585,0.4762109518051147,0.4990647733211517,0.0229796953499317
4482,0.00149542465806,0.5407922863960266,0.4413818120956421,0.016330512240529
4483,0.0012539782328531,0.2624527812004089,0.6198305487632751,0.1164627075195312
4484,0.003687216900289,0.2584939002990722,0.506106436252594,0.2317124158143997
4485,0.0006511562387458,0.3373073041439056,0.6301729679107666,0.031868539750576
4486,0.0003766170411836,0.0366567857563495,0.1543308347463607,0.8086357712745667
4487,0.0034064499195665,0.3937320709228515,0.5216102600097656,0.0812512040138244
4488,8.670418901601806e-05,0.0167830921709537,0.161741092801094,0.8213891386985779
4489,0.0014795204624533,0.2527353763580322,0.5876272916793823,0.1581577509641647
4490,4.3618267227429897e-05,0.0063731623813509,0.0623863004148006,0.9311968684196472
4491,5.689315730705857e-05,0.01034542825073,0.1147544607520103,0.8748432993888855
4492,0.0001826668303692,0.0250728018581867,0.1313720941543579,0.8433724045753479
4493,0.00011860516679,0.0143667971715331,0.0826752036809921,0.902839422225952
4494,0.0001283057936234,0.0181702598929405,0.1062092557549476,0.8754921555519104
4495,0.0004634535289369,0.07794089615345,0.3180475234985351,0.6035481095314026
4496,0.0010691607603803,0.2419543415307998,0.5625606775283813,0.1944157779216766
4497,0.0022798464633524,0.3436875641345978,0.5406964421272278,0.1133361309766769
4498,0.0027844400610774,0.2796173095703125,0.5223938822746277,0.1952043324708938
4499,0.0003498695441521,0.0597655922174453,0.3548446595668793,0.5850399136543274
4500,0.0006018432322889,0.7837708592414856,0.2142710238695144,0.0013562747044488
4501,0.0016567223938181,0.4248415231704712,0.5287237763404846,0.0447779633104801
4502,0.0001643361756578,0.0280723180621862,0.1640889942646026,0.8076742887496948
4503,0.0019654403440654,0.4447851479053497,0.5200064778327942,0.0332429036498069
4504,0.0011176430853083,0.3738004565238952,0.5880706310272217,0.0370112583041191
4505,0.0007637163507752,0.3383873105049133,0.6321907043457031,0.0286582428961992
4506,0.0001476786565035,0.0707504153251648,0.7145538926124573,0.2145479619503021
4507,0.0005925743607804,0.2625577449798584,0.6704646944999695,0.0663849934935569
4508,0.000628798676189,0.5898131728172302,0.3990875780582428,0.0104704368859529
4509,0.0004046646063216,0.5028557181358337,0.4873844683170318,0.0093551622703671
4510,0.0011307820677757,0.3781948685646057,0.5589357018470764,0.0617386065423488
4511,0.0011312714777886,0.1287300139665603,0.3843168318271637,0.4858219623565674
4512,0.0014557611430063,0.2953109443187713,0.5781907439231873,0.125042513012886
4513,0.001123848836869,0.1980727463960647,0.5300701260566711,0.2707333266735077
4514,0.0024478461127728,0.3256533145904541,0.5539550185203552,0.1179438158869743
4515,0.0023247271310538,0.3909589946269989,0.5600229501724243,0.0466933958232402
4516,0.0005349920829758,0.0988147258758544,0.4714186787605285,0.4292316138744354
4517,0.0002843545516952,0.0643502995371818,0.3880819678306579,0.5472833514213562
4518,0.0007371783140115,0.3068394362926483,0.6495790481567383,0.0428443849086761
4519,0.0003612221917137,0.0792306214570999,0.4350616931915283,0.4853464066982269
4520,0.0005684481584466,0.3780985474586487,0.5856105089187622,0.0357224680483341
4521,0.0011477549560368,0.463037371635437,0.5006628036499023,0.035152044147253
4522,0.0007361199241131,0.306398868560791,0.6189427375793457,0.0739221721887588
4523,0.0006393538205884,0.3994955718517303,0.57225102186203,0.0276141315698623
4524,0.001003696816042,0.6174295544624329,0.374489963054657,0.007076752372086
4525,0.0013882524799555,0.3396941721439361,0.560060977935791,0.0988566353917121
4526,0.0013858918100595,0.303982138633728,0.5679133534431458,0.1267186105251312
4527,0.0014920876128599,0.6820999979972839,0.3122881352901459,0.0041197859682142
4528,0.0015551606193184,0.6890603303909302,0.3057686686515808,0.0036158566363155
4529,0.0016141530359163,0.7151986360549927,0.2800758183002472,0.0031113612931221
4530,0.0045694396831095,0.3305111825466156,0.4447514414787292,0.2201679199934005
4531,0.0011816743062809,0.7156436443328857,0.280250072479248,0.002924672095105
4532,0.000118968913739,0.0187953002750873,0.1169482916593551,0.8641375303268433
4533,4.9819147534435615e-05,0.0053255665116012,0.0412393994629383,0.9533852338790894
4534,4.0535298467148095e-05,0.0040075010620057,0.0305516235530376,0.9654003381729126
4535,5.279042670736089e-05,0.005822324194014,0.0450861267745494,0.9490386843681335
4536,0.0027411323972046,0.7841662764549255,0.211055502295494,0.0020370364654809
4537,0.0111026782542467,0.3048093020915985,0.4575729370117187,0.2265150249004364
4538,0.0040022232569754,0.2635781764984131,0.4924288392066955,0.2399906516075134
4539,0.0049909804947674,0.5171108841896057,0.4354510605335235,0.0424470454454422
4540,0.0004147883155383,0.0543265528976917,0.29368656873703,0.6515721082687378
4541,0.0003627889091148,0.0490242876112461,0.324712723493576,0.625900149345398
4542,0.0002508366596885,0.0470599196851253,0.2928166687488556,0.6598725318908691
4543,0.0019389271037653,0.3471075892448425,0.5722836256027222,0.0786698311567306
4544,0.0001874325243989,0.0424165502190589,0.2055447101593017,0.7518513202667236
4545,0.0006191191496327,0.1423149406909942,0.4452640414237976,0.4118019044399261
4546,0.0021514438558369,0.5023334622383118,0.4573798477649688,0.0381352566182613
4547,0.0004141305107623,0.1061975359916687,0.522722601890564,0.3706657886505127
4548,0.0010246245656162,0.6605522632598877,0.3321465253829956,0.0062765860930085
4549,0.0016948126722127,0.2940713167190552,0.5757636427879333,0.128470242023468
4550,0.0016325392061844,0.1828903406858444,0.4894398748874664,0.3260372579097748
4551,0.0011618559947237,0.1697613596916198,0.5311363339424133,0.2979404628276825
4552,0.0002831493329722,0.2827234268188476,0.6997472047805786,0.0172462407499551
4553,0.0007557104690931,0.7545737028121948,0.2411762475967407,0.0034943697974085
4554,0.0005029870662838,0.2688246071338653,0.7082585096359253,0.0224139615893363
4555,0.0011715054279193,0.3738723993301391,0.5974463224411011,0.0275097247213125
4556,0.0004429039836395,0.1153646185994148,0.5503738522529602,0.3338186144828796
4557,0.0014109393814578,0.379177987575531,0.5781773924827576,0.041233692318201
4558,0.0005524988519027,0.1020482704043388,0.3791553378105163,0.5182439088821411
4559,0.000477853231132,0.0754936411976814,0.2718630135059356,0.6521655321121216
4560,0.0009451745427213,0.3471872508525848,0.5905854105949402,0.0612821951508522
4561,0.0004745916230604,0.1198150664567947,0.5540192127227783,0.3256911039352417
4562,0.0003918029833585,0.0872915536165237,0.5023282766342163,0.4099883735179901
4563,0.0002114207745762,0.0633845403790474,0.5828734040260315,0.3535305857658386
4564,0.0003813199291471,0.2345710396766662,0.6787537932395935,0.0862938538193702
4565,0.0017847596900537,0.3296507596969604,0.5695854425430298,0.0989790931344032
4566,0.0001244096492882,0.0244608651846647,0.177940547466278,0.797474205493927
4567,0.0002284730726387,0.2466666996479034,0.7249937057495117,0.0281110573559999
4568,0.0009047656785696,0.3482935428619385,0.583281934261322,0.0675197839736938
4569,0.0011262533953413,0.3594307899475097,0.5566973090171814,0.0827456638216972
4570,0.0001926251279655,0.02297118678689,0.1148487105965614,0.8619874119758606
4571,0.000226775300689,0.0358270928263664,0.1736131161451339,0.7903330326080322
4572,0.001249378430657,0.1797193139791488,0.5449920296669006,0.2740392088890075
4573,0.0019150284351781,0.4910802245140075,0.4613271951675415,0.045677576214075
4574,0.0007562566897831,0.4370294213294983,0.5438919067382812,0.0183224212378263
4575,0.0010030863340944,0.1972223073244094,0.5445482730865479,0.2572264075279236
4576,0.0006790209445171,0.4177033901214599,0.5620813965797424,0.0195362493395805
4577,0.0010881641646847,0.3527438044548034,0.5636829733848572,0.0824850350618362
4578,0.0003627641999628,0.1251793950796127,0.5788236260414124,0.2956342101097107
4579,0.0005492491764016,0.1131734773516655,0.3710815608501434,0.5151956677436829
4580,0.0006179288611747,0.4514064192771911,0.5195655822753906,0.0284100547432899
4581,0.0010454066796228,0.2558026015758514,0.5500620007514954,0.1930899322032928
4582,0.0005544860614463,0.4179184734821319,0.5712268352508545,0.0103001799434423
4583,0.000665872648824,0.7188970446586609,0.2771594822406769,0.0032775399740785
4584,0.000132593588205,0.0216127522289752,0.1283208131790161,0.8499338030815125
4585,0.0029995974618941,0.249723196029663,0.5369892120361328,0.2102880030870437
4586,0.0042424737475812,0.2928093075752258,0.5138963460922241,0.1890519261360168
4587,0.000654955219943,0.2025904655456543,0.643831193447113,0.1529233157634735
4588,0.0009218457271344,0.2053822129964828,0.5850794315338135,0.2086165100336074
4589,0.0045948433689773,0.4334644377231598,0.4911795556545257,0.0707611292600631
4590,0.0023150499910116,0.2675834000110626,0.5490455031394958,0.1810559928417205
4591,0.0129000423476099,0.7266759276390076,0.2511324882507324,0.0092915520071983
4592,0.0006895217811688,0.2342451065778732,0.5797622203826904,0.1853031367063522
4593,0.0017306602094322,0.3196583986282348,0.5698527097702026,0.1087582930922508
4594,0.0012144539505243,0.4323755800724029,0.5215444564819336,0.0448655188083648
4595,0.0007712612277828,0.2500151991844177,0.5634179711341858,0.1857955455780029
4596,0.0021828396711498,0.551078200340271,0.4225262999534607,0.0242126863449811
4597,0.0015327535802498,0.4595238268375397,0.4968637228012085,0.0420797131955623
4598,0.0004856791347265,0.8919570446014404,0.1065290793776512,0.0010281827999278
4599,0.0001825551880756,0.0530466772615909,0.3005299270153045,0.6462408304214478
4600,0.000417571660364,0.0901703685522079,0.4369530975818634,0.4724589586257934
4601,0.0011558034457266,0.1662588119506836,0.5121131539344788,0.320472240447998
4602,0.0003001141303684,0.0474135279655456,0.2445776015520095,0.7077087163925171
4603,0.0007096747285686,0.1631306409835815,0.5265921950340271,0.3095675408840179
4604,0.0008839080692268,0.4301344156265259,0.5523035526275635,0.0166781209409236
4605,0.0005633200635202,0.1142732799053192,0.4736495316028595,0.4115138649940491
4606,0.0003067654906772,0.0408110693097114,0.2240968346595764,0.7347853183746338
4607,0.0036183323245495,0.7340031266212463,0.2576593458652496,0.0047191949561238
4608,0.001074602943845,0.4136731624603271,0.5566580891609192,0.0285941231995821
4609,0.0007988288998603,0.189453125,0.5070028305053711,0.3027451932430267
4610,0.0012987428344786,0.2634587287902832,0.5754467844963074,0.1597957909107208
4611,0.0015348492888733,0.2139906138181686,0.505378246307373,0.2790963351726532
4612,0.0004505398974288,0.0618409849703311,0.2728552222251892,0.6648532748222351
4613,0.0007713211816735,0.5998019576072693,0.3933597505092621,0.0060669113881886
4614,0.0026652105152606,0.2514283657073974,0.5240216851234436,0.2218847572803497
4615,0.0002121248107869,0.0417070239782333,0.2635965049266815,0.694484293460846
4616,0.0011533860815688,0.2778487503528595,0.5790865421295166,0.1419112682342529
4617,0.0017957109957933,0.2792971134185791,0.5468371510505676,0.1720699369907379
4618,0.0009917344432324,0.331689715385437,0.5821335911750793,0.0851849615573883
4619,0.0009632699075154,0.2284525334835052,0.5311680436134338,0.2394161969423294
4620,3.453632598393597e-05,0.0043841963633894,0.0339497476816177,0.9616315364837646
4621,0.0029530427418649,0.3690606355667114,0.5286549925804138,0.0993313267827034
4622,0.0029923764523118,0.3300330638885498,0.5356965065002441,0.1312780827283859
4623,0.0026971013285219,0.4981631338596344,0.4607255756855011,0.038414217531681
4624,0.0002604403125587,0.2189828306436538,0.7180171012878418,0.0627396330237388
4625,0.0004179672978352,0.0916771218180656,0.4044984579086303,0.5034064650535583
4626,0.0026644119061529,0.4079861938953399,0.5077470541000366,0.0816023722290992
4627,0.0005615564878098,0.2301156818866729,0.6763476133346558,0.0929751396179199
4628,0.0007880284683778,0.1649312674999237,0.5493050217628479,0.2849757075309753
4629,0.0023650026414543,0.4649961590766907,0.4873117506504059,0.0453270524740219
4630,0.0009567852248437,0.4583800435066223,0.5113598704338074,0.0293032564222812
4631,0.0011934405192732,0.3991512060165405,0.5541665554046631,0.0454887598752975
4632,0.0006223321543075,0.2714678347110748,0.6718893051147461,0.0560205541551113
4633,0.0004140078090131,0.149718165397644,0.5829663872718811,0.2669014930725097
4634,0.0001795173884602,0.0393754243850708,0.2733196020126343,0.6871254444122314
4635,0.0002928100875578,0.0540829487144947,0.2969738245010376,0.6486504077911377
4636,0.0009856085525825,0.2863969802856445,0.59690260887146,0.1157148405909538
4637,0.0002124863676726,0.0528124831616878,0.3135621249675751,0.6334129571914673
4638,0.0017327907262369,0.2571689188480377,0.4957060813903808,0.245392307639122
4639,0.0017306716181337,0.6161617040634155,0.3737209737300873,0.0083865942433476
4640,0.0036278159823268,0.3586620986461639,0.5137597322463989,0.1239503175020217
4641,0.000801591319032,0.2558186054229736,0.5675583481788635,0.175821378827095
4642,0.000870564894285,0.2822059392929077,0.5974299907684326,0.1194935068488121
4643,0.0005803992389701,0.26532644033432,0.6364850401878357,0.0976081416010856
4644,7.154763443395495e-05,0.0154499867931008,0.1141608133912086,0.8703175783157349
4645,0.0003247913264203,0.1790970265865326,0.7423365116119385,0.078241690993309
4646,0.0006113545969128,0.2353436797857284,0.6704317331314087,0.0936132445931434
4647,0.0006055008852854,0.2367608994245529,0.6435827612876892,0.119050845503807
4648,0.0009620268829166,0.2177096158266067,0.5735884308815002,0.2077399641275406
4649,0.0007752347155474,0.1303744167089462,0.4208537936210632,0.4479965269565582
4650,0.000539765227586,0.0740880221128463,0.2752704322338104,0.6501017808914185
4651,0.0019309032941237,0.4104946553707123,0.5353859663009644,0.0521885380148887
4652,0.0028616413474082,0.5122922658920288,0.4520963430404663,0.0327497459948062
4653,0.0001004673322313,0.0144519200548529,0.0913389474153518,0.8941086530685425
4654,0.0012041089357808,0.3136381208896637,0.6140735745429993,0.0710841789841651
4655,0.0002765711396932,0.074326142668724,0.4482440054416656,0.4771532416343689
4656,0.0028204771224409,0.3470281958580017,0.537487804889679,0.112663559615612
4657,0.0013794971164315,0.7035183310508728,0.288723349571228,0.0063787293620407
4658,0.0051015112549066,0.608372151851654,0.3689963519573211,0.0175299663096666
4659,0.0028524841181933,0.569674551486969,0.403959721326828,0.0235132779926061
4660,0.0015169117832556,0.6413347721099854,0.3486876487731933,0.0084606548771262
4661,0.0009968921076506,0.1870287507772445,0.5083968043327332,0.303577572107315
4662,0.0021861181594431,0.4037829637527466,0.502515971660614,0.0915149599313736
4663,0.0005101716378703,0.1816336810588836,0.5772306323051453,0.2406255304813385
4664,0.0007202966953627,0.2687503695487976,0.6347034573554993,0.0958258882164955
4665,0.002354587893933,0.4702388644218445,0.492806077003479,0.0346004143357276
4666,0.0035814121365547,0.5929631590843201,0.382845789194107,0.0206096060574054
4667,0.0003400571877136,0.07343190908432,0.3395456969738006,0.5866823196411133
4668,0.0004271033103577,0.069617822766304,0.2796798944473266,0.6502752304077148
4669,0.0009839736158028,0.8670475482940674,0.1309046000242233,0.0010639291722327
4670,0.0011623293394222,0.2321308106184005,0.6021015048027039,0.1646053791046142
4671,0.002534536877647,0.4397740364074707,0.514147937297821,0.0435435213148593
4672,0.0010505401296541,0.4107786118984222,0.5441932678222656,0.0439775623381137
4673,0.0039322888478636,0.2800159454345703,0.4689384996891022,0.2471132278442382
4674,0.0065809953957796,0.7971644997596741,0.1923248916864395,0.0039296918548643
4675,0.0091697117313742,0.739911675453186,0.2439969927072525,0.0069216610863804
4676,0.000453175191069,0.0715948715806007,0.346938818693161,0.5810132026672363
4677,0.0002198188012698,0.0590744353830814,0.3346794545650482,0.6060262322425842
4678,0.0010242103599011,0.2976138591766357,0.5918758511543274,0.1094860285520553
4679,9.739839879330248e-05,0.0142310969531536,0.0913597047328949,0.894311785697937
4680,0.0012506087077781,0.3360905051231384,0.5370710492134094,0.1255878359079361
4681,0.0013059283373877,0.2909536957740783,0.5786305069923401,0.1291099190711975
4682,0.0016543279634788,0.3202236890792846,0.5708604454994202,0.1072615087032318
4683,0.0004054179589729,0.0889245420694351,0.3743863105773926,0.5362836718559265
4684,0.0006005312898196,0.1828761994838714,0.5545651912689209,0.2619580626487732
4685,0.0010466547682881,0.5254994034767151,0.456561803817749,0.0168921519070863
4686,0.002059708116576,0.5892285704612732,0.3925108909606933,0.0162008572369813
4687,0.0027757985517382,0.2787494659423828,0.5047500729560852,0.2137246429920196
4688,0.0004099330399185,0.1228990778326988,0.5772287249565125,0.2994623184204101
4689,0.0005551112699322,0.0919080227613449,0.4183897376060486,0.4891471266746521
4690,0.0005085183074697,0.0731488168239593,0.377330332994461,0.5490123629570007
4691,0.0003356076485943,0.0629639625549316,0.3299075663089752,0.6067928671836853
4692,0.0007409185054711,0.1757188588380813,0.694981575012207,0.1285586655139923
4693,0.0012761923717334,0.3376486599445343,0.5743597745895386,0.08671535551548
4694,0.0017449184088036,0.3948803544044494,0.5482370257377625,0.0551376491785049
4695,0.0013136963825672,0.4901540875434875,0.4825549721717834,0.0259772147983312
4696,0.0006219653296284,0.3538521230220794,0.6019227504730225,0.0436031408607959
4697,0.0050526643171906,0.407703697681427,0.4841600954532623,0.1030836254358291
4698,0.0017958612879738,0.5642427802085876,0.4259128272533417,0.0080484915524721
4699,0.0067620715126395,0.4740578532218933,0.4453361332416534,0.0738439708948135
4700,0.0012074467958882,0.2030613273382187,0.5349953174591064,0.2607358992099762
4701,0.001517656026408,0.3953087627887726,0.5488318204879761,0.0543417111039161
4702,0.000783929019235,0.2970983684062958,0.6388618350028992,0.0632558912038803
4703,0.0007588792941533,0.3310311138629913,0.6088594198226929,0.0593506060540676
4704,0.0006280112429521,0.2573475837707519,0.6571601033210754,0.0848642289638519
4705,0.0002443043340463,0.0410856679081916,0.2637586295604706,0.6949114203453064
4706,5.323928780853748e-05,0.0061536249704658,0.0515236742794513,0.942269504070282
4707,4.649453330785036e-05,0.0063818269409239,0.0464245937764644,0.9471470713615416
4708,8.177875861292705e-05,0.0100619615986943,0.0698438584804534,0.9200124144554138
4709,0.0004820179019588,0.1490975767374038,0.6084111928939819,0.2420092523097992
4710,0.0021962488535791,0.5127948522567749,0.4669050276279449,0.0181038733571767
4711,0.0028452293481677,0.5507432222366333,0.4356737732887268,0.0107377842068672
4712,0.0016953549347817,0.3035032153129577,0.5759478807449341,0.1188535541296005
4713,0.0004882723733317,0.0670201405882835,0.2866087555885315,0.6458828449249268
4714,0.0008224688936024,0.2176047563552856,0.6296602487564087,0.1519126147031784
4715,0.0018010565545409,0.2550598978996277,0.5072472095489502,0.2358918637037277
4716,0.0042567625641822,0.4479846358299255,0.4768771827220917,0.070881463587284
4717,0.0118187610059976,0.6868996620178223,0.2908516228199005,0.0104300202801823
4718,0.0005878971423953,0.1269504129886627,0.43623086810112,0.43623086810112
4719,0.0020803667139261,0.2480906546115875,0.4857378900051117,0.2640911042690277
4720,0.0006317278603091,0.1242074742913246,0.4136740565299988,0.4614867568016052
4721,0.0009745711577124,0.3993615210056305,0.5720589756965637,0.02760486677289
4722,0.0006108781090006,0.331629067659378,0.63923180103302,0.0285281725227832
4723,0.0008622591849416,0.6498883962631226,0.3424671292304992,0.0067821941338479
4724,0.0047282907180488,0.712791383266449,0.2748055458068847,0.0076747741550207
4725,0.0006124614737927,0.1167145073413848,0.4137888252735138,0.4688841700553894
4726,0.0009261926752515,0.1607060730457306,0.5187655687332153,0.3196021914482116
4727,0.0009813536889851,0.1929493397474289,0.5583174228668213,0.247751846909523
4728,0.0008115302189253,0.1595593988895416,0.5070787072181702,0.3325503468513489
4729,0.0005717050516977,0.0889205187559127,0.3572257459163666,0.5532820820808411
4730,0.0013986281119287,0.3214981257915497,0.5642468333244324,0.1128564625978469
4731,0.0012440100545063,0.1789470762014389,0.5426502823829651,0.27715864777565
4732,0.0007678499096073,0.1658094227313995,0.518771767616272,0.3146509826183319
4733,0.0017850652802735,0.2374791800975799,0.5786541700363159,0.1820815950632095
4734,0.0011372116860002,0.8178707957267761,0.1796623766422271,0.0013295351527631
4735,0.000867920462042,0.1578222960233688,0.517479419708252,0.3238303661346435
4736,0.000789524638094,0.7883370518684387,0.2088885456323623,0.0019848649390041
4737,0.0003290751774329,0.0710604563355445,0.360874742269516,0.5677356719970703
4738,0.0025371233932673,0.6818303465843201,0.312164694070816,0.0034678361844271
4739,0.001945570576936,0.4542647898197174,0.5147494077682495,0.029040178284049
4740,0.0016186736756935,0.408649206161499,0.5498976111412048,0.0398344509303569
4741,0.0005827925051562,0.1518018394708633,0.5640122294425964,0.28360316157341
4742,0.0047182105481624,0.3867117762565613,0.5123098492622375,0.0962601751089096
4743,0.0009672538144513,0.2559112310409546,0.5950114130973816,0.1481100618839264
4744,0.0015356908552348,0.3316168785095215,0.5467438101768494,0.1201036721467971
4745,0.0008144688908942,0.2056202441453933,0.5677356719970703,0.2258296459913253
4746,0.0017576792743057,0.3565570712089538,0.5787492394447327,0.0629360601305961
4747,0.0017800978384912,0.4494022727012634,0.5336783528327942,0.0151392901316285
4748,0.0021823879797011,0.4862240850925445,0.4862240850925445,0.0253694225102663
4749,0.0005309606785885,0.0907000228762626,0.3531640172004699,0.5556049942970276
4750,0.0010192332556471,0.7562904953956604,0.2379773557186126,0.0047128866426646
4751,0.0023413961753249,0.5819429755210876,0.3999631702899933,0.015752475708723
4752,0.001905197976157,0.5365774631500244,0.4379417598247528,0.0235755667090415
4753,0.0019476278685033,0.6826533079147339,0.307695984840393,0.0077030179090797
4754,0.0011851980816572,0.1872435063123703,0.516995906829834,0.2945753633975982
4755,0.0005182011518627,0.0733859986066818,0.2406234443187713,0.6854723691940308
4756,0.0016504689119756,0.5185618996620178,0.4721559882164001,0.0076316907070577
4757,7.098436617525294e-05,0.0098967310041189,0.0708775967359542,0.9191546440124512
4758,6.918609869899228e-05,0.0159035883843898,0.1683288663625717,0.8156983852386475
4759,0.0002357799385208,0.0384321212768554,0.2013699412345886,0.7599621415138245
4760,0.0009846440516412,0.1555589735507965,0.4644132852554321,0.3790430724620819
4761,0.0021568399388343,0.1293334811925888,0.3407483398914337,0.5277613401412964
4762,0.0019167074933648,0.3274167478084564,0.5483198761940002,0.122346706688404
4763,0.001451704534702,0.1327361613512039,0.4025174379348755,0.4632947146892547
4764,0.0008412483148276,0.3188215494155884,0.6145446300506592,0.0657925456762313
4765,0.0009199718479067,0.3486567139625549,0.6119115948677063,0.0385117307305336
4766,0.0029709981754422,0.3713046908378601,0.5402451157569885,0.085479199886322
4767,0.0006347277085296,0.175992414355278,0.623947262763977,0.199425533413887
4768,0.0006680361111648,0.1634630709886551,0.5705421566963196,0.2653267383575439
4769,0.000540580775123,0.4616877734661102,0.5231607556343079,0.0146108428016304
4770,0.0010534742614254,0.8192124962806702,0.1771671324968338,0.0025669501628726
4771,0.0012042964808642,0.1759624481201172,0.4783154726028442,0.3445177376270294
4772,0.002364263869822,0.2195799946784973,0.4871594905853271,0.2908962070941925
4773,0.0004362176696304,0.0545169189572334,0.2156185954809188,0.7294282913208008
4774,0.0004835476283915,0.1201834678649902,0.4465357363224029,0.4327972829341888
4775,0.0022907308302819,0.3047512471675873,0.5348551273345947,0.1581028699874878
4776,0.0007257150718942,0.1201543509960174,0.4326924383640289,0.446427583694458
4777,0.0003390799101907,0.0561403930187225,0.2595905363559723,0.683929979801178
4778,0.0041201529093086,0.46157306432724,0.4688417613506317,0.0654649809002876
4779,0.0018013915978372,0.6721183657646179,0.3174862563610077,0.0085939588025212
4780,0.0002253746060887,0.0373145639896392,0.1646395623683929,0.797820508480072
4781,0.0012788762105628,0.1432701051235199,0.4277255237102508,0.4277255237102508
4782,0.0092733353376388,0.5142801403999329,0.4538506269454956,0.0225958935916423
4783,0.0014130717609077,0.3051385581493377,0.5974322557449341,0.0960161015391349
4784,0.0001397875021211,0.027058282867074,0.182043045759201,0.7907589077949524
4785,9.275562479160726e-05,0.0100715346634387,0.0544461943209171,0.935389518737793
4786,9.352782217320056e-05,0.0118728438392281,0.0738753229379654,0.914158284664154
4787,6.324985588435084e-05,0.0073106898926198,0.0499594993889331,0.9426665902137756
4788,0.0002185631456086,0.0244852229952812,0.138718232512474,0.8365780115127563
4789,0.0012166643282398,0.1922147125005722,0.5224937200546265,0.2840749025344848
4790,0.001357467030175,0.271102100610733,0.6014662981033325,0.1260741800069809
4791,0.0012313226470723,0.711562991142273,0.2830401957035064,0.0041655106469988
4792,0.0014057763619348,0.4927316904067993,0.4927316904067993,0.0131308538839221
4793,0.0009415703243575,0.6986631155014038,0.2958326041698456,0.0045627187937498
4794,0.0008570177014917,0.2692669630050659,0.6260644197463989,0.1038116514682769
4795,0.0008010870078578,0.4486931562423706,0.5164426565170288,0.0340630859136581
4796,0.0011300498154014,0.2722271084785461,0.5763047933578491,0.1503380835056305
4797,0.0002213653351645,0.0344302020967006,0.2176055461168289,0.7477428317070007
4798,0.0014227770734578,0.498690515756607,0.4833474159240722,0.0165392402559518
4799,0.0003101982292719,0.3509718775749206,0.635528028011322,0.0131899621337652
4800,0.000292667071335,0.0584490410983562,0.341647744178772,0.5996105074882507
4801,0.0001387108932249,0.0199531409889459,0.1045469865202903,0.8753611445426941
4802,0.0009585102088749,0.3156076669692993,0.5539087057113647,0.129525139927864
4803,0.0001129018564824,0.0167561210691928,0.0964248180389404,0.8867061138153076
4804,0.0003141470369882,0.0417930856347084,0.1815408915281295,0.7763518691062927
4805,0.0022947723045945,0.5977267026901245,0.3859213590621948,0.0140571845695376
4806,0.0009834454394876,0.1578163355588913,0.4566566944122314,0.3845435082912445
4807,0.0009991676779463,0.3238943219184875,0.5957328081130981,0.0793737173080444
4808,0.0012404825538396,0.8512879610061646,0.1456381976604461,0.0018333144253119
4809,0.0017702932236716,0.2392227947711944,0.5307389497756958,0.2282679826021194
4810,0.0026638731360435,0.2633624374866485,0.5156385898590088,0.2183351218700409
4811,0.0007902644574642,0.1268160194158554,0.4937909841537475,0.3786026835441589
4812,0.0016095804749056,0.4192526042461395,0.5468084812164307,0.03232928737998
4813,0.0007166509749367,0.1431236118078231,0.5074172616004944,0.3487424552440643
4814,0.0002349618007428,0.0593182928860187,0.341353178024292,0.599093496799469
4815,0.000810076133348,0.1341217309236526,0.482990950345993,0.3820773065090179
4816,0.0004558186919894,0.1345370858907699,0.4695805609226227,0.3954265117645263
4817,0.0002619372680783,0.0515009239315986,0.2698455452919006,0.6783916354179382
4818,0.0047631803900003,0.3236509561538696,0.4783250987529754,0.1932608038187027
4819,0.0052733700722455,0.352762371301651,0.4673342108726501,0.1746300458908081
4820,0.0007956580375321,0.1144529953598976,0.3637308478355407,0.5210204124450684
4821,0.0020096027292311,0.5839480757713318,0.4013412594795227,0.0127010801807045
4822,0.0006391190690919,0.257839024066925,0.6793153285980225,0.0622065551578998
4823,0.000915887299925,0.4058112204074859,0.5634130835533142,0.0298597980290651
4824,0.000458525144495,0.6766369342803955,0.319620668888092,0.0032838284969329
4825,0.0040426780469715,0.3813747465610504,0.529486358165741,0.0850962027907371
4826,0.00138514500577,0.5087999105453491,0.4632676243782043,0.0265473499894142
4827,0.0009800618281587,0.3031522929668426,0.5752819776535034,0.1205856502056121
4828,0.0002985090250149,0.0719103217124939,0.370941698551178,0.5568494200706482
4829,0.0002246066142106,0.2424923628568649,0.7239484786987305,0.0333345793187618
4830,0.0011374371824786,0.4517607092857361,0.5281617641448975,0.0189400296658277
4831,0.000819269567728,0.1973606795072555,0.5710820555686951,0.2307379990816116
4832,0.0007152571924962,0.3269760608673095,0.6108716726303101,0.0614369809627532
4833,0.0003692360187415,0.1610646694898605,0.6078516244888306,0.2307144701480865
4834,0.000575179059524,0.0753335878252983,0.2933308482170105,0.6307603716850281
4835,0.0003455400292295,0.0545901320874691,0.237128734588623,0.707935631275177
4836,0.0033928484190255,0.5444601774215698,0.4307034909725189,0.0214434619992971
4837,0.0007935100002214,0.1941654980182647,0.6777041554450989,0.1273368448019027
4838,0.0008650465169921,0.2288697361946106,0.641880989074707,0.1283842772245407
4839,0.0010871699778363,0.3362829685211181,0.6185190677642822,0.0441107265651226
4840,0.0009732243488542,0.2418903112411499,0.6081121563911438,0.1490242928266525
4841,0.0009343762649223,0.4012657105922699,0.5658754110336304,0.0319245047867298
4842,0.0004258755652699,0.1718104779720306,0.658616840839386,0.1691468060016632
4843,0.0006881955196149,0.1557407528162002,0.5786470770835876,0.2649239599704742
4844,0.0007125078700482,0.257665067911148,0.6579707860946655,0.0836515948176384
4845,0.0006020241999067,0.1260013133287429,0.4537481963634491,0.4196484684944153
4846,0.0002554751408752,0.038512960076332,0.2114777565002441,0.7497537732124329
4847,0.0002077635290334,0.0298861544579267,0.1494213640689849,0.8204847574234009
4848,0.0001390249381074,0.0209580566734075,0.1015598326921463,0.8773430585861206
4849,0.0011417818022891,0.2624576985836029,0.5914576053619385,0.1449429243803024
4850,0.0017534038051962,0.6145768165588379,0.3727596998214721,0.0109100453555583
4851,0.001145445392467,0.2802812457084656,0.6121905446052551,0.1063827499747276
4852,0.0019534316379576,0.6740724444389343,0.3184092938899994,0.0055648083798587
4853,0.0007861300255171,0.3221417963504791,0.5833234786987305,0.0937486141920089
4854,0.0002508790057618,0.0442161671817302,0.2076731622219085,0.74785977602005
4855,0.0018661172362044,0.3138326704502105,0.5594672560691833,0.1248340159654617
4856,0.0023947618901729,0.3554141819477081,0.5419418811798096,0.100249171257019
4857,0.0008271256810985,0.6332253813743591,0.3608009219169616,0.0051465495489537
4858,0.0003967819793615,0.775692880153656,0.2222397327423095,0.0016705145826563
4859,0.0017170197097584,0.6209279298782349,0.3707729876041412,0.0065820096060633
4860,0.0018410251941531,0.5025511980056763,0.4721031785011291,0.0235046334564685
4861,0.0012968176743015,0.2285576462745666,0.5070772767066956,0.2630682289600372
4862,0.0011501313420012,0.2814278304576874,0.5865459442138672,0.1308760941028595
4863,0.0002514086372684,0.0675639361143112,0.3485212922096252,0.5836633443832397
4864,0.0007998547516763,0.3543995022773742,0.612347424030304,0.0324532240629196
4865,0.0008304201182909,0.309838593006134,0.5788546800613403,0.1104763522744178
4866,0.0006774067878723,0.1104172840714454,0.4167104661464691,0.4721948206424713
4867,0.0004603957931976,0.7942960262298584,0.20399209856987,0.0012514854315668
4868,0.0012975218705832,0.3770324289798736,0.5485789179801941,0.0730910748243331
4869,0.000189459635294,0.096620962023735,0.6602844595909119,0.2429051101207733
4870,0.0004192116321064,0.0933980494737625,0.4318682253360748,0.4743144512176513
4871,0.0003672012535389,0.1504724323749542,0.6434889435768127,0.2056714296340942
4872,0.0002407256397418,0.1100464612245559,0.6042739748954773,0.2854388356208801
4873,0.0021637505851686,0.3813501894474029,0.5377900004386902,0.0786960572004318
4874,0.0030422701966017,0.4376213550567627,0.5036990642547607,0.0556373074650764
4875,0.0002136812981916,0.0359356664121151,0.2306970357894897,0.7331537008285522
4876,0.0003704638802446,0.0995590165257453,0.4676058292388916,0.4324646890163421
4877,0.0003777232777792,0.1303413361310959,0.5933483242988586,0.2759326100349426
4878,0.0021662549115717,0.2793246805667877,0.5642513632774353,0.1542577296495437
4879,0.000743483484257,0.2372741848230362,0.6349786520004272,0.1270037144422531
4880,0.0011983431177213,0.2797971367835998,0.6111330986022949,0.1078713983297348
4881,0.0012375827645882,0.186566025018692,0.5232373476028442,0.2889590859413147
4882,0.0008457590593025,0.1295062601566314,0.4246346950531006,0.4450133144855499
4883,0.0010298222769051,0.1601740568876266,0.525190532207489,0.3136055767536163
4884,0.0003944575728382,0.1258865743875503,0.4978910684585571,0.3758278787136078
4885,0.0001334701228188,0.0172101166099309,0.0860451757907867,0.8966112732887268
4886,0.0015476670814678,0.3342030346393585,0.5684985518455505,0.0957507789134979
4887,0.000314942037221,0.0316269099712371,0.1395444720983505,0.8285136818885803
4888,0.0011120116105303,0.1389752328395843,0.4701471328735351,0.3897656798362732
4889,0.0025867496151477,0.5413966178894043,0.4350244104862213,0.020992225036025
4890,0.0034820931032299,0.7519226670265198,0.2403289228677749,0.004266349133104
4891,0.0026715470012277,0.2294724136590957,0.5419413447380066,0.2259147465229034
4892,0.002994684735313,0.4805656969547272,0.4731152355670929,0.0433243140578269
4893,0.0005724178627133,0.8316103219985962,0.1663325279951095,0.0014847388956695
4894,0.0014416852500289,0.3935419619083404,0.5549831390380859,0.0500332489609718
4895,0.0016175386263057,0.441545307636261,0.5243480205535889,0.0324891284108161
4896,0.0011607932392507,0.3320725560188293,0.5828055143356323,0.0839610993862152
4897,0.0012854946544393,0.260771244764328,0.5695767402648926,0.1683665663003921
4898,0.0026811917778104,0.1582832783460617,0.37381511926651,0.4652204215526581
4899,0.000566104601603,0.0922750309109687,0.3592967391014099,0.5478621125221252
4900,0.0014246223727241,0.3028633892536163,0.5570510029792786,0.1386609673500061
4901,0.0005087173194624,0.0925049483776092,0.3491100668907165,0.5578762888908386
4902,0.0001882192300399,0.0283741075545549,0.1291664838790893,0.8422712683677673
4903,0.0016615674830973,0.2883028388023376,0.5557182431221008,0.1543173789978027
4904,0.0011363882804289,0.4880193769931793,0.4880193769931793,0.0228249710053205
4905,0.0011694052955135,0.4431885480880737,0.5345874428749084,0.0210546255111694
4906,0.0034855986014008,0.2947535812854767,0.5173087120056152,0.1844521164894104
4907,0.0009041394805535,0.217805728316307,0.5920572876930237,0.1892328858375549
4908,0.0008401804952882,0.193129613995552,0.5501750707626343,0.2558551728725433
4909,0.0017791534774005,0.541795015335083,0.4285951554775238,0.0278306454420089
4910,0.010023052804172,0.4536780118942261,0.4536780118942261,0.0826209038496017
4911,0.0016500204801559,0.4504120051860809,0.510383665561676,0.0375542975962162
4912,0.0010514700552448,0.4308733642101288,0.5197324752807617,0.0483426488935947
4913,0.0016589647857472,0.8200118541717529,0.1745905876159668,0.0037385348696261
4914,0.001193442614749,0.1612719744443893,0.4383826553821563,0.3991519510746002
4915,0.0025547756813466,0.5102186799049377,0.450266420841217,0.0369601175189018
4916,0.002815167652443,0.341004878282547,0.5364760160446167,0.1197039783000946
4917,0.0030492672231048,0.9000058770179749,0.0963537395000457,0.0005911273765377
4918,0.0019722692668437,0.3877786993980407,0.5137233138084412,0.0965257510542869
4919,0.0040760268457233,0.6643922924995422,0.3187789022922516,0.0127527611330151
4920,0.0009608496329747,0.2792025804519653,0.6291927695274353,0.0906438156962394
4921,0.0016217954689636,0.3846307694911957,0.5509581565856934,0.0627892464399337
4922,0.0014806825201958,0.3197384178638458,0.5699953436851501,0.1087855175137519
4923,0.0001045706085278,0.0205602012574672,0.1319908052682876,0.8473443984985352
4924,0.0005417508073151,0.3082160055637359,0.6324182152748108,0.0588240511715412
4925,0.0026815945748239,0.4236517250537872,0.4952990114688873,0.0783676877617836
4926,0.0019912859424948,0.3915176689624786,0.5435684323310852,0.0629226118326187
4927,0.0026801824569702,0.3402344584465027,0.5107523798942566,0.1463330090045929
4928,0.0012275552144274,0.2957160174846649,0.5611703395843506,0.1418860852718353
4929,0.0022965956013649,0.3252365887165069,0.5037362575531006,0.1687305271625518
4930,0.0006356596131809,0.7776550054550171,0.2193476557731628,0.0023617621045559
4931,0.0020632287487387,0.7345603108406067,0.2578549385070801,0.0055214865133166
4932,0.0004143131955061,0.5148455500602722,0.4761542677879333,0.0085858618840575
4933,0.00065354607068,0.1549973040819168,0.5162198543548584,0.3281292915344238
4934,0.0026552358176559,0.4535740315914154,0.4981536269187927,0.0456171408295631
4935,0.0013647587038576,0.2443196922540664,0.5420469045639038,0.2122686207294464
4936,0.0008073840872384,0.1663625091314315,0.5627971291542053,0.2700330018997192
4937,0.0057860701344907,0.5373787879943848,0.4185110330581665,0.0383240729570388
4938,0.0005482155829668,0.1280010342597961,0.5918707847595215,0.2795799672603607
4939,0.0007655275985598,0.1993994414806366,0.6238656640052795,0.1759693920612335
4940,0.0034404981415718,0.5026988387107849,0.4506163299083709,0.0432443358004093
4941,0.0003108636883553,0.0468628033995628,0.2533379197120666,0.6994884014129639
4942,4.7156980144791305e-05,0.0056236260570585,0.0485807210206985,0.9457485675811768
4943,0.000401411060011,0.0764954015612602,0.4471328258514404,0.4759703874588012
4944,0.000208141078474,0.0236848536878824,0.1280391067266464,0.8480679392814636
4945,0.0016427525551989,0.2762685120105743,0.5409074425697327,0.1811812967061996
4946,0.0012790617765858,0.5847163200378418,0.4018692672252655,0.012135399505496
4947,0.0007629502215422,0.1572068482637405,0.5661236047744751,0.2759066224098205
4948,0.0011154700769111,0.1875932216644287,0.5778278112411499,0.2334635257720947
4949,0.0006231475854292,0.0754826664924621,0.2718234956264496,0.6520707011222839
4950,0.0007946048281155,0.234531432390213,0.6179080009460449,0.1467660218477249
4951,0.0015673296293243,0.3081613183021545,0.6033505201339722,0.0869208872318267
4952,0.0013599753146991,0.4918095767498016,0.4841848015785217,0.0226456262171268
4953,0.0011747160460799,0.5627871155738831,0.418227881193161,0.0178102906793355
4954,0.0004157527291681,0.0488112308084964,0.2222016751766204,0.7285712957382202
4955,0.0011046752333641,0.6586394906044006,0.3364001810550689,0.0038556952495127
4956,0.0018309687729924,0.6318140625953674,0.3544155657291412,0.0119394157081842
4957,0.0009148107492364,0.363339215517044,0.5716128349304199,0.0641331821680069
4958,0.0010675442172214,0.2960004508495331,0.5795406699180603,0.1233913227915763
4959,0.0011021667160093,0.3686242997646332,0.5620849132537842,0.0681886374950409
4960,0.0003154355799779,0.0483008548617363,0.2304304987192154,0.7209532260894775
4961,0.000506977958139,0.1129519194364547,0.4398075640201568,0.4467335045337677
4962,0.0011020507663488,0.1610230952501297,0.451600432395935,0.3862743377685547
4963,0.0010672236094251,0.3981924653053283,0.5442646145820618,0.056475706398487
4964,0.0028599449433386,0.3574256300926208,0.5040509700775146,0.1356634795665741
4965,0.0016600100789219,0.5215596556663513,0.4602747857570648,0.0165055803954601
4966,0.0010498207993805,0.3978676795959472,0.5699191689491272,0.0311634074896574
4967,0.0015442323638126,0.4281728267669678,0.5328696370124817,0.0374133214354515
4968,0.0012256629997864,0.5780913829803467,0.4099281430244446,0.010754850693047
4969,0.0024202386848628,0.3169887065887451,0.530856192111969,0.1497348546981811
4970,0.0013944101519882,0.4450099170207977,0.5122032761573792,0.041392371058464
4971,0.0018081038724631,0.6142510771751404,0.3667860627174377,0.0171548128128051
4972,0.0013446757802739,0.2369923591613769,0.5424808859825134,0.2191821038722992
4973,0.0017558202380314,0.7423427700996399,0.2525694370269775,0.0033319615758955
4974,0.0009397460962645,0.2409837245941162,0.587193489074707,0.1708830446004867
4975,0.0004929322749376,0.96366286277771,0.0356541872024536,0.0001900423230836
4976,0.0008088372997008,0.2106804549694061,0.6192242503166199,0.1692864894866943
4977,0.0002546327596064,0.0463023222982883,0.2623205184936523,0.6911225318908691
4978,0.0004307472845539,0.1037662997841835,0.472371757030487,0.4234312772750854
4979,0.0006865279865451,0.1209971085190773,0.4357273578643799,0.4425890445709228
4980,0.0022916281595826,0.4948538541793823,0.4721928536891937,0.0306616425514221
4981,0.0012517309514805,0.628463089466095,0.3637265563011169,0.0065586012788116
4982,0.0020732304546982,0.4619044065475464,0.4916946589946747,0.0443276166915893
4983,0.003662284463644,0.7908331751823425,0.2031027674674987,0.0024017847608774
4984,0.0027407249435782,0.3589641451835632,0.5305145978927612,0.1077805757522583
4985,0.001258113537915,0.186720609664917,0.4843164086341858,0.3277048766613006
4986,0.0005081925773993,0.1047137230634689,0.3712423741817474,0.5235356688499451
4987,0.0003682303649839,0.0600215345621109,0.2527001202106476,0.686910092830658
4988,0.0003742964763659,0.0659678801894187,0.27773517370224,0.6559227108955383
4989,0.0009394636726938,0.1876219362020492,0.5021023154258728,0.309336245059967
4990,0.0006459447322413,0.206145778298378,0.5965026021003723,0.1967056840658188
4991,0.0002731793210841,0.0885549411177635,0.5016978979110718,0.4094739258289337
4992,0.0004166113503742,0.128866046667099,0.5258539319038391,0.3448634147644043
4993,0.0010221113916486,0.581505537033081,0.4059562683105469,0.0115160923451185
4994,0.0009382815333083,0.3966957628726959,0.5682404637336731,0.0341254919767379
4995,0.0010575917549431,0.3945987224578857,0.556473433971405,0.0478702560067176
4996,0.0008600584114901,0.2171297222375869,0.5544602274894714,0.2275499999523162
4997,0.0014100617263466,0.2408702671527862,0.5869170427322388,0.1708025932312011
4998,0.000872804725077,0.3466555178165436,0.6083993911743164,0.0440723076462745
4999,0.0016374965198338,0.1644396334886551,0.4332407414913177,0.4006821513175964
5000,0.0005641014431603,0.1402047425508499,0.6901119351387024,0.1691192090511322
5001,0.0017848787829279,0.6063610315322876,0.3854264914989471,0.0064275958575308
5002,0.0047401809133589,0.3593153357505798,0.5478904247283936,0.0880540087819099
5003,0.0019947902765125,0.1713424175977707,0.4805416464805603,0.3461211919784546
5004,0.0014569977065548,0.7666290402412415,0.2301837652921676,0.0017302277265116
5005,0.0011128949699923,0.136929303407669,0.4779302179813385,0.3840277194976806
5006,0.0006330733303911,0.5159221887588501,0.477150022983551,0.0062946868129074
5007,0.0040688519366085,0.7515298128128052,0.2402033656835556,0.0041980114765465
5008,0.0197536461055278,0.3967625498771667,0.4566709101200104,0.1268129348754882
5009,0.0087691806256771,0.4359351098537445,0.4863207638263702,0.0689749494194984
5010,0.0009298530058003,0.320865273475647,0.6282236576080322,0.0499811694025993
5011,0.0018309806473553,0.2398111373186111,0.5935382843017578,0.1648196130990982
5012,0.0745920464396476,0.5259251594543457,0.3449101448059082,0.0545727089047431
5013,0.0040037548169493,0.3230662941932678,0.5759279131889343,0.09700208902359
5014,0.0011220243759453,0.4526569545269012,0.529209554195404,0.0170114152133464
5015,0.002666873158887,0.1840636581182479,0.5326058268547058,0.2806635797023773
5016,0.0038558056112378,0.6091594099998474,0.3752922117710113,0.0116925863549113
5017,0.0049617472104728,0.6104875206947327,0.3761104643344879,0.0084402160719037
5018,0.0007374370470643,0.2109614312648773,0.6917159557342529,0.0965851843357086
5019,0.0006308727897703,0.302240788936615,0.6811100840568542,0.0160181745886802
5020,0.0056536821648478,0.5333521962165833,0.4421645104885101,0.0188296362757682
5021,0.0004899852210655,0.1091660261154174,0.6481485366821289,0.2421954274177551
5022,0.0020220126025378,0.281911551952362,0.6352974772453308,0.0807690024375915
5023,0.0008905586437322,0.2430989891290664,0.6608114838600159,0.0951989293098449
5024,0.0023344662040472,0.3987793326377868,0.5623690485954285,0.0365171991288661
5025,0.0083922464400529,0.2736043930053711,0.4727459847927093,0.2452573776245117
5026,0.0006027555209584,0.0789453983306884,0.4136442840099334,0.5068075656890869
5027,0.000388959510019,0.0664430409669876,0.3591876924037933,0.5739802718162537
5028,0.0006237703491933,0.1411611288785934,0.6326402425765991,0.2255748510360717
5029,0.0031129240524023,0.3175268769264221,0.5840213298797607,0.0953388661146164
5030,0.0021177241578698,0.4295946359634399,0.5346391201019287,0.0336484536528587
5031,0.0035669628996402,0.4388749003410339,0.5051419138908386,0.0524161346256732
5032,0.254533588886261,0.6499742865562439,0.0907567515969276,0.0047353603877127
5033,0.0007113960455171,0.3685122430324554,0.6171419024467468,0.0136344395577907
5034,0.0005819477373734,0.0338224731385707,0.1588563621044159,0.8067392110824585
5035,0.0021021352149546,0.5064008831977844,0.4757196009159088,0.01577740162611
5036,0.019989950582385,0.7739285826683044,0.2018913477659225,0.004190120846033
5037,0.0195810962468385,0.7463462352752686,0.2312072813510894,0.0028653475455939
5038,0.0992183089256286,0.6469846367835999,0.2417605072259903,0.0120365461334586
5039,0.0026068983133882,0.5629332065582275,0.4249242842197418,0.0095356367528438
5040,0.0022606623824685,0.8304003477096558,0.1660905182361602,0.0012484564213082
5041,0.0618725083768367,0.6056643128395081,0.3093430995941162,0.0231200661510229
5042,0.0003490535891614,0.0840864330530166,0.6311037540435791,0.2844607532024383
5043,9.297271753894164e-05,0.0169061217457056,0.1934803277254104,0.7895205020904541
5044,0.0024360565003007,0.4642302095890045,0.5098571181297302,0.0234766341745853
5045,0.0014355069724842,0.3681141436100006,0.6069176197052002,0.0235327500849962
5046,0.0005756663158535,0.2550661861896515,0.6933416724205017,0.051016442477703
5047,0.0017095904331654,0.2617798149585724,0.6790052056312561,0.0575053915381431
5048,0.0078572677448391,0.6049760580062866,0.3727149665355682,0.0144517263397574
5049,0.002400679513812,0.5024528503417969,0.4720107614994049,0.0231357011944055
5050,0.0019804805051535,0.189775064587593,0.5406188368797302,0.2676257193088531
5051,0.00156465487089,0.1698923707008361,0.5570557117462158,0.2714872658252716
5052,0.0007382221519947,0.5740631818771362,0.4199935793876648,0.0052049728110432
5053,0.0014172367518767,0.3929604291915893,0.5628898739814758,0.0427324697375297
5054,0.0093420650810003,0.4572144150733948,0.4644144773483276,0.0690290480852127
5055,0.0282313805073499,0.6526618003845215,0.3035159409046173,0.0155908484011888
5056,0.0013796330895274,0.1923501789569854,0.5742515325546265,0.2320185899734497
5057,0.0007823382620699,0.1315690726041793,0.5368839502334595,0.3307646214962005
5058,0.0002606878697406,0.0292043760418891,0.1934353858232498,0.7770995497703552
5059,0.0002413826732663,0.0207335520535707,0.1508262157440185,0.8281987905502319
5060,0.0001126300630858,0.0124221164733171,0.0889637023210525,0.8985015153884888
5061,0.0001292204105993,0.016149504110217,0.1156582087278366,0.8680630326271057
5062,0.0018151734257116,0.2823241949081421,0.6362274289131165,0.0796332061290741
5063,0.0018287859857082,0.1985721290111541,0.5745874643325806,0.2250116765499115
5064,0.0263302884995937,0.418361097574234,0.4316413104534149,0.1236673146486282
5065,0.0017159956041723,0.3219410181045532,0.61093670129776,0.065406285226345
5066,0.0042653097771108,0.65312260389328,0.3335824012756347,0.0090296613052487
5067,0.0030619429890066,0.3594858050346374,0.5655505657196045,0.0719016790390014
5068,0.0012670676223933,0.1766561716794967,0.5527082681655884,0.2693684995174408
5069,0.0030910996720194,0.3629089295864105,0.5709359049797058,0.0630641132593154
5070,0.0006667430861853,0.5349372625350952,0.4575560986995697,0.0068399091251194
5071,0.0004854099242947,0.243712306022644,0.7275905013084412,0.0282117463648319
5072,0.0189632009714841,0.9280868768692015,0.0523590818047523,0.0005908165476284
5073,0.0005440886016003,0.7781986594200134,0.2195010036230087,0.0017563395667821
5074,0.0035373629070818,0.3134865462779999,0.5676508545875549,0.1153252646327018
5075,0.0009041611338034,0.2355097532272339,0.7031022310256958,0.0604839026927948
5076,0.0017450943123549,0.3485158085823059,0.5928453803062439,0.0568936467170715
5077,0.0266207810491323,0.4296376407146454,0.4432758092880249,0.1004657819867134
5078,0.0030817210208624,0.2774076461791992,0.5347172617912292,0.1847933530807495
5079,0.0014644960174337,0.2790835499763489,0.6488886475563049,0.070563368499279
5080,0.0386691875755786,0.3966951370239258,0.4092876017093658,0.1553480476140976
5081,0.001003504381515,0.0917551144957542,0.4112178981304168,0.4960234761238098
5082,0.0025961413048207,0.3508210480213165,0.5606104135513306,0.0859723910689354
5083,0.00035464411485,0.0403557755053043,0.2550563514232635,0.7042331695556641
5084,0.0007298760465346,0.1246792525053024,0.5249192714691162,0.3496716320514679
5085,0.0001250305504072,0.0144515661522746,0.0913367122411727,0.8940867781639099
5086,0.0002647614455781,0.0352229923009872,0.199551835656166,0.7649603486061096
5087,0.0005441601970233,0.0358372703194618,0.1606115102767944,0.8030070066452026
5088,0.0003523325140122,0.0461464524269104,0.2962474822998047,0.6572536826133728
5089,0.0025458224117755,0.4417321681976318,0.5084306001663208,0.0472914092242717
5090,0.0021002758294343,0.2427588552236557,0.6008339524269104,0.1543069183826446
5091,0.0017838169587776,0.9385915994644164,0.059071909636259,0.0005526007153093
5092,0.00087994732894,0.1991347670555114,0.6950486302375793,0.1049366444349289
5093,0.0015763542614877,0.9398682713508606,0.0582351833581924,0.0003202557563781
5094,0.0003461185551714,0.052999161183834,0.3678870797157287,0.5787676572799683
5095,0.0035436239559203,0.5426149368286133,0.4292437732219696,0.0245976261794567
5096,0.0013834512792527,0.3230174481868744,0.6129793524742126,0.0626197829842567
5097,0.0012315276544541,0.1744050234556198,0.5456650257110596,0.2786984443664551
5098,0.0032404814846813,0.8309727311134338,0.1636282205581665,0.0021586259827017
5099,0.0026084524579346,0.4318732023239136,0.5374748706817627,0.0280435048043727
5100,0.0040802084840834,0.7654953598976135,0.2262799888849258,0.0041444627568125
5101,0.0008229541126638,0.4830620884895324,0.5062447190284729,0.0098702013492584
5102,0.0051516112871468,0.6853533387184143,0.2994087040424347,0.0100863659754395
5103,0.0032541905529797,0.388073056936264,0.5472707152366638,0.0614020712673664
5104,0.0009003478335216,0.1179222986102104,0.5122311115264893,0.3689462542533874
5105,0.0006425805622711,0.1754075139760971,0.5841962099075317,0.2397536486387252
5106,0.003406862495467,0.3585405647754669,0.5640634894371033,0.073989026248455
5107,5.982832590234466e-05,0.0084726968780159,0.0570027120411396,0.9344647526741028
5108,0.0030450648628175,0.2308220714330673,0.5624330639839172,0.2036997675895691
5109,0.0018549024825915,0.1669729948043823,0.5143130421638489,0.3168590664863586
5110,0.0052110850811004,0.3223983943462372,0.531545102596283,0.1408454328775406
5111,0.0011791421566158,0.0997121185064315,0.4005795121192932,0.4985292553901672
5112,0.0006864877068437,0.2601694166660309,0.6854551434516907,0.053688995540142
5113,0.0004812544211745,0.1007246747612953,0.5360705852508545,0.3627234995365143
5114,0.0024338173680007,0.5014910697937012,0.4711072742938995,0.0249677710235118
5115,0.0002702618076,0.0703959614038467,0.5987001657485962,0.3306336104869842
5116,0.0016722423024475,0.2812279164791107,0.6437371373176575,0.073362685739994
5117,0.0035961132962256,0.5593238472938538,0.4288484752178192,0.0082315849140286
5118,0.0066392347216606,0.2033384293317794,0.4441319406032562,0.3458903133869171
5119,0.000380322424462,0.0649676173925399,0.4236421287059784,0.511009931564331
5120,0.0017334963195025,0.1314025223255157,0.4806504547595978,0.3862135112285614
5121,0.0013046914245933,0.324274867773056,0.6153655648231506,0.0590548440814018
5122,0.0036520324647426,0.2811909317970276,0.5336065888404846,0.1815505027770996
5123,0.0004205979639664,0.1300991922616958,0.6711027026176453,0.1983775794506073
5124,0.0113830007612705,0.5930306315422058,0.3711090981960296,0.0244772993028163
5125,0.0008165313047356,0.5603491067886353,0.4296346008777618,0.0091998297721147
5126,0.0284788943827152,0.7577952146530151,0.2071696817874908,0.0065562133677303
5127,0.0027222533244639,0.7787654995918274,0.2162553668022155,0.0022568274289369
5128,0.002081673592329,0.3041579723358154,0.6144160032272339,0.0793443471193313
5129,0.0108852861449122,0.5163511037826538,0.4486136138439178,0.024150064215064
5130,0.001539209857583,0.3825633525848388,0.5742955803871155,0.0416018329560756
5131,0.0039432155899703,0.5852250456809998,0.4022189378738403,0.0086127743124961
5132,0.0008629385847598,0.2144792973995208,0.7032505869865417,0.0814071670174598
5133,0.000737692345865,0.5473817586898804,0.4467599987983703,0.0051205991767346
5134,0.0007737093837931,0.1723782271146774,0.6404627561569214,0.1863852888345718
5135,0.0009631689172238,0.2248870879411697,0.6927010416984558,0.0814487040042877
5136,0.0005354962195269,0.1020475178956985,0.5781385898590088,0.3192784190177917
5137,0.0008832993917167,0.1508874148130417,0.5875192284584045,0.260710060596466
5138,0.0005081358831375,0.0676007196307182,0.4477538466453552,0.4841373264789581
5139,0.0003791555354837,0.0562716647982597,0.4937681853771209,0.4495810568332672
5140,0.000264075002633,0.0368176698684692,0.2895934283733368,0.6733248233795166
5141,5.181346205063164e-05,0.0052031790837645,0.0486010313034057,0.9461439847946168
5142,0.0006306950235739,0.0567733570933342,0.29285928606987,0.6497367024421692
5143,5.770228381152265e-05,0.0039207832887768,0.0215293355286121,0.9744921922683716
5144,0.0013588971924036,0.122324027121067,0.4689158797264099,0.4074012041091919
5145,0.0112666049972176,0.4571300745010376,0.4716409742832184,0.0599624142050743
5146,0.0002411899331491,0.0242206249386072,0.173461303114891,0.8020769357681274
5147,0.0039593493565917,0.2607545852661133,0.5695403814315796,0.1657456904649734
5148,0.0024555337149649,0.2584220468997955,0.5470794439315796,0.1920429617166519
5149,0.0074194581247866,0.5366553068161011,0.4312146306037903,0.0247105695307254
5150,0.0005849260487593,0.0596640780568122,0.2983016669750213,0.6414493322372437
5151,0.0082852328196167,0.4384407699108124,0.4891160428524017,0.06415805965662
5152,0.0018529358785599,0.1542610675096511,0.5731493830680847,0.2707366049289703
5153,0.0024254459422081,0.4550422728061676,0.5237504243850708,0.0187818389385938
5154,0.0009561187471263,0.0795990228652954,0.340401828289032,0.5790430307388306
5155,0.0011375804897397,0.1741912066936493,0.6272866725921631,0.1973844915628433
5156,0.0021600571926683,0.7811441421508789,0.2135529220104217,0.0031428646761924
5157,0.0015355095965787,0.3213761448860168,0.6194687485694885,0.0576195679605007
5158,0.0006132803391665,0.05695815756917,0.3489109873771667,0.5935176014900208
5159,0.0008314910228364,0.1911321729421615,0.6991324424743652,0.1089038327336311
5160,0.0020991996861994,0.3019635081291199,0.6195889115333557,0.0763483345508575
5161,0.0046165050007402,0.3499404191970825,0.5335953831672668,0.1118476688861846
5162,0.0022291054483503,0.2420393526554107,0.545444130897522,0.2102874368429184
5163,0.0003359753172844,0.0337391011416912,0.20993173122406,0.7559931874275208
5164,0.0022501319181174,0.7764551043510437,0.2190092056989669,0.0022855661809444
5165,0.0013793748803436,0.2978620231151581,0.6505904793739319,0.0501681491732597
5166,0.0018343779956921,0.1600450575351715,0.5247675776481628,0.313353031873703
5167,0.0015536546707153,0.6992337107658386,0.2960741817951202,0.0031384690664708
5168,0.0073620243929326,0.4773308634757995,0.4773308634757995,0.0379762127995491
5169,0.0012332121841609,0.2621710896492004,0.6590980291366577,0.077497623860836
5170,0.0027523196768015,0.3604827225208282,0.5760497450828552,0.0607151947915554
5171,0.0005881331744603,0.1708990633487701,0.6654397249221802,0.1630730330944061
5172,0.0012201416539028,0.1957996636629104,0.5845498442649841,0.2184303253889084
5173,0.0005952378851361,0.3604869842529297,0.613209068775177,0.0257087387144565
5174,0.000749645056203,0.1618782430887222,0.6922654509544373,0.1451067179441452
5175,0.0438169054687023,0.6438847184181213,0.2857221066951751,0.0265762973576784
5176,0.0008672439726069,0.281129390001297,0.6435115337371826,0.0744918659329414
5177,0.0015397494425997,0.1522265076637268,0.5481887459754944,0.2980450391769409
5178,0.0042068231850862,0.5684752464294434,0.4031093120574951,0.0242085978388786
5179,0.0038025274407118,0.4395124614238739,0.5138421058654785,0.0428429469466209
5180,0.0022228697780519,0.4439331889152527,0.5271837115287781,0.0266602579504251
5181,0.0024134432896971,0.4058787226676941,0.5461695194244385,0.0455383323132991
5182,0.0031306352466344,0.4230481386184692,0.5183294415473938,0.0554918386042118
5183,0.0046397596597671,0.4445945024490356,0.4959810078144073,0.0547847896814346
5184,0.0156433321535587,0.479104995727539,0.4362300634384155,0.0690216198563575
5185,0.0094145601615309,0.6809626221656799,0.3021753132343292,0.0074475291185081
5186,0.0144497463479638,0.4637876451015472,0.4495184123516083,0.072244182229042
5187,0.0109773408621549,0.6898389458656311,0.292096197605133,0.0070875040255486
5188,0.0054480503313243,0.5915569067001343,0.3879524767398834,0.0150425508618354
5189,0.0055043143220245,0.3052579462528229,0.5357443690299988,0.1534933447837829
5190,0.0007113325409591,0.4658015370368957,0.5196391940116882,0.0138479145243763
5191,0.0009903640020638,0.5997825264930725,0.3933469951152801,0.0058800615370273
5192,0.0109434686601161,0.561292827129364,0.3980162143707275,0.0297474302351474
5193,0.0020940664689987,0.5124011635780334,0.4665465950965881,0.0189581327140331
5194,0.0036497777327895,0.5088566541671753,0.4633192420005798,0.024174328893423
5195,0.0036455627996474,0.2363670319318771,0.5003889799118042,0.2595983743667602
5196,0.0022633848711848,0.3058550655841827,0.6082653999328613,0.0836161226034164
5197,0.0065629030577838,0.4459393918514251,0.474700003862381,0.0727976039052009
5198,0.0028549847193062,0.3198385834693908,0.5701739192008972,0.1071325093507766
5199,0.0033301902003586,0.2687158286571502,0.5344052314758301,0.1935487538576126
5200,6.565947114722803e-05,0.0173718575388193,0.1838695555925369,0.7986929416656494
5201,0.0006552156992256,0.2684954702854156,0.6856272220611572,0.0452220179140567
5202,0.0010421457700431,0.2935085892677307,0.6213576793670654,0.0840916112065315
5203,0.0006122790509834,0.2548519670963287,0.6927594542503357,0.0517763122916221
5204,0.0120685184374451,0.5377938151359558,0.418834239244461,0.0313033498823642
5205,0.0017543617868795,0.4569642245769501,0.5178083181381226,0.0234731007367372
5206,0.0008105490123853,0.4400250017642975,0.5476199388504028,0.0115444706752896
5207,0.0029492652975022,0.6269902586936951,0.3628741204738617,0.0071863336488604
5208,0.00156438536942,0.3596002757549286,0.5836888551712036,0.0551464892923831
5209,0.0022800241131335,0.2399513125419616,0.5323552489280701,0.2254133969545364
5210,0.0014810686698183,0.3918538391590118,0.5613046884536743,0.0453603789210319
5211,0.0027017924003303,0.5926123261451721,0.3886446356773376,0.0160412807017564
5212,0.0006327008013613,0.201919138431549,0.7158654928207397,0.0815827026963234
5213,0.0108988098800182,0.5418036580085754,0.4219571053981781,0.0253404937684535
5214,0.0122740399092435,0.5138140320777893,0.4394884705543518,0.0344233959913253
5215,0.0028009000234305,0.3611580729484558,0.5681814551353455,0.0678595975041389
5216,0.0495556406676769,0.4850956797599792,0.3897853195667267,0.075563333928585
5217,0.0088270781561732,0.2877807915210724,0.4895316362380981,0.2138605266809463
5218,0.0032571095507591,0.4007509648799896,0.514574408531189,0.0814175009727478
5219,0.0198953598737716,0.5724133849143982,0.3753978908061981,0.0322933569550514
5220,0.0018072490347549,0.2189144194126129,0.6334498524665833,0.145828440785408
5221,0.0010988020803779,0.2372751981019973,0.6154450178146362,0.1461810171604156
5222,0.0052839550189673,0.3882113099098205,0.5142964124679565,0.0922082737088203
5223,0.0019096846226602,0.2501192986965179,0.6387020349502563,0.1092690378427505
5224,0.001824208186008,0.5300763845443726,0.4605383276939392,0.0075611332431435
5225,0.0028082411736249,0.3195562362670898,0.5786415934562683,0.0989939123392105
5226,0.0038036163896322,0.3879794180393219,0.5386560559272766,0.0695608705282211
5227,0.0017359979683533,0.3206443190574646,0.5990424156188965,0.0785772651433944
5228,0.0019464739598333,0.3075136542320251,0.6115639209747314,0.078976035118103
5229,0.0010726092150434,0.3116775453090668,0.6198448538780212,0.0674050003290176
5230,0.041055429726839,0.5667526721954346,0.3491662144660949,0.0430257208645343
5231,0.0019179322989657,0.5074370503425598,0.4766930043697357,0.0139519972726702
5232,0.0001182858468382,0.007790062110871,0.0484713986515998,0.9436203241348268
5233,0.0003751204640138,0.0279940497130155,0.1662083119153976,0.8054224848747253
5234,0.0003470634983386,0.0592862553894519,0.3865949511528015,0.5537717342376709
5235,0.0011008185101673,0.1441787779331207,0.666675865650177,0.1880445629358291
5236,0.0009257530909962,0.2908629775047302,0.645307719707489,0.0629035308957099
5237,0.0030063088051974,0.326429158449173,0.5466659665107727,0.1238985359668731
5238,0.0046575600281357,0.2351836860179901,0.5136883854866028,0.2464703619480133
5239,0.0007105268887244,0.0460683591663837,0.2097153961658477,0.7435056567192078
5240,0.0001319461589446,0.018685795366764,0.1614206284284591,0.8197616934776306
5241,0.0003929062804672,0.0400775335729122,0.2379512786865234,0.7215782999992371
5242,0.0004978172946721,0.0549049116671085,0.3259854912757873,0.618611752986908
5243,0.0018312016036361,0.2593289613723755,0.612453043460846,0.126386821269989
5244,0.0034299418330192,0.3235709071159363,0.5859112739562988,0.0870879292488098
5245,0.0013058789772912,0.3794608116149902,0.5786086320877075,0.04062470048666
5246,0.000721831456758,0.0482869520783424,0.2414195835590362,0.7095715999603271
5247,9.950796811608598e-05,0.008029380813241,0.049185924232006,0.9426852464675904
5248,0.0105184661224484,0.2842935621738434,0.4542998075485229,0.2508881688117981
5249,0.0063538770191371,0.590113639831543,0.3810060024261474,0.0225264485925436
5250,0.0135447215288877,0.7511624097824097,0.2290915846824646,0.0062012253329157
5251,0.0005960942362435,0.9661011695861816,0.0330581627786159,0.0002446365833748
5252,0.0017314733704552,0.5612815618515015,0.4303495287895202,0.0066374153830111
5253,0.0039492337964475,0.45646932721138,0.4859090745449066,0.0536722689867019
5254,0.0012713182950392,0.7346758246421814,0.2619567513465881,0.0020960492547601
5255,0.0017081457190215,0.4380282461643219,0.5366833806037903,0.0235802233219146
5256,0.0465316511690616,0.5002623796463013,0.3896047472953796,0.0636012256145477
5257,0.0432168245315551,0.3733363747596741,0.4503296315670013,0.1331171840429306
5258,0.0006609294214285,0.0813199877738952,0.2883043885231018,0.6297146677970886
5259,0.0010456047020852,0.1246918439865112,0.4779926836490631,0.3962698578834533
5260,0.0621078088879585,0.5892625451087952,0.3254216313362121,0.0232079941779375
5261,0.0301951374858617,0.4650085866451263,0.4300626218318939,0.0747336819767952
5262,0.0048066531307995,0.5384804010391235,0.432681143283844,0.0240317545831203
5263,0.0082743819802999,0.912592351436615,0.0785051509737968,0.0006281597889028
5264,0.0022675672080367,0.5377842783927917,0.4458388686180115,0.0141092762351036
5265,0.0006389988120645,0.2007674723863601,0.7007473111152649,0.0978462472558021
5266,0.0120808724313974,0.600566565990448,0.3758249580860138,0.0115276500582695
5267,0.0021707278210669,0.5395241379737854,0.4472812414169311,0.0110238660126924
5268,0.0003959816240239,0.0815925151109695,0.4410849511623382,0.4769265651702881
5269,0.0004776130081154,0.4920328557491302,0.4997812211513519,0.0077082831412553
5270,0.0030424492433667,0.3862221837043762,0.5446605682373047,0.066074825823307
5271,0.0006161745986901,0.2524971663951874,0.6971670389175415,0.0497196391224861
5272,0.0007490181596949,0.388001024723053,0.5734282732009888,0.0378216952085495
5273,0.0014018543297424,0.1570471376180648,0.5481483340263367,0.2934026718139648
5274,0.0019558584317564,0.5094487071037292,0.4711630344390869,0.0174323767423629
5275,0.001386773888953,0.4093130230903625,0.5682747960090637,0.0210253782570362
5276,0.0031616135966032,0.2673563659191131,0.5485796332359314,0.1809023767709732
5277,0.0041839065961539,0.3766232132911682,0.5311238765716553,0.0880689695477485
5278,0.0054368278943002,0.393250048160553,0.5049430727958679,0.0963700711727142
5279,0.0007675653323531,0.2062766700983047,0.6555458903312683,0.1374098807573318
5280,0.0017111998749896,0.7822659611701965,0.2138596028089523,0.0021631591953337
5281,0.002536243526265,0.2977662980556488,0.6015045046806335,0.0981929078698158
5282,0.0048749069683253,0.4527550041675567,0.5293241739273071,0.013045928440988
5283,0.0036391098983585,0.3275822401046753,0.5749247670173645,0.0938538834452629
5284,0.0011334115406498,0.4501618444919586,0.5262925028800964,0.0224122386425733
5285,0.0007003875216469,0.2613220512866974,0.6778178215026855,0.0601597465574741
5286,0.0007749700453132,0.1572078913450241,0.5573503971099854,0.2846667468547821
5287,0.0001652367354836,0.0135430553928017,0.1082018911838531,0.8780897855758667
5288,0.0011017229408025,0.171357199549675,0.6075140237808228,0.2200270146131515
5289,0.0029831496067345,0.2949274778366089,0.5340447425842285,0.168044626712799
5290,0.0033454296644777,0.4664240181446075,0.5043246150016785,0.0259058848023414
5291,0.0015785853611305,0.1768459677696228,0.5798556208610535,0.2417197823524475
5292,0.0007202397682704,0.1555284708738327,0.6755849123001099,0.168166384100914
5293,0.0020848936401307,0.2605625092983246,0.5691208243370056,0.168231800198555
5294,0.0012001941213384,0.2591697573661804,0.6618131995201111,0.0778168737888336
5295,0.0018509138608351,0.7948707342147827,0.2009747922420501,0.0023034997284412
5296,0.0008444062550552,0.1767309457063675,0.5529422163963318,0.2694824934005737
5297,0.0010033221915364,0.4806751310825348,0.511676013469696,0.0066455113701522
5298,0.0013389020459726,0.2802269756793976,0.6120719909667969,0.1063621491193771
5299,0.0022345294710248,0.4325317442417145,0.5217328667640686,0.0435008592903614
5300,0.0042187538929283,0.324826031923294,0.5355476140975952,0.1354076415300369
5301,0.001381327630952,0.4077055156230926,0.5660430192947388,0.0248701944947242
5302,0.0002284333313582,0.0372346304357051,0.270863264799118,0.6916736364364624
5303,0.0013053845614194,0.1250855177640915,0.4504502415657043,0.4231588542461395
5304,0.0005176108679734,0.1327335238456726,0.5676292777061462,0.299119621515274
5305,6.905159534653649e-05,0.0056595737114548,0.0424774624407291,0.9517940282821656
5306,0.0006374132353812,0.1195862591266632,0.5443884134292603,0.3353879451751709
5307,0.0006724631530232,0.2047811597585678,0.7036752104759216,0.090871088206768
5308,0.0019038554746657,0.3303428292274475,0.6075934767723083,0.0601599030196666
5309,0.0006470169173553,0.2957803606986999,0.6665513515472412,0.0370212532579898
5310,0.00034939852776,0.0841695219278335,0.5076072216033936,0.4078738391399383
5311,0.0269838701933622,0.5860260128974915,0.3554427623748779,0.031547337770462
5312,0.0029540832620114,0.3060698509216308,0.6182780861854553,0.0726979598402977
5313,0.0039350935257971,0.2182321846485138,0.4841692447662353,0.2936635017395019
5314,0.000293382036034,0.0137010207399725,0.0550419315695762,0.9309637546539308
5315,0.0002328845584997,0.0176531206816434,0.0766816586256027,0.9054323434829712
5316,0.0010102330707013,0.2890012562274933,0.6512743830680847,0.0587141662836074
5317,0.0046037388965487,0.5157482624053955,0.4551462531089782,0.0245017316192388
5318,0.0026203279849141,0.2358743846416473,0.5399218201637268,0.2215834707021713
5319,8.946460002334788e-05,0.0095635866746306,0.0595066286623477,0.9308403134346008
5320,0.0010905220406129,0.0981656536459922,0.3943668007850647,0.5063769817352295
5321,0.0011757370084524,0.1358967274427414,0.4817957282066345,0.3811317980289459
5322,0.0005100229172967,0.0444982722401618,0.236825942993164,0.7181656956672668
5323,0.0006316736689768,0.0801874995231628,0.3538038432598114,0.5653769373893738
5324,0.001458077924326,0.1464221775531768,0.4953398406505584,0.356779932975769
5325,0.0002873557677958,0.0364782325923442,0.2305495291948318,0.7326849102973938
5326,0.0003096805885434,0.0315882824361324,0.2027880251407623,0.765313982963562
5327,0.0036857761442661,0.1472278088331222,0.3587429523468017,0.4903434813022613
5328,0.0007306553889065,0.2521279454231262,0.6853547692298889,0.0617866069078445
5329,0.0006570626865141,0.108787789940834,0.4799942374229431,0.4105608463287353
5330,0.0001478716003475,0.0155621087178587,0.0938515216112136,0.8904384970664978
5331,0.0007670142804272,0.0914689898490905,0.4432460963726043,0.4645178914070129
5332,0.0030971826054155,0.2384698390960693,0.5544589757919312,0.2039740681648254
5333,0.0009711171151138,0.2735041677951813,0.6459304094314575,0.0795942470431327
5334,0.0008767141262069,0.1385076493024826,0.4471081793308258,0.4135074615478515
5335,0.0023676697164773,0.2959028780460357,0.6071532368659973,0.0945762395858764
5336,0.0042807594873011,0.472130537033081,0.4947885274887085,0.0288001429289579
5337,0.0025487726088613,0.2682345807552337,0.6044759750366211,0.1247406601905822
5338,0.0056679202243685,0.6551225185394287,0.329416275024414,0.0097932880744338
5339,0.0099132219329476,0.5164582133293152,0.4487066864967346,0.0249218363314867
5340,0.0018600015901029,0.2288524210453033,0.5576337575912476,0.2116538882255554
5341,9.968899394152686e-05,0.006988737732172,0.0485114566981792,0.944400191307068
5342,0.0087356688454747,0.4551101624965668,0.4695569276809692,0.0665973350405693
5343,0.0038639768026769,0.2353495806455612,0.4982350468635559,0.2625514268875122
5344,0.0015235102036967,0.4938673675060272,0.4938673675060272,0.0107417926192283
5345,0.0014420917723327,0.4530918002128601,0.5297179818153381,0.0157481003552675
5346,0.0013480621855705,0.5789222717285156,0.4105173349380493,0.0092123346403241
5347,0.0013771784724667,0.3317599892616272,0.6198092699050903,0.0470535717904567
5348,0.0010599471861496,0.532173216342926,0.4551918804645538,0.0115749584510922
5349,0.0149025516584515,0.8010372519493103,0.1815502494573593,0.0025099993217736
5350,0.0023969626054167,0.3502255380153656,0.5865174531936646,0.0608600787818431
5351,0.0024435822851955,0.4656643271446228,0.5114322304725647,0.0204598642885684
5352,0.801986575126648,0.1393643617630005,0.052896749228239,0.0057522542774677
5353,0.5376757383346558,0.3753581345081329,0.0811768919229507,0.005789266899228
5354,0.0016043687937781,0.1913263201713562,0.6273348927497864,0.1797344535589218
5355,0.0051771304570138,0.8179089426994324,0.1741428524255752,0.0027711184229701
5356,0.0018340890528634,0.3232489824295044,0.6039085984230042,0.071008376777172
5357,0.0014491761103272,0.3383632898330688,0.6031978130340576,0.0569896809756755
5358,0.0022288588806986,0.2657988369464874,0.58970046043396,0.1422718614339828
5359,0.0715508460998535,0.7455769181251526,0.177090048789978,0.0057821944355964
5360,0.0028830838855355,0.3547312915325165,0.5668589472770691,0.0755266472697258
5361,0.0016478690085932,0.1680872142314911,0.5258983373641968,0.3043666183948517
5362,0.0006886060000397,0.1038075909018516,0.4652333259582519,0.4302704632282257
5363,0.0032327047083526,0.379533976316452,0.5436573624610901,0.0735760182142257
5364,0.0010338586289435,0.1766063272953033,0.6665052771568298,0.1558545380830764
5365,0.0018565704813227,0.1429480016231537,0.4542878270149231,0.4009075760841369
5366,0.0027409887406975,0.3479534089565277,0.6202940344810486,0.0290115401148796
5367,0.0012270462466403,0.3349511921405792,0.6065183281898499,0.0573033988475799
5368,0.0011738461907953,0.363093614578247,0.5986401438713074,0.0370923466980457
5369,0.0017083475831896,0.2657089829444885,0.6576360464096069,0.0749466568231582
5370,0.0009444691240787,0.3693031370639801,0.5994381308555603,0.0303142443299293
5371,0.0009487918578088,0.7263697385787964,0.2714245617389679,0.0012569450773298
5372,0.0007475154125131,0.1718289703130722,0.5812898874282837,0.2461336404085159
5373,9.168050746666268e-05,0.0183096714317798,0.1907911747694015,0.7908073663711548
5374,0.0001517132623121,0.0661789253354072,0.4814185202121734,0.4522508382797241
5375,5.56411687284708e-05,0.007063340395689,0.0821086317300796,0.9107725024223328
5376,0.058024562895298,0.3783676624298095,0.3903783559799194,0.1732293516397476
5377,0.0001637725363252,0.0235581826418638,0.1713739782571792,0.8049041628837585
5378,0.0009709105943329,0.0670108199119567,0.3796421587467193,0.5523760914802551
5379,0.0003945154894609,0.0965347439050674,0.4902439415454864,0.412826806306839
5380,0.0001735049445414,0.0119750564917922,0.0941911116242408,0.8936604261398315
5381,0.0002353081072214,0.0343813933432102,0.3064380288124084,0.6589452624320984
5382,0.0043133217841386,0.1450869739055633,0.3822532594203949,0.4683464765548706
5383,0.0005191520322114,0.0958890169858932,0.5183711051940918,0.3852207064628601
5384,0.0049323015846312,0.4726265966892242,0.4726265966892242,0.0498144775629043
5385,0.0018540926976129,0.4066774547100067,0.5472443699836731,0.044224128127098
5386,0.0030623218044638,0.5313512682914734,0.4336762726306915,0.0319101214408874
5387,0.0016750441864132,0.4295398592948913,0.5429892539978027,0.0257958713918924
5388,0.0040046540088951,0.7631519436836243,0.2291397452354431,0.0037036996800452
5389,0.0006574745639227,0.2736638784408569,0.6564855575561523,0.0691930651664733
5390,0.0007166774594224,0.1365745514631271,0.5401628017425537,0.3225459456443786
5391,0.0016011100960895,0.1558388173580169,0.5973911881446838,0.245168849825859
5392,0.000434863672126,0.1224744394421577,0.6518257856369019,0.2252649664878845
5393,0.0003689542063511,0.3251111805438995,0.6567426323890686,0.0177772101014852
5394,0.0009056152775883,0.1925265789031982,0.6312703490257263,0.1752974539995193
5395,0.0003090371610596,0.3664386868476867,0.623333215713501,0.0099190417677164
5396,0.0005664387717843,0.1302054524421692,0.6020638942718506,0.2671642303466797
5397,4.451328641152941e-05,0.004611981101334,0.030073894187808,0.9652696251869202
5398,0.0003143741341773,0.0700408443808555,0.4938360452651977,0.435808777809143
5399,0.0007669623591937,0.2952455878257751,0.6550309658050537,0.0489565171301364
5400,0.0022192243486642,0.3094070553779602,0.5690866708755493,0.1192870512604713
5401,0.0042784977704286,0.8281770944595337,0.1656458377838134,0.0018985719652846
5402,0.0035444314125925,0.5343242287635803,0.442970335483551,0.0191610157489776
5403,2.5542756702634503e-05,0.0051815202459692,0.0671949759125709,0.927597999572754
5404,0.0008543417789041,0.5422358512878418,0.4495293498039245,0.0073803877457976
5405,6.256803317228332e-05,0.0078195296227931,0.0596130341291427,0.9325047731399536
5406,0.0025085234083235,0.4490769505500793,0.5168843865394592,0.0315301492810249
5407,0.0006071979296393,0.7784847617149353,0.2195817083120346,0.0013262422289699
5408,0.0008717429009266,0.1512583345174789,0.6172284483909607,0.2306414395570755
5409,0.0001495257165515,0.0170148778706789,0.0963958501815795,0.8864397406578064
5410,0.001208740635775,0.2267740368843078,0.6561923623085022,0.1158248335123062
5411,0.0032130912877619,0.2512902319431305,0.5237337946891785,0.221762865781784
5412,0.0010338586289435,0.1766063272953033,0.6665052771568298,0.1558545380830764
5413,0.0004391647235024,0.043417789041996,0.1744249016046524,0.7817181348800659
5414,0.0001453093282179,0.0741051062941551,0.8480880856513977,0.0776614919304847
5415,0.001466327579692,0.210926815867424,0.5733584761619568,0.2142484188079834
5416,0.0056064585223793,0.3992326259613037,0.5046772956848145,0.090483658015728
5417,0.0230986084789037,0.463947981595993,0.4094326496124267,0.1035207882523536
5418,0.0007462730281986,0.6081741452217102,0.3865790069103241,0.0045006023719906
5419,0.0003665524127427,0.0732048228383064,0.6034337878227234,0.3229948282241821
5420,0.0063340622000396,0.5701740980148315,0.3980456292629242,0.0254462081938982
5421,0.0025271524209529,0.3414984047412872,0.5993484258651733,0.0566259920597076
5422,0.0023588128387928,0.1994689106941223,0.5255305767059326,0.2726416885852813
5423,0.0063676037825644,0.1319566220045089,0.2973688542842865,0.5643068552017212
5424,0.0080093778669834,0.6879650354385376,0.2958900928497314,0.008135505951941
5425,0.0018611868144944,0.2515053451061249,0.6033300161361694,0.1433034390211105
5426,0.0009490778902545,0.1149630323052406,0.4765084981918335,0.4075793325901031
5427,0.0007263508741743,0.201396957039833,0.6813170909881592,0.1165596172213554
5428,0.0008687158697284,0.2371364831924438,0.6446037292480469,0.1173910573124885
5429,0.0022225710563361,0.2000694870948791,0.5880368947982788,0.2096710205078125
5430,0.0011105461744591,0.1897062510251999,0.6417679786682129,0.1674152016639709
5431,0.0006262057577259,0.1156621873378753,0.5693092346191406,0.3144024014472961
5432,0.0004402069316711,0.1011889651417732,0.6807803511619568,0.2175904661417007
5433,0.0061444696038961,0.4585422575473785,0.4805481433868408,0.0547650605440139
5434,0.0037938300520181,0.2744107544422149,0.5047186017036438,0.2170767784118652
5435,0.002556734951213,0.3677785396575928,0.56962651014328,0.0600381940603256
5436,0.0019529091659933,0.1842318773269653,0.4853863418102264,0.3284288644790649
5437,0.0018380763940513,0.2996063828468323,0.5866007804870605,0.1119547262787818
5438,0.0008915190119296,0.3485987186431885,0.6214444041252136,0.0290653444826602
5439,0.0015263695968315,0.1764243394136428,0.5025861263275146,0.3194631934165954
5440,0.0011835219338536,0.6839395761489868,0.3082757294178009,0.0066011548042297
5441,0.0006438879645429,0.3387947678565979,0.623138964176178,0.0374224036931991
5442,0.0012711334275081,0.0919420942664146,0.3693645298480987,0.5374221801757812
5443,0.0010840790346264,0.1233598664402961,0.4955809712409973,0.3799751102924347
5444,0.0013453745050355,0.1351043283939361,0.5343480110168457,0.329202264547348
5445,0.0038215287495404,0.3181507885456085,0.5411927103996277,0.1368349492549896
5446,0.001051380066201,0.2454832792282104,0.6672926545143127,0.0861727222800254
5447,0.0010285306489095,0.4417001903057098,0.5411823391914368,0.0160889271646738
5448,0.0007661820272915,0.1191686242818832,0.5510300993919373,0.3290351033210754
5449,0.0024891723878681,0.0716164782643318,0.2138072997331619,0.712087094783783
5450,0.0040365741588175,0.3107989728450775,0.4966553449630737,0.1885091066360473
5451,0.0012843747390434,0.2565046846866607,0.6448527574539185,0.0973581969738006
5452,0.010140405036509,0.4244961738586426,0.473559707403183,0.0918037295341491
5453,0.0231078527867794,0.2771468460559845,0.4225984513759613,0.2771468460559845
5454,0.0003970938269048,0.2122292965650558,0.7407530546188354,0.0466205887496471
5455,0.0010574378538876,0.2111827433109283,0.6207005381584167,0.1670592874288559
5456,0.0016102584777399,0.1721333861351013,0.4260342419147491,0.4002221226692199
5457,0.0014983380679041,0.1759116053581237,0.5858750939369202,0.2367149442434311
5458,0.0040881284512579,0.3350692391395569,0.5189654231071472,0.1418772339820861
5459,0.0020902962423861,0.5979790687561035,0.3921642303466797,0.0077663920819759
5460,0.0011327026877552,0.139366403222084,0.4498802721500397,0.4096206426620483
5461,0.0016285752644762,0.3462221622467041,0.5982182621955872,0.0539310090243816
5462,0.0027633379213511,0.2487477511167526,0.5184348225593567,0.2300540655851364
5463,0.0029320553876459,0.5415598750114441,0.4351556003093719,0.0203524995595216
5464,0.0029804660007357,0.6141287684440613,0.3724879026412964,0.0104028470814228
5465,0.0022576374467462,0.6663525104522705,0.3247542679309845,0.0066355653107166
5466,0.0013901347992941,0.7908835411071777,0.2063142955303192,0.0014120262349024
5467,0.0032665412873029,0.4345698654651642,0.5241913199424744,0.0379722937941551
5468,0.00226347357966,0.5895742177963257,0.3989259004592895,0.0092363851144909
5469,0.001710147014819,0.3931059837341308,0.5630983710289001,0.0420855432748794
5470,0.0040281885303556,0.6565946340560913,0.330156534910202,0.0092206168919801
5471,0.0018592268461361,0.4207486808300018,0.5487597584724426,0.0286323074251413
5472,0.0012796429218724,0.1959444433450698,0.5941941142082214,0.2085817605257034
5473,0.0011037867516279,0.2070834189653396,0.6581097841262817,0.1337031126022339
5474,0.0009015101240947,0.0934046357870101,0.4387000799179077,0.4669938087463379
5475,0.0208931695669889,0.302262932062149,0.4262590706348419,0.2505847811698913
5476,0.0075251394882798,0.3799821734428406,0.5193740725517273,0.0931186452507972
5477,0.0057213273830711,0.2432770431041717,0.4838141500949859,0.2671875357627868
5478,0.0036987359635531,0.507687509059906,0.4695342183113098,0.0190795343369245
5479,0.0111518511548638,0.3751142024993896,0.4668371379375458,0.1468968242406845
5480,0.0044113481417298,0.5777726173400879,0.3970969319343567,0.0207190886139869
5481,0.001155394129455,0.1489806622266769,0.5800948143005371,0.2697691321372986
5482,0.0001443270157324,0.0129919033497571,0.0901816934347152,0.89668208360672
5483,0.0008049873285926,0.1510251313447952,0.5789384841918945,0.2692314088344574
5484,0.0026440392248332,0.1912454515695572,0.4807910025119781,0.3253194987773895
5485,0.0007838680176064,0.5379337668418884,0.4529856741428375,0.0082967216148972
5486,0.0004846997035201,0.0309392102062702,0.145314335823059,0.8232617974281311
5487,0.0012659778585657,0.2412526905536651,0.6065092086791992,0.1509720832109451
5488,0.0058114207349717,0.3325200080871582,0.5070324540138245,0.1546361446380615
5489,0.0010799942538142,0.4093030393123626,0.5682609677314758,0.0213559586554765
5490,0.0019809445366263,0.1549261808395385,0.4772062301635742,0.3658867180347442
5491,0.0058929696679115,0.3371860980987549,0.5141474008560181,0.1427735686302185
5492,0.0006768855964764,0.0669199377298355,0.345199316740036,0.587203860282898
5493,0.0163309164345264,0.5324212908744812,0.4082215428352356,0.0430262386798858
5494,0.0002456442744005,0.0759825855493545,0.6667259931564331,0.2570457756519317
5495,0.0023747365921735,0.1772190481424331,0.4893174469470978,0.3310887813568115
5496,0.0115927662700414,0.4929369688034057,0.4418658316135406,0.0536044090986251
5497,0.0028292818460613,0.359161764383316,0.5650407671928406,0.0729681402444839
5498,0.0022616272326558,0.2962146997451782,0.5890932679176331,0.112430416047573
5499,0.0155812166631221,0.6032406091690063,0.3602114021778106,0.0209668185561895
5500,0.0036169439554214,0.3011187016963959,0.5895617604255676,0.1057026088237762
5501,0.0010963878594338,0.2481158822774887,0.6335861086845398,0.1172016486525535
5502,0.0008245257195085,0.5837967991828918,0.4075558483600616,0.0078228823840618
5503,0.0003501075552776,0.0926297307014465,0.4853450655937195,0.4216751158237457
5504,0.001502355793491,0.2689523696899414,0.6656635403633118,0.063881792128086
5505,0.0033684733789414,0.2084000706672668,0.5077984929084778,0.2804329395294189
5506,0.0007380512543022,0.1061664298176765,0.3944561779499054,0.498639315366745
5507,0.0020940965041518,0.1491193771362304,0.4739004075527191,0.3748860955238342
5508,0.0026369271799921,0.3676437139511108,0.5783847570419312,0.0513345636427402
5509,0.0030261070933192,0.2640205919742584,0.5677334666252136,0.1652198433876037
5510,0.0147356316447258,0.5978820323944092,0.3514766991138458,0.0359056070446968
5511,0.0200871769338846,0.450094074010849,0.4716945290565491,0.0581241697072982
5512,0.001100830733776,0.2651882469654083,0.6361535787582397,0.0975573137402534
5513,0.0011032765032723,0.2496748268604278,0.6681644320487976,0.0810575410723686
5514,0.003701482899487,0.2762299180030823,0.524192214012146,0.195876345038414
5515,0.001166871516034,0.1759062558412552,0.5418294072151184,0.281097412109375
5516,0.0016566545236855,0.2965750396251678,0.6181154251098633,0.0836528316140174
5517,0.0027515816036611,0.3958066999912262,0.549523115158081,0.0519185364246368
5518,0.0021617060992866,0.4454222619533539,0.5047295689582825,0.0476864725351333
5519,0.0001508372661191,0.066832959651947,0.6645241975784302,0.268492043018341
5520,0.0010222034761682,0.3017082810401916,0.6094675064086914,0.0878021195530891
5521,0.0021825996227562,0.4713102877140045,0.4939289093017578,0.0325781442224979
5522,0.0009386374731548,0.1654301434755325,0.577407956123352,0.2562232315540313
5523,0.0008729136898182,0.0749788731336593,0.3156728446483612,0.608475387096405
5524,0.0031230405438691,0.3391040563583374,0.5590880513191223,0.0986848995089531
5525,0.0024980846792459,0.1724141240119934,0.5742267370223999,0.2508610785007477
5526,0.0790218636393547,0.4765628576278686,0.3653934299945831,0.0790218636393547
5527,0.0578611642122268,0.4769546687602997,0.4016361236572265,0.063548058271408
5528,0.0001242410944541,0.0108397360891103,0.0866037979722023,0.9024322628974916
5529,0.0026430143043398,0.2067054957151413,0.5036693811416626,0.2869821488857269
5530,0.0007053068256936,0.2472135573625564,0.7153361439704895,0.0367450155317783
5531,0.0005034254281781,0.1557193398475647,0.6063335537910461,0.2374436259269714
5532,9.730047167977318e-05,0.0182547178119421,0.1932140439748764,0.7884339094161987
5533,0.0002364549727644,0.0391491055488586,0.298457533121109,0.6621569395065308
5534,0.0005024079000577,0.2026858031749725,0.696475088596344,0.1003367602825164
5535,0.0002148687926819,0.0471294149756431,0.3220711350440979,0.6305845975875854
5536,0.0002892126503866,0.556633472442627,0.4403333663940429,0.0027439733967185
5537,0.0003635220637079,0.1853896230459213,0.6888059973716736,0.1254408955574035
5538,0.0015858861152082,0.2176783382892608,0.5825374126434326,0.1981983780860901
5539,0.010252739302814,0.3140084445476532,0.4940046370029449,0.1817341744899749
5540,0.0010449897963553,0.2256549745798111,0.7171300649642944,0.056169968098402
5541,0.0143040940165519,0.4246098697185516,0.4663427174091339,0.0947432667016983
5542,0.2995170056819916,0.5339468121528625,0.160319909453392,0.006216277834028
5543,0.1119054108858108,0.6541122198104858,0.222550481557846,0.0114318570122122
5544,0.000365341635188,0.0428927429020404,0.1723155975341797,0.7844263315200806
5545,0.0029392405413091,0.596244752407074,0.3910268545150757,0.0097891660407185
5546,0.0071618962101638,0.4228002429008484,0.5020877122879028,0.0679501816630363
5547,0.0013414566637948,0.3778061270713806,0.585157573223114,0.0356948375701904
5548,0.0170289222151041,0.5551776885986328,0.3875764608383178,0.0402169376611709
5549,0.077601671218872,0.5471450686454773,0.3423946499824524,0.0328586138784885
5550,0.0007165577262639,0.1780970394611358,0.7043874859809875,0.116798885166645
5551,0.002822145121172,0.2790099382400512,0.5462749004364014,0.1718930155038833
5552,0.0029678759165108,0.5396773815155029,0.4336429536342621,0.0237117689102888
5553,0.0007724838214926,0.2750232815742492,0.6806892156600952,0.0435150042176246
5554,0.0032057506032288,0.4069524109363556,0.547614336013794,0.0422274842858314
5555,0.0010457829339429,0.0756423100829124,0.2899666130542755,0.6333453059196472
5556,0.0021983799524605,0.2350023984909057,0.6288989782333374,0.1339003145694732
5557,0.0019661400001496,0.3926612138748169,0.5451561212539673,0.0602165460586547
5558,0.0016425313660874,0.3033807575702667,0.642257034778595,0.0527196675539016
5559,0.0017896558856591,0.3687608540058136,0.5622931718826294,0.0671563446521759
5560,0.0021423294674605,0.3546987175941467,0.6033628582954407,0.039796095341444
5561,0.0002374831528868,0.0266047958284616,0.119234412908554,0.8539233207702637
5562,0.0051414063200354,0.3718819916248321,0.524437665939331,0.0985389202833175
5563,0.0175002180039882,0.3250855207443237,0.4374503791332245,0.219963863492012
5564,0.0048614074476063,0.3922710120677948,0.5036859512329102,0.0991816371679306
5565,0.005011118017137,0.3300218880176544,0.5526826977729797,0.1122843027114868
5566,0.0097485827282071,0.4771099388599396,0.4552614986896515,0.0578800030052661
5567,0.0082005178555846,0.4619457125663757,0.4841149449348449,0.0457388199865818
5568,0.035747867077589,0.4563981592655182,0.4220992624759674,0.085754670202732
5569,0.0049574002623558,0.3067034780979156,0.4604164361953735,0.2279226630926132
5570,0.0039059880655258,0.4731373488903045,0.4958436787128448,0.0271129310131073
5571,0.0013629703316837,0.3084443211555481,0.6134147644042969,0.0767778679728508
5572,0.000816868734546,0.2818776369094848,0.6553851366043091,0.0619203001260757
5573,0.001453002449125,0.5337257385253906,0.4494421482086181,0.0153790647163987
5574,0.0020990795455873,0.2542642056941986,0.5820165276527405,0.1616201549768448
5575,0.0014489005552604,0.3545342683792114,0.5937331914901733,0.0502836517989635
5576,0.0006720295059494,0.1451179683208465,0.6923191547393799,0.1618908047676086
5577,0.0004152518813498,0.1478399038314819,0.6943700313568115,0.157374769449234
5578,0.0004927623085677,0.3488952219486236,0.6219729781150818,0.0286390669643878
5579,0.0007037613540887,0.1749165505170822,0.7364261150360107,0.0879535600543022
5580,0.0002534183149691,0.0902231633663177,0.5526838898658752,0.3568395376205444
5581,0.0003652150044217,0.0614197179675102,0.5560487508773804,0.3821663558483124
5582,6.813340587541461e-05,0.006631541531533,0.0393732748925685,0.9539270997047424
5583,0.0003461286833044,0.0538353510200977,0.4507578611373901,0.4950606822967529
5584,0.0013209789758548,0.2852520048618316,0.5945162773132324,0.1189107373356819
5585,0.0007729374337941,0.3478661477565765,0.6398237943649292,0.0115370983257889
5586,0.001089368131943,0.2543529272079468,0.6495129466056824,0.0950447395443916
5587,0.0143207898363471,0.3415818512439728,0.4668870270252228,0.1772103309631347
5588,0.0003856811090372,0.0497311055660247,0.2525554001331329,0.6973277926445007
5589,0.1363724470138549,0.3375250399112701,0.3482392430305481,0.1778632253408432
5590,0.0003685119154397,0.0467805601656436,0.2865657210350036,0.6662852168083191
5591,0.0822634920477867,0.4112915992736816,0.368679404258728,0.1377654373645782
5592,0.0010163098340854,0.2372947931289672,0.6154958605766296,0.1461930871009826
5593,0.0001447398826712,0.0167296528816223,0.1514579206705093,0.8316676020622253
5594,0.0036617515143007,0.5350266695022583,0.436676025390625,0.0246355775743722
5595,0.004861757159233,0.5532305836677551,0.4176003634929657,0.0243072565644979
5596,0.0026443684473633,0.3803843855857849,0.5621716380119324,0.0547995641827583
5597,0.0032258576247841,0.252288669347763,0.5510490536689758,0.1934364289045334
5598,0.0005089761689305,0.0597560778260231,0.3547881841659546,0.5849468111991882
5599,0.0261057205498218,0.4774237275123596,0.4147929251194,0.081677570939064
5600,0.0013170331949368,0.29342782497406,0.6211866736412048,0.084068477153778
5601,0.0010586623102426,0.2981602847576141,0.6411452889442444,0.0596358031034469
5602,0.000764244410675,0.1188672557473182,0.6326278448104858,0.247740626335144
5603,0.0017397248884662,0.0864855200052261,0.3114463090896606,0.6003284454345703
5604,0.000104901875602,0.0187795795500278,0.1572394967079162,0.8238760828971863
5605,0.0003587656538002,0.0622503459453582,0.3996299803256988,0.5377609133720398
5606,0.001033726031892,0.8038557171821594,0.1939392238855362,0.0011713650310412
5607,0.0021141914185136,0.604814887046814,0.3844437003135681,0.008627220056951
5608,0.0001488142443122,0.0288055669516325,0.4102712869644165,0.5607743859291077
5609,0.0001230379421031,0.0245721209794282,0.2683353424072265,0.7069694399833679
5610,0.0030411891639232,0.4957137703895569,0.4804622530937195,0.0207827575504779
5611,0.0035313321277499,0.727635383605957,0.2635320723056793,0.0053011570125818
5612,0.3924442231655121,0.4177547097206116,0.1714461892843246,0.0183548610657453
5613,0.0286830626428127,0.7169862985610962,0.2439423203468322,0.0103883165866136
5614,0.0560322254896163,0.5316189527511597,0.3597114086151123,0.052637405693531
5615,0.223294973373413,0.6262462139129639,0.1419349163770675,0.0085238544270396
5616,0.0013804172631353,0.195490300655365,0.5745779275894165,0.2285513132810592
5617,0.0042519685812294,0.7977195382118225,0.1954895853996276,0.0025389664806425
5618,0.001979254418984,0.693738579750061,0.2983732521533966,0.0059089623391628
5619,0.00099668931216,0.4628064036369324,0.5244283676147461,0.0117685869336128
5620,0.0026877867057919,0.3255750238895416,0.5538218021392822,0.1179154589772224
5621,0.0033320996444672,0.4296528995037079,0.5264217257499695,0.040593285113573
5622,0.0031763582956045,0.2996485531330108,0.5511380434036255,0.1460370570421219
5623,0.0012865773169323,0.2957414388656616,0.6359440088272095,0.0670280009508133
5624,0.0055733928456902,0.3557591438293457,0.5176265239715576,0.1210409551858902
5625,0.0022850560490041,0.4782533347606659,0.5012052059173584,0.0182563979178667
5626,0.0021785281132906,0.5414628386497498,0.4419291317462921,0.0144294966012239
5627,0.0005828011780977,0.4191445410251617,0.5640206336975098,0.0162519980221986
5628,0.0104664880782365,0.3520606756210327,0.473749428987503,0.163723424077034
5629,0.0021312383469194,0.2791371345520019,0.5909333229064941,0.1277982890605926
5630,0.001998346298933,0.2700399458408355,0.5716745853424072,0.156287133693695
5631,0.0005645689670927,0.1318193227052688,0.6095263957977295,0.2580897212028503
5632,0.0004387798544485,0.0523259565234184,0.2135225683450698,0.7337127327919006
5633,0.0009627947001717,0.2507822215557098,0.6403948664665222,0.1078600957989692
5634,0.0031481245532631,0.4896456301212311,0.4820544123649597,0.0251518618315458
5635,0.006882719695568,0.3368503749370575,0.513635516166687,0.1426314264535904
5636,0.0015775744104757,0.3353797495365143,0.6265718340873718,0.0364708490669727
5637,0.0484384484589099,0.438525915145874,0.4055701792240143,0.1074654012918472
5638,0.0067471354268491,0.3983149528503418,0.5114465355873108,0.0834913551807403
5639,0.0052174972370266,0.3715348541736603,0.5321991443634033,0.0910485386848449
5640,0.0019389271037653,0.3471075892448425,0.5722836256027222,0.0786698311567306
5641,0.0085356710478663,0.5363993644714355,0.4243268370628357,0.0307381320744752
5642,0.0005315968883223,0.2282930761575698,0.7255139350891113,0.0456614904105663
5643,0.0035320301540195,0.5939961671829224,0.3895522058010101,0.0129196299239993
5644,0.0156412478536367,0.3141629099845886,0.4097456634044647,0.2604501843452453
5645,0.002193214604631,0.291778028011322,0.598689615726471,0.1073391437530517
5646,0.0044110277667641,0.3343648612499237,0.5343134999275208,0.1269105970859527
5647,0.0002536764659453,0.0302517637610435,0.2132956832647323,0.7561988830566406
5648,0.0005652900435961,0.067412719130516,0.5059605240821838,0.4260615110397339
5649,0.0008029780001379,0.57749342918396,0.4159529209136963,0.0057507022283971
5650,0.0010803148616105,0.1268337815999984,0.4224210083484649,0.449664831161499
5651,0.0005684599163942,0.1961589902639389,0.7288190126419067,0.0744535475969314
5652,0.0044637620449066,0.4624862968921661,0.5000669360160828,0.0329829901456832
5653,0.0015534920385107,0.3407435715198517,0.6170069575309753,0.040696021169424
5654,0.0016659654211252,0.3486801087856293,0.6024651527404785,0.0471887178719043
5655,0.00222904747352,0.158729150891304,0.4813401699066162,0.3577016294002533
5656,0.0002141719596693,0.2620142698287964,0.7234445810317993,0.014327042736113
5657,0.0015749521553516,0.3001327514648437,0.6353810429573059,0.0629112422466278
5658,0.0264206286519765,0.8219216465950012,0.1496830582618713,0.001974657876417
5659,0.0026526865549385,0.7241132855415344,0.2705813944339752,0.0026526865549385
5660,0.0014715109718963,0.2634305655956268,0.6319370269775391,0.1031608879566192
5661,0.0022317972034215,0.5997765064239502,0.3812411427497864,0.0167505666613578
5662,0.02346215210855,0.8142468333244324,0.1603347063064575,0.0019562190864235
5663,0.5082628130912781,0.4213646650314331,0.0666695684194564,0.0037029269151389
5664,0.00360481091775,0.3677007257938385,0.560676634311676,0.0680177956819534
5665,0.0020386802498251,0.4613595902919769,0.5146837830543518,0.0219178814440965
5666,0.0001975670456886,0.0175086967647075,0.1253923624753952,0.8569012880325317
5667,0.000800228852313,0.0687356144189834,0.3178302645683288,0.6126338839530945
5668,0.0003016701666638,0.0354174338281154,0.2070228308439254,0.7572580575942993
5669,0.0014024097472429,0.1030348166823387,0.433792769908905,0.4617699980735779
5670,0.0002669963869266,0.028990838676691,0.174837127327919,0.7959049940109253
5671,0.0002866861177608,0.0393504612147808,0.2061816602945327,0.7541812062263489
5672,0.0004231760685797,0.0296669341623783,0.1554436236619949,0.8144662976264954
5673,0.7790839672088623,0.1510322988033294,0.060076504945755,0.0098072197288274
5674,0.0008607631898485,0.0799430236220359,0.5132120251655579,0.4059841632843017
5675,0.0019274892983958,0.5344393253326416,0.4500430822372436,0.0135901235044002
5676,0.0008101541316136,0.1669332981109619,0.7138831615447998,0.1183734238147735
5677,0.027286559343338,0.848859965801239,0.1222898736596107,0.0015636443858966
5678,0.0014186825137585,0.1469884216785431,0.609250009059906,0.2423429042100906
5679,0.0042826714925467,0.4723414182662964,0.4950095415115356,0.0283663067966699
5680,0.0003053977852687,0.0619519986212253,0.6557206511497498,0.2820219397544861
5681,0.0073656416498124,0.7513158321380615,0.2364120036363601,0.00490657472983
5682,0.0009706710698083,0.1087424606084823,0.3795484900474548,0.5107383131980896
5683,0.0002306891692569,0.0691612660884857,0.4653040170669555,0.4653040170669555
5684,0.0002183018659707,0.0277122240513563,0.2112671732902526,0.7608023285865784
5685,0.0015440415591001,0.2256033569574356,0.5943856835365295,0.1784669309854507
5686,0.0006121633923612,0.1130684986710548,0.6506643295288086,0.2356550097465515
5687,0.001105474657379,0.2621782720088959,0.6488974690437317,0.0878187268972396
5688,0.0004157888470217,0.0843455642461776,0.663429319858551,0.2518093585968017
5689,0.002129684202373,0.246158018708229,0.6092469692230225,0.1424653381109237
5690,0.0010884951334446,0.3584076762199402,0.6096720099449158,0.0308317840099334
5691,0.0208914726972579,0.759827196598053,0.214319109916687,0.0049621597863733
5692,0.0005801888764835,0.4511719346046448,0.5274733901023865,0.0207744408398866
5693,0.0023964075371623,0.4093603193759918,0.542314350605011,0.045928955078125
5694,0.0222558863461017,0.5392107367515564,0.3883789479732513,0.050154410302639
5695,0.0026992661878466,0.5649458765983582,0.4133232235908508,0.0190316792577505
5696,0.0007452657446265,0.265332967042923,0.6567054390907288,0.0772162973880767
5697,0.0003876471891999,0.21712327003479,0.7231309413909912,0.0593582019209861
5698,0.0001605183933861,0.012751555070281,0.0647577345371246,0.92233008146286
5699,0.0004046531103085,0.026649622246623,0.1175836399197578,0.8553621172904968
5700,0.0068315183743834,0.350390076637268,0.5178429484367371,0.1249354258179664
5701,0.0010461735073477,0.1067126020789146,0.4635384082794189,0.4287029206752777
5702,0.0314236022531986,0.574677586555481,0.3652873039245605,0.0286115128546953
5703,0.0002261282643303,0.1066547706723213,0.6332384943962097,0.2598805427551269
5704,0.0002603425236884,0.01853883638978,0.1017982363700866,0.8794025778770447
5705,0.0002434330526739,0.0226087421178817,0.204682856798172,0.7724649906158447
5706,0.0025067969691008,0.4418104290962219,0.5246628522872925,0.0310199595987796
5707,0.0020629575010389,0.3523995876312256,0.5631328821182251,0.0824045464396476
5708,0.0338460281491279,0.5212327241897583,0.3873472511768341,0.057574026286602
5709,0.0008693216950632,0.0900696292519569,0.4296981692314148,0.4793629348278045
5710,0.0274434424936771,0.3671892285346985,0.4498896300792694,0.1554777026176452
5711,0.0013478033943101,0.2196919173002243,0.6457104086875916,0.1332498639822006
5712,0.0086292177438735,0.5955759286880493,0.37270188331604,0.023092983290553
5713,0.0029993096832185,0.3307977318763733,0.5989973545074463,0.0672056376934051
5714,0.0025466093793511,0.2557339966297149,0.5329954028129578,0.2087239921092987
5715,0.0003318385279271,0.049249205738306,0.3016879558563232,0.6487310528755188
5716,0.0014505687868222,0.1134464293718338,0.3605320155620575,0.5245710015296936
5717,0.000454630528111,0.0366845168173313,0.2144292593002319,0.7484316229820251
5718,0.0064910561777651,0.2116217017173767,0.4274876117706299,0.3543996810913086
5719,0.0015200593043118,0.1756949722766876,0.5671502947807312,0.2556346952915191
5720,0.0060465987771749,0.1971314698457718,0.4108572900295257,0.3859646916389465
5721,0.0001303059107158,0.0155394133180379,0.095190443098545,0.8891398906707764
5722,0.0014402949018403,0.2171249240636825,0.6687918305397034,0.1126429289579391
5723,0.0014129665214568,0.1176326349377632,0.3857025504112243,0.49525186419487
5724,0.0055594090372323,0.2720856070518493,0.5411068797111511,0.1812480986118316
5725,0.0032298881560564,0.2127137780189514,0.479357898235321,0.3046984076499939
5726,0.0033391020260751,0.1487961113452911,0.4305557906627655,0.4173089861869812
5727,0.0023677498102188,0.1252973973751068,0.3920208811759949,0.4803139865398407
5728,0.0023418799974024,0.2175011485815048,0.5136690139770508,0.2664879560470581
5729,0.0023738560266792,0.1771533340215683,0.5046628713607788,0.315809965133667
5730,0.0036691953428089,0.261281281709671,0.5115638971328735,0.2234857082366943
5731,0.0011619734577834,0.5925852060317993,0.4009632468223572,0.005289610940963
5732,0.0020205713808536,0.2952302098274231,0.587135374546051,0.1156138032674789
5733,0.0031137343030422,0.6619551181793213,0.3276915252208709,0.0072396486066281
5734,0.0077788750641047,0.4116452038288116,0.4812619686126709,0.0993140190839767
5735,0.0029135183431208,0.6909803748130798,0.3018669784069061,0.0042391438037157
5736,0.0001739523431751,0.0207443963736295,0.1374006569385528,0.8416810035705566
5737,0.0002747096004895,0.0211514681577682,0.1336814016103744,0.8448923826217651
5738,0.0016751699149608,0.2861567139625549,0.5871554613113403,0.12501260638237
5739,0.0001172271731775,0.0069204680621623,0.0430606007575988,0.9499016404151917
5740,0.0021105655469,0.1411864012479782,0.4149698913097381,0.4417331516742706
5741,0.0018892894731834,0.2760482728481293,0.6220844388008118,0.0999780669808387
5742,5.772573422291316e-05,0.0035159960389137,0.0215380862355232,0.9748882055282592
5743,0.0001575613423483,0.0206364654004573,0.1548852622509002,0.8243206739425659
5744,6.874904647702351e-05,0.0054614134132862,0.0319231897592544,0.962546706199646
5745,0.0009932895191013,0.0789067596197128,0.2797487676143646,0.6403512954711914
5746,0.0005896647926419,0.3742499649524688,0.5980497598648071,0.0271105766296386
5747,0.0004356362333055,0.1900290995836258,0.7515797019004822,0.0579556040465831
5748,0.0021142612677067,0.3726279437541961,0.5771374702453613,0.0481203645467758
5749,0.0006600976339541,0.2041811347007751,0.7126621603965759,0.0824966356158256
5750,0.0007481236825697,0.2541534006595611,0.6192833781242371,0.125815063714981
5751,0.0004259621491655,0.2348848134279251,0.7122793793678284,0.0524098835885524
5752,0.0002570041688159,0.1331314593553543,0.7661186456680298,0.1004928946495056
5753,0.0005273384740576,0.2566176950931549,0.6975591778755188,0.0452957116067409
5754,0.0008507304592058,0.1955546736717224,0.6512964963912964,0.1522981375455856
5755,0.0003370780614204,0.0584872774779796,0.2924180030822754,0.6487576961517334
5756,0.004616365302354,0.3843227326869964,0.5253068804740906,0.0857539921998977
5757,0.0004613642231561,0.0408868119120597,0.210910215973854,0.74774169921875
5758,0.0001859703479567,0.0507649928331375,0.6380757093429565,0.3109732568264007
5759,0.0008485754951834,0.1060519218444824,0.4395729601383209,0.4535265266895294
5760,0.0003896813723258,0.1168275848031044,0.6315639615058899,0.2512187957763672
5761,0.0007209469331428,0.1290642470121383,0.5025450587272644,0.3676697909832001
5762,0.0022667085286229,0.5997145771980286,0.3872048258781433,0.0108138611540198
5763,0.0022159325890243,0.2642573118209839,0.6144166588783264,0.1191100999712944
5764,0.0001283342426177,0.0304362047463655,0.2320337295532226,0.7374017238616943
5765,0.0004218232643324,0.0869172215461731,0.557984471321106,0.3546764850616455
5766,0.0001122340836445,0.0158942341804504,0.0886509269475936,0.8953425884246826
5767,0.0001178646634798,0.0221128016710281,0.3005252480506897,0.6772440671920776
5768,0.000151456290041,0.0506551936268806,0.5115993022918701,0.4375941157341003
5769,0.0006258222856558,0.1372681260108947,0.6056553721427917,0.2564506232738495
5770,0.0011073283385485,0.3167776763439178,0.639908492565155,0.0422065407037735
5771,0.0034133878070861,0.4470655918121338,0.5226725935935974,0.0268483757972717
5772,0.0003352727508172,0.0648978352546691,0.3913840353488922,0.5433828830718994
5773,0.001645469572395,0.2945726811885834,0.6139422059059143,0.0898395925760269
5774,0.0005142465233802,0.2425474971532821,0.7241130471229553,0.0328252352774143
5775,0.0020746665541082,0.3599807024002075,0.6028542518615723,0.0350903235375881
5776,0.0006902177701704,0.2168599516153335,0.689179539680481,0.0932703092694282
5777,0.001441357540898,0.2833932340145111,0.6287353038787842,0.086430050432682
5778,0.001023550867103,0.0950618609786033,0.3215900957584381,0.5823245048522949
5779,0.1092080250382423,0.5375407338142395,0.3062814474105835,0.0469697825610637
5780,0.0012702353997156,0.1091068014502525,0.3691035211086273,0.5205194354057312
5781,0.0022769821807742,0.8765344023704529,0.1204941272735595,0.000694440328516
5782,0.0082530602812767,0.3914896845817566,0.4948892891407013,0.1053680032491684
5783,0.0022197300568223,0.9096051454544068,0.0872921645641326,0.0008829475846141
5784,0.0013459004694595,0.1174265891313552,0.3790576457977295,0.5021697878837585
5785,0.0022282029967755,0.3689165711402893,0.5713891386985779,0.0574661195278167
5786,0.0020452621392905,0.2119077444076538,0.5496468544006348,0.2364001721143722
5787,0.0247001983225345,0.3744885921478271,0.4733979105949402,0.1274133175611496
5788,0.0004006439994554,0.1494845300912857,0.7473756670951843,0.102739118039608
5789,0.0030182795599102,0.4410075843334198,0.5155900716781616,0.0403841361403465
5790,0.0007369141094386,0.5468043088912964,0.4462886750698089,0.0061701056547462
5791,0.8493006825447083,0.1242801398038864,0.0244722124189138,0.0019469971302896
5792,0.0009109228267334,0.0914761051535606,0.4502612054347992,0.4573517739772796
5793,0.0013458748580887,0.2299057096242904,0.6057208180427551,0.1630275547504425
5794,9.259577200282364e-05,0.0129098193719983,0.1097948178648948,0.8772028088569641
5795,0.0014324573567137,0.3344597220420837,0.6151655912399292,0.0489422716200351
5796,7.198067760327831e-05,0.0067904507741332,0.0464043132960796,0.946733295917511
5797,0.0012798325624316,0.1990595906972885,0.5942821502685547,0.2053784281015396
5798,0.0006995467701926,0.2064745873212814,0.6770041584968567,0.115821748971939
5799,0.0011273286072537,0.4140971601009369,0.5660037398338318,0.018771706148982
5800,0.0003708511940203,0.0788400098681449,0.5141014456748962,0.4066877365112304
5801,0.000490327947773,0.0864178389310836,0.5377098917961121,0.3753819763660431
5802,0.0028218508232384,0.3471972048282623,0.5635567307472229,0.0864242240786552
5803,0.0022040058393031,0.4834275841712951,0.49104043841362,0.0233279336243867
5804,0.0053446479141712,0.4380554854869842,0.4963819086551666,0.0602179579436779
5805,0.0016839060699567,0.2787990570068359,0.6185426712036133,0.1009743213653564
5806,0.0152661874890327,0.4749171435832977,0.4392265677452087,0.0705901309847831
5807,0.0078923432156443,0.7681753039360046,0.2200859189033508,0.0038464206736534
5808,0.0013663236750289,0.1506935954093933,0.486444890499115,0.3614951372146606
5809,0.0016060295747593,0.2459221631288528,0.5807904601097107,0.1716813296079635
5810,0.0095478380098938,0.3527253270149231,0.497422456741333,0.1403044462203979
5811,0.0024370767641812,0.1211524009704589,0.3972434401512146,0.4791670441627502
5812,0.0001111206947825,0.0178318582475185,0.1493043303489685,0.8327526450157166
5813,5.9005549701396376e-05,0.0044727404601871,0.0296252276748418,0.9658429622650146
5814,0.0055463691242039,0.2321812808513641,0.5151166915893555,0.2471556663513183
5815,0.0021705597173422,0.1222704201936721,0.3766193985939026,0.4989396333694458
5816,8.038886153372005e-05,0.0115636941045522,0.0697380006313324,0.9186179637908936
5817,0.0007315709372051,0.1394127458333969,0.5600711703300476,0.2997845113277435
5818,0.0169686414301395,0.7444286346435547,0.2342448532581329,0.0043579069897532
5819,0.0316748358309268,0.5792722105979919,0.3568792641162872,0.03217364102602
5820,0.0044337762519717,0.4248566031455993,0.5045296549797058,0.0661798864603042
5821,0.0094554414972662,0.383644163608551,0.5003662705421448,0.1065341308712959
5822,0.0044802618212997,0.5687445402145386,0.4033002555370331,0.0234748926013708
5823,0.0067017199471592,0.3033429980278015,0.5001280903816223,0.1898272037506103
5824,0.8630548119544983,0.1063492223620414,0.0264724139124155,0.0041236067190766
5825,0.5151912569999695,0.3596614301204681,0.1114179193973541,0.0137293813750147
5826,0.0058797118254005,0.3260767757892608,0.5210691690444946,0.1469743102788925
5827,0.0021478692069649,0.2813153564929962,0.5955445766448975,0.1209922209382057
5828,0.0020035826601088,0.1668027341365814,0.5384458303451538,0.2927479147911072
5829,0.0009350944892503,0.1387803256511688,0.5842869877815247,0.2759976387023926
5830,0.0020324063953012,0.1257405281066894,0.4122872948646545,0.4599397182464599
5831,0.0005927495658397,0.0463579036295414,0.2391322553157806,0.7139170169830322
5832,0.0008983847801573,0.0649808868765831,0.2570043802261352,0.6771163940429688
5833,0.0011755058076232,0.0905089378356933,0.3362814784049988,0.5720340609550476
5834,0.0037769773043692,0.3144418001174927,0.5605531334877014,0.1212281212210655
5835,0.0006998205790296,0.2611105144023895,0.698767900466919,0.0394217893481254
5836,0.0017660812009125,0.1402972042560577,0.505229651927948,0.3527071177959442
5837,0.0063927243463695,0.3893721103668213,0.5322086215019226,0.07202660292387
5838,0.0097002973780035,0.5214073061943054,0.445983350276947,0.0229090396314859
5839,0.0008765019010752,0.2078742831945419,0.7032296657562256,0.0880195200443267
5840,0.0108210425823926,0.3755410015583038,0.4897978007793426,0.1238402724266052
5841,0.0019381757592782,0.3469731211662292,0.5995157361030579,0.0515729449689388
5842,0.0020184160675853,0.3394453525543213,0.5957452058792114,0.0627910792827606
5843,0.0023974664509296,0.2027375996112823,0.5425539016723633,0.2523110210895538
5844,0.00194173946511,0.6393545866012573,0.3530851006507873,0.0056186090223491
5845,0.001472538919188,0.2677659094333648,0.6225743293762207,0.1081871911883354
5846,0.1470505595207214,0.418908029794693,0.3313835263252258,0.1026578322052955
5847,0.0969624444842338,0.5080468654632568,0.3229342401027679,0.0720563679933548
5848,0.0010906214592978,0.7368414402008057,0.2586556673049927,0.0034122529905289
5849,0.0021556972060352,0.2304396778345108,0.579325258731842,0.188079372048378
5850,0.0018653039587661,0.2641584277153015,0.6238587498664856,0.110117606818676
5851,0.0025888418313115,0.2767419815063476,0.5678377151489258,0.1528314501047134
5852,0.0008005349664017,0.2635913491249084,0.6837038993835449,0.0519042126834392
5853,0.0023595446255058,0.2562026083469391,0.5256935954093933,0.215744212269783
5854,0.0020253411494195,0.4108540713787079,0.5528646111488342,0.0342560485005378
5855,0.0106991799548268,0.3952593803405761,0.4842818975448608,0.1097595617175102
5856,0.002900700783357,0.3682280480861664,0.5357686281204224,0.0931026190519332
5857,0.0004762521712109,0.1543838828802108,0.6499804258346558,0.1951594948768615
5858,0.0020354138687253,0.3759473860263824,0.5643638372421265,0.0576533935964107
5859,0.0009275482152588,0.2914269864559173,0.6465590000152588,0.0610864162445068
5860,0.0003036388370674,0.0334887206554412,0.1548502743244171,0.8113573789596558
5861,0.0001846886589191,0.0274102296680212,0.3287479281425476,0.6436571478843689
5862,0.0145068923011422,0.5359274744987488,0.4173807501792907,0.0321849472820758
5863,0.0034661653917282,0.3480770885944366,0.556225597858429,0.09223123639822
5864,0.0013576378114521,0.2430448979139328,0.547710120677948,0.2078873217105865
5865,0.000819583015982,0.1073441877961158,0.6177231669425964,0.2741129994392395
5866,1.1032259862986392e-05,0.0011610424844548,0.0226026773452758,0.9762252569198608
5867,0.0001194909054902,0.0164012908935546,0.1290061324834823,0.8544730544090271
5868,0.0012010098434984,0.2324761748313903,0.6418873071670532,0.1244355216622352
5869,0.003768972819671,0.3784854114055633,0.5093078017234802,0.1084378808736801
5870,1.5938376236590557e-05,0.0018422256689518,0.0288172587752342,0.96932452917099
5871,0.0005891193286515,0.0573400035500526,0.3351651430130005,0.6069057583808899
5872,1.8614089640323076e-05,0.0015019864076748,0.0149343432858586,0.9835451245307922
5873,7.706657925155014e-05,0.007046558894217,0.0554254800081253,0.93745094537735
5874,0.0002983051526825,0.0675073638558387,0.4988157153129577,0.4333786070346832
5875,0.0025030651595443,0.3128241002559662,0.5936357975006104,0.0910369977355003
5876,0.0006285153212957,0.1179168969392776,0.6576876044273376,0.2237669378519058
5877,0.0037479768507182,0.3535734415054321,0.5650087594985962,0.0776697769761085
5878,0.0004249167104717,0.072585329413414,0.4309589862823486,0.4960307478904724
5879,0.0035247227642685,0.275662362575531,0.5313531160354614,0.1894598007202148
5880,0.0004777207795996,0.1622918397188186,0.7387955188751221,0.0984349772334098
5881,0.0049740076065063,0.3077309727668762,0.5485897660255432,0.1387052088975906
5882,0.0017031205352395,0.3195255100727081,0.6063528656959534,0.07241852581501
5883,0.0004968542489223,0.3009040653705597,0.6572348475456238,0.0413642302155494
5884,0.0006544836214743,0.2258432805538177,0.7290310263633728,0.0444711744785308
5885,0.0006598512409254,0.1162954717874527,0.3934224843978882,0.4896222054958343
5886,0.0007155014318414,0.1474299728870391,0.6924446821212769,0.1594098210334777
5887,0.0004718186683021,0.0562659464776515,0.2684298157691955,0.6748324632644653
5888,0.0004333006218075,0.1220342218875885,0.7133174538612366,0.1642149984836578
5889,0.0026976568624377,0.394160658121109,0.5472378730773926,0.0559038668870925
5890,0.0023260773159563,0.3345991671085357,0.5872398614883423,0.0758348777890205
5891,0.0027352892793715,0.2746814787387848,0.563609778881073,0.1589734405279159
5892,0.0114825693890452,0.3743552267551422,0.4806816577911377,0.1334804743528366
5893,0.0044828001409769,0.2193948179483413,0.4944138526916504,0.2817085087299347
5894,0.0017758819740265,0.2399780005216598,0.6033046245574951,0.154941439628601
5895,0.001582974451594,0.7013840675354004,0.2923803627490997,0.0046526202932
5896,0.0117166163399815,0.3267296254634857,0.4753887951374054,0.186164915561676
5897,0.0130553562194108,0.4256312847137451,0.460217148065567,0.101096287369728
5898,0.0004039606137666,0.0638197064399719,0.4097048640251159,0.5260714292526245
5899,0.0005306603852659,0.2972257435321808,0.6594241261482239,0.0428194291889667
5900,0.0009416835964657,0.058259904384613,0.2198705524206161,0.7209278345108032
5901,0.0002383273676969,0.0565225705504417,0.3985228836536407,0.5447162389755249
5902,0.0009677925263531,0.3088598251342773,0.6538562178611755,0.0363161489367485
5903,0.0115378256887197,0.5061742067337036,0.4537315964698791,0.0285563953220844
5904,0.0007214088109321,0.0546842440962791,0.2129272520542144,0.7316671013832092
5905,0.0006475375266745,0.160942405462265,0.667087733745575,0.171322301030159
5906,0.8561383485794067,0.0991052091121673,0.0394213311374187,0.0053350967355072
5907,0.0886324942111969,0.5345223546028137,0.2998398542404175,0.0770052522420883
5908,0.8561383485794067,0.0991052091121673,0.0394213311374187,0.0053350967355072
5909,0.1340256035327911,0.5137726068496704,0.2793333232402801,0.0728684514760971
5910,0.0031042608898133,0.3532409965991974,0.5557261109352112,0.0879286453127861
5911,0.001948680030182,0.2937641739845276,0.6027649641036987,0.10152218490839
5912,0.0031042608898133,0.3532409965991974,0.5557261109352112,0.0879286453127861
5913,0.0013976595364511,0.2278184592723846,0.6389326453208923,0.1318511962890625
5914,0.0001088758435798,0.024256944656372,0.3096919059753418,0.6659422516822815
5915,0.0001746786874718,0.0205080583691597,0.1976391673088073,0.7816780805587769
5916,0.0003069824015256,0.0541041046380996,0.4322634041309356,0.5133255124092102
5917,0.0006899704458191,0.0810056179761886,0.4734960198402405,0.4448083639144897
5918,0.0004711700312327,0.0335517413914203,0.2023429125547409,0.7636341452598572
5919,0.0018338651861995,0.2897231876850128,0.6427789330482483,0.0656640008091926
5920,0.0001440392952645,0.0114424582570791,0.0794264003634452,0.908987045288086
5921,0.0193091612309217,0.4463951587677002,0.4463951587677002,0.0879004150629043
5922,0.0016048031393438,0.7110558748245239,0.2828384935855865,0.004500781185925
5923,0.0056348168291151,0.5930120348930359,0.3828773498535156,0.018475854769349
5924,0.0019014270510524,0.3567301630973816,0.5974106192588806,0.0439577810466289
5925,0.0065380167216062,0.8299652338027954,0.1608960926532745,0.0026006433181464
5926,0.000897164165508,0.464742511510849,0.5184577703475952,0.0159026142209768
5927,0.0010153860785067,0.1875450164079666,0.5342659950256348,0.2771735489368438
5928,0.0011054943315684,0.1859155595302581,0.6489090323448181,0.1640698909759521
5929,0.0016415745485574,0.1957632303237915,0.5664596557617188,0.2361355125904083
5930,0.0615688264369964,0.8237817883491516,0.1114867404103279,0.0031626354902982
5931,0.0332263335585594,0.6172151565551758,0.3252495527267456,0.024308905005455
5932,0.0026066554710268,0.2743262052536011,0.5807485580444336,0.1423185616731643
5933,0.0064139305613934,0.5423829555511475,0.4358169436454773,0.0153862200677394
5934,0.001726436545141,0.2058833092451095,0.5865069031715393,0.2058833092451095
5935,0.0028856901917606,0.2120111882686615,0.508588433265686,0.2765147089958191
5936,0.002218090230599,0.5260501503944397,0.4570402801036834,0.0146915363147854
5937,0.0076235951855778,0.37310990691185,0.4942903220653534,0.1249761655926704
5938,0.0013364605838432,0.2247580885887146,0.6710036993026733,0.1029017567634582
5939,0.000972063106019,0.0946125835180282,0.3683986067771911,0.5360167622566223
5940,0.002290500793606,0.2606413960456848,0.6060093641281128,0.1310587227344513
5941,0.0001182682317448,0.0086891483515501,0.0477128103375434,0.9434797763824464
5942,0.000328435038682,0.0373733825981617,0.2894069254398346,0.6728912591934204
5943,0.0002765751851256,0.0200049057602882,0.0882657766342163,0.8914527893066406
5944,0.0006462296587415,0.1156883090734481,0.6868730783462524,0.1967924386262893
5945,0.0002949740737676,0.0451676994562149,0.2024275958538055,0.7521097660064697
5946,5.39567627129145e-05,0.006743321660906,0.0530403405427932,0.940162479877472
5947,0.0006215639295987,0.0801466852426529,0.388379693031311,0.5308521389961243
5948,0.0017661362653598,0.2242012917995453,0.5463005900382996,0.2277319580316543
5949,0.0002195070119341,0.0320726595818996,0.2027054578065872,0.7650023698806763
5950,0.0006587686366401,0.0704210400581359,0.3205752670764923,0.6083449125289917
5951,0.0002361666993238,0.0304521825164556,0.2081028819084167,0.7612087726593018
5952,0.0021212203428149,0.2064620405435562,0.5881555676460266,0.2032611519098281
5953,0.0001550665037939,0.0173718091100454,0.1454523801803589,0.8370206952095032
5954,0.0004555948544293,0.0403755232691764,0.2434955686330795,0.7156732678413391
5955,0.0075843753293156,0.3770358264446258,0.5073571801185608,0.1080225706100463
5956,0.0020323446951806,0.8328180313110352,0.1639915853738784,0.0011579951969906
5957,0.0073163867928087,0.4818421602249145,0.4456311464309692,0.0652102455496788
5958,0.0009303458500653,0.0786730796098709,0.301584780216217,0.6188117861747742
5959,0.0039344783872365,0.2890655100345611,0.5316728949546814,0.1753271222114563
5960,0.0002715843147598,0.0449653565883636,0.4401618242263794,0.5146012902259827
5961,0.002431342145428,0.3901644945144653,0.5416896939277649,0.065714418888092
5962,0.0027393570635467,0.7135290503501892,0.2794219851493835,0.0043096132576465
5963,0.0014648581854999,0.4674925208091736,0.5054799318313599,0.0255626756697893
5964,0.0018240966601297,0.3316929936408996,0.5913066864013672,0.0751762092113494
5965,0.0104897199198603,0.4256088137626648,0.4674398303031921,0.0964616537094116
5966,0.0988745689392089,0.5180656909942627,0.329302579164505,0.0537571758031845
5967,0.0029038563370704,0.3056038320064544,0.5620914697647095,0.1294008195400238
5968,0.0051184468902647,0.3879886567592621,0.5916120409965515,0.0152808614075183
5969,0.0039619705639779,0.5029503703117371,0.4651530385017395,0.0279346127063035
5970,0.0074335043318569,0.5998156070709229,0.3638065755367279,0.0289442706853151
5971,0.0040007852949202,0.4080912172794342,0.5158756375312805,0.0720323771238327
5972,0.0030574158299714,0.6011353135108948,0.3821048438549042,0.0137023879215121
5973,0.001760757761076,0.5446369051933289,0.4445196986198425,0.0090826796367764
5974,0.0013886088272556,0.3616954088211059,0.5963349342346191,0.0405810996890068
5975,0.000196185108507,0.0340405851602554,0.3717339932918548,0.5940291881561279
5976,0.0002269972028443,0.5522812604904175,0.4437704682350158,0.00372124183923
5977,0.0017634248360991,0.3990684151649475,0.5370052456855774,0.06216287240386
5978,8.30819335533306e-05,0.0068095219321548,0.0437152534723281,0.9493921399116516
5979,4.672550858231261e-05,0.0042723328806459,0.0438285320997238,0.951852321624756
5980,4.108756547793746e-05,0.0026226893533021,0.018782963976264,0.978553295135498
5981,3.0728049750905484e-05,0.0025185176637023,0.0279361233115196,0.9695146083831788
5982,0.000107815641968,0.0059792338870465,0.034408114850521,0.9595049023628236
5983,0.0001130938690039,0.0065729515627026,0.0478149279952049,0.9454991221427916
5984,0.0002550096833147,0.0323720835149288,0.195228636264801,0.7721441984176636
5985,3.891221422236413e-05,0.0028588746208697,0.0258821360766887,0.9712200164794922
5986,0.0025878169108182,0.6137357950210571,0.3781116604804992,0.0055646803230047
5987,9.10924791241996e-05,0.0112079121172428,0.0983463004231453,0.8903547525405884
5988,0.5322526097297668,0.4080922603607178,0.0578797906637191,0.0017753422725945
5989,0.0002839290245901,0.1026775985956192,0.5550698637962341,0.3419686257839203
5990,0.0155088501051068,0.3475073277950287,0.4676222503185272,0.1693615466356277
5991,0.0011183702154085,0.1766857057809829,0.5442302823066711,0.2779656648635864
5992,0.0015551235992461,0.1825784742832183,0.5623812675476074,0.2534851133823395
5993,0.0001429313851986,0.0152790769934654,0.0965667441487312,0.8880112171173096
5994,0.0073736552149057,0.3608774840831756,0.5250736474990845,0.1066751852631568
5995,0.002902551786974,0.7327762246131897,0.261279433965683,0.0030418483074754
5996,0.0020607691258192,0.6892328858375549,0.3058452308177948,0.0028610944282263
5997,0.0364092774689197,0.57850581407547,0.3508815169334411,0.0342033505439758
5998,0.0098534831777215,0.412485122680664,0.489838182926178,0.0878231525421142
5999,0.0209905747324228,0.5329611301422119,0.4023001790046692,0.0437481142580509
6000,0.0002557252882979,0.6319741606712341,0.3657585978507995,0.0020114353392273
6001,0.0005338627379387,0.6531184315681458,0.3441692292690277,0.0021784931886941
6002,0.0004355341952759,0.2896919548511505,0.6841608881950378,0.0257116239517927
6003,0.0001493078307248,0.0531572736799716,0.3927820324897766,0.5539114475250244
6004,0.0001582205004524,0.5180047154426575,0.4790760278701782,0.0027610452380031
6005,0.0004375573480501,0.645695149898529,0.3510583639144897,0.0028089971747249
6006,0.0001315032714046,0.6362881064414978,0.3625460267066955,0.0010343533940613
6007,0.0001513410534244,0.4582457840442657,0.5357435941696167,0.0058593023568391
6008,0.0003216904588043,0.3583317995071411,0.6288919448852539,0.012454530224204
6009,0.0003413018712308,0.6672315001487732,0.3303035497665405,0.0021236517932265
6010,0.000241285044467,0.551476240158081,0.4431236088275909,0.0051589016802608
6011,0.0007108601275831,0.5192940831184387,0.4654921889305115,0.0145028531551361
6012,0.0001196633165818,0.0505924224853515,0.4302760064601898,0.519011914730072
6013,0.0011134846135973,0.1576881557703018,0.6044804453849792,0.236717939376831
6014,0.0005915582296438,0.2241924405097961,0.669314980506897,0.1059010177850723
6015,0.0009749709861353,0.2348689138889312,0.6384398341178894,0.1257162541151046
6016,0.0002328569535166,0.0709105357527732,0.4210152626037597,0.5078413486480713
6017,0.0001455608580727,0.1386862248182296,0.74973064661026,0.1114375069737434
6018,7.755396654829383e-05,0.2040201723575592,0.7699640393257141,0.0259382519870996
6019,0.0002194107219111,0.3556030690670013,0.633931040763855,0.0102465413510799
6020,5.135127867106348e-05,0.011620950885117,0.1210930868983268,0.8672346472740173
6021,0.000707441882696,0.2766215205192566,0.6846448183059692,0.0380261950194835
6022,0.0001816939620766,0.0926606133580207,0.6431921124458313,0.2639655172824859
6023,0.0008893581689335,0.2465943694114685,0.6396171450614929,0.1128991246223449
6024,0.0001108944416046,0.1714983135461807,0.7930001616477966,0.0353906787931919
6025,6.784627476008609e-05,0.0305347144603729,0.428156703710556,0.5412407517433167
6026,0.0003029458457604,0.1670509427785873,0.6403716802597046,0.1922744363546371
6027,0.0001462389191146,0.1874920725822448,0.7771329879760742,0.0352287143468856
6028,0.0009391925414092,0.233431875705719,0.6445260643959045,0.12110286206007
6029,0.0001664682058617,0.1537263393402099,0.7929808497428894,0.0531264021992683
6030,0.0003447178460191,0.2598153054714203,0.6845221519470215,0.0553178749978542
6031,0.0001044474047375,0.5726664066314697,0.4255695343017578,0.0016595615306869
6032,0.0003277661453466,0.4403941631317138,0.5480793714523315,0.0111986706033349
6033,0.0003945799835491,0.3020799160003662,0.6807475686073303,0.0167779680341482
6034,0.0003762591804843,0.2791915237903595,0.6910056471824646,0.0294265709817409
6035,0.0007320470758713,0.2526081800460815,0.68666011095047,0.0599996894598007
6036,3.8060654333094135e-05,0.0817201733589172,0.851543664932251,0.0666980594396591
6037,1.1575876669667196e-05,0.0032096698414534,0.0494292862713336,0.947349488735199
6038,2.347673398617189e-05,0.020050510764122,0.5090924501419067,0.4708335399627685
6039,1.5305591659853235e-05,0.0084398360922932,0.2076985985040664,0.7838462591171265
6040,0.0006976295262575,0.3502625226974487,0.6051993370056152,0.0438404940068721
6041,0.0002325790555914,0.0665347874164581,0.4338613152503967,0.4993713200092315
6042,9.237020276486874e-05,0.2753516733646393,0.7142078876495361,0.0103480601683259
6043,0.000768921279814,0.6266313195228577,0.368377536535263,0.0042222086340188
6044,0.0003490148228593,0.0909090191125869,0.5656549334526062,0.3430870473384857
6045,0.000240215085796,0.5490307807922363,0.4481058716773987,0.0026232250966131
6046,0.0001046588804456,0.0893848240375518,0.8092241883277893,0.1012862920761108
6047,0.0006348240422084,0.442512035369873,0.5421770811080933,0.014676060527563
6048,0.0003250415611546,0.1290981173515319,0.6255916357040405,0.2449851930141449
6049,7.911449938546866e-05,0.0314222387969493,0.3274272680282593,0.6410714387893677
6050,0.0002759269555099,0.2356578260660171,0.7035443186759949,0.0605219341814518
6051,0.0001128577787312,0.1469728946685791,0.7348182797431946,0.11809603869915
6052,0.0002193729014834,0.1873573511838913,0.7182140946388245,0.094209186732769
6053,0.0003151606651954,0.2691657245159149,0.6766825914382935,0.0538365356624126
6054,0.0001065888573066,0.0731471925973892,0.7049301266670227,0.2218160927295684
6055,7.088093843776733e-05,0.0422612763941288,0.5925861597061157,0.3650817275047302
6056,0.0001836329029174,0.3372446000576019,0.6399778127670288,0.0225939806550741
6057,3.759069659281522e-05,0.1555747538805008,0.8279901742935181,0.0163974575698375
6058,0.0002987027110066,0.3711823523044586,0.6216135025024414,0.0069055026397109
6059,0.0002124475577147,0.4285103380680084,0.5676839351654053,0.0035932778846472
6060,5.879484524484724e-05,0.0624926462769508,0.6824395060539246,0.2550090253353119
6061,0.0005971866194158,0.1531395018100738,0.5601610541343689,0.2861022651195526
6062,7.420097244903445e-05,0.0145890600979328,0.1240763366222381,0.8612604737281799
6063,0.0001435904414393,0.0330066755414009,0.2720769345760345,0.6947727799415588
6064,0.0006153197027742,0.1816145628690719,0.5771698951721191,0.2406001985073089
6065,0.0001740770676406,0.0975015088915824,0.5972691178321838,0.3050552308559418
6066,1.508245441073086e-05,0.003867668332532,0.0644024610519409,0.9317148327827454
6067,0.000491113460157,0.1694689989089965,0.6496410369873047,0.1803987920284271
6068,9.385768498759715e-05,0.0309044271707534,0.2978304624557495,0.671171247959137
6069,0.0002311405405635,0.0621170587837696,0.3925919234752655,0.5450599193572998
6070,0.0001127590949181,0.2170219123363495,0.7457373142242432,0.0371280722320079
6071,9.47334774537012e-05,0.2233940362930297,0.7557322978973389,0.0207788813859224
6072,0.0007063424563966,0.7507665753364563,0.2475765645503997,0.0009504875633865
6073,7.266924512805417e-05,0.0312076397240161,0.3516153991222381,0.6171042323112488
6074,0.0003922954783774,0.2777607440948486,0.6358006596565247,0.0860462635755539
6075,9.06681889318861e-05,0.2788576185703277,0.712087869644165,0.0089638633653521
6076,0.0007663929718546,0.3970014154911041,0.5776336193084717,0.0245986077934503
6077,0.0001444129447918,0.1022500842809677,0.7209332585334778,0.1766723096370697
6078,0.0002180555893573,0.1300110965967178,0.7028332948684692,0.1669375449419021
6079,0.0004304028116166,0.3095412254333496,0.6552987694740295,0.0347295626997947
6080,1.659085501160007e-05,0.0046726264990866,0.0765999481081962,0.9187108278274536
6081,0.0002586351765785,0.4126762151718139,0.572944164276123,0.0141210025176405
6082,0.0001218091492773,0.1421951353549957,0.768699586391449,0.0889834389090538
6083,6.864983151899651e-05,0.1497194766998291,0.7968276739120483,0.0533841252326965
6084,0.0022137481719255,0.3443167507648468,0.5416862964630127,0.1117832735180854
6085,0.0001801994949346,0.336150586605072,0.6479472517967224,0.0157219730317592
6086,0.0006775423535145,0.6765231490135193,0.319566935300827,0.0032323736231774
6087,0.0002648702065926,0.7302300333976746,0.2686366438865661,0.0008684758795425
6088,0.000233468847,0.1844112575054168,0.7408463954925537,0.0745088830590248
6089,0.0005709181423299,0.1441335827112198,0.5355212092399597,0.3197742998600006
6090,0.0001060867507476,0.1666468679904937,0.735280454158783,0.0979666411876678
6091,0.000230701174587,0.1880095899105072,0.7095407247543335,0.1022190451622009
6092,0.0001168350499938,0.1045727282762527,0.7146249413490295,0.1806854903697967
6093,6.518497684737667e-05,0.0621063783764839,0.6997504234313965,0.2380781024694442
6094,0.0001052000225172,0.130726620554924,0.7641264200210571,0.1050417870283126
6095,0.0001197049496113,0.0649845525622367,0.511143147945404,0.4237525761127472
6096,1.8897708287113343e-05,0.0658602640032768,0.8812006115913391,0.0529202111065387
6097,4.068795533385128e-05,0.0288086794316768,0.4103156328201294,0.5608350038528442
6098,4.701302168541588e-05,0.0407841838896274,0.5206975340843201,0.4384712874889374
6099,1.6964000678854063e-05,0.0306716337800025,0.6872603893280029,0.2820510864257812
6100,0.0001764616463333,0.509840726852417,0.4864934086799621,0.0034893776755779
6101,0.0015395553782582,0.2756119072437286,0.5926586985588074,0.130189836025238
6102,0.0015491019003093,0.4572248756885528,0.5181036591529846,0.023122364655137
6103,0.0005459008389152,0.1444317549467086,0.5893716812133789,0.2656506299972534
6104,0.0004082123632542,0.1523083746433258,0.6825987696647644,0.1646846383810043
6105,0.0009407690376974,0.2412460744380951,0.5609138607978821,0.1968993097543716
6106,0.0007590366876684,0.769830048084259,0.2275613248348236,0.0018495082622393
6107,0.0009394729277119,0.2772899568080902,0.6548712849617004,0.0668993145227432
6108,0.0002713514841161,0.2391066700220108,0.7250819802284241,0.0355400294065475
6109,8.051695476751775e-05,0.0720663741230964,0.799380898475647,0.1284722089767456
6110,9.783597488421948e-05,0.3253534436225891,0.6675819158554077,0.006966842804104
6111,0.0002466584555804,0.1978975385427475,0.7126563787460327,0.0891994163393974
6112,0.0002234338171547,0.4103395044803619,0.5786714553833008,0.0107656437903642
6113,0.0007021966157481,0.2240979373455047,0.6187542676925659,0.1564455777406692
6114,0.0008147510816343,0.4782470166683197,0.5011985898017883,0.0197396110743284
6115,0.0002931058697868,0.9156677722930908,0.0838499218225479,0.0001892433647299
6116,0.0001041988725773,0.1356965452432632,0.7568544745445251,0.1073447912931442
6117,0.0001636570377741,0.1376057565212249,0.6988196969032288,0.1634108871221542
6118,0.000121801997011,0.1056642308831214,0.6998677849769592,0.1943462491035461
6119,0.0002221253962488,0.774127721786499,0.225283995270729,0.0003662228991743
6120,0.0023929846938699,0.2188018411397934,0.6136448979377747,0.1651602834463119
6121,0.0007446607924066,0.1738683730363845,0.6459993720054626,0.1793875396251678
6122,0.0015024958411231,0.5349255204200745,0.44346883893013,0.020103171467781
6123,0.001711580203846,0.425405204296112,0.529425323009491,0.0434578768908977
6124,0.000552877318114,0.1557116508483886,0.6063035726547241,0.2374318987131118
6125,0.0002385633852099,0.2657364010810852,0.6892677545547485,0.0447573140263557
6126,8.531953062629327e-05,0.0328441336750984,0.3939201235771179,0.5731503963470459
6127,2.372741437284276e-05,0.011912946589291,0.316991776227951,0.6710715889930725
6128,0.0012583632487803,0.4079161882400512,0.5752540826797485,0.0155714144930243
6129,0.0002996902621816,0.2640779018402099,0.6957526206970215,0.039869800209999
6130,0.000263497873675,0.5569859743118286,0.4406121969223022,0.002138361800462
6131,9.350274194730446e-05,0.4524198174476623,0.5457224249839783,0.0017642672173678
6132,7.768728391965851e-05,0.0892830118536949,0.7245575785636902,0.1860817819833755
6133,0.0002160700969398,0.2903167605400085,0.6856364607810974,0.0238306503742933
6134,0.0001017552422126,0.6032399535179138,0.3956144452095032,0.0010438753524795
6135,0.0002689984103199,0.2562939822673797,0.707650363445282,0.0357866585254669
6136,0.0002495055377949,0.2693740427494049,0.6987030506134033,0.0316733568906784
6137,0.0013069782871752,0.39800626039505,0.5612788200378418,0.0394079573452472
6138,0.0015063085593283,0.3252720534801483,0.5708702802658081,0.1023514047265052
6139,0.0005261760670691,0.3554929792881012,0.6047139763832092,0.0392668507993221
6140,7.257370452862233e-05,0.1312163472175598,0.8293127417564392,0.0393982864916324
6141,0.0004059941566083,0.3868196308612823,0.5991179347038269,0.0136564029380679
6142,0.0014198457356542,0.1774472296237945,0.6002962589263916,0.2208366692066192
6143,0.0005151414079591,0.3168920576572418,0.6502202749252319,0.032372560352087
6144,4.516898115980439e-05,0.0969824716448783,0.8643953800201416,0.0385769642889499
6145,0.0002272280398756,0.4044684767723083,0.579374372959137,0.0159299150109291
6146,0.0001612922205822,0.253366619348526,0.7217742800712585,0.024697758257389
6147,0.0009952000109478,0.25922292470932,0.6619489789009094,0.0778328403830528
6148,8.295773295685649e-05,0.3542315661907196,0.6414305567741394,0.0042549194768071
6149,0.0002462569973431,0.0993471592664718,0.5991400480270386,0.3012665510177612
6150,0.0002297866303706,0.4154640436172485,0.5768146514892578,0.0074915145523846
6151,0.0001276680122828,0.3358545303344726,0.6575711965560913,0.006446601357311
6152,0.000104646285763,0.6501516699790955,0.3480011224746704,0.0017425171099603
6153,0.0002498516405466,0.168803796172142,0.7332502603530884,0.0976961404085159
6154,0.0002364752144785,0.3278194963932037,0.6519469022750854,0.0199971161782741
6155,0.0004857371386606,0.3548383414745331,0.6036003828048706,0.0410755202174186
6156,0.000209928053664,0.1070594862103462,0.5971298813819885,0.2956007122993469
6157,0.000103386126284,0.1169756203889846,0.8119717240333557,0.0709492936730384
6158,0.0002255123836221,0.1621861755847931,0.6828292608261108,0.1547591239213943
6159,0.0001313314860453,0.2374529242515564,0.7429244518280029,0.0194913204759359
6160,0.000224320901907,0.1588280647993087,0.700782299041748,0.1401652693748474
6161,1.3170470992918126e-05,0.0028888168744742,0.0459003113210201,0.9511977434158324
6162,0.0001407067029504,0.1427075415849685,0.747734010219574,0.1094176545739173
6163,0.0003151576966047,0.51078200340271,0.4798353016376495,0.0090674664825201
6164,4.859977343585342e-05,0.0092614786699414,0.0892542228102684,0.9014356732368468
6165,0.0001964619586942,0.313473105430603,0.6636224985122681,0.0227079130709171
6166,0.0002122363075613,0.2988509833812713,0.6840766668319702,0.0168600175529718
6167,0.0001152160984929,0.3127187490463257,0.6830405592918396,0.0041254670359194
6168,0.0003390764759387,0.0897111818194389,0.5495476126670837,0.3604021370410919
6169,0.0006967513472773,0.2155188471078872,0.6236244440078735,0.1601600050926208
6170,0.0009472757810726,0.3023121058940887,0.6203041672706604,0.0764364749193191
6171,0.0003217861813027,0.0716921985149383,0.3640830814838409,0.5639028549194336
6172,6.193925946718082e-05,0.1789575964212417,0.8146624565124512,0.0063179759308695
6173,9.213936573360117e-05,0.2500840425491333,0.7350378632545471,0.0147858699783682
6174,0.0001076578482752,0.0786456912755966,0.6900940537452698,0.2311525493860244
6175,0.0001192757190437,0.5337526202201843,0.4637323319911957,0.0023957169614732
6176,0.0002260748442495,0.1930812150239944,0.7286808490753174,0.0780118554830551
6177,2.8316238967818208e-05,0.008896698243916,0.1902197897434234,0.8008551597595215
6178,0.0002795850741676,0.0705838575959205,0.4899490773677826,0.4391874969005584
6179,0.000170267332578,0.0443500764667987,0.4479199349880218,0.5075597763061523
6180,0.0003437714185565,0.1646952480077743,0.6826427578926086,0.1523181945085525
6181,0.0005130132194608,0.4246631860733032,0.562587320804596,0.012236475944519
6182,0.0006081291357986,0.7675909996032715,0.230472594499588,0.0013282762374728
6183,6.6038039221894e-05,0.0747183412313461,0.7314110398292542,0.1938046514987945
6184,6.268415017984807e-05,0.0436947643756866,0.5846295356750488,0.3716131150722503
6185,1.9737717593670823e-05,0.1134118735790252,0.8782234787940979,0.0083449045196175
6186,6.566760566784069e-05,0.1572914719581604,0.8241483569145203,0.0184945408254861
6187,3.709063457790762e-05,0.0991103872656822,0.8696660399436951,0.03118646889925
6188,0.0001744048058753,0.451691210269928,0.5448436141014099,0.0032907770946621
6189,0.0002059236721834,0.6534397006034851,0.3443385362625122,0.002015768084675
6190,7.16587746865116e-05,0.7573195695877075,0.2420538961887359,0.0005549014895223
6191,0.0001295890833716,0.6469300985336304,0.3517297804355621,0.0012104453053325
6192,0.0001998912921408,0.1415309458971023,0.7076101899147034,0.150658905506134
6193,0.0002731257118284,0.1760779619216919,0.7185080051422119,0.1051409393548965
6194,0.0009015050600282,0.3525034189224243,0.5996285676956177,0.0469665378332138
6195,0.0001243274746229,0.0366958528757095,0.302487164735794,0.6606926918029785
6196,7.146012649172917e-05,0.1765994876623153,0.8165877461433411,0.0067413439974188
6197,0.0006462928140535,0.2300961762666702,0.6762902140617371,0.0929672569036483
6198,0.000284525915049,0.3120205998420715,0.681515634059906,0.0061792326159775
6199,0.0002022466214839,0.267530232667923,0.7159479856491089,0.0163194481283426
6200,0.0002233874984085,0.1417801529169082,0.7664563059806824,0.0915401503443718
6201,0.0001160252140834,0.182258740067482,0.7794216871261597,0.0382035039365291
6202,3.517852383083664e-05,0.0282242204993963,0.5941046476364136,0.3776358962059021
6203,0.0001734664838295,0.1993584036827087,0.7523706555366516,0.0480974465608596
6204,0.0002604515175335,0.308828592300415,0.6745436787605286,0.0163673162460327
6205,0.0001495446340413,0.2746409475803375,0.7123643755912781,0.0128451278433203
6206,0.0004862286732532,0.4420503377914428,0.54161137342453,0.0158520489931106
6207,0.0001498142810305,0.6397107839584351,0.3588452041149139,0.0012941979803144
6208,0.0001114490223699,0.4909965097904205,0.5065824389457703,0.002309571718797
6209,6.783044955227524e-05,0.0985442772507667,0.7997154593467712,0.1016724035143852
6210,0.0001017094400594,0.3329907953739166,0.6622312664985657,0.0046762190759181
6211,0.0001821498590288,0.708180844783783,0.2906368374824524,0.0010001994669437
6212,0.0001728540228214,0.0754007399082183,0.6118988990783691,0.3125274181365967
6213,0.0003277649811934,0.1594996303319931,0.7037453651428223,0.1364272534847259
6214,0.000386732048355,0.2234866768121719,0.6672079563140869,0.1089187040925026
6215,0.0003083567717112,0.3953424096107483,0.5934792160987854,0.0108699509873986
6216,8.674317359691486e-05,0.0788617581129074,0.6500644087791443,0.2709871530532837
6217,7.875492156017572e-05,0.0122491987422108,0.0877253115177154,0.8999466300010681
6218,3.84304003091529e-05,0.0048028933815658,0.0508354343473911,0.9443233013153076
6219,0.001159657142125,0.2389488220214843,0.6007172465324402,0.159174233675003
6220,0.0001184569991892,0.0247925892472267,0.1667998731136322,0.808289110660553
6221,0.000104787730379,0.0329233296215534,0.2630400955677032,0.7039318084716797
6222,7.445672963513061e-05,0.0203247182071208,0.1549477279186248,0.8246530890464783
6223,0.0002292865392519,0.0340291410684585,0.2150707840919494,0.7506707906723022
6224,0.0002747077669482,0.3990962505340576,0.5898259878158569,0.0108030401170253
6225,0.0003193472221028,0.2813990414142608,0.6645756363868713,0.0537059493362903
6226,0.0004730763321276,0.5971249938011169,0.3977710306644439,0.0046309009194374
6227,2.9888018616475165e-05,0.0276003219187259,0.8322038054466248,0.1401659995317459
6228,0.0001147466027759,0.1093272864818573,0.6697108149528503,0.2208472043275833
6229,6.923882028786466e-05,0.020119335502386,0.2129497826099395,0.766861617565155
6230,3.326755904708989e-05,0.035359863191843,0.6074849367141724,0.3571219742298126
6231,7.899202319094911e-05,0.0866252779960632,0.6920903921127319,0.2212053835391998
6232,7.6561831519939e-05,0.0586137026548385,0.736727774143219,0.2045819163322448
6233,0.0001307909406023,0.1347396969795227,0.7753735184669495,0.08975600451231
6234,4.958850331604481e-05,0.0131198819726705,0.1623498648405075,0.8244807124137878
6235,2.859677442756947e-05,0.0057111107744276,0.0633492842316627,0.9309109449386596
6236,0.0002669276727829,0.1011619344353675,0.659658670425415,0.2389125376939773
6237,1.2265313671377951e-05,0.0026485701091587,0.0395333655178546,0.9578056931495668
6238,2.8450322133721784e-05,0.0056818630546331,0.0681461244821548,0.9261435270309448
6239,0.0001343030744465,0.0360928103327751,0.3533092737197876,0.6104636192321777
6240,2.3761551346979104e-05,0.006692171562463,0.1167825311422348,0.8765015602111816
6241,3.3038675610441715e-05,0.0108786113560199,0.1898384839296341,0.7992498278617859
6242,3.764442590181716e-05,0.0090684797614812,0.1486626416444778,0.8422312140464783
6243,2.2056781745050102e-05,0.0071500176563858,0.1267370879650116,0.8660908937454224
6244,0.0001328583166468,0.23282290995121,0.7284384369850159,0.0386058203876018
6245,0.0007910809363238,0.5869971513748169,0.4034368395805359,0.0087748961523175
6246,0.0001328583166468,0.23282290995121,0.7284384369850159,0.0386058203876018
6247,0.0008716186857782,0.3408173620700836,0.5981531739234924,0.0601578429341316
6248,7.98995970399119e-05,0.1125070080161094,0.7451909780502319,0.1422221809625625
6249,4.086619446752593e-05,0.0130419731140136,0.1800388991832733,0.8068783283233643
6250,0.0002204890042776,0.0726001858711242,0.4310471713542938,0.4961322546005249
6251,9.222860535373913e-05,0.109359435737133,0.795535147190094,0.0950131267309188
6252,0.0001413699210388,0.1285251677036285,0.6527047157287598,0.2186286896467209
6253,0.0007746475748717,0.2935808300971985,0.6513375043869019,0.0543069913983345
6254,5.707817763322964e-05,0.0829233452677726,0.8245118856430054,0.0925076678395271
6255,0.0071549438871443,0.533950686454773,0.4357978701591491,0.0230964422225952
6256,2.042842243099585e-05,0.006832371931523,0.1655332148075103,0.8276140093803406
6257,2.323241460544523e-05,0.0051760552451014,0.0681811571121215,0.9266196489334106
6258,9.439327550353482e-05,0.0722649693489074,0.7185350656509399,0.2091056108474731
6259,9.316990326624364e-05,0.034762680530548,0.4041028618812561,0.5610412359237671
6260,5.59951295144856e-05,0.0852539464831352,0.7963265776634216,0.1183633804321289
6261,6.663754902547225e-05,0.0299907121807336,0.4546999931335449,0.5152425765991211
6262,0.0001093451210181,0.1744701713323593,0.8067418932914734,0.018678605556488
6263,8.64838293637149e-05,0.2071518898010254,0.7817829847335815,0.0109786475077271
6264,7.2721995820757e-05,0.2697886228561401,0.7219917178153992,0.0081469099968671
6265,2.4693987143109556e-05,0.0847265869379043,0.8691836595535278,0.0460650473833084
6266,6.523484626086429e-05,0.053163044154644,0.6682173609733582,0.2785544097423553
6267,0.000112981419079,0.2836080193519592,0.7019366025924683,0.0143423695117235
6268,0.0002092000795528,0.0368704609572887,0.2223573476076126,0.7405630350112915
6269,0.0002794513420667,0.0979491025209426,0.5378463864326477,0.3639250695705414
6270,0.0001352787949144,0.0445431135594844,0.2904575765132904,0.6648640036582947
6271,0.0007233491633087,0.274139404296875,0.617782711982727,0.1073545292019844
6272,0.00012333887571,0.1709814965724945,0.7783531546592712,0.0505420379340648
6273,4.7970490413717926e-05,0.0146081671118736,0.1752048432826995,0.8101389408111572
6274,0.0003263886319473,0.3870131075382232,0.5994176268577576,0.0132428593933582
6275,0.0001242006255779,0.1028110682964325,0.7248886227607727,0.1721761375665664
6276,0.0004961891681887,0.4801996946334839,0.5111699104309082,0.0081341974437236
6277,0.0001918801281135,0.3579400479793548,0.6282044053077698,0.0136636709794402
6278,0.0004156585491728,0.3232282996177673,0.6428162455558777,0.0335398390889167
6279,7.295897376025096e-05,0.0118923103436827,0.1278543770313263,0.8601802587509155
6280,0.0001478167250752,0.3540605008602142,0.6411207914352417,0.0046708583831787
6281,0.0002595612313598,0.2511969804763794,0.7155935764312744,0.0329498760402202
6282,7.178627856774256e-05,0.2277931571006775,0.7586671113967896,0.0134679535403847
6283,0.0001896731409942,0.5480118989944458,0.4472742974758148,0.0045241150073707
6284,6.684865365969017e-05,0.5416802763938904,0.4561405479907989,0.0021123494952917
6285,4.761399395647459e-05,0.2232955992221832,0.7672951221466064,0.0093616489320993
6286,0.0001346511708106,0.1499882936477661,0.7617034316062927,0.0881735756993293
6287,2.6570012778392996e-05,0.1599966436624527,0.8253255486488342,0.0146512826904654
6288,3.615674722823314e-05,0.3167881667613983,0.6812015771865845,0.0019740916322916
6289,7.642858690815046e-05,0.0851339995861053,0.8598229289054871,0.054966639727354
6290,3.059292430407368e-05,0.1246504560112953,0.8652455806732178,0.0100733013823628
6291,0.0001169082534033,0.6212658882141113,0.3768168091773987,0.0018004006706178
6292,0.0004114561306778,0.8299140930175781,0.1686072796583175,0.0010672360658645
6293,0.0003199391067028,0.7199094295501709,0.2775498032569885,0.0022208176087588
6294,0.0053734919056296,0.7037885785102844,0.2843562960624695,0.006481668446213
6295,0.0003674989566206,0.8141056299209595,0.184512123465538,0.0010146971326321
6296,0.0001985431154025,0.159293919801712,0.6812136769294739,0.159293919801712
6297,0.000155320361955,0.0721220299601554,0.5498301982879639,0.3778924345970154
6298,3.951801045332104e-05,0.0903215706348419,0.7802592515945435,0.1293796598911285
6299,0.0002922326675616,0.296388179063797,0.6679210662841797,0.0353985205292701
6300,0.0008488484891131,0.1804584115743637,0.6010183095932007,0.2176744043827057
6301,0.0025506694801151,0.9081011414527892,0.08852019906044,0.0008280810434371
6302,0.0002370394649915,0.516963005065918,0.4781126379966736,0.0046872510574758
6303,0.0006723514525219,0.8620176911354065,0.1363910138607025,0.0009189954143948
6304,0.000900715123862,0.3059919476509094,0.6181207299232483,0.0749865546822547
6305,0.0001249162014573,0.4285952150821686,0.5677964091300964,0.0034834139514714
6306,4.469377745408565e-05,0.0482528060674667,0.7548009157180786,0.1969015896320343
6307,0.0005081392591819,0.1323566734790802,0.6120110154151917,0.2551241517066955
6308,0.0004224634903948,0.113533467054367,0.5676316618919373,0.3184124827384949
6309,0.0001550636225147,0.0697875246405601,0.6123660802841187,0.3176913261413574
6310,0.0003725514980033,0.4215211570262909,0.5672187209129333,0.0108875511214137
6311,0.0008388601709157,0.2117780297994613,0.6224502325057983,0.164932906627655
6312,0.0004074432945344,0.0623894743621349,0.3070917427539825,0.6301113367080688
6313,0.0001130460223066,0.081301525235176,0.7713673710823059,0.1472180485725402
6314,5.898433300899342e-05,0.019120605662465,0.2853999733924866,0.6954204440116882
6315,1.2383821740513667e-05,0.0023233513347804,0.0306041482836008,0.967060089111328
6316,5.439363303594291e-05,0.3769987225532532,0.6215658187866211,0.0013810814125463
6317,6.475651753135026e-05,0.1703540682792663,0.8127138614654541,0.0168673377484083
6318,8.08798213256523e-05,0.2448961287736892,0.7426382899284363,0.0123846651986241
6319,0.0001657092216191,0.215800479054451,0.7415401935577393,0.042493637651205
6320,7.948803977342322e-05,0.1578430533409118,0.8142164945602417,0.0278609562665224
6321,7.149000884965062e-05,0.069186270236969,0.7209374904632568,0.2098047584295272
6322,0.0001018907278194,0.3721401989459991,0.6232175827026367,0.0045404252596199
6323,5.275399962556549e-05,0.1754333674907684,0.8111956119537354,0.0133182359859347
6324,0.0005081311101093,0.2982655763626098,0.6721518039703369,0.0290744360536336
6325,0.0006022045854479,0.2930496335029602,0.6707972288131714,0.0355509519577026
6326,0.4873213768005371,0.450698584318161,0.0600497759878635,0.0019302968867123
6327,0.0003333503846079,0.0909958481788635,0.5487751960754395,0.3598955571651459
6328,0.000146881546243,0.1661882400512695,0.7805479168891907,0.0531169548630714
6329,3.42303937941324e-05,0.0085078021511435,0.08199093490839,0.9094669818878174
6330,2.844323353201617e-05,0.1253086626529693,0.8299828171730042,0.044680181890726
6331,1.2191772839287296e-05,0.0028024839702993,0.0301295425742864,0.9670557379722596
6332,0.0003468196082394,0.3629171550273895,0.62706458568573,0.009671414270997
6333,4.593561970978044e-05,0.2055595219135284,0.787990152835846,0.0064044026657938
6334,2.579574902483728e-05,0.3340211808681488,0.6642804741859436,0.0016725166933611
6335,3.866003316943534e-05,0.2679502069950104,0.728364109992981,0.0036470773629844
6336,7.627200102433562e-05,0.0343267768621444,0.5204405784606934,0.4451564252376556
6337,6.858682900201529e-05,0.639681339263916,0.3588287234306335,0.0014213330578058
6338,5.877165312995203e-05,0.0464222729206085,0.6821703314781189,0.2713485956192016
6339,0.0001546655257698,0.3320828974246979,0.6604257225990295,0.0073366677388548
6340,0.0001107356802094,0.0610620640218257,0.6564791202545166,0.2823481559753418
6341,0.0001420267362846,0.226616695523262,0.7430475950241089,0.0301937516778707
6342,3.152009958284907e-05,0.0193897616118192,0.5323202013969421,0.4482585489749908
6343,7.089274004101753e-05,0.1046150773763656,0.7730066776275635,0.1223074272274971
6344,0.0004212758794892,0.3175173997879028,0.6617631316184998,0.020298209041357
6345,0.0004468441766221,0.169347807765007,0.6194486021995544,0.210756778717041
6346,0.0019161535892635,0.556793749332428,0.4269085824489593,0.0143815334886312
6347,0.00172547576949,0.9078941941261292,0.0898936986923217,0.0004866927920375
6348,0.0003043157339561,0.2121270596981048,0.717616617679596,0.0699520781636238
6349,0.0005657629808411,0.4068907797336578,0.5738080143928528,0.0187354944646358
6350,9.162181959254669e-05,0.1439245343208313,0.8153880834579468,0.040595781058073
6351,7.216408266685903e-05,0.3033651411533355,0.6836438775062561,0.0129188457503914
6352,4.612254997482523e-05,0.030678030103445,0.5523443818092346,0.4169314205646515
6353,0.0007557852077297,0.3097070753574371,0.625625491142273,0.0639116689562797
6354,0.0001934755127876,0.2992100119590759,0.6956840753555298,0.0049124397337436
6355,2.2387388526112773e-05,0.0158511567860841,0.6233558058738708,0.3607706725597381
6356,0.0001204517320729,0.0268359910696744,0.2246949821710586,0.748348593711853
6357,0.0002210797101724,0.1109986379742622,0.5725745558738708,0.3162056803703308
6358,0.0005227680667303,0.6598467230796814,0.337016761302948,0.0026136757805943
6359,0.0004192084015812,0.3994097709655761,0.5721281170845032,0.0280429683625698
6360,8.656691352371126e-05,0.3582701385021209,0.6386856436729431,0.0029577014502137
6361,0.0001331368112005,0.2226268351078033,0.7414606213569641,0.0357793904840946
6362,0.0002802720409817,0.407179981470108,0.5832583904266357,0.0092813344672322
6363,0.0001358574663754,0.1688230335712433,0.7333338260650635,0.0977072790265083
6364,0.0009070525993593,0.2677209079265594,0.6626156568527222,0.0687564238905906
6365,0.0011161895236,0.4793450534343719,0.5023492574691772,0.0171894468367099
6366,0.0002242955379188,0.1198761686682701,0.6791447401046753,0.2007548063993454
6367,0.000486602744786,0.27684086561203,0.6745648384094238,0.0481077283620834
6368,8.418194920523092e-05,0.0193506348878145,0.195434495806694,0.7851306796073914
6369,7.76056112954393e-05,0.2540762722492218,0.7351940274238586,0.0106521258130669
6370,0.0009393980144523,0.5514128804206848,0.4362035393714905,0.0114442091435194
6371,0.0001544667466077,0.0717256665229797,0.5912409424781799,0.3368789255619049
6372,9.340409451397136e-05,0.0749394074082374,0.7687800526618958,0.1561871469020843
6373,3.146821109112352e-05,0.0179030746221542,0.5483136773109436,0.4337518215179443
6374,0.0001143001354648,0.0946156233549118,0.7799248695373535,0.1253453344106674
6375,4.076656477991492e-05,0.133467361330986,0.8568235039710999,0.0096683427691459
6376,2.447951010253746e-05,0.0079353796318173,0.1569152921438217,0.8351247906684875
6377,7.853556780901272e-06,0.0016182354884222,0.0335348881781101,0.9648390412330629
6378,4.143534897593781e-05,0.0556734874844551,0.7806516885757446,0.1636334806680679
6379,3.460659718257375e-05,0.0379507429897785,0.6726930141448975,0.2893216609954834
6380,0.0019182271789759,0.4549335539340973,0.5075150728225708,0.0356331467628479
6381,0.0014157961122691,0.2827511131763458,0.5801675915718079,0.135665476322174
6382,0.0007868072716519,0.124303750693798,0.5152246952056885,0.3596847951412201
6383,0.0003244264516979,0.0363448858261108,0.2333241254091262,0.7300065755844116
6384,0.0040922686457633,0.5359814167022705,0.4374553263187408,0.0224709771573543
6385,0.000346323242411,0.666551411151886,0.3299668729305267,0.0031353547237813
6386,0.0002005842252401,0.216557040810585,0.7326030135154724,0.0506393536925315
6387,0.0006450006621889,0.3556673526763916,0.6050105690956116,0.0386770330369472
6388,0.0003278450749348,0.2321273237466812,0.6612691879272461,0.106275625526905
6389,0.0006664561806246,0.2126917839050293,0.6654536724090576,0.1211881190538406
6390,0.0004096920310985,0.5591403245925903,0.4354589283466339,0.0049910708330571
6391,0.0004664115840569,0.1584498584270477,0.677604079246521,0.1634796112775802
6392,0.0001466230023652,0.206460565328598,0.7552013993263245,0.0381913632154464
6393,0.0003538221353664,0.2316932082176208,0.70260089635849,0.0653520599007606
6394,0.0001095260086003,0.1471616625785827,0.7832145690917969,0.0695142447948455
6395,0.0004181167460046,0.2234651297330856,0.7213543057441711,0.0547624863684177
6396,8.326587703777477e-05,0.3904924392700195,0.6048064827919006,0.0046177543699741
6397,8.160577999660745e-05,0.7149908542633057,0.2844037115573883,0.0005238864687271
6398,0.0009887209162116,0.3806125223636627,0.5895041823387146,0.0288946591317653
6399,0.000349173147697,0.5838754177093506,0.4140296578407287,0.0017457560170441
6400,2.776149267447181e-05,0.0034695316571742,0.0344977676868438,0.9620049595832824
6401,0.0005161223234608,0.2182112336158752,0.6216259002685547,0.1596467345952987
6402,0.0009557896410115,0.3456433713436126,0.6066230535507202,0.0467777475714683
6403,0.0002639309386722,0.3081024289131164,0.6625243425369263,0.0291092880070209
6404,0.0003874223621096,0.2383249849081039,0.6789246797561646,0.082362912595272
6405,7.304902101168409e-05,0.0240527782589197,0.2506357133388519,0.7252384424209595
6406,0.0004837792948819,0.1450383961200714,0.5918472409248352,0.2626306116580963
6407,0.0002379513753112,0.1909117251634597,0.6874995231628418,0.1213508769869804
6408,0.0001015077286865,0.0551057867705822,0.6818976998329163,0.2628949880599975
6409,0.0001222353748744,0.0384052135050296,0.4395244121551513,0.5219481587409973
6410,4.370297028799541e-05,0.0299914013594388,0.4547104239463806,0.5152544379234314
6411,0.0002648793742991,0.108542762696743,0.586776614189148,0.3044157028198242
6412,6.804642907809466e-06,0.0013803676702082,0.0212578196078538,0.9773549437522888
6413,2.000787753786426e-05,0.0028780726715922,0.034518513828516,0.9625834822654724
6414,1.475432418374112e-05,0.0016789289657026,0.0127994986250996,0.9855067729949952
6415,6.4669211496948265e-06,0.0007592455367557,0.0104810614138841,0.9887533187866212
6416,0.0054815616458654,0.7762813568115234,0.2155655324459076,0.0026714995037764
6417,0.0040691872127354,0.9208693504333496,0.074417658150196,0.0006438388954848
6418,0.0032830503769218,0.5027147531509399,0.4722568392753601,0.0217453092336654
6419,0.000106000850792,0.161388874053955,0.7943838834762573,0.0441212654113769
6420,8.84268811205402e-05,0.0151052996516227,0.1728709936141967,0.811935305595398
6421,3.174783705617301e-05,0.0138487415388226,0.2532670497894287,0.7328524589538574
6422,8.740070188650861e-05,0.0125723257660865,0.133069708943367,0.8542706370353699
6423,0.0001419978943886,0.0270600114017725,0.2527578771114349,0.7200401425361633
6424,0.0005007094587199,0.2184147387742996,0.6623345017433167,0.1187500357627868
6425,0.000187440047739,0.2154176384210586,0.7637218832969666,0.0206730049103498
6426,0.0001942914532264,0.3100098669528961,0.6666259169578552,0.0231699012219905
6427,0.0001380997709929,0.2037912607192993,0.757176399230957,0.0388942435383796
6428,7.737214036751539e-05,0.0243096053600311,0.287039965391159,0.6885731220245361
6429,9.274793410440908e-05,0.0230520591139793,0.259726732969284,0.7171285152435303
6430,1.4344741430249996e-05,0.0019999619107693,0.0247482117265462,0.9732375741004944
6431,7.5778680184157565e-06,0.001399656292051,0.0229450371116399,0.9756478071212769
6432,4.789241938851774e-05,0.1129366308450698,0.8344951272010803,0.0525204129517078
6433,0.0001256920950254,0.2381629198789596,0.7222200632095337,0.0394912846386432
6434,4.789241938851774e-05,0.1129366308450698,0.8344951272010803,0.0525204129517078
6435,0.0002717047464102,0.1222827360033989,0.6820383071899414,0.1954072564840316
6436,0.0003171473799739,0.2076774537563324,0.6599976420402527,0.132007822394371
6437,4.1157585656037554e-05,0.0374180451035499,0.7633968591690063,0.1991439908742904
6438,0.0001626366574782,0.0666455551981926,0.4483787715435028,0.4848130643367767
6439,5.028425948694348e-05,0.6613689064979553,0.3377942144870758,0.0007865781080909
6440,0.0003304250130895,0.1464046686887741,0.5881602764129639,0.2651046216487884
6441,0.0005297135212458,0.2787195742130279,0.6480423808097839,0.0727083384990692
6442,0.0003624997916631,0.2336954176425933,0.7086725234985352,0.057269524782896
6443,0.0002143122837878,0.2242595106363296,0.735318660736084,0.0402075201272964
6444,0.0002310230047442,0.0946690440177917,0.5533617734909058,0.3517381548881531
6445,0.0003797472745645,0.2336036115884781,0.6759544014930725,0.090062215924263
6446,0.0002633072144817,0.2712568640708923,0.6609586477279663,0.0675211772322654
6447,0.0001196024750242,0.1053900569677352,0.6455923318862915,0.2488980144262313
6448,0.0008845871197991,0.1464582979679107,0.4727731645107269,0.3798839151859283
6449,0.0001195513905258,0.0292532630264759,0.3048259913921356,0.6658011674880981
6450,0.0003818537516053,0.2105624824762344,0.7012801766395569,0.0877755135297775
6451,0.0001513334573246,0.0358907803893089,0.2867484986782074,0.6772093772888184
6452,4.203755815979093e-05,0.0302329752594232,0.511352002620697,0.4583729803562164
6453,4.641922350856476e-05,0.0208913087844848,0.3589141964912414,0.6201480627059937
6454,8.946079469751567e-05,0.0449160523712635,0.5221319198608398,0.4328625798225403
6455,0.0026920833624899,0.2620251178741455,0.5634425282478333,0.1718402504920959
6456,8.728815737413242e-05,0.0618034712970256,0.7647771239280701,0.1733321100473404
6457,0.0001228346372954,0.3493970036506653,0.6426394581794739,0.0078407442197203
6458,9.13280928216409e-06,0.0026955921202898,0.0524766333401203,0.9448186159133912
6459,5.390798469306901e-05,0.0266462452709674,0.587806761264801,0.3854930996894836
6460,0.000104287173599,0.1057701185345649,0.8319464921951294,0.062179047614336
6461,0.00083959242329,0.603826105594635,0.3898594379425049,0.0054748295806348
6462,0.0001955587358679,0.1618800461292266,0.7485257387161255,0.0893986523151397
6463,7.840705802664161e-05,0.2128119021654129,0.766365110874176,0.0207445528358221
6464,0.0001104521143133,0.1762365102767944,0.7655364871025085,0.0581166334450244
6465,8.973004878498614e-05,0.2287890613079071,0.7501704692840576,0.0209507718682289
6466,0.0002488903410267,0.1762242317199707,0.7079561948776245,0.1155706644058227
6467,6.807631871197373e-05,0.3674635291099548,0.6250765323638916,0.0073918206617236
6468,0.0002562891168054,0.2810551226139068,0.6956181526184082,0.0230704117566347
6469,0.0002249863173346,0.0361042059957981,0.2929961085319519,0.670674741268158
6470,0.0001482674415456,0.0362798497080802,0.3780447244644165,0.5855271220207214
6471,0.0002420610398985,0.3516669571399688,0.6367866396903992,0.0113043161109089
6472,1.3458632565743756e-05,0.0030457293614745,0.0548370108008384,0.9421038031578064
6473,0.0002350932190893,0.191588893532753,0.7118390798568726,0.0963369458913803
6474,0.0002257233281852,0.2218895405530929,0.7162681818008423,0.0616164952516555
6475,4.646589150070213e-05,0.0124873137101531,0.1521266251802444,0.8353394865989685
6476,0.0002155629190383,0.2896353006362915,0.6947989463806152,0.0153501080349087
6477,4.630157127394341e-05,0.0672670602798461,0.8588082790374756,0.0738784074783325
6478,0.0001556777860969,0.1415330320596695,0.8144664168357849,0.0438448898494243
6479,0.0003770008333958,0.2247788608074188,0.7143457531929016,0.060498408973217
6480,3.327910235384479e-05,0.024310890585184,0.4309208393096924,0.5447349548339844
6481,4.876590901403688e-05,0.0121205365285277,0.1895971000194549,0.7982335686683655
6482,2.581549051683396e-05,0.0096320332959294,0.2370377331972122,0.7533044219017029
6483,4.73392428830266e-05,0.041713897138834,0.6945987343788147,0.2636399567127228
6484,0.0003923342737834,0.3457130193710327,0.616300106048584,0.0375945456326007
6485,0.0013942746445536,0.3688903152942657,0.5713484883308411,0.0583669207990169
6486,0.00220079976134,0.3701176047325134,0.5643619894981384,0.0633196532726287
6487,0.0003130544791929,0.3125835657119751,0.6514801383018494,0.0356231927871704
6488,0.0001171023250208,0.2289303541183471,0.7506337761878967,0.0203187260776758
6489,6.101103645050898e-05,0.1507766246795654,0.8024539351463318,0.0467084161937236
6490,2.1720266886404715e-05,0.0689230486750602,0.8663080334663391,0.0647472068667411
6491,0.0002045971195911,0.3066746890544891,0.669839084148407,0.0232815816998481
6492,6.018986096023582e-05,0.0235352348536252,0.4237415194511413,0.5526630878448486
6493,0.0003155772574245,0.2034455239772796,0.7100946307182312,0.0861442536115646
6494,1.838833122747019e-05,0.0074183824472129,0.1216120421886444,0.870951235294342
6495,7.034217560430989e-05,0.0783543288707733,0.6983645558357239,0.2232107371091842
6496,0.0004457877366803,0.1357530802488327,0.6179840564727783,0.2458170652389526
6497,0.0001204820146085,0.107836939394474,0.8093611001968384,0.0826814398169517
6498,0.0002300201304024,0.1019172891974449,0.7074461579322815,0.1904065608978271
6499,0.0002474753418937,0.1671983450651168,0.7262764573097229,0.1062777265906333
6500,0.0001182868727482,0.1493037194013595,0.8071282505989075,0.0434498563408851
6501,0.0002035780489677,0.3512222170829773,0.6261212825775146,0.022452887147665
6502,0.0001455255114706,0.225055307149887,0.749548614025116,0.0252505056560039
6503,0.0004663806466851,0.3460633456707001,0.6365079283714294,0.0169623605906963
6504,0.000518329849001,0.1210231110453605,0.5596051812171936,0.3188534080982208
6505,0.0063125155866146,0.5173834562301636,0.4289259612560272,0.0473780632019043
6506,6.511000538012013e-05,0.4373889565467834,0.5616185665130615,0.000927347340621
6507,0.0003083769115619,0.4769051074981689,0.515657365322113,0.0071291541680693
6508,0.0003690005396492,0.6776750683784485,0.3201110363006592,0.0018448865739628
6509,0.0007736489642411,0.1723647713661193,0.6817159056663513,0.1451456844806671
6510,0.0019862486515194,0.6961901187896729,0.2994276583194732,0.0023958731908351
6511,0.0004076522600371,0.7143758535385132,0.2841590940952301,0.0010573695180937
6512,0.0002686365914996,0.6535893678665161,0.3444174230098724,0.0017245727358385
6513,0.0012558904709294,0.3428248763084411,0.6016764640808105,0.0542427748441696
6514,0.0005453875055536,0.3861559331417084,0.5980899930000305,0.0152086792513728
6515,0.0001414866273989,0.047320794314146,0.402451604604721,0.5500861406326294
6516,0.0005465422291308,0.1945824921131134,0.7007185220718384,0.1041525080800056
6517,0.0004736664996016,0.1795131117105484,0.7325255870819092,0.0874877050518989
6518,0.0003258890938013,0.1197075694799423,0.7332977652549744,0.1466687768697738
6519,0.0004058887425344,0.2309205681085586,0.7224864959716797,0.0461870171129703
6520,0.0006709112203679,0.2542661428451538,0.6699020266532898,0.0751609206199646
6521,0.0001493097952334,0.3866975903511047,0.6083607077598572,0.0047923363745212
6522,0.002231816528365,0.7701349854469299,0.2241220474243164,0.003511139890179
6523,0.0002755696768872,0.1695181876420974,0.7136982083320618,0.1165080294013023
6524,4.944888496538624e-05,0.0471134819090366,0.6503815054893494,0.3024555146694183
6525,0.0001285893667954,0.1206168308854103,0.7989064455032349,0.0803481340408325
6526,9.737235814100131e-05,0.0571561492979526,0.4860988557338714,0.4566476345062256
6527,0.0001568591687828,0.0508481189608573,0.5298495292663574,0.4191454946994781
6528,0.000351806404069,0.9548705220222472,0.0446598902344703,0.0001178403763333
6529,0.0006736820796504,0.1674405038356781,0.5844247341156006,0.2474610209465026
6530,0.0001845506048994,0.0856949016451835,0.5856183767318726,0.3285021483898163
6531,0.0012257366906851,0.9238429069519044,0.074657954275608,0.0002734988229349
6532,0.000255524093518,0.3487347066402435,0.6414213180541992,0.0095884716138243
6533,0.0002069774345727,0.1881716400384903,0.7213355898857117,0.0902857482433319
6534,0.0001363714254694,0.1642479300498962,0.7477001547813416,0.0879155769944191
6535,0.0002288609975948,0.3273351490497589,0.6612351536750793,0.0112007930874824
6536,2.7050253265770152e-05,0.0287515316158533,0.7415118217468262,0.2297096401453018
6537,8.622914901934564e-05,0.0748044922947883,0.7917557954788208,0.1333534270524978
6538,2.370829497522209e-05,0.0073334397748112,0.1450124680995941,0.8476303815841675
6539,5.0772796384990215e-05,0.119728960096836,0.8310836553573608,0.0491366647183895
6540,0.0001895974419312,0.0951921865344047,0.5564197301864624,0.3481985628604889
6541,0.000217570370296,0.2072948217391967,0.7349239587783813,0.057563692331314
6542,0.0001604670251253,0.1436253488063812,0.6959885358810425,0.1602256596088409
6543,0.0007106187404133,0.2097425311803817,0.6562263369560242,0.133320465683937
6544,0.0004377837758511,0.1909659057855606,0.7095244526863098,0.0990718081593513
6545,0.0005408985889516,0.1063490509986877,0.4917530119419098,0.4013571143150329
6546,0.0003971651021856,0.0722203478217125,0.4564466178417206,0.4709357917308807
6547,0.000287312461296,0.1740017235279083,0.7325745820999146,0.0931363999843597
6548,0.0005512119969353,0.5503828525543213,0.4422450661659241,0.0068208849988877
6549,0.0009200266213156,0.255097895860672,0.6215848326683044,0.1223973035812377
6550,0.0004407221276778,0.1618887335062027,0.5829837322235107,0.2546867430210113
6551,0.0003360983100719,0.1072618886828422,0.5620121359825134,0.3303898572921753
6552,3.4290875191800296e-05,0.0573400408029556,0.7915548086166382,0.1510708779096603
6553,5.964655065326952e-05,0.1078435033559799,0.8094103932380676,0.0826864764094352
6554,0.000135515758302,0.2162278443574905,0.7430086731910706,0.0406280122697353
6555,8.311133569804952e-05,0.1032781451940536,0.8123456239700317,0.0842931792140007
6556,0.0011711562983691,0.2734494209289551,0.6458011269569397,0.0795783102512359
6557,0.0003504494670778,0.134907066822052,0.6744929552078247,0.1902494728565216
6558,0.0011711562983691,0.2734494209289551,0.6458011269569397,0.0795783102512359
6559,4.526829434325919e-05,0.0261598713696002,0.5172889232635498,0.4565058946609497
6560,0.0001733464305289,0.1575963199138641,0.7287179827690125,0.1135123744606971
6561,0.0002356710610911,0.5644951462745667,0.4328134655952453,0.0024557490833103
6562,0.0003513426054269,0.3244500160217285,0.6554070711135864,0.0197915788739919
6563,0.0003689989098347,0.3801395893096924,0.6074612736701965,0.0120301190763711
6564,0.0001862696954049,0.5135335326194763,0.4824200868606567,0.0038600892294198
6565,0.0002299103070981,0.5593687891960144,0.4356368780136108,0.0047644590958952
6566,0.0001153907724074,0.4280838370323181,0.5671189427375793,0.0046818531118333
6567,9.178309846902266e-05,0.3052245676517486,0.6878342032432556,0.00684948079288
6568,6.343319546431303e-05,0.2044568955898285,0.7837633490562439,0.0117163127288222
6569,0.000224202973186,0.149126723408699,0.7573279738426208,0.0933211222290992
6570,0.0001757330173859,0.2361189126968383,0.7503843903541565,0.0133209181949496
6571,0.0003124859649688,0.175025075674057,0.7602742910385132,0.0643881261348724
6572,0.0008662209729664,0.5412518382072449,0.4487135410308838,0.0091683715581893
6573,0.0002403575490461,0.2254554033279419,0.727778971195221,0.0465253517031669
6574,0.0004120118392165,0.230770081281662,0.6472106575965881,0.1216072812676429
6575,0.0004510140279307,0.2606342732906341,0.6760338544845581,0.0628809407353401
6576,0.0004931986331939,0.1325429528951645,0.603370726108551,0.2635931372642517
6577,0.0001586749422131,0.0772156789898872,0.6266276240348816,0.2959979474544525
6578,0.0006289440207183,0.2920461595058441,0.6581361889839172,0.0491885989904403
6579,0.0002834189508575,0.151475042104721,0.6278465986251831,0.2203948944807052
6580,0.0001787383080227,0.0688061043620109,0.5412020087242126,0.3898131847381592
6581,0.0001860486809164,0.1025912910699844,0.5812192559242249,0.3160034418106079
6582,0.0002621341554913,0.1743563264608383,0.6895926594734192,0.1357888430356979
6583,7.337047281907871e-05,0.0362663902342319,0.4630182087421417,0.5006420612335205
6584,0.002699518809095,0.239235520362854,0.522538423538208,0.2355265170335769
6585,0.0037989697884768,0.3814977407455444,0.5054023861885071,0.1093009337782859
6586,8.486871956847608e-05,0.5612830519676208,0.4371277093887329,0.0015043341554701
6587,7.936159818200395e-05,0.2257400900125503,0.7518293261528015,0.0223512984812259
6588,8.387467096326873e-05,0.1492978483438491,0.7822648286819458,0.068353533744812
6589,2.71400494966656e-05,0.0081366635859012,0.148804023861885,0.84303218126297
6590,0.0001807548396755,0.2211323082447052,0.736483097076416,0.0422038435935974
6591,6.071257666917518e-05,0.079065017402172,0.8111034035682678,0.1097709015011787
6592,0.0001561755489092,0.3682824969291687,0.6264696717262268,0.0050916424952447
6593,0.0014166912296786,0.5203877091407776,0.4592405259609222,0.0189551208168268
6594,0.0019258386455476,0.8016014099121094,0.1933953464031219,0.0030774814076721
6595,0.0003068899095524,0.2833998799324035,0.6693009734153748,0.0469923019409179
6596,0.0004996008938178,0.6306047439575195,0.3649660348892212,0.0039296653121709
6597,0.0011151337530463,0.2815258800983429,0.6053757071495056,0.1119832545518875
6598,0.0017341910861432,0.688775897026062,0.3056424558162689,0.003847470972687
6599,0.0006413933588191,0.1806411892175674,0.583116888999939,0.2356005311012268
6600,0.0009182567009702,0.2546071410179138,0.6203889846801758,0.1240856051445007
6601,0.0002438056108076,0.1453640013933181,0.7044138312339783,0.1499783545732498
6602,9.39622987061739e-05,0.109687827527523,0.7855533957481384,0.1046648621559143
6603,0.0002112380316248,0.1220712959766388,0.6915810108184814,0.1861365139484405
6604,0.0003352203348185,0.168305829167366,0.6656624674797058,0.1656965017318725
6605,0.0001271063374588,0.0563182644546031,0.4570390582084656,0.4865155518054962
6606,0.0005106419557705,0.1530918926000595,0.5513050556182861,0.29509237408638
6607,0.0004745285841636,0.1716043502092361,0.5896720290184021,0.2382490485906601
6608,0.0002568720374256,0.8024725914001465,0.1966543793678283,0.0006162039935588
6609,0.0003375782398506,0.3588096797466278,0.619967520236969,0.0208852253854274
6610,0.0002064686414087,0.0369621068239212,0.184798926115036,0.7780324816703796
6611,0.0002625542110763,0.2621592879295349,0.6799894571304321,0.0575887486338615
6612,0.0006957548903301,0.5942155718803406,0.4020664095878601,0.0030222213827073
6613,0.000253900012467,0.6784496307373047,0.3204769194126129,0.0008195992559194
6614,0.000126261555124,0.0463791713118553,0.5829493999481201,0.3705451786518097
6615,0.0003577659954316,0.1661263853311538,0.6673895120620728,0.1661263853311538
6616,8.837781933834776e-05,0.0248906128108501,0.2361555844545364,0.7388654351234436
6617,0.0003567026578821,0.0701332613825798,0.4502361416816711,0.4792738854885101
6618,0.0001623485441086,0.0697202160954475,0.6411351561546326,0.2889822721481323
6619,0.0005582966841757,0.2983851730823517,0.672421395778656,0.0286351572722196
6620,0.0053044408559799,0.622765064239502,0.3661046624183655,0.0058257882483303
6621,0.0013505661627277,0.1314529329538345,0.4808348417282104,0.3863616585731506
6622,0.0002804830728564,0.1522666364908218,0.7151613235473633,0.132291555404663
6623,0.0003900891460943,0.0855623260140419,0.6625659465789795,0.2514816522598266
6624,0.0003131007251795,0.1263138502836227,0.6618372201919556,0.2115358859300613
6625,0.0002298711187904,0.128752052783966,0.7181212902069092,0.152896836400032
6626,0.0011988965561613,0.1242165639996528,0.4543653130531311,0.420219212770462
6627,0.0001120017914217,0.1348967403173446,0.8263427019119263,0.0386485643684864
6628,0.0002582485321909,0.0566443391144275,0.4056708216667175,0.5374265313148499
6629,0.0003503877087496,0.2330574840307235,0.7067380547523499,0.0598541051149368
6630,0.0006836213287897,0.2114574760198593,0.6615918874740601,0.1262670159339904
6631,4.60202936665155e-05,0.0107451248914003,0.1085219159722328,0.8806869387626648
6632,7.807010842952877e-05,0.1624673306941986,0.7630716562271118,0.0743829682469368
6633,2.804365249176044e-05,0.351956307888031,0.6473467350006104,0.0006689018919132
6634,0.000316429650411,0.4318574666976928,0.563248336315155,0.0045778094790875
6635,0.0001977350038941,0.1467231512069702,0.7568556666374207,0.0962233915925026
6636,0.0001059158894349,0.5807178616523743,0.4182754158973694,0.0009007884073071
6637,0.0054178605787456,0.5975428819656372,0.3798213601112366,0.0172179266810417
6638,0.002902117324993,0.3102304637432098,0.5979849100112915,0.0888825207948684
6639,0.0001619251124793,0.4128682911396026,0.5822376608848572,0.0047321459278464
6640,0.0012807447928935,0.2187800109386444,0.6430302262306213,0.1369090229272842
6641,8.076376252574846e-05,0.0793920382857322,0.7300755977630615,0.1904516071081161
6642,0.0001351722021354,0.0589635446667671,0.568240225315094,0.3726610541343689
6643,0.0001817701704567,0.1083766743540763,0.7522831559181213,0.1391583979129791
6644,7.895127782830968e-05,0.0585833564400672,0.6704509854316711,0.2708866894245147
6645,0.0001414905564161,0.4088006615638733,0.5855799317359924,0.0054779318161308
6646,0.0002724748919717,0.5244191288948059,0.4700862467288971,0.0052221864461898
6647,0.0002888280141633,0.4262180924415588,0.5646471977233887,0.0088458741083741
6648,0.016281247138977,0.7603386640548706,0.2178406715393066,0.0055394149385392
6649,9.286912245443092e-05,0.065755009651184,0.7764140367507935,0.1577380895614624
6650,7.348482176894322e-05,0.0144482553005218,0.1190982386469841,0.8663800358772278
6651,0.0003282873367425,0.1224874928593635,0.65189528465271,0.225288987159729
6652,0.0005410032463259,0.1699781715869903,0.6722766757011414,0.1572041064500808
6653,0.0001069342906703,0.124830812215805,0.696250319480896,0.1788118779659271
6654,0.000235586616327,0.238936647772789,0.7022737860679626,0.0585539415478706
6655,0.000189811369637,0.2017492353916168,0.7152631878852844,0.0827977210283279
6656,0.0002593827957753,0.2589926719665527,0.7040149569511414,0.0367329679429531
6657,1.4095331607677508e-05,0.0098253255710005,0.7928137183189392,0.1973469406366348
6658,4.832442209590226e-05,0.0306706689298152,0.6872387528419495,0.2820422053337097
6659,3.952504630433396e-05,0.0317115001380443,0.7446611523628235,0.2235878109931945
6660,0.0001474699092796,0.1361822336912155,0.7715249061584473,0.0921455100178718
6661,0.001760127954185,0.278073787689209,0.5617244839668274,0.1584416627883911
6662,0.002834033453837,0.836478590965271,0.1596447378396988,0.0010425826767459
6663,0.0403895303606987,0.9050096869468688,0.0535074360668659,0.0010932945879176
6664,0.0007855694857425,0.353551298379898,0.6014110445976257,0.0442521348595619
6665,0.0002360584912821,0.2080075442790985,0.7036804556846619,0.0880759432911872
6666,9.938041330315173e-05,0.2271418422460556,0.7447694540023804,0.0279893707484006
6667,0.0001270239154109,0.2157499492168426,0.7530412673950195,0.0310817267745733
6668,0.0002949990157503,0.6534994840621948,0.344370037317276,0.0018355456413701
6669,0.0001076858388842,0.4057908356189728,0.5904222130775452,0.0036792643368244
6670,0.0002992488734889,0.2596008777618408,0.6839572191238403,0.0561426281929016
6671,0.0001453745644539,0.6817638874053955,0.3170496523380279,0.00104113179259
6672,6.900528387632221e-05,0.1528646498918533,0.8263784646987915,0.0206879805773496
6673,2.256916013720911e-05,0.0062578027136623,0.1075094863772392,0.8862101435661316
6674,8.91618910827674e-05,0.0738066211342811,0.7571591734886169,0.1689450442790985
6675,0.0042456444352865,0.3534594178199768,0.5142804384231567,0.1280145198106765
6676,0.0003605756210163,0.1622797101736068,0.7049108743667603,0.1324488371610641
6677,7.192946941358969e-05,0.101284235715866,0.7367920875549316,0.1618517488241195
6678,3.982816633651965e-05,0.0173734650015831,0.2553012073040008,0.7272854447364807
6679,5.6342043535551056e-05,0.1577774882316589,0.8138782382011414,0.0282879471778869
6680,6.400753591151442e-06,0.0013607493601739,0.0199960656464099,0.9786367416381836
6681,0.0002310603740625,0.2494600713253021,0.6996280550956726,0.0506808869540691
6682,9.590270929038525e-05,0.135041058063507,0.8144018650054932,0.0504611581563949
6683,0.0001237031829077,0.0583453588187694,0.5365338921546936,0.4049970507621765
6684,0.0002835588238667,0.3208309412002563,0.6480963230133057,0.0307892095297575
6685,7.039106276351959e-05,0.2531066834926605,0.7439218759536743,0.0029010158032178
6686,3.3823376725194976e-05,0.3805136084556579,0.6176345348358154,0.001818063436076
6687,6.36171898804605e-05,0.0828476697206497,0.7984150052070618,0.1186737939715385
6688,3.532134724082425e-05,0.0628723949193954,0.8412233591079712,0.0958689525723457
6689,0.0001915915781864,0.2697810232639313,0.699758768081665,0.030268594622612
6690,6.126303196651861e-05,0.3155434131622314,0.6785249710083008,0.0058703911490738
6691,4.634297147276811e-05,0.0492576286196708,0.7705190181732178,0.1801769435405731
6692,5.934846922173165e-05,0.0682069212198257,0.8309304118156433,0.100803293287754
6693,7.480544445570558e-05,0.8415625691413879,0.1581249237060547,0.0002377312048338
6694,0.0001648150064283,0.7148469090461731,0.2843464612960815,0.0006417499389499
6695,0.0007118399371393,0.3410307765007019,0.6175270080566406,0.0407303236424922
6696,0.00013621475955,0.1200283020734787,0.7705484628677368,0.1092870086431503
6697,0.0002734694862738,0.1656181514263153,0.6550324559211731,0.1790759116411209
6698,0.0002430009481031,0.915696620941162,0.0838525667786598,0.0002078497200272
6699,0.0006066276109777,0.8951889276504517,0.1036256477236747,0.0005788480630144
6700,0.0001135854981839,0.6425377726554871,0.3548430204391479,0.0025056558661162
6701,0.0002943043073173,0.2474563121795654,0.7160385847091675,0.0362108573317527
6702,0.0001322136231465,0.2210831195116043,0.7479145526885986,0.0308701209723949
6703,6.088966256356798e-05,0.0744913592934608,0.7291891574859619,0.1962586045265197
6704,7.435811858158559e-05,0.1726277619600296,0.7982226610183716,0.0290752593427896
6705,1.3482092072081286e-05,0.0035670257639139,0.0673048421740531,0.9291146397590636
6706,4.9205456889467314e-05,0.0640794858336448,0.844081699848175,0.0917896255850792
6707,8.330366108566523e-05,0.0346738994121551,0.3968217968940735,0.5684210062026978
6708,9.103763295570388e-05,0.1242465302348136,0.8101891279220581,0.0654733180999755
6709,8.434232586296275e-05,0.3436516523361206,0.6521362066268921,0.0041278363205492
6710,0.0002074131916742,0.8191012144088745,0.1799326539039611,0.0007586859865114
6711,0.0009496059501543,0.6218300461769104,0.3713116645812988,0.00590864662081
6712,0.0006565675139427,0.6255587935447693,0.3677470088005066,0.0060376827605068
6713,1.889779559860472e-05,0.0060310130938887,0.0988684296607971,0.8950816988945007
6714,3.969570752815344e-05,0.0435316264629364,0.7136286497116089,0.2427999377250671
6715,3.742646367754787e-05,0.0252859219908714,0.4080941081047058,0.5665825605392456
6716,3.659316644188948e-05,0.0574825406074523,0.8446998000144958,0.0977810993790626
6717,7.832174014765769e-05,0.4716300666332245,0.526141345500946,0.0021502196323126
6718,0.0002580689033493,0.4739474356174469,0.5205294489860535,0.0052650808356702
6719,0.0001804080529836,0.4745970070362091,0.5212428569793701,0.0039797378703951
6720,3.5757620935328305e-05,0.0112347118556499,0.1503187865018844,0.8384108543395996
6721,0.0013427666854113,0.1992842406034469,0.6235052347183228,0.1758677214384079
6722,0.0005045487778261,0.2379734814167022,0.6994429230690002,0.0620790868997573
6723,0.0001207974128192,0.1727740466594696,0.7388608455657959,0.0882443487644195
6724,0.0012628355761989,0.1845157146453857,0.5772985816001892,0.2369228601455688
6725,9.190051059704274e-05,0.0681919381022453,0.5799554586410522,0.3517607748508453
6726,0.0001740295410854,0.0930111855268478,0.6766098141670227,0.2302049100399017
6727,8.328150579473004e-05,0.0481271408498287,0.674837052822113,0.2769525647163391
6728,6.0565798776224256e-05,0.0130785703659057,0.1520333588123321,0.8348274230957031
6729,0.0009021630976349,0.3997302949428558,0.572587251663208,0.0267802625894546
6730,0.0005158940330147,0.4690203070640564,0.5232299566268921,0.0072338478639721
6731,0.0005906739970669,0.3059766888618469,0.6377101540565491,0.0557224936783313
6732,8.024127600947395e-05,0.5224518179893494,0.4756978154182434,0.0017700942698866
6733,9.672957821749152e-05,0.0996499955654144,0.8214235901832581,0.078829638659954
6734,2.0203164240228944e-05,0.0189505703747272,0.6178273558616638,0.3632019460201263
6735,4.6297052904265e-05,0.0095395678654313,0.1316896677017212,0.8587244749069214
6736,4.620701292878948e-05,0.0760678946971893,0.8306854963302612,0.0932003259658813
6737,0.000264067784883,0.4148120582103729,0.5669808983802795,0.0179430078715086
6738,0.0010117230704054,0.705234169960022,0.2894275188446045,0.0043265903368592
6739,0.0010623612906783,0.6235905289649963,0.3665899634361267,0.0087571367621421
6740,0.000987576553598,0.1560222655534744,0.5278165340423584,0.3151736259460449
6741,0.0002501007693354,0.117961548268795,0.6579366326332092,0.2238516807556152
6742,1.5898602214292623e-05,0.0028461748734116,0.0452227815985679,0.951915204524994
6743,6.130593828856945e-05,0.2103444635868072,0.769408106803894,0.0201861448585987
6744,0.0053212605416774,0.4865478873252868,0.4642672538757324,0.043863620609045
6745,1.757389327394776e-05,0.0035649824421852,0.0532120130956172,0.94320547580719
6746,9.236250480171292e-05,0.2078290283679962,0.7602070569992065,0.0318716168403625
6747,0.0004138120857533,0.0449322909116745,0.2839808464050293,0.6706730127334595
6748,0.0019036855082958,0.2003452032804489,0.5707303285598755,0.2270208448171615
6749,6.08361151535064e-05,0.0176776908338069,0.2187497615814209,0.7635116577148438
6750,0.0004653648356907,0.1877415776252746,0.686730146408081,0.1250628530979156
6751,4.474131128517911e-05,0.0145035283640027,0.2530955374240875,0.7323561906814575
6752,0.0001772275427356,0.0621191374957561,0.5802326798439026,0.3574709594249725
6753,0.0001143504559877,0.1714021861553192,0.7925556302070618,0.0359278507530689
6754,6.676586053799838e-05,0.1048794463276863,0.799560010433197,0.0954938307404518
6755,0.0001184100183309,0.0549829453229904,0.5056137442588806,0.4392848610877991
6756,0.0001234430237673,0.1251983791589737,0.791278064250946,0.0834000930190086
6757,0.0004238300898578,0.1231560632586479,0.5519471764564514,0.3244729936122894
6758,0.0001376149448333,0.1736999303102493,0.7428203821182251,0.0833421349525451
6759,0.0007509092101827,0.427211582660675,0.5571889281272888,0.0148485815152525
6760,8.861316746333614e-05,0.308825135231018,0.6851584315299988,0.0059277820400893
6761,0.0001087378623196,0.1629893481731414,0.7536551356315613,0.0832468122243881
6762,0.0002682317863218,0.124551735818386,0.6424867510795593,0.2326932847499847
6763,2.473467611707747e-05,0.0050175953656435,0.0681919008493423,0.9267657399177552
6764,0.0001300218864344,0.1258319765329361,0.6909534931182861,0.1830844581127166
6765,0.0003544840728864,0.2016751319169998,0.74931401014328,0.0486563928425312
6766,0.0001618433452676,0.538209855556488,0.4603553116321563,0.0012729964219033
6767,6.828069308539852e-05,0.2613529562950134,0.7329824566841125,0.0055963895283639
6768,0.0002006277354666,0.3983957767486572,0.5980628728866577,0.003340751864016
6769,0.0003083905612584,0.263383686542511,0.7048512697219849,0.0314566940069198
6770,0.0002440721000311,0.2218959033489227,0.7275686860084534,0.0502913668751716
6771,0.0003955182328354,0.113147422671318,0.5836588144302368,0.3027982115745544
6772,0.0006458310526795,0.2061094790697097,0.675806999206543,0.1174376383423805
6773,0.0002570947108324,0.199924424290657,0.7545068860054016,0.0453116595745086
6774,0.0008911797776818,0.4203303158283233,0.5568472146987915,0.0219313222914934
6775,0.0004121712699998,0.296429306268692,0.6474611163139343,0.0556974150240421
6776,0.0013059517368674,0.3455222547054291,0.6064104437828064,0.0467613525688648
6777,0.0006716332281939,0.2884313464164734,0.6706229448318481,0.0402740389108657
6778,0.0002009109448408,0.2203256040811538,0.7112197279930115,0.0682536885142326
6779,0.0004043807566631,0.233685627579689,0.708642840385437,0.0572671256959438
6780,8.864257688401267e-05,0.0885092392563819,0.6853858232498169,0.2260162830352783
6781,0.0002309484989382,0.0917267948389053,0.6467368602752686,0.2613053321838379
6782,8.711482951184735e-05,0.0278016906231641,0.3959733545780182,0.5761377811431885
6783,2.73919285973534e-05,0.0087418174371123,0.1133656129240989,0.8778652548789978
6784,2.4306511477334425e-05,0.0058553977869451,0.0833971351385116,0.9107231497764589
6785,0.0002471072948537,0.109488271176815,0.6106765270233154,0.2795881032943725
6786,0.0003616925969254,0.3288294970989227,0.6438168883323669,0.026991968974471
6787,0.0005533015355467,0.305102527141571,0.6664051413536072,0.0279389806091785
6788,0.0021457232069224,0.3781729936599731,0.5589033961296082,0.0607779249548912
6789,8.608309144619852e-05,0.2606511116027832,0.73101407289505,0.0082487175241112
6790,5.343968223314732e-05,0.111210323870182,0.8478241562843323,0.040911991149187
6791,0.0001590971078258,0.5290772914886475,0.4669090509414673,0.003854569979012
6792,0.0001231614587595,0.2603406608104706,0.7188236117362976,0.0207125749439001
6793,0.0003239466168452,0.3901664912700653,0.5857092142105103,0.0238003060221672
6794,0.0004058612976223,0.210241362452507,0.657787024974823,0.1315656751394271
6795,0.0004902593791484,0.6384570002555847,0.3581418991088867,0.002910804003477
6796,0.0002027932932833,0.2367327660322189,0.7178831696510315,0.0451812371611595
6797,0.0005698450258933,0.3972176015377044,0.5870495438575745,0.0151630155742168
6798,0.0006095185526646,0.3157384395599365,0.6279208660125732,0.0557311438024044
6799,0.0010547108249738,0.5815905332565308,0.4060156047344208,0.0113392109051346
6800,0.0004728214407805,0.2195516377687454,0.6762666702270508,0.1037088558077812
6801,0.0001348199439235,0.3491703271865845,0.64222252368927,0.008472366258502
6802,0.0002834919141605,0.1491650193929672,0.7694517970085144,0.08109962195158
6803,0.0001985303533729,0.4397963881492615,0.5559546947479248,0.0040503842756152
6804,0.0012277542846277,0.241395503282547,0.6261323094367981,0.1312444508075714
6805,8.465784776490182e-05,0.083219975233078,0.7773280739784241,0.1393672525882721
6806,4.70071317977272e-05,0.1041330099105835,0.8450695872306824,0.0507503747940063
6807,0.0002504932344891,0.537834882736206,0.46003457903862,0.001880056108348
6808,4.418369280756451e-05,0.1276574432849884,0.8455399870872498,0.0267584510147571
6809,0.0001002758726826,0.4215421676635742,0.5761798620223999,0.002177755581215
6810,0.0016243908321484,0.1967645585536956,0.5605300664901733,0.2410809844732284
6811,0.0002734227746259,0.7081379890441895,0.2906192243099212,0.0009693679749034
6812,0.0021992111578583,0.3066167831420898,0.581856369972229,0.1093275770545005
6813,2.8991162253078077e-05,0.0115145416930317,0.1424848586320877,0.8459715247154236
6814,6.091103205108084e-05,0.017699459567666,0.205749437212944,0.7764902114868164
6815,2.0922409021295607e-05,0.0028272808995097,0.0366647355258464,0.9604869484901428
6816,5.381087612477131e-05,0.0238425116986036,0.2227043956518173,0.7533992528915405
6817,5.554271410801448e-05,0.4294571876525879,0.5689383745193481,0.0015488644130527
6818,4.0342085412703454e-05,0.0294705051928758,0.5306034684181213,0.4398857057094574
6819,9.130000398727134e-05,0.0985703542828559,0.7283419370651245,0.1729963719844818
6820,0.0001553856272948,0.13692107796669,0.7401883006095886,0.122735247015953
6821,6.666585977654904e-05,0.1224328577518463,0.8109349012374878,0.0665655881166458
6822,9.639111522119492e-05,0.6577229499816895,0.341222196817398,0.0009584228391759
6823,4.093989264219999e-05,0.1182853132486343,0.8604664206504822,0.0212073884904384
6824,0.0001253000664291,0.0629100650548935,0.5267395377159119,0.4102251529693603
6825,0.0002666960645001,0.1978935599327087,0.7126421332359314,0.0891976282000541
6826,0.0001604488643351,0.2224261164665222,0.752457857131958,0.0249555204063653
6827,0.0001821331534301,0.2298915535211563,0.7537854313850403,0.0161409210413694
6828,0.0005936649977229,0.2146877944469452,0.7150195837020874,0.0696989223361015
6829,0.0003311423934064,0.0365221202373504,0.1943757534027099,0.7687710523605347
6830,6.02775726292748e-05,0.0772815197706222,0.7805156707763672,0.1421424597501754
6831,7.718386041233316e-05,0.0235043410211801,0.2337051182985305,0.7427133321762085
6832,9.726381904329172e-06,0.0026138827670365,0.0372289530932903,0.9601473808288574
6833,0.0011553285876289,0.451752632856369,0.528152346611023,0.0189396906644105
6834,0.0003609113045968,0.383610188961029,0.6035035848617554,0.0125253172591328
6835,0.0001249642809852,0.208961009979248,0.7643476128578186,0.0265664122998714
6836,0.0001877951435744,0.1155232191085815,0.7188096046447754,0.165479376912117
6837,2.6518555387156084e-05,0.0606102757155895,0.8906614780426025,0.0487017259001731
6838,0.0001202454805024,0.1011045351624488,0.7240822315216064,0.1746929883956909
6839,6.12902149441652e-05,0.1663534790277481,0.8188204765319824,0.014764710329473
6840,0.000121466058772,0.1417946219444275,0.7665344476699829,0.0915494859218597
6841,0.0001633072824915,0.4868121445178985,0.5101746916770935,0.0028498128522187
6842,0.0001337152643827,0.257355272769928,0.7331368923187256,0.009374164044857
6843,0.0006843549781478,0.7865029573440552,0.2116844058036804,0.0011283106869086
6844,7.11917455191724e-05,0.7179296612739563,0.2811452746391296,0.0008538468391634
6845,0.0005578999989666,0.2395888715982437,0.661526083946228,0.0983270779252052
6846,9.820470950216986e-06,0.0029905694536864,0.0425940155982971,0.9544056057929992
6847,8.480030373902991e-05,0.100551389157772,0.8160037398338318,0.0833600237965583
6848,0.0001719754509394,0.1945806145668029,0.7459036707878113,0.0593437328934669
6849,0.0002885860740207,0.51368647813797,0.4825637936592102,0.0034611921291798
6850,0.0004013526777271,0.1184611767530441,0.4987401664257049,0.3823973536491394
6851,0.000565453141462,0.2544863224029541,0.6498535871505737,0.0950945913791656
6852,0.0008424044935964,0.4229504466056824,0.543079137802124,0.0331280380487442
6853,0.0012706235283985,0.4249654412269592,0.5372065901756287,0.0365573689341545
6854,0.0002869554737117,0.3050030767917633,0.645691454410553,0.0490184538066387
6855,0.0002398356446065,0.201658084988594,0.726198673248291,0.0719034075736999
6856,0.0009329417371191,0.5650066137313843,0.4264893531799316,0.0075710932724177
6857,0.0001427929673809,0.4899314641952514,0.5054835677146912,0.0044421590864658
6858,0.0005888860905542,0.5353804230690002,0.4508355259895324,0.0131951924413442
6859,0.0004717453557532,0.1553311049938202,0.5254783630371094,0.3187187612056732
6860,0.0015846521127969,0.2623658776283264,0.6196253299713135,0.1164241507649421
6861,0.0004646438756026,0.1268355101346969,0.5684372782707214,0.3042625784873962
6862,0.0004984780098311,0.3641457557678222,0.6291874051094055,0.0061683366075158
6863,0.0024189599789679,0.3762345016002655,0.530575692653656,0.0907708033919334
6864,3.673167157103308e-05,0.1280132979154586,0.8478969931602478,0.0240529868751764
6865,8.448340668110177e-05,0.0536201521754264,0.5855490565299988,0.3607463240623474
6866,2.9276625355123546e-05,0.0101025123149156,0.1997684985399246,0.7900997400283813
6867,0.0002073200594168,0.1422745287418365,0.7339078783988953,0.1236102506518364
6868,3.889893559971824e-05,0.0081413947045803,0.1215209364891052,0.8702988028526306
6869,0.0002197087887907,0.3045766353607178,0.6757327914237976,0.0194709319621324
6870,0.0001836046867538,0.2246188074350357,0.7250784039497375,0.0501192323863506
6871,0.0001431189593859,0.3536900281906128,0.6404499411582947,0.0057168668136
6872,0.0004620341642294,0.620799720287323,0.3765340447425842,0.0022042416967451
6873,5.3842770284973085e-05,0.0257951859384775,0.3191983997821808,0.6549525856971741
6874,0.0001217610624735,0.0862116441130638,0.6174235939979553,0.2962430715560913
6875,0.0001243745355168,0.0880621001124382,0.5742369890213013,0.3375765085220337
6876,3.802059654844925e-05,0.0084707820788025,0.1000202670693397,0.8914709687232971
6877,0.0008303201175294,0.5028570890426636,0.4873857796192169,0.0089267818257212
6878,0.0024997289292514,0.6116634607315063,0.3768349289894104,0.0090018697082996
6879,0.0001024123266688,0.3352920413017273,0.6564698815345764,0.0081356195732951
6880,0.0001672118960414,0.3320403695106506,0.6603411436080933,0.0074512483552098
6881,0.0002776793553493,0.3560110628604889,0.6346583366394043,0.0090529145672917
6882,8.142188744386658e-05,0.2175685167312622,0.7713474035263062,0.0110026793554425
6883,0.0003336869413033,0.3546735942363739,0.6322740316390991,0.0127186933532357
6884,0.000320671359077,0.6673312187194824,0.3303529024124145,0.0019952841103076
6885,0.0009893693495541,0.6378239989280701,0.3577868342399597,0.0033997006248682
6886,6.809742626501247e-05,0.0669408366084098,0.8155063390731812,0.1174848303198814
6887,6.726094579789788e-05,0.1056571528315544,0.8181735277175903,0.0761019885540008
6888,5.857610813109204e-05,0.3161831498146057,0.679900586605072,0.0038577017839998
6889,0.0032645922619849,0.8503387570381165,0.1454758048057556,0.0009208205156028
6890,0.0004126730782445,0.5995326638221741,0.3931831121444702,0.0068716243840754
6891,7.668348553124815e-05,0.9775565266609192,0.022282600402832,8.422033715760335e-05
6892,0.0001972051977645,0.9248341917991638,0.0747380703687667,0.0002305562520632
6893,0.000755499699153,0.4947235584259033,0.4947235584259033,0.0097974687814712
6894,0.003756116842851,0.6724216341972351,0.3176295161247253,0.0061927889473736
6895,0.0035789902321994,0.5480303764343262,0.4268065094947815,0.0215840730816125
6896,0.0015299373771995,0.6570281386375427,0.3355771601200104,0.0058648493140935
6897,0.0004697483091149,0.5657723546028137,0.427067369222641,0.0066905207931995
6898,6.171898712636903e-05,0.0206421762704849,0.2849564254283905,0.6943396925926208
6899,0.0001886020618258,0.2494813501834869,0.7218981981277466,0.0284318253397941
6900,0.0004835911095142,0.1220870688557624,0.5557727217674255,0.321656584739685
6901,0.0141352051869034,0.7597910761833191,0.2211118042469024,0.0049619236961007
6902,0.0004401208425406,0.1890089064836502,0.6806471943855286,0.1299037933349609
6903,0.0002767739642877,0.1812397539615631,0.7168171405792236,0.1016662940382957
6904,0.0027864498551934,0.3592948317527771,0.5564867258071899,0.0814319923520088
6905,3.8142901757964864e-05,0.1248776316642761,0.8533837795257568,0.0217004809528589
6906,0.0001304484467254,0.118596002459526,0.8104566335678101,0.0708169117569923
6907,0.000118844458484,0.1781383156776428,0.7737975716590881,0.0479452759027481
6908,4.82236901007127e-05,0.2770907878875732,0.7187188267707825,0.0041421721689403
6909,0.000207070246688,0.5362914204597473,0.4587143957614898,0.004787113983184
6910,0.0007141376263462,0.600459635257721,0.3937910497188568,0.0050351610407233
6911,0.0008246580255217,0.4916850924491882,0.4916850924491882,0.0158051922917366
6912,0.0003878549032378,0.4744949340820312,0.5130513906478882,0.0120658120140433
6913,0.000440227886429,0.2974250614643097,0.6496360301971436,0.0524986460804939
6914,0.0006310630124062,0.3704248070716858,0.6012588143348694,0.027685273438692
6915,0.0008034061756916,0.3559730648994446,0.5869003534317017,0.0563231222331523
6916,0.0019586386624723,0.3143084347248077,0.5964525938034058,0.0872802883386612
6917,5.881612378288992e-05,0.0168257541954517,0.159638300538063,0.8234770894050598
6918,4.010693010059185e-05,0.0297601092606782,0.7210214138031006,0.24917833507061
6919,1.8780265236273408e-05,0.0036924909800291,0.0494049862027168,0.946883738040924
6920,7.166285649873316e-05,0.0263236369937658,0.3929146230220794,0.5806901454925537
6921,0.0005588044296018,0.3280100524425506,0.6322559118270874,0.0391752123832702
6922,0.0002635731652844,0.2550795972347259,0.7042973637580872,0.0403594560921192
6923,0.0005416728672571,0.1869155466556549,0.5940163731575012,0.2185264378786087
6924,0.0001103563554352,0.1191441938281059,0.707391619682312,0.1733537763357162
6925,8.139987767208368e-05,0.0623175725340843,0.7131868600845337,0.2244141995906829
6926,0.0001016701571643,0.0790616944432258,0.715766191482544,0.2050704509019851
6927,4.47083220933564e-05,0.0238946471363306,0.465170681476593,0.510890007019043
6928,7.838194869691506e-05,0.1373576819896698,0.8283728361129761,0.0341910310089588
6929,6.384559674188495e-05,0.0249646883457899,0.4494782090187073,0.5254932641983032
6930,1.9028695533052087e-05,0.0045129125937819,0.0799932926893234,0.915474772453308
6931,4.196689769742079e-05,0.0140360062941908,0.30962935090065,0.6762926578521729
6932,3.060510789509863e-05,0.008224862627685,0.1527857482433319,0.8389587998390198
6933,0.0005972347571514,0.7193190455436707,0.2773222029209137,0.002761585637927
6934,7.827912486391142e-05,0.0793922394514083,0.7300774455070496,0.1904520839452743
6935,0.0001827535452321,0.1072736680507659,0.6270386576652527,0.2655048966407776
6936,0.0001551335881231,0.0465094856917858,0.4210625290870666,0.5322728753089905
6937,0.0001590582251083,0.1296242773532867,0.734371542930603,0.1358450800180435
6938,0.0001260466960957,0.1831210106611251,0.7472480535507202,0.0695048943161964
6939,0.0001156344878836,0.2296207398176193,0.7297332286834717,0.0405304692685604
6940,0.0002930157352238,0.1163782924413681,0.6291350722312927,0.2541935443878174
6941,0.0005332670407369,0.3659574389457702,0.6128633618354797,0.0206459052860736
6942,0.0002177175774704,0.2705463171005249,0.6908642649650574,0.038371630012989
6943,0.0007904107915237,0.3341775238513946,0.6051173806190491,0.0599147379398345
6944,0.0005793121526949,0.1820144653320312,0.7087204456329346,0.1086858063936233
6945,0.0001223475992446,0.7601272463798523,0.2391846477985382,0.0005657296278513
6946,0.000103721038613,0.4940811097621918,0.5018617510795593,0.0039533954113721
6947,0.0001633659267099,0.828392744064331,0.1709484905004501,0.0004954010364599
6948,0.0003118426830042,0.1830471009016037,0.6695585250854492,0.1470824927091598
6949,0.000157336180564,0.3431369066238403,0.651159405708313,0.0055462913587689
6950,0.0003441618755459,0.4080875813961029,0.5754957795143127,0.016072453930974
6951,0.0003752592892851,0.5624836087226868,0.4312711358070373,0.0058700433000922
6952,0.0008946281741373,0.5010860562324524,0.4856692850589752,0.0123499613255262
6953,0.0011454313062131,0.4078018069267273,0.56617671251297,0.0248760692775249
6954,0.0008902552071958,0.9462462067604064,0.0525559224188327,0.0003076639550272
6955,7.148244185373187e-05,0.0394169799983501,0.4727523326873779,0.4877591133117676
6956,0.0179392844438552,0.9642667770385742,0.0176611617207527,0.0001327540667261
6957,0.0001025431192829,0.1040012687444686,0.7684712409973145,0.1274250149726867
6958,0.0001260657445527,0.1641734093427658,0.7832275032997131,0.0524729713797569
6959,0.000274165009614,0.1398191452026367,0.7325999736785889,0.1273067742586136
6960,0.0001341693277936,0.3213713467121124,0.6697953939437866,0.0086991237476468
6961,0.000142580945976,0.0993878319859504,0.6582959890365601,0.2421735972166061
6962,0.0001357983855996,0.1489209979772567,0.7562832832336426,0.0946599617600441
6963,0.0004687917244154,0.2585019469261169,0.6397985219955444,0.1012308299541473
6964,0.0001225801679538,0.167295217514038,0.749765157699585,0.0828171372413635
6965,0.0001142307010013,0.0582555755972862,0.43045374751091,0.5111764669418335
6966,0.0001859305193647,0.0414243042469024,0.2577507197856903,0.700639009475708
6967,0.0019228568999096,0.378063440322876,0.5500790476799011,0.0699346959590911
6968,0.000104231199657,0.0101450011134147,0.0621456690132617,0.927605152130127
6969,4.263894152245484e-05,0.3401503264904022,0.6556568741798401,0.0041501214727759
6970,0.0002948601031675,0.4930550158023834,0.5008194446563721,0.0058306050486862
6971,4.869105760008097e-05,0.2886572778224945,0.7033573985099792,0.0079366406425833
6972,5.57370440219529e-05,0.2696877419948578,0.7217218279838562,0.0085346959531307
6973,7.656864181626588e-05,0.0199440792202949,0.1450831741094589,0.8348961472511292
6974,8.077637903625146e-05,0.0331006981432437,0.3614700734615326,0.6053484678268433
6975,7.874153379816562e-05,0.0548877716064453,0.5457524657249451,0.3992810249328613
6976,4.4664146116701886e-05,0.0154122998937964,0.264784425497055,0.7197586297988892
6977,0.0001660565758356,0.3455710411071777,0.6456116437911987,0.0086512016132473
6978,0.0001785396743798,0.3893799185752868,0.6030834317207336,0.0073581272736191
6979,6.459785072365776e-05,0.0635006874799728,0.7497957348823547,0.1866389214992523
6980,5.0754370022332296e-05,0.030737780034542,0.4883915781974792,0.4808197915554046
6981,0.0004046261892654,0.2302022874355316,0.6980797648429871,0.0713133364915847
6982,0.002779382513836,0.4061017334461212,0.5550752878189087,0.0360435806214809
6983,0.0001506994303781,0.5334722399711609,0.4634887278079986,0.0028882680926471
6984,7.078946509864181e-05,0.468169242143631,0.5305052399635315,0.0012547732330858
6985,7.000639743637294e-05,0.7875731587409973,0.2119724452495575,0.0003844107559416
6986,7.549658039351925e-05,0.1475927978754043,0.7733309864997864,0.0790007337927818
6987,7.25558347767219e-05,0.1509918868541717,0.8035995960235596,0.0453359894454479
6988,0.0001377533189952,0.4440042674541473,0.5525722503662109,0.0032857144251465
6989,0.0009579680045135,0.6371844410896301,0.3574280440807342,0.0044295992702245
6990,0.0001079356006812,0.2110097855329513,0.759875476360321,0.029006777331233
6991,0.0001177888625534,0.1738188117742538,0.7669245600700378,0.0591388754546642
6992,0.0001631367340451,0.5096419453620911,0.4863037467002868,0.003891163971275
6993,0.0007058051996864,0.2633434236049652,0.6517812013626099,0.0841696113348007
6994,0.0001057489935192,0.1942096203565597,0.7802098989486694,0.0254747569561004
6995,5.820748265250586e-05,0.0845640003681182,0.8149555325508118,0.1004222258925437
6996,0.0007897919858805,0.8136370778083801,0.1844059228897094,0.0011672370601445
6997,0.0006063633481971,0.1707753688097,0.5599508881568909,0.2686673700809479
6998,0.0001536291529191,0.1139957755804061,0.5611068606376648,0.3247437477111816
6999,0.00029674108373,0.4962003231048584,0.4962003231048584,0.0073025948368012
7000,0.002104215323925,0.2320766299962997,0.5148845314979553,0.2509346604347229
7001,0.0003323068085592,0.0508842431008815,0.2352863848209381,0.7134971022605896
7002,0.0001116365747293,0.0137356333434581,0.0815522149205207,0.9046005606651306
7003,0.0003507193177938,0.089936688542366,0.4158630669116974,0.4938495755195617
7004,0.0039797606877982,0.2790027856826782,0.4820735454559326,0.2349438816308975
7005,0.0004535155603662,0.0558000281453132,0.2423842698335647,0.701362133026123
7006,0.0004136828938499,0.0674302950501442,0.3216919898986816,0.6104640960693359
7007,0.0008602058514952,0.1256866008043289,0.3524967730045318,0.5209563970565796
7008,0.0009303039405494,0.1829121559858322,0.5812936425209045,0.2348638623952865
7009,0.0003805716987699,0.1071837022900581,0.4879286587238312,0.4045070707798004
7010,0.0002949487534351,0.0411221273243427,0.1704464703798294,0.7881364822387695
7011,0.0006915080011822,0.0492418780922889,0.1917359977960586,0.7583305835723877
7012,0.0020638955757021,0.2172058075666427,0.4744210541248321,0.3063092827796936
7013,0.0001413119607605,0.0131242899224162,0.0666506439447403,0.92008376121521
7014,2.8853763069491837e-05,0.0033875610679388,0.0274910423904657,0.969092607498169
7015,5.605344267678447e-05,0.0074571650475263,0.0605170615017414,0.9319697022438048
7016,4.520874790614471e-05,0.0060144220478832,0.0437519140541553,0.950188398361206
7017,0.0003118716122116,0.0524487420916557,0.2880002558231354,0.6592391133308411
7018,0.0001776088756741,0.0285014118999242,0.1640142947435379,0.8073066473007202
7019,9.9011609563604e-05,0.0116244051605463,0.0648357197642326,0.9234408736228944
7020,0.0007204731809906,0.1020311117172241,0.3790915906429291,0.5181567668914795
7021,0.0001480830687796,0.0171160753816366,0.104848675429821,0.8778871893882751
7022,0.0004554590559564,0.0968269556760788,0.4619355797767639,0.4407820403575897
7023,0.0014352386351674,0.1765900701284408,0.4652528762817383,0.3567217588424682
7024,0.0030975600238889,0.4120891690254211,0.4970744252204895,0.08773884922266
7025,0.0001567964063724,0.0313140824437141,0.1979110985994339,0.7706180810928345
7026,0.0001825759682105,0.0279568191617727,0.1419764459133148,0.8298841714859009
7027,0.0001334189728368,0.0246429052203893,0.1463116705417633,0.8289120197296143
7028,3.618865594035015e-05,0.0045227287337183,0.0339449644088745,0.9614960551261902
7029,0.0016594821354374,0.1403312385082245,0.4390575885772705,0.4189516901969909
7030,0.0002173038956243,0.0348713845014572,0.1587437838315963,0.806167483329773
7031,0.0029863405507057,0.4717969596385956,0.479226678609848,0.045989990234375
7032,0.0003532274567987,0.1145036742091178,0.5212511420249939,0.3638919293880462
7033,0.000128876796225,0.0213377233594656,0.1652321815490722,0.8133012652397156
7034,6.882374873384833e-05,0.0090141333639621,0.0569710694253444,0.9339460134506226
7035,0.0002847696305252,0.0525978505611419,0.2755930125713348,0.6715243458747864
7036,0.0005267288070172,0.1604015678167343,0.586724579334259,0.2523471117019653
7037,4.634115248336457e-05,0.0073212068527936,0.0632455721497535,0.9293869137763976
7038,0.0012739681405946,0.1519249379634857,0.4002688825130462,0.4465322196483612
7039,0.0007843443308956,0.2749166190624237,0.6292903423309326,0.0950086340308189
7040,0.0019884945359081,0.2298387140035629,0.4865685403347015,0.2816042602062225
7041,0.0002247466327389,0.0333553589880466,0.1831569522619247,0.7832629084587097
7042,0.0004479453491512,0.1364101320505142,0.5148064494132996,0.3483354747295379
7043,3.746423681150191e-05,0.005142331123352,0.0300580821931362,0.9647620320320128
7044,0.0019291519420221,0.2566480040550232,0.51844322681427,0.22297964990139
7045,0.0007926106336526,0.1510448604822158,0.4439455270767212,0.404217004776001
7046,0.0005261509213596,0.2560397684574127,0.664116621017456,0.079317420721054
7047,0.0001363126939395,0.0184201691299676,0.1076700165867805,0.873773455619812
7048,0.0003061089373659,0.0407237224280834,0.166178211569786,0.7927919030189514
7049,0.0006733916816301,0.1047364026308059,0.3543187081813812,0.540271520614624
7050,0.0008055206853896,0.1292642205953598,0.4654983580112457,0.4044319689273834
7051,5.494263677974232e-05,0.0060596941038966,0.036544632166624,0.9573407173156738
7052,7.463296060450375e-05,0.009928923100233,0.0678518712520599,0.9221445918083192
7053,5.6572411267552525e-05,0.0078873978927731,0.0660403668880462,0.9260157346725464
7054,6.902185850776732e-05,0.0096231158822774,0.0536734238266944,0.936634361743927
7055,0.000102417434391,0.0096617685630917,0.0498391911387443,0.9403965473175048
7056,0.000629291345831,0.0994185805320739,0.387112021446228,0.5128400921821594
7057,8.89063230715692e-05,0.0109389293938875,0.0639405027031898,0.9250316619873048
7058,0.0004817242443095,0.1254762560129165,0.5536271929740906,0.3204148411750793
7059,0.0001456705213058,0.0300155952572822,0.1957262754440307,0.7741124033927917
7060,8.726323721930385e-05,0.0094751641154289,0.0536804571747779,0.9367570877075196
7061,0.000447817321401,0.1148360073566436,0.5309963226318359,0.3537198305130005
7062,0.0011427184799686,0.1362729668617248,0.3943189680576324,0.4682653248310089
7063,4.72853789688088e-05,0.0047484617680311,0.0319467633962631,0.9632574915885924
7064,0.0001637879176996,0.0592308305203914,0.3516696095466614,0.5889357924461365
7065,6.84863916831091e-05,0.0126496534794569,0.1277569681406021,0.8595249056816101
7066,0.0008167384075932,0.102073036134243,0.3453086614608764,0.5518016219139099
7067,7.704918243689463e-05,0.013793378137052,0.1459937095642089,0.8401358723640442
7068,0.0004504206299316,0.1003512591123581,0.3394839167594909,0.5597143769264221
7069,0.000142964607221,0.0268218517303466,0.1643037647008896,0.8087314367294312
7070,0.0001248513581231,0.0213274247944355,0.1266267448663711,0.8519209027290344
7071,3.750923497136682e-05,0.0039474978111684,0.0300941839814186,0.9659208059310912
7072,0.0007382123149,0.1644696593284607,0.5226835012435913,0.31210857629776
7073,0.000954495568294,0.1997722089290619,0.5346181392669678,0.2646551430225372
7074,0.0001110851517296,0.0128396982327103,0.0727418437600135,0.9143073558807372
7075,0.000421731150709,0.1325040012598037,0.5492137670516968,0.3178605437278747
7076,0.0014329021796584,0.1847635358572006,0.4792401492595672,0.3345635235309601
7077,8.437447104370221e-05,0.0100619345903396,0.0698436796665191,0.9200100302696228
7078,0.0001232241920661,0.0185760874301195,0.1137923300266265,0.8675083518028259
7079,6.542261689901352e-05,0.0091213034465909,0.0604150183498859,0.9303982257843018
7080,7.19177260180004e-05,0.0101847611367702,0.072940394282341,0.9168028831481934
7081,0.0002998186391778,0.0793245434761047,0.4494041502475738,0.4709714949131012
7082,0.0009344114805571,0.0983381047844886,0.3076727092266083,0.5930547118186951
7083,0.0021090453956276,0.2020945101976394,0.4625989198684692,0.33319753408432
7084,0.0001469012640882,0.0297999121248722,0.2134185880422592,0.7566345930099487
7085,0.002532560378313,0.2707256078720093,0.5057820081710815,0.220959797501564
7086,6.713035691063851e-05,0.0086560286581516,0.0513932108879089,0.9398836493492126
7087,0.0005013109766878,0.1265606135129928,0.54975426197052,0.3231838345527649
7088,9.70947221503593e-05,0.0139667801558971,0.0803732648491859,0.9055628180503844
7089,0.0005245028878562,0.1031253933906555,0.4621759355068207,0.434174120426178
7090,0.0004828919481951,0.0549493916332721,0.220751479268074,0.7238162755966187
7091,0.0024292438756674,0.4417327046394348,0.5005487203598022,0.0552893280982971
7092,5.341201540431939e-05,0.008843258023262,0.060432706028223,0.9306706190109252
7093,0.0001671556965447,0.022237841039896,0.1299851834774017,0.84760981798172
7094,0.0006091896793805,0.2237712740898132,0.6577003598213196,0.1179191768169403
7095,0.0001875596208265,0.0310536548495292,0.1678744703531265,0.8008843064308167
7096,0.0023585325106978,0.2224972248077392,0.471026599407196,0.3041176497936249
7097,0.0001972337340703,0.0288182627409696,0.1418484449386596,0.8291360139846802
7098,7.392484258161858e-05,0.0099895922467112,0.0621573254466056,0.9277791380882264
7099,4.776935020345263e-05,0.0053515112958848,0.0365709401667118,0.9580298662185668
7100,4.958763383910991e-05,0.0059134899638593,0.0450821407139301,0.9489548206329346
7101,5.0827948143705726e-05,0.0057838293723762,0.036554928869009,0.9576104283332824
7102,5.861357203684747e-05,0.0086990250274539,0.0613341033458709,0.9299083352088928
7103,7.00071468600072e-05,0.0076014730148017,0.0570522174239158,0.9352762699127196
7104,0.0022779998835176,0.3771612048149109,0.540258526802063,0.0803022608160972
7105,0.0002179094735765,0.053320687264204,0.3266288340091705,0.6198325753211975
7106,9.681984374765308e-05,0.0105128334835171,0.0577268078923225,0.9316635131835938
7107,0.0002448772720526,0.0265891142189502,0.1460029482841491,0.82716304063797
7108,0.000454962166259,0.0559780150651931,0.2508760392665863,0.6926909685134888
7109,0.0019803543109446,0.3330443799495697,0.5665276050567627,0.0984477251768112
7110,2.917890924436506e-05,0.0049844142049551,0.04512520134449,0.949861228466034
7111,3.0680828785989434e-05,0.0050797271542251,0.041872639209032,0.9530168771743774
7112,3.993216159869917e-05,0.0056550661101937,0.0580135621130466,0.9362914562225342
7113,7.851143163861707e-05,0.0142764868214726,0.1559037715196609,0.8297412991523743
7114,3.0359173251781613e-05,0.0034010815434157,0.0236081834882497,0.9729604125022888
7115,4.506411278271116e-05,0.0063818362541496,0.0464246645569801,0.9471485018730164
7116,0.0006047234637662,0.1960296481847763,0.4851780533790588,0.3181875348091125
7117,0.0001232817448908,0.0144738284870982,0.0758374333381652,0.9095655083656312
7118,0.0001435204903827,0.0286627281457185,0.2085069715976715,0.7626868486404419
7119,7.42630654713139e-05,0.0083195529878139,0.0595822967588901,0.9320239424705504
7120,0.0041523473337292,0.3456922173500061,0.5189454555511475,0.1312099546194076
7121,0.0016704534646123,0.3388627171516418,0.5764248967170715,0.0830418840050697
7122,0.0006287907599471,0.149126261472702,0.5627965927124023,0.28744837641716
7123,0.0009028363856486,0.174759566783905,0.4978436529636383,0.3264938592910766
7124,5.973423321847804e-05,0.0063854698091745,0.0309431031346321,0.9626116752624512
7125,0.0002604532928671,0.06373081356287,0.3499509990215301,0.5860576629638672
7126,0.0001630403858143,0.0220319293439388,0.1248193681240081,0.8529856204986572
7127,0.0001525483530713,0.024100350216031,0.1523189097642898,0.823428213596344
7128,0.0006350381881929,0.1553887128829956,0.5956658124923706,0.2483104467391967
7129,0.0010322526795789,0.2774091362953186,0.6059172749519348,0.1156413331627845
7130,0.0003431145742069,0.0435565076768398,0.2077964842319488,0.7483038902282715
7131,0.0012355319922789,0.3821742534637451,0.5737114548683167,0.04287875816226
7132,0.0004731424560304,0.0783366933465004,0.3050242364406585,0.6161658763885498
7133,0.0006177560426294,0.0809100717306137,0.3741243779659271,0.5443477630615234
7134,0.0016101399669423,0.1890376359224319,0.482724517583847,0.3266277611255646
7135,5.737837273045443e-05,0.0093526737764477,0.0659427642822265,0.9246471524238586
7136,0.0002605376357678,0.0315592586994171,0.1414387822151184,0.8267414569854736
7137,0.0001582202094141,0.0220592636615037,0.1102893650531768,0.8674930930137634
7138,0.0006210437277331,0.0800796151161193,0.2795053124427795,0.6397939920425415
7139,0.0004760019364766,0.0907099023461341,0.4260435402393341,0.482770562171936
7140,0.0005920498515479,0.1339826732873916,0.4462304711341858,0.4191947281360626
7141,0.0002915726508945,0.0432732179760932,0.2129982560873031,0.7434369325637817
7142,0.0012791088083758,0.4082127809524536,0.5667473077774048,0.0237608328461647
7143,0.0002020811953116,0.060584507882595,0.4076012074947357,0.5316121578216553
7144,0.000680620491039,0.1126881837844848,0.4121962487697601,0.4744349718093872
7145,0.000110748449515,0.0177721232175827,0.1123232841491699,0.8697937726974487
7146,0.0007982488605193,0.1497609168291092,0.5066346526145935,0.3428061902523041
7147,0.0012119237799197,0.1491136848926544,0.4181996285915375,0.4314747154712677
7148,0.0011616187402978,0.3073353469371795,0.6405418515205383,0.0509612001478672
7149,8.123739826260135e-05,0.0085494797676801,0.0484361015260219,0.942933201789856
7150,0.0005117550026625,0.071349523961544,0.2821928560733795,0.6459458470344543
7151,0.0032579337712377,0.2978881597518921,0.5394058227539062,0.1594480574131012
7152,0.0001202275816467,0.0255594234913587,0.1666683852672577,0.807651937007904
7153,7.429621473420411e-05,0.0100397756323218,0.0719020515680313,0.9179838299751282
7154,0.0001356949505861,0.0172257293015718,0.0991272181272506,0.8835113644599915
7155,0.0014702593907713,0.2359367907047271,0.5153332948684692,0.2472596168518066
7156,0.0001072277809726,0.0122016984969377,0.0771171003580093,0.910573959350586
7157,0.0025793623644858,0.1808272749185562,0.4337820708751678,0.3828113377094269
7158,8.717653690837324e-05,0.0096148140728473,0.0544716231524944,0.9358263611793518
7159,0.0006003840826451,0.1217919588088989,0.4525120258331299,0.4250957071781158
7160,0.0004782993928529,0.0544268004596233,0.205404594540596,0.739690363407135
7161,0.0014614615356549,0.185524508357048,0.4664085507392883,0.3466054201126098
7162,0.0015253400197252,0.184766411781311,0.4944605231285095,0.3192477226257324
7163,0.0011643596226349,0.1367010176181793,0.4276996850967407,0.4344349503517151
7164,5.2175306336721405e-05,0.0066233687102794,0.0405730530619621,0.9527514576911926
7165,0.0001724408066365,0.0175894424319267,0.0800718069076538,0.9021662473678588
7166,0.0005003463011234,0.0742579773068428,0.2936960160732269,0.6315456628799438
7167,0.0008173286914825,0.1291256546974182,0.3977350294589996,0.472322016954422
7168,0.0002150531508959,0.0290605053305625,0.1475814282894134,0.8231430649757385
7169,0.0005097162211313,0.1369819045066833,0.5857973098754883,0.2767110764980316
7170,0.0001071215738193,0.0131801133975386,0.0770407170057296,0.9096720218658448
7171,0.0001902516232803,0.0213135350495576,0.1001047641038894,0.8783913850784302
7172,0.0013932511210441,0.1421154737472534,0.4048493206501007,0.4516420662403106
7173,0.0002621121820993,0.0461959615349769,0.3257132470607757,0.6278287172317505
7174,0.0009036768460646,0.0852502882480621,0.2839268445968628,0.629919171333313
7175,0.0005647260695695,0.1517653316259384,0.5551345348358154,0.2925353646278381
7176,0.0001076875923899,0.0141042917966842,0.0994449332356453,0.8863430619239807
7177,8.853300096234307e-05,0.0099181877449154,0.0688458606600761,0.9211474657058716
7178,0.0003578999603632,0.0332398079335689,0.1610755026340484,0.8053268194198608
7179,0.0003122148918919,0.0525064691901207,0.2109374105930328,0.7362438440322876
7180,0.002212444320321,0.3232651650905609,0.5498926043510437,0.1246298253536224
7181,3.5661327274283394e-05,0.0035811592824757,0.0339770913124084,0.9624060988426208
7182,0.0006719941156916,0.0880138725042343,0.3373916149139404,0.5739225149154663
7183,4.181946496828459e-05,0.00454081594944,0.0300761274993419,0.9653412699699402
7184,0.0007206486770883,0.1193155273795127,0.4502920806407928,0.4296717047691345
7185,4.073932359460741e-05,0.003843231126666,0.0258565377444028,0.970259428024292
7186,0.0024322208482772,0.5170707702636719,0.4563133418560028,0.0241837222129106
7187,0.0005606798804365,0.1119743660092353,0.4714296460151672,0.4160352051258087
7188,0.0004239633854012,0.058193102478981,0.2649104595184326,0.676472544670105
7189,9.550553659209982e-05,0.0087325191125273,0.0429829694330692,0.9481890797615052
7190,0.0007334931869991,0.1442161053419113,0.4442169070243835,0.410833477973938
7191,6.78606447763741e-05,0.0102300150319933,0.0688256174325943,0.9208765625953674
7192,0.0002171938394894,0.0918273329734802,0.4964138567447662,0.4115415513515472
7193,2.293510624440387e-05,0.0029573349747806,0.0232612397521734,0.973758578300476
7194,0.0003859623684547,0.0680239349603653,0.3620327115058899,0.5695574283599854
7195,0.0003417667758185,0.0420505814254283,0.2237989753484726,0.7338086366653442
7196,0.0006441010627895,0.1100269556045532,0.3962222933769226,0.4931066036224365
7197,4.58405920653604e-05,0.0045320061035454,0.0319537557661533,0.963468372821808
7198,0.0015358999371528,0.2043310552835464,0.4825654029846191,0.3115676343441009
7199,6.326258153421804e-05,0.0104741863906383,0.0612239725887775,0.928238570690155
7200,2.4097171262837943e-05,0.0024966855999082,0.0212336927652359,0.9762455821037292
7201,5.568837150349282e-05,0.0064367009326815,0.0382164530456066,0.9552910923957824
7202,4.335807170718908e-05,0.005859050899744,0.0538788326084613,0.9402188062667848
7203,0.0007706460310146,0.1690338402986526,0.5288600921630859,0.3013353943824768
7204,6.021792069077492e-05,0.01112244091928,0.0772050395607948,0.9116122722625732
7205,0.0007059221970848,0.0999704599380493,0.3329524397850036,0.5663712024688721
7206,0.0012503883335739,0.1422845870256424,0.4181976914405823,0.4382674098014831
7207,5.227767542237416e-05,0.009962361305952,0.107105478644371,0.8828798532485962
7208,0.0010575918713584,0.192312091588974,0.5478461384773254,0.2587842047214508
7209,0.0011194170219823,0.1824649274349212,0.5708822011947632,0.2455333918333053
7210,0.0002976830292027,0.0463003255426883,0.2623092234134674,0.6910927295684814
7211,0.0011835652403533,0.3439190089702606,0.58502596616745,0.0698713883757591
7212,8.346445247298107e-05,0.0079977931454777,0.03815533593297,0.9537633657455444
7213,0.0004993679467588,0.0951626822352409,0.348090648651123,0.5562472343444824
7214,0.000259616295807,0.0273221973329782,0.122449591755867,0.8499686121940613
7215,0.0010078003397211,0.204439103603363,0.482820600271225,0.3117324113845825
7216,2.5571893274900503e-05,0.0041035949252545,0.0377359576523304,0.9581347703933716
7217,8.551174687454477e-05,0.0097305802628397,0.0577731095254421,0.9324107766151428
7218,5.219625381869264e-05,0.0062245763838291,0.040589340031147,0.9531339406967164
7219,0.0002486423763912,0.0553961582481861,0.2902551293373108,0.6541000604629517
7220,0.0001674992963671,0.0277323294430971,0.1865779012441635,0.7855222821235657
7221,0.0001620623806957,0.0349957309663295,0.2282008379697799,0.7366413474082947
7222,0.0001507536508142,0.0296405050903558,0.2520851194858551,0.7181236743927002
7223,0.0018074124818667,0.2480849325656891,0.5170534253120422,0.2330542504787445
7224,4.527043347479776e-05,0.0077332085929811,0.0700107514858245,0.9222107529640198
7225,0.0006987684173509,0.0712763220071792,0.2411246746778488,0.68690025806427
7226,0.000411636166973,0.0991624668240547,0.4046447873115539,0.4957811534404754
7227,5.791216972284019e-05,0.0088677611202001,0.0578250624239444,0.9332492351531982
7228,3.721116809174418e-05,0.0037367965560406,0.0228906534612178,0.973335325717926
7229,0.0001034905872074,0.0160964764654636,0.1049622073769569,0.8788378238677979
7230,0.0003184922388754,0.0423711575567722,0.1702201962471008,0.7870901823043823
7231,2.901033076341264e-05,0.0041083511896431,0.0366173312067985,0.9592452049255372
7232,0.0002814249601215,0.0368594005703926,0.1369492709636688,0.8259098529815674
7233,0.0001614966604392,0.018092168495059,0.0962890163064003,0.8854572772979736
7234,7.83566283644177e-05,0.0121872499585151,0.0782387629151344,0.9094957113265992
7235,0.0003892365202773,0.0707786157727241,0.2979891300201416,0.6308429837226868
7236,4.58328977401834e-05,0.0058182338252663,0.0457639545202255,0.948371946811676
7237,0.0320603549480438,0.6144608855247498,0.3288972079753876,0.024581529200077
7238,6.153400317998603e-05,0.0088514797389507,0.0595510937273502,0.9315358400344848
7239,3.614156958064996e-05,0.0052807256579399,0.0493253692984581,0.9453577995300292
7240,6.110628601163626e-05,0.0114642614498734,0.1194603443145752,0.8690142035484314
7241,0.0005708306562155,0.1140015870332717,0.397904634475708,0.4875229299068451
7242,0.0002952063805423,0.0520286485552787,0.2405780404806137,0.707098126411438
7243,0.0010920827044174,0.2081141173839569,0.515087366104126,0.27570641040802
7244,0.0015136784641072,0.169574573636055,0.4467694759368896,0.3821422159671783
7245,0.0002617249847389,0.0522695519030094,0.2696268558502197,0.67784184217453
7246,4.9815269449027255e-05,0.0050025172531604,0.026624085381627,0.968323528766632
7247,0.0003224802494514,0.0664474591612815,0.3592115938663482,0.5740184187889099
7248,7.987987919477746e-05,0.0106269558891654,0.0621169358491897,0.927176296710968
7249,0.0001640539558138,0.0271618943661451,0.1663867682218551,0.8062872886657715
7250,6.578527245437726e-05,0.0114145707339048,0.0817479416728019,0.9067716598510742
7251,0.0001333302061539,0.0274728573858737,0.1819666624069214,0.7904271483421326
7252,0.0013615833595395,0.1701658219099044,0.4625586271286011,0.3659140169620514
7253,3.994538565166295e-05,0.0054828934371471,0.0431262925267219,0.9513508081436156
7254,0.001014927518554,0.7186088562011719,0.2770484089851379,0.0033278195187449
7255,0.0003763555723708,0.0787697583436966,0.4604268968105316,0.4604268968105316
7256,2.814709114318248e-05,0.0030562502797693,0.0215486604720354,0.9753668904304504
7257,0.0004105137777514,0.0628596395254135,0.2817173600196838,0.6550124883651733
7258,0.0004332802200224,0.0740140080451965,0.3700467646121979,0.5555059313774109
7259,0.0001207596869789,0.0241171289235353,0.1387844830751419,0.8369776010513306
7260,0.000508330645971,0.1597127169370651,0.5319245457649231,0.3078543245792389
7261,0.0034882149193435,0.2685776650905609,0.5017691254615784,0.2261650562286377
7262,0.0016450571129098,0.1651989072561264,0.4490571320056915,0.3840989172458648
7263,0.000211533770198,0.0471285730600357,0.3121564388275146,0.6405034065246582
7264,0.0001164901623269,0.0232644546777009,0.1565188765525818,0.8201002478599548
7265,6.397904508048669e-05,0.0064248633570969,0.039976842701435,0.9535342454910278
7266,0.0006489616353064,0.185650959610939,0.6280490756034851,0.185650959610939
7267,0.0030601846519857,0.342826783657074,0.5066651105880737,0.1474479436874389
7268,0.0002895059878937,0.0252587012946605,0.1114466190338134,0.8630051612854004
7269,5.4866559366928414e-05,0.005684673320502,0.0382454171776771,0.9560151100158693
7270,0.0001247806067112,0.0182319711893796,0.1434055715799331,0.8382377624511719
7271,0.0007212706841528,0.1509591341018676,0.502770721912384,0.345548927783966
7272,6.962523912079632e-05,0.0101730991154909,0.0740042030811309,0.9157531261444092
7273,9.741475514601916e-05,0.0156324263662099,0.1173278763890266,0.866942286491394
7274,9.767156007001176e-05,0.0116476584225893,0.0629666447639465,0.9252880811691284
7275,0.0001223138533532,0.0148160345852375,0.0826372057199478,0.9024245142936708
7276,0.0006631915457546,0.1015507355332374,0.3656982481479645,0.5320878028869629
7277,5.347442129277624e-05,0.005716307554394,0.0328950807452201,0.9613351821899414
7278,6.854386447230354e-05,0.0084335571154952,0.0613499097526073,0.93014794588089
7279,7.595486385980621e-05,0.0101047838106751,0.0658914670348167,0.9239278435707092
7280,0.0032922935206443,0.1688624620437622,0.3688295185565948,0.4590157270431518
7281,0.0002522495633456,0.0657042562961578,0.4560779333114624,0.4779655635356903
7282,0.0001666403404669,0.015720373019576,0.070453830063343,0.9136591553688048
7283,0.0001621839037397,0.0215764138847589,0.1429115235805511,0.8353499174118042
7284,0.0004236616659909,0.0563625507056713,0.2565773129463196,0.6866364479064941
7285,5.587061968981288e-05,0.0060665095224976,0.0354601144790649,0.9584174156188964
7286,0.0003163911460433,0.0738731175661087,0.2876441180706024,0.6381663680076599
7287,9.279250662075356e-05,0.0158510487526655,0.1049895361065864,0.8790665864944458
7288,9.527819202048704e-05,0.0100271431729197,0.0586109012365341,0.9312666654586792
7289,0.0020408637356013,0.2396065592765808,0.5072470903396606,0.2511054873466491
7290,0.0001051075741997,0.0179547388106584,0.1434489339590072,0.8384912014007568
7291,7.83686336944811e-05,0.0129752475768327,0.1052979007363319,0.8816485404968262
7292,0.0003622946096584,0.2906740307807922,0.6758373379707336,0.0331262946128845
7293,0.0004110516456421,0.0735866501927375,0.3737038373947143,0.5522984266281128
7294,0.0001239599951077,0.0136717082932591,0.0716346278786659,0.914569616317749
7295,0.0002066034940071,0.0292585287243127,0.1417827606201172,0.8287521004676819
7296,7.895306043792516e-05,0.0095636872574687,0.0595072545111179,0.930850088596344
7297,0.0003030896768905,0.0559816248714923,0.3323782086372375,0.6113370656967163
7298,0.0009418749832548,0.1464951336383819,0.5275492668151855,0.3250136971473694
7299,0.0009707815479487,0.1879115104675293,0.5698345303535461,0.2412831485271453
7300,6.738893716828898e-05,0.0066623715683817,0.0349083319306373,0.9583619236946106
7301,0.0001589780586073,0.0263214968144893,0.1798747777938842,0.7936447262763977
7302,0.0008445318089798,0.1376586556434631,0.4374783039093017,0.4240185022354126
7303,0.000150374151417,0.0173808876425027,0.1048201769590377,0.8776485919952393
7304,0.000559892214369,0.0956421941518783,0.402668684720993,0.5011292695999146
7305,0.0017616709228605,0.1443892270326614,0.3804149627685547,0.4734340906143188
7306,0.0004541949892882,0.076383851468563,0.3587573766708374,0.5644045472145081
7307,0.0005617670249193,0.1175756454467773,0.4650207161903381,0.4168418645858764
7308,7.820215978426859e-05,0.0100836670026183,0.0678410232067108,0.9219970703125
7309,0.0001787860092008,0.0209902767091989,0.1001390069723129,0.8786919116973877
7310,0.0005859529483132,0.0779532343149185,0.3083110451698303,0.6131497025489807
7311,0.0001367249933537,0.0334555096924304,0.2510975301265716,0.715310275554657
7312,0.0001185649744002,0.0173237901180982,0.1077922508120536,0.8747654557228088
7313,5.768685878138058e-05,0.0084287542849779,0.0763077214360237,0.9152058959007264
7314,0.0003208212729077,0.0640717670321464,0.2783150672912597,0.6572923064231873
7315,7.11464963387698e-05,0.0099193351343274,0.0970994681119918,0.8929100632667542
7316,0.0009640443604439,0.0983351916074752,0.30766361951828,0.5930371284484863
7317,0.003129354212433,0.3451405763626098,0.5100846886634827,0.1416453868150711
7318,0.0005295283626765,0.0715560764074325,0.2383181154727935,0.6895962953567505
7319,0.0007683105650357,0.17117540538311,0.4876333475112915,0.3404229283332824
7320,0.000952884205617,0.1705857664346695,0.5337156057357788,0.2947457432746887
7321,0.0025782608427107,0.284359723329544,0.5926565527915955,0.1204054877161979
7322,0.0001067017947207,0.0185141004621982,0.1433669924736023,0.8380122184753418
7323,0.003615113440901,0.2697844207286834,0.4885165095329284,0.238083928823471
7324,4.035010715597309e-05,0.0050428118556737,0.0339270904660224,0.9609898328781128
7325,9.049516665982082e-05,0.0099808294326066,0.0483657121658325,0.9415628910064696
7326,5.982936272630468e-05,0.0077146128751337,0.0430286526679992,0.9491968750953674
7327,5.675813736161217e-05,0.0116950860247015,0.0877764895558357,0.9004716873168945
7328,4.325944246375002e-05,0.0042105163447558,0.0278883837163448,0.967857837677002
7329,0.0003414272214286,0.0620849914848804,0.3202587366104126,0.617314875125885
7330,0.0001769811206031,0.0239157639443874,0.1195712909102439,0.8563359379768372
7331,4.397851080284454e-05,0.0056707467883825,0.0406122989952564,0.9536730051040648
7332,5.9304889873601496e-05,0.0106167886406183,0.0630347654223442,0.9262891411781312
7333,0.0003150480333715,0.0393735766410827,0.193803533911705,0.7665078043937683
7334,0.0006379705737344,0.1335247308015823,0.4733863174915313,0.3924510478973388
7335,7.599727541673928e-05,0.0085138324648141,0.0669664815068245,0.924443781375885
7336,0.0003965730429627,0.057045828551054,0.2897026538848877,0.6528549790382385
7337,0.0002248305245302,0.0396252498030662,0.2793852388858795,0.6807646751403809
7338,0.0001719632709864,0.0164779927581548,0.0836821496486663,0.8996679186820984
7339,0.0019715395756065,0.2140724956989288,0.4675773084163666,0.316378653049469
7340,0.0006121680489741,0.1363877207040786,0.5147218108177185,0.3482782244682312
7341,0.0011944760335609,0.1589091569185257,0.4526900351047516,0.3872063159942627
7342,0.0007293897797353,0.167662501335144,0.5084302425384521,0.3231779038906097
7343,0.00065374863334,0.1032824665307998,0.3549023270606994,0.5411614179611206
7344,7.825039210729301e-05,0.0129556702449917,0.0927848741412162,0.8941813111305237
7345,0.0003859662392642,0.0701839476823806,0.3508976697921753,0.5785324573516846
7346,0.0005563810118474,0.1299075484275818,0.5218853950500488,0.3476506471633911
7347,0.0001724970497889,0.0384313985705375,0.2585592567920685,0.7028368711471558
7348,0.0006395793752744,0.156499907374382,0.5724529027938843,0.2704076170921325
7349,0.0002665581996552,0.0484708398580551,0.2500316202640533,0.7012309432029724
7350,7.187238952610642e-05,0.0088430941104888,0.0604315884411335,0.9306533932685852
7351,0.0019169682636857,0.2510733008384704,0.5483944416046143,0.1986153125762939
7352,0.0001855245063779,0.0214437171816825,0.0946141108870506,0.8837566375732422
7353,0.0006474386318586,0.1253229230642318,0.5113957524299622,0.3626338839530945
7354,0.0001384544593747,0.0272222943603992,0.1518337577581405,0.820805549621582
7355,6.229300197446719e-05,0.0060630845837295,0.0359981954097747,0.9578763842582704
7356,0.0001280366122955,0.0136868553236126,0.0706021711230278,0.9155828952789308
7357,9.329591557616368e-05,0.0167018752545118,0.1398430913686752,0.8433617949485779
7358,0.0007239731494337,0.0836799219250679,0.2875434756278991,0.6280526518821716
7359,0.0003999315667897,0.0651888400316238,0.3061769604682922,0.628234326839447
7360,0.0013118820497766,0.1947005689144134,0.5460512042045593,0.2579363286495209
7361,0.0007889121770858,0.2328512072563171,0.5763123035430908,0.1900476366281509
7362,0.0010520272189751,0.1797099113464355,0.5365146398544312,0.2827233672142029
7363,0.0002070979535346,0.0246971175074577,0.1443601846694946,0.8307355642318726
7364,8.138358680298552e-05,0.0097052631899714,0.0455833822488784,0.944629967212677
7365,0.0004958781064487,0.1213373616337776,0.5270654559135437,0.3511013090610504
7366,0.0003435500257182,0.0526058562099933,0.2321079075336456,0.7149426937103271
7367,0.0001781191967893,0.0384630337357521,0.2356146425008773,0.7257441878318787
7368,0.0001576812355779,0.0257020350545644,0.186969444155693,0.7871707677841187
7369,0.0001192579438793,0.0274134464561939,0.1458981186151504,0.826569139957428
7370,0.0008563399896956,0.117540992796421,0.4167190194129944,0.4648836553096771
7371,4.198141323286109e-05,0.0077540995553135,0.0959518626332283,0.8962520360946655
7372,8.468588930554688e-05,0.0090527515858411,0.0529153645038604,0.9379472136497498
7373,0.000466626137495,0.0565230287611484,0.2100085318088531,0.7330017685890198
7374,0.0001272462977794,0.0194845013320446,0.1121255606412887,0.8682627081871033
7375,0.0004338042926974,0.0718236044049263,0.3169006109237671,0.6108419299125671
7376,3.1228846637532115e-05,0.0051704621873795,0.0691800117492675,0.9256183505058287
7377,2.46163963311119e-05,0.00228623743169,0.0158696342259645,0.9818195104599
7378,0.0004770679806824,0.1131431460380554,0.3949083685874939,0.4914714097976684
7379,0.0001111716264858,0.012071169912815,0.0727984756231308,0.9150190949440002
7380,0.0002161912561859,0.0723060816526413,0.5178358554840088,0.4096418917179107
7381,0.0001679763081483,0.0234194677323102,0.1246416196227073,0.8517709374427795
7382,0.0003263595572207,0.0531965978443622,0.2347144186496734,0.7117626070976257
7383,0.0020616541150957,0.2382948547601699,0.5286802053451538,0.2309632897377014
7384,0.000183974916581,0.0334539264440536,0.2510856688022613,0.7152764797210693
7385,0.0001312020904151,0.0253964271396398,0.1966614127159118,0.7778109908103943
7386,0.0001007504688459,0.014492648653686,0.0887782350182533,0.8966284394264221
7387,5.933261854806915e-05,0.0063425372354686,0.052282091230154,0.94131600856781
7388,0.0011715950677171,0.2339812666177749,0.5882288217544556,0.1766183227300644
7389,0.0001533628383185,0.0217187609523534,0.1372667998075485,0.8408610224723816
7390,0.0002071310591418,0.0433517210185527,0.2783060669898987,0.6781350374221802
7391,5.336854519555345e-05,0.0086990697309374,0.0613344237208366,0.9299131631851196
7392,7.69029138609767e-05,0.0176774244755506,0.1170865520834922,0.8651591539382935
7393,0.0001020096824504,0.0149048613384366,0.1050895079970359,0.8799036145210266
7394,0.000211631602724,0.0367207452654838,0.177943617105484,0.7851240634918213
7395,0.0003503992338664,0.1067049950361251,0.5590941905975342,0.3338503837585449
7396,0.0001532155583845,0.0191483292728662,0.1003300696611404,0.8803684115409851
7397,0.0003382416034583,0.0719074681401252,0.3709269762039184,0.5568273067474365
7398,2.7056114049628377e-05,0.0038919397629797,0.0287577640265226,0.9673232436180116
7399,0.0001074736355803,0.0201633237302303,0.1356550604104995,0.8440741300582886
7400,0.000407174025895,0.0907161459326744,0.4260728657245636,0.4828038215637207
7401,0.0006239439244382,0.1285644322633743,0.4150110781192779,0.4558005034923553
7402,0.0001922891824506,0.0272313840687274,0.1642262786626815,0.8083500266075134
7403,0.0003687762946356,0.0945671200752258,0.4172497689723968,0.4878143668174743
7404,0.0001486020773882,0.0210445541888475,0.1249472647905349,0.8538596034049988
7405,8.739420445635915e-05,0.0114463819190859,0.0648481622338295,0.9236180782318116
7406,0.0021886792965233,0.2911746501922607,0.5272492170333862,0.1793875098228454
7407,0.0007214362267404,0.0873884931206703,0.3146981000900268,0.5971919894218445
7408,0.000185183758731,0.0326377116143703,0.1764377951622009,0.7907393574714661
7409,0.0003914590051863,0.0618446432054042,0.2728713750839233,0.6648926138877869
7410,0.0005048187449574,0.2574483454227447,0.5623189210891724,0.1797279119491577
7411,0.0001287326595047,0.0216495059430599,0.1134352833032608,0.8647863864898682
7412,3.8233392842812464e-05,0.0044191791675984,0.0262378770858049,0.9693046808242798
7413,0.0001769816153682,0.0242924522608518,0.1584066748619079,0.8171238303184509
7414,0.0042933314107358,0.2456574290990829,0.4885481297969818,0.2615009844303131
7415,0.000384433864383,0.0579535290598869,0.2679744362831116,0.6736876368522644
7416,0.0003206532564945,0.0522664710879325,0.2696109712123871,0.6778019070625305
7417,0.0006068009533919,0.0859332308173179,0.3617924153804779,0.5516675114631653
7418,0.00016615333152,0.026663102209568,0.1939607411623001,0.779210090637207
7419,0.0003141881898045,0.0571318566799163,0.3186559379100799,0.6238979697227478
7420,6.030189979355782e-05,0.0061509604565799,0.0370950400829315,0.956693708896637
7421,0.0014087450690567,0.2994879782199859,0.5956029891967773,0.1035002693533897
7422,0.0022416366264224,0.2181823402643203,0.4994243383407593,0.2801516652107239
7423,0.0001053113737725,0.0133686987683177,0.0781430453062057,0.908383011817932
7424,0.000508677214384,0.1169280037283897,0.441281646490097,0.441281646490097
7425,7.934668974485248e-05,0.0139844566583633,0.0792273432016372,0.9067088961601256
7426,0.0008565225289203,0.1657947152853012,0.5187257528305054,0.3146230578422546
7427,0.0007032053545117,0.1027468964457511,0.4063718914985657,0.4901780486106872
7428,0.0017872827593237,0.3405957818031311,0.5615475177764893,0.0960694551467895
7429,0.0010678154649212,0.2003347873687744,0.5531420707702637,0.2454553097486496
7430,0.0004096555348951,0.0971553549170494,0.4090393483638763,0.4933956265449524
7431,8.525333396391943e-05,0.0124565549194812,0.0864656344056129,0.900992512702942
7432,0.0001219996702275,0.0205171927809715,0.1337888985872268,0.8455718755722046
7433,0.0001003411962301,0.0123458644375205,0.0805051401257515,0.9070486426353456
7434,0.0002702019992284,0.0413744896650314,0.2134258598089218,0.7449294328689575
7435,0.0005237949662841,0.1185364052653312,0.4473516643047333,0.4335881173610687
7436,6.990749534452334e-05,0.0090141231194138,0.0569710060954093,0.9339450001716614
7437,0.0002102423459291,0.0271093994379043,0.1293317079544067,0.8433486819267273
7438,0.0001537586940685,0.028399720788002,0.1794917583465576,0.791954755783081
7439,5.356870678951964e-05,0.0060957069508731,0.0457508228719234,0.9480997920036316
7440,0.000191816186998,0.0255185924470424,0.1423312872648239,0.8319582939147949
7441,0.000499058922287,0.0865930020809173,0.3118333518505096,0.6010745167732239
7442,0.000169294187799,0.0243524555116891,0.156336024403572,0.8191421627998352
7443,7.753427780698985e-05,0.013244598172605,0.1144158691167831,0.8722620010375977
7444,0.0023414720781147,0.3315918147563934,0.5382266640663147,0.1278400421142578
7445,0.000349797977833,0.0480131730437278,0.267795979976654,0.6838409900665283
7446,0.0004726721381302,0.0914938375353813,0.3562549948692322,0.5517784953117371
7447,0.0001540021621622,0.0239528287202119,0.1315269023180008,0.8443663120269775
7448,0.0003192258591298,0.0374785438179969,0.17329902946949,0.7889031767845154
7449,0.0054618441499769,0.3379123210906982,0.4840370416641235,0.1725887358188629
7450,6.979044701438397e-05,0.0108549026772379,0.0853804275393486,0.9036949276924132
7451,0.0003188147093169,0.0940996930003166,0.4351125955581665,0.4704688787460327
7452,0.0004149125015828,0.0615784786641597,0.2759755849838257,0.6620310544967651
7453,0.0001627489255042,0.0257118884474039,0.12266456335783,0.8514608144760132
7454,5.9778743889182806e-05,0.0064908592030406,0.0450554899871349,0.9483938217163086
7455,0.0005039830575697,0.0555849485099315,0.2452522814273834,0.6986587047576904
7456,0.0004610445466823,0.1043357849121093,0.5135587453842163,0.3816444277763366
7457,0.0016111464938148,0.4004428088665008,0.5305005311965942,0.0674455687403678
7458,0.0002061773557215,0.0520513877272605,0.2727297842502594,0.6750126481056213
7459,0.0005986352916806,0.110569842159748,0.4582992196083069,0.4305322766304016
7460,0.0001500723446952,0.0295065511018037,0.1475234776735305,0.8228198289871216
7461,0.0011649958323687,0.0779324546456337,0.2476688474416732,0.673233687877655
7462,0.0007678262772969,0.1440532803535461,0.4873259663581848,0.3678529262542724
7463,0.0001905906538013,0.0265723876655101,0.1844489425420761,0.7887880802154541
7464,0.0001850937696872,0.0231323540210723,0.1086473539471626,0.8680351972579956
7465,7.430592813761905e-05,0.0095812743529677,0.0577824749052524,0.9325619339942932
7466,0.0014600347494706,0.2739197909832001,0.5890200734138489,0.1356001198291778
7467,0.0013395538553595,0.3079189658164978,0.5843275189399719,0.1064139455556869
7468,3.775446384679526e-05,0.0051018251106143,0.0376976728439331,0.9571626782417296
7469,0.0002323217340745,0.0355741009116172,0.1670833677053451,0.7971101403236389
7470,0.0004782088508363,0.1032643467187881,0.3958527445793152,0.5004047155380249
7471,0.0011760849738493,0.1402520388364792,0.4058327376842499,0.4527391493320465
7472,0.0005178800784051,0.0870940461754798,0.3444636166095733,0.5679244995117188
7473,0.0001341466850135,0.0199091341346502,0.1200674399733543,0.8598892092704773
7474,0.0014843221288174,0.1537892669439315,0.392714649438858,0.45201176404953
7475,0.002427511382848,0.2219587564468383,0.4626017808914184,0.313012033700943
7476,1.7101050616474822e-05,0.0020393570885062,0.0209211278706789,0.9770224094390868
7477,5.296391827869229e-05,0.0081100622192025,0.0689740628004074,0.9228628277778624
7478,0.00112189585343,0.1639227122068405,0.4597325921058655,0.3752228021621704
7479,6.544469215441495e-05,0.0084386728703975,0.075213074684143,0.916282832622528
7480,0.0003700462402775,0.1010128408670425,0.4387798011302948,0.459837257862091
7481,0.0003729930322151,0.0589272938668727,0.2767679393291473,0.6639317870140076
7482,6.462912278948352e-05,0.0107004391029477,0.0983994081616401,0.8908355236053467
7483,0.00010571074381,0.0169637091457843,0.0991566851735115,0.883773922920227
7484,0.0002670260728336,0.0493205562233924,0.2142387330532074,0.7361736297607422
7485,0.0006967852823436,0.1171812713146209,0.3964191377162933,0.4857028424739837
7486,0.0001671756472205,0.0222404971718788,0.1165318638086319,0.8610605001449585
7487,0.0005480197141878,0.1240185350179672,0.5221375226974487,0.3532959520816803
7488,0.0003272981266491,0.061404999345541,0.3371797800064087,0.6010879278182983
7489,0.0024944203905761,0.460727334022522,0.4904417097568512,0.0463365651667118
7490,2.227212826255709e-05,0.0024564219638705,0.0218938495963811,0.9756273627281188
7491,0.0006237209890969,0.1550228893756866,0.5004200339317322,0.3439333438873291
7492,0.0001657053799135,0.0265912190079689,0.1460145115852356,0.8272285461425781
7493,0.0001714954705676,0.031184671446681,0.2131085395812988,0.755535364151001
7494,0.0010084919631481,0.1061343923211097,0.3704454004764557,0.5224117636680603
7495,0.0016317900735884,0.2347280532121658,0.4892152845859527,0.2744249105453491
7496,0.0003689008881337,0.0725316256284713,0.3741466403007507,0.5529528260231018
7497,3.625495082815178e-05,0.0042564934119582,0.0324498452246189,0.963257372379303
7498,6.9014924520161e-05,0.0074937362223863,0.0411487072706222,0.9512885808944702
7499,0.0003337407542858,0.0687677040696144,0.3179786503314972,0.6129198670387268
7500,0.0003988640673924,0.1313335746526718,0.5276142358779907,0.3406533598899841
7501,0.000673767644912,0.1754984259605407,0.5158185362815857,0.3080092966556549
7502,0.0007043030345812,0.1497292220592498,0.461198478937149,0.3883680701255798
7503,0.0008282081107608,0.124852642416954,0.3727411031723022,0.5015779733657837
7504,0.0003137262538075,0.0626548081636428,0.2942752540111542,0.6427562236785889
7505,4.308774077799171e-05,0.0044642817229032,0.0314762480556964,0.964016318321228
7506,0.0008092651842162,0.1201056167483329,0.4258113503456116,0.4532738029956817
7507,0.0023192998487502,0.3085519969463348,0.5500534176826477,0.1390752792358398
7508,0.0023008747957646,0.2577627301216125,0.5542768836021423,0.1856595128774643
7509,0.0019911988638341,0.2527717351913452,0.518653929233551,0.2265831232070922
7510,9.220671199727803e-05,0.0091159688308835,0.0462947078049182,0.9444971084594728
7511,0.0002284920628881,0.0290058124810457,0.1362336128950119,0.8345320820808411
7512,0.0018011826323345,0.225105345249176,0.4840525388717651,0.2890409529209137
7513,5.282795609673485e-05,0.0052228081040084,0.0300551876425743,0.9646691679954528
7514,0.0010160448728129,0.2299340218305587,0.587157130241394,0.1818927824497223
7515,0.0013021883787587,0.1067293435335159,0.3499520719051361,0.5420163869857788
7516,0.0005606240592896,0.103549025952816,0.4095443785190582,0.4863459765911102
7517,0.0001046329343807,0.0120939230546355,0.085270456969738,0.9025310277938844
7518,8.322689245687798e-05,0.0077296635136008,0.041138332337141,0.9510486721992492
7519,0.0002015174686675,0.0184256881475448,0.0935733690857887,0.8877993822097778
7520,5.479754327097908e-05,0.0063337348401546,0.0387988276779651,0.9548125863075256
7521,0.0011052008485421,0.2501102983951568,0.6190289258956909,0.1297555118799209
7522,5.45641960343346e-05,0.0077272080816328,0.0562115684151649,0.9360066652297974
7523,3.439345891820267e-05,0.0056061325594782,0.0515530370175838,0.9428065419197084
7524,8.567349141230807e-05,0.0168447345495224,0.132494106888771,0.8505755066871643
7525,0.0003029122308362,0.0308978836983442,0.1593834161758422,0.8094158172607422
7526,8.969479677034542e-05,0.0090072741732001,0.0429713018238544,0.947931706905365
7527,0.0001296795526286,0.0228553730994462,0.1586477160453796,0.8183672428131104
7528,0.0006862876471132,0.1101305484771728,0.3555057942867279,0.5336773991584778
7529,0.0002330848801648,0.0226865541189908,0.1389719843864441,0.8381083607673645
7530,0.0017362225335091,0.4665950834751129,0.5045095682144165,0.0271590910851955
7531,0.0012526970822364,0.5296275019645691,0.4601483643054962,0.0089714648202061
7532,0.0010013717692345,0.2528056204319,0.5697062015533447,0.1764867603778839
7533,0.0025196271017193,0.3512895703315735,0.5356525778770447,0.1105381548404693
7534,0.0031961980275809,0.2138098329305648,0.467003583908081,0.3159904479980469
7535,0.0006799803813919,0.0836639925837516,0.3257673978805542,0.5898885726928711
7536,0.0001126427450799,0.0164584815502166,0.1124733015894889,0.8709555268287659
7537,0.0001190506445709,0.0197108406573534,0.1550377756357193,0.8251323103904724
7538,8.310851990245283e-05,0.0163404215127229,0.1188683956861496,0.8647080659866333
7539,6.124715582700446e-05,0.0080217951908707,0.0932503044605255,0.8986667394638062
7540,0.0004286324838176,0.1285052448511123,0.516251802444458,0.354814350605011
7541,0.0002016484504565,0.0308772772550582,0.1473072469234466,0.8216137886047363
7542,0.0005840499070473,0.0801665261387825,0.2886907756328583,0.6305586099624634
7543,0.0002749679551925,0.0694182142615318,0.3580864071846008,0.5722203850746155
7544,0.0029332223348319,0.3286034166812897,0.5417754054069519,0.1266878992319107
7545,0.0016694947844371,0.3386682569980621,0.5497128367424011,0.1099494844675064
7546,0.0002885747817344,0.0485308170318603,0.2706831693649292,0.680497407913208
7547,0.0002250188117614,0.0422161854803562,0.2545961737632751,0.7029625773429871
7548,0.000601677398663,0.0813057050108909,0.3266342580318451,0.5914583206176758
7549,0.0003026961639989,0.0533486828207969,0.2545123696327209,0.6918362379074097
7550,0.0022024726495146,0.6707058548927307,0.3218081891536712,0.0052834576927125
7551,0.0009126765653491,0.1292503476142883,0.4043885767459869,0.4654484093189239
7552,0.0001628997852094,0.0335657075047493,0.225823774933815,0.7404477000236511
7553,3.861915320158005e-05,0.0069136181846261,0.0587986074388027,0.9342491030693054
7554,0.0001548121217638,0.0173433125019073,0.078951358795166,0.9035505056381226
7555,0.0008761619683355,0.138420432806015,0.4538631439208984,0.4068402647972107
7556,0.0011652095708996,0.3082853853702545,0.6035934686660767,0.0869558900594711
7557,0.0012148986570537,0.1404231786727905,0.4258280396461487,0.4325338304042816
7558,0.0025521465577185,0.1629078686237335,0.384736955165863,0.4498030245304107
7559,0.0018033605301752,0.2718571722507477,0.5078960657119751,0.2184433788061142
7560,0.0002092333306791,0.0310529805719852,0.1678708344697952,0.800866961479187
7561,0.0006950740353204,0.0569693259894847,0.2149999886751175,0.7273355722427368
7562,7.923679368104786e-05,0.0087391287088394,0.056986279785633,0.934195339679718
7563,0.0001819695171434,0.0320712141692638,0.2602672278881073,0.7074796557426453
7564,0.0001480468781664,0.0277753453701734,0.1345954686403274,0.8374811410903931
7565,0.0001103009490179,0.0203729346394538,0.1529073715209961,0.8266093730926514
7566,0.0003271475143264,0.0493175946176052,0.2142258584499359,0.7361294031143188
7567,0.0033156822901219,0.3079426288604736,0.5077115297317505,0.1810301393270492
7568,0.0003565845545381,0.0746317580342292,0.3560482263565063,0.5689634084701538
7569,9.963042248273268e-05,0.0128467036411166,0.0864302143454551,0.9006235003471375
7570,0.0007609147578477,0.0921705812215805,0.3424552381038666,0.5646132230758667
7571,0.0015835820231586,0.2106745094060897,0.521424412727356,0.2663175463676452
7572,0.001797089469619,0.7962540984153748,0.1982033252716064,0.00374545622617
7573,0.0007302293088287,0.1704988181591034,0.5767900347709656,0.2519809305667877
7574,7.389327947748825e-05,0.0107967108488082,0.0761242285370826,0.913005232810974
7575,0.000600128667429,0.0876861363649368,0.3309240043163299,0.5807897448539734
7576,0.0005130071076564,0.0849369615316391,0.4180743992328644,0.4964756071567535
7577,0.0001116531348088,0.0148539636284112,0.0802997648715972,0.90473473072052
7578,0.000493608880788,0.0792108476161956,0.3440762162208557,0.5762192606925964
7579,0.000101163801446,0.0141043839976191,0.0994455814361572,0.8863489031791687
7580,0.0004248660989105,0.0889228135347366,0.37437903881073,0.5362732410430908
7581,0.0001123073961935,0.0235054995864629,0.16063092648983,0.8157511949539185
7582,0.0008962280116975,0.1935313642024994,0.6150414347648621,0.1905309408903122
7583,0.0009029582724906,0.2623805999755859,0.6005951762199402,0.1361212581396103
7584,0.0013499113265424,0.1852884739637375,0.4881701171398163,0.3251914381980896
7585,6.360726547427475e-05,0.0069065652787685,0.0450364612042903,0.9479933381080629
7586,0.0001076421031029,0.012248845770955,0.0877227783203125,0.8999207019805908
7587,3.9391998143401e-05,0.0063213477842509,0.055468063801527,0.9381712079048156
7588,0.0043464382179081,0.3399272859096527,0.479374349117279,0.1763519793748855
7589,0.0012272003805264,0.1908734291791916,0.5028845071792603,0.3050148487091064
7590,0.0005200622254051,0.073649562895298,0.2693988978862762,0.6564314365386963
7591,0.0001991696917684,0.0248915143311023,0.1244497299194336,0.850459635257721
7592,0.0010507593397051,0.1851910650730133,0.5443068146705627,0.269451379776001
7593,2.5257835659431294e-05,0.0026581515558063,0.0209079831838607,0.9764085412025452
7594,0.0002040625113295,0.0162106938660144,0.0704160407185554,0.9131690859794616
7595,6.828262121416628e-05,0.0082711623981595,0.0650577247142791,0.926602840423584
7596,9.698262147139758e-05,0.0143934963271021,0.1224131137132644,0.8630964756011963
7597,5.739842526963912e-05,0.0074011594988405,0.0530050210654735,0.939536452293396
7598,5.114510713610798e-05,0.0049008638598024,0.03146218881011,0.9635857939720154
7599,0.0004088960122317,0.0709485933184623,0.3438070118427276,0.5848354697227478
7600,0.0004827220109291,0.1773163974285125,0.6797232031822205,0.1424777209758758
7601,2.298943763889838e-05,0.0030110219959169,0.020900635048747,0.9760653376579284
7602,0.0003682227688841,0.0680119097232818,0.2863408327102661,0.645279049873352
7603,0.0003532945411279,0.0462724529206752,0.1948143094778061,0.7585599422454834
7604,4.062075095134787e-05,0.0042086788453161,0.0283151995390653,0.9674354791641236
7605,0.0009616530151106,0.1861445605754852,0.5059933066368103,0.3069004714488983
7606,0.0002052137278951,0.0403481982648372,0.2215551733970642,0.737891435623169
7607,0.0002414645277895,0.0274768080562353,0.1175033971667289,0.8547784090042114
7608,0.0002277576568303,0.0322543159127235,0.1612614244222641,0.8062564134597778
7609,0.0001343442272627,0.0160209964960813,0.0813613310456276,0.9024832248687744
7610,0.0016910441918298,0.1242407411336898,0.317259818315506,0.556808352470398
7611,0.0006970617687329,0.1328364759683609,0.4636448323726654,0.4028216004371643
7612,0.0002315105812158,0.0683314651250839,0.418580949306488,0.5128560662269592
7613,0.000867779715918,0.1267932206392288,0.4157389998435974,0.4565999805927276
7614,0.0001742494787322,0.0266818311065435,0.1686343550682068,0.8045095205307007
7615,5.377886554924771e-05,0.0048410189338028,0.0282968431711196,0.9668083190917968
7616,0.0007371324463747,0.5732157826423645,0.4193736314773559,0.0066734524443745
7617,0.0002393142494838,0.0653264671564102,0.3700996339321136,0.5643345713615417
7618,0.0014161389553919,0.2237286865711212,0.536697268486023,0.2381579577922821
7619,4.039542909595184e-05,0.004970206413418,0.0329201966524124,0.9620691537857056
7620,5.384241012507118e-05,0.006420886144042,0.040581252425909,0.952944040298462
7621,4.659811384044588e-05,0.006702996790409,0.0731988549232482,0.9200515747070312
7622,0.0002899459504988,0.0410612225532531,0.1958921402692794,0.7627567648887634
7623,0.0001707441260805,0.0227152332663536,0.1247311607003212,0.8523828387260437
7624,0.0015511629171669,0.2865046858787536,0.5269628167152405,0.1849813461303711
7625,0.0013484680093824,0.3351553082466125,0.5612795352935791,0.1022166013717651
7626,7.142991671571508e-05,0.0090676350519061,0.0513716526329517,0.9394893050193788
7627,6.747608131263405e-05,0.0081734638661146,0.0470350384712219,0.9447240233421326
7628,7.115544576663524e-05,0.0110672088339924,0.0817762315273284,0.907085418701172
7629,0.0002623446052893,0.0811483338475227,0.5128732323646545,0.4057161211967468
7630,0.0001062185910996,0.0190152991563081,0.1201803907752037,0.8606981635093689
7631,0.0003203417581971,0.1105406358838081,0.465393453836441,0.4237455427646637
7632,3.46828019246459e-05,0.0047605521976947,0.0444666184484958,0.9507381319999696
7633,6.673395546386018e-05,0.008604914881289,0.0569947138428688,0.9343336224555968
7634,0.0006232316372916,0.0778892487287521,0.289393663406372,0.6320938467979431
7635,4.8832112952368334e-05,0.0056442245841026,0.0450943894684314,0.9492126703262328
7636,0.0003743348061107,0.0564310923218727,0.2339003831148147,0.7092941403388977
7637,3.0268740374594927e-05,0.0032356672454625,0.026671890169382,0.9700621962547302
7638,0.0002387136919423,0.038307074457407,0.1799195259809494,0.781534731388092
7639,0.0001230070629389,0.0151346437633037,0.091273583471775,0.8934687972068787
7640,0.0001632897910894,0.0163977835327386,0.1020304411649704,0.8814085125923157
7641,9.112861152971163e-05,0.0160609614104032,0.1205442026257515,0.8633036613464355
7642,0.0008223604527302,0.1832174360752105,0.5732365846633911,0.2427236586809158
7643,0.0001235353120137,0.0136248683556914,0.0748152434825897,0.9114362597465516
7644,0.0002034304925473,0.0214091669768095,0.1232012510299682,0.8551861047744751
7645,0.0015848785405978,0.3476279079914093,0.5642557740211487,0.0865314304828643
7646,0.0005730958073399,0.0622275322675704,0.2138281315565109,0.7233712673187256
7647,0.0005408815923146,0.132349357008934,0.5073469281196594,0.3597628176212311
7648,0.0002547588956076,0.0390097796916961,0.258381575345993,0.702353835105896
7649,0.0005334510351531,0.1032586321234703,0.3958308398723602,0.5003770589828491
7650,0.0012200851924717,0.1501178741455078,0.4276459813117981,0.421015977859497
7651,0.0012172962306067,0.1751043796539306,0.4471446871757507,0.3765335977077484
7652,5.760547355748713e-05,0.0056068398989737,0.0365611873567104,0.9577744603157043
7653,0.0001273865782422,0.0189058445394039,0.1252229809761047,0.8557438850402832
7654,4.68969410576392e-05,0.0071810605004429,0.0522386245429515,0.9405333995819092
7655,6.66118212393485e-05,0.011924878694117,0.0840785801410675,0.9039299488067628
7656,0.0006224368698894,0.0881475433707237,0.3541204035282135,0.5571095943450928
7657,0.0001164325512945,0.0181094128638505,0.1092137470841407,0.8725603818893433
7658,0.0002793341409415,0.0427728407084941,0.2105353027582168,0.746412456035614
7659,6.680015940219164e-05,0.0119585925713181,0.0955428704619407,0.8924317955970764
7660,0.0031241162214428,0.313728004693985,0.5253955721855164,0.1577523499727249
7661,0.0015717190690338,0.3556847870349884,0.5595707297325134,0.0831727609038353
7662,0.0001640478876652,0.0235977917909622,0.1179815381765365,0.8582566380500793
7663,3.894473047694191e-05,0.0039724707603454,0.0239570662379264,0.9720315337181092
7664,5.688842065865174e-05,0.0069994842633605,0.0470912158489227,0.9458523988723756
7665,0.0006876704865135,0.1193194761872291,0.4296859204769134,0.4503069519996643
7666,0.0010627435985952,0.2600448131561279,0.5860199928283691,0.1528724581003189
7667,0.0012443461455404,0.2159097045660019,0.509910523891449,0.2729354202747345
7668,0.0004206528537906,0.0908357203006744,0.440177321434021,0.4685663282871246
7669,6.756389484507963e-05,0.0106740798801183,0.086623266339302,0.9026351571083068
7670,7.755019760224968e-05,0.0130419377237558,0.1144393607974052,0.8724410533905029
7671,0.0003879010619129,0.1010378301143646,0.5051573514938354,0.3934169709682464
7672,0.0005632350221276,0.1024184301495552,0.3519333004951477,0.5450849533081055
7673,0.0003771302872337,0.0696571618318557,0.3375489115715027,0.5924168229103088
7674,0.0001442890788894,0.0129884891211986,0.0619646124541759,0.924902617931366
7675,0.0002356800978304,0.0533351190388202,0.3166652023792267,0.6297639608383179
7676,0.0005287685198709,0.0809673070907592,0.3202319145202636,0.5982719659805298
7677,0.0005315946182236,0.0764682739973068,0.3024379014968872,0.6205622553825378
7678,0.0004154619236942,0.0535711571574211,0.3035012781620025,0.6425121426582336
7679,0.0002524952578824,0.0305850785225629,0.1553238332271576,0.8138386607170105
7680,0.0003925997007172,0.1233511641621589,0.5193277597427368,0.3569284081459045
7681,0.0002778913476504,0.0600078217685222,0.3144184947013855,0.6252958178520203
7682,0.0013440224574878,0.1963780969381332,0.4785051047801971,0.3237727880477905
7683,5.615058034891263e-05,0.0095917833968997,0.0854906290769577,0.9048613905906676
7684,5.832842361996882e-05,0.0069558583199977,0.053028754889965,0.9399571418762208
7685,3.603944423957728e-05,0.0047202357091009,0.0377122014760971,0.9575316309928894
7686,0.0002296370366821,0.0570752024650573,0.3839912414550781,0.5587039589881897
7687,6.394668889697641e-05,0.0102617098018527,0.0943649187684059,0.8953094482421875
7688,0.00017313886201,0.0203272756189107,0.1151618659496307,0.8643377423286438
7689,0.0007012484711594,0.1161034926772117,0.3866836726665497,0.4965116381645202
7690,4.351865572971292e-05,0.0041054259054362,0.0221937224268913,0.9736573100090028
7691,0.0001455064339097,0.0222805701196193,0.1672249585390091,0.8103489875793457
7692,0.001819172524847,0.2785595059394836,0.5369375348091125,0.1826837956905365
7693,0.0003404577437322,0.0648797675967216,0.3095240294933319,0.6252557635307312
7694,0.0005812155432067,0.0715120807290077,0.2168576866388321,0.7110490202903748
7695,0.000102747377241,0.0126419179141521,0.0584556311368942,0.9287996292114258
7696,4.908954360871576e-05,0.0090669943019747,0.0944802463054657,0.8964036107063293
7697,2.7247042453382164e-05,0.0037399213761091,0.0371862724423408,0.9590466022491456
7698,0.000228119402891,0.040838036686182,0.2462848871946334,0.7126489281654358
7699,0.0001485760876676,0.0207146648317575,0.1119824275374412,0.8671543002128601
7700,0.0001366410870105,0.0248467605561018,0.1522048562765121,0.8228117227554321
7701,0.0002017658116528,0.0813981369137764,0.6014553904533386,0.3169447481632232
7702,0.0003420816501602,0.0383227653801441,0.1916017979383468,0.7697333693504333
7703,0.0002181669842684,0.0550782866775989,0.2841154336929321,0.6605881452560425
7704,0.0006437447154894,0.1813034266233444,0.5852546095848083,0.2327982038259506
7705,0.0001716638071229,0.0271203052252531,0.1421002447605133,0.8306077718734741
7706,0.0001959798973985,0.0264830999076366,0.1622286587953567,0.8110922574996948
7707,0.0009070525993593,0.2677209079265594,0.6626156568527222,0.0687564238905906
7708,0.0001060622016666,0.0167562365531921,0.0964254811406135,0.8867122530937195
7709,5.912195047130808e-05,0.0066233221441507,0.0405727662146091,0.9527447819709778
7710,0.000934753450565,0.1956402659416198,0.5318053364753723,0.2716196179389953
7711,0.0001300454896409,0.0225645266473293,0.1566288620233535,0.8206765651702881
7712,0.0004347068897914,0.0968503057956695,0.4548836052417755,0.4478313326835632
7713,0.0001485153043176,0.012364231981337,0.064783938229084,0.9227033257484436
7714,0.0001701132277958,0.0295167826116085,0.1725322157144546,0.7977808117866516
7715,0.0003361088165547,0.0671248808503151,0.3152701258659363,0.6172689199447632
7716,0.0001856129383668,0.031706865876913,0.2235551476478576,0.7445523738861084
7717,0.0001363376213703,0.0212053637951612,0.1182740181684494,0.8603842854499817
7718,5.91920834267512e-05,0.0078747197985649,0.0529796332120895,0.939086377620697
7719,0.0024966807104647,0.1983359307050705,0.4400274753570556,0.3591399490833282
7720,0.0016789983492344,0.3353156447410583,0.5275256037712097,0.1354797780513763
7721,8.258046727860346e-05,0.0116947833448648,0.0877742171287536,0.9004483819007874
7722,0.0002296485181432,0.0368523597717285,0.1992219984531402,0.7636959552764893
7723,6.931483949301764e-05,0.0078874975442886,0.051432941108942,0.94061017036438
7724,0.0007756609702482,0.0954364091157913,0.3545893132686615,0.5491986274719238
7725,5.8897923736367375e-05,0.0058229123242199,0.0300368703901767,0.9640812873840332
7726,4.946150511386804e-05,0.0075737591832876,0.0605103522539138,0.9318663477897644
7727,0.00065179169178,0.2284562736749649,0.6407214403152466,0.1301704496145248
7728,0.0017564652953296,0.31939497590065,0.5348859429359436,0.1439625918865203
7729,4.440616612555459e-05,0.0061911633238196,0.0457468517124652,0.9480175375938416
7730,0.0001787510409485,0.0203404948115348,0.1411910206079483,0.8382896780967712
7731,7.10051172063686e-05,0.0073567749932408,0.0731488689780235,0.9194233417510986
7732,6.98730509611778e-05,0.0100510250777006,0.0708666369318962,0.919012486934662
7733,0.0001147151924669,0.0205363649874925,0.1590266972780227,0.8203221559524536
7734,0.0016734572127461,0.1578691750764846,0.3907299637794494,0.4497274160385132
7735,0.0001547549909446,0.0281405858695507,0.1363653838634491,0.8353392481803894
7736,5.413638791651465e-05,0.0066608777269721,0.04999266192317,0.9432923197746276
7737,0.0003841642464976,0.0687732547521591,0.3082203567028045,0.6226222515106201
7738,0.0001832453417591,0.0259506218135356,0.1144995167851448,0.8593665957450867
7739,0.0002883324632421,0.0751028805971145,0.3696693480014801,0.5549393892288208
7740,0.000804400187917,0.182038202881813,0.5026236176490784,0.3145338296890259
7741,7.761214510537684e-05,0.0088316658511757,0.0470033399760723,0.9440873861312866
7742,0.0006609517731703,0.1279386132955551,0.5644916892051697,0.3069087862968445
7743,0.0001761794555932,0.0203635767102241,0.1135789081454277,0.8658813238143921
7744,0.0001879983610706,0.0287871174514293,0.168267160654068,0.802757740020752
7745,7.064138480927795e-05,0.0159863606095314,0.1639990955591201,0.8199438452720642
7746,0.0012260125949978,0.1848217993974685,0.4946087598800659,0.3193434178829193
7747,0.0001544872502563,0.023289006203413,0.1426624506711959,0.8338940143585205
7748,8.557617547921836e-05,0.0153198856860399,0.1080157086253166,0.8765788674354553
7749,5.862474426976405e-05,0.0081735365092754,0.047035451978445,0.9447323083877563
7750,0.0025676533114165,0.7697896957397461,0.2240215688943863,0.0036209719255566
7751,0.0001443359797121,0.0283786915242671,0.2163480669260025,0.7551289200782776
7752,2.105787643813528e-05,0.0046915793791413,0.0871511846780777,0.9081361293792723
7753,0.000239683460677,0.0318866968154907,0.1953296959400177,0.7725439071655273
7754,0.0002316921891178,0.0484922714531421,0.2386873215436935,0.7125887274742126
7755,0.000405187573051,0.0620440654456615,0.3302070200443268,0.6073436737060547
7756,0.003060707822442,0.3171171545982361,0.52283775806427,0.1569843590259552
7757,0.0006589876720681,0.1445426493883133,0.5628142356872559,0.2919841706752777
7758,0.0003442791930865,0.0300375334918499,0.1188007444143295,0.8508175015449524
7759,0.000647711509373,0.2067096382379531,0.6672669053077698,0.1253757327795028
7760,4.309443465899676e-05,0.0056442562490701,0.045094646513462,0.9492180347442628
7761,4.236428503645584e-05,0.0082003381103277,0.0730888247489929,0.918668568134308
7762,3.198176636942662e-05,0.0036392793990671,0.0334661938250064,0.9628625512123108
7763,0.0002224588533863,0.0458379313349723,0.2256221920251846,0.728317379951477
7764,0.0002725178201217,0.068799652159214,0.3897766172885895,0.541151225566864
7765,0.0003445274196565,0.0779676064848899,0.3719626665115356,0.5497251749038696
7766,0.0003525214560795,0.0810329690575599,0.4449585378170013,0.4736559092998504
7767,0.0004449978005141,0.1039010509848594,0.4513255655765533,0.4443284273147583
7768,0.000108190710307,0.0143933342769742,0.122411735355854,0.8630867600440979
7769,0.000250375655014,0.0338336937129497,0.1589090675115585,0.8070068955421448
7770,0.000172422354808,0.0428547523915767,0.2544403970241546,0.7025324702262878
7771,0.0033146000932902,0.540279746055603,0.4207702875137329,0.0356353111565113
7772,0.001479415455833,0.2128094434738159,0.5519856810569763,0.233725443482399
7773,5.172126839170232e-05,0.0094049759209156,0.0751408115029335,0.9154024720191956
7774,0.000250400713412,0.0427740775048732,0.2105413824319839,0.7464340329170227
7775,0.0046052606776356,0.421080619096756,0.484660804271698,0.0896532386541366
7776,0.0002008225565077,0.0279989317059516,0.1662372946739196,0.8055629134178162
7777,0.0001116005078074,0.0153182558715343,0.0802619233727455,0.9043083190917968
7778,5.6740656873444095e-05,0.0077882073819637,0.0919606462121009,0.9001943469047546
7779,5.871671237400733e-05,0.009874633513391,0.0729642212390899,0.9171023964881896
7780,4.051933501614258e-05,0.0043996456079185,0.0305395927280187,0.9650201797485352
7781,0.0002619049919303,0.0514945797622203,0.3009973764419555,0.6472460627555847
7782,0.0006468777428381,0.0619855970144271,0.1939357817173004,0.743431806564331
7783,0.000887568865437,0.1516167223453521,0.4894247949123382,0.358070820569992
7784,0.0003972217673435,0.0528450720012187,0.205765962600708,0.7409917116165161
7785,3.977678716182709e-05,0.0054597514681518,0.0471650548279285,0.947335422039032
7786,7.365812780335546e-05,0.00878397654742,0.0521528720855712,0.9389894604682922
7787,0.0001422338973497,0.0254627745598554,0.1442564278841018,0.8301385641098022
7788,0.0001957819476956,0.0299789756536483,0.159552201628685,0.8102729916572571
7789,0.0015481428708881,0.2158440351486206,0.5097554326057434,0.2728524208068847
7790,0.0003625389363151,0.0915263146162033,0.4576027989387512,0.4505083560943603
7791,9.400858107255772e-05,0.0150858275592327,0.108040452003479,0.8767796754837036
7792,8.641223394079134e-05,0.0101451817899942,0.0621467754244804,0.9276216626167296
7793,0.0001428421965101,0.0289765037596225,0.2351527512073516,0.735727846622467
7794,3.14029493893031e-05,0.0041129752062261,0.035530686378479,0.9603248834609984
7795,0.0002848296717274,0.0526089444756507,0.232121542096138,0.7149847149848938
7796,0.0005543077131733,0.1007950901985168,0.417784035205841,0.4808664917945862
7797,0.0013042510254308,0.2298676967620849,0.5869877338409424,0.1818403154611587
7798,3.705411290866323e-05,0.0040867459028959,0.0266489312052726,0.9692271947860718
7799,0.0007309619686566,0.1392966955900192,0.5509291291236877,0.3090431988239288
7800,5.306670209392905e-05,0.0059449635446071,0.0399965979158878,0.9540054202079772
7801,4.693495066021569e-05,0.007186880800873,0.0514704249799251,0.9412956833839417
7802,0.0009621631470508,0.109486773610115,0.3589933514595032,0.5305577516555786
7803,0.0004074176831636,0.0801046341657638,0.4132111072540283,0.5062768459320068
7804,0.0001081244408851,0.0187609493732452,0.1185728535056114,0.862558126449585
7805,0.0011150547070428,0.2815059423446655,0.6245481967926025,0.0928307995200157
7806,6.046272756066173e-05,0.0079190544784069,0.0622881837189197,0.929732382297516
7807,0.0001948362769326,0.0255185160785913,0.1423308551311493,0.8319557905197144
7808,7.553838804597035e-05,0.0102076325565576,0.070855014026165,0.9188617467880248
7809,0.0004128821892663,0.0786814168095588,0.3210693001747131,0.5998364090919495
7810,9.128739475272596e-05,0.0115884337574243,0.0677369982004165,0.9205833077430724
7811,0.0001285087491851,0.0179168507456779,0.1186724007129669,0.8632822632789612
7812,0.0001166147485491,0.0143481418490409,0.083868108689785,0.9016671180725098
7813,0.0002751456340774,0.0389652512967586,0.2139613181352615,0.7467983365058899
7814,0.0065450118854641,0.3356950581073761,0.4808609783649444,0.1768988817930221
7815,0.0009806011803448,0.1501538753509521,0.4211169481277466,0.4277485609054565
7816,7.489287963835523e-05,0.0106060933321714,0.063962921500206,0.9253560304641724
7817,0.0005902760312892,0.0947232991456985,0.3926171660423279,0.5120692849159241
7818,0.0018459075363352,0.2417662143707275,0.5621232390403748,0.194264605641365
7819,0.0020890752784907,0.245266780257225,0.5111798644065857,0.2414642870426178
7820,0.0002850705641321,0.0329496785998344,0.1431268602609634,0.8236383199691772
7821,0.000807391188573,0.512437105178833,0.473926842212677,0.0128286127001047
7822,4.484807868720964e-05,0.004794169217348,0.0377090610563755,0.9574518203735352
7823,0.0001340792077826,0.0255509745329618,0.1917707175016403,0.7825441956520081
7824,0.0001577882649144,0.0340727791190147,0.202299416065216,0.7634699940681458
7825,0.0012704039691016,0.2204310595989227,0.5205885171890259,0.2577100098133087
7826,0.0003777232777792,0.1303413361310959,0.5933483242988586,0.2759326100349426
7827,0.000107914682303,0.0139149064198136,0.0695701539516449,0.91640704870224
7828,6.92144240019843e-05,0.0085160611197352,0.0521672032773494,0.9392474889755248
7829,0.0004080328799318,0.0605574548244476,0.2980742454528808,0.6409603357315063
7830,0.0002548547054175,0.0813339278101921,0.5916635990142822,0.3267476558685303
7831,6.89458756824024e-05,0.0100738359615206,0.0830395072698593,0.9068177342414856
7832,0.0006565447547473,0.0859903916716575,0.3348258733749389,0.5785272121429443
7833,5.675195279764012e-05,0.0103197526186704,0.0750710368156433,0.9145524501800536
7834,0.000120395241538,0.0281106848269701,0.2353678941726684,0.7364009618759155
7835,0.0002162267046514,0.0270232390612363,0.1579568833112716,0.8148036599159241
7836,0.0014263178454712,0.2150178849697113,0.5321744084358215,0.2513813972473144
7837,0.0002087737084366,0.0291074980050325,0.1839650422334671,0.7867186665534973
7838,0.0001300834410358,0.0173058733344078,0.1616479456424713,0.8209160566329956
7839,0.0001893356238724,0.0251885876059532,0.1404906511306762,0.8341314196586609
7840,0.0004453196015674,0.0531058460474014,0.2133452892303466,0.7331035733222961
7841,0.0002621067978907,0.0348698236048221,0.1587366759777069,0.8061313629150391
7842,0.0017334764124825,0.2738632261753082,0.5707799792289734,0.1536233574151992
7843,0.0009179422631859,0.1450211107730865,0.5061733722686768,0.3478875458240509
7844,0.0001170079121948,0.015325010754168,0.0938770696520805,0.8906809091567993
7845,0.0006214538589119,0.3120166361331939,0.6108988523483276,0.0764629691839218
7846,0.0001817716838559,0.0274021420627832,0.1962464153766632,0.7761696577072144
7847,0.0005294674192555,0.3807874619960785,0.5897751450538635,0.0289079416543245
7848,0.0016820870805531,0.4591653645038605,0.5042945146560669,0.0348580963909626
7849,0.0006884682225063,0.2413115501403808,0.597251832485199,0.160748153924942
7850,0.0015730572631582,0.2485194504261016,0.5869244337081909,0.1629830300807953
7851,0.0003338075475767,0.0561377927660942,0.2806713283061981,0.6628569960594177
7852,0.0001732863020151,0.0209903940558433,0.1001395657658577,0.8786967992782593
7853,0.0003951071994379,0.0614532642066478,0.297793984413147,0.6403576731681824
7854,0.0002088976616505,0.0391916707158088,0.2438587546348571,0.7167407274246216
7855,0.0008796197362244,0.1929361671209335,0.594285249710083,0.2118989527225494
7856,6.128291715867817e-05,0.0068654096685349,0.050728902220726,0.94234436750412
7857,0.0005940420669503,0.0625173971056938,0.2434276789426803,0.6934608817100525
7858,0.0003350677725393,0.0859230905771255,0.5346314311027527,0.3791104555130005
7859,7.587693107780069e-05,0.0123679377138614,0.1068426743149757,0.8807135224342346
7860,7.109151192707941e-05,0.0119557539001107,0.0817027539014816,0.9062703847885132
7861,8.67996786837466e-05,0.0277011170983314,0.2797713577747345,0.6924407482147217
7862,0.0003159629413858,0.0376796349883079,0.1688683927059173,0.7931360602378845
7863,4.2706273234216496e-05,0.003966327290982,0.0254627224057912,0.9705283045768738
7864,0.000303453329252,0.0635115951299667,0.2846392393112182,0.6515457034111023
7865,0.0003970982797909,0.0756735280156135,0.3287108242511749,0.5952184796333313
7866,0.000128948377096,0.0253532510250806,0.1349334865808487,0.8395843505859375
7867,0.0003017373383045,0.0454870052635669,0.2537061274051666,0.7005050778388977
7868,0.0001354655978502,0.0188867859542369,0.0989596769213676,0.8820180296897888
7869,0.0001766739296726,0.0326322354376316,0.2127888947725296,0.7544021606445312
7870,0.0001398633175995,0.0204357411712408,0.1104745641350746,0.868949830532074
7871,0.000348468311131,0.0776368305087089,0.4682100117206573,0.4538047015666961
7872,0.0001680365676293,0.02915645763278,0.157618299126625,0.8130571246147156
7873,5.8902602177113295e-05,0.0070243310183286,0.043706864118576,0.949209988117218
7874,0.0004132407193537,0.0549761801958084,0.274863600730896,0.669746994972229
7875,8.296541636809707e-05,0.0082023320719599,0.0436539426445961,0.9480606913566588
7876,9.611219866201282e-05,0.0101149138063192,0.0649349465966224,0.9248540997505188
7877,0.0004725751350633,0.12700055539608,0.5431124567985535,0.3294143676757812
7878,0.0001350875245407,0.0185420773923397,0.1678662598133087,0.813456654548645
7879,0.0021039429120719,0.2843093872070312,0.4989785552024841,0.2146080136299133
7880,0.0001555373019073,0.0253525767475366,0.1349298954010009,0.8395619988441467
7881,0.0001020348790916,0.0083629339933395,0.0398973301053047,0.9516376852989196
7882,0.0006447167834267,0.1759906560182571,0.6239410638809204,0.1994235515594482
7883,0.0016319402493536,0.1588395684957504,0.3870367705821991,0.4524917900562286
7884,0.0033267310354858,0.1963925063610077,0.3845178186893463,0.4157629013061523
7885,0.0002507623867131,0.0500801913440227,0.258333295583725,0.6913356781005859
7886,5.132462320034392e-05,0.005486499518156,0.0424856096506118,0.9519765377044678
7887,0.0004885790403932,0.0861096084117889,0.3859164714813232,0.5274853110313416
7888,0.0001139303931267,0.0153956096619367,0.1035787612199783,0.880911648273468
7889,0.000149305575178,0.0221589114516973,0.1197899356484413,0.8579018712043762
7890,0.0003432254889048,0.0378547795116901,0.201468363404274,0.7603335976600647
7891,6.820241105742753e-05,0.0104434471577405,0.0639738664031028,0.9255144000053406
7892,0.0002126900799339,0.0158723853528499,0.0757229179143905,0.908191978931427
7893,0.0009044983889907,0.1922891587018966,0.592292308807373,0.2145140618085861
7894,0.0004473098670132,0.0613976269960403,0.3371392786502838,0.6010158061981201
7895,7.331652159336954e-05,0.0091628367081284,0.0561291761696338,0.9346346855163574
7896,0.0001547199935885,0.0215712580829858,0.1166131123900413,0.8616608381271362
7897,0.0006733399932272,0.1699909418821334,0.5933266878128052,0.2360090464353561
7898,9.584376675775276e-05,0.0117925042286515,0.094215914607048,0.8938957452774048
7899,0.000110594126454,0.0136073715984821,0.0901285260915756,0.8961535096168518
7900,4.822092887479812e-05,0.0060264784842729,0.0418320521712303,0.9520931243896484
7901,5.438575317384675e-05,0.0054614916443824,0.0319236442446708,0.962560534477234
7902,4.121036545257084e-05,0.0053974925540387,0.0580285117030143,0.936532735824585
7903,9.66340521699749e-05,0.0130583252757787,0.099551573395729,0.8872935175895691
7904,0.0001556778443045,0.020389774814248,0.0988060161471366,0.8806484341621399
7905,0.0008063315763138,0.0848588943481445,0.3252973258495331,0.5890374183654785
7906,8.230633102357388e-05,0.0111221950501203,0.0772033333778381,0.911592185497284
7907,0.0002226142241852,0.0249390583485364,0.1227543503046035,0.8520840406417847
7908,0.0028406870551407,0.2943210005760193,0.5762525200843811,0.1265858709812164
7909,0.0001119283188018,0.0213297624140977,0.1527577489614486,0.8258005976676941
7910,0.0001428781833965,0.0199202578514814,0.1060183495283126,0.8739185929298401
7911,0.0018370680045336,0.2443974465131759,0.5093680620193481,0.2443974465131759
7912,0.0002578046987764,0.0531209856271743,0.3573880195617676,0.5892332196235657
7913,0.0026483603287488,0.2966908514499664,0.5207086801528931,0.1799521148204803
7914,0.0003935486602131,0.0876804888248443,0.4452782869338989,0.4666476249694824
7915,0.000350533198798,0.0689202547073364,0.3445795774459839,0.5861496329307556
7916,0.0001086785196093,0.014013398438692,0.0913788378238678,0.8944990634918213
7917,0.0005726645467802,0.0798416063189506,0.3013190925121307,0.6182665824890137
7918,0.000959975819569,0.262048065662384,0.609279990196228,0.1277120113372802
7919,7.555526099167764e-05,0.0088705262169241,0.0719868913292884,0.9190670251846312
7920,8.820193033898249e-05,0.0137185454368591,0.0967251658439636,0.8894680738449097
7921,0.0004639177641365,0.0912134125828743,0.4152276813983917,0.4930950403213501
7922,0.0035172791685909,0.2280495017766952,0.5059499144554138,0.2624833583831787
7923,0.0001220505073433,0.0104835210368037,0.0603285022079944,0.9290658235549928
7924,0.0003435138205531,0.0814689546823501,0.4268668293952942,0.4913206994533539
7925,8.397485362365842e-05,0.0247855801135301,0.1919312328100204,0.7831992506980896
7926,0.0004770217637997,0.1046301573514938,0.4474464058876037,0.4474464058876037
7927,0.0001146796057582,0.0167560912668705,0.0964246466755867,0.8867045640945435
7928,0.0001993471960304,0.0368200577795505,0.2896121740341186,0.6733684539794922
7929,2.130256143573206e-05,0.0032113676425069,0.0339901931583881,0.9627771377563475
7930,0.0007271694485098,0.1013828888535499,0.3324216604232788,0.5654683113098145
7931,0.0010834578424692,0.2376461029052734,0.5790608525276184,0.1822095811367035
7932,0.0002945447049569,0.0465336479246616,0.2476584613323211,0.7055132985115051
7933,0.0019775293767452,0.2757096588611603,0.5836772918701172,0.138635516166687
7934,9.852525545284152e-05,0.0095896339043974,0.0569362677633762,0.9333755373954772
7935,5.398191206040792e-05,0.0078874174505472,0.0660405382514,0.9260180592536926
7936,0.0002380394580541,0.0353281870484352,0.185106486082077,0.7793273329734802
7937,0.0004227730096317,0.044492918998003,0.2025435864925384,0.7525407075881958
7938,9.404008596902712e-05,0.0121258664876222,0.082865260541439,0.9049148559570312
7939,0.0023672897368669,0.2198610305786132,0.4954644739627838,0.2823071479797363
7940,0.0009835540549829,0.2643218338489532,0.5864235758781433,0.1482710987329483
7941,0.0012227424886077,0.2155022323131561,0.5677727460861206,0.2155022323131561
7942,0.0007854651776142,0.0893798992037773,0.2796449661254883,0.6301896572113037
7943,2.301426138728857e-05,0.0025782445445656,0.0202794633805751,0.9771192669868468
7944,0.0012586741941049,0.3128375113010406,0.6030101180076599,0.0828936919569969
7945,0.0002396384661551,0.0308998394757509,0.1593935042619705,0.8094670176506042
7946,0.0002199507871409,0.0306658148765563,0.1657778173685073,0.8033363819122314
7947,0.0002966498723253,0.0565314553678035,0.2962036728858948,0.6469682455062866
7948,0.0048680766485631,0.3807237148284912,0.4888589382171631,0.1255493611097335
7949,0.0003402371658012,0.0529190115630626,0.2604764997959137,0.6862642168998718
7950,8.389854338020086e-05,0.0128469048067927,0.0864315703511238,0.9006376266479492
7951,0.0005977485561743,0.1070092096924781,0.3975874483585357,0.4948055744171142
7952,0.0001534744806122,0.0231363307684659,0.1352370381355285,0.8414731621742249
7953,0.0005654472042806,0.2077035158872604,0.6397718787193298,0.1519591361284256
7954,0.0010314339306205,0.2297978401184082,0.5599374175071716,0.2092333287000656
7955,0.0021417243406176,0.2052258998155594,0.469766765832901,0.3228656649589538
7956,0.0011547520989552,0.213286355137825,0.5362018346786499,0.2493570297956466
7957,0.0002353951567783,0.0255595333874225,0.1277896165847778,0.8464154601097107
7958,0.0005872077890671,0.202628344297409,0.6339679956436157,0.1628164499998092
7959,3.850252323900349e-05,0.0032558988314121,0.0205779150128364,0.9761276841163636
7960,5.079478069092147e-05,0.0070818727836012,0.0507183820009231,0.942148983478546
7961,0.0013040814083069,0.1762227416038513,0.577812135219574,0.2446610629558563
7962,8.37272236822173e-05,0.0126219056546688,0.1024304330348968,0.8848639130592346
7963,0.0001529788278276,0.0241683591157197,0.13692307472229,0.8387555480003357
7964,4.496867404668592e-05,0.0049596531316637,0.0349689610302448,0.9600263833999634
7965,0.0002177546120947,0.0492785349488258,0.3114499151706695,0.6390537619590759
7966,0.0007942072697915,0.1107293739914894,0.3518972396850586,0.5365791916847229
7967,0.0004517665947787,0.1312738060951233,0.4510870575904846,0.4171873331069946
7968,8.258122397819534e-05,0.0130465924739837,0.0864142030477523,0.9004566073417664
7969,0.000588217691984,0.0886740088462829,0.3675435781478882,0.5431941151618958
7970,0.0003917636058758,0.0973709970712661,0.4792768359184265,0.4229603111743927
7971,0.0001577332732267,0.0197129398584365,0.1016870737075805,0.8784422874450684
7972,0.0002161025331588,0.0352247096598148,0.1995615512132644,0.7649976015090942
7973,0.0001486656838096,0.0158920641988515,0.0746413618326187,0.909317910671234
7974,0.0008484833524562,0.1299234181642532,0.3939879238605499,0.4752401411533355
7975,0.0002142585144611,0.0371765419840812,0.2041393816471099,0.758469820022583
7976,6.599957850994542e-05,0.0083782821893692,0.0529523827135562,0.9386033415794371
7977,0.0001601511903572,0.0230372641235589,0.1389324814081192,0.8378701210021973
7978,0.000228236807743,0.03232217207551,0.172023057937622,0.7954265475273132
7979,0.001304774894379,0.4363875389099121,0.5101886987686157,0.0521190539002418
7980,0.0010822684271261,0.2030463367700576,0.4504779577255249,0.3453934490680694
7981,6.231617589946836e-05,0.0089639937505126,0.0622224509716033,0.9287511706352234
7982,0.0010259846458211,0.2081278860569,0.5151214599609375,0.2757246792316437
7983,7.799494778737426e-05,0.0068048713728785,0.0443733409047126,0.9487438201904296
7984,0.0001168630769825,0.0148351239040493,0.0814608559012413,0.9035871624946594
7985,0.0002574542013462,0.0394224971532821,0.2164720743894577,0.7438479065895081
7986,8.225254714488983e-05,0.0129946675151586,0.1176441088318824,0.8692789673805237
7987,5.862148100277409e-05,0.0085653150454163,0.0613423772156238,0.930033802986145
7988,0.0006369836628437,0.1711839586496353,0.5791078805923462,0.2490711957216262
7989,0.0005644546472467,0.1589722782373428,0.6487060785293579,0.1917571574449539
7990,0.0004737730196211,0.1253485381603241,0.4880769550800323,0.3861006796360016
7991,0.0001289799547521,0.0220326799899339,0.124823622405529,0.8530147075653076
7992,0.0007393294945359,0.2049956023693084,0.6216414570808411,0.1726235896348953
7993,4.462779543246143e-05,0.0065206666477024,0.0554566457867622,0.9379780888557434
7994,0.0001428546383976,0.0173041671514511,0.0950185656547546,0.8875344395637512
7995,0.0001695233950158,0.0285094492137432,0.1381528377532959,0.8331682682037354
7996,0.0018442542059347,0.561619758605957,0.423932820558548,0.0126031916588544
7997,0.0001996702485485,0.0392582677304744,0.1962789893150329,0.7642630934715271
7998,0.0045755035243928,0.7575517296791077,0.234678566455841,0.0031942164059728
7999,0.0009740086388774,0.194520965218544,0.5124945044517517,0.2920105457305908
8000,5.7408400607528165e-05,0.0033365432173013,0.0270770192146301,0.9695289731025696
8001,5.315791713655926e-05,0.0037853438407182,0.0254670828580856,0.9706944823265076
8002,0.0005599078140221,0.0792923644185066,0.5418649911880493,0.3782827258110046
8003,0.0043925708159804,0.2760383188724518,0.5238286256790161,0.1957404762506485
8004,0.0001131416647695,0.0081836273893713,0.0604692846536636,0.9312338829040528
8005,0.0020021176896989,0.1746799647808075,0.5214980244636536,0.3018199205398559
8006,0.000305490597384,0.0302021689713001,0.1658425033092498,0.8036498427391052
8007,0.0042829089798033,0.1792905032634735,0.4368685781955719,0.3795579969882965
8008,0.0017570680938661,0.1374172121286392,0.4505736827850342,0.4102520048618316
8009,0.0013717560796067,0.1335153877735138,0.544826090335846,0.3202867209911346
8010,0.0006774563225917,0.0538170225918293,0.26906818151474,0.6764373183250427
8011,8.72581367730163e-05,0.0107361394912004,0.1228686049580574,0.8663080334663391
8012,0.0348887853324413,0.7696342468261719,0.1886069923639297,0.0068700090050697
8013,0.0040114950388669,0.3186724781990051,0.5770413279533386,0.1002747416496276
8014,9.735872299643232e-05,0.0174292027950286,0.2057984173297882,0.7766750454902649
8015,0.0009650257416069,0.1064339354634285,0.3435729742050171,0.5490280389785767
8016,0.0001097541025956,0.0073420074768364,0.0605208091437816,0.9320273995399476
8017,7.191262557171285e-05,0.0069993794895708,0.0470905117690563,0.945838212966919
8018,0.0002545588358771,0.0236420445144176,0.1026963591575622,0.8734070062637329
8019,0.0002273231075378,0.0239236410707235,0.1584583967924118,0.8173906207084656
8020,0.0016450088005512,0.1033757776021957,0.3781328797340393,0.5168463587760925
8021,6.742867117282003e-05,0.0055265570990741,0.0354789681732654,0.9589269757270812
8022,4.070719660376199e-05,0.0033889655023813,0.0270760525017976,0.9694943428039552
8023,0.001094716368243,0.0698776096105575,0.3439496159553528,0.5850780606269836
8024,7.331992674153298e-05,0.005060433410108,0.0305183175951242,0.9643478989601136
8025,0.0001585438876645,0.0147246969863772,0.1685152202844619,0.8166014552116394
8026,0.0006092534167692,0.0862805321812629,0.3927718997001648,0.520338237285614
8027,0.0003545335202943,0.0409785062074661,0.3075607717037201,0.6511061191558838
8028,6.949149974389002e-05,0.0061584445647895,0.0507645979523658,0.943007469177246
8029,8.90826850081794e-05,0.0059591908939182,0.0376632437109947,0.956288516521454
8030,0.0001943413371918,0.0183336082845926,0.1252874732017517,0.8561844825744629
8031,4.395455471239984e-05,0.0038953204639256,0.0278971903026103,0.9681634902954102
8032,4.6087436203379184e-05,0.0033860367257148,0.0279113966971635,0.9686565399169922
8033,3.422825102461502e-05,0.0017283566994592,0.0149307232350111,0.9833067059516908
8034,4.207951860735193e-05,0.0027283059898763,0.0258854459971189,0.9713441729545592
8035,3.2072690373752266e-05,0.0025478494353592,0.0166140664368867,0.9808059930801392
8036,5.778890044894069e-05,0.0061775175854563,0.0478366203606128,0.9459280371665956
8037,0.0003010391374118,0.0266785509884357,0.1559421271085739,0.8170782923698425
8038,9.528256487101316e-05,0.0089886849746108,0.04494059830904,0.9459753632545472
8039,0.0003701887617353,0.0484851635992527,0.3696319460868835,0.5815126895904541
8040,0.02507427893579,0.3861467838287353,0.4375616312026977,0.1512172669172287
8041,0.0010714398231357,0.0484970696270465,0.1918096393346786,0.7586218118667603
8042,0.0007224263390526,0.1465490609407425,0.6991464495658875,0.1535820960998535
8043,0.0008329959237016,0.1217108890414238,0.4966563880443573,0.3807996809482574
8044,4.157552757533267e-05,0.0029146696906536,0.022220304235816,0.974823534488678
8045,0.0001156742873718,0.0102512342855334,0.0668464452028274,0.9227866530418396
8046,0.0004990383749827,0.0893380716443061,0.4905624985694885,0.4196003675460815
8047,5.066041921963915e-05,0.0033889312762767,0.0270757805556058,0.9694846272468568
8048,0.0011470079189166,0.1284971386194229,0.4555619359016418,0.414793848991394
8049,0.0068716024979949,0.4120510816574096,0.5048555135726929,0.0762217789888382
8050,5.019328818889335e-05,0.0041787037625908,0.0501177906990051,0.9456533193588256
8051,6.654866592725739e-05,0.0076919789426028,0.0605021081864833,0.9317393898963928
8052,0.0001088558419723,0.0087836673483252,0.0521510392427444,0.9389564990997314
8053,0.0005637698341161,0.0750020742416381,0.315770536661148,0.6086636185646057
8054,0.0014730622060596,0.2291137129068374,0.6326032280921936,0.1368100494146347
8055,0.0022404135670512,0.2394957095384597,0.5149967074394226,0.243267223238945
8056,0.0002753242733888,0.0247839037328958,0.15421062707901,0.8207301497459412
8057,0.0014937043888494,0.086813248693943,0.3276297748088836,0.5840632319450378
8058,0.0010665112640708,0.0860576778650283,0.324778288602829,0.5880975127220154
8059,0.0001073354869731,0.0124062960967421,0.0759977772831916,0.9114885926246644
8060,0.0001335128472419,0.0075209494680166,0.0376023799180984,0.9547431468963624
8061,0.0003109304816462,0.0267073586583137,0.1421402245759964,0.8308415412902832
8062,0.0003767541493289,0.0390351526439189,0.2467097640037536,0.713878333568573
8063,5.635500929201953e-05,0.0044768331572413,0.0287400297820568,0.966726779937744
8064,6.997029413469136e-05,0.0067047458142042,0.0437204390764236,0.9495047926902772
8065,0.0008860216476023,0.2005093842744827,0.6472522020339966,0.1513524204492569
8066,0.0108119742944836,0.3871372640132904,0.4893873333930969,0.1126633659005165
8067,0.0167447682470083,0.6283428072929382,0.3259799778461456,0.0289323702454566
8068,0.002819177461788,0.2347028404474258,0.5126380920410156,0.2498398572206497
8069,5.507465903065168e-05,0.0058873700909316,0.0492943488061428,0.9447633028030396
8070,8.938886458054185e-05,0.006567386444658,0.0632908567786216,0.9300523400306702
8071,0.002397766103968,0.2192390114068985,0.5097459554672241,0.2686172723770141
8072,8.363364031538367e-05,0.0059555019252002,0.053080815821886,0.9408799409866332
8073,0.0004005132359452,0.0251690875738859,0.1278191655874252,0.8466112017631531
8074,0.000633061339613,0.1031889840960502,0.5578343272209167,0.3383436501026153
8075,0.0004765795893035,0.0550851114094257,0.2627963423728943,0.6816418766975403
8076,5.776394755230285e-05,0.0076847248710691,0.0613969154655933,0.9308606386184692
8077,0.0001642553979763,0.0159872621297836,0.1109735816717147,0.872874915599823
8078,0.0001786016946425,0.016848774626851,0.1187954246997833,0.8641772270202637
8079,5.203471664572135e-05,0.0024683030787855,0.0171334184706211,0.9803462028503418
8080,0.0001203984938911,0.0110085988417267,0.0865893438458442,0.902281641960144
8081,0.0002712711866479,0.0318484492599964,0.1592322289943695,0.8086479902267456
8082,0.0003179822815582,0.0429694913327693,0.2632200419902801,0.6934924125671387
8083,2.0496332581387836e-05,0.0012880322756245,0.0126084294170141,0.9860830903053284
8084,0.0022162362001836,0.2857694625854492,0.5683204531669617,0.1436939090490341
8085,0.0019787484779953,0.3380147814750671,0.6120657324790955,0.047940693795681
8086,0.0023471065796911,0.1130899265408515,0.4009386003017425,0.4836242794990539
8087,0.0003303366538602,0.0453419238328933,0.2338914275169372,0.7204363346099854
8088,0.0001127051000366,0.0092374831438064,0.0484009496867656,0.9422488808631896
8089,5.936703382758424e-05,0.0049424380995333,0.0531362183392047,0.9418619871139526
8090,0.001384982606396,0.1651637852191925,0.6041440367698669,0.2293072044849395
8091,0.0003225176769774,0.0355708934366703,0.1670683026313781,0.7970383167266846
8092,2.664159364940133e-05,0.001838763593696,0.0153957782313227,0.9827387928962708
8093,2.93014327326091e-05,0.0020223415922373,0.0138201983645558,0.9841281771659852
8094,0.0001027401958708,0.0073160682804882,0.0492211356759071,0.9433600902557372
8095,4.67040081275627e-05,0.0024714986793696,0.0158663354814052,0.9816154837608336
8096,0.0008155829273164,0.0418314225971698,0.1680518835783004,0.7893010377883911
8097,0.0968974977731704,0.5753069519996643,0.2847975790500641,0.0429980047047138
8098,4.817883018404245e-05,0.0063101812265813,0.0571277141571044,0.936513900756836
8099,0.0007956721819937,0.055780928581953,0.2423013150691986,0.7011220455169678
8100,5.01640715810936e-05,0.0044456180185079,0.0355181507766246,0.9599860906600952
8101,0.000397934927605,0.044579904526472,0.2999252378940582,0.6550969481468201
8102,0.0001662278082221,0.0136242872104048,0.0748120546340942,0.9113973379135132
8103,0.0001211408525705,0.0163699705153703,0.1172371283173561,0.8662717342376709
8104,0.0002693910500966,0.0306546334177255,0.190739557147026,0.7783364057540894
8105,0.0002890355535782,0.0193350482732057,0.1321310847997665,0.8482449054718018
8106,3.145392474834807e-05,0.0026598463300615,0.0202776324003934,0.9770310521125792
8107,4.290491051506251e-05,0.0045153424143791,0.0355159193277359,0.9599257707595824
8108,1.7714346540742554e-05,0.0016452126437798,0.017413480207324,0.9809236526489258
8109,5.032581611885689e-05,0.0029249077197164,0.018777098506689,0.9782477021217346
8110,0.0001551043387735,0.0176496803760528,0.1047909930348396,0.8774042129516602
8111,0.0002952868235297,0.0121696097776293,0.0793558210134506,0.9081792831420898
8112,0.0010996658820658,0.0669791474938392,0.286433458328247,0.6454877853393555
8113,0.0009540962055325,0.1120151728391647,0.4227408170700073,0.4642899632453918
8114,0.0001929772115545,0.0139581952244043,0.0665908306837081,0.9192579984664916
8115,0.0003615166933741,0.0282735843211412,0.1705115288496017,0.800853431224823
8116,1.7219710571225733e-05,0.0017024177359417,0.0144786396995186,0.9838017821311952
8117,0.0002949232293758,0.038028459995985,0.2441322058439254,0.717544436454773
8118,0.0004502922238316,0.0580622926354408,0.2769997119903564,0.6644877791404724
8119,2.6567095119389705e-05,0.0025858210865408,0.0173969194293022,0.9799907207489014
8120,5.810361835756339e-05,0.005069401115179,0.0437929481267929,0.9510795474052428
8121,8.633266406832263e-05,0.0090857092291116,0.0640604868531227,0.9267674684524536
8122,5.781119398307055e-05,0.0048129116185009,0.0339343287050724,0.96119487285614
8123,4.039625491714105e-05,0.0030621180776506,0.0196579489856958,0.9772396087646484
8124,0.0001119307926273,0.0097656929865479,0.0688548386096954,0.9212675094604492
8125,0.0001185714427265,0.0072220251895487,0.0318650715053081,0.9607943296432496
8126,0.0007123715477064,0.0476541295647621,0.1944585889577865,0.7571749091148376
8127,0.0013179861707612,0.1030773669481277,0.4408060014247894,0.4547986984252929
8128,0.0037162322551012,0.2126367539167404,0.4644413590431213,0.3192055821418762
8129,0.0003017350682057,0.0348758324980735,0.2420862764120102,0.722736120223999
8130,0.0004852000856772,0.0596984475851058,0.3079480230808258,0.631868302822113
8131,0.00012483781029,0.0115942591801285,0.0955724865198135,0.892708420753479
8132,0.0004158893716521,0.1390959620475769,0.6846543550491333,0.1758337765932083
8133,0.0010505890240892,0.2452985197305679,0.6263917088508606,0.1272591948509216
8134,0.00039847343578,0.0326594933867454,0.1879424154758453,0.7789995670318604
8135,0.0001831073750508,0.0159756783396005,0.097862884402275,0.8859782814979553
8136,0.0013122407253831,0.4820203185081482,0.5051529407501221,0.0115145472809672
8137,0.0026285101193934,0.2944670915603637,0.550136923789978,0.1527674943208694
8138,0.0001656057866057,0.0146762412041425,0.1051071137189865,0.8800510764122009
8139,6.594335718546063e-05,0.0044807526282966,0.0278801787644624,0.96757310628891
8140,0.0008675879216752,0.1154210269451141,0.5337014198303223,0.350009948015213
8141,0.0002412916364846,0.0489476323127746,0.4162874519824981,0.5345236659049988
8142,2.250327997899149e-05,0.0018158084712922,0.0124087985605001,0.9857529997825624
8143,2.044679968093988e-05,0.0015743164112791,0.0147051252424716,0.9837000966072084
8144,2.119965574820526e-05,0.0011218506842851,0.010316346772015,0.9885405898094176
8145,6.173222209326923e-05,0.0031662585679441,0.0173861794173717,0.979385793209076
8146,0.0010046754032373,0.1275380253791809,0.4966022968292236,0.3748550713062286
8147,0.0003458305145613,0.21608966588974,0.7196885347366333,0.0638759806752204
8148,8.626418275525793e-05,0.0086627667769789,0.0506358183920383,0.9406152367591858
8149,5.061147749074735e-05,0.0034931297414004,0.0279082711786031,0.9685479998588562
8150,9.698548819869755e-05,0.0091493334621191,0.0719650834798812,0.9187886118888856
8151,0.0112239755690097,0.3081393539905548,0.4847712516784668,0.1958652883768081
8152,0.0001419799082214,0.0183073990046978,0.1657416522502899,0.8158089518547058
8153,4.604169225785881e-05,0.0034900533501058,0.0287688169628381,0.9676950573921204
8154,9.632953879190608e-05,0.0058673005551099,0.0376664474606514,0.9563698768615724
8155,0.0002635243290569,0.0193610917776823,0.1571208834648132,0.8232545256614685
8156,8.338296174770221e-05,0.0046242475509643,0.0274554230272769,0.9678369760513306
8157,2.6395366148790345e-05,0.0026924004778265,0.0236250627785921,0.9736560583114624
8158,5.897318260394968e-05,0.0051452685147523,0.0444483421742916,0.950347363948822
8159,2.5904562789946795e-05,0.0016795718111097,0.0124104497954249,0.985884130001068
8160,0.0011689837556332,0.0668873414397239,0.2564053833484649,0.6755382418632507
8161,0.0004109900619369,0.0453286282718181,0.2776715159416199,0.6765888929367065
8162,2.663678242242895e-05,0.0020191217772662,0.0153929973021149,0.9825612902641296
8163,0.0003446332702878,0.0473042726516723,0.2679969370365143,0.6843541860580444
8164,2.621981911943294e-05,0.0031268002931028,0.0296662561595439,0.967180609703064
8165,4.874909791396931e-05,0.0032105147838592,0.0190617069602012,0.9776790142059326
8166,0.005212765187025,0.4619632959365845,0.4841333627700805,0.0486905723810195
8167,0.001934838714078,0.4884680211544037,0.4884680211544037,0.0211290549486875
8168,0.0008223779732361,0.043518878519535,0.1721205115318298,0.7835382223129272
8169,7.157347135944292e-05,0.0070760739035904,0.0514748953282833,0.9413774609565736
8170,0.0019252855563536,0.3138214647769928,0.6049067378044128,0.0793464928865432
8171,4.938119673170149e-05,0.0034082175698131,0.0215405970811843,0.975001871585846
8172,7.426815864164382e-05,0.0092817693948745,0.073006771504879,0.9176372289657592
8173,0.0001971724268514,0.0172028206288814,0.1139430031180381,0.8686570525169373
8174,0.0019543683156371,0.2024903148412704,0.6140442490577698,0.1815111190080642
8175,0.0013627597363665,0.1676723510026931,0.5412529706954956,0.2897118628025055
8176,0.0001528567372588,0.0087462132796645,0.0561482682824134,0.9349526166915894
8177,5.130764111527242e-05,0.0086286179721355,0.0689381211996078,0.9223819375038148
8178,0.0068636322394013,0.2272922992706298,0.4246379137039184,0.3412061333656311
8179,0.0001601188996573,0.0230326186865568,0.1898598968982696,0.7869473695755005
8180,0.0003540529578458,0.0664245188236236,0.2930787205696106,0.6401427388191223
8181,0.0013299994170665,0.1913163959980011,0.5801597833633423,0.2271938323974609
8182,0.0003434756945353,0.0281517952680587,0.1864636242389679,0.7850411534309387
8183,0.0001249628840014,0.0074933166615664,0.0411464013159275,0.9512352347373962
8184,7.405158248730004e-05,0.0066659119911491,0.049254797399044,0.944005250930786
8185,3.497143916320056e-05,0.0029572991188615,0.0232609584927558,0.9737468361854552
8186,4.961316517437808e-05,0.005471899639815,0.059754878282547,0.9347236156463624
8187,0.0007454408914782,0.0514492355287075,0.2034856528043747,0.7443196177482605
8188,0.0001141512111644,0.0180341769009828,0.1396505981683731,0.8422009944915771
8189,0.0025927301030606,0.4226149022579193,0.5342352390289307,0.0405571199953556
8190,0.0003434244717936,0.0209175199270248,0.116668552160263,0.8620705008506775
8191,0.0002245228679385,0.0276250317692756,0.1773450523614883,0.7948053479194641
8192,0.0001513691095169,0.0198254436254501,0.1880985796451568,0.7919245362281799
8193,0.0003113707061856,0.0317606776952743,0.2103670537471771,0.7575609087944031
8194,9.016794501803815e-05,0.0079908221960067,0.053760752081871,0.9381582736968994
8195,5.017819785280153e-05,0.0033566730562597,0.0212148278951644,0.9753782749176024
8196,0.0025556259788572,0.1352394819259643,0.3974909484386444,0.464713990688324
8197,0.0012457063421607,0.1764129847288131,0.6061956286430359,0.2161457240581512
8198,0.0037640060763806,0.3495804965496063,0.5674251317977905,0.0792303010821342
8199,0.0025412258692085,0.2323562055826187,0.5841434001922607,0.1809591948986053
8200,0.000547174247913,0.1127459481358528,0.5052922368049622,0.3814146220684051
8201,0.0005918989190831,0.0585177764296531,0.3018576800823211,0.6390326619148254
8202,2.9660712243639864e-05,0.0020793764851987,0.0171404834836721,0.9807505011558532
8203,0.0039598955772817,0.3195272386074066,0.5607877969741821,0.1157250925898552
8204,0.0005593833629973,0.0553031414747238,0.2808525264263153,0.663284957408905
8205,0.0010376470163464,0.0738902315497398,0.3159884214401245,0.6090836524963379
8206,0.0005161423468962,0.0450321771204471,0.3029680252075195,0.6514835953712463
8207,0.0005218693404458,0.0948965176939964,0.5050523281097412,0.3995293080806732
8208,0.0011897088261321,0.1312145292758941,0.5109177231788635,0.3566780388355255
8209,0.001684014336206,0.1772268265485763,0.5632256865501404,0.2578635215759277
8210,4.683470615418628e-05,0.0052468045614659,0.0406294949352741,0.9540768265724182
8211,8.300682384287938e-05,0.0063911713659763,0.0596976391971111,0.9338282346725464
8212,0.0004336808051448,0.0384334586560726,0.1891761273145675,0.7719566822052002
8213,0.002143908990547,0.2327886372804641,0.5497732162475586,0.2152942866086959
8214,0.0328843556344509,0.3426628708839416,0.4198393225669861,0.2046133428812027
8215,0.0027965947519987,0.1082726418972015,0.3960448801517486,0.4928858280181885
8216,4.56462221336551e-05,0.003250440582633,0.0222127307206392,0.9744912981987
8217,5.532256545848213e-05,0.0059138708747923,0.0597279779613018,0.934302806854248
8218,0.0002175508852815,0.0195833072066307,0.1075334995985031,0.8726655840873718
8219,1.3958931958768517e-05,0.0007863245555199,0.0066874944604933,0.9925122261047364
8220,0.0006655352190136,0.1003296598792076,0.559593915939331,0.3394108712673187
8221,0.0019966613035649,0.0889746472239494,0.3009973764419555,0.6080313920974731
8222,0.0003129371325485,0.037318792194128,0.2358620166778564,0.7265061736106873
8223,6.469100480899215e-05,0.0056441347114741,0.0450936704874038,0.94919753074646
8224,0.0150586497038602,0.4400782287120819,0.454047828912735,0.0908152759075164
8225,0.0303142946213483,0.4892479479312897,0.3993125557899475,0.081125259399414
8226,0.0003621547366492,0.0497092679142952,0.295137494802475,0.6547911763191223
8227,6.560761539731175e-05,0.0030638938769698,0.01906418800354,0.977806270122528
8228,9.42597835091874e-05,0.0069252508692443,0.0424223057925701,0.9505581259727478
8229,0.0029752145055681,0.162441223859787,0.46275195479393,0.3718316256999969
8230,0.0008262314368039,0.1016585528850555,0.4627766907215118,0.4347384870052337
8231,0.000137318711495,0.0315650142729282,0.3727095425128937,0.5955881476402283
8232,2.838749787770212e-05,0.0020214568357914,0.0142526589334011,0.9836975932121276
8233,6.707553984597325e-05,0.008923509158194,0.0807868465781211,0.910222589969635
8234,0.0029201896395534,0.2431123256683349,0.4911004304885864,0.262867122888565
8235,0.0010336148552596,0.1850381791591644,0.6259760856628418,0.1879521012306213
8236,1.8672222722670995e-05,0.0011372996959835,0.0122271245345473,0.986616849899292
8237,5.747846444137394e-05,0.0041574630886316,0.0250727143138647,0.9707122445106506
8238,0.0001150008902186,0.0126835983246564,0.0840098932385444,0.9031915068626404
8239,0.0100942645221948,0.3395402431488037,0.456901341676712,0.1934642046689987
8240,0.0231695100665092,0.2735781371593475,0.3980538249015808,0.305198460817337
8241,5.867905565537512e-05,0.0068891826085746,0.0907471925020217,0.9023049473762512
8242,0.0004035959718748,0.0520411133766174,0.2726759314537048,0.6748794317245483
8243,6.104030762799084e-05,0.0044846218079328,0.0270457305014133,0.9684085845947266
8244,9.965175559045748e-05,0.018405994400382,0.246269479393959,0.7352248430252075
8245,0.0008085495792329,0.0774774402379989,0.3754449188709259,0.5462691187858582
8246,0.0005737995961681,0.0851594135165214,0.4392856359481811,0.4749810397624969
8247,9.100195165956392e-05,0.0097279259935021,0.0867040604352951,0.9034770131111144
8248,7.960735820233822e-05,0.0094934422522783,0.0807393640279769,0.909687638282776
8249,0.0019683244172483,0.2071478515863418,0.5901092886924744,0.2007745802402496
8250,0.0002146124606952,0.0205647516995668,0.1183419749140739,0.8608786463737488
8251,0.0003351531922817,0.0274696704000234,0.1439307630062103,0.8282644152641296
8252,0.0001321995805483,0.0136970775201916,0.0980946123600006,0.88807612657547
8253,0.000176884321263,0.0127941854298114,0.0759625732898712,0.9110663533210754
8254,0.0018237062031403,0.1093573272228241,0.4063117802143097,0.4825071692466736
8255,0.0002313083532499,0.0113205704838037,0.0749818757176399,0.913466215133667
8256,0.0179907195270061,0.3290158808231354,0.4712935090065002,0.1816998422145843
8257,0.0071084410883486,0.4196445345878601,0.4906141459941864,0.0826329067349433
8258,0.0006770431646145,0.1580805629491806,0.6350665092468262,0.2061759084463119
8259,0.0003713446203619,0.1835524141788482,0.7147088646888733,0.1013672724366188
8260,7.532897143391892e-05,0.0051990947686135,0.0344362445175647,0.9602892994880676
8261,0.0001501401420682,0.0095837013795971,0.0719296708703041,0.9183365106582642
8262,0.0002052033232757,0.0248565431684255,0.1894966065883636,0.7854415774345398
8263,0.0114865023642778,0.3409710824489593,0.473391443490982,0.1741510033607483
8264,4.907968832412735e-05,0.00383843597956,0.0270636100322008,0.969048798084259
8265,0.000466207624413,0.0347915962338447,0.1851656585931778,0.7795764803886414
8266,1.1889898814843036e-05,0.0011393226450309,0.0104770166799426,0.9883717894554138
8267,3.408876727917232e-05,0.0033701681531965,0.0324787981808185,0.9641169309616088
8268,6.38452620478347e-05,0.0059296023100614,0.0424661450088024,0.9515404105186462
8269,0.000272962701274,0.0269863177090883,0.1963119357824325,0.776428759098053
8270,0.0008846835116855,0.115870676934719,0.503319263458252,0.3799253106117248
8271,0.0002098898403346,0.0246420037001371,0.1332134306430816,0.8419346809387207
8272,0.0001460743224015,0.0213432442396879,0.1391754299402237,0.8393352627754211
8273,0.0014616016997024,0.227331206202507,0.637566089630127,0.1336411088705063
8274,0.0001741792220855,0.0204494204372167,0.1233257949352264,0.8560506105422974
8275,0.0002863609115593,0.0231067016720771,0.1229770481586456,0.8536298871040344
8276,0.0001952036545844,0.0172992516309022,0.0812506005167961,0.901254951953888
8277,6.334375939331949e-05,0.0062624481506645,0.0642445087432861,0.9294297099113464
8278,0.0001295700785703,0.0128098800778388,0.0748766213655471,0.9121840000152588
8279,0.000138685296406,0.0173323899507522,0.147407665848732,0.8351212739944458
8280,0.0001130654491134,0.0075635192915797,0.0470617972314357,0.945261538028717
8281,0.000423352321377,0.0227559003978967,0.0958059132099151,0.8810148239135742
8282,0.0001367436925647,0.0113842179998755,0.0841186270117759,0.9043604731559752
8283,2.9172972062951885e-05,0.0022113705053925,0.0179459135979414,0.9798136353492736
8284,0.0001021587158902,0.0054912031628191,0.0266096089035272,0.9677969813346864
8285,2.400861376372632e-05,0.0021952204406261,0.0251229666173458,0.9726578593254088
8286,0.0002818303764797,0.0174362268298864,0.1154889836907386,0.8667929172515869
8287,0.0007370000239461,0.1128526106476783,0.4605090916156769,0.4259012937545776
8288,0.0005469931056722,0.0557948127388954,0.2423616200685501,0.7012965679168701
8289,0.009807264432311,0.2339244782924652,0.4105502665042877,0.3457180261611938
8290,0.0002044227003352,0.0141089549288153,0.0850878879427909,0.9005986452102661
8291,4.640586121240631e-05,0.0030561944004148,0.0215482674539089,0.9753491282463074
8292,4.2321134969824925e-05,0.0036924174055457,0.0344895496964454,0.9617757201194764
8293,0.0011758260661736,0.10258799046278,0.3752513229846954,0.5209848284721375
8294,0.000502937764395,0.0459859631955623,0.222841590642929,0.7306694984436035
8295,0.0003163689107168,0.020512381568551,0.1469039022922516,0.8322673439979553
8296,0.0003715892671607,0.031917642802,0.169870063662529,0.7978405952453613
8297,0.0015314235351979,0.2102028131484985,0.5713904500007629,0.2168753445148468
8298,6.509704689960927e-05,0.006537134759128,0.0530507490038871,0.9403470158576964
8299,4.4859858462587e-05,0.0031944438815116,0.0239756349474191,0.9727849960327148
8300,9.158709144685416e-05,0.0200887527316808,0.2605149149894714,0.7193047404289246
8301,0.0001261520810658,0.0240403302013874,0.1920696198940277,0.7837639451026917
8302,3.819090488832444e-05,0.0038351826369762,0.0278990361839532,0.9682275056838988
8303,5.8580706536304206e-05,0.0092548718675971,0.0612997114658355,0.9293869137763976
8304,0.0001514719479018,0.0201513245701789,0.2235242873430252,0.7561728954315186
8305,7.719866698607802e-05,0.0044171819463372,0.0266390163451433,0.9688666462898254
8306,1.2595022781169972e-05,0.0012648095143958,0.0151696465909481,0.9835529327392578
8307,4.201281990390271e-05,0.0039019233081489,0.0262514073401689,0.969804584980011
8308,0.0017116124508902,0.2386351823806762,0.6486775875091553,0.1109756529331207
8309,0.0005767227266915,0.0430389828979969,0.205327495932579,0.7510567903518677
8310,0.0036829598248004,0.2350896000862121,0.5297825932502747,0.2314448654651641
8311,0.0005293057183735,0.0420479625463485,0.188445895910263,0.7689768671989441
8312,0.0001357850851491,0.013424321077764,0.1023417934775352,0.8840981721878052
8313,6.015890176058747e-05,0.0055006109178066,0.0400141924619674,0.9544250965118408
8314,0.0010807522339746,0.1155302375555038,0.4864004552364349,0.3969884812831878
8315,0.0730865225195884,0.440768152475357,0.3711640238761902,0.1149812489748001
8316,0.0001984971750061,0.0126704145222902,0.0706698969006538,0.9164611101150512
8317,0.0016406669747084,0.0708615407347679,0.2551822066307068,0.6723155975341797
8318,0.0016677539097145,0.2475166171789169,0.6320558786392212,0.118759773671627
8319,0.0007313966634683,0.0496973022818565,0.2192747741937637,0.7302965521812439
8320,0.0015827032038941,0.1773072779178619,0.4457504451274872,0.3753595352172851
8321,6.187941471580416e-05,0.0066147847101092,0.041806723922491,0.9515166878700256
8322,0.0001056486871675,0.0082625970244407,0.051411610096693,0.9402201175689696
8323,4.522053859545849e-05,0.0050659719854593,0.0444524958729743,0.950436234474182
8324,0.0004079270293004,0.0525995716452598,0.2432179749011993,0.7037745118141174
8325,0.0004393903363961,0.0532239191234111,0.2877257764339447,0.6586108803749084
8326,4.357069337856956e-05,0.0029146638698875,0.0222202613949775,0.9748216271400452
8327,8.62390297697857e-05,0.0059520904906094,0.0388125032186508,0.9551491737365724
8328,0.000381943420507,0.0716570988297462,0.4820954799652099,0.4458654224872589
8329,0.0046084360219538,0.2636871933937073,0.5326628088951111,0.1990415602922439
8330,0.000421922391979,0.0245218891650438,0.1502147763967514,0.8248413801193237
8331,0.0001075964682968,0.006351922173053,0.035986091941595,0.9575543403625488
8332,6.83340840623714e-05,0.005513934418559,0.0376808978617191,0.9567368030548096
8333,0.0117999101057648,0.196486160159111,0.4359235763549804,0.3557904660701751
8334,0.0001913113519549,0.0142769590020179,0.1022475659847259,0.8832841515541077
8335,0.0002380989899393,0.0164332427084445,0.0861040353775024,0.8972246050834656
8336,0.0007553023169748,0.2486976385116577,0.6866762042045593,0.063870832324028
8337,0.0004775315464939,0.13035349547863,0.6937592029571533,0.1754097938537597
8338,0.0007270612986758,0.062450885772705,0.254838615655899,0.681983470916748
8339,0.002178959082812,0.170412540435791,0.5675604343414307,0.2598481178283691
8340,0.0002137236006092,0.0116689130663871,0.0611407347023487,0.9269766211509703
8341,0.0011694619897753,0.226369559764862,0.6550220251083374,0.1174389794468879
8342,0.0006102371844463,0.114487700164318,0.5377224087715149,0.3471796810626983
8343,9.799007239053026e-05,0.0134500917047262,0.1143896803259849,0.8720623254776001
8344,2.6792717108037323e-05,0.0030015378724783,0.0239807106554508,0.9729909300804138
8345,0.000118975789519,0.0084721958264708,0.0569993406534194,0.934409499168396
8346,4.038941551698372e-05,0.0029213987290859,0.0199641361832618,0.9770740866661072
8347,2.312242577318102e-05,0.0021474855020642,0.0161177739500999,0.9817116260528564
8348,0.0008786498219706,0.2513587474822998,0.6622421145439148,0.0855205059051513
8349,0.0003061504976358,0.1197099313139915,0.7333122491836548,0.1466716676950454
8350,7.898831245256588e-05,0.0081839067861437,0.0604713521897792,0.9312657117843628
8351,0.0001204787404276,0.0087143229320645,0.0449519008398056,0.9462133646011353
8352,0.0028222890105098,0.2173042297363281,0.57252037525177,0.2073531448841095
8353,0.0001543753605801,0.0162465702742338,0.1238575130701065,0.8597415089607239
8354,0.0019786001648753,0.1408949345350265,0.395149677991867,0.4619767367839813
8355,3.744707282749005e-05,0.0027945558540523,0.0176621377468109,0.9795058965682985
8356,0.0001112092140829,0.0172969959676265,0.1360514163970947,0.8465403318405151
8357,0.0001338079455308,0.0198588594794273,0.1742559522390365,0.8057513236999512
8358,1.752617936290335e-05,0.0013922767248004,0.0128031382337212,0.985787034034729
8359,2.356367440370377e-05,0.0018428735202178,0.013198141939938,0.9849354028701782
8360,4.433315189089626e-05,0.0041174227371811,0.0344747602939605,0.9613633751869202
8361,4.544034891296178e-05,0.0031856140121817,0.0266728214919567,0.9700960516929626
8362,3.616167668951675e-05,0.002828141208738,0.0212263781577348,0.9759092926979064
8363,9.335287904832512e-05,0.0093746241182088,0.0491195172071456,0.9414125680923462
8364,0.0008339799242094,0.0949005037546157,0.3581507802009582,0.5461147427558899
8365,0.0012379738036543,0.3029221594333648,0.6313440203666687,0.0644958540797233
8366,7.153051410568878e-05,0.0076464680023491,0.0660554021596908,0.9262265563011168
8367,0.0010178697993978,0.0821327567100524,0.3099658191204071,0.6068835854530334
8368,0.0007373113185167,0.0653416663408279,0.3423658609390259,0.591555118560791
8369,0.0085226772353053,0.2610222101211548,0.4653224050998688,0.2651326954364776
8370,0.0001885600067907,0.0101354178041219,0.048353374004364,0.94132262468338
8371,6.540713366121054e-05,0.0073274387978017,0.047780904918909,0.9448263049125672
8372,0.0001477800105931,0.0130964927375316,0.0686207190155983,0.9181350469589232
8373,0.006594427395612,0.259329617023468,0.532109797000885,0.201966106891632
8374,4.055563113070093e-05,0.00302653783001,0.0310483109205961,0.965884566307068
8375,8.392922609345987e-05,0.0053573455661535,0.0354844182729721,0.959074318408966
8376,0.0020607700571417,0.0932775810360908,0.3058454096317291,0.5988162159919739
8377,2.9050330340396613e-05,0.0023810095153748,0.021895358338952,0.9756945371627808
8378,0.1043813154101371,0.4193373024463653,0.3422531485557556,0.1340282559394836
8379,0.0002446101862005,0.0488515198230743,0.4090287685394287,0.5418751239776611
8380,0.0001639576075831,0.0140831302851438,0.0726463124155998,0.9131066203117372
8381,3.5226126783527434e-05,0.0019843326881527,0.0171420201659202,0.980838418006897
8382,0.0002624133776407,0.0799111798405647,0.4527276456356048,0.4670987725257873
8383,0.0002096043899655,0.0166509393602609,0.1019993722438812,0.8811401128768921
8384,0.0020615844987332,0.1827007979154586,0.5044531226158142,0.3107845485210418
8385,4.116642230655998e-05,0.0023925688583403,0.0171349067240953,0.9804313778877258
8386,0.0001243835431523,0.027282340452075,0.2798810303211212,0.6927122473716736
8387,5.9246551245450974e-05,0.0039018560200929,0.0262509565800428,0.969787895679474
8388,3.807857865467668e-05,0.0025077764876186,0.0168718490749597,0.9805822968482972
8389,0.0005345122190192,0.055380318313837,0.290172129869461,0.6539130210876465
8390,0.0013688846956938,0.2375186830759048,0.6257783770561218,0.1353340744972229
8391,0.0035087205469608,0.3208187818527221,0.5630545020103455,0.1126179844141006
8392,0.0001548618020024,0.0150729678571224,0.1223215162754058,0.8624506592750549
8393,0.0017559246625751,0.0958702266216278,0.3506787419319153,0.5516951084136963
8394,0.000971496629063,0.1038510277867317,0.3919297158718109,0.5032477378845215
8395,0.0015651872381567,0.0881690010428428,0.3077400922775268,0.6025257706642151
8396,0.0019252479542046,0.2090461105108261,0.5594363808631897,0.2295922189950943
8397,0.0031667337752878,0.2762899100780487,0.5581209659576416,0.1624224483966827
8398,1.9205559510737658e-05,0.0017020263476297,0.014703263528645,0.9835755228996276
8399,7.697398541495204e-05,0.0064082564786076,0.042445134371519,0.9510695934295654
8400,0.00699124019593,0.2881288826465606,0.5217340588569641,0.1831458806991577
8401,0.0124628413468599,0.2881198823451996,0.4750293493270874,0.224387988448143
8402,0.0001671381760388,0.0240423195064067,0.1543450355529785,0.8214455246925354
8403,0.000114029404358,0.0156516470015048,0.0886726155877113,0.895561695098877
8404,0.0002623962063807,0.0170129593461751,0.096384972333908,0.8863397240638733
8405,0.0001374881830997,0.0149286575615406,0.1036254242062568,0.8813084959983826
8406,0.0001643498253542,0.012853511609137,0.071691133081913,0.9152910113334656
8407,0.0007690916536375,0.2003277689218521,0.6568495035171509,0.1420536786317825
8408,0.0015546211507171,0.1741613000631332,0.5039524435997009,0.3203316330909729
8409,0.0004323015164118,0.0454957075417041,0.3060865998268127,0.6479853391647339
8410,3.4902190236607566e-05,0.0030451321508735,0.0251012928783893,0.971818745136261
8411,9.482716268394142e-05,0.0126154934987425,0.0889478847384452,0.8983418345451355
8412,0.0031550005078315,0.0801070258021354,0.2354476451873779,0.681290328502655
8413,5.383967072702944e-05,0.0037159346975386,0.0283288359642028,0.9679014086723328
8414,0.0002748849219642,0.0263402257114648,0.1539645344018936,0.8194203972816467
8415,0.0016688795294612,0.1032499223947525,0.3281275928020477,0.5669535994529724
8416,0.0006460275617428,0.1580777317285537,0.6252095699310303,0.2160666584968567
8417,0.004086316563189,0.3097511231899261,0.535201907157898,0.150960624217987
8418,0.0001235738163813,0.0134178167209029,0.0888730064034462,0.8975855112075806
8419,0.0018236722098663,0.2011351734399795,0.6195399165153503,0.1775011718273162
8420,6.462548481067643e-05,0.0048227948136627,0.031943816691637,0.9631686806678772
8421,0.0001141158209065,0.0102723790332674,0.0649234279990196,0.9246900677680968
8422,3.65589585271664e-05,0.0018460459541529,0.0114864837378263,0.9866308569908142
8423,0.0954312905669212,0.4624468386173248,0.3436613082885742,0.0984606072306633
8424,0.0003969240933656,0.0562111288309097,0.2899590730667114,0.6534329056739807
8425,6.995136936893687e-05,0.0052202478982508,0.0305135175585746,0.9641962647438048
8426,7.749196811346337e-05,0.0065529746934771,0.0507440343499183,0.9426254630088806
8427,7.672938954783604e-05,0.0069069596938788,0.0596670247614383,0.9333493709564208
8428,0.0003394866071175,0.0320261940360069,0.1286607682704925,0.8389735817909241
8429,3.048747385037132e-05,0.0026187198236584,0.0202784873545169,0.9770722389221193
8430,0.0001982370304176,0.0128530766814947,0.0716887041926384,0.9152600169181824
8431,0.0001452253345632,0.017591331154108,0.1077599674463272,0.8745034337043762
8432,6.161609780974686e-05,0.005129677709192,0.0324205607175827,0.9623881578445436
8433,4.384130079415627e-05,0.0042009931057691,0.0300863329321146,0.9656688570976256
8434,5.960059934295714e-05,0.0050400220789015,0.03444230183959,0.9604581594467164
8435,0.000115722134069,0.0100964792072772,0.0520815998315811,0.937706172466278
8436,2.4433389626210555e-05,0.0012729287846013,0.0088358763605356,0.9898667335510254
8437,3.0933202651795e-05,0.0024192312266677,0.021562373265624,0.9759875535964966
8438,8.53973142511677e-06,0.0010026027448475,0.0134146772325038,0.985574185848236
8439,0.0023962329141795,0.1933540254831314,0.5094199776649475,0.2948296964168548
8440,0.0009607087704353,0.0751353427767753,0.2748336791992187,0.6490703225135803
8441,0.00079647480743,0.0622908920049667,0.2350833863019943,0.7018293142318726
8442,2.878038321796339e-05,0.0022508630063384,0.0158701296895742,0.9818502068519592
8443,0.0010849449317902,0.0650580078363418,0.3355947434902191,0.5982623100280762
8444,0.0001833592104958,0.0500522144138813,0.4748822152614593,0.4748822152614593
8445,0.0002791931328829,0.0786315947771072,0.5631373524665833,0.3579518795013428
8446,0.0021552466787397,0.2414482682943344,0.5111459493637085,0.2452505081892013
8447,0.0008443148108199,0.1739721447229385,0.6565639972686768,0.1686195731163025
8448,0.0010242460994049,0.0981460586190223,0.4398601651191711,0.460969477891922
8449,6.613401637878269e-05,0.0071809221990406,0.052237618714571,0.9405152797698976
8450,3.452202145126648e-05,0.0030119633302092,0.0205830335617065,0.9763704538345336
8451,4.1709230572450906e-05,0.0048968503251671,0.0471916571259498,0.947869837284088
8452,0.0002009583986364,0.0247256848961114,0.1562711298465728,0.8188021779060364
8453,3.7016128771938384e-05,0.0051608351059257,0.056357953697443,0.938444197177887
8454,0.0005694107967428,0.0637900233268737,0.3670862317085266,0.5685542821884155
8455,0.0001324647018918,0.0119240935891866,0.0840730443596839,0.903870403766632
8456,4.782931864610873e-05,0.0049555515870451,0.0652765855193138,0.9297199845314026
8457,0.0003285169950686,0.0291136857122182,0.1958713978528976,0.7746863961219788
8458,2.6660796720534563e-05,0.0020527674350887,0.0144734196364879,0.9834470748901368
8459,3.920933158951812e-05,0.0035295116249471,0.0329679027199745,0.9634634256362916
8460,0.0001093553655664,0.0099988747388124,0.0612505339086055,0.9286412596702576
8461,0.0003276639617979,0.0209153499454259,0.1301396787166595,0.8486172556877136
8462,0.0001546308049,0.0067837843671441,0.032363623380661,0.9606979489326476
8463,0.0001049281927407,0.0070191761478781,0.0443625636398792,0.948513388633728
8464,0.0015896308468654,0.1672938466072082,0.5234161019325256,0.3077004551887512
8465,0.0016640708781778,0.1671082824468612,0.498893141746521,0.3323345184326172
8466,0.0020281584002077,0.1742085665464401,0.5893400311470032,0.2344232648611068
8467,0.0011571544455364,0.1856919080018997,0.5994208455085754,0.2137300968170166
8468,0.0007996154599823,0.1097550094127655,0.4620858132839203,0.4273595213890075
8469,0.0006990813999436,0.0713082402944564,0.3401926159858703,0.5878000855445862
8470,0.000133465102408,0.0134027488529682,0.1037863865494728,0.882677435874939
8471,2.106508873112034e-05,0.0020825890824198,0.0156306996941566,0.9822657108306884
8472,2.6376688765594736e-05,0.0026487826835364,0.0243577565997838,0.9729670882225036
8473,8.712316048331559e-05,0.0049077589064836,0.030063671991229,0.9649415016174316
8474,0.0003967944940086,0.0335542410612106,0.2023579776287078,0.7636910080909729
8475,0.0001580836105858,0.0142302345484495,0.0913541615009307,0.8942575454711914
8476,2.441364995320328e-05,0.0015104190679267,0.0093981428071856,0.9890670776367188
8477,1.979796616069507e-05,0.0016226716106757,0.0156379230320453,0.982719659805298
8478,0.0017792418366298,0.2442182898521423,0.5418219566345215,0.2121805101633072
8479,0.0002065450244117,0.0224269460886716,0.2229925096035003,0.7543739080429077
8480,4.959926809533499e-05,0.0087416218593716,0.113363079726696,0.8778456449508667
8481,0.0006860343855805,0.0898527726531028,0.3842515349388122,0.5252096056938171
8482,0.0003476980491541,0.0225436687469482,0.0905660316348075,0.8865426182746887
8483,9.329334716312589e-05,0.0060488521121442,0.0382299236953258,0.9556277990341188
8484,0.0006466705235652,0.0873856991529464,0.416893869638443,0.4950737059116363
8485,0.0025780694559216,0.1864738315343856,0.4836763143539428,0.3272717893123626
8486,8.310726116178557e-05,0.0070278216153383,0.0579309463500976,0.9349581599235536
8487,2.832472455338575e-05,0.0020810130517929,0.0163684338331222,0.9815223217010498
8488,0.0003909896477125,0.036312997341156,0.222444087266922,0.7408519387245178
8489,0.000123518941109,0.009217825718224,0.0649919956922531,0.9256666898727416
8490,0.0004006527597084,0.0585402697324752,0.3214493095874786,0.6196097731590271
8491,1.2068763680872507e-05,0.0011564618907868,0.0111449928954243,0.9876865148544312
8492,6.663463864242658e-05,0.0073492205701768,0.0596410520374774,0.9329430460929872
8493,6.078670412534848e-05,0.006397234275937,0.0588278733193874,0.934714138507843
8494,9.380481787957252e-05,0.0075691887177526,0.0463669039309024,0.945970058441162
8495,0.0037043860647827,0.2478050887584686,0.4928192794322967,0.2556712627410888
8496,9.091421088669448e-05,0.0068914811126887,0.0470947287976741,0.9459229111671448
8497,4.367451765574515e-05,0.004525076597929,0.033436045050621,0.961995244026184
8498,3.0400258765439503e-05,0.0027796381618827,0.0229128021746873,0.974277138710022
8499,7.502421794924885e-05,0.0052596041932702,0.0382609888911247,0.9564043283462524
8500,4.347540743765421e-05,0.0040377601981163,0.0383092053234577,0.9576095342636108
8501,1.573847657709848e-05,0.0012899495195597,0.0111434627324342,0.9875509142875672
8502,0.0019268509931862,0.0972963944077491,0.4714848697185516,0.4292918741703033
8503,0.0001130202799686,0.0064668366685509,0.0485363043844699,0.9448838829994202
8504,0.0001863883371697,0.0145771028473973,0.1111301407217979,0.8741063475608826
8505,9.905866318149492e-05,0.0067308880388736,0.0399631224572658,0.9532069563865662
8506,0.0007126072887331,0.079832062125206,0.3108468353748321,0.6086084842681885
8507,4.244073352310807e-05,0.002883784007281,0.0173914432525634,0.9796822667121888
8508,0.000269947835477,0.0539117492735385,0.3570848703384399,0.588733434677124
8509,6.143320206319913e-05,0.008172869682312,0.1043442115187645,0.8874215483665466
8510,0.0003750790201593,0.0447294190526008,0.210083782672882,0.7448117136955261
8511,2.461361691530328e-05,0.0018951435340568,0.0163715407252311,0.9817086458206176
8512,0.0015740137314423,0.2264171242713928,0.5347257256507874,0.2372830957174301
8513,0.0001423621433787,0.0217991042882204,0.3409953713417053,0.637063205242157
8514,6.140078039607033e-05,0.0043045273050665,0.0366089306771755,0.9590250849723816
8515,2.2245871150516905e-05,0.0010388881200924,0.0091159539297223,0.9898229837417604
8516,0.0002653265255503,0.0188937447965145,0.1121773347258567,0.8686636090278625
8517,0.0003702431276906,0.0276300683617591,0.1257794052362442,0.8462201952934265
8518,1.6137768398039043e-05,0.001646097167395,0.0168867968022823,0.9814510345458984
8519,8.278482710011303e-05,0.0056251040659844,0.0333977825939655,0.9608944058418274
8520,0.0003474296245258,0.0211614649742841,0.1198878660798072,0.8586031794548035
8521,0.0006608554394915,0.0456112697720527,0.2175991982221603,0.7361286282539368
8522,0.000604216416832,0.0373815484344959,0.1501751244068145,0.8118390440940857
8523,6.708626460749656e-05,0.0052466983906924,0.0406286716461181,0.954057514667511
8524,0.0001035450331983,0.0073733804747462,0.0417730435729026,0.9507501125335692
8525,5.712290658266284e-05,0.0051420405507087,0.059774249792099,0.9350265860557556
8526,0.0009855373064056,0.0425660386681556,0.1532862037420272,0.8031622171401978
8527,0.0007117486093193,0.0703666508197784,0.3924736678600311,0.5364479422569275
8528,1.7221173038706183e-05,0.0013895907904952,0.014707894064486,0.9838852882385254
8529,0.0009952676482498,0.0938907042145729,0.42078897356987,0.484325110912323
8530,0.007504902780056,0.3092983961105346,0.4865946769714355,0.1966020166873932
8531,5.20965077157598e-05,0.0044748270884156,0.0291795376688241,0.9662935733795166
8532,0.0012654148740693,0.1485653817653656,0.4648199379444122,0.3853492736816406
8533,0.000123961828649,0.0103201000019907,0.0891520529985427,0.9004038572311401
8534,5.962794602965005e-05,0.0064744846895337,0.0907850041985511,0.9026808738708496
8535,0.0005203705513849,0.0692283734679222,0.3684429228305816,0.5618083477020264
8536,0.0010495106689631,0.1251576393842697,0.4300704598426819,0.4437223672866821
8537,0.0002066045708488,0.0201091784983873,0.1509277522563934,0.8287564516067505
8538,2.814300751197152e-05,0.0021668914705514,0.0225795283913612,0.9752253890037536
8539,6.536998262163252e-05,0.0047282627783715,0.0360464341938495,0.9591599702835084
8540,0.0010535334004089,0.0507620833814144,0.1664424389600753,0.7817419171333313
8541,5.345743193174712e-05,0.0044504511170089,0.0493656806647777,0.946130394935608
8542,1.6692307326593436e-05,0.0017843738896772,0.0142562100663781,0.9839426279067992
8543,2.8351252694847066e-05,0.0018965584458783,0.0156334973871707,0.9824416041374208
8544,0.0013208671007305,0.298916220664978,0.6229948997497559,0.0767680332064628
8545,0.001708511612378,0.2382028549909591,0.617851197719574,0.1422374248504638
8546,8.812196756480262e-05,0.0075692315585911,0.0463671647012233,0.9459753632545472
8547,0.0015008323825895,0.1483789980411529,0.4941775202751159,0.3559427261352539
8548,0.0012138012098148,0.2009652405977249,0.5999714136123657,0.1978495717048645
8549,0.0013645198196172,0.1552718579769134,0.4934529960155487,0.34991055727005
8550,4.620784602593631e-05,0.004359115846455,0.0394642166793346,0.9561303853988647
8551,0.0001054963795468,0.0116353314369916,0.078280322253704,0.9099788069725036
8552,0.000115194619866,0.0077059501782059,0.0587471611797809,0.9334316849708556
8553,7.867573003750294e-05,0.0093823429197072,0.0773394629359245,0.913199543952942
8554,0.0003127332602161,0.0403249487280845,0.1984863579273224,0.760875940322876
8555,0.0002570608339738,0.0262209195643663,0.2648218870162964,0.7087001204490662
8556,0.0003312110493425,0.0332606695592403,0.1974776685237884,0.7689304351806641
8557,0.0013989752624183,0.1567245721817016,0.5301924347877502,0.3116840422153473
8558,0.0009734675986692,0.038282174617052,0.1422355026006698,0.8185089230537415
8559,0.0002007549337577,0.0152176301926374,0.0862137526273727,0.8983678817749023
8560,0.000104745842691,0.0124912904575467,0.0696708187460899,0.917733073234558
8561,0.0001302779273828,0.014145758934319,0.124125100672245,0.8615989089012146
8562,0.0003392267390154,0.0286861229687929,0.1326432973146438,0.838331401348114
8563,6.460538861574605e-05,0.0051322416402399,0.0319338850677013,0.9628692269325256
8564,0.0006221694638952,0.074195772409439,0.3595424294471741,0.5656396746635437
8565,5.899927782593295e-05,0.0053945812396705,0.0437785983085632,0.9507678747177124
8566,3.1299274269258603e-05,0.0016306270845234,0.0108004687353968,0.987537682056427
8567,4.878523395746015e-05,0.0037562544457614,0.0329600870609283,0.9632349610328674
8568,5.7769862905843183e-05,0.0044480334036052,0.034986488521099,0.96050763130188
8569,4.393241397337988e-05,0.0021167823579162,0.0149247674271464,0.9829145073890686
8570,0.0029609275516122,0.3586609661579132,0.591331958770752,0.0470460839569568
8571,0.0012360246619209,0.2046447098255157,0.5829784870147705,0.2111408114433288
8572,7.568892033305019e-05,0.0049847168847918,0.0300616901367902,0.9648779034614564
8573,0.0006549243698827,0.0452019162476062,0.1653417348861694,0.7888013124465942
8574,5.39172651770059e-05,0.0072859325446188,0.0820903480052948,0.9105697274208068
8575,0.0001409931282978,0.0148382131010293,0.0952572226524353,0.8897636532783508
8576,0.0016092947917059,0.3115067780017853,0.6292610168457031,0.0576229616999626
8577,0.000178777729161,0.0245389845222234,0.1368674635887146,0.8384148478507996
8578,7.830384856788442e-05,0.0116213206201791,0.079417310655117,0.9088830351829528
8579,0.008513449691236,0.2487994730472564,0.4232221841812134,0.3194648623466491
8580,7.48613674659282e-05,0.0055866665206849,0.0400101356208324,0.9543282985687256
8581,4.336889833211899e-05,0.001963026355952,0.0124067077413201,0.9855868816375732
8582,0.0002885313879232,0.0202276110649108,0.0920814573764801,0.8874024152755737
8583,0.0016662846319377,0.0938639491796493,0.3890552818775177,0.5154144763946533
8584,0.0001845657970989,0.0220100823789834,0.225794568657875,0.7520107626914978
8585,0.0036637492012232,0.3349937796592712,0.5437486171722412,0.1175938844680786
8586,1.7377074982505292e-05,0.0019773775711655,0.0206047482788562,0.9774004817008972
8587,3.072827166761272e-05,0.0029444671235978,0.0275032147765159,0.969521701335907
8588,1.5924977560644038e-05,0.0012849997729063,0.0149376289919018,0.9837614893913268
8589,0.0014852858148515,0.1217362955212593,0.438389241695404,0.438389241695404
8590,0.0002903009299188,0.036280769854784,0.2680806517601013,0.6953482627868652
8591,0.0007463286747224,0.0810373947024345,0.4591081440448761,0.4591081440448761
8592,3.759926039492712e-05,0.0033845778089016,0.0283387210220098,0.96823912858963
8593,0.0002871873148251,0.0235383138060569,0.1333536356687545,0.8428208827972412
8594,0.0014061471447348,0.0597908906638622,0.2328113466501236,0.7059916257858276
8595,7.523652311647311e-05,0.0084286062046885,0.0763063803315162,0.915189802646637
8596,0.0002170734805986,0.0284310150891542,0.2494742572307586,0.7218776345252991
8597,0.0025666602887213,0.1539080888032913,0.4118793904781341,0.4316459000110626
8598,0.000875721569173,0.0360909737646579,0.1543415188789367,0.8086917400360107
8599,0.0040843840688467,0.4504719972610473,0.4795249402523041,0.0659186169505119
8600,0.0001083651077351,0.0108821718022227,0.0687774419784545,0.9202320575714112
8601,0.0008525979355908,0.1099370419979095,0.5760288834571838,0.313181459903717
8602,0.0024635351728647,0.1781894713640213,0.4479682743549347,0.3713787496089935
8603,2.8543656299007125e-05,0.0025694181676954,0.0236279293894767,0.9737741947174072
8604,0.0006375125958584,0.0573870539665222,0.305421769618988,0.6365536451339722
8605,0.0021732228342443,0.6217021942138672,0.3598136305809021,0.016310941427946
8606,3.2807471143314615e-05,0.003733237972483,0.0389012359082698,0.957332730293274
8607,0.0002525110030546,0.0386655703186988,0.1844631284475326,0.7766187787055969
8608,0.0001245565072167,0.0080758593976497,0.0436576828360557,0.9481419324874878
8609,0.0025337757542729,0.246616780757904,0.5557594895362854,0.1950899362564087
8610,0.0001461581559851,0.0099312262609601,0.0818639695644378,0.9080587029457092
8611,0.0001102138776332,0.0080973962321877,0.0411219708621501,0.9506704807281494
8612,2.691380905162077e-05,0.0039943633601069,0.0486613065004348,0.947317361831665
8613,2.619767292344477e-05,0.0030280391220003,0.0305821094661951,0.9663636684417723
8614,0.0037650817539542,0.1785992830991745,0.4088178277015686,0.4088178277015686
8615,0.000136465387186,0.0165302287787199,0.1221427917480468,0.8611904978752136
8616,0.0003028781793545,0.0184478983283042,0.1061603277921676,0.8750888705253601
8617,3.5957578802481294e-05,0.0018733149627223,0.0124079156666994,0.9856827855110168
8618,0.0004319565196055,0.0128224128857254,0.0592902339994907,0.9274553060531616
8619,0.006212483625859,0.1932647079229354,0.4221289157867431,0.3783938884735107
8620,5.925212099100463e-05,0.0050105536356568,0.0250511914491653,0.9698790311813354
8621,0.0001924844400491,0.0276883020997047,0.2467831820249557,0.7253360748291016
8622,0.0005136599647812,0.0540579259395599,0.3363597095012665,0.609068751335144
8623,0.011916852556169,0.6306200623512268,0.3428621888160705,0.0146008338779211
8624,5.6658784160390496e-05,0.0036735804751515,0.0243319869041442,0.9719377160072328
8625,2.1765876226709224e-05,0.001783964340575,0.0144773898646235,0.98371684551239
8626,0.0002948229957837,0.0191154107451438,0.101734846830368,0.8788549304008484
8627,6.407564069377258e-05,0.003666304051876,0.026257038116455,0.9700126051902772
8628,0.0034961828496307,0.324706494808197,0.5523443818092346,0.1194528564810752
8629,0.0045431922189891,0.3185023069381714,0.5767332315444946,0.1002212017774581
8630,8.387023990508169e-05,0.0077894134446978,0.0632133483886718,0.9289133548736572
8631,0.0003829166234936,0.0384530127048492,0.2468577027320861,0.7143064141273499
8632,0.0001187641901196,0.0117415590211749,0.0840897411108017,0.9040499329566956
8633,0.0006839328561909,0.1243660822510719,0.557370126247406,0.3175798952579498
8634,0.0004896075697615,0.0862908735871315,0.5204005837440491,0.3928189575672149
8635,4.57606693089474e-05,0.002744008321315,0.020275630056858,0.976934552192688
8636,5.53481986571569e-05,0.0045364229008555,0.0310008246451616,0.9644073247909546
8637,2.174003020627424e-05,0.0015480946749448,0.0158814210444688,0.982548713684082
8638,0.0002412524190731,0.0217168517410755,0.1372547298669815,0.8407871127128601
8639,0.0001987579744309,0.0285907331854105,0.1984590142965316,0.77275151014328
8640,3.658790956251323e-05,0.0046446342021226,0.0382861271500587,0.9570327401161194
8641,4.010688280686736e-05,0.0034449787344783,0.0413177758455276,0.9551970958709716
8642,5.335209425538778e-05,0.003149623516947,0.0225567184388637,0.974240243434906
8643,9.703871910460292e-05,0.0060035730712115,0.030488658696413,0.96341073513031
8644,0.0007942749653011,0.2615301311016083,0.6472932696342468,0.0903823897242546
8645,0.005281020887196,0.1748833954334259,0.4195234477519989,0.4003120958805084
8646,0.0001595238427398,0.0148157095536589,0.0966105684638023,0.8884142637252808
8647,5.096815220895223e-05,0.0068874135613441,0.0623535551130771,0.930708110332489
8648,0.003043653210625,0.1196934133768081,0.3573385179042816,0.5199244618415833
8649,0.0003673335595522,0.0174247249960899,0.0884900465607643,0.8937178254127502
8650,0.0023626524489372,0.216028407216072,0.5516479015350342,0.2299610376358032
8651,0.0004422343336045,0.0269358903169631,0.1346709728240966,0.8379509449005127
8652,4.041048669023439e-05,0.0030157063156366,0.0193599984049797,0.9775838851928712
8653,0.0003162725188303,0.0317605212330818,0.2103660255670547,0.757557213306427
8654,0.0001000788761302,0.0155658340081572,0.1344682872295379,0.849865734577179
8655,0.0001339871523668,0.0130412019789218,0.1144329085946083,0.8723918795585632
8656,6.373575888574123e-05,0.0071401977911591,0.0721134394407272,0.920682728290558
8657,9.64078280958347e-05,0.0092380624264478,0.077349342405796,0.9133161306381226
8658,0.0003299594100099,0.0393487587571144,0.2061727344989776,0.7541486024856567
8659,0.0001341506285825,0.0141181042417883,0.1258332878351211,0.8599145412445068
8660,0.000249992852332,0.0322349742054939,0.149053007364273,0.8184620141983032
8661,0.0001648988254601,0.0252500176429748,0.2250509560108184,0.7495341897010803
8662,0.0001513897732365,0.0122157670557498,0.0760090574622154,0.9116238951683044
8663,0.0035351300612092,0.1930115669965744,0.4852310121059418,0.3182222843170166
8664,0.0004127176944166,0.0469641052186489,0.1946608126163482,0.7579622864723206
8665,6.909709918545559e-05,0.0056633031927049,0.0418464690446853,0.952421247959137
8666,0.0010961164953187,0.148120105266571,0.5169899463653564,0.3337938189506531
8667,0.0002909217146225,0.0257819332182407,0.1965513825416565,0.7773758172988892
8668,0.0018710941076278,0.1557727754116058,0.4507434666156769,0.391612708568573
8669,0.0080003179609775,0.2230969220399856,0.4233635365962982,0.34553924202919
8670,0.0026685937773436,0.162540391087532,0.5165523290634155,0.3182386755943298
8671,0.0004287390620447,0.0398189611732959,0.1599671095609665,0.7997851967811584
8672,0.000166081401403,0.0099589619785547,0.0649405792355537,0.9249343872070312
8673,8.832378080114722e-05,0.0034733831416815,0.0181992258876562,0.9782389998435974
8674,7.591640314785764e-05,0.005937288980931,0.0412129573523998,0.9527738690376282
8675,3.617197216954082e-05,0.0028734954539686,0.0209032408893108,0.9761871099472046
8676,6.247040437301621e-05,0.0048857000656425,0.03444754332304,0.9606043100357056
8677,5.973017687210813e-05,0.0044574737548828,0.0329365208745002,0.9625462889671326
8678,0.0002432916662655,0.0294702313840389,0.1982701867818832,0.7720162868499756
8679,0.0004248821642249,0.0312160272151231,0.1377315521240234,0.8306276202201843
8680,0.0604618787765502,0.4330109655857086,0.3881485164165497,0.118378609418869
8681,0.0684837624430656,0.6009259223937988,0.3069229423999786,0.0236673541367054
8682,4.446918319445104e-05,0.0027945360634475,0.0176620129495859,0.9794989228248596
8683,0.0001249460037797,0.0050695464015007,0.0287209376692771,0.966084599494934
8684,6.832509097876027e-05,0.0076543320901691,0.065098188817501,0.9271791577339172
8685,0.0002701625344343,0.0337639451026916,0.1854005306959152,0.7805653810501099
8686,2.3092183255357668e-05,0.0021446766331791,0.0174046736210584,0.9804275631904602
8687,0.0153910061344504,0.2603191137313843,0.4428177177906036,0.2814720571041107
8688,0.0001468372211093,0.0138522032648324,0.0737233385443687,0.9122776389122008
8689,3.067067518713884e-05,0.0040803248994052,0.0431875213980674,0.9527015089988708
8690,0.0002565002359915,0.0146765252575278,0.0627635344862937,0.9223034381866456
8691,2.3408572815242223e-05,0.0032130545005202,0.0334808006882667,0.963282823562622
8692,0.0005887552397325,0.0505710989236831,0.1821135282516479,0.766726553440094
8693,0.0001057527042576,0.0134247243404388,0.1023448631167411,0.8841246962547302
8694,0.0002925506269093,0.0293783340603113,0.1886007636785507,0.7817283868789673
8695,0.0001923841482494,0.0323540419340133,0.2077039778232574,0.7597495913505554
8696,0.0003363762516528,0.0394920781254768,0.3519890606403351,0.6081825494766235
8697,0.0010277676628902,0.0731867253780365,0.303350567817688,0.6224349141120911
8698,0.0003866054175887,0.0288511347025632,0.1535497009754181,0.8172125816345215
8699,7.857832679292187e-05,0.0035567269660532,0.0254722759127616,0.9708924889564514
8700,2.611512354633305e-05,0.0021072509698569,0.0193779170513153,0.9784886837005616
8701,6.311704783001915e-05,0.00674708513543,0.0670866891741752,0.9261031150817872
8702,0.0003937708970624,0.0377322062849998,0.2499195486307144,0.7119544744491577
8703,0.0002009076997637,0.0293550752103328,0.1770337522029876,0.7934102416038513
8704,0.0010815681889653,0.0679679960012435,0.3345502018928528,0.596400260925293
8705,0.0017232723766937,0.1134911701083183,0.4631148278713226,0.4216708242893219
8706,0.0001572603214299,0.02092139236629,0.2180059254169464,0.7609154582023621
8707,0.0001403817732352,0.0111519061028957,0.0602866373956203,0.928421139717102
8708,3.732181357918307e-05,0.002829069038853,0.0209041498601436,0.97622948884964
8709,1.3290118658915162e-05,0.0009764229762367,0.0087027624249458,0.9903075695037842
8710,0.0023262551985681,0.244816705584526,0.5264385938644409,0.2264184355735778
8711,0.0003788396425079,0.0392512306571006,0.1962438076734542,0.7641260623931885
8712,0.000231734738918,0.0333343409001827,0.2424906194210052,0.723943293094635
8713,0.0077879694290459,0.3470452427864074,0.50494784116745,0.1402189433574676
8714,6.564168143086135e-05,0.0034197953063994,0.0182006191462278,0.9783139824867249
8715,5.146935654920526e-05,0.0046331244520843,0.0406543761491775,0.9546610713005066
8716,0.0001212185015901,0.0089059034362435,0.0537094734609127,0.9372634291648864
8717,0.0027055840473622,0.2984023690223694,0.5488459467887878,0.1500461250543594
8718,9.082361793844028e-05,0.0141263119876384,0.0980560332536697,0.887726902961731
8719,0.0006037363200448,0.1205732226371765,0.6028282046318054,0.2759948670864105
8720,0.0015702284872531,0.2480725049972534,0.6236541867256165,0.1267030388116836
8721,0.001695716753602,0.1188789308071136,0.3549069464206695,0.5245184302330017
8722,3.390279016457498e-05,0.0023767692036926,0.0236323624849319,0.9739568829536438
8723,2.942789433291182e-05,0.00144024414476,0.0101547110825777,0.9883755445480348
8724,1.7482634575571865e-05,0.0014783885562792,0.0151663282886147,0.9833378195762634
8725,0.0001531902526039,0.0158719010651111,0.1308334767818451,0.8531414270401001
8726,0.0046761315315961,0.1409945487976074,0.3544602394104004,0.4998690783977508
8727,0.0011173106031492,0.1122018545866012,0.3916229903697967,0.4950578212738037
8728,2.2940030248719268e-05,0.0023767952807247,0.0236326232552528,0.973967671394348
8729,0.0004184574354439,0.0514865182340145,0.3009502589702606,0.6471446752548218
8730,0.0010732074733823,0.2177073508501052,0.6918725371360779,0.0893469154834747
8731,0.0005572104128077,0.1983806192874908,0.714396059513092,0.0866660773754119
8732,3.259841469116509e-05,0.0036519397981464,0.0301032625138759,0.9662122130393982
8733,5.262144622975029e-05,0.0045910947956144,0.0344580821692943,0.960898220539093
8734,0.0023313220590353,0.2959485054016113,0.597832441329956,0.1038876920938491
8735,0.0004246228490956,0.0772132501006126,0.5114225149154663,0.4109395444393158
8736,0.0001646019809413,0.0067837168462574,0.032363299280405,0.9606884121894836
8737,2.238669912912883e-05,0.0019229043973609,0.0174085535109043,0.9806461334228516
8738,0.0436517372727394,0.4077352881431579,0.4141561686992645,0.1344568133354187
8739,6.864283932372928e-05,0.0070017604157328,0.0614384971559047,0.9314910769462584
8740,1.8220080164610408e-05,0.002423939295113,0.0196709707379341,0.9778868556022644
8741,0.0011878976365551,0.0481976419687271,0.1966764777898788,0.7539379596710205
8742,0.0011073149507865,0.0951127409934997,0.4131509661674499,0.4906288981437683
8743,5.624924597213976e-05,0.0055610523559153,0.044429887086153,0.9499528408050536
8744,0.0050879810005426,0.3623121380805969,0.5271610021591187,0.1054388359189033
8745,0.0016249645268544,0.1311197429895401,0.4505576193332672,0.4166976809501648
8746,0.0005644811899401,0.1109857410192489,0.6094316244125366,0.2790181338787079
8747,3.0331950256368145e-05,0.0027733924798667,0.0251082479953765,0.9720879793167114
8748,0.0001597331574885,0.0135075589641928,0.0827438309788703,0.9035888314247132
8749,3.5204873711336404e-05,0.002586496528238,0.0171316787600517,0.9802466630935668
8750,5.445967326522805e-05,0.0046052881516516,0.0314714312553405,0.9638687968254088
8751,0.0001055009197443,0.0068403529003262,0.0393635183572769,0.9536907076835632
8752,0.0001322723837802,0.0091292457655072,0.0595301575958728,0.9312083721160888
8753,3.533495691954158e-05,0.0034392124507576,0.0279102064669132,0.9686152338981628
8754,7.04373960616067e-05,0.0064404224976897,0.0376457124948501,0.9558433890342712
8755,0.00011809568241,0.0106306346133351,0.0761336088180542,0.9131177067756652
8756,9.778948879102244e-05,0.0106181185692548,0.0772414878010749,0.9120426177978516
8757,0.0006969806272536,0.1136078312993049,0.4635908603668213,0.4221042692661285
8758,8.123608131427318e-05,0.0061578596942126,0.0359940752387046,0.9577667713165284
8759,0.0002868592564482,0.0188919603824615,0.0846678912639617,0.8961532115936279
8760,0.0002606986672617,0.0142336646094918,0.0769464597105979,0.9085590839385986
8761,0.0006337340455502,0.1188959926366806,0.5672210454940796,0.3132492005825043
8762,0.0002142510784324,0.0205301269888877,0.1718966364860534,0.8073589205741882
8763,0.0001570307213114,0.0126709407195448,0.070672832429409,0.9164991974830629
8764,0.0201746448874473,0.3205542862415313,0.473748505115509,0.1855225712060928
8765,0.0001573219051351,0.0143846794962883,0.0814947560429573,0.903963267803192
8766,0.0002517385291866,0.0094464188441634,0.0416795536875724,0.9486222863197328
8767,0.0025408240035176,0.0999193489551544,0.3225436210632324,0.5749961733818054
8768,0.0001113255275413,0.013697363436222,0.0980966538190841,0.8880946636199951
8769,5.559146302402951e-05,0.0044161770492792,0.0418995209038257,0.953628659248352
8770,0.0001584238489158,0.0161596722900867,0.1417966187000274,0.8418852686882019
8771,0.0004119843943044,0.0714844614267349,0.3745518326759338,0.5535516738891602
8772,3.5726159694604576e-05,0.0043275561183691,0.0314808040857315,0.9641558527946472
8773,0.0001488803245592,0.0067388387396931,0.0387793369591236,0.9543328881263732
8774,0.0886453688144683,0.4644685089588165,0.367424875497818,0.0794611945748329
8775,2.7920879801968116e-05,0.0032272147946059,0.0292168166488409,0.9675281047821044
8776,0.0018704547546803,0.2030965685844421,0.4948756694793701,0.3001572787761688
8777,0.0007215917576104,0.0670175328850746,0.3622933626174927,0.5699674487113953
8778,0.0002256386069348,0.0190807394683361,0.0896178409457206,0.8910756707191467
8779,0.0020549406763166,0.277687668800354,0.62577885389328,0.0944784730672836
8780,0.0003297717194072,0.0782098397612571,0.4034370481967926,0.5180234313011169
8781,0.0002327704132767,0.0526766516268253,0.4550568461418152,0.4920337796211242
8782,0.0013555448967963,0.1720789670944214,0.5383874177932739,0.288178026676178
8783,0.0049539832398295,0.2580922245979309,0.5295708775520325,0.207382932305336
8784,0.0002930038899648,0.0251675546169281,0.1011071279644966,0.8734322786331177
8785,0.0012063190806657,0.0648416802287101,0.2687613070011139,0.6651906371116638
8786,0.0023201077710837,0.3038741648197174,0.5766518115997314,0.1171539202332496
8787,0.0021014781668782,0.2013694047927856,0.5647544264793396,0.2317747473716735
8788,7.432670099660754e-05,0.006690677255392,0.0457224771380424,0.9475124478340148
8789,0.0001503521343693,0.009301958605647,0.0709144994616508,0.9196332097053528
8790,0.0001254287781193,0.0104422271251678,0.0783732607960701,0.9110591411590576
8791,4.790119055542164e-05,0.0032548136077821,0.0208950042724609,0.9758023619651794
8792,0.0005630002706311,0.0611313469707965,0.3304729163646698,0.6078327298164368
8793,1.8314591216039844e-05,0.0016230675391852,0.0153992343693971,0.9829593896865844
8794,0.0002333137672394,0.0234296880662441,0.1504120975732803,0.8259249329566956
8795,3.755064608412795e-05,0.0023597609251737,0.0153875742107629,0.9822151064872742
8796,6.851731450296938e-05,0.0069889556616544,0.0485129691660404,0.9444296360015868
8797,0.0001378590532112,0.0254630055278539,0.206639677286148,0.7677595019340515
8798,9.031521767610684e-05,0.0066354451701045,0.0387856625020504,0.9544885754585266
8799,8.910998440114781e-05,0.0086732283234596,0.0640869736671447,0.9271506667137146
8800,0.0015602355124428,0.0751763507723808,0.2426722645759582,0.6805911660194397
8801,0.0008091694908216,0.0739861726760864,0.3699075877666473,0.5552970170974731
8802,0.0001934004249051,0.0241704937070608,0.1626145243644714,0.8130215406417847
8803,0.0001215285883517,0.0288221500813961,0.3737713694572449,0.5972849130630493
8804,0.0504845939576625,0.4715585708618164,0.4033454358577728,0.0746114030480384
8805,0.0086466977372765,0.2337033450603485,0.4575689136981964,0.3000810146331787
8806,0.0098658232018351,0.2794508934020996,0.4753620326519012,0.2353212535381317
8807,0.0001400682522216,0.012413065880537,0.0610992535948753,0.9263476729393004
8808,0.0002685242798179,0.0340876840054988,0.1651841700077057,0.800459623336792
8809,9.938882431015372e-05,0.0088079907000064,0.0785047635436058,0.9125878810882568
8810,4.1921608499251306e-05,0.0034900680184364,0.0287689361721277,0.9676991105079652
8811,4.007649476989173e-05,0.0019922901410609,0.0131959477439522,0.9847716689109802
8812,4.013010402559303e-05,0.0020263709593564,0.0118445931002497,0.9860889315605164
8813,1.3056886018603109e-05,0.001532936701551,0.0255256872624158,0.9729282855987548
8814,0.000577368075028,0.0451549403369426,0.2023704051971435,0.7518972754478455
8815,2.539922752475832e-05,0.0017258392181247,0.0163743067532777,0.9818744659423828
8816,0.0003057574795093,0.0242893248796463,0.1583862751722335,0.8170186281204224
8817,0.0001490961585659,0.0114797689020633,0.062059037387371,0.9263120889663696
8818,0.0001066166296368,0.010540597140789,0.0552287772297859,0.934123992919922
8819,2.241926813439932e-05,0.0017809830605983,0.016123704612255,0.9820728302001952
8820,9.300188685301693e-05,0.0158868134021759,0.181814968585968,0.8022052645683289
8821,2.7581239919527437e-05,0.0016538908239454,0.012220692820847,0.986097812652588
8822,4.109439032617957e-05,0.0041267550550401,0.047228205949068,0.9486039280891418
8823,0.0001920523063745,0.0285030864179134,0.1887904107570648,0.7825144529342651
8824,4.593816629494541e-05,0.0076058371923863,0.0710434019565582,0.9213048815727234
8825,0.0001323104370385,0.010676241479814,0.0577152073383331,0.9314762949943542
8826,0.0019955239258706,0.166131854057312,0.4515931308269501,0.3802795708179474
8827,0.0007332228706218,0.1233091279864311,0.5191507935523987,0.3568067848682403
8828,0.0008669754024595,0.1678180396556854,0.5589194297790527,0.2723955810070038
8829,0.002832020400092,0.1807726770639419,0.4991293847560882,0.3172659277915954
8830,0.0008663272019475,0.1285743564367294,0.5853046178817749,0.2852546870708465
8831,0.0001574516354594,0.0410119332373142,0.2759205996990204,0.6829100251197815
8832,2.435935493849684e-05,0.0014380465727299,0.01167016569525,0.9868674278259276
8833,2.562770168879069e-05,0.0027395500801503,0.0218875650316476,0.9753472805023192
8834,8.243472257163376e-05,0.005601315293461,0.0523198843002319,0.9419963955879213
8835,0.0019417708972468,0.0751773789525032,0.2315626144409179,0.6913182735443115
8836,0.000453188229585,0.0499827228486537,0.3310608863830566,0.6185031533241272
8837,0.0004675542004406,0.0476918257772922,0.2618796527385711,0.6899609565734863
8838,0.0005046479636803,0.0167116466909647,0.0703586563467979,0.9124249815940856
8839,0.009329087100923,0.3138020038604736,0.4710725843906402,0.2057963758707046
8840,0.0009774793870747,0.09366475045681,0.4068611264228821,0.4984966516494751
8841,7.899701449787244e-05,0.006785443983972,0.0471003204584121,0.9460352659225464
8842,0.0010886549716815,0.0935099571943283,0.3998913764953613,0.5055100321769714
8843,0.0031196831259876,0.285247266292572,0.5413041710853577,0.1703289002180099
8844,0.0002668607339728,0.0372060611844062,0.2926483452320099,0.6698787212371826
8845,0.0001948211574926,0.0124357659369707,0.0593277178704738,0.928041696548462
8846,0.0001358133304165,0.0132189467549324,0.1023630872368812,0.884282112121582
8847,0.0001661358837736,0.0142702339217066,0.0887923762202262,0.896771252155304
8848,0.0001739026483846,0.0166638270020484,0.141721710562706,0.8414405584335327
8849,0.0001534005714347,0.0055792112834751,0.0262042693793773,0.9680631756782532
8850,0.0051718936301767,0.1794889867305755,0.4108543992042541,0.4044846892356872
8851,6.959777238080278e-05,0.0101690860465168,0.1298301815986633,0.8599311709403992
8852,4.584942143992521e-05,0.0052994722500443,0.060649249702692,0.9340053796768188
8853,0.0008150394423864,0.1787710785865783,0.6047747731208801,0.2156391143798828
8854,4.955070107826032e-05,0.0031138695776462,0.0184878930449485,0.978348672389984
8855,5.555498137255199e-05,0.0036020132247358,0.0283320266753435,0.968010425567627
8856,0.001428410760127,0.3606155812740326,0.5762619972229004,0.0616940446197986
8857,0.0005302887875586,0.1297573894262313,0.5906900763511658,0.2790222465991974
8858,0.000311909825541,0.0232768394052982,0.1298277974128723,0.8465834856033325
8859,0.0027711279690265,0.2455816566944122,0.5448467135429382,0.206800490617752
8860,8.284609066322446e-05,0.0060866889543831,0.0471332743763923,0.9466971755027772
8861,1.9847477233270183e-05,0.0016015095170587,0.0132013829424977,0.9851772785186768
8862,8.19632041384466e-05,0.0099283084273338,0.1101276576519012,0.8798620104789734
8863,9.173943544737996e-05,0.0049311486072838,0.0254367999732494,0.9695402979850768
8864,0.002562795067206,0.1421273648738861,0.4243139028549194,0.4309958815574646
8865,0.0001570615713717,0.012476947158575,0.0706867128610611,0.9166792631149292
8866,2.9353981517488137e-05,0.0030892335344105,0.0262731611728668,0.9706082344055176
8867,0.0004673785879276,0.0293710455298423,0.1638185381889343,0.8063430786132812
8868,2.3470691303373314e-05,0.0020477613434195,0.0168798770755529,0.981048822402954
8869,9.70603505265899e-05,0.0107049131765961,0.0552201382815837,0.9339778423309326
8870,0.0003906115016434,0.0230596233159303,0.1246591359376907,0.8518906235694885
8871,0.0006237926427274,0.0374053120613098,0.1368229389190673,0.8251479864120483
8872,8.574017556384206e-05,0.0043294532224535,0.0310063250362873,0.9645784497261048
8873,0.000118525349535,0.0060791908763349,0.0333813279867172,0.9604209065437316
8874,0.0003041040035896,0.0320041142404079,0.167689561843872,0.8000021576881409
8875,3.4650798625079915e-05,0.0041322228498756,0.0310140568763017,0.9648189544677734
8876,0.0020988718606531,0.1802824884653091,0.5553091764450073,0.2623094916343689
8877,0.0013355176197364,0.1044484749436378,0.3880731761455536,0.5061428546905518
8878,5.13936611241661e-05,0.0042123030871152,0.027467668056488,0.968268632888794
8879,6.564730574609712e-05,0.0042563686147332,0.0324488878250122,0.9632290601730348
8880,0.0001008448743959,0.0095134172588586,0.049846738576889,0.940539002418518
8881,0.0003073443658649,0.0294505786150693,0.161715492606163,0.8085265755653381
8882,6.896725244587287e-05,0.009766923263669,0.0830652490258216,0.9070988297462464
8883,9.733637125464156e-05,0.0067180134356021,0.041800882667303,0.9513837099075316
8884,0.0002459409588482,0.0201576966792345,0.1089714840054512,0.870624840259552
8885,0.0002848892472684,0.0106903901323676,0.0416258014738559,0.9473989009857178
8886,0.00045387505088,0.065288558602333,0.5216212272644043,0.4126363694667816
8887,6.947381916688755e-05,0.0071981186047196,0.0499648489058017,0.9427675604820251
8888,0.0003967244992963,0.0417515635490417,0.2292611747980117,0.7285905480384827
8889,7.780084706610069e-05,0.0128812408074736,0.0839962363243103,0.9030447006225586
8890,0.002386660547927,0.2758604884147644,0.6120232343673706,0.1097297221422195
8891,0.0001261145516764,0.01651774905622,0.1361572444438934,0.8471988439559937
8892,0.0214614011347293,0.3056699633598327,0.4310637712478637,0.2418048530817031
8893,0.0001937905763043,0.0140170268714427,0.0769686102867126,0.908820629119873
8894,0.0004528906138148,0.0271572861820459,0.1275515109300613,0.8448383808135986
8895,0.0002594354446046,0.0108604496344923,0.0560224577784538,0.9328576922416688
8896,0.000231036072364,0.1661587506532669,0.7446718215942383,0.0889383628964424
8897,0.0009464144241064,0.1668007969856262,0.6006727814674377,0.23157998919487
8898,0.0019258211832493,0.2026747614145279,0.5509270429611206,0.244472399353981
8899,4.4411128328647465e-05,0.0026630836073309,0.0190722588449716,0.9782202243804932
8900,8.007419091882184e-05,0.0036815113853663,0.0222023539245128,0.9740360379219056
8901,1.4292691957962234e-05,0.0013911325950175,0.0136176701635122,0.984976887702942
8902,6.340318941511214e-05,0.0089789582416415,0.0892783403396606,0.901679277420044
8903,0.001476633362472,0.1874504685401916,0.6146264672279358,0.196446418762207
8904,0.0004210688057355,0.1131586730480194,0.592909038066864,0.2935112416744232
8905,0.0001475472090533,0.0178725849837064,0.1473252773284912,0.8346545696258545
8906,0.0002032742340816,0.0701440274715423,0.4503052532672882,0.4793474376201629
8907,0.0001057977206073,0.0159490406513214,0.1399483829736709,0.8439967632293701
8908,0.0003482754691503,0.0360845029354095,0.1920466870069503,0.7715206146240234
8909,0.0002733272267505,0.0489311590790748,0.3730320930480957,0.5777633786201477
8910,0.0001563037367304,0.0095202475786209,0.0491091720759868,0.9412142634391784
8911,0.0001363516348646,0.0181397702544927,0.1077007800340652,0.8740230798721313
8912,1.3246994058135895e-05,0.0010360240703448,0.0118566676974296,0.9870941042900084
8913,0.0003766156441997,0.0355288460850715,0.2044543921947479,0.7596402168273926
8914,0.0044591971673071,0.3225372433662414,0.5486543774604797,0.1243491917848587
8915,4.120606536162086e-05,0.00247089471668,0.0161122567951679,0.9813755750656128
8916,3.296315117040649e-05,0.0023472867906093,0.0205967873334884,0.9770228862762452
8917,5.833850445924327e-05,0.0037238462828099,0.0262556727975606,0.9699621200561525
8918,5.082499410491437e-05,0.0052659311331808,0.0371284261345863,0.957554817199707
8919,0.0016775293042883,0.3402981162071228,0.6066470146179199,0.0513773299753665
8920,4.274992170394398e-05,0.0033433958888053,0.0250935833901166,0.9715202450752258
8921,9.34811614570208e-05,0.0064519327133893,0.0507483817636966,0.9427062273025512
8922,0.0060886181890964,0.3324272930622101,0.5068910717964172,0.1545930355787277
8923,0.0117238350212574,0.3590633869171142,0.4907814860343933,0.1384312808513641
8924,0.0017513736383989,0.1227807849645614,0.3665557205677032,0.5089121460914612
8925,3.1592222512699664e-05,0.0027997519355267,0.0310556516051292,0.9661129713058472
8926,9.511600364930928e-05,0.0098548829555511,0.0603684782981872,0.9296814799308776
8927,7.99009358161129e-05,0.0106297554448246,0.0904034376144409,0.8988869190216064
8928,3.927758734789677e-05,0.0027535720728337,0.01686767116189,0.9803394675254822
8929,0.0003499220183584,0.0310106296092271,0.1812641024589538,0.7873753309249878
8930,0.0005096138920634,0.0598309449851512,0.2441476285457611,0.6955118179321289
8931,0.0023356531746685,0.2345494776964187,0.5285654067993164,0.2345494776964187
8932,9.811441850615664e-05,0.0091123357415199,0.0613060817122459,0.9294834733009338
8933,9.119151945924386e-05,0.0070213582366704,0.0587891116738319,0.9340983033180236
8934,0.0090560037642717,0.3561325371265411,0.4792287051677704,0.1555827856063842
8935,0.0002520689740777,0.0265279151499271,0.14796082675457,0.8252592086791992
8936,0.0026761093176901,0.3141871988773346,0.5600992441177368,0.1230374723672866
8937,0.0043743997812271,0.4462009370326996,0.4977731108665466,0.0516515113413333
8938,1.9295352103654292e-05,0.0013317367993295,0.0104749212041497,0.9881740808486938
8939,6.101425606175326e-05,0.0050795734860002,0.0418713688850402,0.9529879689216614
8940,0.0002421963436063,0.0167160350829362,0.0703771412372589,0.9126645922660828
8941,1.2101614629500546e-05,0.0007724667666479,0.0088404137641191,0.9903749823570251
8942,0.0001015913585433,0.0092889741063117,0.0577979423105716,0.9328114986419678
8943,6.703759572701529e-05,0.0068380194716155,0.069061554968357,0.9240334033966064
8944,0.0001064845564542,0.0117443203926086,0.1386731564998626,0.8494760394096375
8945,0.0002640912716742,0.0277931485325098,0.1207279339432716,0.8512148261070251
8946,0.0005076701636426,0.0802042707800865,0.4202403426170349,0.4990477263927459
8947,0.0004430543340276,0.035750426352024,0.1627454310655594,0.8010610342025757
8948,0.0046104514040052,0.3084163665771484,0.5412876009941101,0.1456855833530426
8949,0.0003307478327769,0.0514430813491344,0.2914448976516723,0.6567811965942383
8950,0.0002239595778519,0.0317164435982704,0.2573881447315216,0.7106714248657227
8951,0.0001521432131994,0.0208831392228603,0.1183110401034355,0.8606535792350769
8952,0.0045144958421587,0.2351958602666854,0.4979096055030823,0.2623799443244934
8953,0.0024718425702303,0.3726310431957245,0.5862309336662292,0.0386661253869533
8954,0.0001696602557785,0.0117097003385424,0.08652363717556,0.9015969634056092
8955,0.0004758492286782,0.0633054077625274,0.3067692220211029,0.6294496059417725
8956,0.0081106498837471,0.2904126942157745,0.4788095951080322,0.2226671576499939
8957,0.0001206692832056,0.0058141718618571,0.0314311161637306,0.9626340866088868
8958,0.000223702925723,0.0086608566343784,0.0358982570469379,0.9552171230316162
8959,0.000121961820696,0.0076643354259431,0.0492029078304767,0.9430107474327089
8960,8.06875032139942e-05,0.0068231984041631,0.0417971611022949,0.951299011707306
8961,0.0014462502440437,0.1261818557977676,0.3886674642562866,0.4837044775485992
8962,0.001153087359853,0.2032258659601211,0.6162747740745544,0.1793461889028549
8963,0.001881344243884,0.3213759362697601,0.6004092693328857,0.0763334706425666
8964,6.630290590692312e-05,0.0056067905388772,0.0365608669817447,0.9577659964561462
8965,0.000204276133445,0.0128371398895978,0.0584380663931369,0.9285205006599426
8966,0.0004778558213729,0.0329809039831161,0.1549037247896194,0.8116375207901001
8967,4.441944111022167e-05,0.0036980176810175,0.0479566231369972,0.9483010172843932
8968,5.31940495420713e-05,0.0035032506566494,0.0250892974436283,0.9713543057441713
8969,4.570508826873265e-05,0.0048857815563678,0.0344481170177459,0.9606204032897948
8970,0.0009000762947835,0.0440510548651218,0.1742253005504608,0.7808235883712769
8971,0.000378786411602,0.0362963527441024,0.1993061900138855,0.7640186548233032
8972,0.0003678086795844,0.0393180102109909,0.252410739660263,0.7079033851623535
8973,0.0458888821303844,0.3782661259174347,0.4026621878147125,0.1731828451156616
8974,0.0002023258275585,0.0173787679523229,0.0910582244396209,0.8913607001304626
8975,0.0005131277721375,0.03889612108469,0.1914534270763397,0.7691373229026794
8976,0.0001145664646173,0.0103129455819725,0.0612307749688625,0.9283416867256165
8977,4.726248880615458e-05,0.0048968228511512,0.0471913963556289,0.9478645324707032
8978,3.585952435969375e-05,0.0029853859450668,0.0292236693203449,0.9677550196647644
8979,0.0001415851729689,0.0082288496196269,0.0405038185417652,0.9511256814002992
8980,0.0013370563974604,0.1385311782360077,0.4267060756683349,0.4334257245063782
8981,0.0001419033069396,0.0119998073205351,0.0782485678791999,0.9096096754074096
8982,0.0029938505031168,0.4443268179893493,0.5194706320762634,0.0332086458802223
8983,0.0018038867274299,0.2849870026111603,0.5847553610801697,0.1284537017345428
8984,5.1126000471413136e-05,0.0030657367315143,0.0184887591749429,0.9783944487571716
8985,8.858623186824843e-05,0.0093228770419955,0.0688872560858726,0.9217013120651244
8986,4.035131132695824e-05,0.0025756931863725,0.0212316643446683,0.9761523008346558
8987,2.816779669956304e-05,0.0026572693604975,0.0212301854044199,0.9760844111442566
8988,0.0006332406192086,0.0635908916592598,0.3229412138462066,0.6128346920013428
8989,6.269106961553916e-05,0.0044641946442425,0.0314756333827972,0.963997483253479
8990,0.0029372139833867,0.2949590384960174,0.5865960717201233,0.1155076101422309
8991,0.0002193434338551,0.073360338807106,0.6538535952568054,0.2725667059421539
8992,4.303812238504179e-05,0.0035830202978104,0.0334677100181579,0.9629062414169312
8993,0.0004857484309468,0.0720914527773857,0.4347671270370483,0.4926556944847107
8994,0.000410761393141,0.0460168309509754,0.2449079006910324,0.7086644768714905
8995,0.0007086988771334,0.034147024154663,0.150663748383522,0.8144804835319519
8996,7.087997073540464e-05,0.0061841066926717,0.0614889562129974,0.9322561025619508
8997,5.862606121809222e-05,0.0048050819896161,0.0355050228536129,0.9596312642097472
8998,0.0176079925149679,0.204686164855957,0.370638757944107,0.4070670306682586
8999,0.0010741114383563,0.2469025701284408,0.6924552917480469,0.0595680102705955
9000,4.806042397831334e-06,0.0005468907183967,0.0106466338038444,0.9888015985488892
9001,3.7459824397956254e-06,0.000538848224096,0.0098545048385858,0.9896028637886048
9002,1.2922964742756449e-05,0.0018882032018154,0.0199853722006082,0.9781134128570556
9003,0.0003027538768947,0.1777121126651764,0.6919681429862976,0.1300169676542282
9004,6.371120434778277e-06,0.0008475927752442,0.0097001865506172,0.9894458651542664
9005,1.3964609024696983e-05,0.0037528704851865,0.063474990427494,0.9327582120895386
9006,0.0001180794351967,0.112502709031105,0.7451624870300293,0.142216756939888
9007,8.655828423798084e-06,0.0010988097637891,0.015407470986247,0.9834851622581482
9008,1.2644063644984271e-05,0.002409532200545,0.0255032908171415,0.972074568271637
9009,6.210372703208122e-06,0.0015196281019598,0.018804395571351,0.9796698093414308
9010,5.603325007541571e-06,0.0009133418789133,0.0130085255950689,0.9860725402832032
9011,1.559911652293522e-05,0.0033162480685859,0.0479763858020305,0.9486917853355408
9012,0.0001561957033118,0.0293041616678237,0.2824084460735321,0.6881311535835266
9013,0.0003603547229431,0.0828335955739021,0.3327723443508148,0.584033727645874
9014,4.4844990043202415e-05,0.0058735338971018,0.0515386275947093,0.9425429701805116
9015,2.478429269103799e-05,0.0047230497002601,0.0371496640145778,0.958102524280548
9016,2.7588561351876702e-05,0.0175099801272153,0.335591971874237,0.6468704342842102
9017,5.6849548855097964e-06,0.0010177231160923,0.0140492348000407,0.9849274158477784
9018,0.0005574944079853,0.1452123522758484,0.5743260383605957,0.2799041271209717
9019,0.0002184294862672,0.1808120310306549,0.7040384411811829,0.1149311140179634
9020,8.59292867971817e-06,0.0017431332962587,0.0219098068773746,0.9763384461402892
9021,3.964163624914363e-06,0.0007916899630799,0.0154122794046998,0.9837920665740968
9022,4.306766641093418e-06,0.0006911193486303,0.010810924693942,0.9884936213493348
9023,2.0022900571348146e-05,0.0078292861580848,0.1150505170226097,0.8771002888679504
9024,2.3897705432318617e-06,0.0004018976178485,0.006385738030076,0.9932100176811218
9025,8.38166888570413e-05,0.0074279643595218,0.064167819917202,0.9283203482627868
9026,1.6554240573896095e-05,0.0032043585088104,0.0361033976078033,0.9606757164001464
9027,1.3010263501200823e-05,0.0025983022060245,0.027934381738305,0.9694542288780212
9028,2.6583926228340715e-05,0.0073709869757294,0.0856848955154419,0.9069175124168396
9029,0.0004332927055656,0.1495167165994644,0.538430392742157,0.3116196095943451
9030,1.2146571862103883e-05,0.0025028164964169,0.0340146645903587,0.9634703993797302
9031,0.0004366917128209,0.0913978740572929,0.4292747676372528,0.478890597820282
9032,5.772766962763853e-05,0.0124657060950994,0.1404506713151931,0.847025990486145
9033,5.054822850070195e-06,0.0005156059633009,0.0071177198551595,0.992361545562744
9034,4.266162068233825e-05,0.0166814010590314,0.2163276970386505,0.7669482827186584
9035,0.0002931481867562,0.2389007061719894,0.6912820935249329,0.0695240721106529
9036,2.153340756194666e-05,0.0051069390028715,0.0662277936935424,0.928643763065338
9037,8.381126826861873e-05,0.0232385415583848,0.2071228623390197,0.7695547938346863
9038,0.0002564163587521,0.0637310743331909,0.3499524295330047,0.5860600471496582
9039,9.284385669161566e-06,0.0009470332297496,0.0080542815849184,0.99098938703537
9040,5.427767973742448e-06,0.000871009659022,0.0136248832568526,0.9854986667633056
9041,6.138519438536605e-06,0.0010005783988162,0.0154090225696563,0.9835842251777648
9042,6.323068191704806e-06,0.001114409067668,0.0168959554284811,0.9819833040237428
9043,5.2780331316171214e-05,0.0193875934928655,0.377429336309433,0.6031303405761719
9044,3.084390118601732e-05,0.0058778077363967,0.0798826590180397,0.914208710193634
9045,3.564638609532267e-05,0.0045251129195094,0.0334363132715225,0.96200293302536
9046,0.0001760792802087,0.1266344040632248,0.6739656925201416,0.1992238610982895
9047,3.646945515356492e-06,0.0004215295775793,0.0055525633506476,0.9940223097801208
9048,0.0001701561704976,0.0605797916650772,0.4476274847984314,0.4916226267814636
9049,7.444607490469934e-06,0.0009159758337773,0.0101602673530578,0.988916277885437
9050,2.8805218335037357e-06,0.0003892498207278,0.0071186353452503,0.992489218711853
9051,0.0017443762626498,0.749118447303772,0.2470330595970153,0.0021041196305304
9052,7.719525456195697e-05,0.0109321465715765,0.0929751992225647,0.896015465259552
9053,0.000216157422983,0.0445395074784755,0.2904340922832489,0.6648102402687073
9054,0.000130445609102,0.0923606604337692,0.6824581027030945,0.2250508219003677
9055,5.379497088142671e-05,0.0100925732403993,0.1229527071118354,0.8669009804725647
9056,4.575539060169831e-05,0.021246226504445,0.2179584205150604,0.7607496380805969
9057,2.4294188278872757e-06,0.0003232018498238,0.0056400713510811,0.9940343499183656
9058,4.256101965438575e-05,0.0520684160292148,0.8018595576286316,0.1460294723510742
9059,2.877758788599749e-06,0.0004012207209598,0.0080587342381477,0.9915372133255004
9060,2.464616954966914e-06,0.0002939137921202,0.0069017927162349,0.9928019046783448
9061,1.948962926690001e-05,0.0028925174847245,0.0296734347939491,0.967414617538452
9062,2.566679177107289e-05,0.0103547219187021,0.1923502087593078,0.7972694039344788
9063,3.415628452785313e-05,0.0078513957560062,0.0986858233809471,0.8934285640716553
9064,0.0002733561268541,0.0638250112533569,0.4642950296401977,0.471606582403183
9065,8.162613085005432e-06,0.0008725668885745,0.0118586672469973,0.9872605800628662
9066,9.686242992756888e-05,0.01904465444386,0.1321960985660553,0.8486623167991638
9067,0.0002578648854978,0.0671668946743011,0.4735727310180664,0.4590024352073669
9068,2.0916595531161875e-05,0.003104297677055,0.0366545505821704,0.9602201581001282
9069,5.2801569836447015e-06,0.0007024546503089,0.010162460617721,0.9891297817230223
9070,4.056304896948859e-05,0.0093240989372134,0.0831047818064689,0.9075305461883544
9071,8.277462256955914e-06,0.0011540543055161,0.0132074523717165,0.985630214214325
9072,1.4221354831533972e-05,0.003119318280369,0.0320001170039176,0.9648662805557252
9073,2.7972087991656736e-05,0.004419170320034,0.041277889162302,0.9542750120162964
9074,6.677789315290283e-06,0.0008610581280663,0.009551104158163,0.9895811080932616
9075,0.0002388785942457,0.1025858670473098,0.5811885595321655,0.3159867227077484
9076,6.657463381998241e-05,0.0178913678973913,0.1594640165567398,0.8225780129432678
9077,1.3725337339565158e-05,0.0031060853507369,0.0361070595681667,0.9607731103897096
9078,4.88844216306461e-06,0.0007142611430026,0.0091190747916698,0.9901617765426636
9079,0.0005239430465735,0.2080966681241989,0.592812180519104,0.1985672116279602
9080,2.173521716031246e-05,0.0062178769148886,0.126856118440628,0.8669042587280273
9081,6.143960490589961e-06,0.0010495267342776,0.0144882686436176,0.9844560623168944
9082,4.876598541159183e-05,0.0766042694449424,0.8365429043769836,0.0868040174245834
9083,1.608959792065434e-05,0.0026226036716252,0.0340104475617408,0.9633508920669556
9084,9.190799573843831e-06,0.0013015718432143,0.0176890827715396,0.9810001850128174
9085,1.2172526112408376e-05,0.001569569343701,0.0176842827349901,0.9807339906692504
9086,5.7522422139300033e-05,0.0111344577744603,0.0903593525290489,0.8984485864639282
9087,2.7537960704648867e-05,0.0059465435333549,0.0691262930631637,0.9248995780944824
9088,1.0257339454255998e-05,0.002249849261716,0.0315473079681396,0.9661926031112672
9089,0.0001202735948027,0.022564748302102,0.1566303968429565,0.8206846117973328
9090,5.207618869462749e-06,0.0006508295191451,0.0084400856867432,0.9909037947654724
9091,7.679827831452712e-06,0.0007359022274613,0.0104812923818826,0.9887751340866088
9092,0.0009510681848041,0.1188610941171646,0.3718834221363067,0.5083044171333313
9093,3.728719457285479e-05,0.0098652616143226,0.14272141456604,0.8473761081695557
9094,0.0003613790904637,0.449067085981369,0.541678249835968,0.008893291465938
9095,0.0001282449520658,0.076463371515274,0.6302942633628845,0.2931140661239624
9096,0.0001156914368038,0.0153912054374814,0.0899650529026985,0.8945280909538269
9097,2.623742875584867e-05,0.0039553008973598,0.0431931391358375,0.952825367450714
9098,4.438901669345796e-06,0.0006587914540432,0.0118612498044967,0.987475574016571
9099,0.0001045780372805,0.0763958469033241,0.6396545767784119,0.2838450074195862
9100,3.988218850281555e-06,0.0006812774809077,0.0095528485253453,0.9897618889808656
9101,5.318993135006167e-05,0.003969395533204,0.0246984101831913,0.9712790846824646
9102,2.712370223889593e-05,0.0027237993199378,0.0275093987584114,0.9697396755218506
9103,1.2379490726743825e-05,0.0014086910523474,0.0166333690285682,0.9819455742836
9104,1.659431291045621e-05,0.0032121154945343,0.0487000346183776,0.948071300983429
9105,1.832126326917205e-05,0.003033393761143,0.0438843220472335,0.95306396484375
9106,1.2950623386132064e-05,0.0015444047749042,0.0182358343154191,0.9802068471908568
9107,1.758660982886795e-05,0.0021302888635545,0.0240018907934427,0.9738502502441406
9108,5.183362736715935e-05,0.0040538171306252,0.0344767048954963,0.9614176154136658
9109,5.795029937871732e-05,0.0450638532638549,0.5404787659645081,0.4143994748592376
9110,3.960505637223832e-05,0.0080341519787907,0.1058292016386985,0.8860970139503479
9111,5.815125405206345e-05,0.0137913590297102,0.1329093426465988,0.8532411456108093
9112,4.650396658689715e-05,0.0085894297808408,0.1014212146401405,0.8899428844451904
9113,7.892505891504698e-06,0.0010499929776415,0.0140487495809793,0.9848933815956116
9114,5.034521745983511e-05,0.0035294722765684,0.0329675376415252,0.963452696800232
9115,4.647683454095386e-06,0.0008064314024522,0.0126147093251347,0.9865742325782776
9116,1.092199636332225e-05,0.0025902993511408,0.0459141544997692,0.9514846205711364
9117,7.583974820590811e-06,0.0007267172331921,0.0074551654979586,0.9918105602264404
9118,6.2770127442490775e-06,0.0006922998582012,0.0091192619875073,0.990182101726532
9119,1.8227096006739885e-05,0.0088698156177997,0.2050551623106002,0.7860567569732666
9120,9.526762369205244e-06,0.0012093699770048,0.013206704519689,0.9855743646621704
9121,7.49020500734332e-06,0.0016429048264399,0.0188020505011081,0.9795476198196412
9122,7.5310940701456275e-06,0.0012665353715419,0.0138309672474861,0.9848950505256652
9123,6.483889592345804e-05,0.0182611420750617,0.1679263263940811,0.8137477040290833
9124,8.976448589237407e-05,0.0241234470158815,0.2253284603357315,0.7504583597183228
9125,3.695418854476884e-05,0.0068255546502768,0.0562636442482471,0.9368737936019896
9126,0.0007177735678851,0.1812085956335067,0.6424402594566345,0.1756333857774734
9127,5.830531154060736e-05,0.0136135136708617,0.1440899819135666,0.8422382473945618
9128,1.2353959391475657e-05,0.0029299089219421,0.0472863316535949,0.9497714042663574
9129,6.273452981986338e-06,0.0008216601563617,0.009551485069096,0.989620566368103
9130,4.311289740144275e-05,0.0059176646173,0.0444145426154136,0.9496247172355652
9131,5.542510734812822e-06,0.0006926830974407,0.008571496233344,0.9907302260398864
9132,8.335407983395271e-06,0.0007741475710645,0.0066876141354441,0.9925299286842346
9133,3.268429964009556e-06,0.000360479374649,0.0058178422041237,0.9938183426856996
9134,3.69768645214208e-06,0.0005402771639637,0.0072288289666175,0.9922271966934204
9135,1.8390810510027222e-05,0.0031910366378724,0.0401088036596775,0.956681787967682
9136,9.1797528511961e-06,0.0013623961713165,0.0188072994351387,0.9798210859298706
9137,0.000361097336281,0.0535915978252887,0.3132549226284027,0.6327923536300659
9138,0.0001810214744182,0.037887092679739,0.2470548897981643,0.7148769497871399
9139,4.315892056183657e-06,0.0005652703111991,0.0088423155248165,0.9905880689620972
9140,6.06845278525725e-05,0.0252590253949165,0.3432841300964355,0.6313961744308472
9141,1.566614446346648e-05,0.0018107598880305,0.0151613075286149,0.9830122590065002
9142,0.0005038398667238,0.1633268296718597,0.6163889765739441,0.2197802811861038
9143,4.2056843085447326e-05,0.0075290352106094,0.066065177321434,0.9263636469841005
9144,2.669721652637236e-06,0.0002558200503699,0.0051382826641201,0.9946032166481018
9145,1.3391048923949713e-05,0.0022520280908793,0.0306063070893287,0.967128336429596
9146,1.3431526895146815e-05,0.0012474473332986,0.0134113244712352,0.9853277802467346
9147,3.494154952932149e-06,0.0007428295211866,0.0166446082293987,0.9826090335845948
9148,0.0001914236490847,0.0159364473074674,0.086151622235775,0.897720456123352
9149,4.532481852947967e-06,0.000540513487067,0.0067938268184661,0.9926611185073853
9150,0.0002644364139996,0.1576646864414215,0.7640212774276733,0.0780496820807457
9151,3.807908342423616e-06,0.0006504763732664,0.0089795487001538,0.9903661012649536
9152,2.4753089746809565e-05,0.0107975574210286,0.2202900201082229,0.7688876986503601
9153,3.669593570521101e-05,0.0095583079382777,0.1164440363645553,0.8739609718322754
9154,5.007334766560234e-05,0.0065583144314587,0.0499980300664901,0.9433936476707458
9155,6.03959188083536e-06,0.0011330988490954,0.0158882718533277,0.9829725623130798
9156,6.133485385362292e-06,0.0010809958912432,0.0161352735012769,0.9827775955200196
9157,2.315093070137664e-06,0.0002718022733461,0.0070098736323416,0.9927160143852234
9158,6.265144475037232e-05,0.0131127042695879,0.1366375088691711,0.8501871824264526
9159,1.4701992768095806e-05,0.0040764547884464,0.073394775390625,0.9225140810012816
9160,0.0001177030208054,0.0316316895186901,0.3620055019855499,0.6062451601028442
9161,6.493985438282834e-06,0.0015643902588635,0.0209313090890645,0.9774978756904602
9162,9.353047971671913e-06,0.0012638935586437,0.0158861391246318,0.982840657234192
9163,2.5729746994329616e-05,0.005732447374612,0.0743395090103149,0.9199023842811584
9164,6.363384272844996e-06,0.0007708049961365,0.0109784044325351,0.9882444143295288
9165,0.0001126639908761,0.0962216705083847,0.6999644637107849,0.2037012726068496
9166,1.176335626951186e-05,0.0034181829541921,0.0634964555501937,0.93307363986969
9167,9.286154636356514e-06,0.0015862841391935,0.022593094035983,0.9758113622665404
9168,4.445769263838884e-06,0.0011762398062273,0.0251491144299507,0.9736701846122742
9169,1.206480010296218e-05,0.0020289875101298,0.0259043760597705,0.9720545411109924
9170,0.0002429787273285,0.2141054421663284,0.7243093848228455,0.0613422356545925
9171,2.446651524223853e-05,0.0025748729240149,0.0215591471642255,0.9758415222167968
9172,6.319503154372796e-05,0.0122324889525771,0.0889852344989776,0.8987190127372742
9173,9.649356798036024e-06,0.0013244682922959,0.0158851705491542,0.982780694961548
9174,0.0004327359783928,0.1127161309123039,0.4745526313781738,0.4122984707355499
9175,6.792305612179916e-06,0.0007375180721282,0.0083095896989107,0.9909461736679076
9176,5.617360329779331e-06,0.0008080402039922,0.0106438435614109,0.9885424375534058
9177,1.503713701822562e-05,0.0011577954282984,0.0100018270313739,0.9888253808021544
9178,0.0001361465401714,0.0170151069760322,0.0963971465826034,0.8864516615867615
9179,1.3853070413460957e-05,0.0023297283332794,0.0279418807476758,0.9697144627571106
9180,5.34173050255049e-05,0.0095627903938293,0.0740510374307632,0.9163327217102052
9181,1.4278887647378724e-05,0.0017028049333021,0.0142574105411767,0.984025537967682
9182,5.223857442615554e-06,0.0004487029800657,0.0055524036288261,0.9939936995506288
9183,5.15272449774784e-06,0.0016444326611235,0.0480573624372482,0.9502930045127868
9184,0.0003745563444681,0.1511068344116211,0.6070505380630493,0.2414680272340774
9185,2.1568401280092075e-05,0.003515648888424,0.0516620837152004,0.9448007345199584
9186,0.0002912019263021,0.18195541203022,0.6760463714599609,0.1417070180177688
9187,7.434608414769173e-05,0.0181918870657682,0.2081951200962066,0.7735387086868286
9188,2.5496078706055414e-06,0.0002946946187876,0.0042633670382201,0.9954394698143004
9189,0.0001257406256627,0.021146323531866,0.197520226240158,0.7812076807022095
9190,0.0002821118396241,0.1174248084425926,0.5870871543884277,0.2952059507369995
9191,7.809640919731464e-06,0.0014201019657775,0.0240192059427499,0.9745528697967528
9192,0.0001588389131939,0.0601977631449699,0.4661513268947601,0.4734921157360077
9193,2.4239627236966044e-05,0.007043523248285,0.1529687196016311,0.8399634957313538
9194,0.0002021419204538,0.1409055441617965,0.6722227334976196,0.1866695135831833
9195,5.271654299576767e-05,0.0184774119406938,0.2433921843767166,0.7380776405334473
9196,6.270367885008454e-05,0.0078364815562963,0.0720629394054412,0.9200379848480223
9197,3.0084233003435656e-05,0.0097522297874093,0.152550533413887,0.8376672267913818
9198,1.4234243280952796e-05,0.0027125671040266,0.0315325483679771,0.96574068069458
9199,1.0949121133307926e-05,0.0022211028262972,0.0439204052090644,0.953847587108612
9200,9.14188931346871e-05,0.039877887815237,0.3554277122020721,0.6046029329299927
9201,4.60572773590684e-05,0.0182927642017602,0.2952302694320678,0.6864309310913086
9202,4.540473310044035e-05,0.0050077466294169,0.0406393222510814,0.9543076157569884
9203,8.772658475209028e-06,0.002980257384479,0.0458963066339492,0.9511146545410156
9204,4.655075827031396e-06,0.0007017541793175,0.01115014962852,0.988143503665924
9205,9.886148291116116e-06,0.0018260030774399,0.0222452711313962,0.9759188294410706
9206,3.4230495202791644e-06,0.0004413802816998,0.0063854791224002,0.9931696653366088
9207,0.0001377804146613,0.1583457589149475,0.7554253339767456,0.0860910937190055
9208,0.0017575989477336,0.1710701584815979,0.4650168418884277,0.3621554672718048
9209,4.804159743798664e-06,0.0007709374185651,0.0108100557699799,0.9884141683578492
9210,3.969593672081828e-05,0.0136979138478636,0.1519411951303482,0.8343212604522705
9211,2.8949098123121075e-05,0.0089545240625739,0.1057321354746818,0.8852843046188354
9212,2.521555416024057e-06,0.0005617887945845,0.014948645606637,0.984486997127533
9213,1.0858409950742498e-05,0.0017699203453958,0.0222464986145496,0.9759726524353028
9214,1.4520910553983413e-05,0.0021216827444732,0.0279476903378963,0.969916045665741
9215,2.225902608188335e-05,0.0092649860307574,0.1567053496837616,0.8340073823928833
9216,2.4617187591502443e-05,0.006118485238403,0.0857931822538375,0.9080637097358704
9217,5.897479695704533e-06,0.0007032940629869,0.0089790560305118,0.9903117418289183
9218,5.9977624914608896e-05,0.0119782341644167,0.1482227444648742,0.8397390842437744
9219,0.0003521361504681,0.168702632188797,0.6568873524665833,0.1740578413009643
9220,0.0001617927628103,0.0455671027302742,0.3815287053585052,0.5727423429489136
9221,8.305577648570761e-05,0.0245143137872219,0.2362480163574218,0.7391546368598938
9222,0.0003173257864546,0.0801118537783622,0.5063225030899048,0.4132483601570129
9223,8.741428246139549e-06,0.0015648944536224,0.0206134412437677,0.977812886238098
9224,1.376116051687859e-05,0.0029255135450512,0.0487141720950603,0.9483465552330016
9225,2.647070868988521e-05,0.0049662175588309,0.0486138500273227,0.9463935494422911
9226,2.321800593563239e-06,0.0002725897647906,0.0041328314691782,0.9955921769142152
9227,5.031662567489548e-06,0.0006799372495152,0.0115002673119306,0.9878147840499878
9228,6.706731801386923e-05,0.0590976811945438,0.6453654170036316,0.2954698204994201
9229,4.371753675513901e-06,0.0008201926248148,0.0113224107772111,0.9878530502319336
9230,1.3831597243552096e-05,0.0028948998078703,0.0438906140625476,0.95320063829422
9231,1.3784545444650576e-05,0.0019218588713556,0.0179513953626155,0.9801129102706908
9232,1.4147015463095158e-05,0.0028253253549337,0.0222229044884443,0.974937617778778
9233,0.0003558301541488,0.2681906819343567,0.6848489046096802,0.0466045513749122
9234,0.00081214052625,0.0731065571308136,0.3328004479408264,0.5932809114456177
9235,2.981322722916957e-05,0.0161847900599241,0.2737449705600738,0.7100404500961304
9236,1.610887557035312e-05,0.0017766687087714,0.0185133144259452,0.9796938300132751
9237,2.045898099822807e-06,0.0002638054138515,0.0056404084898531,0.9940937161445618
9238,5.6953604143927805e-06,0.0010356421116739,0.0122285299003124,0.9867302179336548
9239,3.3199903555214405e-06,0.0003333979693707,0.0058180000633001,0.993845283985138
9240,1.736054036882706e-05,0.0022737816907465,0.0212385803461074,0.9764703512191772
9241,1.7117579773184843e-05,0.0017189707141369,0.0202970523387193,0.9779667854309082
9242,1.838667776610237e-05,0.0014836363261565,0.0116697028279304,0.9868283271789552
9243,0.0005068044993095,0.231683000922203,0.7136338949203491,0.0541763864457607
9244,5.091540970170172e-06,0.0007439363980665,0.0151776708662509,0.9840732216835022
9245,2.184052027587313e-05,0.0074196849018335,0.1742317974567413,0.8183267116546631
9246,8.38795858726371e-06,0.0012844003504142,0.0154046118259429,0.983302652835846
9247,1.1321140846121123e-05,0.00272724381648,0.0413487292826175,0.955912709236145
9248,0.0001435557351214,0.0219818726181983,0.1783892810344696,0.7994852662086487
9249,0.0001927573175635,0.4203873872756958,0.5746014714241028,0.004818326793611
9250,2.398360720690107e-06,0.0002371126902289,0.0029803188517689,0.9967801570892334
9251,9.77741219685413e-05,0.1196151673793792,0.6568164825439453,0.2234705686569214
9252,8.105447341222316e-05,0.0440022684633731,0.5115095376968384,0.444407194852829
9253,3.898780960298609e-06,0.0008033486665226,0.0163897890597581,0.9828029274940492
9254,2.35902098211227e-06,0.0002444160345476,0.0038835178129374,0.9958696961402892
9255,0.0017473355401307,0.2253077179193496,0.540485143661499,0.2324597686529159
9256,1.9890630937879905e-06,0.0001682016736594,0.0026725509669631,0.9971572160720824
9257,2.8821641535614617e-06,0.0003546180669218,0.0065874154679477,0.9930550456047058
9258,3.70563575415872e-05,0.0036067594774067,0.0270702335983514,0.9692859649658204
9259,1.4072722478886137e-05,0.0022232790943235,0.0279448553919792,0.9698176980018616
9260,4.378811354399659e-06,0.0008475944632664,0.0097002061083912,0.989447832107544
9261,5.965994205325842e-06,0.0008993755909614,0.0128096072003245,0.9862850904464722
9262,1.3739939277002122e-05,0.0007619888056069,0.0068984837271273,0.9923259019851683
9263,5.2033967222087085e-05,0.0087507683783769,0.0985945984721183,0.8926026225090027
9264,7.558280776720494e-05,0.0127110732719302,0.1500882655382156,0.8371251225471497
9265,1.1718441783159506e-05,0.0020017735660076,0.0389696657657623,0.9590167999267578
9266,1.4599973837903237e-05,0.0041119176894426,0.0653341189026832,0.9305394291877748
9267,5.308167965267785e-05,0.0600589513778686,0.75489342212677,0.1849945932626724
9268,2.550105591581086e-06,0.0002947521570604,0.0040689278393983,0.9956337809562684
9269,5.591874014498899e-06,0.0012265241239219,0.0147104663774371,0.984057366847992
9270,1.1894024282810278e-05,0.0018499449361115,0.024751991033554,0.9733861684799194
9271,6.143890641396865e-05,0.0344122648239135,0.467681735754013,0.4978446066379547
9272,6.073245913285064e-06,0.0009013495873659,0.0106428461149334,0.9884498119354248
9273,0.0012984874192625,0.2436115741729736,0.6519383192062378,0.1031516343355178
9274,1.3903350009059068e-05,0.0035100302193313,0.0383306443691253,0.9581454992294312
9275,9.248588321497664e-05,0.0244694594293832,0.2714222371578216,0.7040157318115234
9276,2.641482751641888e-05,0.0046554808504879,0.0360504835844039,0.9592676758766174
9277,0.0002987387997563,0.1499893516302108,0.6314787268638611,0.2182332277297973
9278,5.062099808128551e-05,0.0174678359180688,0.216152936220169,0.7663286924362183
9279,7.615630238433368e-06,0.0012413474032655,0.0182414688169956,0.980509638786316
9280,1.3393313565757126e-05,0.0020831378642469,0.0306114833801984,0.9672918915748596
9281,4.831966180063319e-06,0.0004777098365593,0.0053823399357497,0.9941351413726808
9282,3.284498961875215e-05,0.0178306493908166,0.4187059998512268,0.5634304881095886
9283,4.458360763237579e-06,0.0004994618357159,0.0076917693950235,0.9918043613433838
9284,1.3079875316179825e-05,0.0032509411685168,0.0372050516307354,0.9595309495925904
9285,0.0001678434782661,0.1525933593511581,0.6946454644203186,0.1525933593511581
9286,3.4214126571896486e-06,0.0005077826208434,0.0067940568551421,0.9926947355270386
9287,7.858248864067718e-05,0.0120328878983855,0.1443179249763488,0.8435706496238708
9288,4.189299488643883e-06,0.000484217191115,0.0074570002034306,0.9920547008514404
9289,9.979323658626528e-05,0.025993462651968,0.2142663896083831,0.7596403360366821
9290,1.1599547178775538e-05,0.001472498755902,0.0190956555306911,0.979420244693756
9291,0.0002959240227937,0.1104123964905738,0.6555485725402832,0.2337430566549301
9292,0.0001179104801849,0.0796622186899185,0.6464821100234985,0.273737758398056
9293,2.260088876937516e-05,0.0081731872633099,0.1043482571840286,0.8874559998512268
9294,4.392525170260342e-06,0.0005489620380103,0.0069000180810689,0.9925466179847716
9295,7.42122847441351e-06,0.0009719891822896,0.0132098710164427,0.98581063747406
9296,5.217759735387517e-06,0.0005754734738729,0.0065859449096024,0.992833375930786
9297,1.06502902781358e-05,0.0017359969206154,0.0259120166301727,0.9723412990570068
9298,0.0003574187285266,0.0759843736886978,0.4043993055820465,0.519258975982666
9299,1.559200245537795e-05,0.0033147351350635,0.0334776453673839,0.9631920456886292
9300,5.379093636292964e-06,0.0006120994803495,0.0073412898927927,0.9920411705970764
9301,6.63172613712959e-05,0.0811313986778259,0.819398045539856,0.0994042605161666
9302,0.000125959777506,0.0837810859084129,0.619063138961792,0.2970297336578369
9303,1.722937849990558e-05,0.0033350437879562,0.0425789840519428,0.9540687799453736
9304,1.1340122910041828e-05,0.0011037538060918,0.0109746921807527,0.987910270690918
9305,5.960449925623834e-06,0.0010023935465142,0.013623084872961,0.985368549823761
9306,1.146088743553264e-05,0.0025936337187886,0.0296825673431158,0.96771240234375
9307,0.0002896625956054,0.0212814658880233,0.1283436566591262,0.8500851392745972
9308,3.92848869523732e-06,0.0007256042445078,0.0089788734912872,0.9902916550636292
9309,2.338489684916567e-05,0.0036944628227502,0.0339736491441726,0.9623085260391236
9310,7.965566510392819e-06,0.0014712652191519,0.0350928641855716,0.9634280204772948
9311,6.42682280158624e-05,0.0043669296428561,0.0377245135605335,0.9578441977500916
9312,5.90405979892239e-05,0.032051533460617,0.5254315733909607,0.4424577951431274
9313,0.0001196714438265,0.0783644020557403,0.6163837909698486,0.3051320910453796
9314,0.0002190399100072,0.0273748263716697,0.2439891546964645,0.7284170389175415
9315,1.6283951481455006e-05,0.0055320016108453,0.1340281367301941,0.8604235053062439
9316,3.7576094200630905e-06,0.0004209579783491,0.0069009065628051,0.9926744103431702
9317,0.0001532849564682,0.1102409437298774,0.7188612222671509,0.1707445085048675
9318,2.8393631509970877e-05,0.0038368802051991,0.0274786576628685,0.968656063079834
9319,5.106587195768952e-06,0.0007819426828064,0.0122316414490342,0.9869813323020936
9320,8.969990631157998e-06,0.0010207159211859,0.0111465416848659,0.987823724746704
9321,1.616534973436501e-05,0.004081092774868,0.0723391026258468,0.9235636591911316
9322,7.555562478955835e-05,0.0052968584932386,0.0314488969743251,0.9631786346435548
9323,0.0005545205785892,0.1008337885141372,0.5120762586593628,0.3865354359149933
9324,2.5000352252391167e-05,0.0029351531993597,0.0305849947035312,0.9664548635482788
9325,2.304520421603229e-05,0.0027056103572249,0.0340073779225349,0.9632639288902284
9326,0.0004346693749539,0.1243475452065467,0.5154062509536743,0.3598115146160126
9327,1.389350200042827e-05,0.0033469218760728,0.0540165789425373,0.9426226019859314
9328,1.4072367775952443e-05,0.002681718673557,0.0275109186768531,0.9697932600975036
9329,1.828169479267672e-05,0.0034298619721084,0.0305700227618217,0.9659817814826964
9330,5.934513410466025e-06,0.0012228140840306,0.0176905337721109,0.9810807108879088
9331,4.620951949618757e-05,0.0189358238130807,0.4446580410003662,0.536359965801239
9332,4.496265319176018e-05,0.0117115676403045,0.1542696505784988,0.8339738249778748
9333,3.622176791395759e-06,0.0006795631488785,0.0120455436408519,0.987271249294281
9334,3.3131998407043284e-06,0.0003711715980898,0.0078129628673195,0.9918125867843628
9335,5.231302202446386e-05,0.0413207598030567,0.6072041392326355,0.3514227867126465
9336,3.04424775094958e-05,0.0106702409684658,0.1804734468460083,0.8088258504867554
9337,8.658836304675788e-05,0.017565032467246,0.1360177248716354,0.8463307023048401
9338,9.805307854549028e-06,0.0023620824795216,0.0296895056962966,0.9679386019706726
9339,8.712094131624326e-05,0.1599988937377929,0.8125414252281189,0.0273725818842649
9340,0.0001084986070054,0.069946601986885,0.585655689239502,0.3442892134189605
9341,1.7210395526490174e-05,0.0031788139604032,0.0287786349654197,0.968025267124176
9342,9.116185538005084e-06,0.0009898481657728,0.0106418710201978,0.9883592128753662
9343,2.924733234976884e-05,0.0032257260754704,0.0296632256358861,0.9670818448066713
9344,0.0002746523241512,0.1161201894283294,0.5369343161582947,0.3466708660125732
9345,7.139173703762936e-06,0.0012387363240122,0.020307021215558,0.9784471392631532
9346,1.1827117305074353e-05,0.0028491327539086,0.0292283669114112,0.9679105877876282
9347,6.377357749443036e-06,0.0008753544534556,0.0087037030607461,0.9904145002365112
9348,8.31497982289875e-06,0.0009170699049718,0.0089771132916212,0.9900975227355956
9349,4.063884261995554e-05,0.0073897512629628,0.0690250173211097,0.9235445857048036
9350,7.798816113790963e-06,0.0008207528153434,0.0106436852365732,0.988527774810791
9351,1.4346626812766772e-05,0.0012914423132315,0.0100004961714148,0.9886937737464904
9352,2.1459938579937443e-05,0.0053337663412094,0.0691693276166915,0.9254754185676576
9353,7.180260581662878e-05,0.1110427677631378,0.7829277515411377,0.1059577465057373
9354,0.0001366982032777,0.024857148528099,0.2017229944467544,0.7732831835746765
9355,3.253458999097347e-05,0.0071361516602337,0.0869361236691474,0.9058951139450072
9356,0.000157754853717,0.1265689134597778,0.7633082866668701,0.1099649965763092
9357,3.254268904129276e-06,0.0004754885158035,0.0100087774917483,0.9895125031471252
9358,6.84531987644732e-05,0.2138489484786987,0.7700996994972229,0.0159829091280698
9359,0.0001350679958704,0.1731698811054229,0.7522156238555908,0.0744794383645057
9360,1.6609797967248596e-05,0.0048264558427035,0.0896566584706306,0.9055001735687256
9361,0.0002594262186903,0.0654945522546768,0.4270781576633453,0.5071678757667542
9362,0.0006699130171909,0.3694046437740326,0.5996029376983643,0.0303225796669721
9363,1.1616889423748944e-05,0.0022840602323412,0.0320270173251628,0.9656773209571838
9364,0.000181954485015,0.101913683116436,0.7298771739006042,0.1680272668600082
9365,0.0001195919758174,0.0591132715344429,0.578654408454895,0.3621127009391784
9366,2.839934495568741e-06,0.000354924792191,0.0057281963527202,0.9939139485359192
9367,8.140686077240389e-06,0.0011173883685842,0.0142658585682511,0.9846085906028748
9368,8.044425339903682e-05,0.0233753994107246,0.2717300355434418,0.7048141360282898
9369,0.0001537314674351,0.0426254719495773,0.3405551016330719,0.6166656613349915
9370,5.2359438996063545e-05,0.0071868421509861,0.051470149308443,0.9412906169891356
9371,2.46628223976586e-05,0.0081207025796175,0.1763625293970108,0.8154920339584351
9372,1.9497711036819965e-05,0.0029392864089459,0.0292255040258169,0.9678157567977904
9373,0.0001111852106987,0.0632561296224594,0.4975480139255523,0.4390845894813537
9374,0.0001301010925089,0.0441980920732021,0.4001368582248688,0.5555349588394165
9375,1.4051301150175275e-05,0.0054942909628152,0.0989222899079322,0.8955693244934082
9376,3.939752423320897e-05,0.0071640303358435,0.0690408051013946,0.9237558245658876
9377,1.547610736452043e-05,0.0032390889246016,0.0407127812504768,0.9560326337814332
9378,0.0001226124441018,0.1476763784885406,0.704524576663971,0.1476763784885406
9379,5.865413641004125e-06,0.0010177228832617,0.0140492310747504,0.9849271774291992
9380,3.806340600931435e-06,0.0004831939877476,0.0095547446981072,0.9899583458900452
9381,0.0002435256610624,0.0696663260459899,0.5228747725486755,0.4072152972221374
9382,0.0001577164657646,0.0487847961485385,0.328214943408966,0.6228424906730652
9383,9.097298061533364e-06,0.0010680636623874,0.0126113500446081,0.9863114953041076
9384,9.152953862212598e-05,0.0942929536104202,0.6648300290107727,0.2407854795455932
9385,7.81387643655762e-06,0.0007144594565033,0.0088409641757607,0.9904367327690125
9386,9.46685304370476e-06,0.0015191731508821,0.0190948043018579,0.9793765544891356
9387,3.938085137633607e-05,0.011992416344583,0.1068872362375259,0.8810808658599854
9388,1.533869181002956e-05,0.0024614436551928,0.0350578017532825,0.9624654054641724
9389,1.0674153600120915e-05,0.001823385595344,0.0236460231244564,0.974519908428192
9390,0.0005622021271847,0.1794203221797943,0.6461173892021179,0.1739001423120498
9391,3.311989348731004e-05,0.0046903337351977,0.043810736387968,0.9514658451080322
9392,1.3704169759876096e-05,0.0029133975040167,0.0377815105020999,0.959291398525238
9393,9.923878678819165e-06,0.0020131256897002,0.0335215516388416,0.9644553661346436
9394,7.613588422827888e-06,0.001221774611622,0.0185237620025873,0.9802467823028564
9395,2.0499795937212184e-05,0.0052568633109331,0.1106541603803634,0.8840685486793518
9396,2.663925442902837e-05,0.0087714800611138,0.1506946384906768,0.8405072093009949
9397,7.556912805739557e-06,0.0019683733116835,0.0401584357023239,0.9578656554222108
9398,4.3076441215816885e-05,0.0252852439880371,0.603107750415802,0.3715639114379883
9399,3.889960680680815e-06,0.0002684793726075,0.0037062433548271,0.9960214495658876
9400,0.0013491046847775,0.2098338901996612,0.5977610945701599,0.1910559237003326
9401,8.887690455594566e-06,0.0015421258285641,0.0196885410696268,0.9787604212760924
9402,7.421788268402452e-06,0.0011014910414814,0.0130060520023107,0.9858850240707396
9403,6.574231520062312e-05,0.0182285215705633,0.218626007437706,0.7630797624588013
9404,0.0002612998359836,0.1908835172653198,0.7317312359809875,0.0771239027380943
9405,1.7771088096196763e-05,0.0014339640038087,0.0144825242459774,0.9840657114982604
9406,1.795440402929671e-05,0.0091564189642667,0.2634412050247192,0.7273844480514526
9407,6.17303612671094e-06,0.0008742057834751,0.0100047551095485,0.9891148805618286
9408,0.0003271878813393,0.2838382124900818,0.6599435806274414,0.0558910518884658
9409,0.0001368997764075,0.1206319034099578,0.6834262609481812,0.1958049088716507
9410,1.1467102922324555e-05,0.0020528458990156,0.0296986624598503,0.9682371020317078
9411,4.799545422429219e-06,0.0006691586459055,0.0118611212819814,0.9874649047851562
9412,4.3826653381984215e-06,0.0005563552840612,0.009120519272983,0.9903186559677124
9413,8.952833741204813e-05,0.1750243157148361,0.7967571020126343,0.0281289685517549
9414,2.710010903683724e-06,0.0003083783958572,0.0057284636422991,0.9939603805541992
9415,8.246345532825217e-05,0.0682617798447609,0.7113040089607239,0.2203516960144043
9416,1.274129499506671e-05,0.0026253596879541,0.0329986959695816,0.9643632173538208
9417,0.0001213690557051,0.008508626371622,0.0529424585402011,0.93842750787735
9418,8.71790834935382e-05,0.0123460255563259,0.0805061906576156,0.9070605039596558
9419,5.00051501148846e-05,0.0055151325650513,0.0523261241614818,0.9421087503433228
9420,1.534761759103276e-05,0.0024246932007372,0.0345343649387359,0.9630255103111268
9421,1.500488997407956e-05,0.0030917769763618,0.025485785678029,0.971407413482666
9422,9.40236532187555e-06,0.0021612916607409,0.0251241885125637,0.9727051258087158
9423,3.7485515349544585e-05,0.0067106732167303,0.0721465423703193,0.9211052656173706
9424,8.06796015240252e-06,0.0015862860018387,0.0225931201130151,0.9758124947547911
9425,3.015035417774925e-06,0.0004203600401524,0.0083122588694095,0.9912644624710084
9426,0.0009687032434158,0.2333589792251587,0.6052871346473694,0.1603851318359375
9427,4.46183948952239e-05,0.0131693333387374,0.1846599280834198,0.8021261692047119
9428,0.0001070294601959,0.0188634060323238,0.1137608960270881,0.8672686815261841
9429,6.279777153395116e-05,0.0127389505505561,0.09412881731987,0.8930693864822388
9430,9.557684279570822e-06,0.0017931344918906,0.0247534587979316,0.9734439253807068
9431,1.2613874787348324e-05,0.0027238386683166,0.0275097955018281,0.9697536826133728
9432,2.283882395204273e-06,0.0003389581688679,0.004903731867671,0.9947550296783448
9433,1.019241608446464e-05,0.0021001603454351,0.0378124602138996,0.960077166557312
9434,4.045125388074666e-05,0.0057285786606371,0.0457683317363262,0.9484626650810242
9435,2.677837255760096e-05,0.0027744823601096,0.0247286949306726,0.9724699854850768
9436,9.366556696477346e-06,0.0010170337045565,0.0147134969010949,0.9842601418495178
9437,0.0003744900168385,0.0358846597373485,0.2651537656784057,0.6985871195793152
9438,2.4578062948421572e-05,0.0022826772183179,0.0174022410064935,0.9802905321121216
9439,1.0144493899133522e-05,0.0018446707399562,0.0275341179221868,0.970611035823822
9440,8.373399032279849e-05,0.0120448805391788,0.0890002995729446,0.898871123790741
9441,2.0681396563304588e-05,0.0031177271157503,0.0324874632060527,0.96437406539917
9442,6.197472885105526e-06,0.0014245931524783,0.0209342446178197,0.9776349067687988
9443,3.891627784469165e-05,0.0082732895389199,0.1072896644473075,0.8843981027603149
9444,0.0003189538547303,0.0710611790418624,0.3608784079551697,0.5677414536476135
9445,7.258484401972964e-05,0.0149561995640397,0.1292018443346023,0.8557693362236023
9446,1.1116930181742646e-05,0.0010990694863721,0.0151721872389316,0.983717679977417
9447,7.342546723521082e-06,0.0008355254540219,0.0084385080263018,0.9907185435295104
9448,6.843386472610291e-06,0.0014322940260171,0.0156411062926054,0.982919692993164
9449,9.35439038585173e-06,0.0013667909661307,0.0156420934945344,0.9829817414283752
9450,2.6204354526271345e-06,0.0004476293397601,0.0079344194382429,0.9916152358055116
9451,0.0012635525781661,0.1789402961730957,0.5511749386787415,0.2686212062835693
9452,3.3338328648824245e-05,0.0045050657354295,0.0377204529941082,0.95774108171463
9453,1.4014371117809787e-05,0.0018355203792452,0.0171449389308691,0.9810054302215576
9454,0.0001054266103892,0.0928987190127372,0.7307050824165344,0.1762908101081848
9455,9.351567859994248e-05,0.0054350779391825,0.0365661829710006,0.9579052329063416
9456,4.2578107240842655e-05,0.0131702423095703,0.256392627954483,0.7303946018218994
9457,4.6390789066208526e-05,0.011002205312252,0.101174384355545,0.8877770304679871
9458,5.943864380242303e-05,0.0255257878452539,0.4454407691955566,0.5289739966392517
9459,8.22613037598785e-06,0.0021426866296678,0.0335172601044178,0.964331865310669
9460,6.11374489380978e-05,0.0147279081866145,0.1292332857847213,0.8559775948524475
9461,5.269996563583845e-06,0.0007233583019115,0.0120449969545006,0.98722642660141
9462,0.0003213381278328,0.112630620598793,0.5994356274604797,0.2876123487949371
9463,2.8775235477951355e-05,0.0249627530574798,0.4156671464443207,0.559341311454773
9464,3.922370524378493e-06,0.0006006102194078,0.0106460712850093,0.988749384880066
9465,3.6421306504053055e-06,0.0004921673680655,0.0067941611632704,0.9927099943161012
9466,8.527102909283713e-05,0.0170296244323253,0.1494302302598953,0.8334548473358154
9467,7.860636105760932e-05,0.0189361423254013,0.188283234834671,0.7927020192146301
9468,4.173273191554472e-05,0.0087344972416758,0.0719992294907569,0.9192245602607728
9469,1.073228668246884e-05,0.0022815987467765,0.0480264201760292,0.9496811628341676
9470,4.400191028253175e-05,0.006737760733813,0.0538311712443828,0.9393871426582336
9471,1.1802106200775596e-05,0.0014982124557718,0.0174161456525325,0.9810738563537598
9472,4.666784661822021e-06,0.0006608951953239,0.0087055871263146,0.9906288981437684
9473,5.562909427681007e-05,0.009804350323975,0.0795651450753212,0.9105748534202576
9474,6.146274699858623e-06,0.0008980458369478,0.0142690204083919,0.9848268032073976
9475,3.436119368416257e-05,0.0162066649645566,0.261562317609787,0.7221966981887817
9476,4.95717758894898e-05,0.0084679750725626,0.0720180198550224,0.9194644689559937
9477,5.880483968212502e-06,0.0008592105587013,0.0116771468892693,0.987457811832428
9478,3.119166649412364e-06,0.0004085302061866,0.0056395856663584,0.9939486980438232
9479,7.638589158887044e-05,0.0694455280900001,0.6093651652336121,0.3211129009723663
9480,1.331239673163509e-05,0.0045225024223327,0.0922673568129539,0.9031967520713806
9481,7.916815775388386e-06,0.0014622608432546,0.0259191952645778,0.972610592842102
9482,1.176006298919674e-05,0.0018007514299824,0.0206085108220577,0.9775789380073548
9483,8.927638555178419e-05,0.0584608130156993,0.5292609930038452,0.4121888875961303
9484,5.022546247346327e-05,0.0184491258114576,0.1593761146068573,0.8221245408058167
9485,7.595891474920791e-06,0.0007165746646933,0.005906787700951,0.9933690428733826
9486,9.16073167900322e-06,0.0006128076347522,0.0061891381628811,0.9931888580322266
9487,0.0001101872549043,0.0305518694221973,0.1813948154449463,0.7879431247711182
9488,1.7597125406609848e-05,0.0034598677884787,0.0371970832347869,0.95932537317276
9489,1.2579289432324003e-05,0.0022874129936099,0.0306052453815937,0.9670947790145874
9490,1.8088271644955969e-06,0.0002482791314832,0.0038235271349549,0.9959263801574708
9491,2.837330612237565e-05,0.006321417633444,0.0554686784744262,0.9381815791130066
9492,1.994870763155632e-05,0.0041751866228878,0.0360681116580963,0.9597367644309998
9493,2.1298204956110567e-05,0.0048957495018839,0.0765824168920517,0.9185004830360411
9494,1.8621216440806165e-05,0.0025163167156279,0.028797723352909,0.9686673879623412
9495,1.2138884812884498e-05,0.0016661803238093,0.0202982295304536,0.9780234694480896
9496,7.328997162403539e-05,0.3716373443603515,0.62237548828125,0.0059138289652764
9497,2.795448017423041e-05,0.0159040261059999,0.286344975233078,0.6977230906486511
9498,0.0001710214128252,0.110253632068634,0.7077978253364563,0.1817775070667266
9499,2.3597578547196463e-05,0.0055097197182476,0.0822397470474243,0.9122269153594972
9500,0.0003967811935581,0.0579745844006538,0.3183431327342987,0.6232855319976807
9501,0.0003643412201199,0.1026125848293304,0.6092389225959778,0.2877840995788574
9502,1.180568870040588e-05,0.0022851945832371,0.0315461382269859,0.9661568999290466
9503,8.610976510681212e-05,0.0581771358847618,0.5185272097587585,0.4232095777988434
9504,8.18107400846202e-06,0.0019708070904016,0.0389710143208503,0.9590499997138976
9505,2.411099376331549e-05,0.0054563912563025,0.0624450892210006,0.9320743680000304
9506,2.3137059542932548e-05,0.004549104720354,0.0580790676176548,0.9373486638069152
9507,0.0006321326363831,0.0605726800858974,0.3076134324073791,0.6311817765235901
9508,2.118150769092608e-05,0.0055172150023281,0.1090981811285018,0.8853634595870972
9509,2.793627345454297e-06,0.0005079921102151,0.0063850576989352,0.9931041598320008
9510,9.775435501069296e-06,0.001568692503497,0.0182354487478733,0.9801861047744752
9511,7.086064579198137e-05,0.09373389929533,0.8354411721229553,0.0707540586590766
9512,0.0003299740783404,0.0712545588612556,0.3851985037326813,0.5432169437408447
9513,3.129845572402701e-05,0.0108001874759793,0.1445049047470092,0.8446636199951172
9514,0.0001210924383485,0.0392538271844387,0.4354147315025329,0.5252103805541992
9515,5.706904175895033e-06,0.0007833281415514,0.0104808155447244,0.9887301325798036
9516,6.147434760350734e-05,0.0285452250391244,0.4327843785285949,0.5386088490486145
9517,0.0001430886040907,0.042233295738697,0.3072260618209839,0.650397539138794
9518,4.654972144635394e-06,0.000724014127627,0.0111499018967151,0.988121509552002
9519,3.6806224670726806e-05,0.0052944631315767,0.0615461096167564,0.9331226348876952
9520,2.567185219959356e-05,0.011553805321455,0.2509214282035827,0.7374990582466125
9521,0.0007894149748608,0.3038887977600097,0.6433326005935669,0.0519892461597919
9522,1.91349408851238e-05,0.0032180021516978,0.0319967977702617,0.9647661447525024
9523,4.446010279934853e-05,0.0121364332735538,0.1501803696155548,0.837638795375824
9524,8.917492777982261e-06,0.0015716633060947,0.016377106308937,0.9820423722267152
9525,1.3607164873974398e-05,0.0044804182834923,0.0723102763295173,0.9231957197189332
9526,6.73543254379183e-05,0.0441056042909622,0.4741799533367157,0.4816471636295318
9527,1.9565271941246465e-05,0.0025228161830455,0.0262883491814136,0.9711692929267884
9528,8.406172128161415e-06,0.0013489628909155,0.0132048735395073,0.9854377508163452
9529,0.000432343193097,0.2347073853015899,0.6898433566093445,0.0750169828534126
9530,3.253441900596954e-05,0.006497505120933,0.0588236078619957,0.9346463680267334
9531,6.097744062572019e-06,0.0005489014438353,0.0070079038850963,0.9924370646476746
9532,6.065139132260811e-06,0.0008195926784537,0.0120438262820243,0.9871304631233216
9533,2.8881090656796005e-06,0.0002855313650798,0.0046082432381808,0.995103359222412
9534,3.460106017882936e-05,0.0049772579222917,0.0464907810091972,0.9484974145889282
9535,0.0001680703135207,0.0216715894639492,0.1391255855560302,0.8390347361564636
9536,4.618861566996202e-05,0.0059557254426181,0.0530828051269054,0.9409151673316956
9537,1.6107502233353443e-05,0.001861774129793,0.0185117349028587,0.9796103239059448
9538,1.551973764435388e-05,0.0025297165848314,0.0236291773617267,0.9738256335258484
9539,5.053955192124704e-06,0.0005751012940891,0.0072285672649741,0.9921912550926208
9540,1.0622577974572778e-05,0.0012867265613749,0.0136191444471478,0.9850835204124452
9541,4.248980985721573e-06,0.0005652703694067,0.008842316456139,0.9905881881713868
9542,5.613888788502663e-06,0.0009150637779384,0.0111477589234709,0.9879315495491028
9543,5.046000296715647e-06,0.0005228114896453,0.0088426852598786,0.990629494190216
9544,6.542210940096993e-06,0.0011896330397576,0.0140468031167984,0.9847570061683656
9545,2.6252288080286235e-05,0.0028063168283551,0.0287891291081905,0.9683783054351808
9546,9.556952136335894e-06,0.0009748356533236,0.0103179858997464,0.9886976480484008
9547,0.0002731607819441,0.0844939798116684,0.5424279570579529,0.3728049099445343
9548,6.885337370476918e-06,0.0012326160212978,0.0251476354897022,0.973612904548645
9549,6.669559752481291e-06,0.0009898504940792,0.0106418961659073,0.9883615374565125
9550,6.5736026044760365e-06,0.0014645628398284,0.0243871621787548,0.9741417169570924
9551,6.444575774366967e-06,0.0010341797024011,0.0136226462200284,0.9853368401527404
9552,8.216920832637697e-06,0.001888797385618,0.0196817182004451,0.9784212112426758
9553,2.3502985641243868e-05,0.0059335469268262,0.0711647197604179,0.9228781461715698
9554,8.3577586337924e-05,0.0538805797696113,0.4877949655056,0.4582409560680389
9555,1.7074546121875755e-05,0.0043785111047327,0.0501094013452529,0.945495069026947
9556,4.571549288812093e-05,0.0162758436053991,0.3023414611816406,0.6813369989395142
9557,0.0001412316341884,0.0264967232942581,0.1868201047182083,0.7865419983863831
9558,1.1115827874164095e-05,0.0014333146391436,0.0149354813620448,0.9836200475692748
9559,1.1653151887003332e-05,0.0030831333715468,0.0432315878570079,0.953673541545868
9560,2.5845292839221656e-05,0.0028063177596777,0.0287891384214162,0.9683786630630492
9561,0.0003492298419587,0.1262924075126648,0.5931664109230042,0.2801919877529144
9562,1.2264673387107903e-05,0.0024114248808473,0.0247380584478378,0.9728382229804992
9563,0.0001988093426916,0.0624640397727489,0.5834542512893677,0.3538829088211059
9564,0.0001387009688187,0.1983811259269714,0.7370752692222595,0.0644049197435379
9565,9.836279787123203e-06,0.0022966403048485,0.0266975630074739,0.9709959626197816
9566,1.746868838381488e-05,0.0054884986020624,0.1137388199567794,0.8807552456855774
9567,1.020322542899521e-05,0.0005747607792727,0.0078113176859915,0.9916037917137146
9568,9.677849448053166e-06,0.0016275640809908,0.027961665764451,0.9704011082649232
9569,4.008757969131693e-06,0.0003086572396568,0.004828211851418,0.9948590993881226
9570,9.777654668141622e-06,0.0013420783216133,0.0182395875453948,0.9804085493087769
9571,4.5992528612259775e-06,0.0005152457160875,0.0078118257224559,0.9916682243347168
9572,0.0002536127576604,0.0514470525085926,0.2914673984050751,0.6568319201469421
9573,1.616779263713397e-05,0.0027190051041543,0.0292320568114519,0.9680327773094176
9574,9.552813935442828e-06,0.0019683695863932,0.0401583574712276,0.9578638076782228
9575,2.0533001588773917e-05,0.0036188387311995,0.0389061793684959,0.9574544429779052
9576,0.0002078102406812,0.0396016240119934,0.2582350373268127,0.7019555568695068
9577,0.0003194813325535,0.2333859503269195,0.7188793420791626,0.0474152341485023
9578,3.699045464600204e-06,0.0003954204730689,0.0070089967921376,0.9925918579101562
9579,7.580182864330709e-05,0.0444945693016052,0.3784152567386627,0.5770143270492554
9580,5.2907533245161176e-05,0.0135673405602574,0.1067153960466384,0.8796643614768982
9581,7.862101483624429e-05,0.018072361126542,0.2133926153182983,0.7684563398361206
9582,8.831006198306568e-06,0.0015564205823466,0.0259167272597551,0.972518026828766
9583,4.396049007482361e-06,0.0004626432491932,0.0061900978907942,0.9933428764343262
9584,7.276428732438944e-06,0.0013026294764131,0.0168927554041147,0.9817973375320436
9585,1.2035992767778224e-05,0.0018720261286944,0.028382459655404,0.9697335362434388
9586,3.148772975691827e-06,0.0006694040494039,0.0115004098042845,0.9878270030021667
9587,1.7126036254921928e-05,0.0054655764251947,0.0895990431308746,0.9049183130264282
9588,1.8840150005416945e-05,0.0031193038448691,0.0319999679923057,0.9648618102073668
9589,0.0001984888658626,0.0695713460445404,0.439704418182373,0.4905257225036621
9590,0.0001071029910235,0.0185837130993604,0.1531871855258941,0.8281220197677612
9591,3.017614290001802e-06,0.000427344959462,0.0074574332684278,0.9921122789382936
9592,5.822244474984473e-06,0.0013808242511004,0.0209351703524589,0.9776781797409058
9593,3.823878159892047e-06,0.0003388779296074,0.0051378500647842,0.9945195317268372
9594,0.0001113577673095,0.0236737728118896,0.2281476110219955,0.7480672597885132
9595,3.573877620510757e-05,0.0060103377327322,0.044410727918148,0.9495431780815125
9596,0.0001377412554575,0.0439585298299789,0.3099378049373626,0.6459658741950989
9597,5.1156672270735726e-05,0.0367913469672203,0.5078888535499573,0.4552686214447021
9598,9.290431626141073e-05,0.0131568145006895,0.0927645787596702,0.8939857482910156
9599,4.906085814582184e-05,0.0096461251378059,0.0944250300526619,0.8958798050880432
9600,1.520562818768667e-05,0.0024785166606307,0.028365122154355,0.9691411852836608
9601,4.969570454704808e-06,0.0005654988926835,0.0084408083930611,0.9909886717796326
9602,1.0361840395489708e-05,0.0007732713711448,0.007809764239937,0.9914065599441528
9603,3.7837668060092255e-05,0.010824367403984,0.1425830721855163,0.846554696559906
9604,0.0002875035570468,0.0211228411644697,0.1215535625815391,0.8570360541343689
9605,2.4622011551400647e-05,0.0048410687595605,0.058061946183443,0.9370723366737366
9606,3.0157882065395825e-05,0.0054838974028825,0.0722361877560615,0.9222497940063475
9607,8.039523891056888e-06,0.0008073399658314,0.0114987650886178,0.9876857995986938
9608,1.6357113054255024e-05,0.003318150062114,0.0324810706079006,0.96418434381485
9609,1.0769203072413802e-05,0.0013886196538805,0.0154029671102762,0.9831976294517516
9610,2.0175141344225267e-06,0.0002521416463423,0.0040062703192234,0.9957395792007446
9611,1.142933888331754e-05,0.0024297866038978,0.0325101800262928,0.9650484919548036
9612,8.908536983653903e-05,0.074904553592205,0.6676170825958252,0.2573893070220947
9613,7.833843119442463e-05,0.0306316278874874,0.3345071077346802,0.6347829103469849
9614,7.45952820579987e-06,0.0007850459078326,0.008309188298881,0.9908983111381532
9615,5.135650553711457e-06,0.000602948362939,0.0067933984100818,0.9925985336303712
9616,1.630444785405416e-05,0.0025359229184687,0.0212330222129821,0.9762148261070251
9617,6.647826467087725e-06,0.0010179437231272,0.0138344205915927,0.9851409196853638
9618,3.994373400928453e-06,0.0005231596878729,0.0081835938617587,0.9912892580032348
9619,2.249651060992619e-06,0.000184384844033,0.0045375847257673,0.9952757358551024
9620,0.0001739276922307,0.0387501418590545,0.3453762233257293,0.6156997084617615
9621,1.1427468052715994e-05,0.0016696929233148,0.018233573064208,0.98008531332016
9622,0.000119980511954,0.0469143725931644,0.3632891476154327,0.5896764993667603
9623,5.15559167979518e-06,0.0013015769654884,0.0176891516894102,0.9810040593147278
9624,7.76842534833122e-06,0.0010497608454898,0.0142668299376964,0.9846755862236024
9625,3.787408058997244e-05,0.0089823519811034,0.1567475795745849,0.8342321515083313
9626,0.0012242050142958,0.2296753376722335,0.5957325100898743,0.1733680367469787
9627,9.354246139992028e-05,0.034360583871603,0.3752284944057464,0.5903173089027405
9628,4.00498083763523e-06,0.0004348663496784,0.0056394324637949,0.9939217567443848
9629,2.074237636406906e-05,0.0018965728813782,0.0156336165964603,0.9824490547180176
9630,1.2850242455897389e-05,0.0010866585653275,0.0109748635441064,0.98792564868927
9631,4.7243029257515445e-06,0.0006586682866327,0.0120457839220762,0.9872909188270568
9632,7.670209924981464e-06,0.0009585952502675,0.0114970300346612,0.9875367283821106
9633,0.0001673762453719,0.1342883110046386,0.640653669834137,0.2248906046152115
9634,7.123569957911968e-06,0.0007380666211247,0.0075715947896242,0.9916832447052002
9635,6.152215064503253e-05,0.0396619401872158,0.5063697099685669,0.4539068639278412
9636,1.5851032003411092e-05,0.0024654003791511,0.0335061624646186,0.9640125632286072
9637,3.993300924776122e-05,0.0067156995646655,0.0857403054833412,0.9075040221214294
9638,5.876796058146283e-05,0.0064815953373909,0.0464193597435951,0.9470402598381042
9639,8.338980478583835e-06,0.0006521770264953,0.0063841007649898,0.9929553866386414
9640,7.228399226733018e-06,0.0013774890685454,0.0232984609901905,0.9753167629241944
9641,7.499267667299136e-06,0.0014744722284376,0.0626961514353752,0.9358218908309937
9642,0.000245489529334,0.1332695931196212,0.5972728729248047,0.2692119777202606
9643,3.827763976005372e-06,0.0002683469501789,0.004197652451694,0.9955301880836488
9644,1.6623036572127603e-05,0.0021771879401057,0.0179467517882585,0.9798594117164612
9645,5.461418822960695e-06,0.0005747635150328,0.0078113549388945,0.9916084408760072
9646,0.0001078801360563,0.0800491273403167,0.7477102875709534,0.1721326857805252
9647,2.880977262975648e-05,0.004016694612801,0.0581098012626171,0.937844693660736
9648,3.486476271064021e-05,0.0065410416573286,0.0671025067567825,0.926321506500244
9649,3.223195017199032e-05,0.0045645865611732,0.0400529764592647,0.9553501605987548
9650,1.115135364671005e-05,0.0022270560730248,0.0262963622808456,0.9714653491973876
9651,5.428581062005833e-06,0.0012285043485462,0.0284009464085102,0.9703651666641236
9652,0.0003751645272132,0.1178731843829155,0.5711971521377563,0.3105545043945312
9653,2.679818499018438e-05,0.0111543424427509,0.1564057916402816,0.8324130773544312
9654,0.0001075175896403,0.0211396235972642,0.1854943037033081,0.7932584881782532
9655,0.0001726662594592,0.0730015337467193,0.5067310333251953,0.4200947880744934
9656,1.7035959899658337e-05,0.0045782695524394,0.1092016324400901,0.8862029910087585
9657,0.0001018036273308,0.0666640251874923,0.6525681018829346,0.2806660532951355
9658,7.312352408916922e-06,0.0009282630053348,0.0124200209975242,0.986644446849823
9659,9.96599337668158e-05,0.0138947134837508,0.0851154401898384,0.9008902311325072
9660,1.972683821804821e-05,0.0061018974520266,0.0882765725255012,0.9056018590927124
9661,0.000305925757857,0.0976326689124107,0.5277971625328064,0.3742642402648926
9662,6.948848749743775e-05,0.0201918873935937,0.1856811344623565,0.7940574288368225
9663,2.424065860395785e-05,0.0034869452938437,0.0296556018292903,0.9668332934379578
9664,1.110801076720236e-05,0.0021501472219824,0.0301492884755134,0.9676895141601562
9665,0.0001102323512895,0.0380379818379879,0.3184881210327148,0.6433636546134949
9666,3.1437275538337417e-06,0.00053701933939,0.0132156796753406,0.9862441420555116
9667,6.164128990349127e-06,0.0008073415374383,0.0114987874403595,0.987687647342682
9668,7.063793418637943e-06,0.001225657062605,0.0154055366292595,0.9833616614341736
9669,7.199952051450964e-06,0.0007940920186229,0.0124216889962553,0.9867770075798036
9670,5.468212293635588e-06,0.0005665564676746,0.0065860017202794,0.9928419589996338
9671,1.386549229209777e-05,0.0022956659086048,0.0271064843982458,0.970583975315094
9672,3.812398426816799e-05,0.0060230176895856,0.0571447983384132,0.9367939829826356
9673,7.207486760307802e-06,0.0010367750655859,0.0111463824287056,0.9878096580505372
9674,2.384780418651644e-05,0.0114250900223851,0.2122334390878677,0.7763177156448364
9675,1.269837321160594e-05,0.0021691678557544,0.0215681698173284,0.976249933242798
9676,5.774797318736091e-05,0.0308637712150812,0.2666223049163818,0.7024561762809753
9677,5.326849532139022e-06,0.0012054822873324,0.0163831710815429,0.9824060201644896
9678,1.3757012311543804e-05,0.0024627861566841,0.034533105790615,0.9629903435707092
9679,1.00357792689465e-05,0.0008620228036306,0.0084382630884647,0.990689754486084
9680,1.6699164916644804e-05,0.0018132183467969,0.0138232698664069,0.984346866607666
9681,1.4154874406813178e-05,0.002271473640576,0.0222352501004934,0.9754791855812072
9682,3.813470129898633e-06,0.0004917224287055,0.0076918331906199,0.9918125867843628
9683,1.0013498467742464e-05,0.0010214046342298,0.0104782721027731,0.9884902238845824
9684,7.803615517332219e-06,0.0010062261717393,0.0098498566076159,0.9891360998153688
9685,9.572712770022918e-06,0.0008222476462833,0.0088399946689605,0.9903281331062316
9686,0.0047339731827378,0.0826107561588287,0.2316875904798507,0.6809676885604858
9687,5.902260818402283e-05,0.0151354586705565,0.1962796151638031,0.7885258793830872
9688,5.274262548482511e-06,0.0008203358738683,0.0111488196998834,0.9880256056785583
9689,8.276614971691743e-05,0.0092721357941627,0.0595245473086833,0.9311206340789796
9690,1.3359685908653772e-05,0.0016959386412054,0.0182330589741468,0.9800575971603394
9691,3.242283855797723e-05,0.0176014769822359,0.33211550116539,0.6502505540847778
9692,6.914820460224291e-06,0.0004278047708794,0.0063855438493192,0.9931797981262208
9693,4.237042958266102e-06,0.0006906378548592,0.0115001536905765,0.9878050088882446
9694,2.0196043806208763e-06,0.0001996671198867,0.0030272249132394,0.9967711567878724
9695,0.0005866141291335,0.178638070821762,0.5949556231498718,0.2258196920156479
9696,1.0246451893181074e-05,0.0013846207875758,0.0182388015091419,0.9803662896156312
9697,4.587257535604294e-06,0.0005914974608458,0.0103219961747527,0.989081859588623
9698,0.0005575490067712,0.177935317158699,0.6407697200775146,0.1807373911142349
9699,7.823685155017301e-05,0.0127526056021451,0.064763069152832,0.9224060773849488
9700,9.34610579861328e-06,0.0012433750089257,0.016636174172163,0.982111155986786
9701,1.3517791558115276e-05,0.0021356081124395,0.0215688776224851,0.9762819409370422
9702,1.449804494768614e-05,0.0014111198252066,0.0149357635527849,0.9836386442184448
9703,1.834674185374752e-05,0.0039617931470274,0.0564269348978996,0.9395928382873536
9704,5.1199886001995765e-06,0.0013759534340351,0.0243893601000309,0.9742295145988464
9705,2.7155798306921497e-05,0.0056836027652025,0.0822250768542289,0.9120641350746156
9706,0.0002802765520755,0.0568559877574443,0.3122007846832275,0.6306629180908203
9707,0.0001778860314516,0.0366536453366279,0.2928433716297149,0.6703251004219055
9708,1.8259199350723065e-05,0.0035900413058698,0.0465563610196113,0.9498353600502014
9709,7.149479642976075e-05,0.052228033542633,0.6071308851242065,0.3405695557594299
9710,8.323589281644672e-05,0.0112478090450167,0.0667813196778297,0.9218876361846924
9711,6.3853629399091e-05,0.0112538821995258,0.0805971324443817,0.9080851078033448
9712,1.028903352562338e-05,0.0012858866248279,0.0142634222283959,0.9844404458999634
9713,1.4256599570217077e-05,0.0025924146175384,0.0301358271390199,0.9672574400901794
9714,0.0001773577969288,0.039514347910881,0.291973739862442,0.6683345437049866
9715,1.5424719094880857e-05,0.0037743041757494,0.0581247210502624,0.9380854964256288
9716,1.301893007621402e-05,0.0023673570249229,0.0275196190923452,0.9700999855995178
9717,7.440073204634245e-06,0.0010373042896389,0.0106413830071687,0.9883139133453368
9718,4.521056780504296e-06,0.0005739233456552,0.0092626521363854,0.9901589751243592
9719,3.8029024835850578e-06,0.0006102626211941,0.0103218108415603,0.9890641570091248
9720,3.790016853599809e-05,0.0062750112265348,0.0623928233981132,0.9312942624092102
9721,0.000211323989788,0.0559110604226589,0.4829978346824646,0.460879772901535
9722,8.237177098635584e-06,0.0018351981416344,0.0325296632945537,0.9656268358230592
9723,3.674326580949128e-05,0.0033075234387069,0.0355592332780361,0.9610964059829712
9724,0.0006107190274633,0.1448403000831604,0.6003463268280029,0.2542026340961456
9725,0.0005215600249357,0.1162007302045822,0.6088482737541199,0.274429440498352
9726,2.3838603738113303e-05,0.0040090368129312,0.0451696775853633,0.950797438621521
9727,0.0008796462789177,0.1411593854427337,0.5496405959129333,0.30832040309906
9728,2.28805652113806e-06,0.0002027711016125,0.0032218231353908,0.9965730905532836
9729,1.782795948201965e-06,0.0001461206702515,0.0028005130589008,0.9970515966415404
9730,3.5774683055933565e-05,0.0053094341419637,0.0588937662541866,0.9357610940933228
9731,9.485653572482988e-05,0.0086731780320405,0.0640866011381149,0.9271453619003296
9732,0.0001471702707931,0.0126411812379956,0.1009963974356651,0.8862152695655823
9733,1.711639743007254e-05,0.0033653492573648,0.0634994804859161,0.9331180453300476
9734,2.394194780208636e-05,0.0075223366729915,0.2130712866783142,0.7793824076652527
9735,2.8348422347335145e-06,0.0004077834018971,0.0074575799517333,0.992131769657135
9736,2.246443273179466e-06,0.0003231440496165,0.0058180661872029,0.9938566088676452
9737,8.103631989797577e-05,0.0078874053433537,0.0514323413372039,0.9405992031097412
9738,3.885963906213874e-06,0.0003902338212355,0.004607755690813,0.9949980974197388
9739,4.67151403427124e-06,0.0006719831144437,0.007690439466387,0.9916328191757202
9740,7.611149612785084e-06,0.0021773509215563,0.0480315908789634,0.949783444404602
9741,2.827179969244753e-06,0.0005387651035562,0.0100081469863653,0.9894501566886902
9742,4.43488715973217e-05,0.0092820459976792,0.0730089470744133,0.9176645874977112
9743,7.794105840730481e-06,0.0010866640368476,0.0109749184921383,0.9879306554794312
9744,6.65495417706552e-06,0.0009876828407868,0.012808465398848,0.9861971735954284
9745,0.0005307627725414,0.4325443506240845,0.5553979277610779,0.0115269161760807
9746,4.886193437414477e-06,0.0007365952478721,0.0095523120835423,0.98970627784729
9747,5.194341156311566e-06,0.0008079052204266,0.0108096515759825,0.9883772730827332
9748,6.821153419878101e-06,0.0011652064276859,0.0191016234457492,0.9797263145446776
9749,4.90486818307545e-05,0.0200992617756128,0.2373256087303161,0.742526113986969
9750,2.3500790121033788e-05,0.0060264240019023,0.0711580738425254,0.9227919578552246
9751,7.101985829649493e-05,0.0404050312936306,0.5577742457389832,0.4017497301101684
9752,3.318714152555913e-05,0.0040200012736022,0.0425490327179431,0.9533976912498474
9753,8.2811993706855e-06,0.0013083051890134,0.0126083269715309,0.9860751032829284
9754,0.0003543545899447,0.0614849664270877,0.3074055016040802,0.6307551264762878
9755,1.0180733625020366e-05,0.0010223631979897,0.0095495292916893,0.9894179701805116
9756,0.0001950021833181,0.0540687069296836,0.2661354839801788,0.6796007752418518
9757,3.368870966369286e-05,0.0038335158023983,0.0283260643482208,0.9678066968917848
9758,7.96815311332466e-06,0.0013825747882947,0.0196917057037353,0.97891765832901
9759,4.8785539547679946e-05,0.0075878915376961,0.0587580800056457,0.9336051940917968
9760,6.392958312062547e-05,0.0194680951535701,0.1905714273452758,0.789896547794342
9761,5.90997478866484e-05,0.0249867681413888,0.350363552570343,0.6245905756950378
9762,1.052610605256632e-05,0.0031557562761008,0.0653971135616302,0.9314366579055786
9763,7.589350843772991e-06,0.0016134356847032,0.0212528463453054,0.9771261811256408
9764,7.77586828917265e-05,0.012094248086214,0.0852727517485618,0.902555286884308
9765,0.0001124165355577,0.1194867938756942,0.7551797032356262,0.1252210736274719
9766,6.167055744299432e-06,0.0008598186541348,0.0109774293377995,0.9881566166877748
9767,2.549135615481646e-06,0.0003444690664764,0.0043978868052363,0.9952551126480104
9768,3.5592776839621365e-05,0.0049623898230493,0.0344458147883415,0.960556149482727
9769,8.90773480932694e-06,0.0016975137405097,0.0325341299176216,0.9657593369483948
9770,1.4481687685474752e-05,0.0025523251388221,0.0301370341330766,0.9672961831092834
9771,4.248124241712503e-05,0.0179606340825557,0.3388923108577728,0.643104612827301
9772,2.208642399637029e-05,0.0044803800992667,0.0723096653819084,0.9231879115104676
9773,2.507140743546188e-05,0.0061347712762653,0.0974751785397529,0.8963650465011597
9774,7.334007477766136e-06,0.0007250728085637,0.0097013674676418,0.9895663261413574
9775,3.270769184382516e-06,0.0004087689740117,0.0050582466647028,0.994529664516449
9776,6.575054612767417e-06,0.0008884983835741,0.0094041638076305,0.9897006750106812
9777,7.858555363782216e-06,0.0020152083598077,0.0325238108634948,0.9654531478881836
9778,4.437734787643421e-06,0.0007347417995333,0.0120448693633079,0.9872159361839294
9779,0.000154650886543,0.0623906217515468,0.5306167602539062,0.4068379700183868
9780,1.7107417079387233e-05,0.0023117545060813,0.0202850010246038,0.9773861169815063
9781,3.2210493827733444e-06,0.0003337299567647,0.0048280949704349,0.9948350191116332
9782,0.0001170563482446,0.0209554806351661,0.1548412144184112,0.8240862488746643
9783,4.832544800592586e-05,0.0713129490613937,0.8034805655479431,0.1251581311225891
9784,0.0002739525516517,0.1880014538764953,0.7095100283622742,0.1022146195173263
9785,0.0001107970747398,0.07142835855484,0.6671867966651917,0.2612740993499756
9786,9.483839676249772e-06,0.0024319877848029,0.0466108806431293,0.950947642326355
9787,6.340401159832254e-05,0.0113506130874156,0.1146371290087699,0.8739488124847412
9788,3.3717326004989445e-05,0.0156564265489578,0.1937379837036132,0.7905718684196472
9789,0.0002988895867019,0.0665909647941589,0.4410657286643982,0.4920443892478943
9790,7.644651304872241e-06,0.0010330348741263,0.014713286422193,0.9842460751533508
9791,8.842027455102652e-05,0.1081718355417251,0.7868959307670593,0.1048437356948852
9792,2.9678565624635667e-05,0.0043364013545215,0.044485792517662,0.9511480927467346
9793,1.386103485856438e-05,0.0039652800187468,0.0556010119616985,0.940419852733612
9794,5.337018137652194e-06,0.0007677139365114,0.0149455228820443,0.984281361103058
9795,3.380346242920496e-05,0.0130127929151058,0.2306572645902633,0.7562960982322693
9796,1.1424761396483518e-05,0.0023175899405032,0.0330089181661605,0.9646619558334352
9797,0.0014335683081299,0.5874503254890442,0.3913263082504272,0.0197898000478744
9798,2.362751547480002e-05,0.0044328016228973,0.0531653426587581,0.9423782229423524
9799,4.469521172723034e-06,0.0004086693224962,0.0052997046150267,0.9942871928215028
9800,9.190120181301609e-06,0.0035377778112888,0.1171551197767257,0.8792979717254639
9801,6.694317107758252e-06,0.0006217319169081,0.0073412102647125,0.992030382156372
9802,2.328602749912534e-05,0.0034023735206574,0.0383344255387783,0.9582399725914
9803,9.080051313503644e-06,0.0012858881382271,0.0142634389922022,0.984441578388214
9804,9.767815754457844e-06,0.0014725014334544,0.0190956909209489,0.979422092437744
9805,1.7464188204030506e-05,0.0049185906536877,0.0722781643271446,0.922785758972168
9806,0.0021289531141519,0.3694001138210296,0.5632678866386414,0.065202996134758
9807,1.1861982784466818e-05,0.0013288758927956,0.012608022429049,0.9860512018203736
9808,7.560186077171238e-06,0.0009748376323841,0.010318006388843,0.9886996150016784
9809,2.987589869007934e-05,0.0312625765800476,0.6378140449523926,0.3308935761451721
9810,4.731322405859828e-06,0.000591303629335,0.0106461616232991,0.9887577891349792
9811,7.405865289911162e-06,0.0012850107159465,0.0149377565830945,0.9837698936462402
9812,1.259773489437066e-05,0.0012850039638578,0.0149376774206757,0.9837647080421448
9813,3.4333334042457864e-05,0.0039068697951734,0.0400793589651584,0.9559794664382936
9814,1.593654633325059e-05,0.0038390872068703,0.0713152140378952,0.9248297214508056
9815,9.82511028269073e-06,0.002519501838833,0.0426141433417797,0.95485657453537
9816,2.891640724556055e-05,0.0047133737243711,0.0539417043328285,0.94131600856781
9817,6.8672366069222335e-06,0.0013930652057752,0.0275466665625572,0.971053421497345
9818,1.891863939817995e-05,0.0031816256232559,0.0279178787022829,0.9688814878463744
9819,1.7669306544121355e-05,0.003698116634041,0.0479579083621501,0.9483264088630676
9820,2.629687969601946e-06,0.0002724595542531,0.0046083042398095,0.9951165914535522
9821,6.239805225050077e-05,0.0338742025196552,0.3368133008480072,0.6292500495910645
9822,1.6012960259104148e-05,0.0034042275510728,0.0673156753182411,0.9292641878128052
9823,2.598933497210965e-05,0.0070944023318588,0.1199927106499672,0.8728868961334229
9824,3.954383646487258e-05,0.0066502508707344,0.0661238580942154,0.9271864295005798
9825,0.0061855427920818,0.2843880951404571,0.4913785457611084,0.2180479019880294
9826,1.0078380000777544e-05,0.0027084795292466,0.0329960323870182,0.964285373687744
9827,7.785006891936064e-05,0.0229778233915567,0.2394344061613083,0.7375099062919617
9828,6.995284365984844e-06,0.0006703072576783,0.0101627698168158,0.989159882068634
9829,2.6434890969539996e-05,0.0051975091919302,0.0643157437443733,0.9304603338241576
9830,2.285891241626814e-05,0.0027689291164278,0.0266845747828483,0.9705235958099364
9831,0.0001891684369184,0.0421456955373287,0.2880135774612427,0.6696515679359436
9832,0.0002802876697387,0.0840310379862785,0.4542675018310547,0.4614211618900299
9833,3.3210892524948576e-06,0.0003550177498254,0.0054673147387802,0.994174301624298
9834,4.59563761978643e-06,0.0007974009495228,0.0083091091364622,0.9908888339996338
9835,6.8947128966101445e-06,0.0008616764680482,0.0088396705687046,0.9902917742729188
9836,1.6959656932158396e-05,0.002679371042177,0.0283593591302633,0.9689443111419678
9837,2.4374779968638904e-05,0.0039730882272124,0.0388921983540058,0.9571103453636168
9838,9.511604730505496e-06,0.0015026906039565,0.0144816488027572,0.9840062260627748
9839,9.90406442724634e-06,0.0016918372130021,0.0206107962876558,0.977687418460846
9840,7.307812666113023e-06,0.0011545246234163,0.0128063187003135,0.9860318899154664
9841,8.19012348074466e-05,0.0627013966441154,0.613778293132782,0.323438435792923
9842,6.993110218900256e-06,0.0008210223750211,0.0103196017444133,0.9888523817062378
9843,6.957342702662572e-05,0.1059272289276123,0.8075478672981262,0.0864552855491638
9844,2.8782123990822583e-06,0.0004916633479297,0.0078120245598256,0.9916934370994568
9845,1.759750557539519e-05,0.0026117016095668,0.022916954010725,0.9744536876678468
9846,5.817553301312728e-06,0.0006027513300068,0.007117093540728,0.9922742247581482
9847,7.499822822865099e-05,0.1141866296529769,0.8437314033508301,0.0420069135725498
9848,2.521398346289061e-05,0.0037420867010951,0.0366309471428394,0.9596018195152284
9849,1.0119370926986448e-05,0.0013674480142071,0.0151681257411837,0.9834543466567992
9850,0.0001039528942783,0.0087905954569578,0.0659770891070365,0.9251284003257751
9851,1.296113168791635e-05,0.0015699986834079,0.0174148753285408,0.9810022115707396
9852,0.0005481234402395,0.1543727666139602,0.6499336361885071,0.1951454430818557
9853,3.692543396027759e-05,0.0040094144642353,0.0300923306494951,0.9658613204956056
9854,0.0001802113547455,0.0575123690068721,0.5900014638900757,0.3523059785366058
9855,2.484087599441409e-05,0.005710091907531,0.0921562165021896,0.9021088480949402
9856,1.8877111870097e-05,0.0026318703312426,0.0305944830179214,0.9667547345161438
9857,6.65329753246624e-06,0.00103482499253,0.0130069302394986,0.9859516620635986
9858,0.0001278714626096,0.0584557615220546,0.4670308530330658,0.4743854999542236
9859,2.4451786885038015e-05,0.0073307142592966,0.1319862753152847,0.860658586025238
9860,0.0003030150546692,0.0801702216267585,0.5923822522163391,0.3271445333957672
9861,4.339128281571902e-05,0.0089408280327916,0.0931655764579773,0.8978502154350281
9862,5.454062375065405e-06,0.000601535604801,0.0091200973838567,0.99027281999588
9863,6.612604192923754e-05,0.0266771502792835,0.2959106266498565,0.6773461103439331
9864,6.369867151079234e-06,0.0007362565957009,0.0100061343982815,0.98925119638443
9865,0.000121162214782,0.0580468252301216,0.5862521529197693,0.3555799126625061
9866,1.2703787433565594e-05,0.0017437183996662,0.0215773656964302,0.9766661524772644
9867,1.3248110917629674e-05,0.0058699706569314,0.1884060949087143,0.8057106137275696
9868,8.577792323194444e-05,0.0241583809256553,0.1757401227951049,0.8000156879425049
9869,6.051600394130219e-06,0.001017722650431,0.0140492273494601,0.98492693901062
9870,0.0001016539972624,0.0216108299791812,0.1673470139503479,0.8109404444694519
9871,6.758317340427311e-06,0.000793456682004,0.0132122403010725,0.9859874844551086
9872,5.576244802796282e-05,0.0284378342330455,0.4178909063339233,0.5536155104637146
9873,7.129835466912482e-06,0.0012371159391477,0.0215884372591972,0.977167308330536
9874,0.0003193294105585,0.2091063261032104,0.7073975801467896,0.0831767544150352
9875,3.454161196714267e-05,0.0162917599081993,0.3122438788414001,0.6714297533035278
9876,6.947140354895964e-05,0.0145400939509272,0.1915281862020492,0.7938622236251831
9877,0.0001095643092412,0.0268095023930072,0.2707663774490356,0.702314555644989
9878,8.319382322952151e-05,0.0068186926655471,0.042427334934473,0.950670838356018
9879,1.0677143109205645e-05,0.001007251208648,0.0088383480906486,0.990143656730652
9880,5.2470630180323496e-05,0.0058781863190233,0.0507797822356224,0.943289577960968
9881,8.18133594293613e-06,0.001419564592652,0.0243882201611995,0.9741840362548828
9882,5.62153581995517e-05,0.0129220439121127,0.1226009353995323,0.8644207715988159
9883,1.0534474313317332e-05,0.0018278637435287,0.0212482158094644,0.976913332939148
9884,0.0001131126628024,0.0122819300740957,0.0852534919977188,0.902351438999176
9885,6.199344352353364e-05,0.0180139821022748,0.29530930519104,0.6866146922111511
9886,6.078507794882171e-06,0.0006809638580307,0.0100066913291811,0.9893062710762024
9887,6.179421689012088e-06,0.000736916612368,0.0091188559308648,0.990138053894043
9888,2.4196973754442297e-05,0.0033735728356987,0.0315113328397274,0.9650909304618835
9889,1.942528433573898e-05,0.0017761449562385,0.0187993124127388,0.9794050455093384
9890,1.3832883269060405e-05,0.0015019936254248,0.0149344149976968,0.9835498332977296
9891,0.0001286391925532,0.0165872015058994,0.1325230151414871,0.8507610559463501
9892,1.7668737200438045e-05,0.0022081756033003,0.0193761233240365,0.9783980846405028
9893,0.000314043049002,0.1190180033445358,0.576744794845581,0.3039231598377228
9894,1.4337076208903454e-05,0.0045755123719573,0.0672366693615913,0.9281735420227052
9895,0.0002417469513602,0.0960156470537185,0.5525319576263428,0.3512106537818908
9896,2.252193917229306e-05,0.0066474587656557,0.1089740321040153,0.8843559622764587
9897,5.112673989060568e-06,0.0008598195854574,0.010977441444993,0.9881576895713806
9898,6.090197530284058e-06,0.0006021041772328,0.0081829288974404,0.991208791732788
9899,4.188709681329783e-06,0.0005073838401585,0.0075733647681772,0.9919151067733764
9900,0.0002009779855143,0.0337993018329143,0.2203991264104843,0.7456006407737732
9901,9.723432594910264e-05,0.0511618144810199,0.5587032437324524,0.3900377154350281
9902,3.2119755815074318e-06,0.0005074439104646,0.0074568334966897,0.992032527923584
9903,3.531447646309971e-06,0.0004146077553741,0.0064855562523007,0.9930962920188904
9904,8.489724132232368e-05,0.0125998677685856,0.1176908612251281,0.8696243762969971
9905,0.000482813513372,0.0662708505988121,0.3696291446685791,0.5636171102523804
9906,1.2749453162541611e-05,0.0026684110052883,0.047298714518547,0.9500200748443604
9907,3.479519136817544e-06,0.0003661869850475,0.0057281283661723,0.9939022064208984
9908,0.0008751299465075,0.2706948518753052,0.6005627512931824,0.127867192029953
9909,1.761338353389874e-05,0.0024176086299121,0.0222319141030311,0.9753329157829284
9910,3.236268457840197e-05,0.0298855733126401,0.600267767906189,0.3698142766952514
9911,1.5263885870808735e-05,0.00277557852678,0.0243549309670925,0.9728542566299438
9912,1.295324727834668e-05,0.0013420741306617,0.0182395298033952,0.9804054498672484
9913,1.584651727171149e-05,0.0027495694812387,0.033496618270874,0.9637379050254822
9914,3.055097840842791e-05,0.0127163873985409,0.1755443066358566,0.8117086291313171
9915,6.003647740726592e-06,0.000584345369134,0.0068997624330222,0.9925098419189452
9916,5.57121666133753e-06,0.0010452261194586,0.0185270756483078,0.9804220795631408
9917,8.412434544879943e-05,0.0101900901645421,0.0866641849279403,0.9030615091323853
9918,4.472470209293533e-06,0.0003723432018887,0.0046800589188933,0.9949432015419006
9919,2.847389805538114e-05,0.0030917352996766,0.0254854429513216,0.9713943600654602
9920,3.8739693991374224e-05,0.0065150149166584,0.0562811382114887,0.9371650815010072
9921,6.070153631299036e-06,0.0007238860125653,0.0113234836608171,0.9879465699195862
9922,3.1610218229616294e-06,0.0005152464145794,0.0078118368983268,0.9916696548461914
9923,0.0001429897674825,0.0501186251640319,0.3761611878871918,0.5735772848129272
9924,3.061382449232042e-05,0.0079740807414054,0.0986739844083786,0.8933213353157043
9925,9.046383638633416e-05,0.071455143392086,0.6368727684020996,0.2915816307067871
9926,0.0002906849258579,0.219090461730957,0.7072327136993408,0.0733861178159713
9927,1.3814006706525106e-05,0.0037708589807152,0.058986160904169,0.9372292160987854
9928,8.495538349961862e-05,0.0085313348099589,0.0650395676493644,0.9263442158699036
9929,1.7051539543899707e-05,0.007674170192331,0.171955406665802,0.8203533887863159
9930,5.003334445063956e-05,0.0785951018333435,0.7937823534011841,0.1275724321603775
9931,4.068896032549674e-06,0.0004852293932344,0.005382303148508,0.9941284656524658
9932,7.330239895964041e-06,0.0009305336861871,0.0100041795521974,0.989057958126068
9933,7.800919411238283e-05,0.0103780860081315,0.0698218122124672,0.919722020626068
9934,6.548050805577077e-06,0.0009419173002243,0.0134155191481113,0.9856359958648682
9935,0.0001501855585956,0.0909551307559013,0.6616530418395996,0.2472416907548904
9936,7.297025149455294e-06,0.0009263172396458,0.0144900390878319,0.9845763444900512
9937,5.296034942148253e-06,0.0005487173330038,0.0073417564854025,0.992104172706604
9938,5.76642469241051e-06,0.0010323078604415,0.0154085401445627,0.983553409576416
9939,6.674586074950639e-06,0.0007247358444146,0.0101622212678194,0.9891064763069152
9940,6.752406534360489e-06,0.0010339575819671,0.0138341998681426,0.9851251840591432
9941,0.0001312445965595,0.0161481816321611,0.1020596548914909,0.8816608786582947
9942,5.962774230283685e-05,0.0951415300369262,0.8479872345924377,0.0568116046488285
9943,1.5199248991848435e-05,0.0012852983782067,0.0147094605490565,0.9839900732040404
9944,5.284169674268924e-05,0.0158420894294977,0.1841582357883453,0.7999469041824341
9945,0.0001659282279433,0.0746772214770317,0.551794171333313,0.37336266040802
9946,4.704992170445621e-05,0.0251461248844862,0.3160668611526489,0.6587399244308472
9947,7.312856723729055e-06,0.0010519323404878,0.0122283101081848,0.9867124557495116
9948,5.620505180559121e-05,0.0097522819414734,0.0984945595264434,0.8916969895362854
9949,1.3897663848183583e-05,0.0030483196023851,0.0540327616035938,0.9429050087928772
9950,1.3733702871832064e-05,0.0019147702259942,0.0215736478567123,0.9764978885650636
9951,2.297156424901914e-05,0.005890711210668,0.1060596629977226,0.8880266547203064
9952,2.4676619432284497e-06,0.000240181791014,0.0057288561947643,0.9940284490585328
9953,2.5016346626216542e-05,0.0056612752377986,0.0858326256275177,0.9084811806678772
9954,2.7999552912660874e-05,0.0056798974983394,0.0538893714547157,0.9404027462005616
9955,0.0006994254072196,0.1104987189173698,0.4652169644832611,0.4235848486423492
9956,1.2887899174529592e-05,0.0019428549567237,0.0225849449634552,0.9754593372344972
9957,1.689321652520448e-05,0.0033214676659554,0.0315132103860378,0.9651483297348022
9958,0.0001280511496588,0.0728515982627868,0.6005221009254456,0.3264982104301452
9959,3.363802170497365e-05,0.0062130484730005,0.0571341291069984,0.9366191029548644
9960,0.0006940350867807,0.1620479226112365,0.5149872899055481,0.3222708106040954
9961,8.699945465195924e-05,0.0171054396778345,0.1324587911367416,0.8503487706184387
9962,9.521820902591573e-05,0.0525053963065147,0.5471187233924866,0.400280624628067
9963,3.044066943402868e-05,0.0039869407191872,0.0355352200567722,0.960447371006012
9964,2.513292020012159e-05,0.0029049706645309,0.025490304455161,0.9715796709060668
9965,5.333066656021401e-05,0.0215151272714138,0.2878692150115967,0.6905623078346252
9966,5.145043178345077e-05,0.0085184853523969,0.0808211341500282,0.9106089472770692
9967,1.246259216713952e-05,0.0024123499169945,0.0243638716638088,0.9732113480567932
9968,1.549760054331273e-05,0.002486944431439,0.0401372537016868,0.9573603868484496
9969,5.901081385673024e-05,0.0325398482382297,0.5251665115356445,0.4422345757484436
9970,6.7089140429743566e-06,0.0005006649298593,0.0052992049604654,0.9941934943199158
9971,0.0020842193625867,0.1507532298564911,0.5020849704742432,0.3450776040554046
9972,3.4336786484345794e-05,0.0101346680894494,0.105605661869049,0.8842253684997559
9973,7.151889349188423e-06,0.001280334428884,0.0185226872563362,0.980189859867096
9974,0.000367240369087,0.0818191543221473,0.3842857182025909,0.5335278511047363
9975,1.2150508155173156e-05,0.0027070671785622,0.0334981717169284,0.9637826681137084
9976,3.931257651856868e-06,0.0005654994747601,0.0084408177062869,0.9909896850585938
9977,4.140535747865215e-05,0.0195290874689817,0.2003428190946579,0.7800866365432739
9978,4.503906438912964e-06,0.000781484413892,0.0128111373633146,0.9864029288291932
9979,6.779971499781823e-06,0.0014190215151757,0.0247628036886453,0.9738113880157472
9980,1.2524938938440757e-05,0.0025407683569937,0.0345304496586322,0.9629163146018982
9981,1.1981472198385744e-05,0.0012031958904117,0.0182420834898948,0.980542778968811
9982,1.3437923371384386e-05,0.0023683665785938,0.0271045211702585,0.9705137014389038
9983,4.421116318553686e-05,0.0108181145042181,0.1297483742237091,0.8593893051147461
9984,7.65225831855787e-06,0.0016524279490113,0.0283888261765241,0.969951033592224
9985,2.230339487141464e-05,0.003635452594608,0.0344922132790088,0.9618500471115112
9986,7.698233275732491e-06,0.0024954909458756,0.0664025545120239,0.931094229221344
9987,8.22814672574168e-06,0.0014276867732405,0.0188060868531465,0.9797579050064088
9988,0.0006626488175243,0.1726022511720657,0.6119281053543091,0.2148069888353347
9989,0.0003548641689121,0.0778360664844513,0.41425421833992,0.5075548887252808
9990,3.328593447804451e-05,0.0031895488500595,0.0254828203469514,0.9712943434715272
9991,3.088415542151779e-05,0.0045836144126951,0.0360529236495494,0.9593326449394226
9992,6.074037173675606e-06,0.0007710657082498,0.0106442337855696,0.9885786771774292
9993,7.15272426532465e-06,0.0014509782195091,0.0182376485317945,0.9803043007850648
9994,4.1760949898161925e-06,0.0007476063910871,0.0103203887119889,0.9889278411865234
9995,9.340069482277611e-06,0.0021807816810905,0.0315495207905769,0.9662603735923768
9996,1.2297216926526744e-05,0.0024558983277529,0.0372347570955753,0.9602971076965332
9997,4.245365289534675e-06,0.0005474126082845,0.0097031211480498,0.9897451996803284
9998,3.0142666219035164e-05,0.0033768264111131,0.030571287497878,0.966021716594696
9999,1.5521180102950893e-05,0.0020648862700909,0.0240035112947225,0.9739160537719728
