id,same_figure,same_paper,related_papers,unrelated_papers,Usage
0,0,1,0,0,Public
1,1,0,0,0,Public
2,0,1,0,0,Public
3,0,1,0,0,Public
4,0,0,1,0,Public
5,1,0,0,0,Public
6,0,0,0,1,Public
7,0,1,0,0,Public
8,0,0,1,0,Public
9,0,1,0,0,Public
10,0,1,0,0,Public
11,1,0,0,0,Public
12,0,1,0,0,Public
13,0,1,0,0,Public
14,0,0,0,1,Public
15,0,0,0,1,Public
16,0,0,0,1,Public
17,0,0,0,1,Public
18,0,1,0,0,Public
19,0,0,0,1,Public
20,0,0,1,0,Public
21,0,1,0,0,Public
22,0,0,1,0,Public
23,0,0,0,1,Public
24,0,0,0,1,Public
25,0,0,1,0,Public
26,0,1,0,0,Public
27,0,0,1,0,Public
28,0,0,0,1,Public
29,0,1,0,0,Public
30,0,0,0,1,Public
31,0,0,1,0,Public
32,0,1,0,0,Public
33,0,1,0,0,Public
34,0,0,0,1,Public
35,0,1,0,0,Public
36,0,1,0,0,Public
37,1,0,0,0,Public
38,0,0,0,1,Public
39,0,1,0,0,Public
40,0,1,0,0,Public
41,1,0,0,0,Public
42,0,0,1,0,Public
43,0,0,1,0,Public
44,0,1,0,0,Public
45,0,1,0,0,Public
46,0,1,0,0,Public
47,0,1,0,0,Public
48,1,0,0,0,Public
49,0,0,1,0,Public
50,0,1,0,0,Public
51,0,0,0,1,Public
52,0,0,0,1,Public
53,1,0,0,0,Public
54,0,1,0,0,Public
55,0,0,1,0,Public
56,0,1,0,0,Public
57,0,0,1,0,Public
58,0,1,0,0,Public
59,0,0,1,0,Public
60,0,1,0,0,Public
61,0,1,0,0,Public
62,0,1,0,0,Public
63,0,1,0,0,Public
64,0,0,1,0,Public
65,0,0,1,0,Public
66,0,0,1,0,Public
67,0,0,0,1,Public
68,0,0,0,1,Public
69,0,0,0,1,Public
70,0,0,0,1,Public
71,0,1,0,0,Public
72,0,0,0,1,Public
73,0,1,0,0,Public
74,0,1,0,0,Public
75,0,1,0,0,Public
76,0,0,0,1,Public
77,1,0,0,0,Public
78,0,0,0,1,Public
79,0,0,1,0,Public
80,0,0,0,1,Public
81,0,1,0,0,Public
82,0,0,1,0,Public
83,0,0,1,0,Public
84,0,1,0,0,Public
85,0,0,0,1,Public
86,0,0,1,0,Public
87,0,0,0,1,Public
88,0,1,0,0,Public
89,0,0,0,1,Public
90,0,0,1,0,Public
91,0,0,0,1,Public
92,0,1,0,0,Public
93,0,1,0,0,Public
94,0,1,0,0,Public
95,0,0,1,0,Public
96,0,1,0,0,Public
97,0,0,1,0,Public
98,0,0,1,0,Public
99,0,0,1,0,Public
100,0,1,0,0,Public
101,0,0,0,1,Public
102,0,0,0,1,Public
103,0,0,1,0,Public
104,0,1,0,0,Public
105,0,0,0,1,Public
106,0,1,0,0,Public
107,0,1,0,0,Public
108,0,1,0,0,Public
109,0,0,0,1,Public
110,0,0,0,1,Public
111,0,0,1,0,Public
112,0,0,1,0,Public
113,0,0,1,0,Public
114,0,1,0,0,Public
115,0,0,1,0,Public
116,0,0,0,1,Public
117,1,0,0,0,Public
118,0,0,0,1,Public
119,0,0,0,1,Public
120,0,0,1,0,Public
121,0,0,1,0,Public
122,1,0,0,0,Public
123,0,0,1,0,Public
124,0,0,1,0,Public
125,0,0,0,1,Public
126,0,1,0,0,Public
127,0,0,0,1,Public
128,0,0,0,1,Public
129,0,1,0,0,Public
130,1,0,0,0,Public
131,0,0,1,0,Public
132,0,0,1,0,Public
133,0,1,0,0,Public
134,0,0,1,0,Public
135,0,1,0,0,Public
136,0,0,1,0,Public
137,0,0,0,1,Public
138,1,0,0,0,Public
139,0,0,0,1,Public
140,0,1,0,0,Public
141,0,0,1,0,Public
142,0,1,0,0,Public
143,0,0,0,1,Public
144,0,1,0,0,Public
145,0,0,0,1,Public
146,0,1,0,0,Public
147,0,0,0,1,Public
148,0,1,0,0,Public
149,0,0,1,0,Public
150,0,0,0,1,Public
151,0,0,0,1,Public
152,0,0,0,1,Public
153,0,0,0,1,Public
154,0,0,0,1,Public
155,1,0,0,0,Public
156,0,0,1,0,Public
157,0,1,0,0,Public
158,0,1,0,0,Public
159,0,0,1,0,Public
160,0,0,0,1,Public
161,0,0,1,0,Public
162,0,1,0,0,Public
163,0,1,0,0,Public
164,0,0,0,1,Public
165,0,1,0,0,Public
166,0,0,0,1,Public
167,0,1,0,0,Public
168,0,1,0,0,Public
169,0,1,0,0,Public
170,0,1,0,0,Public
171,0,1,0,0,Public
172,0,0,0,1,Public
173,0,0,1,0,Public
174,0,1,0,0,Public
175,0,0,0,1,Public
176,0,0,1,0,Public
177,0,0,0,1,Public
178,0,1,0,0,Public
179,0,0,1,0,Public
180,0,1,0,0,Public
181,0,0,1,0,Public
182,0,0,0,1,Public
183,1,0,0,0,Public
184,0,0,0,1,Public
185,0,1,0,0,Public
186,0,0,1,0,Public
187,0,0,1,0,Public
188,0,1,0,0,Public
189,0,0,0,1,Public
190,0,0,0,1,Public
191,0,0,0,1,Public
192,0,0,0,1,Public
193,0,0,1,0,Public
194,0,0,0,1,Public
195,0,1,0,0,Public
196,0,1,0,0,Public
197,1,0,0,0,Public
198,0,1,0,0,Public
199,0,0,1,0,Public
200,0,0,0,1,Public
201,1,0,0,0,Public
202,0,0,1,0,Public
203,0,0,1,0,Public
204,0,0,1,0,Public
205,0,0,1,0,Public
206,0,0,0,1,Public
207,0,0,0,1,Public
208,0,0,1,0,Public
209,0,0,0,1,Public
210,0,0,0,1,Public
211,0,1,0,0,Public
212,0,0,0,1,Public
213,0,0,1,0,Public
214,0,1,0,0,Public
215,0,0,0,1,Public
216,0,0,0,1,Public
217,0,0,0,1,Public
218,1,0,0,0,Public
219,0,0,0,1,Public
220,0,1,0,0,Public
221,0,1,0,0,Public
222,0,1,0,0,Public
223,0,1,0,0,Public
224,0,0,1,0,Public
225,0,0,0,1,Public
226,0,0,1,0,Public
227,0,0,0,1,Public
228,0,0,1,0,Public
229,0,0,1,0,Public
230,0,1,0,0,Public
231,0,0,1,0,Public
232,0,0,1,0,Public
233,0,0,1,0,Public
234,0,1,0,0,Public
235,1,0,0,0,Public
236,0,1,0,0,Public
237,0,0,1,0,Public
238,0,0,1,0,Public
239,0,0,0,1,Public
240,1,0,0,0,Public
241,0,1,0,0,Public
242,0,1,0,0,Public
243,0,0,0,1,Public
244,0,1,0,0,Public
245,0,0,0,1,Public
246,0,1,0,0,Public
247,0,1,0,0,Public
248,0,0,1,0,Public
249,0,0,1,0,Public
250,0,0,1,0,Public
251,0,0,0,1,Public
252,0,0,1,0,Public
253,0,0,1,0,Public
254,0,0,0,1,Public
255,0,1,0,0,Public
256,0,0,1,0,Public
257,0,1,0,0,Public
258,0,0,0,1,Public
259,0,0,1,0,Public
260,0,0,1,0,Public
261,0,0,0,1,Public
262,0,0,1,0,Public
263,0,1,0,0,Public
264,0,0,1,0,Public
265,1,0,0,0,Public
266,0,1,0,0,Public
267,0,0,0,1,Public
268,0,0,0,1,Public
269,0,1,0,0,Public
270,0,0,0,1,Public
271,0,1,0,0,Public
272,0,1,0,0,Public
273,0,1,0,0,Public
274,0,0,1,0,Public
275,0,0,1,0,Public
276,0,0,0,1,Public
277,0,0,1,0,Public
278,0,1,0,0,Public
279,0,0,0,1,Public
280,1,0,0,0,Public
281,0,0,0,1,Public
282,1,0,0,0,Public
283,0,0,0,1,Public
284,0,0,0,1,Public
285,0,0,1,0,Public
286,1,0,0,0,Public
287,1,0,0,0,Public
288,0,0,1,0,Public
289,0,0,0,1,Public
290,0,1,0,0,Public
291,0,1,0,0,Public
292,0,0,0,1,Public
293,1,0,0,0,Public
294,1,0,0,0,Public
295,0,1,0,0,Public
296,0,1,0,0,Public
297,0,1,0,0,Public
298,0,1,0,0,Public
299,0,1,0,0,Public
300,0,0,1,0,Public
301,0,1,0,0,Public
302,0,0,1,0,Public
303,0,0,1,0,Public
304,0,0,1,0,Public
305,0,1,0,0,Public
306,1,0,0,0,Public
307,0,0,0,1,Public
308,0,0,0,1,Public
309,0,0,0,1,Public
310,0,0,1,0,Public
311,0,0,0,1,Public
312,0,0,1,0,Public
313,0,0,0,1,Public
314,0,1,0,0,Public
315,0,1,0,0,Public
316,0,0,0,1,Public
317,0,0,0,1,Public
318,1,0,0,0,Public
319,0,1,0,0,Public
320,0,0,1,0,Public
321,0,0,1,0,Public
322,0,0,1,0,Public
323,0,1,0,0,Public
324,0,0,1,0,Public
325,0,1,0,0,Public
326,0,0,1,0,Public
327,0,0,1,0,Public
328,0,0,1,0,Public
329,0,0,1,0,Public
330,0,1,0,0,Public
331,0,0,0,1,Public
332,0,0,1,0,Public
333,0,0,1,0,Public
334,0,1,0,0,Public
335,0,0,1,0,Public
336,0,0,0,1,Public
337,0,0,1,0,Public
338,0,0,1,0,Public
339,0,1,0,0,Public
340,0,1,0,0,Public
341,0,0,0,1,Public
342,0,0,0,1,Public
343,0,0,0,1,Public
344,0,0,0,1,Public
345,0,1,0,0,Public
346,0,0,1,0,Public
347,0,0,1,0,Public
348,0,1,0,0,Public
349,0,1,0,0,Public
350,0,0,1,0,Public
351,0,1,0,0,Public
352,0,0,0,1,Public
353,0,0,0,1,Public
354,0,0,0,1,Public
355,0,0,0,1,Public
356,0,0,0,1,Public
357,0,1,0,0,Public
358,0,1,0,0,Public
359,0,1,0,0,Public
360,0,1,0,0,Public
361,0,0,1,0,Public
362,0,0,1,0,Public
363,0,0,0,1,Public
364,0,0,1,0,Public
365,0,0,0,1,Public
366,1,0,0,0,Public
367,0,1,0,0,Public
368,0,0,0,1,Public
369,0,0,1,0,Public
370,0,0,0,1,Public
371,0,1,0,0,Public
372,1,0,0,0,Public
373,0,1,0,0,Public
374,0,1,0,0,Public
375,1,0,0,0,Public
376,0,0,0,1,Public
377,1,0,0,0,Public
378,0,0,1,0,Public
379,0,1,0,0,Public
380,0,0,0,1,Public
381,0,1,0,0,Public
382,0,0,0,1,Public
383,0,0,0,1,Public
384,0,0,0,1,Public
385,1,0,0,0,Public
386,0,1,0,0,Public
387,0,0,1,0,Public
388,0,0,0,1,Public
389,0,0,0,1,Public
390,0,0,0,1,Public
391,0,0,0,1,Public
392,0,0,1,0,Public
393,0,0,1,0,Public
394,0,1,0,0,Public
395,0,0,1,0,Public
396,0,1,0,0,Public
397,0,1,0,0,Public
398,0,0,1,0,Public
399,1,0,0,0,Public
400,0,0,0,1,Public
401,1,0,0,0,Public
402,0,1,0,0,Public
403,0,1,0,0,Public
404,0,0,0,1,Public
405,0,0,1,0,Public
406,0,0,1,0,Public
407,0,0,0,1,Public
408,0,1,0,0,Public
409,0,1,0,0,Public
410,0,0,1,0,Public
411,0,0,0,1,Public
412,0,1,0,0,Public
413,0,1,0,0,Public
414,0,0,0,1,Public
415,0,0,0,1,Public
416,0,0,1,0,Public
417,0,1,0,0,Public
418,0,0,0,1,Public
419,0,0,0,1,Public
420,0,0,1,0,Public
421,0,1,0,0,Public
422,0,0,0,1,Public
423,0,0,0,1,Public
424,0,1,0,0,Public
425,0,0,1,0,Public
426,0,0,0,1,Public
427,0,0,1,0,Public
428,0,0,1,0,Public
429,0,1,0,0,Public
430,0,0,1,0,Public
431,1,0,0,0,Public
432,0,1,0,0,Public
433,0,1,0,0,Public
434,1,0,0,0,Public
435,0,1,0,0,Public
436,1,0,0,0,Public
437,0,1,0,0,Public
438,0,0,0,1,Public
439,0,0,0,1,Public
440,0,0,1,0,Public
441,0,1,0,0,Public
442,1,0,0,0,Public
443,0,0,0,1,Public
444,0,0,1,0,Public
445,1,0,0,0,Public
446,0,1,0,0,Public
447,0,1,0,0,Public
448,0,0,0,1,Public
449,0,1,0,0,Public
450,0,0,0,1,Public
451,0,0,0,1,Public
452,0,0,1,0,Public
453,0,0,0,1,Public
454,0,1,0,0,Public
455,0,0,1,0,Public
456,0,1,0,0,Public
457,0,0,0,1,Public
458,1,0,0,0,Public
459,0,0,1,0,Public
460,0,0,1,0,Public
461,0,0,1,0,Public
462,0,0,1,0,Public
463,0,0,1,0,Public
464,0,0,0,1,Public
465,0,0,0,1,Public
466,0,0,0,1,Public
467,0,0,1,0,Public
468,0,1,0,0,Public
469,0,1,0,0,Public
470,0,0,0,1,Public
471,1,0,0,0,Public
472,0,0,0,1,Public
473,0,0,1,0,Public
474,0,1,0,0,Public
475,0,0,1,0,Public
476,0,1,0,0,Public
477,0,1,0,0,Public
478,0,1,0,0,Public
479,0,1,0,0,Public
480,0,0,1,0,Public
481,0,0,0,1,Public
482,0,1,0,0,Public
483,0,0,0,1,Public
484,0,1,0,0,Public
485,1,0,0,0,Public
486,0,1,0,0,Public
487,0,0,1,0,Public
488,0,0,1,0,Public
489,1,0,0,0,Public
490,0,0,1,0,Public
491,0,0,1,0,Public
492,0,0,1,0,Public
493,0,1,0,0,Public
494,0,0,1,0,Public
495,0,0,1,0,Public
496,0,0,0,1,Public
497,0,1,0,0,Public
498,0,0,1,0,Public
499,0,0,1,0,Public
500,0,1,0,0,Public
501,0,1,0,0,Public
502,0,0,0,1,Public
503,0,0,0,1,Public
504,0,1,0,0,Public
505,0,0,0,1,Public
506,0,1,0,0,Public
507,0,0,0,1,Public
508,1,0,0,0,Public
509,0,0,1,0,Public
510,0,1,0,0,Public
511,0,0,1,0,Public
512,0,1,0,0,Public
513,0,0,1,0,Public
514,0,0,1,0,Public
515,0,1,0,0,Public
516,0,0,1,0,Public
517,0,0,1,0,Public
518,0,1,0,0,Public
519,0,1,0,0,Public
520,1,0,0,0,Public
521,0,0,1,0,Public
522,0,0,1,0,Public
523,1,0,0,0,Public
524,0,0,1,0,Public
525,0,1,0,0,Public
526,0,0,0,1,Public
527,0,0,1,0,Public
528,0,0,1,0,Public
529,0,0,1,0,Public
530,0,0,1,0,Public
531,0,0,0,1,Public
532,0,0,0,1,Public
533,0,1,0,0,Public
534,1,0,0,0,Public
535,1,0,0,0,Public
536,0,0,1,0,Public
537,0,0,0,1,Public
538,0,0,0,1,Public
539,0,0,0,1,Public
540,0,0,1,0,Public
541,0,0,0,1,Public
542,1,0,0,0,Public
543,0,1,0,0,Public
544,0,0,0,1,Public
545,0,1,0,0,Public
546,0,0,0,1,Public
547,1,0,0,0,Public
548,0,0,0,1,Public
549,0,1,0,0,Public
550,0,0,1,0,Public
551,0,1,0,0,Public
552,0,0,0,1,Public
553,0,1,0,0,Public
554,1,0,0,0,Public
555,0,0,0,1,Public
556,0,0,1,0,Public
557,0,1,0,0,Public
558,1,0,0,0,Public
559,0,1,0,0,Public
560,0,0,0,1,Public
561,0,0,0,1,Public
562,1,0,0,0,Public
563,0,0,1,0,Public
564,0,0,1,0,Public
565,0,1,0,0,Public
566,0,0,0,1,Public
567,0,0,1,0,Public
568,1,0,0,0,Public
569,0,0,1,0,Public
570,0,0,0,1,Public
571,0,1,0,0,Public
572,0,0,1,0,Public
573,0,0,1,0,Public
574,0,0,0,1,Public
575,0,0,1,0,Public
576,0,1,0,0,Public
577,0,1,0,0,Public
578,0,0,1,0,Public
579,0,0,0,1,Public
580,0,0,1,0,Public
581,0,0,1,0,Public
582,0,1,0,0,Public
583,0,0,1,0,Public
584,0,0,1,0,Public
585,0,0,1,0,Public
586,0,0,0,1,Public
587,0,0,0,1,Public
588,0,0,0,1,Public
589,0,0,0,1,Public
590,0,1,0,0,Public
591,0,0,1,0,Public
592,0,1,0,0,Public
593,0,0,1,0,Public
594,0,0,1,0,Public
595,0,1,0,0,Public
596,0,0,1,0,Public
597,0,1,0,0,Public
598,0,1,0,0,Public
599,0,1,0,0,Public
600,0,1,0,0,Public
601,0,0,1,0,Public
602,0,0,0,1,Public
603,0,0,0,1,Public
604,0,0,0,1,Public
605,0,1,0,0,Public
606,0,0,0,1,Public
607,0,1,0,0,Public
608,0,0,0,1,Public
609,0,0,1,0,Public
610,0,0,1,0,Public
611,0,0,1,0,Public
612,0,1,0,0,Public
613,0,1,0,0,Public
614,0,0,0,1,Public
615,0,0,0,1,Public
616,1,0,0,0,Public
617,0,1,0,0,Public
618,0,0,0,1,Public
619,1,0,0,0,Public
620,0,0,0,1,Public
621,0,1,0,0,Public
622,0,1,0,0,Public
623,0,0,0,1,Public
624,0,1,0,0,Public
625,0,0,0,1,Public
626,0,0,0,1,Public
627,0,1,0,0,Public
628,0,0,0,1,Public
629,0,1,0,0,Public
630,0,0,1,0,Public
631,0,0,0,1,Public
632,0,0,0,1,Public
633,0,0,1,0,Public
634,0,0,1,0,Public
635,0,0,0,1,Public
636,1,0,0,0,Public
637,0,0,1,0,Public
638,0,0,0,1,Public
639,0,0,1,0,Public
640,0,0,1,0,Public
641,0,0,0,1,Public
642,0,0,0,1,Public
643,0,0,0,1,Public
644,0,1,0,0,Public
645,0,0,0,1,Public
646,0,1,0,0,Public
647,0,1,0,0,Public
648,0,1,0,0,Public
649,0,0,1,0,Public
650,0,1,0,0,Public
651,0,0,1,0,Public
652,1,0,0,0,Public
653,0,0,1,0,Public
654,0,0,1,0,Public
655,0,0,0,1,Public
656,0,0,1,0,Public
657,0,1,0,0,Public
658,0,0,0,1,Public
659,0,0,0,1,Public
660,0,0,0,1,Public
661,1,0,0,0,Public
662,0,0,0,1,Public
663,0,0,0,1,Public
664,0,1,0,0,Public
665,0,0,1,0,Public
666,0,1,0,0,Public
667,0,1,0,0,Public
668,0,0,1,0,Public
669,0,0,1,0,Public
670,0,1,0,0,Public
671,0,0,1,0,Public
672,0,1,0,0,Public
673,0,0,0,1,Public
674,1,0,0,0,Public
675,1,0,0,0,Public
676,0,1,0,0,Public
677,0,1,0,0,Public
678,0,1,0,0,Public
679,0,0,1,0,Public
680,0,1,0,0,Public
681,0,0,0,1,Public
682,0,0,1,0,Public
683,0,0,0,1,Public
684,0,0,1,0,Public
685,0,0,0,1,Public
686,0,0,0,1,Public
687,0,0,0,1,Public
688,0,1,0,0,Public
689,0,0,1,0,Public
690,0,0,1,0,Public
691,0,0,0,1,Public
692,0,0,0,1,Public
693,0,0,0,1,Public
694,0,1,0,0,Public
695,0,1,0,0,Public
696,0,0,1,0,Public
697,0,0,0,1,Public
698,0,0,0,1,Public
699,0,0,0,1,Public
700,0,0,1,0,Public
701,0,0,1,0,Public
702,0,0,0,1,Public
703,0,1,0,0,Public
704,0,0,0,1,Public
705,1,0,0,0,Public
706,0,0,0,1,Public
707,0,0,1,0,Public
708,0,0,0,1,Public
709,0,0,1,0,Public
710,0,1,0,0,Public
711,0,0,1,0,Public
712,0,0,1,0,Public
713,1,0,0,0,Public
714,0,1,0,0,Public
715,1,0,0,0,Public
716,0,1,0,0,Public
717,0,1,0,0,Public
718,0,0,1,0,Public
719,0,1,0,0,Public
720,0,0,0,1,Public
721,0,1,0,0,Public
722,1,0,0,0,Public
723,0,1,0,0,Public
724,0,0,0,1,Public
725,0,0,0,1,Public
726,0,0,1,0,Public
727,0,0,0,1,Public
728,0,0,0,1,Public
729,1,0,0,0,Public
730,0,0,1,0,Public
731,0,1,0,0,Public
732,0,0,1,0,Public
733,0,1,0,0,Public
734,0,1,0,0,Public
735,0,1,0,0,Public
736,0,0,1,0,Public
737,0,0,0,1,Public
738,0,0,0,1,Public
739,0,1,0,0,Public
740,0,0,0,1,Public
741,0,0,1,0,Public
742,0,0,0,1,Public
743,0,0,1,0,Public
744,0,0,1,0,Public
745,0,0,1,0,Public
746,0,1,0,0,Public
747,0,0,0,1,Public
748,0,0,0,1,Public
749,0,1,0,0,Public
750,0,0,0,1,Public
751,0,0,1,0,Public
752,0,1,0,0,Public
753,0,0,1,0,Public
754,0,1,0,0,Public
755,0,1,0,0,Public
756,0,1,0,0,Public
757,0,1,0,0,Public
758,0,1,0,0,Public
759,0,0,0,1,Public
760,0,0,0,1,Public
761,0,1,0,0,Public
762,0,0,0,1,Public
763,0,1,0,0,Public
764,0,0,1,0,Public
765,1,0,0,0,Public
766,0,0,0,1,Public
767,0,1,0,0,Public
768,0,0,1,0,Public
769,1,0,0,0,Public
770,0,0,1,0,Public
771,0,1,0,0,Public
772,0,0,0,1,Public
773,0,0,1,0,Public
774,0,0,1,0,Public
775,0,0,0,1,Public
776,0,1,0,0,Public
777,0,1,0,0,Public
778,0,1,0,0,Public
779,0,1,0,0,Public
780,0,0,0,1,Public
781,0,1,0,0,Public
782,0,0,0,1,Public
783,0,1,0,0,Public
784,0,0,1,0,Public
785,0,0,0,1,Public
786,0,1,0,0,Public
787,0,0,0,1,Public
788,0,0,0,1,Public
789,0,0,1,0,Public
790,0,0,0,1,Public
791,0,0,1,0,Public
792,0,0,0,1,Public
793,0,0,0,1,Public
794,0,0,0,1,Public
795,0,1,0,0,Public
796,0,0,0,1,Public
797,0,0,0,1,Public
798,0,0,1,0,Public
799,0,0,0,1,Public
800,0,0,1,0,Public
801,0,0,1,0,Public
802,1,0,0,0,Public
803,0,1,0,0,Public
804,1,0,0,0,Public
805,0,0,0,1,Public
806,0,1,0,0,Public
807,1,0,0,0,Public
808,0,0,0,1,Public
809,1,0,0,0,Public
810,0,1,0,0,Public
811,0,0,0,1,Public
812,0,1,0,0,Public
813,0,0,1,0,Public
814,0,0,1,0,Public
815,1,0,0,0,Public
816,0,0,0,1,Public
817,0,0,1,0,Public
818,0,1,0,0,Public
819,0,1,0,0,Public
820,0,1,0,0,Public
821,0,0,1,0,Public
822,1,0,0,0,Public
823,0,1,0,0,Public
824,1,0,0,0,Public
825,0,0,1,0,Public
826,0,0,0,1,Public
827,0,1,0,0,Public
828,0,1,0,0,Public
829,0,1,0,0,Public
830,0,0,1,0,Public
831,0,0,0,1,Public
832,1,0,0,0,Public
833,0,0,1,0,Public
834,1,0,0,0,Public
835,0,0,1,0,Public
836,0,1,0,0,Public
837,0,0,1,0,Public
838,0,0,1,0,Public
839,0,0,0,1,Public
840,0,0,0,1,Public
841,0,0,1,0,Public
842,0,0,1,0,Public
843,0,0,1,0,Public
844,0,0,1,0,Public
845,0,0,1,0,Public
846,0,0,1,0,Public
847,0,0,0,1,Public
848,0,0,1,0,Public
849,0,0,0,1,Public
850,0,1,0,0,Public
851,0,0,1,0,Public
852,0,0,0,1,Public
853,0,0,1,0,Public
854,0,1,0,0,Public
855,0,1,0,0,Public
856,0,1,0,0,Public
857,0,0,1,0,Public
858,0,0,0,1,Public
859,0,0,0,1,Public
860,0,1,0,0,Public
861,0,0,1,0,Public
862,0,0,0,1,Public
863,0,0,1,0,Public
864,0,0,0,1,Public
865,0,1,0,0,Public
866,1,0,0,0,Public
867,1,0,0,0,Public
868,1,0,0,0,Public
869,0,0,0,1,Public
870,0,0,1,0,Public
871,0,0,0,1,Public
872,0,1,0,0,Public
873,0,0,1,0,Public
874,0,0,1,0,Public
875,0,0,0,1,Public
876,1,0,0,0,Public
877,0,1,0,0,Public
878,0,0,1,0,Public
879,0,0,1,0,Public
880,0,1,0,0,Public
881,0,0,0,1,Public
882,0,1,0,0,Public
883,0,1,0,0,Public
884,0,0,0,1,Public
885,0,1,0,0,Public
886,0,1,0,0,Public
887,0,0,1,0,Public
888,0,0,1,0,Public
889,0,0,1,0,Public
890,0,0,1,0,Public
891,0,0,1,0,Public
892,0,1,0,0,Public
893,0,0,1,0,Public
894,0,0,1,0,Public
895,0,0,0,1,Public
896,0,1,0,0,Public
897,0,0,1,0,Public
898,0,1,0,0,Public
899,0,1,0,0,Public
900,0,1,0,0,Public
901,0,0,1,0,Public
902,0,0,1,0,Public
903,0,1,0,0,Public
904,1,0,0,0,Public
905,0,0,0,1,Public
906,0,0,1,0,Public
907,0,0,0,1,Public
908,0,1,0,0,Public
909,0,0,0,1,Public
910,0,0,0,1,Public
911,0,0,1,0,Public
912,0,0,0,1,Public
913,0,0,1,0,Public
914,0,0,0,1,Public
915,0,1,0,0,Public
916,0,1,0,0,Public
917,0,1,0,0,Public
918,0,0,0,1,Public
919,0,0,0,1,Public
920,0,1,0,0,Public
921,0,0,1,0,Public
922,0,1,0,0,Public
923,0,0,1,0,Public
924,0,0,0,1,Public
925,0,1,0,0,Public
926,0,1,0,0,Public
927,0,0,0,1,Public
928,0,1,0,0,Public
929,0,1,0,0,Public
930,0,1,0,0,Public
931,0,1,0,0,Public
932,0,0,0,1,Public
933,1,0,0,0,Public
934,0,0,1,0,Public
935,0,0,0,1,Public
936,1,0,0,0,Public
937,0,0,1,0,Public
938,0,0,0,1,Public
939,0,0,0,1,Public
940,0,0,1,0,Public
941,0,0,1,0,Public
942,0,0,1,0,Public
943,1,0,0,0,Public
944,0,0,1,0,Public
945,0,0,0,1,Public
946,0,0,0,1,Public
947,1,0,0,0,Public
948,1,0,0,0,Public
949,0,0,0,1,Public
950,0,1,0,0,Public
951,0,0,0,1,Public
952,0,1,0,0,Public
953,0,1,0,0,Public
954,0,1,0,0,Public
955,1,0,0,0,Public
956,0,0,1,0,Public
957,0,0,1,0,Public
958,0,0,0,1,Public
959,0,0,0,1,Public
960,0,0,1,0,Public
961,0,1,0,0,Public
962,0,0,1,0,Public
963,1,0,0,0,Public
964,0,0,1,0,Public
965,0,0,1,0,Public
966,0,1,0,0,Public
967,0,0,1,0,Public
968,0,0,1,0,Public
969,0,0,1,0,Public
970,0,1,0,0,Public
971,0,0,1,0,Public
972,0,0,1,0,Public
973,0,0,1,0,Public
974,0,1,0,0,Public
975,0,0,1,0,Public
976,1,0,0,0,Public
977,0,1,0,0,Public
978,1,0,0,0,Public
979,0,0,1,0,Public
980,0,0,1,0,Public
981,0,1,0,0,Public
982,0,0,1,0,Public
983,0,0,0,1,Public
984,0,1,0,0,Public
985,0,0,0,1,Public
986,1,0,0,0,Public
987,0,0,0,1,Public
988,0,0,1,0,Public
989,0,1,0,0,Public
990,1,0,0,0,Public
991,0,1,0,0,Public
992,0,0,0,1,Public
993,0,0,1,0,Public
994,0,0,0,1,Public
995,0,1,0,0,Public
996,0,0,0,1,Public
997,0,1,0,0,Public
998,0,0,1,0,Public
999,1,0,0,0,Public
1000,0,1,0,0,Public
1001,0,0,1,0,Public
1002,0,0,1,0,Public
1003,0,0,1,0,Public
1004,0,1,0,0,Public
1005,1,0,0,0,Public
1006,0,0,1,0,Public
1007,0,0,0,1,Public
1008,0,1,0,0,Public
1009,0,1,0,0,Public
1010,0,0,0,1,Public
1011,0,1,0,0,Public
1012,0,0,0,1,Public
1013,0,1,0,0,Public
1014,0,0,0,1,Public
1015,0,0,1,0,Public
1016,0,0,1,0,Public
1017,0,1,0,0,Public
1018,0,0,0,1,Public
1019,1,0,0,0,Public
1020,0,0,1,0,Public
1021,1,0,0,0,Public
1022,0,0,0,1,Public
1023,0,1,0,0,Public
1024,0,0,0,1,Public
1025,0,0,1,0,Public
1026,1,0,0,0,Public
1027,0,0,1,0,Public
1028,0,0,0,1,Public
1029,0,0,0,1,Public
1030,0,0,0,1,Public
1031,0,1,0,0,Public
1032,0,0,1,0,Public
1033,0,0,0,1,Public
1034,0,0,0,1,Public
1035,0,0,1,0,Public
1036,0,0,0,1,Public
1037,0,0,0,1,Public
1038,0,0,1,0,Public
1039,0,0,0,1,Public
1040,1,0,0,0,Public
1041,0,0,1,0,Public
1042,0,0,0,1,Public
1043,0,0,0,1,Public
1044,0,1,0,0,Public
1045,1,0,0,0,Public
1046,0,0,0,1,Public
1047,0,0,1,0,Public
1048,1,0,0,0,Public
1049,1,0,0,0,Public
1050,0,0,0,1,Public
1051,0,0,0,1,Public
1052,0,0,1,0,Public
1053,0,0,0,1,Public
1054,0,0,0,1,Public
1055,0,0,0,1,Public
1056,0,0,0,1,Public
1057,0,0,0,1,Public
1058,0,1,0,0,Public
1059,0,0,0,1,Public
1060,0,1,0,0,Public
1061,1,0,0,0,Public
1062,0,1,0,0,Public
1063,0,1,0,0,Public
1064,0,1,0,0,Public
1065,1,0,0,0,Public
1066,0,0,0,1,Public
1067,0,0,0,1,Public
1068,0,0,0,1,Public
1069,0,0,1,0,Public
1070,0,0,0,1,Public
1071,0,1,0,0,Public
1072,0,0,1,0,Public
1073,0,1,0,0,Public
1074,0,0,0,1,Public
1075,0,0,0,1,Public
1076,0,1,0,0,Public
1077,0,1,0,0,Public
1078,1,0,0,0,Public
1079,0,0,0,1,Public
1080,0,0,1,0,Public
1081,1,0,0,0,Public
1082,0,0,1,0,Public
1083,0,1,0,0,Public
1084,0,0,0,1,Public
1085,0,1,0,0,Public
1086,0,0,1,0,Public
1087,1,0,0,0,Public
1088,0,0,1,0,Public
1089,0,0,1,0,Public
1090,1,0,0,0,Public
1091,0,1,0,0,Public
1092,0,0,0,1,Public
1093,0,0,1,0,Public
1094,0,1,0,0,Public
1095,0,0,0,1,Public
1096,0,1,0,0,Public
1097,0,1,0,0,Public
1098,0,0,1,0,Public
1099,0,0,1,0,Public
1100,0,0,0,1,Public
1101,0,0,0,1,Public
1102,0,1,0,0,Public
1103,0,0,1,0,Public
1104,0,0,1,0,Public
1105,0,0,0,1,Public
1106,0,0,0,1,Public
1107,0,0,1,0,Public
1108,0,0,1,0,Public
1109,0,0,0,1,Public
1110,0,0,0,1,Public
1111,0,0,0,1,Public
1112,1,0,0,0,Public
1113,0,0,1,0,Public
1114,0,0,1,0,Public
1115,0,0,0,1,Public
1116,0,1,0,0,Public
1117,0,1,0,0,Public
1118,0,0,1,0,Public
1119,0,1,0,0,Public
1120,0,0,0,1,Public
1121,0,0,0,1,Public
1122,0,0,0,1,Public
1123,0,0,1,0,Public
1124,0,1,0,0,Public
1125,0,0,1,0,Public
1126,0,1,0,0,Public
1127,0,0,0,1,Public
1128,0,0,0,1,Public
1129,0,1,0,0,Public
1130,0,0,0,1,Public
1131,0,1,0,0,Public
1132,0,1,0,0,Public
1133,0,0,1,0,Public
1134,0,1,0,0,Public
1135,0,0,0,1,Public
1136,1,0,0,0,Public
1137,0,0,1,0,Public
1138,0,0,0,1,Public
1139,0,1,0,0,Public
1140,0,0,1,0,Public
1141,0,0,1,0,Public
1142,0,0,1,0,Public
1143,0,0,0,1,Public
1144,0,0,0,1,Public
1145,0,0,1,0,Public
1146,0,0,1,0,Public
1147,0,1,0,0,Public
1148,0,0,1,0,Public
1149,0,1,0,0,Public
1150,1,0,0,0,Public
1151,0,0,1,0,Public
1152,0,1,0,0,Public
1153,0,0,0,1,Public
1154,0,0,0,1,Public
1155,0,1,0,0,Public
1156,0,0,1,0,Public
1157,0,0,1,0,Public
1158,0,1,0,0,Public
1159,0,0,1,0,Public
1160,0,0,1,0,Public
1161,0,1,0,0,Public
1162,0,1,0,0,Public
1163,0,1,0,0,Public
1164,0,0,0,1,Public
1165,0,0,1,0,Public
1166,0,0,1,0,Public
1167,0,0,1,0,Public
1168,0,0,0,1,Public
1169,0,0,1,0,Public
1170,0,0,1,0,Public
1171,0,1,0,0,Public
1172,0,0,1,0,Public
1173,0,1,0,0,Public
1174,0,0,0,1,Public
1175,1,0,0,0,Public
1176,0,0,1,0,Public
1177,0,1,0,0,Public
1178,0,1,0,0,Public
1179,0,0,0,1,Public
1180,0,0,0,1,Public
1181,1,0,0,0,Public
1182,0,1,0,0,Public
1183,0,0,0,1,Public
1184,1,0,0,0,Public
1185,1,0,0,0,Public
1186,0,0,1,0,Public
1187,0,0,1,0,Public
1188,0,0,0,1,Public
1189,1,0,0,0,Public
1190,0,1,0,0,Public
1191,0,0,0,1,Public
1192,0,0,0,1,Public
1193,0,1,0,0,Public
1194,0,0,1,0,Public
1195,0,1,0,0,Public
1196,0,0,1,0,Public
1197,0,0,1,0,Public
1198,0,1,0,0,Public
1199,0,1,0,0,Public
1200,0,1,0,0,Public
1201,0,0,1,0,Public
1202,0,0,1,0,Public
1203,0,0,1,0,Public
1204,0,0,0,1,Public
1205,0,0,1,0,Public
1206,0,0,1,0,Public
1207,0,1,0,0,Public
1208,0,0,1,0,Public
1209,0,0,1,0,Public
1210,0,0,0,1,Public
1211,0,0,0,1,Public
1212,0,1,0,0,Public
1213,0,0,0,1,Public
1214,0,0,0,1,Public
1215,0,0,1,0,Public
1216,0,0,0,1,Public
1217,0,0,0,1,Public
1218,1,0,0,0,Public
1219,0,1,0,0,Public
1220,0,1,0,0,Public
1221,0,1,0,0,Public
1222,1,0,0,0,Public
1223,0,1,0,0,Public
1224,0,0,0,1,Public
1225,0,0,0,1,Public
1226,0,0,1,0,Public
1227,0,0,1,0,Public
1228,0,1,0,0,Public
1229,0,1,0,0,Public
1230,0,0,0,1,Public
1231,1,0,0,0,Public
1232,0,0,0,1,Public
1233,1,0,0,0,Public
1234,0,0,0,1,Public
1235,0,0,1,0,Public
1236,0,0,0,1,Public
1237,0,0,0,1,Public
1238,0,0,1,0,Public
1239,1,0,0,0,Public
1240,0,1,0,0,Public
1241,0,1,0,0,Public
1242,0,0,1,0,Public
1243,0,1,0,0,Public
1244,0,0,1,0,Public
1245,0,0,0,1,Public
1246,0,1,0,0,Public
1247,0,0,1,0,Public
1248,0,1,0,0,Public
1249,0,0,0,1,Public
1250,0,0,1,0,Public
1251,0,0,0,1,Public
1252,0,0,0,1,Public
1253,0,1,0,0,Public
1254,1,0,0,0,Public
1255,0,0,1,0,Public
1256,0,1,0,0,Public
1257,0,1,0,0,Public
1258,0,1,0,0,Public
1259,0,0,0,1,Public
1260,0,0,1,0,Public
1261,0,0,1,0,Public
1262,0,1,0,0,Public
1263,0,1,0,0,Public
1264,0,1,0,0,Public
1265,1,0,0,0,Public
1266,0,0,0,1,Public
1267,0,1,0,0,Public
1268,0,0,0,1,Public
1269,0,1,0,0,Public
1270,0,1,0,0,Public
1271,0,1,0,0,Public
1272,0,0,1,0,Public
1273,0,0,1,0,Public
1274,0,0,1,0,Public
1275,0,1,0,0,Public
1276,0,1,0,0,Public
1277,0,0,0,1,Public
1278,0,1,0,0,Public
1279,0,1,0,0,Public
1280,0,1,0,0,Public
1281,0,0,1,0,Public
1282,0,0,0,1,Public
1283,0,1,0,0,Public
1284,0,0,0,1,Public
1285,1,0,0,0,Public
1286,0,1,0,0,Public
1287,0,0,1,0,Public
1288,0,0,1,0,Public
1289,0,1,0,0,Public
1290,0,1,0,0,Public
1291,0,0,0,1,Public
1292,1,0,0,0,Public
1293,0,0,0,1,Public
1294,0,0,1,0,Public
1295,0,0,0,1,Public
1296,0,0,1,0,Public
1297,0,0,1,0,Public
1298,0,0,1,0,Public
1299,0,0,1,0,Public
1300,0,0,0,1,Public
1301,1,0,0,0,Public
1302,0,0,0,1,Public
1303,0,1,0,0,Public
1304,0,0,1,0,Public
1305,1,0,0,0,Public
1306,0,0,0,1,Public
1307,0,0,0,1,Public
1308,0,0,1,0,Public
1309,0,0,1,0,Public
1310,0,0,0,1,Public
1311,0,1,0,0,Public
1312,0,0,1,0,Public
1313,1,0,0,0,Public
1314,0,0,1,0,Public
1315,0,0,1,0,Public
1316,1,0,0,0,Public
1317,0,0,1,0,Public
1318,1,0,0,0,Public
1319,0,0,0,1,Public
1320,0,0,1,0,Public
1321,0,0,1,0,Public
1322,0,0,1,0,Public
1323,0,1,0,0,Public
1324,0,0,1,0,Public
1325,0,0,0,1,Public
1326,0,0,1,0,Public
1327,0,0,1,0,Public
1328,0,1,0,0,Public
1329,0,0,0,1,Public
1330,0,0,0,1,Public
1331,0,0,0,1,Public
1332,0,1,0,0,Public
1333,0,1,0,0,Public
1334,0,0,0,1,Public
1335,0,0,1,0,Public
1336,0,0,0,1,Public
1337,0,0,1,0,Public
1338,1,0,0,0,Public
1339,1,0,0,0,Public
1340,0,1,0,0,Public
1341,0,0,0,1,Public
1342,0,1,0,0,Public
1343,0,0,0,1,Public
1344,0,0,0,1,Public
1345,0,0,1,0,Public
1346,0,1,0,0,Public
1347,0,0,1,0,Public
1348,0,0,0,1,Public
1349,0,1,0,0,Public
1350,0,1,0,0,Public
1351,0,1,0,0,Public
1352,0,0,1,0,Public
1353,0,0,0,1,Public
1354,0,1,0,0,Public
1355,0,0,0,1,Public
1356,0,0,0,1,Public
1357,0,0,1,0,Public
1358,0,0,0,1,Public
1359,0,0,0,1,Public
1360,1,0,0,0,Public
1361,0,1,0,0,Public
1362,0,1,0,0,Public
1363,1,0,0,0,Public
1364,0,0,1,0,Public
1365,0,0,1,0,Public
1366,0,0,1,0,Public
1367,0,0,0,1,Public
1368,0,1,0,0,Public
1369,0,1,0,0,Public
1370,0,1,0,0,Public
1371,0,1,0,0,Public
1372,0,0,1,0,Public
1373,0,1,0,0,Public
1374,0,0,1,0,Public
1375,0,1,0,0,Public
1376,0,0,1,0,Public
1377,0,1,0,0,Public
1378,0,0,1,0,Public
1379,0,0,0,1,Public
1380,0,0,0,1,Public
1381,0,0,0,1,Public
1382,0,1,0,0,Public
1383,0,1,0,0,Public
1384,0,1,0,0,Public
1385,0,0,0,1,Public
1386,0,0,0,1,Public
1387,0,0,1,0,Public
1388,0,0,1,0,Public
1389,1,0,0,0,Public
1390,0,0,1,0,Public
1391,0,1,0,0,Public
1392,0,0,1,0,Public
1393,0,0,1,0,Public
1394,1,0,0,0,Public
1395,1,0,0,0,Public
1396,0,0,0,1,Public
1397,1,0,0,0,Public
1398,0,0,0,1,Public
1399,0,1,0,0,Public
1400,0,1,0,0,Public
1401,0,0,1,0,Public
1402,0,0,1,0,Public
1403,0,0,0,1,Public
1404,0,1,0,0,Public
1405,1,0,0,0,Public
1406,0,0,1,0,Public
1407,0,0,1,0,Public
1408,0,0,1,0,Public
1409,0,1,0,0,Public
1410,0,0,0,1,Public
1411,0,0,1,0,Public
1412,0,0,0,1,Public
1413,1,0,0,0,Public
1414,0,0,1,0,Public
1415,0,0,1,0,Public
1416,0,1,0,0,Public
1417,0,1,0,0,Public
1418,0,0,1,0,Public
1419,0,1,0,0,Public
1420,0,0,0,1,Public
1421,0,1,0,0,Public
1422,0,0,0,1,Public
1423,0,1,0,0,Public
1424,0,1,0,0,Public
1425,0,0,1,0,Public
1426,0,0,1,0,Public
1427,0,1,0,0,Public
1428,0,1,0,0,Public
1429,0,0,1,0,Public
1430,1,0,0,0,Public
1431,0,1,0,0,Public
1432,0,0,0,1,Public
1433,0,1,0,0,Public
1434,0,0,0,1,Public
1435,0,0,1,0,Public
1436,0,0,1,0,Public
1437,0,0,0,1,Public
1438,0,0,1,0,Public
1439,0,1,0,0,Public
1440,0,0,0,1,Public
1441,1,0,0,0,Public
1442,0,1,0,0,Public
1443,0,1,0,0,Public
1444,0,1,0,0,Public
1445,0,0,0,1,Public
1446,0,0,1,0,Public
1447,0,0,1,0,Public
1448,0,0,1,0,Public
1449,0,0,0,1,Public
1450,0,1,0,0,Public
1451,0,0,0,1,Public
1452,1,0,0,0,Public
1453,1,0,0,0,Public
1454,0,0,0,1,Public
1455,0,1,0,0,Public
1456,0,1,0,0,Public
1457,0,0,1,0,Public
1458,0,0,1,0,Public
1459,0,0,0,1,Public
1460,0,0,1,0,Public
1461,0,0,1,0,Public
1462,0,1,0,0,Public
1463,1,0,0,0,Public
1464,0,1,0,0,Public
1465,0,0,0,1,Public
1466,0,1,0,0,Public
1467,0,0,0,1,Public
1468,0,0,0,1,Public
1469,0,0,1,0,Public
1470,0,0,0,1,Public
1471,0,1,0,0,Public
1472,0,0,0,1,Public
1473,0,0,1,0,Public
1474,0,1,0,0,Public
1475,0,0,0,1,Public
1476,0,1,0,0,Public
1477,0,0,1,0,Public
1478,0,0,0,1,Public
1479,0,1,0,0,Public
1480,1,0,0,0,Public
1481,0,0,1,0,Public
1482,0,0,1,0,Public
1483,0,0,1,0,Public
1484,0,0,0,1,Public
1485,0,0,0,1,Public
1486,0,0,1,0,Public
1487,0,1,0,0,Public
1488,0,1,0,0,Public
1489,0,1,0,0,Public
1490,0,0,1,0,Public
1491,0,1,0,0,Public
1492,0,0,1,0,Public
1493,0,1,0,0,Public
1494,0,0,0,1,Public
1495,0,0,1,0,Public
1496,0,1,0,0,Public
1497,0,1,0,0,Public
1498,0,0,1,0,Public
1499,0,0,1,0,Public
1500,0,1,0,0,Public
1501,0,0,1,0,Public
1502,0,1,0,0,Public
1503,0,1,0,0,Public
1504,0,1,0,0,Public
1505,0,0,0,1,Public
1506,0,0,0,1,Public
1507,0,1,0,0,Public
1508,0,0,1,0,Public
1509,0,1,0,0,Public
1510,0,0,0,1,Public
1511,0,1,0,0,Public
1512,0,0,0,1,Public
1513,0,0,0,1,Public
1514,0,0,1,0,Public
1515,0,0,0,1,Public
1516,0,0,0,1,Public
1517,1,0,0,0,Public
1518,0,1,0,0,Public
1519,0,0,0,1,Public
1520,0,0,1,0,Public
1521,0,1,0,0,Public
1522,0,0,1,0,Public
1523,0,0,0,1,Public
1524,1,0,0,0,Public
1525,0,0,1,0,Public
1526,1,0,0,0,Public
1527,0,1,0,0,Public
1528,0,0,1,0,Public
1529,0,0,1,0,Public
1530,1,0,0,0,Public
1531,0,1,0,0,Public
1532,0,1,0,0,Public
1533,0,0,1,0,Public
1534,0,1,0,0,Public
1535,0,1,0,0,Public
1536,0,0,1,0,Public
1537,0,0,1,0,Public
1538,0,0,0,1,Public
1539,0,0,1,0,Public
1540,0,1,0,0,Public
1541,1,0,0,0,Public
1542,0,0,1,0,Public
1543,0,0,1,0,Public
1544,1,0,0,0,Public
1545,0,0,0,1,Public
1546,0,0,1,0,Public
1547,0,0,0,1,Public
1548,0,0,0,1,Public
1549,0,0,0,1,Public
1550,0,1,0,0,Public
1551,0,0,0,1,Public
1552,0,1,0,0,Public
1553,0,0,1,0,Public
1554,0,0,0,1,Public
1555,0,0,1,0,Public
1556,0,0,1,0,Public
1557,0,1,0,0,Public
1558,0,0,0,1,Public
1559,0,1,0,0,Public
1560,0,0,0,1,Public
1561,0,0,1,0,Public
1562,0,1,0,0,Public
1563,0,1,0,0,Public
1564,0,1,0,0,Public
1565,0,1,0,0,Public
1566,0,0,0,1,Public
1567,0,0,0,1,Public
1568,0,1,0,0,Public
1569,0,0,1,0,Public
1570,0,0,0,1,Public
1571,0,0,1,0,Public
1572,0,0,1,0,Public
1573,0,0,0,1,Public
1574,1,0,0,0,Public
1575,0,0,1,0,Public
1576,0,1,0,0,Public
1577,0,0,1,0,Public
1578,1,0,0,0,Public
1579,0,0,1,0,Public
1580,0,0,1,0,Public
1581,0,0,1,0,Public
1582,0,0,1,0,Public
1583,0,0,1,0,Public
1584,0,1,0,0,Public
1585,0,0,0,1,Public
1586,0,0,1,0,Public
1587,0,0,1,0,Public
1588,0,1,0,0,Public
1589,0,1,0,0,Public
1590,0,1,0,0,Public
1591,0,0,0,1,Public
1592,1,0,0,0,Public
1593,0,0,1,0,Public
1594,0,1,0,0,Public
1595,0,0,1,0,Public
1596,0,1,0,0,Public
1597,0,0,1,0,Public
1598,1,0,0,0,Public
1599,0,1,0,0,Public
1600,0,1,0,0,Public
1601,0,1,0,0,Public
1602,0,0,0,1,Public
1603,0,0,0,1,Public
1604,1,0,0,0,Public
1605,0,0,0,1,Public
1606,0,0,0,1,Public
1607,0,0,0,1,Public
1608,0,0,1,0,Public
1609,0,1,0,0,Public
1610,0,1,0,0,Public
1611,1,0,0,0,Public
1612,0,0,1,0,Public
1613,0,0,1,0,Public
1614,0,0,1,0,Public
1615,0,0,1,0,Public
1616,0,0,0,1,Public
1617,0,0,0,1,Public
1618,0,1,0,0,Public
1619,0,1,0,0,Public
1620,0,0,0,1,Public
1621,0,0,0,1,Public
1622,0,0,0,1,Public
1623,0,1,0,0,Public
1624,0,1,0,0,Public
1625,0,1,0,0,Public
1626,0,0,1,0,Public
1627,0,0,0,1,Public
1628,0,1,0,0,Public
1629,0,0,1,0,Public
1630,0,1,0,0,Public
1631,0,0,1,0,Public
1632,0,0,1,0,Public
1633,0,0,0,1,Public
1634,0,0,0,1,Public
1635,0,0,0,1,Public
1636,0,0,0,1,Public
1637,0,0,1,0,Public
1638,1,0,0,0,Public
1639,0,0,0,1,Public
1640,0,0,0,1,Public
1641,0,1,0,0,Public
1642,0,0,0,1,Public
1643,0,0,0,1,Public
1644,0,1,0,0,Public
1645,0,0,1,0,Public
1646,0,0,1,0,Public
1647,0,1,0,0,Public
1648,0,1,0,0,Public
1649,0,0,1,0,Public
1650,0,0,0,1,Public
1651,0,1,0,0,Public
1652,0,0,1,0,Public
1653,0,0,1,0,Public
1654,0,0,1,0,Public
1655,0,0,0,1,Public
1656,0,0,1,0,Public
1657,0,1,0,0,Public
1658,0,1,0,0,Public
1659,0,0,0,1,Public
1660,0,0,1,0,Public
1661,0,0,0,1,Public
1662,0,1,0,0,Public
1663,1,0,0,0,Public
1664,0,0,0,1,Public
1665,0,0,0,1,Public
1666,0,0,1,0,Public
1667,1,0,0,0,Public
1668,0,0,1,0,Public
1669,1,0,0,0,Public
1670,0,1,0,0,Public
1671,0,0,1,0,Public
1672,0,0,1,0,Public
1673,0,0,0,1,Public
1674,0,0,1,0,Public
1675,0,1,0,0,Public
1676,0,0,0,1,Public
1677,0,0,1,0,Public
1678,0,0,1,0,Public
1679,0,1,0,0,Public
1680,0,1,0,0,Public
1681,0,0,1,0,Public
1682,0,1,0,0,Public
1683,0,0,1,0,Public
1684,1,0,0,0,Public
1685,0,1,0,0,Public
1686,1,0,0,0,Public
1687,0,1,0,0,Public
1688,0,0,0,1,Public
1689,0,0,1,0,Public
1690,0,0,1,0,Public
1691,0,0,0,1,Public
1692,0,0,0,1,Public
1693,0,1,0,0,Public
1694,0,0,1,0,Public
1695,0,0,0,1,Public
1696,0,1,0,0,Public
1697,0,1,0,0,Public
1698,0,0,1,0,Public
1699,1,0,0,0,Public
1700,0,0,1,0,Public
1701,0,0,0,1,Public
1702,0,0,0,1,Public
1703,1,0,0,0,Public
1704,0,1,0,0,Public
1705,0,1,0,0,Public
1706,0,1,0,0,Public
1707,0,0,0,1,Public
1708,0,0,0,1,Public
1709,0,0,0,1,Public
1710,0,0,0,1,Public
1711,0,0,0,1,Public
1712,0,1,0,0,Public
1713,0,1,0,0,Public
1714,0,0,1,0,Public
1715,0,1,0,0,Public
1716,0,0,0,1,Public
1717,1,0,0,0,Public
1718,0,0,1,0,Public
1719,0,0,0,1,Public
1720,0,0,1,0,Public
1721,1,0,0,0,Public
1722,0,0,0,1,Public
1723,0,1,0,0,Public
1724,0,0,1,0,Public
1725,0,0,0,1,Public
1726,0,1,0,0,Public
1727,0,0,1,0,Public
1728,0,1,0,0,Public
1729,0,0,0,1,Public
1730,1,0,0,0,Public
1731,0,1,0,0,Public
1732,0,0,0,1,Public
1733,0,0,0,1,Public
1734,0,0,1,0,Public
1735,0,1,0,0,Public
1736,0,1,0,0,Public
1737,0,1,0,0,Public
1738,0,1,0,0,Public
1739,0,0,1,0,Public
1740,1,0,0,0,Public
1741,0,0,0,1,Public
1742,0,0,1,0,Public
1743,0,0,1,0,Public
1744,0,0,1,0,Public
1745,0,1,0,0,Public
1746,0,0,1,0,Public
1747,0,0,1,0,Public
1748,0,0,1,0,Public
1749,0,0,0,1,Public
1750,0,0,0,1,Public
1751,0,0,1,0,Public
1752,0,1,0,0,Public
1753,0,1,0,0,Public
1754,0,0,0,1,Public
1755,0,1,0,0,Public
1756,0,1,0,0,Public
1757,0,0,1,0,Public
1758,0,0,1,0,Public
1759,0,0,0,1,Public
1760,0,1,0,0,Public
1761,0,1,0,0,Public
1762,0,1,0,0,Public
1763,0,1,0,0,Public
1764,0,1,0,0,Public
1765,0,1,0,0,Public
1766,0,1,0,0,Public
1767,1,0,0,0,Public
1768,0,0,0,1,Public
1769,0,1,0,0,Public
1770,0,1,0,0,Public
1771,0,0,1,0,Public
1772,0,0,0,1,Public
1773,0,0,1,0,Public
1774,1,0,0,0,Public
1775,0,0,0,1,Public
1776,0,0,0,1,Public
1777,0,1,0,0,Public
1778,0,0,1,0,Public
1779,0,1,0,0,Public
1780,0,0,0,1,Public
1781,0,0,0,1,Public
1782,0,0,0,1,Public
1783,0,0,0,1,Public
1784,0,1,0,0,Public
1785,0,1,0,0,Public
1786,0,1,0,0,Public
1787,0,0,1,0,Public
1788,0,1,0,0,Public
1789,0,0,0,1,Public
1790,1,0,0,0,Public
1791,0,1,0,0,Public
1792,0,1,0,0,Public
1793,0,1,0,0,Public
1794,0,0,1,0,Public
1795,0,1,0,0,Public
1796,0,0,0,1,Public
1797,0,0,0,1,Public
1798,0,0,1,0,Public
1799,0,0,0,1,Public
1800,0,0,1,0,Public
1801,0,1,0,0,Public
1802,1,0,0,0,Public
1803,0,1,0,0,Public
1804,0,0,1,0,Public
1805,0,0,1,0,Public
1806,0,1,0,0,Public
1807,1,0,0,0,Public
1808,0,0,0,1,Public
1809,0,0,1,0,Public
1810,1,0,0,0,Public
1811,1,0,0,0,Public
1812,0,0,0,1,Public
1813,0,1,0,0,Public
1814,0,0,0,1,Public
1815,0,0,1,0,Public
1816,0,0,1,0,Public
1817,0,0,0,1,Public
1818,0,0,0,1,Public
1819,0,0,1,0,Public
1820,0,0,0,1,Public
1821,1,0,0,0,Public
1822,0,1,0,0,Public
1823,0,0,0,1,Public
1824,0,0,1,0,Public
1825,1,0,0,0,Public
1826,0,1,0,0,Public
1827,0,0,1,0,Public
1828,0,0,0,1,Public
1829,0,0,0,1,Public
1830,0,1,0,0,Public
1831,0,1,0,0,Public
1832,0,0,0,1,Public
1833,1,0,0,0,Public
1834,0,1,0,0,Public
1835,0,1,0,0,Public
1836,0,1,0,0,Public
1837,1,0,0,0,Public
1838,0,0,0,1,Public
1839,0,0,0,1,Public
1840,0,1,0,0,Public
1841,0,1,0,0,Public
1842,0,1,0,0,Public
1843,0,1,0,0,Public
1844,0,0,0,1,Public
1845,0,1,0,0,Public
1846,0,0,0,1,Public
1847,0,0,1,0,Public
1848,0,0,1,0,Public
1849,0,1,0,0,Public
1850,0,0,0,1,Public
1851,0,0,1,0,Public
1852,0,0,0,1,Public
1853,0,0,0,1,Public
1854,1,0,0,0,Public
1855,0,0,0,1,Public
1856,0,1,0,0,Public
1857,0,1,0,0,Public
1858,0,1,0,0,Public
1859,0,1,0,0,Public
1860,0,0,1,0,Public
1861,0,0,1,0,Public
1862,0,0,1,0,Public
1863,0,1,0,0,Public
1864,1,0,0,0,Public
1865,0,0,0,1,Public
1866,0,0,0,1,Public
1867,0,0,1,0,Public
1868,0,0,0,1,Public
1869,0,0,0,1,Public
1870,0,1,0,0,Public
1871,0,0,1,0,Public
1872,0,1,0,0,Public
1873,1,0,0,0,Public
1874,0,0,0,1,Public
1875,0,0,1,0,Public
1876,0,0,0,1,Public
1877,0,1,0,0,Public
1878,0,0,1,0,Public
1879,0,1,0,0,Public
1880,0,1,0,0,Public
1881,0,0,0,1,Public
1882,0,1,0,0,Public
1883,0,0,0,1,Public
1884,0,0,1,0,Public
1885,0,0,0,1,Public
1886,0,0,1,0,Public
1887,0,0,0,1,Public
1888,0,0,0,1,Public
1889,1,0,0,0,Public
1890,0,0,1,0,Public
1891,0,0,0,1,Public
1892,0,0,0,1,Public
1893,0,0,1,0,Public
1894,0,0,0,1,Public
1895,0,0,1,0,Public
1896,0,1,0,0,Public
1897,0,0,0,1,Public
1898,0,0,1,0,Public
1899,0,1,0,0,Public
1900,0,0,0,1,Public
1901,0,0,1,0,Public
1902,0,0,1,0,Public
1903,0,1,0,0,Public
1904,1,0,0,0,Public
1905,0,0,0,1,Public
1906,0,1,0,0,Public
1907,0,0,0,1,Public
1908,0,0,1,0,Public
1909,0,1,0,0,Public
1910,0,0,1,0,Public
1911,0,0,0,1,Public
1912,0,1,0,0,Public
1913,0,0,0,1,Public
1914,0,0,0,1,Public
1915,0,0,0,1,Public
1916,1,0,0,0,Public
1917,0,0,1,0,Public
1918,0,0,1,0,Public
1919,0,0,1,0,Public
1920,0,1,0,0,Public
1921,0,0,1,0,Public
1922,0,1,0,0,Public
1923,1,0,0,0,Public
1924,0,1,0,0,Public
1925,0,0,0,1,Public
1926,0,0,1,0,Public
1927,1,0,0,0,Public
1928,1,0,0,0,Public
1929,0,0,1,0,Public
1930,0,0,1,0,Public
1931,0,0,1,0,Public
1932,0,0,0,1,Public
1933,0,0,1,0,Public
1934,0,0,0,1,Public
1935,0,1,0,0,Public
1936,0,0,1,0,Public
1937,0,0,0,1,Public
1938,0,1,0,0,Public
1939,0,1,0,0,Public
1940,0,1,0,0,Public
1941,0,0,1,0,Public
1942,0,0,0,1,Public
1943,1,0,0,0,Public
1944,0,1,0,0,Public
1945,0,1,0,0,Public
1946,0,1,0,0,Public
1947,1,0,0,0,Public
1948,0,0,1,0,Public
1949,0,1,0,0,Public
1950,1,0,0,0,Public
1951,0,1,0,0,Public
1952,0,0,1,0,Public
1953,0,0,1,0,Public
1954,1,0,0,0,Public
1955,0,0,1,0,Public
1956,0,0,0,1,Public
1957,0,0,1,0,Public
1958,0,1,0,0,Public
1959,0,0,0,1,Public
1960,1,0,0,0,Public
1961,0,1,0,0,Public
1962,1,0,0,0,Public
1963,1,0,0,0,Public
1964,0,0,1,0,Public
1965,0,0,1,0,Public
1966,0,0,0,1,Public
1967,0,0,0,1,Public
1968,0,0,0,1,Public
1969,0,0,1,0,Public
1970,0,0,1,0,Public
1971,0,0,0,1,Public
1972,0,0,1,0,Public
1973,0,0,0,1,Public
1974,0,0,0,1,Public
1975,0,0,0,1,Public
1976,0,0,0,1,Public
1977,0,0,1,0,Public
1978,0,0,0,1,Public
1979,0,0,1,0,Public
1980,0,1,0,0,Public
1981,0,0,1,0,Public
1982,0,0,0,1,Public
1983,0,0,0,1,Public
1984,0,0,1,0,Public
1985,0,0,0,1,Public
1986,0,0,0,1,Public
1987,0,0,0,1,Public
1988,0,1,0,0,Public
1989,0,0,0,1,Public
1990,0,0,0,1,Public
1991,0,1,0,0,Public
1992,0,0,1,0,Public
1993,1,0,0,0,Public
1994,0,0,0,1,Public
1995,1,0,0,0,Public
1996,0,0,1,0,Public
1997,0,1,0,0,Public
1998,0,0,1,0,Public
1999,0,0,1,0,Public
2000,1,0,0,0,Public
2001,0,0,0,1,Public
2002,0,1,0,0,Public
2003,1,0,0,0,Public
2004,0,0,0,1,Public
2005,0,0,0,1,Public
2006,0,0,1,0,Public
2007,0,1,0,0,Public
2008,0,0,0,1,Public
2009,0,1,0,0,Public
2010,0,0,1,0,Public
2011,0,1,0,0,Public
2012,0,1,0,0,Public
2013,0,0,1,0,Public
2014,0,0,1,0,Public
2015,1,0,0,0,Public
2016,1,0,0,0,Public
2017,0,1,0,0,Public
2018,0,0,1,0,Public
2019,0,0,1,0,Public
2020,0,1,0,0,Public
2021,0,0,0,1,Public
2022,0,0,1,0,Public
2023,0,0,0,1,Public
2024,0,1,0,0,Public
2025,1,0,0,0,Public
2026,0,0,0,1,Public
2027,0,1,0,0,Public
2028,0,0,1,0,Public
2029,0,0,1,0,Public
2030,0,1,0,0,Public
2031,0,1,0,0,Public
2032,0,0,0,1,Public
2033,0,1,0,0,Public
2034,0,0,1,0,Public
2035,0,0,0,1,Public
2036,1,0,0,0,Public
2037,0,1,0,0,Public
2038,0,0,0,1,Public
2039,0,0,0,1,Public
2040,0,0,0,1,Public
2041,0,0,0,1,Public
2042,0,0,0,1,Public
2043,0,0,1,0,Public
2044,0,0,1,0,Public
2045,0,1,0,0,Public
2046,0,1,0,0,Public
2047,0,0,0,1,Public
2048,0,0,0,1,Public
2049,0,0,0,1,Public
2050,0,1,0,0,Public
2051,0,1,0,0,Public
2052,0,1,0,0,Public
2053,0,0,1,0,Public
2054,0,0,1,0,Public
2055,0,1,0,0,Public
2056,0,0,1,0,Public
2057,0,0,1,0,Public
2058,0,0,1,0,Public
2059,0,1,0,0,Public
2060,0,0,1,0,Public
2061,0,0,1,0,Public
2062,0,0,1,0,Public
2063,0,1,0,0,Public
2064,0,0,1,0,Public
2065,0,0,1,0,Public
2066,0,0,1,0,Public
2067,0,1,0,0,Public
2068,1,0,0,0,Public
2069,1,0,0,0,Public
2070,1,0,0,0,Public
2071,0,0,0,1,Public
2072,1,0,0,0,Public
2073,0,0,1,0,Public
2074,1,0,0,0,Public
2075,0,1,0,0,Public
2076,0,0,1,0,Public
2077,0,1,0,0,Public
2078,0,0,1,0,Public
2079,0,1,0,0,Public
2080,0,0,1,0,Public
2081,0,0,1,0,Public
2082,0,0,0,1,Public
2083,0,0,0,1,Public
2084,0,0,1,0,Public
2085,0,0,1,0,Public
2086,1,0,0,0,Public
2087,0,0,1,0,Public
2088,0,0,0,1,Public
2089,0,0,0,1,Public
2090,0,1,0,0,Public
2091,0,1,0,0,Public
2092,0,0,0,1,Public
2093,0,0,1,0,Public
2094,0,0,0,1,Public
2095,0,1,0,0,Public
2096,0,0,1,0,Public
2097,0,0,0,1,Public
2098,0,0,1,0,Public
2099,1,0,0,0,Public
2100,1,0,0,0,Public
2101,0,0,1,0,Public
2102,0,0,1,0,Public
2103,1,0,0,0,Public
2104,0,1,0,0,Public
2105,0,1,0,0,Public
2106,0,0,0,1,Public
2107,1,0,0,0,Public
2108,0,0,1,0,Public
2109,1,0,0,0,Public
2110,0,1,0,0,Public
2111,0,0,1,0,Public
2112,0,1,0,0,Public
2113,0,1,0,0,Public
2114,0,0,0,1,Public
2115,0,1,0,0,Public
2116,0,1,0,0,Public
2117,0,1,0,0,Public
2118,0,0,0,1,Public
2119,0,0,0,1,Public
2120,0,0,1,0,Public
2121,0,0,0,1,Public
2122,0,1,0,0,Public
2123,0,0,1,0,Public
2124,0,1,0,0,Public
2125,0,0,1,0,Public
2126,0,0,1,0,Public
2127,1,0,0,0,Public
2128,0,0,1,0,Public
2129,0,1,0,0,Public
2130,0,1,0,0,Public
2131,0,0,0,1,Public
2132,0,0,0,1,Public
2133,0,1,0,0,Public
2134,0,0,1,0,Public
2135,0,0,0,1,Public
2136,0,1,0,0,Public
2137,0,1,0,0,Public
2138,1,0,0,0,Public
2139,0,0,1,0,Public
2140,0,1,0,0,Public
2141,0,0,1,0,Public
2142,0,0,1,0,Public
2143,0,0,1,0,Public
2144,0,0,0,1,Public
2145,0,0,1,0,Public
2146,0,0,0,1,Public
2147,0,0,1,0,Public
2148,0,0,0,1,Public
2149,0,1,0,0,Public
2150,0,0,1,0,Public
2151,0,1,0,0,Public
2152,0,1,0,0,Public
2153,1,0,0,0,Public
2154,0,0,0,1,Public
2155,0,0,0,1,Public
2156,0,0,1,0,Public
2157,0,0,0,1,Public
2158,0,0,0,1,Public
2159,0,0,0,1,Public
2160,0,0,1,0,Public
2161,0,0,1,0,Public
2162,0,0,0,1,Public
2163,0,1,0,0,Public
2164,1,0,0,0,Public
2165,0,0,1,0,Public
2166,0,0,0,1,Public
2167,0,1,0,0,Public
2168,0,1,0,0,Public
2169,1,0,0,0,Public
2170,0,0,0,1,Public
2171,1,0,0,0,Public
2172,0,0,0,1,Public
2173,0,0,0,1,Public
2174,0,0,1,0,Public
2175,0,0,1,0,Public
2176,0,0,1,0,Public
2177,0,0,0,1,Public
2178,0,1,0,0,Public
2179,0,0,1,0,Public
2180,0,0,0,1,Public
2181,0,0,0,1,Public
2182,0,0,1,0,Public
2183,0,0,0,1,Public
2184,1,0,0,0,Public
2185,0,0,1,0,Public
2186,0,0,1,0,Public
2187,0,0,1,0,Public
2188,0,0,0,1,Public
2189,0,1,0,0,Public
2190,0,0,0,1,Public
2191,0,1,0,0,Public
2192,0,0,0,1,Public
2193,0,0,1,0,Public
2194,0,1,0,0,Public
2195,1,0,0,0,Public
2196,0,0,1,0,Public
2197,0,0,1,0,Public
2198,0,1,0,0,Public
2199,0,0,1,0,Public
2200,0,0,1,0,Public
2201,0,1,0,0,Public
2202,0,0,1,0,Public
2203,0,0,1,0,Public
2204,0,0,0,1,Public
2205,0,0,1,0,Public
2206,0,0,1,0,Public
2207,0,1,0,0,Public
2208,0,1,0,0,Public
2209,0,1,0,0,Public
2210,0,1,0,0,Public
2211,0,0,1,0,Public
2212,1,0,0,0,Public
2213,0,0,1,0,Public
2214,0,0,1,0,Public
2215,0,0,1,0,Public
2216,1,0,0,0,Public
2217,0,1,0,0,Public
2218,0,1,0,0,Public
2219,0,1,0,0,Public
2220,0,0,0,1,Public
2221,0,0,1,0,Public
2222,0,1,0,0,Public
2223,0,1,0,0,Public
2224,0,0,0,1,Public
2225,0,0,1,0,Public
2226,0,0,0,1,Public
2227,0,1,0,0,Public
2228,0,0,0,1,Public
2229,0,1,0,0,Public
2230,0,1,0,0,Public
2231,0,0,1,0,Public
2232,0,0,1,0,Public
2233,0,0,1,0,Public
2234,0,1,0,0,Public
2235,0,0,1,0,Public
2236,0,0,0,1,Public
2237,0,0,0,1,Public
2238,1,0,0,0,Public
2239,0,1,0,0,Public
2240,0,0,0,1,Public
2241,0,0,0,1,Public
2242,0,1,0,0,Public
2243,0,0,1,0,Public
2244,0,0,0,1,Public
2245,0,0,0,1,Public
2246,0,0,1,0,Public
2247,0,0,1,0,Public
2248,0,0,0,1,Public
2249,1,0,0,0,Public
2250,0,0,1,0,Public
2251,0,0,1,0,Public
2252,0,0,1,0,Public
2253,0,0,0,1,Public
2254,0,0,0,1,Public
2255,0,0,0,1,Public
2256,1,0,0,0,Public
2257,0,0,1,0,Public
2258,0,0,1,0,Public
2259,0,1,0,0,Public
2260,0,0,1,0,Public
2261,0,1,0,0,Public
2262,0,1,0,0,Public
2263,0,1,0,0,Public
2264,0,0,1,0,Public
2265,0,0,1,0,Public
2266,0,1,0,0,Public
2267,0,1,0,0,Public
2268,0,0,1,0,Public
2269,0,1,0,0,Public
2270,0,0,0,1,Public
2271,0,0,0,1,Public
2272,0,1,0,0,Public
2273,0,1,0,0,Public
2274,0,1,0,0,Public
2275,0,0,0,1,Public
2276,0,1,0,0,Public
2277,0,0,0,1,Public
2278,0,0,0,1,Public
2279,0,0,1,0,Public
2280,1,0,0,0,Public
2281,0,0,0,1,Public
2282,0,0,0,1,Public
2283,0,1,0,0,Public
2284,1,0,0,0,Public
2285,1,0,0,0,Public
2286,0,0,0,1,Public
2287,0,0,1,0,Public
2288,0,0,0,1,Public
2289,0,1,0,0,Public
2290,1,0,0,0,Public
2291,0,1,0,0,Public
2292,0,0,1,0,Public
2293,0,0,1,0,Public
2294,0,0,0,1,Public
2295,0,1,0,0,Public
2296,0,1,0,0,Public
2297,0,1,0,0,Public
2298,0,0,1,0,Public
2299,0,0,0,1,Public
2300,0,1,0,0,Public
2301,0,0,1,0,Public
2302,0,0,1,0,Public
2303,0,1,0,0,Public
2304,0,1,0,0,Public
2305,0,0,0,1,Public
2306,1,0,0,0,Public
2307,0,0,1,0,Public
2308,0,0,0,1,Public
2309,0,0,0,1,Public
2310,0,0,0,1,Public
2311,0,0,0,1,Public
2312,0,1,0,0,Public
2313,0,0,0,1,Public
2314,0,0,0,1,Public
2315,0,1,0,0,Public
2316,0,1,0,0,Public
2317,0,0,0,1,Public
2318,0,0,0,1,Public
2319,0,0,0,1,Public
2320,0,0,0,1,Public
2321,0,1,0,0,Public
2322,0,1,0,0,Public
2323,0,1,0,0,Public
2324,0,1,0,0,Public
2325,0,0,0,1,Public
2326,0,0,1,0,Public
2327,0,0,1,0,Public
2328,0,1,0,0,Public
2329,0,0,1,0,Public
2330,0,1,0,0,Public
2331,0,0,0,1,Public
2332,0,0,1,0,Public
2333,0,0,0,1,Public
2334,0,1,0,0,Public
2335,0,1,0,0,Public
2336,0,0,1,0,Public
2337,0,1,0,0,Public
2338,0,1,0,0,Public
2339,0,0,0,1,Public
2340,0,0,0,1,Public
2341,0,0,0,1,Public
2342,0,1,0,0,Public
2343,0,0,0,1,Public
2344,0,0,0,1,Public
2345,0,1,0,0,Public
2346,1,0,0,0,Public
2347,0,0,0,1,Public
2348,0,0,1,0,Public
2349,0,0,1,0,Public
2350,0,0,0,1,Public
2351,0,0,1,0,Public
2352,0,0,0,1,Public
2353,0,0,1,0,Public
2354,0,0,1,0,Public
2355,0,0,1,0,Public
2356,0,1,0,0,Public
2357,1,0,0,0,Public
2358,0,0,1,0,Public
2359,0,0,1,0,Public
2360,0,0,0,1,Public
2361,0,1,0,0,Public
2362,0,0,0,1,Public
2363,0,0,1,0,Public
2364,0,0,1,0,Public
2365,0,1,0,0,Public
2366,0,0,0,1,Public
2367,0,1,0,0,Public
2368,0,0,1,0,Public
2369,0,0,0,1,Public
2370,0,0,1,0,Public
2371,0,1,0,0,Public
2372,0,0,1,0,Public
2373,0,0,0,1,Public
2374,0,0,0,1,Public
2375,0,0,0,1,Public
2376,1,0,0,0,Public
2377,0,0,0,1,Public
2378,0,1,0,0,Public
2379,0,1,0,0,Public
2380,0,1,0,0,Public
2381,0,0,0,1,Public
2382,0,1,0,0,Public
2383,0,1,0,0,Public
2384,1,0,0,0,Public
2385,0,0,1,0,Public
2386,0,0,0,1,Public
2387,1,0,0,0,Public
2388,0,1,0,0,Public
2389,0,0,1,0,Public
2390,1,0,0,0,Public
2391,0,1,0,0,Public
2392,0,1,0,0,Public
2393,0,0,1,0,Public
2394,0,0,1,0,Public
2395,0,1,0,0,Public
2396,0,0,1,0,Public
2397,0,0,1,0,Public
2398,0,1,0,0,Public
2399,0,1,0,0,Public
2400,0,0,1,0,Public
2401,0,0,1,0,Public
2402,0,0,0,1,Public
2403,0,1,0,0,Public
2404,0,1,0,0,Public
2405,0,0,0,1,Public
2406,0,0,1,0,Public
2407,0,0,0,1,Public
2408,0,0,1,0,Public
2409,1,0,0,0,Public
2410,0,0,0,1,Public
2411,0,0,0,1,Public
2412,0,0,1,0,Public
2413,1,0,0,0,Public
2414,0,1,0,0,Public
2415,0,1,0,0,Public
2416,0,0,0,1,Public
2417,0,0,0,1,Public
2418,0,0,1,0,Public
2419,0,0,1,0,Public
2420,0,0,0,1,Public
2421,0,0,1,0,Public
2422,0,0,0,1,Public
2423,1,0,0,0,Public
2424,1,0,0,0,Public
2425,0,0,1,0,Public
2426,0,1,0,0,Public
2427,0,1,0,0,Public
2428,0,0,1,0,Public
2429,1,0,0,0,Public
2430,0,0,1,0,Public
2431,0,1,0,0,Public
2432,0,0,1,0,Public
2433,0,0,0,1,Public
2434,0,1,0,0,Public
2435,0,1,0,0,Public
2436,0,1,0,0,Public
2437,0,1,0,0,Public
2438,0,0,0,1,Public
2439,0,1,0,0,Public
2440,0,0,1,0,Public
2441,1,0,0,0,Public
2442,0,0,1,0,Public
2443,0,0,1,0,Public
2444,1,0,0,0,Public
2445,0,0,0,1,Public
2446,1,0,0,0,Public
2447,0,1,0,0,Public
2448,0,0,1,0,Public
2449,0,0,0,1,Public
2450,0,1,0,0,Public
2451,0,0,1,0,Public
2452,0,1,0,0,Public
2453,0,0,1,0,Public
2454,1,0,0,0,Public
2455,0,0,0,1,Public
2456,0,0,0,1,Public
2457,0,0,1,0,Public
2458,0,0,0,1,Public
2459,0,0,0,1,Public
2460,0,1,0,0,Public
2461,0,0,1,0,Public
2462,0,1,0,0,Public
2463,0,0,0,1,Public
2464,0,1,0,0,Public
2465,0,1,0,0,Public
2466,0,0,0,1,Public
2467,0,0,1,0,Public
2468,0,0,0,1,Public
2469,0,0,1,0,Public
2470,0,0,0,1,Public
2471,0,1,0,0,Public
2472,0,0,1,0,Public
2473,0,0,0,1,Public
2474,0,0,1,0,Public
2475,0,0,1,0,Public
2476,0,0,1,0,Public
2477,0,0,1,0,Public
2478,0,0,1,0,Public
2479,0,0,0,1,Public
2480,0,0,0,1,Public
2481,1,0,0,0,Public
2482,0,0,1,0,Public
2483,0,0,0,1,Public
2484,1,0,0,0,Public
2485,0,1,0,0,Public
2486,0,1,0,0,Public
2487,0,1,0,0,Public
2488,0,0,1,0,Public
2489,0,1,0,0,Public
2490,0,0,0,1,Public
2491,0,1,0,0,Public
2492,0,1,0,0,Public
2493,0,0,1,0,Public
2494,0,0,0,1,Public
2495,0,1,0,0,Public
2496,0,1,0,0,Public
2497,0,1,0,0,Public
2498,0,0,1,0,Public
2499,0,0,0,1,Public
2500,0,1,0,0,Public
2501,1,0,0,0,Public
2502,0,0,0,1,Public
2503,0,1,0,0,Public
2504,0,0,0,1,Public
2505,0,0,1,0,Public
2506,0,1,0,0,Public
2507,0,0,1,0,Public
2508,1,0,0,0,Public
2509,0,0,1,0,Public
2510,1,0,0,0,Public
2511,0,0,1,0,Public
2512,0,1,0,0,Public
2513,0,0,0,1,Public
2514,0,0,0,1,Public
2515,0,0,1,0,Public
2516,0,0,0,1,Public
2517,0,0,0,1,Public
2518,0,1,0,0,Public
2519,0,0,0,1,Public
2520,0,1,0,0,Public
2521,0,1,0,0,Public
2522,0,1,0,0,Public
2523,0,1,0,0,Public
2524,0,0,0,1,Public
2525,0,0,1,0,Public
2526,0,1,0,0,Public
2527,0,0,1,0,Public
2528,1,0,0,0,Public
2529,0,0,0,1,Public
2530,0,0,0,1,Public
2531,0,0,1,0,Public
2532,0,0,1,0,Public
2533,0,0,0,1,Public
2534,0,0,1,0,Public
2535,0,1,0,0,Public
2536,0,1,0,0,Public
2537,0,0,0,1,Public
2538,0,0,0,1,Public
2539,0,0,1,0,Public
2540,0,1,0,0,Public
2541,0,0,0,1,Public
2542,0,0,0,1,Public
2543,0,0,1,0,Public
2544,0,1,0,0,Public
2545,0,0,0,1,Public
2546,0,1,0,0,Public
2547,0,1,0,0,Public
2548,0,0,1,0,Public
2549,0,1,0,0,Public
2550,0,0,1,0,Public
2551,0,0,0,1,Public
2552,0,0,1,0,Public
2553,0,0,0,1,Public
2554,0,1,0,0,Public
2555,0,0,0,1,Public
2556,0,1,0,0,Public
2557,0,0,0,1,Public
2558,0,0,0,1,Public
2559,0,0,1,0,Public
2560,0,1,0,0,Public
2561,1,0,0,0,Public
2562,0,0,0,1,Public
2563,0,0,1,0,Public
2564,0,0,0,1,Public
2565,0,1,0,0,Public
2566,0,0,0,1,Public
2567,0,1,0,0,Public
2568,1,0,0,0,Public
2569,0,0,0,1,Public
2570,0,1,0,0,Public
2571,0,0,1,0,Public
2572,0,0,0,1,Public
2573,0,0,0,1,Public
2574,0,0,1,0,Public
2575,0,0,0,1,Public
2576,0,0,1,0,Public
2577,0,1,0,0,Public
2578,0,0,0,1,Public
2579,0,0,0,1,Public
2580,0,1,0,0,Public
2581,0,0,1,0,Public
2582,1,0,0,0,Public
2583,0,0,0,1,Public
2584,0,0,1,0,Public
2585,0,0,1,0,Public
2586,0,0,1,0,Public
2587,1,0,0,0,Public
2588,0,0,0,1,Public
2589,0,0,1,0,Public
2590,0,0,1,0,Public
2591,0,0,0,1,Public
2592,0,1,0,0,Public
2593,0,0,1,0,Public
2594,0,0,1,0,Public
2595,0,0,1,0,Public
2596,0,1,0,0,Public
2597,0,0,0,1,Public
2598,0,1,0,0,Public
2599,0,0,1,0,Public
2600,0,1,0,0,Public
2601,0,1,0,0,Public
2602,0,0,0,1,Public
2603,0,0,0,1,Public
2604,0,1,0,0,Public
2605,0,0,0,1,Public
2606,0,1,0,0,Public
2607,0,0,1,0,Public
2608,0,0,1,0,Public
2609,0,0,0,1,Public
2610,0,0,0,1,Public
2611,0,0,1,0,Public
2612,0,0,1,0,Public
2613,0,0,0,1,Public
2614,0,0,1,0,Public
2615,1,0,0,0,Public
2616,0,1,0,0,Public
2617,0,1,0,0,Public
2618,1,0,0,0,Public
2619,0,0,0,1,Public
2620,0,1,0,0,Public
2621,1,0,0,0,Public
2622,0,0,1,0,Public
2623,0,0,0,1,Public
2624,0,0,1,0,Public
2625,0,0,0,1,Public
2626,0,0,0,1,Public
2627,0,1,0,0,Public
2628,0,0,0,1,Public
2629,0,0,0,1,Public
2630,0,0,0,1,Public
2631,0,0,0,1,Public
2632,0,1,0,0,Public
2633,0,1,0,0,Public
2634,0,0,0,1,Public
2635,0,0,1,0,Public
2636,0,0,0,1,Public
2637,0,0,1,0,Public
2638,0,0,0,1,Public
2639,1,0,0,0,Public
2640,0,0,1,0,Public
2641,0,0,0,1,Public
2642,1,0,0,0,Public
2643,0,0,1,0,Public
2644,0,0,1,0,Public
2645,0,1,0,0,Public
2646,0,1,0,0,Public
2647,0,0,1,0,Public
2648,0,0,0,1,Public
2649,0,0,0,1,Public
2650,0,0,1,0,Public
2651,0,0,0,1,Public
2652,0,1,0,0,Public
2653,0,0,1,0,Public
2654,0,0,1,0,Public
2655,0,0,1,0,Public
2656,0,0,1,0,Public
2657,0,1,0,0,Public
2658,0,1,0,0,Public
2659,0,1,0,0,Public
2660,0,1,0,0,Public
2661,0,1,0,0,Public
2662,1,0,0,0,Public
2663,0,0,1,0,Public
2664,0,0,0,1,Public
2665,0,1,0,0,Public
2666,0,0,0,1,Public
2667,1,0,0,0,Public
2668,0,0,0,1,Public
2669,0,0,1,0,Public
2670,0,1,0,0,Public
2671,0,0,1,0,Public
2672,0,0,0,1,Public
2673,0,0,1,0,Public
2674,1,0,0,0,Public
2675,0,0,0,1,Public
2676,0,0,0,1,Public
2677,0,0,1,0,Public
2678,0,1,0,0,Public
2679,0,0,1,0,Public
2680,1,0,0,0,Public
2681,0,0,0,1,Public
2682,0,0,0,1,Public
2683,1,0,0,0,Public
2684,0,0,0,1,Public
2685,0,1,0,0,Public
2686,0,0,1,0,Public
2687,0,0,1,0,Public
2688,0,0,0,1,Public
2689,0,0,1,0,Public
2690,0,0,1,0,Public
2691,0,1,0,0,Public
2692,0,1,0,0,Public
2693,0,0,0,1,Public
2694,0,0,1,0,Public
2695,0,1,0,0,Public
2696,0,1,0,0,Public
2697,0,1,0,0,Public
2698,0,0,0,1,Public
2699,0,1,0,0,Public
2700,1,0,0,0,Public
2701,0,0,0,1,Public
2702,0,0,1,0,Public
2703,0,0,1,0,Public
2704,0,1,0,0,Public
2705,0,1,0,0,Public
2706,0,0,1,0,Public
2707,0,0,1,0,Public
2708,0,1,0,0,Public
2709,0,0,0,1,Public
2710,0,0,1,0,Public
2711,0,1,0,0,Public
2712,0,1,0,0,Public
2713,0,1,0,0,Public
2714,1,0,0,0,Public
2715,0,0,1,0,Public
2716,0,0,1,0,Public
2717,0,0,0,1,Public
2718,0,0,0,1,Public
2719,0,1,0,0,Public
2720,1,0,0,0,Public
2721,0,0,0,1,Public
2722,0,1,0,0,Public
2723,0,0,1,0,Public
2724,0,0,0,1,Public
2725,0,1,0,0,Public
2726,0,0,0,1,Public
2727,0,0,0,1,Public
2728,1,0,0,0,Public
2729,0,0,0,1,Public
2730,0,1,0,0,Public
2731,0,0,0,1,Public
2732,0,1,0,0,Public
2733,0,0,0,1,Public
2734,0,0,1,0,Public
2735,0,0,0,1,Public
2736,1,0,0,0,Public
2737,0,1,0,0,Public
2738,0,0,0,1,Public
2739,1,0,0,0,Public
2740,0,0,0,1,Public
2741,0,0,0,1,Public
2742,0,1,0,0,Public
2743,0,0,1,0,Public
2744,0,0,1,0,Public
2745,0,0,1,0,Public
2746,0,1,0,0,Public
2747,0,0,0,1,Public
2748,0,0,0,1,Public
2749,1,0,0,0,Public
2750,0,0,1,0,Public
2751,0,0,0,1,Public
2752,0,0,0,1,Public
2753,0,0,0,1,Public
2754,0,0,1,0,Public
2755,0,0,1,0,Public
2756,0,0,0,1,Public
2757,0,0,0,1,Public
2758,0,0,0,1,Public
2759,0,0,0,1,Public
2760,0,0,0,1,Public
2761,0,0,0,1,Public
2762,0,1,0,0,Public
2763,0,1,0,0,Public
2764,0,0,0,1,Public
2765,0,0,1,0,Public
2766,0,1,0,0,Public
2767,1,0,0,0,Public
2768,0,0,1,0,Public
2769,0,1,0,0,Public
2770,0,0,1,0,Public
2771,0,1,0,0,Public
2772,0,1,0,0,Public
2773,0,1,0,0,Public
2774,0,1,0,0,Public
2775,0,1,0,0,Public
2776,1,0,0,0,Public
2777,0,0,0,1,Public
2778,0,1,0,0,Public
2779,0,0,1,0,Public
2780,0,0,1,0,Public
2781,0,0,1,0,Public
2782,0,0,1,0,Public
2783,1,0,0,0,Public
2784,0,0,1,0,Public
2785,0,0,0,1,Public
2786,0,0,0,1,Public
2787,0,0,1,0,Public
2788,0,0,0,1,Public
2789,0,1,0,0,Public
2790,1,0,0,0,Public
2791,0,0,1,0,Public
2792,0,0,1,0,Public
2793,0,0,1,0,Public
2794,0,0,0,1,Public
2795,0,0,0,1,Public
2796,0,0,0,1,Public
2797,0,0,1,0,Public
2798,0,0,1,0,Public
2799,0,0,0,1,Public
2800,0,0,0,1,Public
2801,0,0,0,1,Public
2802,0,0,0,1,Public
2803,0,0,0,1,Public
2804,0,1,0,0,Public
2805,1,0,0,0,Public
2806,0,1,0,0,Public
2807,0,1,0,0,Public
2808,0,1,0,0,Public
2809,0,1,0,0,Public
2810,0,0,1,0,Public
2811,0,0,1,0,Public
2812,0,0,0,1,Public
2813,0,1,0,0,Public
2814,1,0,0,0,Public
2815,0,0,1,0,Public
2816,0,0,1,0,Public
2817,0,1,0,0,Public
2818,0,0,0,1,Public
2819,0,0,0,1,Public
2820,0,1,0,0,Public
2821,0,0,1,0,Public
2822,0,1,0,0,Public
2823,0,1,0,0,Public
2824,0,0,0,1,Public
2825,0,1,0,0,Public
2826,0,0,0,1,Public
2827,0,0,1,0,Public
2828,0,0,1,0,Public
2829,0,1,0,0,Public
2830,0,0,1,0,Public
2831,0,0,1,0,Public
2832,0,1,0,0,Public
2833,0,0,1,0,Public
2834,0,1,0,0,Public
2835,0,0,0,1,Public
2836,0,1,0,0,Public
2837,0,0,1,0,Public
2838,0,0,1,0,Public
2839,0,0,1,0,Public
2840,1,0,0,0,Public
2841,0,1,0,0,Public
2842,0,0,1,0,Public
2843,0,1,0,0,Public
2844,0,1,0,0,Public
2845,0,1,0,0,Public
2846,0,1,0,0,Public
2847,0,0,1,0,Public
2848,1,0,0,0,Public
2849,1,0,0,0,Public
2850,0,0,0,1,Public
2851,0,0,0,1,Public
2852,0,1,0,0,Public
2853,0,0,0,1,Public
2854,0,1,0,0,Public
2855,0,0,1,0,Public
2856,0,0,1,0,Public
2857,0,0,0,1,Public
2858,0,1,0,0,Public
2859,0,0,0,1,Public
2860,0,0,0,1,Public
2861,0,0,1,0,Public
2862,1,0,0,0,Public
2863,0,0,1,0,Public
2864,0,0,0,1,Public
2865,0,1,0,0,Public
2866,0,0,0,1,Public
2867,0,0,1,0,Public
2868,0,0,0,1,Public
2869,1,0,0,0,Public
2870,0,0,1,0,Public
2871,0,0,0,1,Public
2872,0,0,0,1,Public
2873,0,0,0,1,Public
2874,1,0,0,0,Public
2875,0,0,0,1,Public
2876,0,1,0,0,Public
2877,0,0,1,0,Public
2878,0,0,0,1,Public
2879,0,0,1,0,Public
2880,0,1,0,0,Public
2881,0,0,1,0,Public
2882,0,0,0,1,Public
2883,0,1,0,0,Public
2884,1,0,0,0,Public
2885,0,1,0,0,Public
2886,0,0,1,0,Public
2887,0,1,0,0,Public
2888,0,1,0,0,Public
2889,0,0,1,0,Public
2890,0,1,0,0,Public
2891,1,0,0,0,Public
2892,0,0,1,0,Public
2893,1,0,0,0,Public
2894,0,0,0,1,Public
2895,0,1,0,0,Public
2896,0,1,0,0,Public
2897,0,1,0,0,Public
2898,0,0,1,0,Public
2899,0,0,1,0,Public
2900,0,1,0,0,Public
2901,0,0,1,0,Public
2902,0,0,0,1,Public
2903,0,0,0,1,Public
2904,0,0,0,1,Public
2905,0,0,1,0,Public
2906,0,1,0,0,Public
2907,0,1,0,0,Public
2908,0,0,1,0,Public
2909,0,1,0,0,Public
2910,0,0,0,1,Public
2911,0,1,0,0,Public
2912,0,0,0,1,Public
2913,0,0,0,1,Public
2914,0,0,0,1,Public
2915,0,0,1,0,Public
2916,0,0,1,0,Public
2917,0,1,0,0,Public
2918,0,0,1,0,Public
2919,0,0,1,0,Public
2920,0,0,1,0,Public
2921,0,0,1,0,Public
2922,0,0,0,1,Public
2923,0,0,1,0,Public
2924,0,0,1,0,Public
2925,0,0,0,1,Public
2926,0,1,0,0,Public
2927,0,0,1,0,Public
2928,0,0,1,0,Public
2929,0,1,0,0,Public
2930,0,0,0,1,Public
2931,1,0,0,0,Public
2932,0,1,0,0,Public
2933,0,0,0,1,Public
2934,0,0,0,1,Public
2935,0,0,0,1,Public
2936,0,1,0,0,Public
2937,0,0,1,0,Public
2938,0,0,0,1,Public
2939,0,0,1,0,Public
2940,0,1,0,0,Public
2941,0,0,0,1,Public
2942,0,0,0,1,Public
2943,0,0,0,1,Public
2944,1,0,0,0,Public
2945,0,1,0,0,Public
2946,0,1,0,0,Public
2947,0,0,1,0,Public
2948,0,0,1,0,Public
2949,0,0,1,0,Public
2950,0,1,0,0,Public
2951,0,0,1,0,Public
2952,1,0,0,0,Public
2953,0,0,1,0,Public
2954,0,1,0,0,Public
2955,0,0,1,0,Public
2956,0,1,0,0,Public
2957,0,0,1,0,Public
2958,0,1,0,0,Public
2959,0,0,0,1,Public
2960,0,0,0,1,Public
2961,0,0,0,1,Public
2962,0,0,0,1,Public
2963,0,1,0,0,Public
2964,1,0,0,0,Public
2965,0,0,1,0,Public
2966,0,0,1,0,Public
2967,0,0,1,0,Public
2968,0,0,0,1,Public
2969,0,0,0,1,Public
2970,0,0,1,0,Public
2971,0,0,1,0,Public
2972,0,0,0,1,Public
2973,0,0,0,1,Public
2974,0,0,0,1,Public
2975,0,1,0,0,Public
2976,0,0,0,1,Public
2977,0,0,1,0,Public
2978,0,0,0,1,Public
2979,0,0,0,1,Public
2980,0,1,0,0,Public
2981,0,1,0,0,Public
2982,0,0,1,0,Public
2983,0,0,1,0,Public
2984,0,1,0,0,Public
2985,0,1,0,0,Public
2986,0,0,0,1,Public
2987,0,1,0,0,Public
2988,0,1,0,0,Public
2989,0,1,0,0,Public
2990,0,1,0,0,Public
2991,0,0,1,0,Public
2992,0,0,1,0,Public
2993,0,0,1,0,Public
2994,0,0,1,0,Public
2995,0,0,1,0,Public
2996,0,1,0,0,Public
2997,0,0,1,0,Public
2998,0,0,0,1,Public
2999,0,1,0,0,Public
3000,0,1,0,0,Public
3001,0,1,0,0,Public
3002,1,0,0,0,Public
3003,0,1,0,0,Public
3004,0,0,1,0,Public
3005,0,0,0,1,Public
3006,0,0,0,1,Public
3007,0,0,0,1,Public
3008,0,0,0,1,Public
3009,0,1,0,0,Public
3010,0,0,1,0,Public
3011,1,0,0,0,Public
3012,0,1,0,0,Public
3013,0,0,1,0,Public
3014,0,1,0,0,Public
3015,0,0,0,1,Public
3016,1,0,0,0,Public
3017,0,0,1,0,Public
3018,0,0,1,0,Public
3019,0,0,0,1,Public
3020,0,0,1,0,Public
3021,0,1,0,0,Public
3022,0,0,0,1,Public
3023,0,1,0,0,Public
3024,0,0,0,1,Public
3025,0,1,0,0,Public
3026,1,0,0,0,Public
3027,0,0,0,1,Public
3028,1,0,0,0,Public
3029,0,0,0,1,Public
3030,0,0,0,1,Public
3031,0,0,0,1,Public
3032,0,0,1,0,Public
3033,1,0,0,0,Public
3034,0,1,0,0,Public
3035,0,0,1,0,Public
3036,0,0,1,0,Public
3037,0,1,0,0,Public
3038,0,0,1,0,Public
3039,0,1,0,0,Public
3040,0,0,0,1,Public
3041,0,1,0,0,Public
3042,0,0,0,1,Public
3043,0,1,0,0,Public
3044,0,0,0,1,Public
3045,0,1,0,0,Public
3046,1,0,0,0,Public
3047,0,0,0,1,Public
3048,0,1,0,0,Public
3049,0,1,0,0,Public
3050,0,0,0,1,Public
3051,0,1,0,0,Public
3052,0,1,0,0,Public
3053,0,0,0,1,Public
3054,0,0,0,1,Public
3055,0,0,1,0,Public
3056,0,0,1,0,Public
3057,1,0,0,0,Public
3058,0,1,0,0,Public
3059,0,1,0,0,Public
3060,0,0,1,0,Public
3061,0,0,1,0,Public
3062,0,0,0,1,Public
3063,0,0,1,0,Public
3064,0,0,1,0,Public
3065,0,0,1,0,Public
3066,0,0,1,0,Public
3067,0,1,0,0,Public
3068,0,1,0,0,Public
3069,0,0,1,0,Public
3070,0,1,0,0,Public
3071,0,1,0,0,Public
3072,0,0,1,0,Public
3073,1,0,0,0,Public
3074,0,0,0,1,Public
3075,0,1,0,0,Public
3076,1,0,0,0,Public
3077,0,0,1,0,Public
3078,0,0,1,0,Public
3079,0,0,0,1,Public
3080,0,1,0,0,Public
3081,0,1,0,0,Public
3082,0,0,0,1,Public
3083,0,0,0,1,Public
3084,0,0,1,0,Public
3085,0,1,0,0,Public
3086,0,0,1,0,Public
3087,0,0,0,1,Public
3088,0,0,1,0,Public
3089,1,0,0,0,Public
3090,1,0,0,0,Public
3091,0,0,1,0,Public
3092,0,0,0,1,Public
3093,0,1,0,0,Public
3094,0,0,0,1,Public
3095,0,0,0,1,Public
3096,0,0,0,1,Public
3097,0,0,1,0,Public
3098,0,0,0,1,Public
3099,0,0,1,0,Public
3100,0,0,0,1,Public
3101,0,1,0,0,Public
3102,0,0,1,0,Public
3103,0,0,0,1,Public
3104,0,0,1,0,Public
3105,0,1,0,0,Public
3106,0,1,0,0,Public
3107,0,1,0,0,Public
3108,0,1,0,0,Public
3109,1,0,0,0,Public
3110,0,0,1,0,Public
3111,0,1,0,0,Public
3112,0,1,0,0,Public
3113,0,0,1,0,Public
3114,0,0,0,1,Public
3115,0,0,1,0,Public
3116,1,0,0,0,Public
3117,0,1,0,0,Public
3118,0,0,1,0,Public
3119,0,0,0,1,Public
3120,0,0,1,0,Public
3121,0,0,1,0,Public
3122,0,1,0,0,Public
3123,0,0,0,1,Public
3124,0,0,0,1,Public
3125,0,1,0,0,Public
3126,0,0,1,0,Public
3127,1,0,0,0,Public
3128,0,0,1,0,Public
3129,0,0,1,0,Public
3130,0,0,0,1,Public
3131,0,0,1,0,Public
3132,0,1,0,0,Public
3133,0,1,0,0,Public
3134,0,1,0,0,Public
3135,0,0,0,1,Public
3136,0,1,0,0,Public
3137,0,1,0,0,Public
3138,0,1,0,0,Public
3139,0,0,0,1,Public
3140,0,0,1,0,Public
3141,0,1,0,0,Public
3142,0,1,0,0,Public
3143,0,1,0,0,Public
3144,0,0,0,1,Public
3145,0,1,0,0,Public
3146,0,1,0,0,Public
3147,0,0,0,1,Public
3148,0,1,0,0,Public
3149,0,0,1,0,Public
3150,0,0,1,0,Public
3151,0,0,0,1,Public
3152,0,0,0,1,Public
3153,0,1,0,0,Public
3154,0,0,1,0,Public
3155,0,1,0,0,Public
3156,0,0,0,1,Public
3157,0,0,1,0,Public
3158,0,0,0,1,Public
3159,0,0,0,1,Public
3160,0,0,0,1,Public
3161,0,0,0,1,Public
3162,0,0,1,0,Public
3163,0,0,1,0,Public
3164,0,1,0,0,Public
3165,0,1,0,0,Public
3166,0,0,0,1,Public
3167,0,0,1,0,Public
3168,0,1,0,0,Public
3169,0,0,0,1,Public
3170,0,1,0,0,Public
3171,0,0,1,0,Public
3172,0,0,1,0,Public
3173,0,1,0,0,Public
3174,0,0,0,1,Public
3175,0,0,1,0,Public
3176,0,1,0,0,Public
3177,0,0,0,1,Public
3178,0,1,0,0,Public
3179,0,0,1,0,Public
3180,0,0,0,1,Public
3181,1,0,0,0,Public
3182,0,0,0,1,Public
3183,0,0,0,1,Public
3184,1,0,0,0,Public
3185,0,0,1,0,Public
3186,0,0,1,0,Public
3187,0,0,1,0,Public
3188,0,0,0,1,Public
3189,0,1,0,0,Public
3190,0,0,1,0,Public
3191,0,1,0,0,Public
3192,1,0,0,0,Public
3193,0,0,0,1,Public
3194,0,0,1,0,Public
3195,0,0,0,1,Public
3196,1,0,0,0,Public
3197,0,1,0,0,Public
3198,1,0,0,0,Public
3199,0,1,0,0,Public
3200,0,0,1,0,Public
3201,0,0,1,0,Public
3202,0,0,0,1,Public
3203,0,1,0,0,Public
3204,0,1,0,0,Public
3205,0,0,0,1,Public
3206,0,0,1,0,Public
3207,0,0,0,1,Public
3208,1,0,0,0,Public
3209,0,1,0,0,Public
3210,0,0,1,0,Public
3211,0,0,0,1,Public
3212,0,0,1,0,Public
3213,0,1,0,0,Public
3214,0,0,1,0,Public
3215,0,0,1,0,Public
3216,0,1,0,0,Public
3217,0,0,1,0,Public
3218,0,0,0,1,Public
3219,0,0,0,1,Public
3220,0,1,0,0,Public
3221,0,0,1,0,Public
3222,0,0,1,0,Public
3223,0,1,0,0,Public
3224,0,1,0,0,Public
3225,0,0,1,0,Public
3226,0,0,0,1,Public
3227,1,0,0,0,Public
3228,0,1,0,0,Public
3229,0,0,1,0,Public
3230,1,0,0,0,Public
3231,1,0,0,0,Public
3232,0,0,1,0,Public
3233,0,1,0,0,Public
3234,0,1,0,0,Public
3235,0,1,0,0,Public
3236,0,0,1,0,Public
3237,1,0,0,0,Public
3238,0,0,0,1,Public
3239,0,0,1,0,Public
3240,0,0,0,1,Public
3241,0,1,0,0,Public
3242,0,0,0,1,Public
3243,0,1,0,0,Public
3244,0,0,0,1,Public
3245,1,0,0,0,Public
3246,0,0,0,1,Public
3247,0,0,0,1,Public
3248,0,0,0,1,Public
3249,1,0,0,0,Public
3250,0,1,0,0,Public
3251,1,0,0,0,Public
3252,0,0,1,0,Public
3253,0,1,0,0,Public
3254,0,1,0,0,Public
3255,0,1,0,0,Public
3256,1,0,0,0,Public
3257,0,0,0,1,Public
3258,0,0,0,1,Public
3259,0,1,0,0,Public
3260,1,0,0,0,Public
3261,0,0,0,1,Public
3262,0,0,1,0,Public
3263,0,0,0,1,Public
3264,0,0,0,1,Public
3265,0,0,0,1,Public
3266,0,0,1,0,Public
3267,1,0,0,0,Public
3268,1,0,0,0,Public
3269,1,0,0,0,Public
3270,0,0,0,1,Public
3271,0,0,0,1,Public
3272,0,0,1,0,Public
3273,0,1,0,0,Public
3274,0,0,1,0,Public
3275,0,0,0,1,Public
3276,0,0,1,0,Public
3277,0,1,0,0,Public
3278,0,0,1,0,Public
3279,0,0,0,1,Public
3280,1,0,0,0,Public
3281,0,0,1,0,Public
3282,0,0,1,0,Public
3283,0,1,0,0,Public
3284,0,0,0,1,Public
3285,0,1,0,0,Public
3286,0,1,0,0,Public
3287,0,0,1,0,Public
3288,1,0,0,0,Public
3289,0,1,0,0,Public
3290,0,1,0,0,Public
3291,0,1,0,0,Public
3292,1,0,0,0,Public
3293,1,0,0,0,Public
3294,0,1,0,0,Public
3295,0,1,0,0,Public
3296,0,0,1,0,Public
3297,0,0,1,0,Public
3298,0,0,0,1,Public
3299,0,1,0,0,Public
3300,0,1,0,0,Public
3301,0,1,0,0,Public
3302,0,1,0,0,Public
3303,0,0,0,1,Public
3304,0,0,0,1,Public
3305,0,0,0,1,Public
3306,0,1,0,0,Public
3307,0,0,0,1,Public
3308,0,1,0,0,Public
3309,0,1,0,0,Public
3310,0,1,0,0,Public
3311,0,0,0,1,Public
3312,0,0,0,1,Public
3313,0,0,0,1,Public
3314,0,0,1,0,Public
3315,0,0,0,1,Public
3316,0,0,1,0,Public
3317,0,0,1,0,Public
3318,0,1,0,0,Public
3319,0,0,0,1,Public
3320,0,0,1,0,Public
3321,0,0,0,1,Public
3322,0,0,0,1,Public
3323,0,0,1,0,Public
3324,0,1,0,0,Public
3325,0,1,0,0,Public
3326,0,0,0,1,Public
3327,1,0,0,0,Public
3328,0,0,1,0,Public
3329,0,1,0,0,Public
3330,0,0,0,1,Public
3331,0,0,1,0,Public
3332,0,0,1,0,Public
3333,0,0,0,1,Public
3334,0,0,0,1,Public
3335,0,0,0,1,Public
3336,0,0,0,1,Public
3337,0,1,0,0,Public
3338,0,0,1,0,Public
3339,0,1,0,0,Public
3340,0,0,0,1,Public
3341,0,1,0,0,Public
3342,0,1,0,0,Public
3343,0,0,0,1,Public
3344,1,0,0,0,Public
3345,0,0,1,0,Public
3346,0,1,0,0,Public
3347,0,0,1,0,Public
3348,0,0,1,0,Public
3349,0,0,1,0,Public
3350,0,0,1,0,Public
3351,0,0,1,0,Public
3352,0,0,0,1,Public
3353,0,0,1,0,Public
3354,0,1,0,0,Public
3355,0,1,0,0,Public
3356,0,1,0,0,Public
3357,0,0,1,0,Public
3358,0,1,0,0,Public
3359,0,1,0,0,Public
3360,0,0,1,0,Public
3361,0,0,0,1,Public
3362,0,0,1,0,Public
3363,0,0,1,0,Public
3364,0,0,0,1,Public
3365,1,0,0,0,Public
3366,0,0,0,1,Public
3367,0,0,0,1,Public
3368,0,1,0,0,Public
3369,0,1,0,0,Public
3370,0,0,1,0,Public
3371,0,1,0,0,Public
3372,1,0,0,0,Public
3373,0,0,0,1,Public
3374,0,0,0,1,Public
3375,0,0,0,1,Public
3376,0,0,1,0,Public
3377,0,1,0,0,Public
3378,0,0,0,1,Public
3379,0,0,0,1,Public
3380,0,0,0,1,Public
3381,0,0,0,1,Public
3382,0,1,0,0,Public
3383,0,0,0,1,Public
3384,0,0,1,0,Public
3385,0,1,0,0,Public
3386,0,0,0,1,Public
3387,0,0,0,1,Public
3388,0,0,0,1,Public
3389,0,0,0,1,Public
3390,0,1,0,0,Public
3391,0,0,1,0,Public
3392,0,1,0,0,Public
3393,0,0,0,1,Public
3394,0,0,1,0,Public
3395,0,1,0,0,Public
3396,0,0,0,1,Public
3397,0,0,0,1,Public
3398,0,0,0,1,Public
3399,0,1,0,0,Public
3400,1,0,0,0,Public
3401,0,1,0,0,Public
3402,1,0,0,0,Public
3403,0,1,0,0,Public
3404,1,0,0,0,Public
3405,0,1,0,0,Public
3406,0,0,0,1,Public
3407,0,1,0,0,Public
3408,1,0,0,0,Public
3409,0,0,1,0,Public
3410,0,1,0,0,Public
3411,0,1,0,0,Public
3412,0,1,0,0,Public
3413,1,0,0,0,Public
3414,0,0,1,0,Public
3415,0,0,0,1,Public
3416,0,0,0,1,Public
3417,0,1,0,0,Public
3418,0,0,0,1,Public
3419,0,0,0,1,Public
3420,1,0,0,0,Public
3421,0,0,1,0,Public
3422,0,1,0,0,Public
3423,0,1,0,0,Public
3424,0,0,0,1,Public
3425,0,0,1,0,Public
3426,0,1,0,0,Public
3427,0,0,1,0,Public
3428,0,1,0,0,Public
3429,0,1,0,0,Public
3430,1,0,0,0,Public
3431,0,0,1,0,Public
3432,0,0,1,0,Public
3433,0,0,0,1,Public
3434,0,1,0,0,Public
3435,0,0,1,0,Public
3436,0,0,0,1,Public
3437,0,0,0,1,Public
3438,0,0,0,1,Public
3439,0,1,0,0,Public
3440,0,0,0,1,Public
3441,0,1,0,0,Public
3442,0,0,0,1,Public
3443,0,0,0,1,Public
3444,0,0,0,1,Public
3445,0,0,0,1,Public
3446,0,0,0,1,Public
3447,0,0,1,0,Public
3448,0,0,0,1,Public
3449,0,1,0,0,Public
3450,0,0,1,0,Public
3451,0,0,0,1,Public
3452,0,0,1,0,Public
3453,0,0,1,0,Public
3454,0,0,0,1,Public
3455,0,0,0,1,Public
3456,0,0,0,1,Public
3457,0,1,0,0,Public
3458,0,0,0,1,Public
3459,0,0,0,1,Public
3460,0,1,0,0,Public
3461,0,0,1,0,Public
3462,1,0,0,0,Public
3463,0,0,0,1,Public
3464,0,0,1,0,Public
3465,0,0,1,0,Public
3466,0,0,0,1,Public
3467,1,0,0,0,Public
3468,0,0,0,1,Public
3469,0,1,0,0,Public
3470,1,0,0,0,Public
3471,0,0,0,1,Public
3472,0,0,1,0,Public
3473,0,0,1,0,Public
3474,0,0,0,1,Public
3475,1,0,0,0,Public
3476,1,0,0,0,Public
3477,0,0,0,1,Public
3478,0,0,0,1,Public
3479,0,1,0,0,Public
3480,1,0,0,0,Public
3481,1,0,0,0,Public
3482,0,0,1,0,Public
3483,0,1,0,0,Public
3484,0,1,0,0,Public
3485,0,1,0,0,Public
3486,0,1,0,0,Public
3487,0,1,0,0,Public
3488,0,1,0,0,Public
3489,0,1,0,0,Public
3490,0,0,0,1,Public
3491,0,1,0,0,Public
3492,0,1,0,0,Public
3493,0,0,1,0,Public
3494,0,0,1,0,Public
3495,0,0,1,0,Public
3496,0,1,0,0,Public
3497,0,1,0,0,Public
3498,0,0,0,1,Public
3499,0,1,0,0,Public
3500,0,1,0,0,Public
3501,0,1,0,0,Public
3502,0,0,1,0,Public
3503,0,0,0,1,Public
3504,0,0,0,1,Public
3505,0,1,0,0,Public
3506,0,0,1,0,Public
3507,0,0,1,0,Public
3508,0,0,0,1,Public
3509,0,0,1,0,Public
3510,0,0,0,1,Public
3511,0,0,0,1,Public
3512,0,0,1,0,Public
3513,0,0,1,0,Public
3514,0,0,0,1,Public
3515,0,0,1,0,Public
3516,0,1,0,0,Public
3517,0,1,0,0,Public
3518,0,0,0,1,Public
3519,1,0,0,0,Public
3520,0,0,0,1,Public
3521,0,1,0,0,Public
3522,0,1,0,0,Public
3523,0,0,0,1,Public
3524,0,0,0,1,Public
3525,0,0,1,0,Public
3526,0,0,0,1,Public
3527,0,0,1,0,Public
3528,0,1,0,0,Public
3529,0,0,1,0,Public
3530,0,0,1,0,Public
3531,0,0,1,0,Public
3532,0,0,0,1,Public
3533,0,0,0,1,Public
3534,1,0,0,0,Public
3535,1,0,0,0,Public
3536,0,0,0,1,Public
3537,1,0,0,0,Public
3538,0,1,0,0,Public
3539,0,0,0,1,Public
3540,0,1,0,0,Public
3541,0,0,1,0,Public
3542,0,0,0,1,Public
3543,1,0,0,0,Public
3544,0,0,0,1,Public
3545,0,0,0,1,Public
3546,1,0,0,0,Public
3547,1,0,0,0,Public
3548,0,0,1,0,Public
3549,0,1,0,0,Public
3550,0,1,0,0,Public
3551,0,0,0,1,Public
3552,0,0,0,1,Public
3553,0,0,0,1,Public
3554,0,0,1,0,Public
3555,0,0,1,0,Public
3556,0,1,0,0,Public
3557,0,1,0,0,Public
3558,0,0,1,0,Public
3559,0,1,0,0,Public
3560,0,0,0,1,Public
3561,0,0,1,0,Public
3562,0,1,0,0,Public
3563,0,0,1,0,Public
3564,0,0,0,1,Public
3565,0,1,0,0,Public
3566,0,1,0,0,Public
3567,0,0,0,1,Public
3568,0,0,1,0,Public
3569,0,1,0,0,Public
3570,0,0,1,0,Public
3571,0,1,0,0,Public
3572,0,0,1,0,Public
3573,0,0,0,1,Public
3574,0,0,0,1,Public
3575,0,0,1,0,Public
3576,0,0,0,1,Public
3577,0,0,0,1,Public
3578,1,0,0,0,Public
3579,0,0,1,0,Public
3580,0,0,1,0,Public
3581,0,1,0,0,Public
3582,1,0,0,0,Public
3583,0,0,0,1,Public
3584,0,1,0,0,Public
3585,0,1,0,0,Public
3586,0,0,0,1,Public
3587,0,0,1,0,Public
3588,0,0,0,1,Public
3589,0,0,1,0,Public
3590,0,1,0,0,Public
3591,0,0,1,0,Public
3592,0,0,1,0,Public
3593,0,1,0,0,Public
3594,1,0,0,0,Public
3595,0,0,1,0,Public
3596,0,0,1,0,Public
3597,0,1,0,0,Public
3598,0,0,1,0,Public
3599,0,0,1,0,Public
3600,0,0,1,0,Public
3601,0,0,1,0,Public
3602,0,0,0,1,Public
3603,0,0,0,1,Public
3604,0,0,0,1,Public
3605,0,0,0,1,Public
3606,0,0,0,1,Public
3607,0,0,0,1,Public
3608,0,1,0,0,Public
3609,0,1,0,0,Public
3610,0,0,1,0,Public
3611,0,0,0,1,Public
3612,0,1,0,0,Public
3613,1,0,0,0,Public
3614,0,0,1,0,Public
3615,0,0,0,1,Public
3616,0,0,0,1,Public
3617,0,1,0,0,Public
3618,0,0,1,0,Public
3619,0,0,0,1,Public
3620,0,0,0,1,Public
3621,0,1,0,0,Public
3622,0,0,1,0,Public
3623,0,0,0,1,Public
3624,0,1,0,0,Public
3625,0,0,0,1,Public
3626,0,0,1,0,Public
3627,0,1,0,0,Public
3628,0,0,0,1,Public
3629,0,1,0,0,Public
3630,0,0,1,0,Public
3631,0,0,1,0,Public
3632,0,1,0,0,Public
3633,1,0,0,0,Public
3634,0,0,1,0,Public
3635,0,0,1,0,Public
3636,0,0,0,1,Public
3637,0,1,0,0,Public
3638,0,1,0,0,Public
3639,0,0,1,0,Public
3640,1,0,0,0,Public
3641,0,0,0,1,Public
3642,0,0,1,0,Public
3643,0,1,0,0,Public
3644,0,0,1,0,Public
3645,0,0,0,1,Public
3646,0,0,0,1,Public
3647,0,0,0,1,Public
3648,0,0,1,0,Public
3649,0,1,0,0,Public
3650,0,0,0,1,Public
3651,0,0,0,1,Public
3652,0,1,0,0,Public
3653,0,0,1,0,Public
3654,0,0,1,0,Public
3655,1,0,0,0,Public
3656,1,0,0,0,Public
3657,0,1,0,0,Public
3658,0,1,0,0,Public
3659,0,0,0,1,Public
3660,0,0,1,0,Public
3661,1,0,0,0,Public
3662,0,1,0,0,Public
3663,0,0,0,1,Public
3664,0,1,0,0,Public
3665,0,0,1,0,Public
3666,0,1,0,0,Public
3667,0,0,0,1,Public
3668,0,0,0,1,Public
3669,0,0,1,0,Public
3670,0,1,0,0,Public
3671,0,0,0,1,Public
3672,0,1,0,0,Public
3673,0,0,1,0,Public
3674,0,0,1,0,Public
3675,0,0,1,0,Public
3676,0,1,0,0,Public
3677,0,0,1,0,Public
3678,0,0,0,1,Public
3679,0,0,0,1,Public
3680,0,0,0,1,Public
3681,0,1,0,0,Public
3682,0,0,1,0,Public
3683,1,0,0,0,Public
3684,0,1,0,0,Public
3685,0,1,0,0,Public
3686,0,0,1,0,Public
3687,0,0,0,1,Public
3688,0,0,1,0,Public
3689,0,1,0,0,Public
3690,0,1,0,0,Public
3691,0,0,0,1,Public
3692,0,0,1,0,Public
3693,0,0,0,1,Public
3694,1,0,0,0,Public
3695,0,0,0,1,Public
3696,0,0,1,0,Public
3697,0,1,0,0,Public
3698,0,0,0,1,Public
3699,1,0,0,0,Public
3700,0,0,1,0,Public
3701,0,1,0,0,Public
3702,1,0,0,0,Public
3703,0,1,0,0,Public
3704,0,0,1,0,Public
3705,0,0,1,0,Public
3706,0,1,0,0,Public
3707,0,0,1,0,Public
3708,0,0,1,0,Public
3709,0,1,0,0,Public
3710,0,0,1,0,Public
3711,0,1,0,0,Public
3712,0,0,0,1,Public
3713,1,0,0,0,Public
3714,0,0,0,1,Public
3715,0,1,0,0,Public
3716,0,0,0,1,Public
3717,0,0,0,1,Public
3718,0,0,0,1,Public
3719,0,1,0,0,Public
3720,0,0,0,1,Public
3721,0,0,0,1,Public
3722,0,0,0,1,Public
3723,0,0,1,0,Public
3724,0,1,0,0,Public
3725,0,1,0,0,Public
3726,0,0,1,0,Public
3727,0,1,0,0,Public
3728,0,0,0,1,Public
3729,1,0,0,0,Public
3730,0,0,0,1,Public
3731,0,0,1,0,Public
3732,0,0,1,0,Public
3733,1,0,0,0,Public
3734,0,0,0,1,Public
3735,0,1,0,0,Public
3736,0,0,0,1,Public
3737,1,0,0,0,Public
3738,0,0,0,1,Public
3739,0,0,1,0,Public
3740,0,1,0,0,Public
3741,0,0,0,1,Public
3742,0,0,1,0,Public
3743,0,1,0,0,Public
3744,0,1,0,0,Public
3745,0,0,0,1,Public
3746,0,0,1,0,Public
3747,1,0,0,0,Public
3748,0,0,0,1,Public
3749,0,1,0,0,Public
3750,0,0,0,1,Public
3751,0,0,1,0,Public
3752,0,0,0,1,Public
3753,0,0,0,1,Public
3754,0,1,0,0,Public
3755,0,0,0,1,Public
3756,0,0,0,1,Public
3757,0,0,0,1,Public
3758,0,1,0,0,Public
3759,0,0,0,1,Public
3760,1,0,0,0,Public
3761,0,0,1,0,Public
3762,0,1,0,0,Public
3763,0,1,0,0,Public
3764,0,1,0,0,Public
3765,0,0,0,1,Public
3766,0,1,0,0,Public
3767,0,1,0,0,Public
3768,0,1,0,0,Public
3769,0,0,0,1,Public
3770,0,0,1,0,Public
3771,0,0,1,0,Public
3772,0,1,0,0,Public
3773,0,0,0,1,Public
3774,0,1,0,0,Public
3775,0,0,1,0,Public
3776,0,0,1,0,Public
3777,0,1,0,0,Public
3778,0,0,0,1,Public
3779,0,0,1,0,Public
3780,0,0,0,1,Public
3781,0,0,0,1,Public
3782,0,0,1,0,Public
3783,0,0,0,1,Public
3784,0,1,0,0,Public
3785,1,0,0,0,Public
3786,0,0,0,1,Public
3787,0,1,0,0,Public
3788,0,0,0,1,Public
3789,0,1,0,0,Public
3790,1,0,0,0,Public
3791,0,0,1,0,Public
3792,0,1,0,0,Public
3793,0,0,0,1,Public
3794,0,0,0,1,Public
3795,0,0,0,1,Public
3796,0,1,0,0,Public
3797,0,0,1,0,Public
3798,0,0,0,1,Public
3799,0,0,1,0,Public
3800,0,0,1,0,Public
3801,0,0,1,0,Public
3802,0,0,0,1,Public
3803,0,0,0,1,Public
3804,0,0,1,0,Public
3805,0,1,0,0,Public
3806,0,0,0,1,Public
3807,0,0,0,1,Public
3808,1,0,0,0,Public
3809,0,0,0,1,Public
3810,0,0,0,1,Public
3811,0,1,0,0,Public
3812,1,0,0,0,Public
3813,0,0,0,1,Public
3814,0,0,1,0,Public
3815,0,0,1,0,Public
3816,0,0,0,1,Public
3817,0,0,0,1,Public
3818,0,0,1,0,Public
3819,0,0,0,1,Public
3820,0,0,1,0,Public
3821,0,0,1,0,Public
3822,0,0,0,1,Public
3823,0,0,1,0,Public
3824,0,0,0,1,Public
3825,0,1,0,0,Public
3826,0,0,0,1,Public
3827,1,0,0,0,Public
3828,0,0,0,1,Public
3829,0,0,0,1,Public
3830,0,1,0,0,Public
3831,1,0,0,0,Public
3832,0,0,1,0,Public
3833,0,0,1,0,Public
3834,0,0,1,0,Public
3835,0,1,0,0,Public
3836,0,0,0,1,Public
3837,0,1,0,0,Public
3838,0,0,0,1,Public
3839,0,0,1,0,Public
3840,0,0,1,0,Public
3841,0,1,0,0,Public
3842,0,1,0,0,Public
3843,0,1,0,0,Public
3844,1,0,0,0,Public
3845,0,1,0,0,Public
3846,1,0,0,0,Public
3847,0,1,0,0,Public
3848,0,0,1,0,Public
3849,0,1,0,0,Public
3850,0,0,1,0,Public
3851,0,1,0,0,Public
3852,1,0,0,0,Public
3853,0,0,1,0,Public
3854,0,0,1,0,Public
3855,0,1,0,0,Public
3856,0,1,0,0,Public
3857,0,0,1,0,Public
3858,0,0,0,1,Public
3859,0,0,1,0,Public
3860,0,1,0,0,Public
3861,0,1,0,0,Public
3862,0,0,0,1,Public
3863,0,1,0,0,Public
3864,0,1,0,0,Public
3865,0,0,1,0,Public
3866,0,0,1,0,Public
3867,0,0,0,1,Public
3868,0,1,0,0,Public
3869,0,0,0,1,Public
3870,1,0,0,0,Public
3871,0,0,1,0,Public
3872,0,1,0,0,Public
3873,0,0,1,0,Public
3874,0,0,1,0,Public
3875,0,1,0,0,Public
3876,0,1,0,0,Public
3877,0,0,0,1,Public
3878,0,0,1,0,Public
3879,0,0,1,0,Public
3880,0,1,0,0,Public
3881,0,0,0,1,Public
3882,0,1,0,0,Public
3883,0,0,1,0,Public
3884,0,0,0,1,Public
3885,0,0,0,1,Public
3886,0,1,0,0,Public
3887,0,0,1,0,Public
3888,0,0,1,0,Public
3889,1,0,0,0,Public
3890,0,0,1,0,Public
3891,0,0,0,1,Public
3892,0,0,1,0,Public
3893,0,0,0,1,Public
3894,0,0,1,0,Public
3895,0,0,0,1,Public
3896,0,0,0,1,Public
3897,0,1,0,0,Public
3898,0,0,1,0,Public
3899,0,1,0,0,Public
3900,0,1,0,0,Public
3901,0,0,1,0,Public
3902,0,0,0,1,Public
3903,0,0,0,1,Public
3904,0,1,0,0,Public
3905,0,0,0,1,Public
3906,1,0,0,0,Public
3907,0,0,0,1,Public
3908,0,0,0,1,Public
3909,0,0,0,1,Public
3910,1,0,0,0,Public
3911,1,0,0,0,Public
3912,0,0,0,1,Public
3913,0,0,0,1,Public
3914,0,1,0,0,Public
3915,0,1,0,0,Public
3916,0,0,1,0,Public
3917,0,0,1,0,Public
3918,0,1,0,0,Public
3919,1,0,0,0,Public
3920,0,0,1,0,Public
3921,0,1,0,0,Public
3922,0,1,0,0,Public
3923,0,0,0,1,Public
3924,0,1,0,0,Public
3925,0,0,1,0,Public
3926,0,0,1,0,Public
3927,0,0,0,1,Public
3928,0,0,1,0,Public
3929,0,0,0,1,Public
3930,0,0,1,0,Public
3931,0,0,0,1,Public
3932,0,1,0,0,Public
3933,0,1,0,0,Public
3934,1,0,0,0,Public
3935,0,0,0,1,Public
3936,1,0,0,0,Public
3937,0,1,0,0,Public
3938,0,1,0,0,Public
3939,0,0,1,0,Public
3940,0,0,0,1,Public
3941,1,0,0,0,Public
3942,0,0,0,1,Public
3943,0,0,1,0,Public
3944,0,0,1,0,Public
3945,0,0,1,0,Public
3946,0,0,1,0,Public
3947,0,1,0,0,Public
3948,1,0,0,0,Public
3949,0,0,0,1,Public
3950,0,0,0,1,Public
3951,0,0,0,1,Public
3952,0,0,0,1,Public
3953,0,0,1,0,Public
3954,0,0,1,0,Public
3955,0,0,0,1,Public
3956,0,0,0,1,Public
3957,0,0,1,0,Public
3958,0,0,1,0,Public
3959,0,0,0,1,Public
3960,0,0,0,1,Public
3961,0,1,0,0,Public
3962,0,0,0,1,Public
3963,0,1,0,0,Public
3964,0,0,1,0,Public
3965,0,0,1,0,Public
3966,0,1,0,0,Public
3967,0,0,1,0,Public
3968,0,0,1,0,Public
3969,1,0,0,0,Public
3970,0,0,1,0,Public
3971,0,0,1,0,Public
3972,0,1,0,0,Public
3973,0,0,0,1,Public
3974,0,0,0,1,Public
3975,0,0,0,1,Public
3976,0,0,1,0,Public
3977,0,1,0,0,Public
3978,0,0,1,0,Public
3979,0,1,0,0,Public
3980,0,1,0,0,Public
3981,0,1,0,0,Public
3982,0,0,0,1,Public
3983,0,0,1,0,Public
3984,0,1,0,0,Public
3985,0,0,0,1,Public
3986,0,0,1,0,Public
3987,0,0,1,0,Public
3988,0,0,1,0,Public
3989,1,0,0,0,Public
3990,0,0,1,0,Public
3991,0,1,0,0,Public
3992,0,0,1,0,Public
3993,0,1,0,0,Public
3994,0,1,0,0,Public
3995,0,0,0,1,Public
3996,0,1,0,0,Public
3997,0,1,0,0,Public
3998,0,1,0,0,Public
3999,0,1,0,0,Public
4000,0,1,0,0,Public
4001,0,0,1,0,Public
4002,0,1,0,0,Public
4003,0,0,1,0,Public
4004,0,0,1,0,Public
4005,1,0,0,0,Public
4006,0,1,0,0,Public
4007,0,0,0,1,Public
4008,1,0,0,0,Public
4009,0,1,0,0,Public
4010,0,0,0,1,Public
4011,0,0,0,1,Public
4012,0,1,0,0,Public
4013,0,0,0,1,Public
4014,0,0,0,1,Public
4015,0,0,1,0,Public
4016,0,0,1,0,Public
4017,0,0,1,0,Public
4018,1,0,0,0,Public
4019,1,0,0,0,Public
4020,0,1,0,0,Public
4021,0,1,0,0,Public
4022,0,1,0,0,Public
4023,0,1,0,0,Public
4024,0,0,0,1,Public
4025,0,0,1,0,Public
4026,0,0,1,0,Public
4027,0,0,0,1,Public
4028,1,0,0,0,Public
4029,0,1,0,0,Public
4030,0,1,0,0,Public
4031,0,0,0,1,Public
4032,0,0,1,0,Public
4033,0,1,0,0,Public
4034,0,0,1,0,Public
4035,0,0,0,1,Public
4036,0,0,1,0,Public
4037,0,1,0,0,Public
4038,0,0,0,1,Public
4039,0,1,0,0,Public
4040,0,1,0,0,Public
4041,0,0,0,1,Public
4042,0,0,0,1,Public
4043,1,0,0,0,Public
4044,0,1,0,0,Public
4045,0,0,1,0,Public
4046,0,1,0,0,Public
4047,0,0,1,0,Public
4048,0,1,0,0,Public
4049,0,0,1,0,Public
4050,0,1,0,0,Public
4051,0,0,1,0,Public
4052,0,1,0,0,Public
4053,0,0,0,1,Public
4054,0,0,0,1,Public
4055,0,1,0,0,Public
4056,0,0,0,1,Public
4057,0,0,0,1,Public
4058,0,0,0,1,Public
4059,0,0,0,1,Public
4060,0,0,0,1,Public
4061,0,1,0,0,Public
4062,0,0,0,1,Public
4063,0,0,1,0,Public
4064,0,0,0,1,Public
4065,0,0,1,0,Public
4066,0,0,1,0,Public
4067,0,0,0,1,Public
4068,0,0,1,0,Public
4069,0,0,0,1,Public
4070,0,0,0,1,Public
4071,0,0,1,0,Public
4072,0,0,1,0,Public
4073,1,0,0,0,Public
4074,0,1,0,0,Public
4075,0,1,0,0,Public
4076,0,1,0,0,Public
4077,0,0,0,1,Public
4078,0,0,1,0,Public
4079,0,0,0,1,Public
4080,0,0,0,1,Public
4081,0,0,0,1,Public
4082,1,0,0,0,Public
4083,0,0,1,0,Public
4084,1,0,0,0,Public
4085,0,1,0,0,Public
4086,0,0,0,1,Public
4087,0,0,0,1,Public
4088,0,0,0,1,Public
4089,0,1,0,0,Public
4090,0,0,1,0,Public
4091,0,1,0,0,Public
4092,0,0,1,0,Public
4093,0,1,0,0,Public
4094,0,1,0,0,Public
4095,1,0,0,0,Public
4096,1,0,0,0,Public
4097,0,0,0,1,Public
4098,0,0,0,1,Public
4099,0,1,0,0,Public
4100,0,0,0,1,Public
4101,0,0,0,1,Public
4102,0,1,0,0,Public
4103,0,0,0,1,Public
4104,0,1,0,0,Public
4105,1,0,0,0,Public
4106,0,0,0,1,Public
4107,0,0,1,0,Public
4108,0,0,1,0,Public
4109,0,1,0,0,Public
4110,0,1,0,0,Public
4111,0,0,0,1,Public
4112,0,0,1,0,Public
4113,1,0,0,0,Public
4114,0,0,1,0,Public
4115,1,0,0,0,Public
4116,0,1,0,0,Public
4117,0,0,1,0,Public
4118,0,1,0,0,Public
4119,0,1,0,0,Public
4120,0,0,1,0,Public
4121,0,0,0,1,Public
4122,0,0,1,0,Public
4123,0,0,1,0,Public
4124,0,0,1,0,Public
4125,0,0,1,0,Public
4126,0,0,0,1,Public
4127,0,0,0,1,Public
4128,0,0,0,1,Public
4129,0,1,0,0,Public
4130,0,1,0,0,Public
4131,1,0,0,0,Public
4132,0,1,0,0,Public
4133,0,0,1,0,Public
4134,0,0,1,0,Public
4135,0,0,1,0,Public
4136,0,0,1,0,Public
4137,0,1,0,0,Public
4138,0,0,1,0,Public
4139,0,0,0,1,Public
4140,0,0,0,1,Public
4141,0,0,0,1,Public
4142,0,1,0,0,Public
4143,0,0,0,1,Public
4144,0,0,1,0,Public
4145,0,0,0,1,Public
4146,1,0,0,0,Public
4147,0,0,0,1,Public
4148,0,0,1,0,Public
4149,0,0,1,0,Public
4150,0,1,0,0,Public
4151,0,1,0,0,Public
4152,0,0,1,0,Public
4153,0,0,1,0,Public
4154,0,0,0,1,Public
4155,0,1,0,0,Public
4156,0,1,0,0,Public
4157,0,0,0,1,Public
4158,0,1,0,0,Public
4159,0,0,1,0,Public
4160,0,1,0,0,Public
4161,0,0,0,1,Public
4162,0,0,0,1,Public
4163,0,0,1,0,Public
4164,0,0,1,0,Public
4165,0,0,1,0,Public
4166,0,1,0,0,Public
4167,0,0,0,1,Public
4168,0,1,0,0,Public
4169,0,0,0,1,Public
4170,0,0,0,1,Public
4171,0,0,0,1,Public
4172,0,1,0,0,Public
4173,0,0,0,1,Public
4174,1,0,0,0,Public
4175,0,0,0,1,Public
4176,0,0,1,0,Public
4177,0,0,0,1,Public
4178,0,0,0,1,Public
4179,0,0,1,0,Public
4180,0,1,0,0,Public
4181,1,0,0,0,Public
4182,0,1,0,0,Public
4183,0,0,1,0,Public
4184,0,1,0,0,Public
4185,0,0,0,1,Public
4186,0,0,1,0,Public
4187,0,1,0,0,Public
4188,1,0,0,0,Public
4189,0,0,0,1,Public
4190,1,0,0,0,Public
4191,1,0,0,0,Public
4192,1,0,0,0,Public
4193,0,0,0,1,Public
4194,0,1,0,0,Public
4195,0,0,0,1,Public
4196,1,0,0,0,Public
4197,0,0,1,0,Public
4198,1,0,0,0,Public
4199,0,0,1,0,Public
4200,0,0,1,0,Public
4201,0,1,0,0,Public
4202,0,1,0,0,Public
4203,0,0,1,0,Public
4204,0,0,1,0,Public
4205,0,0,0,1,Public
4206,0,0,0,1,Public
4207,0,0,1,0,Public
4208,0,0,0,1,Public
4209,0,0,1,0,Public
4210,0,1,0,0,Public
4211,0,0,0,1,Public
4212,0,1,0,0,Public
4213,0,1,0,0,Public
4214,0,1,0,0,Public
4215,1,0,0,0,Public
4216,0,1,0,0,Public
4217,1,0,0,0,Public
4218,0,1,0,0,Public
4219,0,0,1,0,Public
4220,0,0,0,1,Public
4221,0,0,1,0,Public
4222,0,1,0,0,Public
4223,0,0,0,1,Public
4224,0,0,1,0,Public
4225,0,1,0,0,Public
4226,0,1,0,0,Public
4227,1,0,0,0,Public
4228,0,0,1,0,Public
4229,0,0,1,0,Public
4230,0,1,0,0,Public
4231,1,0,0,0,Public
4232,0,0,0,1,Public
4233,0,1,0,0,Public
4234,0,1,0,0,Public
4235,0,1,0,0,Public
4236,0,0,0,1,Public
4237,0,1,0,0,Public
4238,0,1,0,0,Public
4239,0,0,0,1,Public
4240,0,0,1,0,Public
4241,0,1,0,0,Public
4242,0,0,1,0,Public
4243,0,1,0,0,Public
4244,0,0,0,1,Public
4245,0,0,0,1,Public
4246,0,1,0,0,Public
4247,0,1,0,0,Public
4248,0,1,0,0,Public
4249,0,0,1,0,Public
4250,0,0,0,1,Public
4251,0,0,0,1,Public
4252,0,0,0,1,Public
4253,0,0,0,1,Public
4254,0,1,0,0,Public
4255,1,0,0,0,Public
4256,0,1,0,0,Public
4257,0,0,1,0,Public
4258,0,0,0,1,Public
4259,0,1,0,0,Public
4260,0,1,0,0,Public
4261,0,0,1,0,Public
4262,1,0,0,0,Public
4263,0,0,1,0,Public
4264,0,1,0,0,Public
4265,1,0,0,0,Public
4266,0,0,1,0,Public
4267,0,0,1,0,Public
4268,0,0,0,1,Public
4269,0,0,0,1,Public
4270,0,0,1,0,Public
4271,0,0,0,1,Public
4272,0,0,0,1,Public
4273,0,0,0,1,Public
4274,0,1,0,0,Public
4275,1,0,0,0,Public
4276,0,0,1,0,Public
4277,0,1,0,0,Public
4278,0,0,0,1,Public
4279,0,0,1,0,Public
4280,0,0,0,1,Public
4281,0,0,0,1,Public
4282,0,0,1,0,Public
4283,1,0,0,0,Public
4284,0,0,0,1,Public
4285,0,1,0,0,Public
4286,1,0,0,0,Public
4287,0,0,0,1,Public
4288,0,1,0,0,Public
4289,1,0,0,0,Public
4290,0,0,1,0,Public
4291,0,0,1,0,Public
4292,0,0,1,0,Public
4293,0,0,0,1,Public
4294,0,0,1,0,Public
4295,0,0,0,1,Public
4296,0,0,1,0,Public
4297,0,1,0,0,Public
4298,0,0,1,0,Public
4299,0,0,1,0,Public
4300,0,0,0,1,Public
4301,0,1,0,0,Public
4302,0,0,1,0,Public
4303,0,0,0,1,Public
4304,0,0,1,0,Public
4305,0,1,0,0,Public
4306,0,0,0,1,Public
4307,0,0,1,0,Public
4308,0,1,0,0,Public
4309,0,1,0,0,Public
4310,0,0,0,1,Public
4311,0,0,0,1,Public
4312,0,0,1,0,Public
4313,0,1,0,0,Public
4314,0,0,1,0,Public
4315,0,0,1,0,Public
4316,0,0,0,1,Public
4317,0,0,1,0,Public
4318,0,0,1,0,Public
4319,0,0,0,1,Public
4320,0,0,0,1,Public
4321,0,0,0,1,Public
4322,0,0,0,1,Public
4323,0,1,0,0,Public
4324,0,1,0,0,Public
4325,1,0,0,0,Public
4326,0,1,0,0,Public
4327,0,0,1,0,Public
4328,0,0,1,0,Public
4329,0,0,1,0,Public
4330,0,0,0,1,Public
4331,0,0,0,1,Public
4332,0,0,0,1,Public
4333,0,1,0,0,Public
4334,0,0,1,0,Public
4335,1,0,0,0,Public
4336,0,0,0,1,Public
4337,1,0,0,0,Public
4338,0,0,1,0,Public
4339,1,0,0,0,Public
4340,0,1,0,0,Public
4341,0,1,0,0,Public
4342,0,0,0,1,Public
4343,0,1,0,0,Public
4344,0,0,1,0,Public
4345,0,0,1,0,Public
4346,1,0,0,0,Public
4347,0,0,0,1,Public
4348,0,1,0,0,Public
4349,0,0,1,0,Public
4350,0,0,1,0,Public
4351,0,0,0,1,Public
4352,0,1,0,0,Public
4353,0,0,0,1,Public
4354,1,0,0,0,Public
4355,0,1,0,0,Public
4356,0,0,0,1,Public
4357,0,0,1,0,Public
4358,0,0,1,0,Public
4359,0,1,0,0,Public
4360,0,0,1,0,Public
4361,0,0,0,1,Public
4362,0,1,0,0,Public
4363,0,0,1,0,Public
4364,1,0,0,0,Public
4365,0,0,1,0,Public
4366,0,1,0,0,Public
4367,0,0,0,1,Public
4368,0,1,0,0,Public
4369,0,1,0,0,Public
4370,0,1,0,0,Public
4371,0,1,0,0,Public
4372,0,0,1,0,Public
4373,0,0,1,0,Public
4374,0,0,0,1,Public
4375,0,1,0,0,Public
4376,0,0,1,0,Public
4377,0,0,1,0,Public
4378,1,0,0,0,Public
4379,0,1,0,0,Public
4380,0,0,0,1,Public
4381,0,1,0,0,Public
4382,0,0,1,0,Public
4383,0,1,0,0,Public
4384,0,0,1,0,Public
4385,1,0,0,0,Public
4386,0,0,1,0,Public
4387,0,0,0,1,Public
4388,0,1,0,0,Public
4389,0,0,0,1,Public
4390,0,1,0,0,Public
4391,0,0,0,1,Public
4392,0,0,0,1,Public
4393,0,0,0,1,Public
4394,0,1,0,0,Public
4395,0,1,0,0,Public
4396,0,0,0,1,Public
4397,0,0,1,0,Public
4398,0,0,0,1,Public
4399,0,1,0,0,Public
4400,0,1,0,0,Public
4401,1,0,0,0,Public
4402,1,0,0,0,Public
4403,1,0,0,0,Public
4404,1,0,0,0,Public
4405,0,1,0,0,Public
4406,0,1,0,0,Public
4407,1,0,0,0,Public
4408,0,0,0,1,Public
4409,0,0,0,1,Public
4410,1,0,0,0,Public
4411,0,0,0,1,Public
4412,0,0,1,0,Public
4413,0,1,0,0,Public
4414,0,0,1,0,Public
4415,0,1,0,0,Public
4416,0,0,0,1,Public
4417,1,0,0,0,Public
4418,1,0,0,0,Public
4419,0,0,1,0,Public
4420,0,0,0,1,Public
4421,0,0,1,0,Public
4422,0,0,0,1,Public
4423,0,0,1,0,Public
4424,0,0,0,1,Public
4425,0,1,0,0,Public
4426,0,1,0,0,Public
4427,1,0,0,0,Public
4428,0,1,0,0,Public
4429,0,1,0,0,Public
4430,0,0,1,0,Public
4431,0,1,0,0,Public
4432,0,0,0,1,Public
4433,0,0,1,0,Public
4434,0,0,0,1,Public
4435,0,0,1,0,Public
4436,0,0,1,0,Public
4437,1,0,0,0,Public
4438,0,0,0,1,Public
4439,0,1,0,0,Public
4440,0,0,1,0,Public
4441,0,1,0,0,Public
4442,0,0,0,1,Public
4443,0,0,0,1,Public
4444,0,1,0,0,Public
4445,0,1,0,0,Public
4446,0,0,1,0,Public
4447,0,0,0,1,Public
4448,0,0,1,0,Public
4449,0,0,0,1,Public
4450,0,0,0,1,Public
4451,0,0,1,0,Public
4452,0,1,0,0,Public
4453,0,0,1,0,Public
4454,0,0,0,1,Public
4455,0,0,1,0,Public
4456,0,0,1,0,Public
4457,0,0,0,1,Public
4458,0,0,1,0,Public
4459,0,0,1,0,Public
4460,0,0,0,1,Public
4461,0,1,0,0,Public
4462,0,0,0,1,Public
4463,0,0,0,1,Public
4464,0,0,1,0,Public
4465,0,0,1,0,Public
4466,0,0,0,1,Public
4467,0,0,1,0,Public
4468,0,1,0,0,Public
4469,0,1,0,0,Public
4470,1,0,0,0,Public
4471,0,0,1,0,Public
4472,0,0,0,1,Public
4473,0,0,1,0,Public
4474,0,0,1,0,Public
4475,0,0,0,1,Public
4476,1,0,0,0,Public
4477,0,0,0,1,Public
4478,0,0,1,0,Public
4479,0,1,0,0,Public
4480,0,0,0,1,Public
4481,0,0,0,1,Public
4482,1,0,0,0,Public
4483,0,0,0,1,Public
4484,1,0,0,0,Public
4485,0,0,1,0,Public
4486,0,0,0,1,Public
4487,0,0,0,1,Public
4488,0,0,1,0,Public
4489,0,0,0,1,Public
4490,0,0,1,0,Public
4491,0,0,1,0,Public
4492,0,0,1,0,Public
4493,0,1,0,0,Public
4494,0,0,0,1,Public
4495,0,0,1,0,Public
4496,1,0,0,0,Public
4497,1,0,0,0,Public
4498,0,1,0,0,Public
4499,0,0,0,1,Public
4500,0,0,1,0,Public
4501,0,1,0,0,Public
4502,0,0,1,0,Public
4503,0,0,0,1,Public
4504,0,0,1,0,Public
4505,0,1,0,0,Public
4506,0,0,0,1,Public
4507,0,0,1,0,Public
4508,0,0,1,0,Public
4509,0,0,1,0,Public
4510,0,0,1,0,Public
4511,0,0,1,0,Public
4512,0,1,0,0,Public
4513,0,0,1,0,Public
4514,1,0,0,0,Public
4515,0,0,1,0,Public
4516,0,0,0,1,Public
4517,0,0,0,1,Public
4518,0,1,0,0,Public
4519,0,0,1,0,Public
4520,0,0,0,1,Public
4521,0,1,0,0,Public
4522,0,1,0,0,Public
4523,0,0,1,0,Public
4524,0,0,0,1,Public
4525,1,0,0,0,Public
4526,0,0,0,1,Public
4527,0,1,0,0,Public
4528,0,1,0,0,Public
4529,0,0,0,1,Public
4530,0,0,1,0,Public
4531,0,1,0,0,Public
4532,0,0,0,1,Public
4533,0,0,1,0,Public
4534,0,0,1,0,Public
4535,0,0,1,0,Public
4536,0,1,0,0,Public
4537,1,0,0,0,Public
4538,0,0,0,1,Public
4539,0,1,0,0,Public
4540,0,1,0,0,Public
4541,0,0,1,0,Public
4542,0,1,0,0,Public
4543,0,1,0,0,Public
4544,0,1,0,0,Public
4545,0,0,1,0,Public
4546,0,1,0,0,Public
4547,0,0,0,1,Public
4548,0,0,1,0,Public
4549,0,0,0,1,Public
4550,0,0,0,1,Public
4551,0,0,0,1,Public
4552,0,1,0,0,Public
4553,0,1,0,0,Public
4554,0,1,0,0,Public
4555,0,0,0,1,Public
4556,0,1,0,0,Public
4557,0,1,0,0,Public
4558,1,0,0,0,Public
4559,0,0,0,1,Public
4560,1,0,0,0,Public
4561,0,1,0,0,Public
4562,0,0,0,1,Public
4563,0,0,1,0,Public
4564,1,0,0,0,Public
4565,0,0,0,1,Public
4566,0,0,1,0,Public
4567,0,0,0,1,Public
4568,0,0,1,0,Public
4569,0,0,1,0,Public
4570,0,0,0,1,Public
4571,0,0,1,0,Public
4572,0,0,0,1,Public
4573,0,0,1,0,Public
4574,0,0,1,0,Public
4575,0,0,1,0,Public
4576,0,0,1,0,Public
4577,0,0,0,1,Public
4578,0,0,1,0,Public
4579,0,0,0,1,Public
4580,0,1,0,0,Public
4581,1,0,0,0,Public
4582,0,1,0,0,Public
4583,0,0,1,0,Public
4584,0,0,0,1,Public
4585,0,0,1,0,Public
4586,0,0,0,1,Public
4587,0,1,0,0,Public
4588,0,1,0,0,Public
4589,1,0,0,0,Public
4590,0,0,0,1,Public
4591,0,0,1,0,Public
4592,0,0,1,0,Public
4593,0,0,0,1,Public
4594,0,1,0,0,Public
4595,0,0,1,0,Public
4596,0,0,1,0,Public
4597,0,0,1,0,Public
4598,0,0,1,0,Public
4599,0,0,1,0,Public
4600,0,0,1,0,Public
4601,0,0,1,0,Public
4602,0,1,0,0,Public
4603,0,1,0,0,Public
4604,0,0,1,0,Public
4605,0,0,0,1,Public
4606,0,1,0,0,Public
4607,0,0,1,0,Public
4608,0,0,1,0,Public
4609,1,0,0,0,Public
4610,0,1,0,0,Public
4611,0,0,1,0,Public
4612,1,0,0,0,Public
4613,0,1,0,0,Public
4614,0,0,0,1,Public
4615,0,0,0,1,Public
4616,0,1,0,0,Public
4617,0,0,0,1,Public
4618,0,0,0,1,Public
4619,1,0,0,0,Public
4620,0,1,0,0,Public
4621,0,1,0,0,Public
4622,0,0,0,1,Public
4623,1,0,0,0,Public
4624,0,1,0,0,Public
4625,0,0,0,1,Public
4626,0,0,0,1,Public
4627,0,1,0,0,Public
4628,0,0,0,1,Public
4629,0,1,0,0,Public
4630,0,0,1,0,Public
4631,0,1,0,0,Public
4632,0,0,1,0,Public
4633,0,1,0,0,Public
4634,0,1,0,0,Public
4635,0,0,1,0,Public
4636,0,1,0,0,Public
4637,0,0,1,0,Public
4638,0,0,1,0,Public
4639,0,0,0,1,Public
4640,0,0,0,1,Public
4641,1,0,0,0,Public
4642,0,0,0,1,Public
4643,1,0,0,0,Public
4644,0,0,0,1,Public
4645,0,0,0,1,Public
4646,0,0,1,0,Public
4647,0,1,0,0,Public
4648,0,0,0,1,Public
4649,0,0,0,1,Public
4650,0,0,0,1,Public
4651,0,1,0,0,Public
4652,0,0,1,0,Public
4653,0,0,0,1,Public
4654,0,0,1,0,Public
4655,0,0,0,1,Public
4656,0,1,0,0,Public
4657,0,0,1,0,Public
4658,0,0,0,1,Public
4659,0,1,0,0,Public
4660,0,0,0,1,Public
4661,0,0,0,1,Public
4662,0,0,0,1,Public
4663,0,0,0,1,Public
4664,0,0,1,0,Public
4665,0,0,0,1,Public
4666,0,0,0,1,Public
4667,0,1,0,0,Public
4668,1,0,0,0,Public
4669,0,1,0,0,Public
4670,0,1,0,0,Public
4671,0,1,0,0,Public
4672,0,1,0,0,Public
4673,0,1,0,0,Public
4674,0,1,0,0,Public
4675,0,1,0,0,Public
4676,0,0,0,1,Public
4677,0,0,0,1,Public
4678,0,1,0,0,Public
4679,0,0,1,0,Public
4680,0,1,0,0,Public
4681,0,1,0,0,Public
4682,0,1,0,0,Public
4683,0,0,1,0,Public
4684,1,0,0,0,Public
4685,0,1,0,0,Public
4686,1,0,0,0,Public
4687,0,0,0,1,Public
4688,0,0,1,0,Public
4689,0,0,0,1,Public
4690,0,0,1,0,Public
4691,0,0,0,1,Public
4692,0,1,0,0,Public
4693,0,1,0,0,Public
4694,0,1,0,0,Public
4695,0,1,0,0,Public
4696,0,1,0,0,Public
4697,0,0,0,1,Public
4698,0,0,1,0,Public
4699,0,1,0,0,Public
4700,1,0,0,0,Public
4701,0,0,1,0,Public
4702,0,1,0,0,Public
4703,0,0,1,0,Public
4704,0,0,0,1,Public
4705,0,0,1,0,Public
4706,0,0,1,0,Public
4707,0,1,0,0,Public
4708,1,0,0,0,Public
4709,0,0,1,0,Public
4710,0,0,1,0,Public
4711,0,0,1,0,Public
4712,0,0,0,1,Public
4713,1,0,0,0,Public
4714,0,0,1,0,Public
4715,0,0,0,1,Public
4716,0,1,0,0,Public
4717,0,1,0,0,Public
4718,0,0,0,1,Public
4719,0,0,0,1,Public
4720,1,0,0,0,Public
4721,0,0,0,1,Public
4722,0,0,1,0,Public
4723,1,0,0,0,Public
4724,1,0,0,0,Public
4725,0,0,1,0,Public
4726,0,1,0,0,Public
4727,1,0,0,0,Public
4728,0,0,1,0,Public
4729,0,1,0,0,Public
4730,0,0,0,1,Public
4731,0,0,1,0,Public
4732,0,0,0,1,Public
4733,0,1,0,0,Public
4734,0,1,0,0,Public
4735,1,0,0,0,Public
4736,0,0,1,0,Public
4737,0,1,0,0,Public
4738,0,0,0,1,Public
4739,0,0,0,1,Public
4740,0,0,0,1,Public
4741,0,0,0,1,Public
4742,0,0,0,1,Public
4743,0,0,1,0,Public
4744,0,1,0,0,Public
4745,0,0,0,1,Public
4746,0,0,0,1,Public
4747,0,1,0,0,Public
4748,0,1,0,0,Public
4749,0,0,0,1,Public
4750,0,1,0,0,Public
4751,0,1,0,0,Public
4752,0,0,1,0,Public
4753,0,0,0,1,Public
4754,0,0,1,0,Public
4755,0,0,1,0,Public
4756,0,1,0,0,Public
4757,0,1,0,0,Public
4758,1,0,0,0,Public
4759,0,1,0,0,Public
4760,0,0,0,1,Public
4761,0,0,1,0,Public
4762,0,1,0,0,Public
4763,0,0,1,0,Public
4764,0,1,0,0,Public
4765,0,0,1,0,Public
4766,0,0,0,1,Public
4767,0,0,0,1,Public
4768,0,0,1,0,Public
4769,0,0,0,1,Public
4770,0,0,0,1,Public
4771,0,0,0,1,Public
4772,0,1,0,0,Public
4773,0,0,0,1,Public
4774,0,1,0,0,Public
4775,1,0,0,0,Public
4776,0,0,1,0,Public
4777,0,0,0,1,Public
4778,1,0,0,0,Public
4779,0,0,1,0,Public
4780,0,0,1,0,Public
4781,0,0,1,0,Public
4782,0,0,0,1,Public
4783,0,0,1,0,Public
4784,0,0,0,1,Public
4785,0,1,0,0,Public
4786,0,0,0,1,Public
4787,0,0,0,1,Public
4788,0,0,1,0,Public
4789,1,0,0,0,Public
4790,1,0,0,0,Public
4791,0,0,1,0,Public
4792,0,0,0,1,Public
4793,0,1,0,0,Public
4794,0,0,1,0,Public
4795,0,0,0,1,Public
4796,0,0,0,1,Public
4797,0,1,0,0,Public
4798,1,0,0,0,Public
4799,0,0,1,0,Public
4800,0,1,0,0,Public
4801,0,1,0,0,Public
4802,0,0,1,0,Public
4803,0,0,1,0,Public
4804,0,1,0,0,Public
4805,0,0,1,0,Public
4806,0,0,1,0,Public
4807,0,0,1,0,Public
4808,0,0,0,1,Public
4809,0,0,1,0,Public
4810,0,0,0,1,Public
4811,1,0,0,0,Public
4812,0,1,0,0,Public
4813,0,0,1,0,Public
4814,0,1,0,0,Public
4815,0,0,0,1,Public
4816,0,0,1,0,Public
4817,1,0,0,0,Public
4818,0,0,0,1,Public
4819,1,0,0,0,Public
4820,0,1,0,0,Public
4821,0,0,1,0,Public
4822,0,0,1,0,Public
4823,0,1,0,0,Public
4824,0,0,1,0,Public
4825,0,0,0,1,Public
4826,0,0,1,0,Public
4827,0,1,0,0,Public
4828,0,1,0,0,Public
4829,0,0,1,0,Public
4830,0,1,0,0,Public
4831,0,0,1,0,Public
4832,1,0,0,0,Public
4833,0,1,0,0,Public
4834,0,1,0,0,Public
4835,0,0,0,1,Public
4836,0,1,0,0,Public
4837,0,0,1,0,Public
4838,0,0,1,0,Public
4839,0,0,0,1,Public
4840,1,0,0,0,Public
4841,0,1,0,0,Public
4842,0,0,0,1,Public
4843,0,0,0,1,Public
4844,0,0,0,1,Public
4845,0,0,1,0,Public
4846,0,0,0,1,Public
4847,1,0,0,0,Public
4848,0,0,0,1,Public
4849,0,0,0,1,Public
4850,0,0,0,1,Public
4851,0,1,0,0,Public
4852,0,1,0,0,Public
4853,0,1,0,0,Public
4854,0,0,1,0,Public
4855,0,0,0,1,Public
4856,0,0,0,1,Public
4857,0,0,1,0,Public
4858,0,0,0,1,Public
4859,0,0,1,0,Public
4860,1,0,0,0,Public
4861,0,0,1,0,Public
4862,0,0,1,0,Public
4863,1,0,0,0,Public
4864,1,0,0,0,Public
4865,0,1,0,0,Public
4866,0,0,0,1,Public
4867,0,0,1,0,Public
4868,0,0,1,0,Public
4869,0,0,1,0,Public
4870,0,0,0,1,Public
4871,0,0,1,0,Public
4872,0,1,0,0,Public
4873,0,1,0,0,Public
4874,1,0,0,0,Public
4875,0,0,1,0,Public
4876,0,1,0,0,Public
4877,1,0,0,0,Public
4878,0,0,1,0,Public
4879,0,0,0,1,Public
4880,0,0,1,0,Public
4881,0,0,1,0,Public
4882,1,0,0,0,Public
4883,0,0,1,0,Public
4884,0,1,0,0,Public
4885,0,0,0,1,Public
4886,0,0,1,0,Public
4887,0,0,0,1,Public
4888,0,0,0,1,Public
4889,0,1,0,0,Public
4890,0,0,1,0,Public
4891,0,1,0,0,Public
4892,0,0,1,0,Public
4893,0,0,1,0,Public
4894,0,1,0,0,Public
4895,1,0,0,0,Public
4896,0,0,1,0,Public
4897,0,0,1,0,Public
4898,0,0,1,0,Public
4899,0,1,0,0,Public
4900,0,1,0,0,Public
4901,1,0,0,0,Public
4902,1,0,0,0,Public
4903,0,1,0,0,Public
4904,0,0,0,1,Public
4905,0,0,1,0,Public
4906,0,0,1,0,Public
4907,0,0,0,1,Public
4908,0,0,1,0,Public
4909,0,1,0,0,Public
4910,0,0,0,1,Public
4911,0,0,1,0,Public
4912,0,1,0,0,Public
4913,1,0,0,0,Public
4914,0,0,0,1,Public
4915,0,0,1,0,Public
4916,1,0,0,0,Public
4917,0,0,0,1,Public
4918,0,0,0,1,Public
4919,0,0,0,1,Public
4920,1,0,0,0,Public
4921,0,1,0,0,Public
4922,0,0,0,1,Public
4923,0,1,0,0,Public
4924,1,0,0,0,Public
4925,0,0,0,1,Public
4926,0,1,0,0,Public
4927,0,0,0,1,Public
4928,0,0,0,1,Public
4929,0,1,0,0,Public
4930,0,0,0,1,Public
4931,0,0,0,1,Public
4932,0,0,0,1,Public
4933,0,0,1,0,Public
4934,0,0,1,0,Public
4935,0,0,1,0,Public
4936,0,1,0,0,Public
4937,0,0,1,0,Public
4938,0,0,0,1,Public
4939,0,0,1,0,Public
4940,0,1,0,0,Public
4941,0,0,0,1,Public
4942,0,0,1,0,Public
4943,0,1,0,0,Public
4944,0,0,0,1,Public
4945,0,0,0,1,Public
4946,0,1,0,0,Public
4947,0,0,1,0,Public
4948,0,0,0,1,Public
4949,0,0,0,1,Public
4950,0,0,0,1,Public
4951,0,0,1,0,Public
4952,0,1,0,0,Public
4953,0,0,0,1,Public
4954,0,0,1,0,Public
4955,0,0,0,1,Public
4956,0,0,1,0,Public
4957,0,1,0,0,Public
4958,0,0,1,0,Public
4959,0,0,0,1,Public
4960,0,0,1,0,Public
4961,0,0,0,1,Public
4962,0,0,1,0,Public
4963,0,0,0,1,Public
4964,0,0,0,1,Public
4965,0,0,0,1,Public
4966,0,0,0,1,Public
4967,0,1,0,0,Public
4968,0,0,0,1,Public
4969,0,0,1,0,Public
4970,0,1,0,0,Public
4971,0,0,1,0,Public
4972,0,0,1,0,Public
4973,0,0,1,0,Public
4974,0,1,0,0,Public
4975,0,0,0,1,Public
4976,0,1,0,0,Public
4977,0,0,0,1,Public
4978,0,0,0,1,Public
4979,0,1,0,0,Public
4980,0,0,1,0,Public
4981,1,0,0,0,Public
4982,0,0,0,1,Public
4983,0,1,0,0,Public
4984,1,0,0,0,Public
4985,0,1,0,0,Public
4986,0,0,0,1,Public
4987,0,0,0,1,Public
4988,0,0,0,1,Public
4989,0,0,0,1,Public
4990,0,0,1,0,Public
4991,0,0,0,1,Public
4992,0,0,0,1,Public
4993,0,0,1,0,Public
4994,0,0,1,0,Public
4995,0,0,1,0,Public
4996,1,0,0,0,Public
4997,0,0,1,0,Public
4998,0,0,1,0,Public
4999,0,0,0,1,Public
5000,1,0,0,0,Public
5001,0,0,0,1,Public
5002,0,0,1,0,Public
5003,0,0,0,1,Public
5004,0,0,1,0,Public
5005,0,0,0,1,Public
5006,0,1,0,0,Public
5007,0,0,1,0,Public
5008,0,0,1,0,Public
5009,0,0,0,1,Public
5010,0,1,0,0,Public
5011,0,0,1,0,Public
5012,0,1,0,0,Public
5013,0,0,1,0,Public
5014,0,0,1,0,Public
5015,0,0,0,1,Public
5016,0,1,0,0,Public
5017,0,0,0,1,Public
5018,0,1,0,0,Public
5019,0,1,0,0,Public
5020,0,0,1,0,Public
5021,0,0,1,0,Public
5022,0,0,1,0,Public
5023,0,0,1,0,Public
5024,0,0,1,0,Public
5025,0,0,1,0,Public
5026,0,0,1,0,Public
5027,0,0,1,0,Public
5028,0,1,0,0,Public
5029,0,0,1,0,Public
5030,0,1,0,0,Public
5031,0,0,0,1,Public
5032,0,0,0,1,Public
5033,0,0,1,0,Public
5034,0,0,1,0,Public
5035,0,0,0,1,Public
5036,0,1,0,0,Public
5037,1,0,0,0,Public
5038,0,1,0,0,Public
5039,0,1,0,0,Public
5040,0,1,0,0,Public
5041,0,0,0,1,Public
5042,0,0,1,0,Public
5043,0,1,0,0,Public
5044,0,0,0,1,Public
5045,0,0,1,0,Public
5046,0,1,0,0,Public
5047,1,0,0,0,Public
5048,0,0,0,1,Public
5049,0,0,1,0,Public
5050,0,1,0,0,Public
5051,0,0,1,0,Public
5052,0,0,0,1,Public
5053,0,1,0,0,Public
5054,0,0,1,0,Public
5055,1,0,0,0,Public
5056,0,0,0,1,Public
5057,1,0,0,0,Public
5058,0,0,0,1,Public
5059,0,0,1,0,Public
5060,0,1,0,0,Public
5061,0,0,1,0,Public
5062,0,1,0,0,Public
5063,0,0,0,1,Public
5064,0,0,0,1,Public
5065,0,0,0,1,Public
5066,0,0,1,0,Public
5067,0,0,0,1,Public
5068,0,1,0,0,Public
5069,0,0,1,0,Public
5070,1,0,0,0,Public
5071,0,0,1,0,Public
5072,0,0,0,1,Public
5073,0,0,1,0,Public
5074,0,1,0,0,Public
5075,0,0,0,1,Public
5076,0,0,0,1,Public
5077,0,0,1,0,Public
5078,0,0,1,0,Public
5079,1,0,0,0,Public
5080,0,0,1,0,Public
5081,1,0,0,0,Public
5082,0,0,1,0,Public
5083,0,1,0,0,Public
5084,0,0,1,0,Public
5085,1,0,0,0,Public
5086,0,0,0,1,Public
5087,0,1,0,0,Public
5088,0,1,0,0,Public
5089,0,0,0,1,Public
5090,0,0,1,0,Public
5091,0,0,1,0,Public
5092,0,0,1,0,Public
5093,0,0,1,0,Public
5094,0,1,0,0,Public
5095,0,0,1,0,Public
5096,0,0,1,0,Public
5097,0,1,0,0,Public
5098,0,0,1,0,Public
5099,0,0,1,0,Public
5100,0,0,0,1,Public
5101,0,0,1,0,Public
5102,0,0,1,0,Public
5103,0,1,0,0,Public
5104,0,0,1,0,Public
5105,0,0,0,1,Public
5106,0,0,0,1,Public
5107,0,0,1,0,Public
5108,0,1,0,0,Public
5109,1,0,0,0,Public
5110,0,1,0,0,Public
5111,0,1,0,0,Public
5112,0,1,0,0,Public
5113,0,0,1,0,Public
5114,1,0,0,0,Public
5115,0,0,1,0,Public
5116,0,0,0,1,Public
5117,0,1,0,0,Public
5118,0,0,1,0,Public
5119,0,1,0,0,Public
5120,1,0,0,0,Public
5121,0,0,0,1,Public
5122,0,0,0,1,Public
5123,0,1,0,0,Public
5124,0,1,0,0,Public
5125,0,0,1,0,Public
5126,0,0,1,0,Public
5127,0,0,1,0,Public
5128,0,1,0,0,Public
5129,0,1,0,0,Public
5130,0,0,1,0,Public
5131,0,1,0,0,Public
5132,0,1,0,0,Public
5133,0,1,0,0,Public
5134,0,0,1,0,Public
5135,0,0,1,0,Public
5136,0,1,0,0,Public
5137,0,0,1,0,Public
5138,0,0,1,0,Public
5139,0,0,0,1,Public
5140,0,0,1,0,Public
5141,0,0,0,1,Public
5142,0,0,0,1,Public
5143,0,0,1,0,Public
5144,0,0,0,1,Public
5145,0,1,0,0,Public
5146,0,1,0,0,Public
5147,0,1,0,0,Public
5148,0,0,1,0,Public
5149,0,0,1,0,Public
5150,0,1,0,0,Public
5151,0,0,0,1,Public
5152,0,1,0,0,Public
5153,0,1,0,0,Public
5154,0,1,0,0,Public
5155,0,0,1,0,Public
5156,0,0,0,1,Public
5157,0,1,0,0,Public
5158,1,0,0,0,Public
5159,0,0,1,0,Public
5160,0,1,0,0,Public
5161,0,0,0,1,Public
5162,0,0,1,0,Public
5163,0,1,0,0,Public
5164,0,1,0,0,Public
5165,0,0,1,0,Public
5166,0,0,1,0,Public
5167,0,0,1,0,Public
5168,0,0,0,1,Public
5169,0,0,0,1,Public
5170,0,0,0,1,Public
5171,0,0,1,0,Public
5172,0,0,1,0,Public
5173,0,0,0,1,Public
5174,0,1,0,0,Public
5175,0,0,0,1,Public
5176,0,0,1,0,Public
5177,0,1,0,0,Public
5178,0,1,0,0,Public
5179,0,1,0,0,Public
5180,0,1,0,0,Public
5181,0,1,0,0,Public
5182,0,0,1,0,Public
5183,0,1,0,0,Public
5184,0,0,1,0,Public
5185,0,0,1,0,Public
5186,0,0,0,1,Public
5187,0,1,0,0,Public
5188,0,0,0,1,Public
5189,0,1,0,0,Public
5190,0,0,0,1,Public
5191,0,0,1,0,Public
5192,0,0,1,0,Public
5193,0,0,1,0,Public
5194,0,0,0,1,Public
5195,0,1,0,0,Public
5196,0,0,0,1,Public
5197,0,0,0,1,Public
5198,0,0,0,1,Public
5199,0,1,0,0,Public
5200,0,0,0,1,Public
5201,0,0,1,0,Public
5202,0,0,1,0,Public
5203,1,0,0,0,Public
5204,1,0,0,0,Public
5205,0,1,0,0,Public
5206,0,0,1,0,Public
5207,0,0,1,0,Public
5208,0,0,1,0,Public
5209,0,0,1,0,Public
5210,0,1,0,0,Public
5211,0,1,0,0,Public
5212,0,0,0,1,Public
5213,1,0,0,0,Public
5214,0,0,1,0,Public
5215,0,0,1,0,Public
5216,0,0,1,0,Public
5217,0,0,1,0,Public
5218,0,1,0,0,Public
5219,0,0,1,0,Public
5220,1,0,0,0,Public
5221,0,0,0,1,Public
5222,0,0,1,0,Public
5223,0,0,0,1,Public
5224,0,1,0,0,Public
5225,0,1,0,0,Public
5226,0,1,0,0,Public
5227,0,0,1,0,Public
5228,0,1,0,0,Public
5229,0,1,0,0,Public
5230,0,1,0,0,Public
5231,0,1,0,0,Public
5232,0,0,0,1,Public
5233,0,0,0,1,Public
5234,0,0,0,1,Public
5235,0,0,1,0,Public
5236,0,0,1,0,Public
5237,0,1,0,0,Public
5238,1,0,0,0,Public
5239,1,0,0,0,Public
5240,0,0,1,0,Public
5241,0,0,1,0,Public
5242,0,0,0,1,Public
5243,0,0,0,1,Public
5244,0,0,0,1,Public
5245,0,0,1,0,Public
5246,0,0,0,1,Public
5247,0,0,0,1,Public
5248,0,1,0,0,Public
5249,0,1,0,0,Public
5250,0,0,0,1,Public
5251,0,0,1,0,Public
5252,0,1,0,0,Public
5253,1,0,0,0,Public
5254,0,1,0,0,Public
5255,0,1,0,0,Public
5256,0,1,0,0,Public
5257,0,0,0,1,Public
5258,0,0,0,1,Public
5259,0,1,0,0,Public
5260,1,0,0,0,Public
5261,0,0,1,0,Public
5262,0,1,0,0,Public
5263,0,0,1,0,Public
5264,0,1,0,0,Public
5265,0,1,0,0,Public
5266,0,0,1,0,Public
5267,0,0,0,1,Public
5268,0,0,0,1,Public
5269,0,0,0,1,Public
5270,0,1,0,0,Public
5271,0,0,1,0,Public
5272,0,1,0,0,Public
5273,0,0,1,0,Public
5274,0,0,0,1,Public
5275,0,0,0,1,Public
5276,0,0,1,0,Public
5277,0,0,1,0,Public
5278,0,1,0,0,Public
5279,0,0,1,0,Public
5280,0,0,1,0,Public
5281,0,0,1,0,Public
5282,0,0,0,1,Public
5283,0,1,0,0,Public
5284,1,0,0,0,Public
5285,1,0,0,0,Public
5286,0,0,1,0,Public
5287,0,1,0,0,Public
5288,0,0,0,1,Public
5289,0,0,1,0,Public
5290,0,0,0,1,Public
5291,0,1,0,0,Public
5292,0,0,0,1,Public
5293,1,0,0,0,Public
5294,0,0,0,1,Public
5295,0,0,0,1,Public
5296,0,0,0,1,Public
5297,0,0,1,0,Public
5298,0,0,0,1,Public
5299,0,0,1,0,Public
5300,0,0,1,0,Public
5301,0,0,0,1,Public
5302,0,0,0,1,Public
5303,0,1,0,0,Public
5304,1,0,0,0,Public
5305,0,0,1,0,Public
5306,0,0,1,0,Public
5307,1,0,0,0,Public
5308,1,0,0,0,Public
5309,0,0,1,0,Public
5310,0,1,0,0,Public
5311,0,0,0,1,Public
5312,0,0,0,1,Public
5313,0,1,0,0,Public
5314,0,0,1,0,Public
5315,0,0,0,1,Public
5316,0,0,0,1,Public
5317,0,0,1,0,Public
5318,0,1,0,0,Public
5319,0,1,0,0,Public
5320,0,1,0,0,Public
5321,1,0,0,0,Public
5322,0,1,0,0,Public
5323,0,0,1,0,Public
5324,0,0,1,0,Public
5325,1,0,0,0,Public
5326,0,0,0,1,Public
5327,1,0,0,0,Public
5328,0,0,1,0,Public
5329,0,1,0,0,Public
5330,0,1,0,0,Public
5331,0,1,0,0,Public
5332,0,0,0,1,Public
5333,0,0,1,0,Public
5334,0,1,0,0,Public
5335,1,0,0,0,Public
5336,0,0,1,0,Public
5337,0,0,1,0,Public
5338,0,0,1,0,Public
5339,0,0,1,0,Public
5340,0,0,0,1,Public
5341,0,0,0,1,Public
5342,0,0,1,0,Public
5343,0,0,1,0,Public
5344,0,0,1,0,Public
5345,0,0,1,0,Public
5346,1,0,0,0,Public
5347,1,0,0,0,Public
5348,0,0,1,0,Public
5349,0,0,1,0,Public
5350,0,0,1,0,Public
5351,0,0,0,1,Public
5352,0,1,0,0,Public
5353,0,0,1,0,Public
5354,0,0,0,1,Public
5355,0,0,0,1,Public
5356,0,0,0,1,Public
5357,0,0,1,0,Public
5358,0,0,1,0,Public
5359,0,0,0,1,Public
5360,0,1,0,0,Public
5361,0,1,0,0,Public
5362,0,1,0,0,Public
5363,0,0,0,1,Public
5364,0,0,1,0,Public
5365,0,0,1,0,Public
5366,0,1,0,0,Public
5367,0,0,1,0,Public
5368,0,0,0,1,Public
5369,0,0,1,0,Public
5370,1,0,0,0,Public
5371,0,0,0,1,Public
5372,0,0,1,0,Public
5373,0,0,0,1,Public
5374,0,0,1,0,Public
5375,0,0,0,1,Public
5376,0,0,0,1,Public
5377,0,1,0,0,Public
5378,0,0,0,1,Public
5379,0,0,0,1,Public
5380,0,1,0,0,Public
5381,0,0,1,0,Public
5382,0,0,1,0,Public
5383,0,0,0,1,Public
5384,1,0,0,0,Public
5385,0,1,0,0,Public
5386,0,1,0,0,Public
5387,0,0,1,0,Public
5388,0,0,1,0,Public
5389,0,0,1,0,Public
5390,0,1,0,0,Public
5391,0,0,0,1,Public
5392,0,0,0,1,Public
5393,1,0,0,0,Public
5394,1,0,0,0,Public
5395,0,0,0,1,Public
5396,0,1,0,0,Public
5397,1,0,0,0,Public
5398,0,0,1,0,Public
5399,0,1,0,0,Public
5400,0,0,0,1,Public
5401,0,1,0,0,Public
5402,0,1,0,0,Public
5403,0,0,0,1,Public
5404,0,1,0,0,Public
5405,0,1,0,0,Public
5406,0,0,1,0,Public
5407,0,0,1,0,Public
5408,0,1,0,0,Public
5409,0,1,0,0,Public
5410,0,1,0,0,Public
5411,0,1,0,0,Public
5412,0,0,1,0,Public
5413,0,0,0,1,Public
5414,0,0,0,1,Public
5415,0,0,0,1,Public
5416,0,1,0,0,Public
5417,0,0,1,0,Public
5418,0,0,1,0,Public
5419,0,1,0,0,Public
5420,0,0,1,0,Public
5421,0,0,0,1,Public
5422,0,0,0,1,Public
5423,0,0,1,0,Public
5424,0,0,1,0,Public
5425,0,0,0,1,Public
5426,0,0,1,0,Public
5427,0,1,0,0,Public
5428,0,1,0,0,Public
5429,0,0,0,1,Public
5430,0,1,0,0,Public
5431,0,0,1,0,Public
5432,0,0,0,1,Public
5433,0,0,0,1,Public
5434,1,0,0,0,Public
5435,0,0,0,1,Public
5436,0,0,0,1,Public
5437,0,1,0,0,Public
5438,0,1,0,0,Public
5439,0,0,0,1,Public
5440,0,0,1,0,Public
5441,0,0,0,1,Public
5442,1,0,0,0,Public
5443,0,1,0,0,Public
5444,0,1,0,0,Public
5445,1,0,0,0,Public
5446,0,0,0,1,Public
5447,0,0,1,0,Public
5448,0,0,1,0,Public
5449,0,0,1,0,Public
5450,0,0,0,1,Public
5451,0,0,1,0,Public
5452,0,0,0,1,Public
5453,0,0,1,0,Public
5454,0,0,1,0,Public
5455,0,0,1,0,Public
5456,0,1,0,0,Public
5457,0,0,0,1,Public
5458,0,0,0,1,Public
5459,0,0,0,1,Public
5460,0,0,0,1,Public
5461,0,1,0,0,Public
5462,0,0,0,1,Public
5463,0,0,1,0,Public
5464,0,0,1,0,Public
5465,1,0,0,0,Public
5466,0,0,0,1,Public
5467,0,1,0,0,Public
5468,1,0,0,0,Public
5469,0,0,0,1,Public
5470,0,0,0,1,Public
5471,0,0,1,0,Public
5472,0,1,0,0,Public
5473,0,1,0,0,Public
5474,0,0,1,0,Public
5475,0,0,1,0,Public
5476,0,0,1,0,Public
5477,1,0,0,0,Public
5478,0,0,0,1,Public
5479,0,1,0,0,Public
5480,0,1,0,0,Public
5481,0,1,0,0,Public
5482,0,1,0,0,Public
5483,0,0,1,0,Public
5484,0,0,0,1,Public
5485,0,0,0,1,Public
5486,1,0,0,0,Public
5487,0,0,0,1,Public
5488,0,1,0,0,Public
5489,0,0,1,0,Public
5490,1,0,0,0,Public
5491,0,1,0,0,Public
5492,0,0,1,0,Public
5493,0,0,0,1,Public
5494,0,0,0,1,Public
5495,0,1,0,0,Public
5496,0,0,0,1,Public
5497,0,0,1,0,Public
5498,0,0,0,1,Public
5499,0,0,0,1,Public
5500,0,1,0,0,Public
5501,0,1,0,0,Public
5502,0,0,1,0,Public
5503,0,0,0,1,Public
5504,0,0,0,1,Public
5505,0,0,0,1,Public
5506,0,0,1,0,Public
5507,0,1,0,0,Public
5508,0,1,0,0,Public
5509,0,0,0,1,Public
5510,0,0,1,0,Public
5511,0,0,0,1,Public
5512,0,0,0,1,Public
5513,0,0,1,0,Public
5514,1,0,0,0,Public
5515,0,1,0,0,Public
5516,1,0,0,0,Public
5517,0,1,0,0,Public
5518,0,0,0,1,Public
5519,0,1,0,0,Public
5520,0,1,0,0,Public
5521,0,0,0,1,Public
5522,0,0,0,1,Public
5523,0,0,1,0,Public
5524,1,0,0,0,Public
5525,0,1,0,0,Public
5526,0,0,0,1,Public
5527,0,0,0,1,Public
5528,0,1,0,0,Public
5529,0,1,0,0,Public
5530,0,1,0,0,Public
5531,0,1,0,0,Public
5532,0,0,1,0,Public
5533,0,1,0,0,Public
5534,0,0,0,1,Public
5535,0,0,1,0,Public
5536,0,0,1,0,Public
5537,0,0,0,1,Public
5538,0,1,0,0,Public
5539,0,0,1,0,Public
5540,0,1,0,0,Public
5541,0,0,0,1,Public
5542,0,0,0,1,Public
5543,0,1,0,0,Public
5544,0,1,0,0,Public
5545,0,0,1,0,Public
5546,0,0,1,0,Public
5547,0,1,0,0,Public
5548,0,0,0,1,Public
5549,0,1,0,0,Public
5550,0,0,1,0,Public
5551,0,0,0,1,Public
5552,0,0,0,1,Public
5553,0,0,1,0,Public
5554,0,1,0,0,Public
5555,0,0,1,0,Public
5556,0,0,0,1,Public
5557,1,0,0,0,Public
5558,0,0,1,0,Public
5559,0,1,0,0,Public
5560,0,1,0,0,Public
5561,0,0,1,0,Public
5562,0,0,0,1,Public
5563,0,0,1,0,Public
5564,0,1,0,0,Public
5565,0,0,0,1,Public
5566,0,1,0,0,Public
5567,0,0,0,1,Public
5568,0,1,0,0,Public
5569,0,0,1,0,Public
5570,0,0,1,0,Public
5571,0,1,0,0,Public
5572,0,0,0,1,Public
5573,0,0,1,0,Public
5574,0,0,0,1,Public
5575,0,0,1,0,Public
5576,0,0,0,1,Public
5577,0,1,0,0,Public
5578,0,0,0,1,Public
5579,0,1,0,0,Public
5580,0,0,1,0,Public
5581,0,1,0,0,Public
5582,0,1,0,0,Public
5583,0,0,0,1,Public
5584,0,0,0,1,Public
5585,0,1,0,0,Public
5586,0,0,0,1,Public
5587,0,0,1,0,Public
5588,0,0,1,0,Public
5589,1,0,0,0,Public
5590,0,1,0,0,Public
5591,0,1,0,0,Public
5592,0,1,0,0,Public
5593,1,0,0,0,Public
5594,0,0,0,1,Public
5595,0,0,1,0,Public
5596,0,0,1,0,Public
5597,0,0,1,0,Public
5598,0,0,1,0,Public
5599,0,0,1,0,Public
5600,0,1,0,0,Public
5601,0,1,0,0,Public
5602,0,0,1,0,Public
5603,0,1,0,0,Public
5604,0,1,0,0,Public
5605,0,0,0,1,Public
5606,1,0,0,0,Public
5607,0,1,0,0,Public
5608,0,0,1,0,Public
5609,0,1,0,0,Public
5610,0,0,1,0,Public
5611,0,1,0,0,Public
5612,0,1,0,0,Public
5613,0,1,0,0,Public
5614,0,0,0,1,Public
5615,0,0,0,1,Public
5616,0,0,1,0,Public
5617,0,0,1,0,Public
5618,0,0,1,0,Public
5619,0,1,0,0,Public
5620,0,0,1,0,Public
5621,1,0,0,0,Public
5622,0,1,0,0,Public
5623,0,0,0,1,Public
5624,0,0,1,0,Public
5625,0,0,0,1,Public
5626,0,0,1,0,Public
5627,1,0,0,0,Public
5628,0,0,0,1,Public
5629,0,0,1,0,Public
5630,0,0,1,0,Public
5631,0,0,1,0,Public
5632,0,0,0,1,Public
5633,0,1,0,0,Public
5634,0,1,0,0,Public
5635,0,0,0,1,Public
5636,0,1,0,0,Public
5637,0,0,1,0,Public
5638,0,1,0,0,Public
5639,0,0,1,0,Public
5640,0,1,0,0,Public
5641,0,0,1,0,Public
5642,0,0,0,1,Public
5643,0,0,0,1,Public
5644,0,0,0,1,Public
5645,1,0,0,0,Public
5646,1,0,0,0,Public
5647,0,0,1,0,Public
5648,0,0,1,0,Public
5649,0,1,0,0,Public
5650,0,0,0,1,Public
5651,0,0,0,1,Public
5652,0,0,0,1,Public
5653,0,1,0,0,Public
5654,0,1,0,0,Public
5655,0,0,1,0,Public
5656,0,0,0,1,Public
5657,0,0,1,0,Public
5658,0,1,0,0,Public
5659,0,1,0,0,Public
5660,0,1,0,0,Public
5661,0,0,1,0,Public
5662,0,0,1,0,Public
5663,0,1,0,0,Public
5664,0,1,0,0,Public
5665,0,0,1,0,Public
5666,0,1,0,0,Public
5667,0,1,0,0,Public
5668,0,0,1,0,Public
5669,0,0,0,1,Public
5670,0,0,0,1,Public
5671,0,1,0,0,Public
5672,0,1,0,0,Public
5673,0,1,0,0,Public
5674,0,0,0,1,Public
5675,0,1,0,0,Public
5676,0,0,0,1,Public
5677,0,0,1,0,Public
5678,0,0,1,0,Public
5679,1,0,0,0,Public
5680,0,1,0,0,Public
5681,0,1,0,0,Public
5682,0,0,1,0,Public
5683,1,0,0,0,Public
5684,0,0,0,1,Public
5685,0,1,0,0,Public
5686,0,0,0,1,Public
5687,0,0,1,0,Public
5688,0,0,1,0,Public
5689,0,0,1,0,Public
5690,0,1,0,0,Public
5691,0,1,0,0,Public
5692,0,0,1,0,Public
5693,0,0,1,0,Public
5694,0,1,0,0,Public
5695,0,0,1,0,Public
5696,0,0,0,1,Public
5697,0,0,1,0,Public
5698,0,0,1,0,Public
5699,0,0,0,1,Public
5700,0,1,0,0,Public
5701,0,0,1,0,Public
5702,0,0,0,1,Public
5703,0,1,0,0,Public
5704,0,0,0,1,Public
5705,0,0,1,0,Public
5706,0,1,0,0,Public
5707,0,0,0,1,Public
5708,0,0,0,1,Public
5709,0,0,0,1,Public
5710,0,1,0,0,Public
5711,0,0,0,1,Public
5712,0,0,0,1,Public
5713,0,0,1,0,Public
5714,0,0,1,0,Public
5715,0,1,0,0,Public
5716,0,0,1,0,Public
5717,0,1,0,0,Public
5718,0,0,1,0,Public
5719,1,0,0,0,Public
5720,0,0,1,0,Public
5721,0,0,0,1,Public
5722,0,0,1,0,Public
5723,0,0,0,1,Public
5724,1,0,0,0,Public
5725,0,0,0,1,Public
5726,0,0,0,1,Public
5727,0,0,0,1,Public
5728,0,0,0,1,Public
5729,0,0,0,1,Public
5730,0,1,0,0,Public
5731,1,0,0,0,Public
5732,0,0,0,1,Public
5733,0,1,0,0,Public
5734,0,0,0,1,Public
5735,1,0,0,0,Public
5736,1,0,0,0,Public
5737,0,0,1,0,Public
5738,0,0,1,0,Public
5739,0,0,0,1,Public
5740,0,0,0,1,Public
5741,0,1,0,0,Public
5742,0,1,0,0,Public
5743,0,0,1,0,Public
5744,0,0,0,1,Public
5745,0,0,0,1,Public
5746,0,1,0,0,Public
5747,0,0,1,0,Public
5748,0,1,0,0,Public
5749,1,0,0,0,Public
5750,0,0,1,0,Public
5751,0,1,0,0,Public
5752,0,0,0,1,Public
5753,0,0,0,1,Public
5754,0,1,0,0,Public
5755,0,0,1,0,Public
5756,0,0,1,0,Public
5757,0,0,1,0,Public
5758,0,0,0,1,Public
5759,0,0,1,0,Public
5760,0,0,0,1,Public
5761,1,0,0,0,Public
5762,0,0,0,1,Public
5763,0,0,0,1,Public
5764,0,0,1,0,Public
5765,0,1,0,0,Public
5766,1,0,0,0,Public
5767,0,1,0,0,Public
5768,0,0,1,0,Public
5769,1,0,0,0,Public
5770,0,0,0,1,Public
5771,0,0,0,1,Public
5772,0,0,1,0,Public
5773,0,0,1,0,Public
5774,0,0,1,0,Public
5775,1,0,0,0,Public
5776,0,0,1,0,Public
5777,0,0,0,1,Public
5778,0,0,0,1,Public
5779,0,0,1,0,Public
5780,0,0,1,0,Public
5781,0,0,1,0,Public
5782,1,0,0,0,Public
5783,0,0,0,1,Public
5784,0,1,0,0,Public
5785,0,0,1,0,Public
5786,0,0,0,1,Public
5787,0,1,0,0,Public
5788,0,0,1,0,Public
5789,0,0,1,0,Public
5790,0,1,0,0,Public
5791,0,0,0,1,Public
5792,0,0,0,1,Public
5793,0,0,1,0,Public
5794,0,0,1,0,Public
5795,0,1,0,0,Public
5796,0,0,0,1,Public
5797,0,1,0,0,Public
5798,0,1,0,0,Public
5799,0,1,0,0,Public
5800,0,1,0,0,Public
5801,0,0,1,0,Public
5802,0,0,0,1,Public
5803,0,0,0,1,Public
5804,0,0,0,1,Public
5805,1,0,0,0,Public
5806,0,0,0,1,Public
5807,0,0,1,0,Public
5808,0,0,0,1,Public
5809,0,0,0,1,Public
5810,0,0,0,1,Public
5811,0,0,1,0,Public
5812,0,1,0,0,Public
5813,0,0,1,0,Public
5814,0,1,0,0,Public
5815,0,0,0,1,Public
5816,0,0,0,1,Public
5817,0,0,1,0,Public
5818,0,1,0,0,Public
5819,0,0,0,1,Public
5820,1,0,0,0,Public
5821,0,1,0,0,Public
5822,0,0,0,1,Public
5823,0,0,0,1,Public
5824,0,0,1,0,Public
5825,0,0,1,0,Public
5826,0,1,0,0,Public
5827,0,1,0,0,Public
5828,0,1,0,0,Public
5829,0,0,0,1,Public
5830,0,1,0,0,Public
5831,0,1,0,0,Public
5832,0,1,0,0,Public
5833,0,1,0,0,Public
5834,0,0,1,0,Public
5835,0,1,0,0,Public
5836,0,0,1,0,Public
5837,0,1,0,0,Public
5838,0,0,1,0,Public
5839,0,0,0,1,Public
5840,0,0,0,1,Public
5841,1,0,0,0,Public
5842,0,0,1,0,Public
5843,0,0,1,0,Public
5844,0,0,0,1,Public
5845,0,0,1,0,Public
5846,1,0,0,0,Public
5847,0,0,1,0,Public
5848,0,0,1,0,Public
5849,0,1,0,0,Public
5850,0,0,0,1,Public
5851,0,0,1,0,Public
5852,0,1,0,0,Public
5853,0,0,1,0,Public
5854,0,0,0,1,Public
5855,0,0,0,1,Public
5856,0,1,0,0,Public
5857,0,0,0,1,Public
5858,0,0,0,1,Public
5859,0,0,0,1,Public
5860,0,1,0,0,Public
5861,0,0,0,1,Public
5862,0,1,0,0,Public
5863,0,0,0,1,Public
5864,0,0,0,1,Public
5865,0,0,1,0,Public
5866,0,0,0,1,Public
5867,1,0,0,0,Public
5868,0,0,0,1,Public
5869,0,0,0,1,Public
5870,0,1,0,0,Public
5871,0,0,0,1,Public
5872,0,0,1,0,Public
5873,0,1,0,0,Public
5874,0,0,0,1,Public
5875,0,0,0,1,Public
5876,0,0,0,1,Public
5877,0,1,0,0,Public
5878,0,0,1,0,Public
5879,0,1,0,0,Public
5880,0,0,1,0,Public
5881,1,0,0,0,Public
5882,0,0,1,0,Public
5883,0,0,1,0,Public
5884,0,1,0,0,Public
5885,1,0,0,0,Public
5886,0,1,0,0,Public
5887,0,0,1,0,Public
5888,0,0,1,0,Public
5889,0,0,0,1,Public
5890,0,0,1,0,Public
5891,0,0,1,0,Public
5892,0,0,1,0,Public
5893,0,0,1,0,Public
5894,0,0,1,0,Public
5895,0,1,0,0,Public
5896,0,0,1,0,Public
5897,0,0,1,0,Public
5898,0,0,0,1,Public
5899,0,0,0,1,Public
5900,0,0,1,0,Public
5901,0,0,0,1,Public
5902,0,0,0,1,Public
5903,0,1,0,0,Public
5904,0,0,1,0,Public
5905,0,0,0,1,Public
5906,0,0,0,1,Public
5907,0,1,0,0,Public
5908,0,0,0,1,Public
5909,0,0,0,1,Public
5910,1,0,0,0,Public
5911,0,1,0,0,Public
5912,0,0,1,0,Public
5913,0,0,0,1,Public
5914,0,0,0,1,Public
5915,0,0,1,0,Public
5916,1,0,0,0,Public
5917,0,0,1,0,Public
5918,0,1,0,0,Public
5919,0,0,1,0,Public
5920,0,0,0,1,Public
5921,0,1,0,0,Public
5922,0,0,1,0,Public
5923,1,0,0,0,Public
5924,1,0,0,0,Public
5925,0,0,1,0,Public
5926,1,0,0,0,Public
5927,0,0,1,0,Public
5928,0,0,0,1,Public
5929,0,1,0,0,Public
5930,0,1,0,0,Public
5931,0,0,1,0,Public
5932,0,1,0,0,Public
5933,0,0,1,0,Public
5934,0,0,1,0,Public
5935,0,1,0,0,Public
5936,0,0,1,0,Public
5937,0,0,1,0,Public
5938,0,1,0,0,Public
5939,0,0,0,1,Public
5940,0,0,0,1,Public
5941,1,0,0,0,Public
5942,0,0,1,0,Public
5943,0,1,0,0,Public
5944,0,0,0,1,Public
5945,1,0,0,0,Public
5946,0,1,0,0,Public
5947,0,0,1,0,Public
5948,0,0,1,0,Public
5949,0,0,0,1,Public
5950,0,1,0,0,Public
5951,0,0,0,1,Public
5952,0,0,0,1,Public
5953,0,1,0,0,Public
5954,0,1,0,0,Public
5955,0,0,0,1,Public
5956,0,0,1,0,Public
5957,0,0,0,1,Public
5958,0,0,1,0,Public
5959,0,0,0,1,Public
5960,0,1,0,0,Public
5961,1,0,0,0,Public
5962,0,0,0,1,Public
5963,0,1,0,0,Public
5964,0,0,0,1,Public
5965,0,1,0,0,Public
5966,0,1,0,0,Public
5967,0,0,0,1,Public
5968,0,0,0,1,Public
5969,0,0,0,1,Public
5970,0,0,1,0,Public
5971,0,0,1,0,Public
5972,1,0,0,0,Public
5973,0,0,0,1,Public
5974,0,0,1,0,Public
5975,0,0,1,0,Public
5976,0,1,0,0,Public
5977,0,1,0,0,Public
5978,0,1,0,0,Public
5979,1,0,0,0,Public
5980,0,1,0,0,Public
5981,1,0,0,0,Public
5982,0,0,1,0,Public
5983,1,0,0,0,Public
5984,1,0,0,0,Public
5985,0,1,0,0,Public
5986,0,0,0,1,Public
5987,0,0,1,0,Public
5988,0,1,0,0,Public
5989,0,1,0,0,Public
5990,0,0,1,0,Public
5991,0,0,1,0,Public
5992,0,0,0,1,Public
5993,1,0,0,0,Public
5994,0,0,0,1,Public
5995,0,1,0,0,Public
5996,0,0,0,1,Public
5997,0,0,0,1,Public
5998,0,1,0,0,Public
5999,0,0,1,0,Public
6000,0,0,1,0,Public
6001,0,0,0,1,Public
6002,0,0,1,0,Public
6003,0,0,0,1,Public
6004,0,0,0,1,Public
6005,0,0,0,1,Public
6006,0,0,1,0,Public
6007,0,1,0,0,Public
6008,0,0,0,1,Public
6009,0,0,0,1,Public
6010,0,0,1,0,Public
6011,0,0,0,1,Public
6012,0,0,0,1,Public
6013,0,0,0,1,Public
6014,0,1,0,0,Public
6015,0,1,0,0,Public
6016,0,1,0,0,Public
6017,0,0,0,1,Public
6018,0,1,0,0,Public
6019,1,0,0,0,Public
6020,0,0,0,1,Public
6021,0,0,0,1,Public
6022,0,0,1,0,Public
6023,1,0,0,0,Public
6024,0,1,0,0,Public
6025,0,1,0,0,Public
6026,1,0,0,0,Public
6027,1,0,0,0,Public
6028,0,0,0,1,Public
6029,0,1,0,0,Public
6030,1,0,0,0,Public
6031,0,0,1,0,Public
6032,0,1,0,0,Public
6033,0,1,0,0,Public
6034,1,0,0,0,Public
6035,0,1,0,0,Public
6036,0,0,0,1,Public
6037,1,0,0,0,Public
6038,0,0,0,1,Public
6039,1,0,0,0,Public
6040,0,0,1,0,Public
6041,0,1,0,0,Public
6042,0,1,0,0,Public
6043,0,0,1,0,Public
6044,0,1,0,0,Public
6045,1,0,0,0,Public
6046,0,0,1,0,Public
6047,0,1,0,0,Public
6048,0,0,1,0,Public
6049,0,1,0,0,Public
6050,0,1,0,0,Public
6051,0,0,1,0,Public
6052,1,0,0,0,Public
6053,0,1,0,0,Public
6054,0,0,0,1,Public
6055,1,0,0,0,Public
6056,1,0,0,0,Public
6057,0,0,1,0,Public
6058,0,1,0,0,Public
6059,0,0,0,1,Public
6060,1,0,0,0,Public
6061,0,0,0,1,Public
6062,0,1,0,0,Public
6063,0,0,0,1,Public
6064,0,0,1,0,Public
6065,0,0,0,1,Public
6066,0,0,1,0,Public
6067,0,1,0,0,Public
6068,0,0,1,0,Public
6069,0,0,1,0,Public
6070,0,1,0,0,Public
6071,0,0,1,0,Public
6072,0,0,0,1,Public
6073,0,1,0,0,Public
6074,0,1,0,0,Public
6075,0,0,0,1,Public
6076,0,1,0,0,Public
6077,0,0,1,0,Public
6078,0,1,0,0,Public
6079,0,0,1,0,Public
6080,0,0,0,1,Public
6081,0,0,1,0,Public
6082,0,1,0,0,Public
6083,1,0,0,0,Public
6084,0,0,0,1,Public
6085,0,0,0,1,Public
6086,0,1,0,0,Public
6087,0,0,0,1,Public
6088,0,0,1,0,Public
6089,0,0,1,0,Public
6090,0,1,0,0,Public
6091,1,0,0,0,Public
6092,0,0,0,1,Public
6093,0,1,0,0,Public
6094,0,1,0,0,Public
6095,0,0,1,0,Public
6096,0,0,1,0,Public
6097,0,1,0,0,Public
6098,0,0,0,1,Public
6099,1,0,0,0,Public
6100,0,1,0,0,Public
6101,0,0,0,1,Public
6102,0,0,1,0,Public
6103,0,0,1,0,Public
6104,0,1,0,0,Public
6105,0,0,1,0,Public
6106,0,1,0,0,Public
6107,0,0,0,1,Public
6108,1,0,0,0,Public
6109,1,0,0,0,Public
6110,0,1,0,0,Public
6111,0,1,0,0,Public
6112,0,1,0,0,Public
6113,0,1,0,0,Public
6114,0,1,0,0,Public
6115,0,0,1,0,Public
6116,0,0,1,0,Public
6117,0,0,1,0,Public
6118,1,0,0,0,Public
6119,0,1,0,0,Public
6120,0,1,0,0,Public
6121,0,0,1,0,Public
6122,0,0,1,0,Public
6123,1,0,0,0,Public
6124,0,1,0,0,Public
6125,0,0,1,0,Public
6126,0,0,1,0,Public
6127,0,1,0,0,Public
6128,0,0,0,1,Public
6129,0,1,0,0,Public
6130,0,0,0,1,Public
6131,0,1,0,0,Public
6132,0,0,1,0,Public
6133,0,1,0,0,Public
6134,0,1,0,0,Public
6135,0,1,0,0,Public
6136,0,1,0,0,Public
6137,1,0,0,0,Public
6138,0,0,1,0,Public
6139,0,1,0,0,Public
6140,0,0,1,0,Public
6141,0,1,0,0,Public
6142,0,0,0,1,Public
6143,1,0,0,0,Public
6144,0,1,0,0,Public
6145,0,1,0,0,Public
6146,0,0,0,1,Public
6147,0,1,0,0,Public
6148,0,0,1,0,Public
6149,0,0,1,0,Public
6150,0,0,0,1,Public
6151,0,0,0,1,Public
6152,0,1,0,0,Public
6153,0,0,1,0,Public
6154,0,0,1,0,Public
6155,0,0,1,0,Public
6156,0,0,1,0,Public
6157,0,0,1,0,Public
6158,0,0,1,0,Public
6159,1,0,0,0,Public
6160,0,0,1,0,Public
6161,0,0,0,1,Public
6162,0,1,0,0,Public
6163,0,0,0,1,Public
6164,0,0,0,1,Public
6165,0,1,0,0,Public
6166,1,0,0,0,Public
6167,0,0,1,0,Public
6168,0,0,1,0,Public
6169,0,0,0,1,Public
6170,0,0,1,0,Public
6171,1,0,0,0,Public
6172,0,0,1,0,Public
6173,0,0,1,0,Public
6174,1,0,0,0,Public
6175,0,0,1,0,Public
6176,0,0,1,0,Public
6177,0,0,0,1,Public
6178,1,0,0,0,Public
6179,0,0,0,1,Public
6180,0,0,0,1,Public
6181,0,1,0,0,Public
6182,0,0,1,0,Public
6183,0,1,0,0,Public
6184,1,0,0,0,Public
6185,0,0,1,0,Public
6186,0,0,0,1,Public
6187,1,0,0,0,Public
6188,0,1,0,0,Public
6189,0,0,0,1,Public
6190,0,1,0,0,Public
6191,0,1,0,0,Public
6192,1,0,0,0,Public
6193,0,0,0,1,Public
6194,0,0,0,1,Public
6195,0,0,1,0,Public
6196,0,0,0,1,Public
6197,0,0,1,0,Public
6198,0,0,1,0,Public
6199,0,0,1,0,Public
6200,0,0,1,0,Public
6201,0,0,1,0,Public
6202,0,1,0,0,Public
6203,0,1,0,0,Public
6204,0,0,1,0,Public
6205,0,0,1,0,Public
6206,0,1,0,0,Public
6207,0,1,0,0,Public
6208,0,0,1,0,Public
6209,0,0,1,0,Public
6210,0,1,0,0,Public
6211,0,0,1,0,Public
6212,0,1,0,0,Public
6213,0,0,0,1,Public
6214,0,1,0,0,Public
6215,0,0,1,0,Public
6216,0,0,0,1,Public
6217,1,0,0,0,Public
6218,0,0,1,0,Public
6219,0,0,1,0,Public
6220,0,0,0,1,Public
6221,0,0,1,0,Public
6222,0,0,0,1,Public
6223,0,0,0,1,Public
6224,0,1,0,0,Public
6225,0,0,0,1,Public
6226,0,0,1,0,Public
6227,0,1,0,0,Public
6228,0,0,0,1,Public
6229,0,0,1,0,Public
6230,0,1,0,0,Public
6231,0,1,0,0,Public
6232,0,0,0,1,Public
6233,0,0,1,0,Public
6234,0,0,1,0,Public
6235,0,0,0,1,Public
6236,0,0,1,0,Public
6237,0,0,1,0,Public
6238,0,0,1,0,Public
6239,0,1,0,0,Public
6240,0,1,0,0,Public
6241,0,0,0,1,Public
6242,0,0,0,1,Public
6243,0,1,0,0,Public
6244,0,0,0,1,Public
6245,0,1,0,0,Public
6246,0,0,1,0,Public
6247,0,0,0,1,Public
6248,0,0,0,1,Public
6249,0,0,1,0,Public
6250,0,0,1,0,Public
6251,0,0,1,0,Public
6252,0,0,1,0,Public
6253,1,0,0,0,Public
6254,0,0,1,0,Public
6255,1,0,0,0,Public
6256,0,0,1,0,Public
6257,0,0,0,1,Public
6258,0,0,1,0,Public
6259,0,0,1,0,Public
6260,0,1,0,0,Public
6261,1,0,0,0,Public
6262,0,1,0,0,Public
6263,0,0,1,0,Public
6264,0,0,0,1,Public
6265,0,1,0,0,Public
6266,0,0,1,0,Public
6267,0,0,1,0,Public
6268,0,1,0,0,Public
6269,0,0,0,1,Public
6270,1,0,0,0,Public
6271,0,0,0,1,Public
6272,0,0,1,0,Public
6273,0,0,0,1,Public
6274,0,1,0,0,Public
6275,0,0,1,0,Public
6276,0,0,0,1,Public
6277,0,1,0,0,Public
6278,0,0,1,0,Public
6279,0,0,1,0,Public
6280,0,0,0,1,Public
6281,0,1,0,0,Public
6282,0,1,0,0,Public
6283,0,0,1,0,Public
6284,0,1,0,0,Public
6285,0,1,0,0,Public
6286,0,1,0,0,Public
6287,0,0,1,0,Public
6288,0,0,1,0,Public
6289,0,0,0,1,Public
6290,0,0,1,0,Public
6291,0,0,1,0,Public
6292,0,0,1,0,Public
6293,0,1,0,0,Public
6294,0,0,1,0,Public
6295,0,0,1,0,Public
6296,0,0,1,0,Public
6297,1,0,0,0,Public
6298,0,0,0,1,Public
6299,0,0,1,0,Public
6300,1,0,0,0,Public
6301,0,0,0,1,Public
6302,0,0,0,1,Public
6303,0,0,0,1,Public
6304,0,0,0,1,Public
6305,0,0,1,0,Public
6306,0,0,0,1,Public
6307,0,0,1,0,Public
6308,1,0,0,0,Public
6309,0,0,0,1,Public
6310,0,1,0,0,Public
6311,0,0,0,1,Public
6312,0,0,1,0,Public
6313,0,0,0,1,Public
6314,0,0,0,1,Public
6315,0,0,0,1,Public
6316,0,0,1,0,Public
6317,1,0,0,0,Public
6318,0,0,0,1,Public
6319,1,0,0,0,Public
6320,0,0,1,0,Public
6321,0,0,0,1,Public
6322,0,0,1,0,Public
6323,0,0,0,1,Public
6324,0,1,0,0,Public
6325,0,0,1,0,Public
6326,0,1,0,0,Public
6327,0,0,1,0,Public
6328,0,0,0,1,Public
6329,0,1,0,0,Public
6330,1,0,0,0,Public
6331,0,0,1,0,Public
6332,0,0,0,1,Public
6333,0,0,0,1,Public
6334,0,1,0,0,Public
6335,0,1,0,0,Public
6336,0,1,0,0,Public
6337,0,0,0,1,Public
6338,0,1,0,0,Public
6339,0,0,1,0,Public
6340,0,1,0,0,Public
6341,0,0,0,1,Public
6342,0,0,0,1,Public
6343,0,1,0,0,Public
6344,0,1,0,0,Public
6345,0,1,0,0,Public
6346,0,0,0,1,Public
6347,0,0,0,1,Public
6348,0,0,0,1,Public
6349,0,0,0,1,Public
6350,0,0,1,0,Public
6351,0,0,1,0,Public
6352,0,1,0,0,Public
6353,0,0,1,0,Public
6354,0,1,0,0,Public
6355,0,0,0,1,Public
6356,0,1,0,0,Public
6357,0,1,0,0,Public
6358,0,0,0,1,Public
6359,0,0,1,0,Public
6360,0,1,0,0,Public
6361,0,0,0,1,Public
6362,0,1,0,0,Public
6363,0,0,1,0,Public
6364,0,0,0,1,Public
6365,0,1,0,0,Public
6366,1,0,0,0,Public
6367,0,1,0,0,Public
6368,0,0,0,1,Public
6369,0,0,1,0,Public
6370,0,0,0,1,Public
6371,0,0,1,0,Public
6372,0,0,1,0,Public
6373,0,0,0,1,Public
6374,0,0,0,1,Public
6375,0,0,0,1,Public
6376,0,0,0,1,Public
6377,0,0,1,0,Public
6378,0,0,0,1,Public
6379,0,0,1,0,Public
6380,0,1,0,0,Public
6381,0,1,0,0,Public
6382,0,0,1,0,Public
6383,0,0,0,1,Public
6384,0,0,1,0,Public
6385,1,0,0,0,Public
6386,0,0,0,1,Public
6387,0,1,0,0,Public
6388,0,1,0,0,Public
6389,0,0,0,1,Public
6390,1,0,0,0,Public
6391,0,1,0,0,Public
6392,0,0,1,0,Public
6393,0,0,1,0,Public
6394,0,0,1,0,Public
6395,0,1,0,0,Public
6396,0,0,0,1,Public
6397,0,0,1,0,Public
6398,0,0,0,1,Public
6399,0,0,1,0,Public
6400,0,0,1,0,Public
6401,0,0,0,1,Public
6402,0,1,0,0,Public
6403,0,0,1,0,Public
6404,0,1,0,0,Public
6405,0,0,0,1,Public
6406,0,1,0,0,Public
6407,0,1,0,0,Public
6408,0,0,0,1,Public
6409,0,0,1,0,Public
6410,0,1,0,0,Public
6411,0,0,1,0,Public
6412,0,0,0,1,Public
6413,1,0,0,0,Public
6414,0,0,0,1,Public
6415,0,0,1,0,Public
6416,0,0,1,0,Public
6417,0,0,1,0,Public
6418,1,0,0,0,Public
6419,0,0,0,1,Public
6420,0,0,0,1,Public
6421,1,0,0,0,Public
6422,0,1,0,0,Public
6423,0,0,0,1,Public
6424,0,0,0,1,Public
6425,0,0,1,0,Public
6426,0,0,0,1,Public
6427,0,1,0,0,Public
6428,0,0,1,0,Public
6429,0,0,1,0,Public
6430,0,1,0,0,Public
6431,0,1,0,0,Public
6432,0,0,0,1,Public
6433,0,0,0,1,Public
6434,0,1,0,0,Public
6435,0,0,0,1,Public
6436,0,1,0,0,Public
6437,0,1,0,0,Public
6438,0,0,1,0,Public
6439,1,0,0,0,Public
6440,0,1,0,0,Public
6441,0,0,1,0,Public
6442,0,0,1,0,Public
6443,0,1,0,0,Public
6444,0,1,0,0,Public
6445,0,1,0,0,Public
6446,0,1,0,0,Public
6447,0,0,0,1,Public
6448,0,0,0,1,Public
6449,0,1,0,0,Public
6450,0,0,1,0,Public
6451,0,1,0,0,Public
6452,0,0,0,1,Public
6453,1,0,0,0,Public
6454,1,0,0,0,Public
6455,0,0,0,1,Public
6456,0,0,1,0,Public
6457,0,0,1,0,Public
6458,0,1,0,0,Public
6459,0,0,1,0,Public
6460,0,1,0,0,Public
6461,0,0,1,0,Public
6462,0,1,0,0,Public
6463,0,1,0,0,Public
6464,0,0,1,0,Public
6465,0,1,0,0,Public
6466,1,0,0,0,Public
6467,0,0,1,0,Public
6468,0,0,1,0,Public
6469,1,0,0,0,Public
6470,0,0,1,0,Public
6471,0,0,0,1,Public
6472,0,0,1,0,Public
6473,0,0,0,1,Public
6474,1,0,0,0,Public
6475,0,1,0,0,Public
6476,0,0,1,0,Public
6477,0,0,0,1,Public
6478,0,0,0,1,Public
6479,1,0,0,0,Public
6480,0,0,0,1,Public
6481,0,0,0,1,Public
6482,0,0,1,0,Public
6483,0,0,1,0,Public
6484,0,0,1,0,Public
6485,0,1,0,0,Public
6486,0,0,0,1,Public
6487,0,0,1,0,Public
6488,1,0,0,0,Public
6489,0,1,0,0,Public
6490,0,0,1,0,Public
6491,0,0,1,0,Public
6492,0,1,0,0,Public
6493,0,0,1,0,Public
6494,0,1,0,0,Public
6495,0,0,1,0,Public
6496,0,1,0,0,Public
6497,0,0,1,0,Public
6498,0,0,1,0,Public
6499,0,0,0,1,Public
6500,0,0,0,1,Public
6501,0,1,0,0,Public
6502,0,1,0,0,Public
6503,1,0,0,0,Public
6504,1,0,0,0,Public
6505,0,0,0,1,Public
6506,0,1,0,0,Public
6507,0,0,0,1,Public
6508,0,1,0,0,Public
6509,0,0,1,0,Public
6510,0,0,0,1,Public
6511,0,0,0,1,Public
6512,0,0,1,0,Public
6513,0,0,1,0,Public
6514,0,0,1,0,Public
6515,0,0,0,1,Public
6516,0,0,1,0,Public
6517,0,0,0,1,Public
6518,0,0,1,0,Public
6519,0,0,1,0,Public
6520,0,0,1,0,Public
6521,0,0,1,0,Public
6522,0,0,0,1,Public
6523,0,0,0,1,Public
6524,0,1,0,0,Public
6525,0,1,0,0,Public
6526,0,1,0,0,Public
6527,0,1,0,0,Public
6528,0,0,1,0,Public
6529,0,0,1,0,Public
6530,0,1,0,0,Public
6531,1,0,0,0,Public
6532,0,1,0,0,Public
6533,0,0,1,0,Public
6534,0,0,0,1,Public
6535,0,0,0,1,Public
6536,0,0,0,1,Public
6537,0,1,0,0,Public
6538,0,0,1,0,Public
6539,0,0,0,1,Public
6540,0,0,1,0,Public
6541,1,0,0,0,Public
6542,0,1,0,0,Public
6543,0,1,0,0,Public
6544,0,0,1,0,Public
6545,1,0,0,0,Public
6546,0,0,1,0,Public
6547,0,0,1,0,Public
6548,0,0,0,1,Public
6549,0,0,0,1,Public
6550,0,1,0,0,Public
6551,0,1,0,0,Public
6552,0,0,0,1,Public
6553,0,1,0,0,Public
6554,1,0,0,0,Public
6555,0,0,0,1,Public
6556,0,0,1,0,Public
6557,0,0,0,1,Public
6558,0,1,0,0,Public
6559,0,1,0,0,Public
6560,0,0,0,1,Public
6561,0,0,1,0,Public
6562,0,1,0,0,Public
6563,0,0,1,0,Public
6564,0,0,0,1,Public
6565,0,0,1,0,Public
6566,0,0,0,1,Public
6567,0,1,0,0,Public
6568,0,1,0,0,Public
6569,0,1,0,0,Public
6570,0,0,0,1,Public
6571,0,0,0,1,Public
6572,0,0,1,0,Public
6573,0,0,1,0,Public
6574,0,0,0,1,Public
6575,0,0,1,0,Public
6576,0,0,0,1,Public
6577,0,1,0,0,Public
6578,1,0,0,0,Public
6579,0,0,1,0,Public
6580,0,1,0,0,Public
6581,0,1,0,0,Public
6582,1,0,0,0,Public
6583,0,1,0,0,Public
6584,0,0,1,0,Public
6585,0,0,1,0,Public
6586,1,0,0,0,Public
6587,0,0,0,1,Public
6588,0,0,1,0,Public
6589,0,1,0,0,Public
6590,0,0,1,0,Public
6591,0,1,0,0,Public
6592,0,0,0,1,Public
6593,0,0,1,0,Public
6594,0,1,0,0,Public
6595,0,0,0,1,Public
6596,0,0,1,0,Public
6597,0,1,0,0,Public
6598,0,0,1,0,Public
6599,0,1,0,0,Public
6600,0,0,1,0,Public
6601,0,0,0,1,Public
6602,0,0,1,0,Public
6603,0,1,0,0,Public
6604,0,1,0,0,Public
6605,0,0,0,1,Public
6606,0,0,0,1,Public
6607,0,0,1,0,Public
6608,0,1,0,0,Public
6609,0,0,0,1,Public
6610,0,1,0,0,Public
6611,0,0,1,0,Public
6612,0,0,0,1,Public
6613,1,0,0,0,Public
6614,0,1,0,0,Public
6615,0,0,0,1,Public
6616,0,1,0,0,Public
6617,0,0,1,0,Public
6618,0,0,1,0,Public
6619,0,0,0,1,Public
6620,0,0,0,1,Public
6621,0,1,0,0,Public
6622,0,0,1,0,Public
6623,0,0,0,1,Public
6624,0,1,0,0,Public
6625,0,1,0,0,Public
6626,1,0,0,0,Public
6627,0,0,0,1,Public
6628,0,1,0,0,Public
6629,0,0,0,1,Public
6630,0,0,0,1,Public
6631,0,1,0,0,Public
6632,0,1,0,0,Public
6633,0,1,0,0,Public
6634,0,1,0,0,Public
6635,0,0,1,0,Public
6636,0,1,0,0,Public
6637,0,0,1,0,Public
6638,0,0,1,0,Public
6639,0,0,1,0,Public
6640,0,1,0,0,Public
6641,0,1,0,0,Public
6642,0,0,1,0,Public
6643,0,0,1,0,Public
6644,0,0,1,0,Public
6645,0,0,1,0,Public
6646,0,0,0,1,Public
6647,0,0,0,1,Public
6648,0,0,0,1,Public
6649,0,0,1,0,Public
6650,0,1,0,0,Public
6651,0,0,0,1,Public
6652,0,1,0,0,Public
6653,0,0,0,1,Public
6654,1,0,0,0,Public
6655,0,0,1,0,Public
6656,0,1,0,0,Public
6657,1,0,0,0,Public
6658,0,0,0,1,Public
6659,0,0,1,0,Public
6660,0,0,0,1,Public
6661,0,1,0,0,Public
6662,0,0,0,1,Public
6663,0,0,1,0,Public
6664,0,0,0,1,Public
6665,0,1,0,0,Public
6666,0,0,0,1,Public
6667,0,0,1,0,Public
6668,0,0,0,1,Public
6669,0,0,0,1,Public
6670,0,1,0,0,Public
6671,0,0,0,1,Public
6672,0,0,1,0,Public
6673,0,1,0,0,Public
6674,1,0,0,0,Public
6675,0,0,1,0,Public
6676,0,0,0,1,Public
6677,0,0,0,1,Public
6678,0,0,1,0,Public
6679,0,0,0,1,Public
6680,0,0,0,1,Public
6681,1,0,0,0,Public
6682,0,0,0,1,Public
6683,0,0,1,0,Public
6684,0,0,1,0,Public
6685,0,0,1,0,Public
6686,0,1,0,0,Public
6687,0,1,0,0,Public
6688,0,0,1,0,Public
6689,0,1,0,0,Public
6690,0,0,0,1,Public
6691,0,1,0,0,Public
6692,1,0,0,0,Public
6693,0,0,0,1,Public
6694,0,0,1,0,Public
6695,0,0,0,1,Public
6696,0,1,0,0,Public
6697,0,0,1,0,Public
6698,0,1,0,0,Public
6699,0,0,0,1,Public
6700,0,1,0,0,Public
6701,0,0,1,0,Public
6702,0,0,0,1,Public
6703,0,0,1,0,Public
6704,1,0,0,0,Public
6705,1,0,0,0,Public
6706,0,1,0,0,Public
6707,0,0,0,1,Public
6708,0,0,1,0,Public
6709,1,0,0,0,Public
6710,0,0,1,0,Public
6711,0,1,0,0,Public
6712,0,1,0,0,Public
6713,0,0,0,1,Public
6714,0,0,1,0,Public
6715,0,0,0,1,Public
6716,0,0,0,1,Public
6717,0,0,1,0,Public
6718,0,0,0,1,Public
6719,0,0,0,1,Public
6720,0,1,0,0,Public
6721,0,1,0,0,Public
6722,0,0,1,0,Public
6723,0,0,0,1,Public
6724,0,0,0,1,Public
6725,0,0,0,1,Public
6726,0,1,0,0,Public
6727,0,0,0,1,Public
6728,0,1,0,0,Public
6729,0,1,0,0,Public
6730,0,1,0,0,Public
6731,0,0,0,1,Public
6732,0,0,0,1,Public
6733,0,1,0,0,Public
6734,0,0,1,0,Public
6735,0,1,0,0,Public
6736,0,0,0,1,Public
6737,0,0,0,1,Public
6738,0,1,0,0,Public
6739,0,1,0,0,Public
6740,0,1,0,0,Public
6741,0,0,0,1,Public
6742,0,0,0,1,Public
6743,0,1,0,0,Public
6744,0,0,1,0,Public
6745,0,0,0,1,Public
6746,0,1,0,0,Public
6747,0,0,0,1,Public
6748,0,0,0,1,Public
6749,0,0,0,1,Public
6750,0,0,0,1,Public
6751,0,0,1,0,Public
6752,1,0,0,0,Public
6753,0,0,0,1,Public
6754,0,0,0,1,Public
6755,0,0,0,1,Public
6756,0,1,0,0,Public
6757,0,0,1,0,Public
6758,1,0,0,0,Public
6759,1,0,0,0,Public
6760,0,0,0,1,Public
6761,0,1,0,0,Public
6762,1,0,0,0,Public
6763,0,0,1,0,Public
6764,0,0,1,0,Public
6765,0,0,1,0,Public
6766,0,1,0,0,Public
6767,1,0,0,0,Public
6768,0,0,0,1,Public
6769,0,0,1,0,Public
6770,0,0,0,1,Public
6771,0,0,0,1,Public
6772,0,0,0,1,Public
6773,1,0,0,0,Public
6774,0,1,0,0,Public
6775,0,0,0,1,Public
6776,0,0,1,0,Public
6777,0,0,0,1,Public
6778,0,0,0,1,Public
6779,1,0,0,0,Public
6780,0,0,0,1,Public
6781,0,0,0,1,Public
6782,1,0,0,0,Public
6783,0,0,1,0,Public
6784,0,1,0,0,Public
6785,0,0,1,0,Public
6786,0,0,0,1,Public
6787,0,0,0,1,Public
6788,0,0,1,0,Public
6789,0,0,0,1,Public
6790,0,0,0,1,Public
6791,0,1,0,0,Public
6792,0,0,0,1,Public
6793,0,1,0,0,Public
6794,0,1,0,0,Public
6795,0,0,1,0,Public
6796,0,0,1,0,Public
6797,0,0,1,0,Public
6798,0,0,0,1,Public
6799,0,0,0,1,Public
6800,0,0,0,1,Public
6801,0,0,1,0,Public
6802,0,0,0,1,Public
6803,1,0,0,0,Public
6804,0,0,0,1,Public
6805,0,0,0,1,Public
6806,1,0,0,0,Public
6807,0,1,0,0,Public
6808,0,1,0,0,Public
6809,0,0,1,0,Public
6810,0,1,0,0,Public
6811,0,0,1,0,Public
6812,0,0,1,0,Public
6813,0,0,0,1,Public
6814,0,1,0,0,Public
6815,0,1,0,0,Public
6816,0,1,0,0,Public
6817,0,0,0,1,Public
6818,0,0,0,1,Public
6819,0,1,0,0,Public
6820,0,0,0,1,Public
6821,1,0,0,0,Public
6822,0,0,0,1,Public
6823,0,0,0,1,Public
6824,0,1,0,0,Public
6825,0,1,0,0,Public
6826,0,0,1,0,Public
6827,0,0,1,0,Public
6828,0,0,1,0,Public
6829,0,0,1,0,Public
6830,0,0,1,0,Public
6831,0,1,0,0,Public
6832,0,0,0,1,Public
6833,1,0,0,0,Public
6834,0,0,1,0,Public
6835,0,1,0,0,Public
6836,0,0,0,1,Public
6837,0,0,1,0,Public
6838,0,0,1,0,Public
6839,0,0,0,1,Public
6840,0,0,0,1,Public
6841,0,0,1,0,Public
6842,0,1,0,0,Public
6843,0,0,1,0,Public
6844,0,0,0,1,Public
6845,0,0,1,0,Public
6846,0,0,1,0,Public
6847,1,0,0,0,Public
6848,0,0,1,0,Public
6849,0,0,1,0,Public
6850,0,0,0,1,Public
6851,0,0,1,0,Public
6852,0,1,0,0,Public
6853,1,0,0,0,Public
6854,0,1,0,0,Public
6855,0,1,0,0,Public
6856,0,1,0,0,Public
6857,0,1,0,0,Public
6858,0,1,0,0,Public
6859,0,0,1,0,Public
6860,0,1,0,0,Public
6861,0,0,1,0,Public
6862,1,0,0,0,Public
6863,0,1,0,0,Public
6864,0,0,1,0,Public
6865,0,0,0,1,Public
6866,0,0,0,1,Public
6867,0,0,0,1,Public
6868,1,0,0,0,Public
6869,0,0,0,1,Public
6870,0,0,1,0,Public
6871,0,0,0,1,Public
6872,1,0,0,0,Public
6873,0,0,1,0,Public
6874,0,0,1,0,Public
6875,0,1,0,0,Public
6876,1,0,0,0,Public
6877,0,0,0,1,Public
6878,0,1,0,0,Public
6879,0,0,0,1,Public
6880,0,1,0,0,Public
6881,0,1,0,0,Public
6882,0,1,0,0,Public
6883,1,0,0,0,Public
6884,0,0,1,0,Public
6885,0,0,0,1,Public
6886,0,1,0,0,Public
6887,0,0,1,0,Public
6888,0,1,0,0,Public
6889,0,0,1,0,Public
6890,0,1,0,0,Public
6891,0,0,0,1,Public
6892,0,0,1,0,Public
6893,0,0,0,1,Public
6894,0,1,0,0,Public
6895,0,1,0,0,Public
6896,0,0,0,1,Public
6897,0,1,0,0,Public
6898,0,1,0,0,Public
6899,0,0,0,1,Public
6900,1,0,0,0,Public
6901,0,1,0,0,Public
6902,0,0,0,1,Public
6903,0,1,0,0,Public
6904,1,0,0,0,Public
6905,0,0,1,0,Public
6906,0,1,0,0,Public
6907,0,1,0,0,Public
6908,0,1,0,0,Public
6909,0,0,0,1,Public
6910,0,0,0,1,Public
6911,0,0,0,1,Public
6912,0,1,0,0,Public
6913,0,0,1,0,Public
6914,0,1,0,0,Public
6915,0,0,1,0,Public
6916,0,0,1,0,Public
6917,0,0,1,0,Public
6918,0,1,0,0,Public
6919,0,0,0,1,Public
6920,1,0,0,0,Public
6921,0,0,0,1,Public
6922,0,0,0,1,Public
6923,0,0,0,1,Public
6924,0,0,1,0,Public
6925,0,1,0,0,Public
6926,0,0,1,0,Public
6927,0,0,1,0,Public
6928,0,1,0,0,Public
6929,0,1,0,0,Public
6930,0,0,1,0,Public
6931,1,0,0,0,Public
6932,0,0,0,1,Public
6933,0,0,0,1,Public
6934,0,0,0,1,Public
6935,0,0,1,0,Public
6936,0,1,0,0,Public
6937,0,1,0,0,Public
6938,0,1,0,0,Public
6939,0,0,0,1,Public
6940,0,0,1,0,Public
6941,0,0,0,1,Public
6942,0,0,0,1,Public
6943,0,0,0,1,Public
6944,0,0,1,0,Public
6945,1,0,0,0,Public
6946,0,0,0,1,Public
6947,1,0,0,0,Public
6948,1,0,0,0,Public
6949,1,0,0,0,Public
6950,0,1,0,0,Public
6951,0,1,0,0,Public
6952,0,1,0,0,Public
6953,0,0,0,1,Public
6954,0,0,0,1,Public
6955,1,0,0,0,Public
6956,0,0,0,1,Public
6957,0,0,1,0,Public
6958,0,0,1,0,Public
6959,0,1,0,0,Public
6960,0,0,1,0,Public
6961,1,0,0,0,Public
6962,0,0,1,0,Public
6963,0,0,1,0,Public
6964,0,0,0,1,Public
6965,0,0,1,0,Public
6966,1,0,0,0,Public
6967,0,1,0,0,Public
6968,0,1,0,0,Public
6969,0,1,0,0,Public
6970,0,0,0,1,Public
6971,0,0,1,0,Public
6972,0,0,1,0,Public
6973,0,1,0,0,Public
6974,0,1,0,0,Public
6975,1,0,0,0,Public
6976,1,0,0,0,Public
6977,1,0,0,0,Public
6978,0,0,1,0,Public
6979,0,1,0,0,Public
6980,0,0,0,1,Public
6981,0,0,0,1,Public
6982,0,0,1,0,Public
6983,0,0,0,1,Public
6984,0,0,0,1,Public
6985,0,0,0,1,Public
6986,0,0,1,0,Public
6987,0,0,0,1,Public
6988,0,1,0,0,Public
6989,0,1,0,0,Public
6990,0,0,0,1,Public
6991,0,1,0,0,Public
6992,0,0,0,1,Public
6993,0,0,1,0,Public
6994,0,0,1,0,Public
6995,0,0,0,1,Public
6996,0,0,0,1,Public
6997,0,1,0,0,Public
6998,0,1,0,0,Public
6999,1,0,0,0,Public
7000,0,1,0,0,Public
7001,0,0,0,1,Public
7002,0,1,0,0,Public
7003,0,0,0,1,Public
7004,0,0,1,0,Public
7005,0,1,0,0,Public
7006,0,0,1,0,Public
7007,0,0,0,1,Public
7008,0,0,1,0,Public
7009,0,0,0,1,Public
7010,0,0,1,0,Public
7011,0,0,0,1,Public
7012,0,0,0,1,Public
7013,0,1,0,0,Public
7014,1,0,0,0,Public
7015,0,0,1,0,Public
7016,0,0,0,1,Public
7017,0,1,0,0,Public
7018,0,1,0,0,Public
7019,0,1,0,0,Public
7020,0,1,0,0,Public
7021,0,0,1,0,Public
7022,0,1,0,0,Public
7023,1,0,0,0,Public
7024,0,1,0,0,Public
7025,0,0,1,0,Public
7026,0,0,1,0,Public
7027,0,1,0,0,Public
7028,0,0,1,0,Public
7029,0,0,0,1,Public
7030,0,1,0,0,Public
7031,1,0,0,0,Public
7032,0,0,0,1,Public
7033,0,0,0,1,Public
7034,0,0,1,0,Public
7035,0,1,0,0,Public
7036,0,0,0,1,Public
7037,0,0,1,0,Public
7038,1,0,0,0,Public
7039,0,0,0,1,Public
7040,0,0,0,1,Public
7041,0,1,0,0,Public
7042,0,1,0,0,Public
7043,0,0,0,1,Public
7044,0,1,0,0,Public
7045,0,1,0,0,Public
7046,0,0,1,0,Public
7047,0,0,1,0,Public
7048,1,0,0,0,Public
7049,1,0,0,0,Public
7050,0,0,1,0,Public
7051,0,1,0,0,Public
7052,0,0,0,1,Public
7053,1,0,0,0,Public
7054,0,0,1,0,Public
7055,0,1,0,0,Public
7056,0,1,0,0,Public
7057,0,0,1,0,Public
7058,0,1,0,0,Public
7059,0,1,0,0,Public
7060,0,0,1,0,Public
7061,0,1,0,0,Public
7062,0,0,1,0,Public
7063,0,0,0,1,Public
7064,0,0,0,1,Public
7065,0,1,0,0,Public
7066,0,1,0,0,Public
7067,0,0,1,0,Public
7068,1,0,0,0,Public
7069,0,0,0,1,Public
7070,0,1,0,0,Public
7071,0,0,1,0,Public
7072,0,1,0,0,Public
7073,0,1,0,0,Public
7074,0,1,0,0,Public
7075,0,1,0,0,Public
7076,0,0,0,1,Public
7077,0,0,1,0,Public
7078,0,1,0,0,Public
7079,0,1,0,0,Public
7080,0,1,0,0,Public
7081,0,0,1,0,Public
7082,0,1,0,0,Public
7083,0,0,1,0,Public
7084,0,0,0,1,Public
7085,0,1,0,0,Public
7086,1,0,0,0,Public
7087,0,1,0,0,Public
7088,0,1,0,0,Public
7089,0,0,1,0,Public
7090,0,0,0,1,Public
7091,0,1,0,0,Public
7092,0,1,0,0,Public
7093,0,1,0,0,Public
7094,0,0,0,1,Public
7095,0,1,0,0,Public
7096,0,0,1,0,Public
7097,0,0,0,1,Public
7098,0,1,0,0,Public
7099,0,0,1,0,Public
7100,1,0,0,0,Public
7101,0,0,0,1,Public
7102,0,1,0,0,Public
7103,0,0,0,1,Public
7104,0,1,0,0,Public
7105,0,1,0,0,Public
7106,0,0,0,1,Public
7107,0,1,0,0,Public
7108,0,0,0,1,Public
7109,0,1,0,0,Public
7110,0,1,0,0,Public
7111,0,1,0,0,Public
7112,1,0,0,0,Public
7113,0,1,0,0,Public
7114,0,0,1,0,Public
7115,0,0,0,1,Public
7116,0,0,1,0,Public
7117,0,0,1,0,Public
7118,0,1,0,0,Public
7119,0,0,1,0,Public
7120,0,0,0,1,Public
7121,0,1,0,0,Public
7122,1,0,0,0,Public
7123,1,0,0,0,Public
7124,0,0,1,0,Public
7125,0,0,1,0,Public
7126,0,1,0,0,Public
7127,1,0,0,0,Public
7128,0,0,0,1,Public
7129,0,0,1,0,Public
7130,0,1,0,0,Public
7131,0,0,0,1,Public
7132,0,1,0,0,Public
7133,0,0,1,0,Public
7134,0,0,0,1,Public
7135,0,0,1,0,Public
7136,0,0,0,1,Public
7137,0,1,0,0,Public
7138,0,0,0,1,Public
7139,0,0,1,0,Public
7140,0,0,0,1,Public
7141,0,0,0,1,Public
7142,0,1,0,0,Public
7143,0,1,0,0,Public
7144,0,0,1,0,Public
7145,0,1,0,0,Public
7146,0,0,0,1,Public
7147,0,1,0,0,Public
7148,1,0,0,0,Public
7149,0,1,0,0,Public
7150,0,0,0,1,Public
7151,0,0,1,0,Public
7152,0,0,0,1,Public
7153,0,1,0,0,Public
7154,0,0,0,1,Public
7155,0,0,1,0,Public
7156,0,0,1,0,Public
7157,0,0,1,0,Public
7158,0,0,1,0,Public
7159,0,1,0,0,Public
7160,1,0,0,0,Public
7161,0,1,0,0,Public
7162,0,1,0,0,Public
7163,0,1,0,0,Public
7164,0,0,1,0,Public
7165,0,1,0,0,Public
7166,0,0,1,0,Public
7167,0,0,0,1,Public
7168,0,1,0,0,Public
7169,0,0,1,0,Public
7170,0,1,0,0,Public
7171,0,0,1,0,Public
7172,0,0,1,0,Public
7173,0,0,1,0,Public
7174,0,1,0,0,Public
7175,0,0,0,1,Public
7176,0,0,1,0,Public
7177,0,0,0,1,Public
7178,0,0,0,1,Public
7179,0,1,0,0,Public
7180,1,0,0,0,Public
7181,0,0,1,0,Public
7182,0,1,0,0,Public
7183,0,1,0,0,Public
7184,0,1,0,0,Public
7185,1,0,0,0,Public
7186,0,0,1,0,Public
7187,0,0,1,0,Public
7188,0,0,1,0,Public
7189,1,0,0,0,Public
7190,0,0,0,1,Public
7191,0,1,0,0,Public
7192,0,0,0,1,Public
7193,0,0,0,1,Public
7194,0,0,0,1,Public
7195,0,1,0,0,Public
7196,0,1,0,0,Public
7197,0,0,0,1,Public
7198,1,0,0,0,Public
7199,0,1,0,0,Public
7200,0,1,0,0,Public
7201,0,1,0,0,Public
7202,0,0,0,1,Public
7203,0,0,0,1,Public
7204,0,0,0,1,Public
7205,0,0,0,1,Public
7206,0,0,1,0,Public
7207,0,0,1,0,Public
7208,0,0,1,0,Public
7209,0,0,0,1,Public
7210,0,1,0,0,Public
7211,0,0,0,1,Public
7212,0,0,0,1,Public
7213,1,0,0,0,Public
7214,0,1,0,0,Public
7215,0,0,1,0,Public
7216,0,0,0,1,Public
7217,0,0,0,1,Public
7218,0,1,0,0,Public
7219,0,0,0,1,Public
7220,0,0,1,0,Public
7221,1,0,0,0,Public
7222,0,0,1,0,Public
7223,0,1,0,0,Public
7224,1,0,0,0,Public
7225,1,0,0,0,Public
7226,0,0,1,0,Public
7227,0,1,0,0,Public
7228,0,1,0,0,Public
7229,0,0,1,0,Public
7230,0,0,0,1,Public
7231,0,0,1,0,Public
7232,0,0,0,1,Public
7233,0,1,0,0,Public
7234,0,0,1,0,Public
7235,1,0,0,0,Public
7236,0,0,0,1,Public
7237,0,0,1,0,Public
7238,0,0,0,1,Public
7239,0,0,1,0,Public
7240,0,0,1,0,Public
7241,0,1,0,0,Public
7242,0,0,0,1,Public
7243,1,0,0,0,Public
7244,0,0,1,0,Public
7245,0,0,1,0,Public
7246,0,1,0,0,Public
7247,0,0,1,0,Public
7248,0,0,1,0,Public
7249,0,1,0,0,Public
7250,0,0,1,0,Public
7251,0,0,1,0,Public
7252,0,1,0,0,Public
7253,0,0,1,0,Public
7254,0,1,0,0,Public
7255,0,1,0,0,Public
7256,0,0,0,1,Public
7257,0,0,1,0,Public
7258,0,0,1,0,Public
7259,0,0,1,0,Public
7260,0,1,0,0,Public
7261,0,1,0,0,Public
7262,0,1,0,0,Public
7263,0,0,1,0,Public
7264,0,0,0,1,Public
7265,0,0,1,0,Public
7266,0,1,0,0,Public
7267,0,0,0,1,Public
7268,1,0,0,0,Public
7269,1,0,0,0,Public
7270,0,1,0,0,Public
7271,0,0,1,0,Public
7272,0,0,1,0,Public
7273,0,0,0,1,Public
7274,0,0,0,1,Public
7275,0,1,0,0,Public
7276,0,0,1,0,Public
7277,0,1,0,0,Public
7278,0,1,0,0,Public
7279,0,1,0,0,Public
7280,0,0,0,1,Public
7281,1,0,0,0,Public
7282,0,0,0,1,Public
7283,1,0,0,0,Public
7284,0,0,1,0,Public
7285,1,0,0,0,Public
7286,0,0,0,1,Public
7287,0,1,0,0,Public
7288,0,0,0,1,Public
7289,0,0,0,1,Public
7290,0,1,0,0,Public
7291,0,1,0,0,Public
7292,0,0,0,1,Public
7293,0,1,0,0,Public
7294,1,0,0,0,Public
7295,0,0,1,0,Public
7296,0,0,1,0,Public
7297,0,0,1,0,Public
7298,0,0,1,0,Public
7299,0,1,0,0,Public
7300,0,0,0,1,Public
7301,0,0,1,0,Public
7302,0,0,1,0,Public
7303,0,0,0,1,Public
7304,1,0,0,0,Public
7305,1,0,0,0,Public
7306,0,0,1,0,Public
7307,0,1,0,0,Public
7308,0,0,1,0,Public
7309,1,0,0,0,Public
7310,0,0,1,0,Public
7311,0,0,1,0,Public
7312,0,0,0,1,Public
7313,1,0,0,0,Public
7314,0,0,0,1,Public
7315,0,1,0,0,Public
7316,0,1,0,0,Public
7317,0,0,0,1,Public
7318,0,0,0,1,Public
7319,0,0,1,0,Public
7320,0,0,0,1,Public
7321,0,0,1,0,Public
7322,0,0,0,1,Public
7323,0,1,0,0,Public
7324,0,1,0,0,Public
7325,0,1,0,0,Public
7326,0,1,0,0,Public
7327,0,0,1,0,Public
7328,0,0,1,0,Public
7329,0,0,1,0,Public
7330,0,0,1,0,Public
7331,0,1,0,0,Public
7332,0,0,1,0,Public
7333,1,0,0,0,Public
7334,0,1,0,0,Public
7335,0,0,0,1,Public
7336,0,0,0,1,Public
7337,0,1,0,0,Public
7338,0,0,1,0,Public
7339,0,0,1,0,Public
7340,1,0,0,0,Public
7341,0,0,1,0,Public
7342,0,0,0,1,Public
7343,0,0,0,1,Public
7344,0,0,0,1,Public
7345,0,0,0,1,Public
7346,0,0,1,0,Public
7347,1,0,0,0,Public
7348,1,0,0,0,Public
7349,0,0,1,0,Public
7350,0,1,0,0,Public
7351,0,0,1,0,Public
7352,0,0,0,1,Public
7353,0,0,1,0,Public
7354,0,1,0,0,Public
7355,1,0,0,0,Public
7356,0,0,0,1,Public
7357,1,0,0,0,Public
7358,1,0,0,0,Public
7359,0,1,0,0,Public
7360,0,0,0,1,Public
7361,0,1,0,0,Public
7362,0,0,0,1,Public
7363,0,0,0,1,Public
7364,0,0,0,1,Public
7365,0,0,0,1,Public
7366,0,0,0,1,Public
7367,0,1,0,0,Public
7368,0,1,0,0,Public
7369,0,1,0,0,Public
7370,0,0,0,1,Public
7371,0,0,0,1,Public
7372,1,0,0,0,Public
7373,0,0,1,0,Public
7374,0,1,0,0,Public
7375,0,0,1,0,Public
7376,1,0,0,0,Public
7377,0,1,0,0,Public
7378,0,1,0,0,Public
7379,0,1,0,0,Public
7380,0,0,0,1,Public
7381,1,0,0,0,Public
7382,0,0,1,0,Public
7383,0,0,0,1,Public
7384,0,1,0,0,Public
7385,0,0,1,0,Public
7386,0,0,0,1,Public
7387,0,0,1,0,Public
7388,0,0,0,1,Public
7389,0,1,0,0,Public
7390,0,1,0,0,Public
7391,1,0,0,0,Public
7392,0,1,0,0,Public
7393,0,1,0,0,Public
7394,0,0,1,0,Public
7395,0,0,1,0,Public
7396,0,0,0,1,Public
7397,0,0,0,1,Public
7398,0,0,1,0,Public
7399,0,1,0,0,Public
7400,0,0,1,0,Public
7401,0,0,0,1,Public
7402,0,0,0,1,Public
7403,0,0,0,1,Public
7404,0,0,1,0,Public
7405,0,1,0,0,Public
7406,0,0,0,1,Public
7407,0,0,0,1,Public
7408,0,0,0,1,Public
7409,1,0,0,0,Public
7410,0,0,1,0,Public
7411,0,0,0,1,Public
7412,0,1,0,0,Public
7413,0,0,0,1,Public
7414,1,0,0,0,Public
7415,0,0,0,1,Public
7416,0,1,0,0,Public
7417,0,1,0,0,Public
7418,0,0,0,1,Public
7419,0,0,1,0,Public
7420,0,0,1,0,Public
7421,0,1,0,0,Public
7422,0,1,0,0,Public
7423,0,1,0,0,Public
7424,0,0,0,1,Public
7425,0,0,1,0,Public
7426,0,1,0,0,Public
7427,0,0,0,1,Public
7428,0,1,0,0,Public
7429,0,0,0,1,Public
7430,0,1,0,0,Public
7431,0,1,0,0,Public
7432,0,0,0,1,Public
7433,0,1,0,0,Public
7434,0,1,0,0,Public
7435,0,0,1,0,Public
7436,1,0,0,0,Public
7437,0,0,1,0,Public
7438,0,0,0,1,Public
7439,0,1,0,0,Public
7440,0,0,1,0,Public
7441,0,0,0,1,Public
7442,0,0,1,0,Public
7443,0,0,1,0,Public
7444,0,0,1,0,Public
7445,0,0,1,0,Public
7446,0,0,0,1,Public
7447,0,0,1,0,Public
7448,0,1,0,0,Public
7449,0,0,0,1,Public
7450,1,0,0,0,Public
7451,0,1,0,0,Public
7452,0,0,0,1,Public
7453,1,0,0,0,Public
7454,0,1,0,0,Public
7455,0,1,0,0,Public
7456,1,0,0,0,Public
7457,0,0,0,1,Public
7458,0,0,1,0,Public
7459,0,0,0,1,Public
7460,0,0,0,1,Public
7461,0,1,0,0,Public
7462,0,1,0,0,Public
7463,0,0,1,0,Public
7464,0,1,0,0,Public
7465,1,0,0,0,Public
7466,0,0,0,1,Public
7467,0,0,0,1,Public
7468,0,0,1,0,Public
7469,0,1,0,0,Public
7470,0,0,1,0,Public
7471,0,1,0,0,Public
7472,0,0,0,1,Public
7473,0,1,0,0,Public
7474,0,1,0,0,Public
7475,0,1,0,0,Public
7476,0,1,0,0,Public
7477,0,0,0,1,Public
7478,0,0,1,0,Public
7479,0,0,0,1,Public
7480,0,0,0,1,Public
7481,0,0,1,0,Public
7482,0,0,1,0,Public
7483,0,1,0,0,Public
7484,0,1,0,0,Public
7485,0,0,1,0,Public
7486,0,0,0,1,Public
7487,0,1,0,0,Public
7488,0,0,0,1,Public
7489,0,0,1,0,Public
7490,0,1,0,0,Public
7491,0,0,0,1,Public
7492,0,0,0,1,Public
7493,0,0,1,0,Public
7494,0,0,0,1,Public
7495,0,1,0,0,Public
7496,1,0,0,0,Public
7497,0,0,1,0,Public
7498,0,0,0,1,Public
7499,0,0,1,0,Public
7500,0,0,0,1,Public
7501,0,0,1,0,Public
7502,0,1,0,0,Public
7503,0,0,1,0,Public
7504,1,0,0,0,Public
7505,0,0,1,0,Public
7506,0,1,0,0,Public
7507,0,0,1,0,Public
7508,0,0,0,1,Public
7509,0,1,0,0,Public
7510,0,0,1,0,Public
7511,0,0,1,0,Public
7512,0,0,1,0,Public
7513,0,0,1,0,Public
7514,0,0,1,0,Public
7515,0,0,0,1,Public
7516,0,0,1,0,Public
7517,0,0,0,1,Public
7518,0,0,1,0,Public
7519,0,1,0,0,Public
7520,0,1,0,0,Public
7521,0,0,1,0,Public
7522,0,0,0,1,Public
7523,0,0,1,0,Public
7524,0,1,0,0,Public
7525,0,0,0,1,Public
7526,0,0,1,0,Public
7527,0,0,1,0,Public
7528,0,1,0,0,Public
7529,0,1,0,0,Public
7530,0,1,0,0,Public
7531,0,0,0,1,Public
7532,0,0,0,1,Public
7533,0,0,0,1,Public
7534,0,0,0,1,Public
7535,0,1,0,0,Public
7536,0,1,0,0,Public
7537,0,1,0,0,Public
7538,0,1,0,0,Public
7539,0,0,0,1,Public
7540,0,0,1,0,Public
7541,0,0,0,1,Public
7542,0,0,1,0,Public
7543,0,0,0,1,Public
7544,0,0,1,0,Public
7545,0,0,0,1,Public
7546,0,1,0,0,Public
7547,0,0,1,0,Public
7548,0,1,0,0,Public
7549,0,0,0,1,Public
7550,0,0,0,1,Public
7551,0,0,0,1,Public
7552,0,0,1,0,Public
7553,0,0,0,1,Public
7554,0,1,0,0,Public
7555,0,0,1,0,Public
7556,0,1,0,0,Public
7557,0,0,1,0,Public
7558,0,0,1,0,Public
7559,0,0,0,1,Public
7560,0,0,0,1,Public
7561,0,0,1,0,Public
7562,0,0,0,1,Public
7563,1,0,0,0,Public
7564,0,0,0,1,Public
7565,0,0,0,1,Public
7566,0,0,1,0,Public
7567,0,0,1,0,Public
7568,0,0,1,0,Public
7569,0,1,0,0,Public
7570,0,0,0,1,Public
7571,0,1,0,0,Public
7572,0,1,0,0,Public
7573,0,0,1,0,Public
7574,0,0,0,1,Public
7575,0,1,0,0,Public
7576,1,0,0,0,Public
7577,0,0,0,1,Public
7578,0,0,0,1,Public
7579,0,1,0,0,Public
7580,0,0,0,1,Public
7581,0,0,1,0,Public
7582,1,0,0,0,Public
7583,0,1,0,0,Public
7584,0,1,0,0,Public
7585,0,0,1,0,Public
7586,0,0,0,1,Public
7587,0,0,1,0,Public
7588,0,1,0,0,Public
7589,0,0,0,1,Public
7590,0,1,0,0,Public
7591,0,1,0,0,Public
7592,0,0,0,1,Public
7593,1,0,0,0,Public
7594,0,0,1,0,Public
7595,0,1,0,0,Public
7596,0,0,0,1,Public
7597,0,1,0,0,Public
7598,0,0,1,0,Public
7599,0,0,1,0,Public
7600,0,0,1,0,Public
7601,0,0,1,0,Public
7602,0,1,0,0,Public
7603,0,1,0,0,Public
7604,0,0,1,0,Public
7605,0,1,0,0,Public
7606,1,0,0,0,Public
7607,0,0,0,1,Public
7608,0,1,0,0,Public
7609,0,0,0,1,Public
7610,0,0,1,0,Public
7611,0,0,1,0,Public
7612,0,0,1,0,Public
7613,0,1,0,0,Public
7614,0,0,1,0,Public
7615,0,0,0,1,Public
7616,0,0,0,1,Public
7617,0,1,0,0,Public
7618,0,1,0,0,Public
7619,1,0,0,0,Public
7620,0,1,0,0,Public
7621,0,1,0,0,Public
7622,0,0,1,0,Public
7623,0,1,0,0,Public
7624,0,1,0,0,Public
7625,1,0,0,0,Public
7626,0,0,1,0,Public
7627,0,1,0,0,Public
7628,0,1,0,0,Public
7629,0,0,1,0,Public
7630,0,0,1,0,Public
7631,0,1,0,0,Public
7632,0,0,0,1,Public
7633,0,0,1,0,Public
7634,0,0,1,0,Public
7635,0,1,0,0,Public
7636,0,0,0,1,Public
7637,0,0,1,0,Public
7638,1,0,0,0,Public
7639,0,0,1,0,Public
7640,0,0,1,0,Public
7641,0,1,0,0,Public
7642,0,1,0,0,Public
7643,0,0,0,1,Public
7644,0,0,1,0,Public
7645,0,0,1,0,Public
7646,0,0,0,1,Public
7647,0,0,1,0,Public
7648,0,0,0,1,Public
7649,0,0,0,1,Public
7650,0,1,0,0,Public
7651,0,1,0,0,Public
7652,0,0,0,1,Public
7653,0,0,1,0,Public
7654,0,0,0,1,Public
7655,1,0,0,0,Public
7656,0,1,0,0,Public
7657,1,0,0,0,Public
7658,0,1,0,0,Public
7659,0,0,1,0,Public
7660,0,0,0,1,Public
7661,0,0,1,0,Public
7662,0,0,1,0,Public
7663,0,0,0,1,Public
7664,0,0,1,0,Public
7665,1,0,0,0,Public
7666,0,0,1,0,Public
7667,0,0,1,0,Public
7668,1,0,0,0,Public
7669,0,0,1,0,Public
7670,0,0,0,1,Public
7671,1,0,0,0,Public
7672,0,0,0,1,Public
7673,0,0,1,0,Public
7674,0,0,1,0,Public
7675,1,0,0,0,Public
7676,1,0,0,0,Public
7677,0,1,0,0,Public
7678,0,0,0,1,Public
7679,0,1,0,0,Public
7680,0,0,1,0,Public
7681,0,0,0,1,Public
7682,0,0,0,1,Public
7683,0,0,1,0,Public
7684,0,0,1,0,Public
7685,0,0,1,0,Public
7686,0,1,0,0,Public
7687,0,0,0,1,Public
7688,0,0,1,0,Public
7689,0,0,1,0,Public
7690,1,0,0,0,Public
7691,0,0,0,1,Public
7692,0,1,0,0,Public
7693,0,0,0,1,Public
7694,0,1,0,0,Public
7695,0,0,1,0,Public
7696,0,1,0,0,Public
7697,0,1,0,0,Public
7698,0,1,0,0,Public
7699,0,0,1,0,Public
7700,0,0,1,0,Public
7701,0,1,0,0,Public
7702,0,0,0,1,Public
7703,0,0,0,1,Public
7704,0,0,1,0,Public
7705,0,0,0,1,Public
7706,0,0,0,1,Public
7707,0,0,1,0,Public
7708,1,0,0,0,Public
7709,0,0,1,0,Public
7710,0,1,0,0,Public
7711,0,0,0,1,Public
7712,0,0,1,0,Public
7713,0,1,0,0,Public
7714,0,1,0,0,Public
7715,1,0,0,0,Public
7716,0,1,0,0,Public
7717,1,0,0,0,Public
7718,0,0,1,0,Public
7719,0,1,0,0,Public
7720,0,1,0,0,Public
7721,0,1,0,0,Public
7722,0,0,0,1,Public
7723,1,0,0,0,Public
7724,0,1,0,0,Public
7725,0,0,0,1,Public
7726,0,0,0,1,Public
7727,0,0,0,1,Public
7728,0,0,1,0,Public
7729,0,1,0,0,Public
7730,1,0,0,0,Public
7731,0,1,0,0,Public
7732,0,1,0,0,Public
7733,0,0,0,1,Public
7734,0,0,1,0,Public
7735,0,0,1,0,Public
7736,0,0,1,0,Public
7737,0,0,0,1,Public
7738,0,0,0,1,Public
7739,0,0,0,1,Public
7740,0,1,0,0,Public
7741,1,0,0,0,Public
7742,0,0,0,1,Public
7743,0,0,1,0,Public
7744,0,0,1,0,Public
7745,0,1,0,0,Public
7746,0,0,0,1,Public
7747,0,1,0,0,Public
7748,0,1,0,0,Public
7749,0,0,1,0,Public
7750,0,0,1,0,Public
7751,0,0,1,0,Public
7752,0,0,0,1,Public
7753,0,0,1,0,Public
7754,1,0,0,0,Public
7755,0,0,1,0,Public
7756,0,1,0,0,Public
7757,0,1,0,0,Public
7758,0,0,0,1,Public
7759,1,0,0,0,Public
7760,0,0,0,1,Public
7761,0,0,0,1,Public
7762,0,0,1,0,Public
7763,0,1,0,0,Public
7764,0,0,1,0,Public
7765,0,1,0,0,Public
7766,0,1,0,0,Public
7767,0,0,1,0,Public
7768,0,0,0,1,Public
7769,0,0,1,0,Public
7770,0,0,0,1,Public
7771,0,0,1,0,Public
7772,0,0,0,1,Public
7773,0,0,1,0,Public
7774,0,0,0,1,Public
7775,0,1,0,0,Public
7776,0,1,0,0,Public
7777,1,0,0,0,Public
7778,0,1,0,0,Public
7779,0,1,0,0,Public
7780,0,0,0,1,Public
7781,1,0,0,0,Public
7782,0,0,0,1,Public
7783,0,0,0,1,Public
7784,0,0,1,0,Public
7785,0,0,1,0,Public
7786,0,1,0,0,Public
7787,0,0,1,0,Public
7788,0,0,0,1,Public
7789,0,0,0,1,Public
7790,0,0,0,1,Public
7791,0,1,0,0,Public
7792,0,0,1,0,Public
7793,0,0,1,0,Public
7794,0,1,0,0,Public
7795,0,1,0,0,Public
7796,0,0,1,0,Public
7797,0,0,0,1,Public
7798,0,1,0,0,Public
7799,0,0,1,0,Public
7800,0,0,0,1,Public
7801,0,0,1,0,Public
7802,0,0,1,0,Public
7803,0,1,0,0,Public
7804,0,0,1,0,Public
7805,0,0,1,0,Public
7806,0,1,0,0,Public
7807,0,0,0,1,Public
7808,0,1,0,0,Public
7809,0,0,0,1,Public
7810,0,0,1,0,Public
7811,1,0,0,0,Public
7812,0,1,0,0,Public
7813,0,1,0,0,Public
7814,0,0,1,0,Public
7815,0,0,1,0,Public
7816,0,0,0,1,Public
7817,0,1,0,0,Public
7818,0,1,0,0,Public
7819,0,0,0,1,Public
7820,1,0,0,0,Public
7821,0,0,0,1,Public
7822,1,0,0,0,Public
7823,0,1,0,0,Public
7824,0,0,0,1,Public
7825,0,1,0,0,Public
7826,0,1,0,0,Public
7827,0,0,0,1,Public
7828,0,0,0,1,Public
7829,0,1,0,0,Public
7830,0,0,0,1,Public
7831,0,1,0,0,Public
7832,0,1,0,0,Public
7833,0,1,0,0,Public
7834,0,0,0,1,Public
7835,0,0,0,1,Public
7836,0,0,1,0,Public
7837,0,0,0,1,Public
7838,0,1,0,0,Public
7839,0,0,1,0,Public
7840,0,0,1,0,Public
7841,0,1,0,0,Public
7842,0,0,0,1,Public
7843,0,0,1,0,Public
7844,0,0,0,1,Public
7845,0,0,1,0,Public
7846,0,1,0,0,Public
7847,1,0,0,0,Public
7848,0,0,0,1,Public
7849,0,1,0,0,Public
7850,0,0,0,1,Public
7851,0,0,0,1,Public
7852,0,0,1,0,Public
7853,0,1,0,0,Public
7854,0,0,1,0,Public
7855,0,1,0,0,Public
7856,0,0,0,1,Public
7857,0,1,0,0,Public
7858,0,1,0,0,Public
7859,0,0,0,1,Public
7860,0,0,1,0,Public
7861,0,0,1,0,Public
7862,0,1,0,0,Public
7863,0,0,0,1,Public
7864,0,1,0,0,Public
7865,0,1,0,0,Public
7866,0,0,1,0,Public
7867,0,0,0,1,Public
7868,0,0,1,0,Public
7869,0,0,0,1,Public
7870,0,1,0,0,Public
7871,0,1,0,0,Public
7872,0,1,0,0,Public
7873,0,1,0,0,Public
7874,0,0,1,0,Public
7875,0,1,0,0,Public
7876,0,0,1,0,Public
7877,0,0,0,1,Public
7878,0,1,0,0,Public
7879,0,0,1,0,Public
7880,0,0,0,1,Public
7881,1,0,0,0,Public
7882,0,0,1,0,Public
7883,0,0,1,0,Public
7884,0,0,1,0,Public
7885,0,1,0,0,Public
7886,1,0,0,0,Public
7887,0,0,1,0,Public
7888,0,0,0,1,Public
7889,1,0,0,0,Public
7890,0,1,0,0,Public
7891,0,1,0,0,Public
7892,0,0,0,1,Public
7893,0,1,0,0,Public
7894,0,0,1,0,Public
7895,0,1,0,0,Public
7896,0,0,1,0,Public
7897,0,0,0,1,Public
7898,1,0,0,0,Public
7899,0,1,0,0,Public
7900,0,1,0,0,Public
7901,0,1,0,0,Public
7902,0,1,0,0,Public
7903,0,0,1,0,Public
7904,0,1,0,0,Public
7905,0,0,1,0,Public
7906,0,1,0,0,Public
7907,0,0,1,0,Public
7908,0,0,0,1,Public
7909,0,0,1,0,Public
7910,0,0,0,1,Public
7911,1,0,0,0,Public
7912,0,0,0,1,Public
7913,0,0,0,1,Public
7914,0,0,1,0,Public
7915,1,0,0,0,Public
7916,0,0,0,1,Public
7917,0,1,0,0,Public
7918,0,0,0,1,Public
7919,0,0,1,0,Public
7920,0,0,0,1,Public
7921,0,1,0,0,Public
7922,0,1,0,0,Public
7923,0,0,0,1,Public
7924,1,0,0,0,Public
7925,0,0,1,0,Public
7926,0,0,0,1,Public
7927,0,0,1,0,Public
7928,0,0,0,1,Public
7929,0,1,0,0,Public
7930,0,1,0,0,Public
7931,0,1,0,0,Public
7932,0,1,0,0,Public
7933,0,0,0,1,Public
7934,0,0,1,0,Public
7935,0,0,0,1,Public
7936,0,0,0,1,Public
7937,0,0,1,0,Public
7938,0,0,0,1,Public
7939,0,1,0,0,Public
7940,0,1,0,0,Public
7941,0,0,0,1,Public
7942,0,0,0,1,Public
7943,0,0,0,1,Public
7944,0,1,0,0,Public
7945,1,0,0,0,Public
7946,0,0,0,1,Public
7947,1,0,0,0,Public
7948,0,1,0,0,Public
7949,0,0,1,0,Public
7950,0,1,0,0,Public
7951,0,0,0,1,Public
7952,0,1,0,0,Public
7953,0,1,0,0,Public
7954,0,0,0,1,Public
7955,0,0,0,1,Public
7956,0,1,0,0,Public
7957,0,0,1,0,Public
7958,0,0,0,1,Public
7959,0,1,0,0,Public
7960,0,1,0,0,Public
7961,0,0,0,1,Public
7962,0,1,0,0,Public
7963,0,0,1,0,Public
7964,0,1,0,0,Public
7965,0,0,1,0,Public
7966,0,0,0,1,Public
7967,0,0,1,0,Public
7968,0,1,0,0,Public
7969,0,0,1,0,Public
7970,0,0,1,0,Public
7971,0,0,1,0,Public
7972,0,0,0,1,Public
7973,0,1,0,0,Public
7974,0,0,0,1,Public
7975,0,1,0,0,Public
7976,0,0,0,1,Public
7977,0,1,0,0,Public
7978,0,1,0,0,Public
7979,0,0,1,0,Public
7980,0,0,1,0,Public
7981,0,0,0,1,Public
7982,0,0,1,0,Public
7983,0,0,0,1,Public
7984,0,1,0,0,Public
7985,0,1,0,0,Public
7986,0,0,1,0,Public
7987,0,0,0,1,Public
7988,1,0,0,0,Public
7989,0,1,0,0,Public
7990,0,0,1,0,Public
7991,0,1,0,0,Public
7992,0,0,1,0,Public
7993,0,1,0,0,Public
7994,0,0,1,0,Public
7995,0,0,1,0,Public
7996,0,1,0,0,Public
7997,0,1,0,0,Public
7998,1,0,0,0,Public
7999,1,0,0,0,Public
8000,0,0,0,1,Public
8001,0,0,0,1,Public
8002,0,0,0,1,Public
8003,0,1,0,0,Public
8004,0,0,0,1,Public
8005,0,0,1,0,Public
8006,0,1,0,0,Public
8007,0,0,1,0,Public
8008,0,1,0,0,Public
8009,0,0,0,1,Public
8010,0,0,0,1,Public
8011,0,0,1,0,Public
8012,0,1,0,0,Public
8013,0,0,0,1,Public
8014,1,0,0,0,Public
8015,0,1,0,0,Public
8016,0,0,1,0,Public
8017,0,0,0,1,Public
8018,0,0,0,1,Public
8019,0,1,0,0,Public
8020,1,0,0,0,Public
8021,0,0,1,0,Public
8022,0,1,0,0,Public
8023,0,1,0,0,Public
8024,1,0,0,0,Public
8025,0,1,0,0,Public
8026,0,1,0,0,Public
8027,0,0,1,0,Public
8028,0,0,0,1,Public
8029,0,0,1,0,Public
8030,0,0,0,1,Public
8031,1,0,0,0,Public
8032,1,0,0,0,Public
8033,0,0,1,0,Public
8034,0,0,0,1,Public
8035,0,1,0,0,Public
8036,0,0,0,1,Public
8037,0,0,1,0,Public
8038,0,0,0,1,Public
8039,0,0,1,0,Public
8040,0,1,0,0,Public
8041,0,0,1,0,Public
8042,0,1,0,0,Public
8043,0,1,0,0,Public
8044,0,0,1,0,Public
8045,0,1,0,0,Public
8046,0,0,1,0,Public
8047,0,1,0,0,Public
8048,0,0,1,0,Public
8049,0,0,1,0,Public
8050,0,0,0,1,Public
8051,0,0,1,0,Public
8052,0,1,0,0,Public
8053,0,0,0,1,Public
8054,0,0,0,1,Public
8055,0,0,0,1,Public
8056,0,0,0,1,Public
8057,0,0,0,1,Public
8058,1,0,0,0,Public
8059,1,0,0,0,Public
8060,0,0,1,0,Public
8061,0,1,0,0,Public
8062,0,1,0,0,Public
8063,0,1,0,0,Public
8064,0,0,1,0,Public
8065,0,0,1,0,Public
8066,0,0,0,1,Public
8067,0,1,0,0,Public
8068,0,1,0,0,Public
8069,0,1,0,0,Public
8070,0,1,0,0,Public
8071,0,0,0,1,Public
8072,0,1,0,0,Public
8073,0,1,0,0,Public
8074,0,0,0,1,Public
8075,0,0,1,0,Public
8076,0,1,0,0,Public
8077,0,0,0,1,Public
8078,0,1,0,0,Public
8079,0,0,1,0,Public
8080,0,0,1,0,Public
8081,0,0,0,1,Public
8082,0,0,0,1,Public
8083,0,0,1,0,Public
8084,0,0,0,1,Public
8085,0,0,0,1,Public
8086,0,0,0,1,Public
8087,0,0,0,1,Public
8088,0,0,1,0,Public
8089,0,1,0,0,Public
8090,1,0,0,0,Public
8091,0,0,0,1,Public
8092,0,1,0,0,Public
8093,0,0,0,1,Public
8094,0,0,1,0,Public
8095,0,0,1,0,Public
8096,0,0,0,1,Public
8097,0,1,0,0,Public
8098,0,0,1,0,Public
8099,0,1,0,0,Public
8100,0,0,0,1,Public
8101,0,1,0,0,Public
8102,1,0,0,0,Public
8103,1,0,0,0,Public
8104,0,0,1,0,Public
8105,0,0,0,1,Public
8106,0,1,0,0,Public
8107,0,0,1,0,Public
8108,0,0,1,0,Public
8109,0,0,1,0,Public
8110,0,0,0,1,Public
8111,0,1,0,0,Public
8112,0,0,1,0,Public
8113,1,0,0,0,Public
8114,0,1,0,0,Public
8115,0,1,0,0,Public
8116,0,0,0,1,Public
8117,0,0,1,0,Public
8118,0,0,1,0,Public
8119,0,1,0,0,Public
8120,0,0,0,1,Public
8121,0,1,0,0,Public
8122,0,1,0,0,Public
8123,0,0,0,1,Public
8124,0,1,0,0,Public
8125,0,0,1,0,Public
8126,1,0,0,0,Public
8127,0,0,0,1,Public
8128,0,0,1,0,Public
8129,0,1,0,0,Public
8130,0,0,0,1,Public
8131,0,0,1,0,Public
8132,0,1,0,0,Public
8133,0,1,0,0,Public
8134,0,0,0,1,Public
8135,0,1,0,0,Public
8136,0,1,0,0,Public
8137,0,0,1,0,Public
8138,0,0,0,1,Public
8139,0,1,0,0,Public
8140,1,0,0,0,Public
8141,0,0,1,0,Public
8142,0,0,1,0,Public
8143,0,0,0,1,Public
8144,0,0,0,1,Public
8145,0,1,0,0,Public
8146,0,0,1,0,Public
8147,0,0,0,1,Public
8148,0,1,0,0,Public
8149,0,0,1,0,Public
8150,1,0,0,0,Public
8151,0,0,0,1,Public
8152,0,0,1,0,Public
8153,0,0,0,1,Public
8154,1,0,0,0,Public
8155,0,0,1,0,Public
8156,0,1,0,0,Public
8157,0,1,0,0,Public
8158,0,1,0,0,Public
8159,0,0,1,0,Public
8160,0,0,1,0,Public
8161,0,1,0,0,Public
8162,0,1,0,0,Public
8163,0,0,0,1,Public
8164,0,0,1,0,Public
8165,0,0,0,1,Public
8166,0,0,0,1,Public
8167,0,0,0,1,Public
8168,0,1,0,0,Public
8169,0,0,0,1,Public
8170,1,0,0,0,Public
8171,0,0,1,0,Public
8172,0,1,0,0,Public
8173,0,0,1,0,Public
8174,0,1,0,0,Public
8175,0,0,0,1,Public
8176,0,0,0,1,Public
8177,0,1,0,0,Public
8178,0,0,1,0,Public
8179,0,0,0,1,Public
8180,0,1,0,0,Public
8181,0,0,1,0,Public
8182,0,0,0,1,Public
8183,0,1,0,0,Public
8184,0,0,0,1,Public
8185,0,0,0,1,Public
8186,0,0,1,0,Public
8187,0,1,0,0,Public
8188,0,0,1,0,Public
8189,0,0,0,1,Public
8190,0,0,1,0,Public
8191,1,0,0,0,Public
8192,0,1,0,0,Public
8193,1,0,0,0,Public
8194,0,1,0,0,Public
8195,0,1,0,0,Public
8196,0,1,0,0,Public
8197,0,1,0,0,Public
8198,0,1,0,0,Public
8199,0,1,0,0,Public
8200,1,0,0,0,Public
8201,0,1,0,0,Public
8202,0,0,1,0,Public
8203,0,0,0,1,Public
8204,0,1,0,0,Public
8205,0,0,1,0,Public
8206,0,0,0,1,Public
8207,0,0,1,0,Public
8208,0,1,0,0,Public
8209,0,0,0,1,Public
8210,0,0,0,1,Public
8211,0,1,0,0,Public
8212,0,0,1,0,Public
8213,0,1,0,0,Public
8214,0,0,1,0,Public
8215,0,1,0,0,Public
8216,0,0,1,0,Public
8217,1,0,0,0,Public
8218,0,1,0,0,Public
8219,1,0,0,0,Public
8220,0,0,1,0,Public
8221,0,0,1,0,Public
8222,1,0,0,0,Public
8223,0,0,0,1,Public
8224,0,0,1,0,Public
8225,0,1,0,0,Public
8226,0,1,0,0,Public
8227,0,0,1,0,Public
8228,0,1,0,0,Public
8229,0,1,0,0,Public
8230,0,0,0,1,Public
8231,0,0,0,1,Public
8232,0,0,1,0,Public
8233,0,1,0,0,Public
8234,0,1,0,0,Public
8235,0,1,0,0,Public
8236,0,0,1,0,Public
8237,0,0,0,1,Public
8238,0,0,0,1,Public
8239,0,1,0,0,Public
8240,0,1,0,0,Public
8241,0,0,0,1,Public
8242,0,0,1,0,Public
8243,0,1,0,0,Public
8244,0,0,1,0,Public
8245,0,0,1,0,Public
8246,1,0,0,0,Public
8247,0,0,0,1,Public
8248,0,0,0,1,Public
8249,0,0,0,1,Public
8250,1,0,0,0,Public
8251,0,0,1,0,Public
8252,0,1,0,0,Public
8253,0,0,0,1,Public
8254,1,0,0,0,Public
8255,0,0,1,0,Public
8256,0,1,0,0,Public
8257,0,0,1,0,Public
8258,0,0,0,1,Public
8259,0,0,0,1,Public
8260,0,1,0,0,Public
8261,0,0,0,1,Public
8262,0,1,0,0,Public
8263,0,0,0,1,Public
8264,1,0,0,0,Public
8265,0,1,0,0,Public
8266,0,0,1,0,Public
8267,1,0,0,0,Public
8268,0,0,1,0,Public
8269,0,1,0,0,Public
8270,0,1,0,0,Public
8271,0,0,0,1,Public
8272,0,1,0,0,Public
8273,0,0,1,0,Public
8274,0,0,0,1,Public
8275,0,0,1,0,Public
8276,0,0,1,0,Public
8277,0,0,1,0,Public
8278,1,0,0,0,Public
8279,0,0,0,1,Public
8280,0,0,1,0,Public
8281,1,0,0,0,Public
8282,0,0,1,0,Public
8283,0,0,1,0,Public
8284,0,0,1,0,Public
8285,1,0,0,0,Public
8286,1,0,0,0,Public
8287,0,0,0,1,Public
8288,0,1,0,0,Public
8289,0,0,1,0,Public
8290,0,0,1,0,Public
8291,1,0,0,0,Public
8292,0,0,1,0,Public
8293,0,0,0,1,Public
8294,0,0,1,0,Public
8295,0,1,0,0,Public
8296,0,1,0,0,Public
8297,0,0,0,1,Public
8298,0,0,1,0,Public
8299,0,1,0,0,Public
8300,0,0,0,1,Public
8301,0,0,1,0,Public
8302,0,0,1,0,Public
8303,0,0,0,1,Public
8304,0,0,0,1,Public
8305,0,0,1,0,Public
8306,0,0,1,0,Public
8307,0,0,1,0,Public
8308,0,0,0,1,Public
8309,0,1,0,0,Public
8310,0,1,0,0,Public
8311,0,0,1,0,Public
8312,0,1,0,0,Public
8313,0,0,0,1,Public
8314,0,0,0,1,Public
8315,0,0,1,0,Public
8316,0,0,1,0,Public
8317,1,0,0,0,Public
8318,0,0,0,1,Public
8319,0,0,0,1,Public
8320,0,0,1,0,Public
8321,0,1,0,0,Public
8322,0,1,0,0,Public
8323,0,1,0,0,Public
8324,0,1,0,0,Public
8325,1,0,0,0,Public
8326,0,0,0,1,Public
8327,0,1,0,0,Public
8328,0,0,1,0,Public
8329,1,0,0,0,Public
8330,0,1,0,0,Public
8331,0,0,0,1,Public
8332,1,0,0,0,Public
8333,0,0,0,1,Public
8334,0,1,0,0,Public
8335,0,1,0,0,Public
8336,0,0,1,0,Public
8337,0,1,0,0,Public
8338,0,0,0,1,Public
8339,0,1,0,0,Public
8340,0,0,0,1,Public
8341,0,0,0,1,Public
8342,0,1,0,0,Public
8343,0,0,0,1,Public
8344,0,0,0,1,Public
8345,0,0,1,0,Public
8346,0,0,1,0,Public
8347,1,0,0,0,Public
8348,0,0,1,0,Public
8349,0,0,0,1,Public
8350,0,0,0,1,Public
8351,0,0,1,0,Public
8352,0,1,0,0,Public
8353,0,0,1,0,Public
8354,1,0,0,0,Public
8355,0,0,1,0,Public
8356,0,0,1,0,Public
8357,0,0,1,0,Public
8358,0,0,1,0,Public
8359,0,0,0,1,Public
8360,0,0,0,1,Public
8361,0,1,0,0,Public
8362,0,0,1,0,Public
8363,0,1,0,0,Public
8364,0,0,0,1,Public
8365,1,0,0,0,Public
8366,0,1,0,0,Public
8367,0,0,0,1,Public
8368,0,0,0,1,Public
8369,0,0,1,0,Public
8370,0,1,0,0,Public
8371,0,0,1,0,Public
8372,0,1,0,0,Public
8373,0,0,0,1,Public
8374,0,0,0,1,Public
8375,0,0,0,1,Public
8376,0,0,0,1,Public
8377,0,0,1,0,Public
8378,0,0,1,0,Public
8379,0,0,0,1,Public
8380,0,1,0,0,Public
8381,0,0,1,0,Public
8382,0,0,0,1,Public
8383,0,0,0,1,Public
8384,0,0,1,0,Public
8385,0,0,0,1,Public
8386,0,0,0,1,Public
8387,0,1,0,0,Public
8388,1,0,0,0,Public
8389,0,1,0,0,Public
8390,0,0,0,1,Public
8391,0,0,0,1,Public
8392,0,0,1,0,Public
8393,0,0,1,0,Public
8394,0,1,0,0,Public
8395,0,0,0,1,Public
8396,0,1,0,0,Public
8397,1,0,0,0,Public
8398,0,1,0,0,Public
8399,1,0,0,0,Public
8400,0,1,0,0,Public
8401,1,0,0,0,Public
8402,0,0,0,1,Public
8403,0,0,1,0,Public
8404,0,0,0,1,Public
8405,0,1,0,0,Public
8406,0,0,1,0,Public
8407,0,1,0,0,Public
8408,0,0,0,1,Public
8409,0,1,0,0,Public
8410,0,0,0,1,Public
8411,0,0,0,1,Public
8412,0,0,1,0,Public
8413,0,1,0,0,Public
8414,0,1,0,0,Public
8415,0,1,0,0,Public
8416,0,1,0,0,Public
8417,0,0,0,1,Public
8418,0,0,1,0,Public
8419,0,0,0,1,Public
8420,0,0,0,1,Public
8421,0,0,1,0,Public
8422,0,1,0,0,Public
8423,0,1,0,0,Public
8424,0,0,1,0,Public
8425,0,1,0,0,Public
8426,0,1,0,0,Public
8427,1,0,0,0,Public
8428,0,0,0,1,Public
8429,1,0,0,0,Public
8430,0,0,0,1,Public
8431,0,0,0,1,Public
8432,1,0,0,0,Public
8433,1,0,0,0,Public
8434,1,0,0,0,Public
8435,1,0,0,0,Public
8436,0,0,1,0,Public
8437,0,1,0,0,Public
8438,0,1,0,0,Public
8439,0,0,1,0,Public
8440,0,0,0,1,Public
8441,0,0,0,1,Public
8442,0,0,0,1,Public
8443,0,0,0,1,Public
8444,0,1,0,0,Public
8445,0,1,0,0,Public
8446,0,0,1,0,Public
8447,0,0,0,1,Public
8448,0,1,0,0,Public
8449,0,0,1,0,Public
8450,0,0,1,0,Public
8451,0,0,1,0,Public
8452,0,1,0,0,Public
8453,0,1,0,0,Public
8454,0,0,1,0,Public
8455,0,1,0,0,Public
8456,0,0,1,0,Public
8457,0,0,1,0,Public
8458,0,0,0,1,Public
8459,1,0,0,0,Public
8460,0,0,0,1,Public
8461,0,0,1,0,Public
8462,0,0,0,1,Public
8463,0,0,1,0,Public
8464,0,1,0,0,Public
8465,0,0,1,0,Public
8466,0,0,1,0,Public
8467,0,1,0,0,Public
8468,0,1,0,0,Public
8469,0,1,0,0,Public
8470,1,0,0,0,Public
8471,0,0,1,0,Public
8472,0,0,0,1,Public
8473,0,1,0,0,Public
8474,0,0,0,1,Public
8475,0,0,1,0,Public
8476,0,0,0,1,Public
8477,0,0,1,0,Public
8478,0,1,0,0,Public
8479,0,0,1,0,Public
8480,0,0,0,1,Public
8481,0,0,0,1,Public
8482,0,0,1,0,Public
8483,0,0,1,0,Public
8484,0,0,0,1,Public
8485,0,0,1,0,Public
8486,0,0,0,1,Public
8487,0,0,0,1,Public
8488,0,0,1,0,Public
8489,0,1,0,0,Public
8490,0,0,1,0,Public
8491,0,0,0,1,Public
8492,0,0,0,1,Public
8493,0,0,1,0,Public
8494,0,0,1,0,Public
8495,0,0,0,1,Public
8496,0,0,1,0,Public
8497,0,0,1,0,Public
8498,0,0,1,0,Public
8499,0,0,0,1,Public
8500,0,1,0,0,Public
8501,0,1,0,0,Public
8502,0,1,0,0,Public
8503,0,0,0,1,Public
8504,1,0,0,0,Public
8505,0,0,0,1,Public
8506,0,0,0,1,Public
8507,0,0,0,1,Public
8508,0,0,0,1,Public
8509,0,1,0,0,Public
8510,0,0,1,0,Public
8511,0,0,0,1,Public
8512,0,1,0,0,Public
8513,0,1,0,0,Public
8514,0,0,1,0,Public
8515,0,0,1,0,Public
8516,0,0,0,1,Public
8517,0,1,0,0,Public
8518,0,1,0,0,Public
8519,0,0,0,1,Public
8520,1,0,0,0,Public
8521,0,0,1,0,Public
8522,1,0,0,0,Public
8523,0,1,0,0,Public
8524,1,0,0,0,Public
8525,0,1,0,0,Public
8526,0,1,0,0,Public
8527,0,0,1,0,Public
8528,0,1,0,0,Public
8529,0,1,0,0,Public
8530,0,1,0,0,Public
8531,0,0,0,1,Public
8532,0,0,1,0,Public
8533,0,1,0,0,Public
8534,0,0,0,1,Public
8535,0,0,1,0,Public
8536,0,1,0,0,Public
8537,0,0,0,1,Public
8538,0,0,0,1,Public
8539,0,0,1,0,Public
8540,0,0,0,1,Public
8541,0,0,1,0,Public
8542,0,0,1,0,Public
8543,0,1,0,0,Public
8544,0,0,0,1,Public
8545,0,0,0,1,Public
8546,1,0,0,0,Public
8547,0,1,0,0,Public
8548,0,0,0,1,Public
8549,0,0,0,1,Public
8550,0,1,0,0,Public
8551,0,0,1,0,Public
8552,0,1,0,0,Public
8553,0,0,1,0,Public
8554,0,0,0,1,Public
8555,0,1,0,0,Public
8556,0,0,1,0,Public
8557,0,1,0,0,Public
8558,0,0,1,0,Public
8559,0,0,0,1,Public
8560,0,1,0,0,Public
8561,0,1,0,0,Public
8562,0,0,0,1,Public
8563,0,1,0,0,Public
8564,0,0,0,1,Public
8565,0,0,1,0,Public
8566,0,1,0,0,Public
8567,0,1,0,0,Public
8568,0,0,0,1,Public
8569,1,0,0,0,Public
8570,0,1,0,0,Public
8571,0,0,1,0,Public
8572,0,1,0,0,Public
8573,0,0,1,0,Public
8574,0,1,0,0,Public
8575,0,0,1,0,Public
8576,1,0,0,0,Public
8577,0,1,0,0,Public
8578,0,0,1,0,Public
8579,0,0,0,1,Public
8580,0,0,1,0,Public
8581,0,0,1,0,Public
8582,0,0,0,1,Public
8583,1,0,0,0,Public
8584,0,0,0,1,Public
8585,0,1,0,0,Public
8586,0,0,0,1,Public
8587,0,1,0,0,Public
8588,0,1,0,0,Public
8589,0,0,0,1,Public
8590,0,0,0,1,Public
8591,0,1,0,0,Public
8592,0,0,0,1,Public
8593,0,0,0,1,Public
8594,0,1,0,0,Public
8595,0,0,1,0,Public
8596,0,1,0,0,Public
8597,0,1,0,0,Public
8598,0,1,0,0,Public
8599,1,0,0,0,Public
8600,0,0,1,0,Public
8601,0,0,0,1,Public
8602,0,1,0,0,Public
8603,0,0,1,0,Public
8604,1,0,0,0,Public
8605,0,0,0,1,Public
8606,0,0,0,1,Public
8607,1,0,0,0,Public
8608,0,0,0,1,Public
8609,0,1,0,0,Public
8610,0,0,0,1,Public
8611,0,0,0,1,Public
8612,0,0,0,1,Public
8613,0,1,0,0,Public
8614,0,0,0,1,Public
8615,1,0,0,0,Public
8616,0,0,0,1,Public
8617,0,0,1,0,Public
8618,0,1,0,0,Public
8619,0,0,1,0,Public
8620,0,1,0,0,Public
8621,0,0,1,0,Public
8622,0,0,0,1,Public
8623,0,1,0,0,Public
8624,0,0,1,0,Public
8625,0,1,0,0,Public
8626,0,0,1,0,Public
8627,1,0,0,0,Public
8628,0,1,0,0,Public
8629,0,1,0,0,Public
8630,0,1,0,0,Public
8631,0,1,0,0,Public
8632,0,1,0,0,Public
8633,0,1,0,0,Public
8634,0,0,0,1,Public
8635,0,1,0,0,Public
8636,0,0,0,1,Public
8637,0,0,0,1,Public
8638,1,0,0,0,Public
8639,0,0,1,0,Public
8640,0,0,1,0,Public
8641,0,0,0,1,Public
8642,0,1,0,0,Public
8643,0,1,0,0,Public
8644,0,1,0,0,Public
8645,0,0,0,1,Public
8646,0,0,0,1,Public
8647,0,1,0,0,Public
8648,0,0,1,0,Public
8649,0,0,0,1,Public
8650,0,1,0,0,Public
8651,0,0,0,1,Public
8652,0,0,0,1,Public
8653,0,0,1,0,Public
8654,0,0,1,0,Public
8655,0,0,1,0,Public
8656,0,1,0,0,Public
8657,0,0,1,0,Public
8658,0,0,1,0,Public
8659,0,1,0,0,Public
8660,0,0,0,1,Public
8661,0,1,0,0,Public
8662,0,0,0,1,Public
8663,0,0,0,1,Public
8664,0,0,0,1,Public
8665,0,0,1,0,Public
8666,1,0,0,0,Public
8667,0,0,0,1,Public
8668,0,0,1,0,Public
8669,0,0,0,1,Public
8670,0,0,0,1,Public
8671,0,1,0,0,Public
8672,0,0,0,1,Public
8673,0,1,0,0,Public
8674,0,1,0,0,Public
8675,0,1,0,0,Public
8676,0,0,0,1,Public
8677,0,0,1,0,Public
8678,0,0,1,0,Public
8679,0,0,0,1,Public
8680,0,0,0,1,Public
8681,0,0,1,0,Public
8682,0,1,0,0,Public
8683,0,0,1,0,Public
8684,0,0,1,0,Public
8685,0,0,1,0,Public
8686,0,0,1,0,Public
8687,0,0,1,0,Public
8688,0,0,0,1,Public
8689,1,0,0,0,Public
8690,0,1,0,0,Public
8691,1,0,0,0,Public
8692,0,0,1,0,Public
8693,0,0,1,0,Public
8694,0,0,1,0,Public
8695,1,0,0,0,Public
8696,0,0,1,0,Public
8697,0,0,1,0,Public
8698,0,1,0,0,Public
8699,0,0,1,0,Public
8700,0,0,0,1,Public
8701,0,1,0,0,Public
8702,0,0,0,1,Public
8703,0,0,0,1,Public
8704,0,0,1,0,Public
8705,0,0,1,0,Public
8706,1,0,0,0,Public
8707,0,0,1,0,Public
8708,1,0,0,0,Public
8709,0,1,0,0,Public
8710,0,0,0,1,Public
8711,0,1,0,0,Public
8712,0,0,0,1,Public
8713,0,0,0,1,Public
8714,1,0,0,0,Public
8715,0,0,1,0,Public
8716,0,0,1,0,Public
8717,0,1,0,0,Public
8718,0,0,1,0,Public
8719,0,1,0,0,Public
8720,0,0,1,0,Public
8721,0,1,0,0,Public
8722,0,1,0,0,Public
8723,0,0,1,0,Public
8724,0,1,0,0,Public
8725,0,0,0,1,Public
8726,0,0,1,0,Public
8727,1,0,0,0,Public
8728,0,0,1,0,Public
8729,1,0,0,0,Public
8730,0,0,1,0,Public
8731,0,1,0,0,Public
8732,1,0,0,0,Public
8733,0,0,0,1,Public
8734,0,0,1,0,Public
8735,0,0,1,0,Public
8736,0,1,0,0,Public
8737,0,0,0,1,Public
8738,1,0,0,0,Public
8739,0,0,0,1,Public
8740,0,0,1,0,Public
8741,0,1,0,0,Public
8742,0,0,1,0,Public
8743,0,0,1,0,Public
8744,0,0,1,0,Public
8745,0,0,0,1,Public
8746,0,1,0,0,Public
8747,0,0,0,1,Public
8748,0,1,0,0,Public
8749,0,0,1,0,Public
8750,0,0,1,0,Public
8751,0,0,1,0,Public
8752,1,0,0,0,Public
8753,0,0,1,0,Public
8754,0,0,1,0,Public
8755,0,0,0,1,Public
8756,0,0,0,1,Public
8757,1,0,0,0,Public
8758,0,0,0,1,Public
8759,0,0,1,0,Public
8760,0,1,0,0,Public
8761,0,0,0,1,Public
8762,0,0,0,1,Public
8763,1,0,0,0,Public
8764,0,1,0,0,Public
8765,0,0,0,1,Public
8766,0,0,1,0,Public
8767,0,1,0,0,Public
8768,0,0,0,1,Public
8769,0,0,1,0,Public
8770,0,0,1,0,Public
8771,0,0,0,1,Public
8772,0,1,0,0,Public
8773,0,1,0,0,Public
8774,0,0,0,1,Public
8775,0,1,0,0,Public
8776,0,0,0,1,Public
8777,1,0,0,0,Public
8778,0,1,0,0,Public
8779,0,0,0,1,Public
8780,0,0,1,0,Public
8781,0,1,0,0,Public
8782,0,0,1,0,Public
8783,0,1,0,0,Public
8784,1,0,0,0,Public
8785,0,0,0,1,Public
8786,0,0,1,0,Public
8787,0,0,1,0,Public
8788,1,0,0,0,Public
8789,0,0,0,1,Public
8790,0,1,0,0,Public
8791,0,0,0,1,Public
8792,0,0,0,1,Public
8793,1,0,0,0,Public
8794,0,0,0,1,Public
8795,0,0,0,1,Public
8796,0,1,0,0,Public
8797,0,0,0,1,Public
8798,0,0,1,0,Public
8799,0,0,0,1,Public
8800,0,0,1,0,Public
8801,0,0,0,1,Public
8802,0,1,0,0,Public
8803,0,0,1,0,Public
8804,0,0,0,1,Public
8805,0,0,1,0,Public
8806,0,0,1,0,Public
8807,0,0,1,0,Public
8808,0,0,0,1,Public
8809,0,0,0,1,Public
8810,1,0,0,0,Public
8811,0,0,1,0,Public
8812,0,0,1,0,Public
8813,0,1,0,0,Public
8814,1,0,0,0,Public
8815,0,0,1,0,Public
8816,0,0,1,0,Public
8817,0,1,0,0,Public
8818,0,1,0,0,Public
8819,0,0,0,1,Public
8820,0,1,0,0,Public
8821,0,1,0,0,Public
8822,0,0,0,1,Public
8823,0,0,1,0,Public
8824,0,0,0,1,Public
8825,0,0,1,0,Public
8826,0,0,0,1,Public
8827,0,1,0,0,Public
8828,0,0,0,1,Public
8829,0,0,0,1,Public
8830,1,0,0,0,Public
8831,0,1,0,0,Public
8832,1,0,0,0,Public
8833,0,0,0,1,Public
8834,0,0,0,1,Public
8835,0,0,1,0,Public
8836,0,1,0,0,Public
8837,0,0,0,1,Public
8838,0,0,1,0,Public
8839,0,0,0,1,Public
8840,0,0,0,1,Public
8841,0,0,0,1,Public
8842,0,1,0,0,Public
8843,0,0,0,1,Public
8844,0,1,0,0,Public
8845,0,1,0,0,Public
8846,1,0,0,0,Public
8847,0,1,0,0,Public
8848,0,0,0,1,Public
8849,0,0,0,1,Public
8850,0,0,1,0,Public
8851,0,0,0,1,Public
8852,0,0,0,1,Public
8853,0,0,0,1,Public
8854,0,1,0,0,Public
8855,0,0,1,0,Public
8856,0,0,1,0,Public
8857,0,0,0,1,Public
8858,0,0,1,0,Public
8859,0,0,1,0,Public
8860,0,0,0,1,Public
8861,0,0,0,1,Public
8862,0,1,0,0,Public
8863,0,0,0,1,Public
8864,0,0,0,1,Public
8865,0,0,1,0,Public
8866,0,0,1,0,Public
8867,0,0,0,1,Public
8868,0,0,0,1,Public
8869,0,0,0,1,Public
8870,0,0,0,1,Public
8871,0,0,1,0,Public
8872,1,0,0,0,Public
8873,0,0,1,0,Public
8874,0,0,1,0,Public
8875,0,1,0,0,Public
8876,0,0,0,1,Public
8877,1,0,0,0,Public
8878,0,0,0,1,Public
8879,0,0,1,0,Public
8880,0,0,1,0,Public
8881,0,0,1,0,Public
8882,0,1,0,0,Public
8883,0,0,0,1,Public
8884,0,0,1,0,Public
8885,0,0,1,0,Public
8886,0,1,0,0,Public
8887,0,0,1,0,Public
8888,0,0,0,1,Public
8889,0,0,1,0,Public
8890,0,0,1,0,Public
8891,0,1,0,0,Public
8892,0,0,0,1,Public
8893,0,1,0,0,Public
8894,0,0,0,1,Public
8895,0,1,0,0,Public
8896,0,1,0,0,Public
8897,0,1,0,0,Public
8898,0,0,0,1,Public
8899,0,1,0,0,Public
8900,0,1,0,0,Public
8901,0,1,0,0,Public
8902,1,0,0,0,Public
8903,1,0,0,0,Public
8904,0,0,1,0,Public
8905,0,0,1,0,Public
8906,0,1,0,0,Public
8907,0,0,0,1,Public
8908,0,0,1,0,Public
8909,0,0,0,1,Public
8910,0,0,0,1,Public
8911,0,1,0,0,Public
8912,0,0,0,1,Public
8913,0,0,1,0,Public
8914,0,1,0,0,Public
8915,0,0,0,1,Public
8916,0,1,0,0,Public
8917,0,0,0,1,Public
8918,0,0,0,1,Public
8919,0,0,0,1,Public
8920,0,0,1,0,Public
8921,0,0,0,1,Public
8922,0,0,0,1,Public
8923,1,0,0,0,Public
8924,0,0,1,0,Public
8925,0,1,0,0,Public
8926,0,0,1,0,Public
8927,0,0,0,1,Public
8928,0,0,0,1,Public
8929,0,1,0,0,Public
8930,0,0,0,1,Public
8931,0,0,1,0,Public
8932,0,1,0,0,Public
8933,1,0,0,0,Public
8934,0,0,0,1,Public
8935,1,0,0,0,Public
8936,0,0,0,1,Public
8937,0,1,0,0,Public
8938,0,1,0,0,Public
8939,0,0,0,1,Public
8940,0,0,1,0,Public
8941,0,1,0,0,Public
8942,1,0,0,0,Public
8943,0,0,1,0,Public
8944,0,0,1,0,Public
8945,0,1,0,0,Public
8946,0,0,0,1,Public
8947,0,1,0,0,Public
8948,0,0,0,1,Public
8949,0,1,0,0,Public
8950,0,0,0,1,Public
8951,0,1,0,0,Public
8952,0,1,0,0,Public
8953,0,0,0,1,Public
8954,0,0,0,1,Public
8955,0,0,0,1,Public
8956,0,1,0,0,Public
8957,0,1,0,0,Public
8958,0,1,0,0,Public
8959,0,1,0,0,Public
8960,1,0,0,0,Public
8961,1,0,0,0,Public
8962,0,0,1,0,Public
8963,0,1,0,0,Public
8964,0,1,0,0,Public
8965,1,0,0,0,Public
8966,1,0,0,0,Public
8967,0,0,1,0,Public
8968,0,0,1,0,Public
8969,0,0,1,0,Public
8970,0,0,1,0,Public
8971,0,0,1,0,Public
8972,0,1,0,0,Public
8973,0,1,0,0,Public
8974,0,0,1,0,Public
8975,1,0,0,0,Public
8976,0,0,1,0,Public
8977,0,0,0,1,Public
8978,0,1,0,0,Public
8979,0,1,0,0,Public
8980,0,0,1,0,Public
8981,0,1,0,0,Public
8982,0,0,0,1,Public
8983,0,0,1,0,Public
8984,0,0,1,0,Public
8985,0,1,0,0,Public
8986,0,0,0,1,Public
8987,0,0,1,0,Public
8988,0,0,1,0,Public
8989,1,0,0,0,Public
8990,0,1,0,0,Public
8991,0,0,0,1,Public
8992,0,1,0,0,Public
8993,0,0,1,0,Public
8994,0,0,1,0,Public
8995,0,0,1,0,Public
8996,0,1,0,0,Public
8997,0,1,0,0,Public
8998,0,0,1,0,Public
8999,0,1,0,0,Public
9000,0,1,0,0,Public
9001,0,0,0,1,Public
9002,0,0,0,1,Public
9003,0,0,0,1,Public
9004,0,1,0,0,Public
9005,0,0,1,0,Public
9006,0,0,0,1,Public
9007,0,0,1,0,Public
9008,0,0,0,1,Public
9009,0,1,0,0,Public
9010,0,1,0,0,Public
9011,0,1,0,0,Public
9012,1,0,0,0,Public
9013,0,1,0,0,Public
9014,0,0,0,1,Public
9015,0,0,1,0,Public
9016,0,1,0,0,Public
9017,1,0,0,0,Public
9018,0,1,0,0,Public
9019,0,0,1,0,Public
9020,0,0,1,0,Public
9021,1,0,0,0,Public
9022,0,0,0,1,Public
9023,0,0,1,0,Public
9024,1,0,0,0,Public
9025,0,0,0,1,Public
9026,0,1,0,0,Public
9027,0,1,0,0,Public
9028,0,0,1,0,Public
9029,0,0,1,0,Public
9030,0,0,1,0,Public
9031,0,0,0,1,Public
9032,0,0,0,1,Public
9033,0,0,1,0,Public
9034,0,1,0,0,Public
9035,0,0,1,0,Public
9036,0,1,0,0,Public
9037,0,0,1,0,Public
9038,0,1,0,0,Public
9039,0,0,0,1,Public
9040,0,1,0,0,Public
9041,0,0,1,0,Public
9042,0,0,0,1,Public
9043,0,0,1,0,Public
9044,0,0,1,0,Public
9045,0,0,1,0,Public
9046,0,0,1,0,Public
9047,0,1,0,0,Public
9048,0,0,0,1,Public
9049,0,1,0,0,Public
9050,0,1,0,0,Public
9051,0,1,0,0,Public
9052,0,1,0,0,Public
9053,0,1,0,0,Public
9054,0,0,1,0,Public
9055,0,1,0,0,Public
9056,1,0,0,0,Public
9057,0,0,1,0,Public
9058,0,1,0,0,Public
9059,0,1,0,0,Public
9060,0,0,0,1,Public
9061,0,0,0,1,Public
9062,0,1,0,0,Public
9063,0,0,1,0,Public
9064,0,1,0,0,Public
9065,0,0,0,1,Public
9066,0,0,0,1,Public
9067,0,0,1,0,Public
9068,0,1,0,0,Public
9069,0,1,0,0,Public
9070,0,0,1,0,Public
9071,1,0,0,0,Public
9072,0,0,0,1,Public
9073,0,0,0,1,Public
9074,0,0,1,0,Public
9075,0,0,1,0,Public
9076,0,0,0,1,Public
9077,0,1,0,0,Public
9078,0,0,1,0,Public
9079,0,0,1,0,Public
9080,0,0,1,0,Public
9081,0,0,0,1,Public
9082,0,1,0,0,Public
9083,0,1,0,0,Public
9084,0,0,1,0,Public
9085,0,1,0,0,Public
9086,0,1,0,0,Public
9087,0,0,1,0,Public
9088,0,0,0,1,Public
9089,0,0,1,0,Public
9090,0,1,0,0,Public
9091,0,0,1,0,Public
9092,0,0,0,1,Public
9093,0,1,0,0,Public
9094,0,1,0,0,Public
9095,0,1,0,0,Public
9096,0,0,1,0,Public
9097,0,0,1,0,Public
9098,0,0,0,1,Public
9099,1,0,0,0,Public
9100,1,0,0,0,Public
9101,0,1,0,0,Public
9102,0,1,0,0,Public
9103,1,0,0,0,Public
9104,0,0,1,0,Public
9105,0,0,1,0,Public
9106,0,0,0,1,Public
9107,1,0,0,0,Public
9108,0,0,0,1,Public
9109,0,1,0,0,Public
9110,0,0,0,1,Public
9111,0,0,1,0,Public
9112,1,0,0,0,Public
9113,0,1,0,0,Public
9114,0,0,0,1,Public
9115,0,0,1,0,Public
9116,0,0,1,0,Public
9117,1,0,0,0,Public
9118,0,1,0,0,Public
9119,0,0,0,1,Public
9120,0,1,0,0,Public
9121,1,0,0,0,Public
9122,0,0,1,0,Public
9123,0,1,0,0,Public
9124,0,1,0,0,Public
9125,0,1,0,0,Public
9126,0,0,0,1,Public
9127,0,0,0,1,Public
9128,0,0,0,1,Public
9129,0,1,0,0,Public
9130,1,0,0,0,Public
9131,0,0,1,0,Public
9132,0,0,0,1,Public
9133,0,0,1,0,Public
9134,0,1,0,0,Public
9135,0,0,1,0,Public
9136,0,0,1,0,Public
9137,0,0,1,0,Public
9138,0,1,0,0,Public
9139,0,1,0,0,Public
9140,0,0,1,0,Public
9141,0,0,1,0,Public
9142,0,0,1,0,Public
9143,0,0,1,0,Public
9144,0,1,0,0,Public
9145,0,0,1,0,Public
9146,0,1,0,0,Public
9147,0,0,0,1,Public
9148,1,0,0,0,Public
9149,1,0,0,0,Public
9150,0,1,0,0,Public
9151,0,0,0,1,Public
9152,0,0,1,0,Public
9153,0,1,0,0,Public
9154,0,0,0,1,Public
9155,0,1,0,0,Public
9156,0,0,1,0,Public
9157,1,0,0,0,Public
9158,0,1,0,0,Public
9159,0,0,1,0,Public
9160,0,1,0,0,Public
9161,0,0,0,1,Public
9162,0,0,1,0,Public
9163,0,1,0,0,Public
9164,0,1,0,0,Public
9165,0,1,0,0,Public
9166,0,0,0,1,Public
9167,0,0,0,1,Public
9168,1,0,0,0,Public
9169,0,0,0,1,Public
9170,0,1,0,0,Public
9171,0,1,0,0,Public
9172,0,0,1,0,Public
9173,0,0,1,0,Public
9174,0,0,1,0,Public
9175,0,0,1,0,Public
9176,0,1,0,0,Public
9177,1,0,0,0,Public
9178,0,1,0,0,Public
9179,0,0,1,0,Public
9180,0,0,0,1,Public
9181,0,1,0,0,Public
9182,0,0,0,1,Public
9183,0,1,0,0,Public
9184,0,1,0,0,Public
9185,0,0,0,1,Public
9186,0,1,0,0,Public
9187,0,0,0,1,Public
9188,0,0,0,1,Public
9189,0,0,0,1,Public
9190,0,0,1,0,Public
9191,0,1,0,0,Public
9192,0,0,1,0,Public
9193,0,0,0,1,Public
9194,0,0,1,0,Public
9195,1,0,0,0,Public
9196,0,0,1,0,Public
9197,0,0,1,0,Public
9198,1,0,0,0,Public
9199,0,0,0,1,Public
9200,0,1,0,0,Public
9201,1,0,0,0,Public
9202,0,0,0,1,Public
9203,0,0,0,1,Public
9204,0,0,0,1,Public
9205,0,0,0,1,Public
9206,0,0,0,1,Public
9207,0,0,1,0,Public
9208,0,1,0,0,Public
9209,0,0,0,1,Public
9210,0,0,0,1,Public
9211,0,1,0,0,Public
9212,0,0,0,1,Public
9213,0,0,0,1,Public
9214,0,1,0,0,Public
9215,0,0,0,1,Public
9216,0,1,0,0,Public
9217,0,1,0,0,Public
9218,0,0,1,0,Public
9219,0,1,0,0,Public
9220,0,0,0,1,Public
9221,0,0,0,1,Public
9222,0,0,0,1,Public
9223,0,0,1,0,Public
9224,0,1,0,0,Public
9225,0,1,0,0,Public
9226,0,1,0,0,Public
9227,0,0,0,1,Public
9228,0,0,0,1,Public
9229,0,1,0,0,Public
9230,0,0,0,1,Public
9231,0,1,0,0,Public
9232,0,0,0,1,Public
9233,0,1,0,0,Public
9234,0,0,1,0,Public
9235,0,0,1,0,Public
9236,0,1,0,0,Public
9237,0,0,0,1,Public
9238,0,0,1,0,Public
9239,0,0,0,1,Public
9240,0,1,0,0,Public
9241,0,0,0,1,Public
9242,0,1,0,0,Public
9243,0,0,0,1,Public
9244,0,1,0,0,Public
9245,1,0,0,0,Public
9246,0,1,0,0,Public
9247,0,0,1,0,Public
9248,0,0,1,0,Public
9249,0,0,1,0,Public
9250,0,1,0,0,Public
9251,0,0,0,1,Public
9252,0,0,1,0,Public
9253,0,1,0,0,Public
9254,0,1,0,0,Public
9255,1,0,0,0,Public
9256,0,0,1,0,Public
9257,0,1,0,0,Public
9258,0,1,0,0,Public
9259,0,0,0,1,Public
9260,0,0,0,1,Public
9261,0,0,0,1,Public
9262,0,0,1,0,Public
9263,0,1,0,0,Public
9264,0,1,0,0,Public
9265,0,1,0,0,Public
9266,0,0,0,1,Public
9267,1,0,0,0,Public
9268,0,0,1,0,Public
9269,0,0,0,1,Public
9270,0,0,1,0,Public
9271,0,0,1,0,Public
9272,0,0,0,1,Public
9273,0,0,0,1,Public
9274,0,0,0,1,Public
9275,0,0,1,0,Public
9276,0,1,0,0,Public
9277,0,0,1,0,Public
9278,0,0,0,1,Public
9279,0,0,1,0,Public
9280,0,1,0,0,Public
9281,0,0,1,0,Public
9282,0,0,1,0,Public
9283,0,0,1,0,Public
9284,0,1,0,0,Public
9285,0,1,0,0,Public
9286,0,0,0,1,Public
9287,0,0,1,0,Public
9288,0,0,0,1,Public
9289,0,1,0,0,Public
9290,0,0,1,0,Public
9291,0,0,1,0,Public
9292,0,1,0,0,Public
9293,0,1,0,0,Public
9294,0,0,1,0,Public
9295,0,0,0,1,Public
9296,1,0,0,0,Public
9297,0,0,1,0,Public
9298,0,0,1,0,Public
9299,1,0,0,0,Public
9300,0,0,1,0,Public
9301,0,0,1,0,Public
9302,0,0,1,0,Public
9303,0,1,0,0,Public
9304,0,0,1,0,Public
9305,0,0,1,0,Public
9306,0,0,1,0,Public
9307,0,0,1,0,Public
9308,0,0,0,1,Public
9309,0,1,0,0,Public
9310,0,0,0,1,Public
9311,0,0,0,1,Public
9312,1,0,0,0,Public
9313,0,1,0,0,Public
9314,0,0,0,1,Public
9315,0,1,0,0,Public
9316,0,0,1,0,Public
9317,0,0,1,0,Public
9318,0,0,1,0,Public
9319,0,1,0,0,Public
9320,0,0,0,1,Public
9321,0,0,0,1,Public
9322,0,1,0,0,Public
9323,0,0,1,0,Public
9324,1,0,0,0,Public
9325,0,0,1,0,Public
9326,0,1,0,0,Public
9327,0,1,0,0,Public
9328,0,0,0,1,Public
9329,0,0,0,1,Public
9330,0,1,0,0,Public
9331,0,0,0,1,Public
9332,0,1,0,0,Public
9333,0,0,0,1,Public
9334,0,1,0,0,Public
9335,0,0,1,0,Public
9336,0,0,1,0,Public
9337,0,0,0,1,Public
9338,0,0,1,0,Public
9339,0,0,1,0,Public
9340,0,0,0,1,Public
9341,0,1,0,0,Public
9342,0,0,0,1,Public
9343,0,1,0,0,Public
9344,0,1,0,0,Public
9345,0,0,1,0,Public
9346,0,0,0,1,Public
9347,0,0,0,1,Public
9348,0,1,0,0,Public
9349,0,0,1,0,Public
9350,0,0,0,1,Public
9351,0,0,1,0,Public
9352,0,0,0,1,Public
9353,1,0,0,0,Public
9354,0,0,0,1,Public
9355,0,1,0,0,Public
9356,0,1,0,0,Public
9357,0,0,1,0,Public
9358,0,1,0,0,Public
9359,0,1,0,0,Public
9360,0,1,0,0,Public
9361,0,0,1,0,Public
9362,0,1,0,0,Public
9363,0,0,0,1,Public
9364,1,0,0,0,Public
9365,0,1,0,0,Public
9366,0,1,0,0,Public
9367,0,0,1,0,Public
9368,0,1,0,0,Public
9369,0,1,0,0,Public
9370,0,1,0,0,Public
9371,0,0,1,0,Public
9372,0,1,0,0,Public
9373,0,1,0,0,Public
9374,0,1,0,0,Public
9375,1,0,0,0,Public
9376,0,1,0,0,Public
9377,0,0,1,0,Public
9378,0,0,0,1,Public
9379,0,0,0,1,Public
9380,0,0,0,1,Public
9381,0,1,0,0,Public
9382,0,1,0,0,Public
9383,0,0,0,1,Public
9384,1,0,0,0,Public
9385,0,1,0,0,Public
9386,0,1,0,0,Public
9387,0,1,0,0,Public
9388,0,1,0,0,Public
9389,0,0,1,0,Public
9390,0,1,0,0,Public
9391,0,1,0,0,Public
9392,0,0,1,0,Public
9393,0,0,0,1,Public
9394,0,0,1,0,Public
9395,0,1,0,0,Public
9396,0,0,0,1,Public
9397,0,1,0,0,Public
9398,0,1,0,0,Public
9399,0,0,1,0,Public
9400,0,1,0,0,Public
9401,0,1,0,0,Public
9402,0,1,0,0,Public
9403,0,0,0,1,Public
9404,0,1,0,0,Public
9405,0,0,0,1,Public
9406,0,0,1,0,Public
9407,0,0,0,1,Public
9408,0,1,0,0,Public
9409,0,0,1,0,Public
9410,1,0,0,0,Public
9411,0,0,0,1,Public
9412,1,0,0,0,Public
9413,0,0,0,1,Public
9414,0,0,1,0,Public
9415,0,0,1,0,Public
9416,0,0,0,1,Public
9417,0,0,1,0,Public
9418,0,0,1,0,Public
9419,0,1,0,0,Public
9420,0,1,0,0,Public
9421,0,1,0,0,Public
9422,0,0,0,1,Public
9423,0,0,1,0,Public
9424,0,0,0,1,Public
9425,0,0,0,1,Public
9426,0,0,0,1,Public
9427,0,0,0,1,Public
9428,0,1,0,0,Public
9429,0,0,0,1,Public
9430,0,1,0,0,Public
9431,0,1,0,0,Public
9432,0,0,0,1,Public
9433,0,0,1,0,Public
9434,0,0,1,0,Public
9435,0,1,0,0,Public
9436,0,1,0,0,Public
9437,0,1,0,0,Public
9438,1,0,0,0,Public
9439,0,0,0,1,Public
9440,0,0,0,1,Public
9441,0,0,1,0,Public
9442,0,0,1,0,Public
9443,0,0,0,1,Public
9444,0,0,0,1,Public
9445,0,0,1,0,Public
9446,0,0,1,0,Public
9447,0,0,0,1,Public
9448,0,1,0,0,Public
9449,0,1,0,0,Public
9450,0,0,0,1,Public
9451,0,1,0,0,Public
9452,1,0,0,0,Public
9453,1,0,0,0,Public
9454,0,1,0,0,Public
9455,0,1,0,0,Public
9456,0,0,1,0,Public
9457,1,0,0,0,Public
9458,0,0,0,1,Public
9459,0,0,0,1,Public
9460,0,1,0,0,Public
9461,0,1,0,0,Public
9462,0,1,0,0,Public
9463,0,0,1,0,Public
9464,0,0,1,0,Public
9465,1,0,0,0,Public
9466,0,0,0,1,Public
9467,0,0,1,0,Public
9468,0,0,0,1,Public
9469,0,0,1,0,Public
9470,0,0,1,0,Public
9471,0,0,1,0,Public
9472,0,0,0,1,Public
9473,0,1,0,0,Public
9474,0,1,0,0,Public
9475,0,1,0,0,Public
9476,0,1,0,0,Public
9477,0,0,1,0,Public
9478,0,0,0,1,Public
9479,0,1,0,0,Public
9480,0,1,0,0,Public
9481,0,1,0,0,Public
9482,0,0,1,0,Public
9483,0,1,0,0,Public
9484,0,0,1,0,Public
9485,0,1,0,0,Public
9486,0,0,1,0,Public
9487,0,0,0,1,Public
9488,0,1,0,0,Public
9489,0,1,0,0,Public
9490,0,1,0,0,Public
9491,0,0,0,1,Public
9492,0,0,0,1,Public
9493,0,0,1,0,Public
9494,0,0,0,1,Public
9495,0,0,0,1,Public
9496,0,0,1,0,Public
9497,0,0,1,0,Public
9498,0,0,1,0,Public
9499,0,0,0,1,Public
9500,0,1,0,0,Public
9501,0,1,0,0,Public
9502,1,0,0,0,Public
9503,1,0,0,0,Public
9504,0,0,1,0,Public
9505,0,1,0,0,Public
9506,0,0,1,0,Public
9507,0,0,1,0,Public
9508,0,0,1,0,Public
9509,0,1,0,0,Public
9510,0,0,1,0,Public
9511,0,0,1,0,Public
9512,0,1,0,0,Public
9513,0,0,1,0,Public
9514,0,0,1,0,Public
9515,1,0,0,0,Public
9516,0,0,0,1,Public
9517,0,0,1,0,Public
9518,0,0,0,1,Public
9519,0,0,0,1,Public
9520,0,0,1,0,Public
9521,0,0,1,0,Public
9522,0,0,0,1,Public
9523,0,0,0,1,Public
9524,0,0,1,0,Public
9525,0,0,0,1,Public
9526,0,1,0,0,Public
9527,0,0,0,1,Public
9528,0,0,1,0,Public
9529,0,0,0,1,Public
9530,0,0,0,1,Public
9531,0,1,0,0,Public
9532,0,0,1,0,Public
9533,1,0,0,0,Public
9534,0,0,0,1,Public
9535,0,0,1,0,Public
9536,0,0,0,1,Public
9537,0,1,0,0,Public
9538,0,1,0,0,Public
9539,0,0,0,1,Public
9540,0,1,0,0,Public
9541,0,0,0,1,Public
9542,0,0,0,1,Public
9543,0,0,1,0,Public
9544,0,1,0,0,Public
9545,0,0,0,1,Public
9546,0,1,0,0,Public
9547,0,0,1,0,Public
9548,1,0,0,0,Public
9549,0,0,0,1,Public
9550,0,1,0,0,Public
9551,0,0,1,0,Public
9552,0,0,0,1,Public
9553,0,1,0,0,Public
9554,0,0,0,1,Public
9555,1,0,0,0,Public
9556,0,1,0,0,Public
9557,0,0,0,1,Public
9558,0,1,0,0,Public
9559,0,0,1,0,Public
9560,0,0,0,1,Public
9561,0,0,1,0,Public
9562,0,1,0,0,Public
9563,0,0,1,0,Public
9564,0,1,0,0,Public
9565,0,0,0,1,Public
9566,0,0,0,1,Public
9567,0,0,0,1,Public
9568,0,0,0,1,Public
9569,0,1,0,0,Public
9570,0,0,0,1,Public
9571,0,1,0,0,Public
9572,0,0,0,1,Public
9573,1,0,0,0,Public
9574,0,0,0,1,Public
9575,0,0,1,0,Public
9576,0,1,0,0,Public
9577,0,0,1,0,Public
9578,0,0,0,1,Public
9579,0,0,0,1,Public
9580,0,0,0,1,Public
9581,0,0,1,0,Public
9582,0,0,1,0,Public
9583,0,1,0,0,Public
9584,0,0,1,0,Public
9585,0,1,0,0,Public
9586,0,0,1,0,Public
9587,0,0,0,1,Public
9588,0,1,0,0,Public
9589,0,0,0,1,Public
9590,1,0,0,0,Public
9591,0,0,0,1,Public
9592,0,0,0,1,Public
9593,0,1,0,0,Public
9594,0,1,0,0,Public
9595,0,0,0,1,Public
9596,0,0,0,1,Public
9597,1,0,0,0,Public
9598,0,1,0,0,Public
9599,0,0,1,0,Public
9600,0,0,0,1,Public
9601,1,0,0,0,Public
9602,0,0,1,0,Public
9603,0,1,0,0,Public
9604,0,1,0,0,Public
9605,0,0,1,0,Public
9606,0,0,0,1,Public
9607,0,0,1,0,Public
9608,0,1,0,0,Public
9609,1,0,0,0,Public
9610,0,0,0,1,Public
9611,0,0,1,0,Public
9612,0,0,1,0,Public
9613,0,0,1,0,Public
9614,0,0,1,0,Public
9615,0,1,0,0,Public
9616,0,0,1,0,Public
9617,0,0,0,1,Public
9618,0,0,0,1,Public
9619,0,0,0,1,Public
9620,0,0,1,0,Public
9621,0,1,0,0,Public
9622,0,0,0,1,Public
9623,1,0,0,0,Public
9624,0,0,1,0,Public
9625,0,0,0,1,Public
9626,0,0,0,1,Public
9627,0,0,1,0,Public
9628,0,0,0,1,Public
9629,0,0,0,1,Public
9630,0,0,0,1,Public
9631,0,0,0,1,Public
9632,0,1,0,0,Public
9633,0,1,0,0,Public
9634,1,0,0,0,Public
9635,0,1,0,0,Public
9636,0,0,0,1,Public
9637,0,0,1,0,Public
9638,0,0,0,1,Public
9639,0,0,1,0,Public
9640,0,0,1,0,Public
9641,0,0,1,0,Public
9642,0,1,0,0,Public
9643,0,0,0,1,Public
9644,1,0,0,0,Public
9645,0,0,0,1,Public
9646,0,0,1,0,Public
9647,0,1,0,0,Public
9648,0,0,1,0,Public
9649,0,1,0,0,Public
9650,0,1,0,0,Public
9651,0,0,0,1,Public
9652,0,0,1,0,Public
9653,0,0,1,0,Public
9654,0,0,0,1,Public
9655,1,0,0,0,Public
9656,0,1,0,0,Public
9657,0,0,1,0,Public
9658,0,0,1,0,Public
9659,0,1,0,0,Public
9660,1,0,0,0,Public
9661,0,0,0,1,Public
9662,0,1,0,0,Public
9663,0,1,0,0,Public
9664,0,0,1,0,Public
9665,0,0,1,0,Public
9666,0,1,0,0,Public
9667,0,0,1,0,Public
9668,0,0,0,1,Public
9669,0,0,0,1,Public
9670,0,1,0,0,Public
9671,0,0,0,1,Public
9672,0,1,0,0,Public
9673,0,1,0,0,Public
9674,0,0,1,0,Public
9675,0,1,0,0,Public
9676,0,0,1,0,Public
9677,0,1,0,0,Public
9678,0,0,1,0,Public
9679,1,0,0,0,Public
9680,0,0,1,0,Public
9681,0,0,0,1,Public
9682,0,0,1,0,Public
9683,1,0,0,0,Public
9684,0,0,0,1,Public
9685,1,0,0,0,Public
9686,0,0,1,0,Public
9687,0,0,0,1,Public
9688,0,0,0,1,Public
9689,0,0,0,1,Public
9690,0,0,0,1,Public
9691,0,0,0,1,Public
9692,0,0,1,0,Public
9693,0,1,0,0,Public
9694,0,0,1,0,Public
9695,0,0,1,0,Public
9696,0,0,0,1,Public
9697,0,0,1,0,Public
9698,0,0,0,1,Public
9699,0,0,1,0,Public
9700,0,0,0,1,Public
9701,1,0,0,0,Public
9702,1,0,0,0,Public
9703,0,0,0,1,Public
9704,0,0,0,1,Public
9705,0,0,0,1,Public
9706,0,0,1,0,Public
9707,0,0,1,0,Public
9708,0,1,0,0,Public
9709,1,0,0,0,Public
9710,0,0,0,1,Public
9711,0,1,0,0,Public
9712,0,1,0,0,Public
9713,0,0,1,0,Public
9714,0,1,0,0,Public
9715,0,0,1,0,Public
9716,0,0,0,1,Public
9717,0,0,0,1,Public
9718,0,1,0,0,Public
9719,0,0,1,0,Public
9720,0,1,0,0,Public
9721,0,1,0,0,Public
9722,0,1,0,0,Public
9723,1,0,0,0,Public
9724,0,1,0,0,Public
9725,0,0,0,1,Public
9726,0,0,1,0,Public
9727,0,1,0,0,Public
9728,1,0,0,0,Public
9729,0,1,0,0,Public
9730,0,1,0,0,Public
9731,0,1,0,0,Public
9732,0,0,0,1,Public
9733,0,1,0,0,Public
9734,0,1,0,0,Public
9735,1,0,0,0,Public
9736,0,0,1,0,Public
9737,0,0,0,1,Public
9738,0,1,0,0,Public
9739,0,0,0,1,Public
9740,0,1,0,0,Public
9741,0,0,0,1,Public
9742,0,0,0,1,Public
9743,0,0,0,1,Public
9744,0,1,0,0,Public
9745,1,0,0,0,Public
9746,0,0,0,1,Public
9747,0,0,0,1,Public
9748,0,1,0,0,Public
9749,0,1,0,0,Public
9750,0,0,1,0,Public
9751,0,0,0,1,Public
9752,0,1,0,0,Public
9753,0,0,1,0,Public
9754,0,0,0,1,Public
9755,0,0,0,1,Public
9756,0,0,1,0,Public
9757,0,0,1,0,Public
9758,0,1,0,0,Public
9759,0,1,0,0,Public
9760,0,1,0,0,Public
9761,0,0,0,1,Public
9762,0,1,0,0,Public
9763,0,0,1,0,Public
9764,0,0,0,1,Public
9765,1,0,0,0,Public
9766,0,0,1,0,Public
9767,0,0,1,0,Public
9768,0,0,0,1,Public
9769,1,0,0,0,Public
9770,0,0,0,1,Public
9771,0,1,0,0,Public
9772,0,0,0,1,Public
9773,0,0,1,0,Public
9774,0,1,0,0,Public
9775,0,0,0,1,Public
9776,0,0,0,1,Public
9777,0,0,1,0,Public
9778,0,0,0,1,Public
9779,0,0,1,0,Public
9780,0,0,0,1,Public
9781,1,0,0,0,Public
9782,0,1,0,0,Public
9783,0,0,0,1,Public
9784,0,0,1,0,Public
9785,0,1,0,0,Public
9786,0,0,0,1,Public
9787,0,1,0,0,Public
9788,0,0,0,1,Public
9789,0,0,1,0,Public
9790,0,1,0,0,Public
9791,0,1,0,0,Public
9792,1,0,0,0,Public
9793,0,1,0,0,Public
9794,0,0,0,1,Public
9795,0,1,0,0,Public
9796,0,0,0,1,Public
9797,0,0,1,0,Public
9798,0,0,0,1,Public
9799,0,0,1,0,Public
9800,0,0,0,1,Public
9801,0,0,0,1,Public
9802,0,1,0,0,Public
9803,0,0,0,1,Public
9804,0,0,0,1,Public
9805,0,0,1,0,Public
9806,0,0,1,0,Public
9807,0,1,0,0,Public
9808,0,0,0,1,Public
9809,0,0,1,0,Public
9810,0,0,1,0,Public
9811,0,0,0,1,Public
9812,0,1,0,0,Public
9813,0,0,0,1,Public
9814,0,0,0,1,Public
9815,0,0,1,0,Public
9816,0,0,1,0,Public
9817,0,1,0,0,Public
9818,0,0,1,0,Public
9819,1,0,0,0,Public
9820,0,0,0,1,Public
9821,0,0,1,0,Public
9822,0,0,1,0,Public
9823,0,0,0,1,Public
9824,0,0,1,0,Public
9825,0,1,0,0,Public
9826,0,1,0,0,Public
9827,0,0,0,1,Public
9828,0,0,1,0,Public
9829,0,1,0,0,Public
9830,1,0,0,0,Public
9831,0,0,1,0,Public
9832,1,0,0,0,Public
9833,0,1,0,0,Public
9834,0,0,1,0,Public
9835,1,0,0,0,Public
9836,0,0,0,1,Public
9837,0,0,1,0,Public
9838,0,1,0,0,Public
9839,0,0,0,1,Public
9840,0,1,0,0,Public
9841,0,1,0,0,Public
9842,0,0,0,1,Public
9843,0,0,0,1,Public
9844,0,0,1,0,Public
9845,1,0,0,0,Public
9846,0,0,0,1,Public
9847,0,1,0,0,Public
9848,1,0,0,0,Public
9849,0,0,1,0,Public
9850,0,0,0,1,Public
9851,0,0,0,1,Public
9852,0,0,1,0,Public
9853,0,0,0,1,Public
9854,0,0,0,1,Public
9855,0,0,1,0,Public
9856,0,0,0,1,Public
9857,0,0,1,0,Public
9858,0,0,1,0,Public
9859,0,0,0,1,Public
9860,0,0,0,1,Public
9861,0,0,1,0,Public
9862,0,0,0,1,Public
9863,0,0,1,0,Public
9864,1,0,0,0,Public
9865,0,0,0,1,Public
9866,0,0,0,1,Public
9867,0,0,0,1,Public
9868,0,1,0,0,Public
9869,0,1,0,0,Public
9870,0,0,0,1,Public
9871,0,1,0,0,Public
9872,0,0,1,0,Public
9873,0,0,0,1,Public
9874,0,0,0,1,Public
9875,0,1,0,0,Public
9876,0,1,0,0,Public
9877,0,1,0,0,Public
9878,0,0,1,0,Public
9879,0,0,0,1,Public
9880,0,0,0,1,Public
9881,0,0,0,1,Public
9882,0,1,0,0,Public
9883,0,0,1,0,Public
9884,0,1,0,0,Public
9885,0,0,0,1,Public
9886,0,0,0,1,Public
9887,0,0,0,1,Public
9888,0,0,1,0,Public
9889,0,0,1,0,Public
9890,0,0,1,0,Public
9891,0,0,1,0,Public
9892,1,0,0,0,Public
9893,0,0,1,0,Public
9894,1,0,0,0,Public
9895,0,0,1,0,Public
9896,0,0,1,0,Public
9897,0,0,0,1,Public
9898,0,0,1,0,Public
9899,0,1,0,0,Public
9900,0,0,0,1,Public
9901,0,0,1,0,Public
9902,0,1,0,0,Public
9903,1,0,0,0,Public
9904,0,0,1,0,Public
9905,0,0,0,1,Public
9906,0,0,1,0,Public
9907,0,0,0,1,Public
9908,0,1,0,0,Public
9909,0,1,0,0,Public
9910,0,0,0,1,Public
9911,0,0,1,0,Public
9912,0,1,0,0,Public
9913,0,1,0,0,Public
9914,0,0,1,0,Public
9915,0,1,0,0,Public
9916,0,0,1,0,Public
9917,1,0,0,0,Public
9918,0,1,0,0,Public
9919,0,0,0,1,Public
9920,0,1,0,0,Public
9921,0,0,1,0,Public
9922,0,0,0,1,Public
9923,1,0,0,0,Public
9924,0,1,0,0,Public
9925,0,0,0,1,Public
9926,0,0,0,1,Public
9927,0,0,0,1,Public
9928,0,0,0,1,Public
9929,0,0,0,1,Public
9930,0,1,0,0,Public
9931,0,0,1,0,Public
9932,0,0,1,0,Public
9933,0,0,1,0,Public
9934,0,0,1,0,Public
9935,0,0,1,0,Public
9936,0,0,1,0,Public
9937,0,0,1,0,Public
9938,1,0,0,0,Public
9939,0,1,0,0,Public
9940,1,0,0,0,Public
9941,0,1,0,0,Public
9942,0,0,1,0,Public
9943,0,0,0,1,Public
9944,0,0,0,1,Public
9945,0,1,0,0,Public
9946,0,0,0,1,Public
9947,0,0,0,1,Public
9948,0,1,0,0,Public
9949,0,0,0,1,Public
9950,0,0,0,1,Public
9951,0,0,1,0,Public
9952,0,0,0,1,Public
9953,0,0,0,1,Public
9954,0,0,0,1,Public
9955,0,0,0,1,Public
9956,0,0,0,1,Public
9957,0,0,0,1,Public
9958,1,0,0,0,Public
9959,0,0,1,0,Public
9960,0,0,1,0,Public
9961,0,0,0,1,Public
9962,0,0,0,1,Public
9963,0,0,1,0,Public
9964,0,0,1,0,Public
9965,0,0,0,1,Public
9966,0,1,0,0,Public
9967,0,0,0,1,Public
9968,0,1,0,0,Public
9969,0,0,0,1,Public
9970,0,0,1,0,Public
9971,0,0,0,1,Public
9972,0,1,0,0,Public
9973,0,1,0,0,Public
9974,0,0,1,0,Public
9975,0,0,1,0,Public
9976,1,0,0,0,Public
9977,1,0,0,0,Public
9978,0,1,0,0,Public
9979,1,0,0,0,Public
9980,0,0,1,0,Public
9981,0,1,0,0,Public
9982,0,0,1,0,Public
9983,1,0,0,0,Public
9984,0,0,0,1,Public
9985,0,0,1,0,Public
9986,0,0,0,1,Public
9987,0,1,0,0,Public
9988,0,0,1,0,Public
9989,0,0,1,0,Public
9990,0,0,1,0,Public
9991,0,0,0,1,Public
9992,0,0,0,1,Public
9993,0,0,1,0,Public
9994,0,0,1,0,Public
9995,0,0,0,1,Public
9996,0,1,0,0,Public
9997,0,0,1,0,Public
9998,0,0,0,1,Public
9999,1,0,0,0,Public
